Date,Close,High,Low,Open,Volume
2008-01-02,9.822591781616211,10.776625443725194,9.658882474899935,10.776625443725194,19700
2008-01-03,10.042755126953125,10.042755126953125,9.630657014349667,9.86775413084505,9700
2008-01-04,9.687110900878906,9.709692096001033,9.455659034530347,9.596788273851695,4200
2008-01-07,10.082267761230469,10.353235496096602,9.404847347335071,9.410492643069373,2400
2008-01-08,9.816946983337402,10.443560987118213,9.816946983337402,10.28549589266322,8600
2008-01-09,9.766140937805176,9.766140937805176,9.766140937805176,9.766140937805176,1000
2008-01-10,9.879043579101562,10.014527476121604,9.856462391233071,9.873398282134438,1400
2008-01-11,10.070984840393066,10.070984840393066,9.427435710740099,9.681467751888482,3200
2008-01-14,9.681463241577148,10.274206548243331,9.630656641670608,9.884689641203313,14200
2008-01-15,9.845173835754395,9.845173835754395,8.89114008972194,9.737915336362125,4700
2008-01-16,9.856464385986328,10.43227187240127,9.596787133326954,9.613723027655812,2000
2008-01-17,10.093559265136719,10.110495155677233,9.822591476870159,9.822591476870159,1000
2008-01-18,9.608076095581055,10.319367385471942,9.608076095581055,10.319367385471942,2500
2008-01-22,9.596787452697754,10.240336384383708,9.596787452697754,9.608078049292732,500
2008-01-23,9.455657005310059,9.602431511913565,9.032269378206623,9.596786214344537,5600
2008-01-24,9.811306953430176,10.144372136349041,9.111305862285885,9.111305862285885,8700
2008-01-25,9.596787452697754,9.794368586187643,9.596787452697754,9.794368586187643,7800
2008-01-28,9.51210880279541,9.80001251536206,9.51210880279541,9.579850219440267,12700
2008-01-29,9.455657005310059,9.512108904269933,9.455657005310059,9.512108904269933,1800
2008-01-30,9.619370460510254,9.833886452628896,9.59114396369809,9.59114396369809,12600
2008-01-31,9.613723754882812,9.64759446937215,9.596787859272846,9.596787859272846,3100
2008-02-01,9.822591781616211,9.8564624870178,9.709689071367475,9.8564624870178,2600
2008-02-04,9.641949653625488,9.879046820383929,9.641949653625488,9.879046820383929,2000
2008-02-05,9.62501335144043,9.630658650021786,9.62501335144043,9.630658650021786,400
2008-02-06,9.545979499816895,9.64759270139429,9.545979499816895,9.596786100605593,6400
2008-02-07,9.613723754882812,9.862110430112079,9.568562443320165,9.636303872298837,4000
2008-02-08,9.687110900878906,10.161305231137089,9.681465602098376,9.766142930345055,28400
2008-02-11,9.86211109161377,10.020176231050566,9.681465833246385,9.833885673767869,1900
2008-02-12,9.86211109161377,9.86211109161377,9.86211109161377,9.86211109161377,0
2008-02-13,9.963719367980957,10.059687248396655,9.777428903259912,10.048396656175951,2200
2008-02-14,9.879043579101562,9.884688876068685,9.879043579101562,9.884688876068685,200
2008-02-15,9.879043579101562,9.879043579101562,9.879043579101562,9.879043579101562,0
2008-02-19,9.596787452697754,9.879045907188864,9.596787452697754,9.879045907188864,3300
2008-02-20,9.596787452697754,9.596787452697754,9.596787452697754,9.596787452697754,0
2008-02-21,9.670169830322266,9.86775087499865,9.653235019772623,9.653235019772623,4600
2008-02-22,9.766140937805176,9.867754141661786,9.630657024906506,9.777431533062671,25000
2008-02-25,9.935498237609863,9.935498237609863,9.737917095684635,9.737917095684635,4400
2008-02-26,9.709693908691406,9.737919331132787,9.625015487905575,9.737919331132787,1500
2008-02-27,9.545979499816895,9.596786100605593,9.46694748824799,9.596786100605593,2100
2008-02-28,9.517755508422852,9.760497953562359,9.461303601713341,9.591142233433823,4000
2008-02-29,9.670169830322266,9.777428296300315,9.55162184955448,9.55162184955448,2300
2008-03-03,9.579846382141113,9.737911418881987,9.574201086893584,9.574201086893584,2400
2008-03-04,9.596787452697754,9.687110071996464,9.512110131696533,9.562916739643377,7000
2008-03-05,9.709693908691406,9.737919331132787,9.704048608856962,9.704048608856962,1900
2008-03-06,9.438720703125,9.602431095333381,9.438720703125,9.596785798009261,2100
2008-03-07,9.534687995910645,9.534687995910645,9.534687995910645,9.534687995910645,500
2008-03-10,9.658883094787598,9.935496206235392,9.42743128568372,9.935496206235392,8800
2008-03-11,9.483881950378418,9.483881950378418,9.483881950378418,9.483881950378418,33000
2008-03-12,9.629436492919922,9.629436492919922,9.446778819389175,9.458195128119684,700
2008-03-13,9.606606483459473,9.812095741518313,9.532402634004569,9.63514617431457,4100
2008-03-14,9.452489852905273,9.452489852905273,9.338329996985417,9.452489852905273,11900
2008-03-17,9.332620620727539,9.332620620727539,9.332620620727539,9.332620620727539,200
2008-03-18,9.418241500854492,9.446781191126899,9.418241500854492,9.446781191126899,400
2008-03-19,9.46390438079834,9.589480525250023,9.46390438079834,9.589480525250023,400
2008-03-20,9.315497398376465,9.46961434745065,9.247001702378688,9.46961434745065,5800
2008-03-24,9.372574806213379,9.475319405334114,9.326910660906286,9.326910660906286,3300
2008-03-25,9.372574806213379,9.372574806213379,9.372574806213379,9.372574806213379,0
2008-03-26,9.469613075256348,9.469613075256348,9.361160300990578,9.418240765799894,600
2008-03-27,9.469613075256348,9.469613075256348,9.418240765799894,9.441073387211345,2100
2008-03-28,9.309788703918457,9.418241486483025,9.309788703918457,9.418241486483025,14800
2008-03-31,9.309788703918457,9.309788703918457,9.309788703918457,9.309788703918457,0
2008-04-01,9.560941696166992,9.560941696166992,9.41824107383614,9.41824107383614,1400
2008-04-02,9.526692390441895,9.526692390441895,9.41823962926355,9.423947783927586,2100
2008-04-03,9.526692390441895,9.526692390441895,9.41823962926355,9.41823962926355,500
2008-04-04,9.58377742767334,9.58377742767334,9.58377742767334,9.58377742767334,100
2008-04-07,9.418241500854492,9.560942129655318,9.418241500854492,9.555233973856957,2800
2008-04-08,9.543816566467285,9.543816566467285,9.258415341634562,9.258415341634562,600
2008-04-09,9.418241500854492,9.423949656652853,9.366869187388644,9.366869187388644,2200
2008-04-10,9.475321769714355,9.589481617108882,9.475321769714355,9.572358238795358,3900
2008-04-11,9.55523681640625,9.55523681640625,9.418244302650429,9.418244302650429,1000
2008-04-14,9.40682601928711,9.423950488193201,9.40682601928711,9.423950488193201,300
2008-04-15,9.389700889587402,9.389700889587402,9.366868268633512,9.366868268633512,300
2008-04-16,9.532398223876953,9.532398223876951,9.3896976581825,9.532398223876951,500
2008-04-17,9.389700889587402,9.395407956106585,9.389700889587402,9.395407956106585,300
2008-04-18,9.532398223876953,9.532398223876951,9.406821029285728,9.406821029285728,2100
2008-04-21,9.44678020477295,9.532401444089107,9.44678020477295,9.532401444089107,600
2008-04-22,9.366868019104004,9.532401250452104,9.366868019104004,9.526693095365694,800
2008-04-23,9.389700889587402,9.389700889587402,9.366868268633512,9.366868268633512,2500
2008-04-24,9.258415222167969,9.378284301184994,9.258415222167969,9.378284301184994,1100
2008-04-25,9.355453491210938,9.355453491210938,9.13854900020184,9.247001790066122,2200
2008-04-28,9.389700889587402,9.389700889587402,9.132839347452583,9.132839347452583,300
2008-04-29,9.167088508605957,9.167088508605957,9.138548817028209,9.149965129147086,1100
2008-04-30,9.321203231811523,9.372575535368483,9.052925948991613,9.132838481675728,1600
2008-05-01,9.389700889587402,9.389700889587402,9.132839347452583,9.132839347452583,500
2008-05-02,9.389700889587402,9.389700889587402,8.990138732648637,8.990138732648637,400
2008-05-05,9.07575511932373,9.389696994906425,8.927346955198049,9.389696994906425,4600
2008-05-06,9.332620620727539,9.38399293022683,9.189920002944914,9.36116030879634,5400
2008-05-07,9.332620620727539,9.332620620727539,9.241292312444203,9.241292312444203,2300
2008-05-08,9.355453491210938,9.36116164738479,9.309789330539576,9.309789330539576,7000
2008-05-09,9.458197593688965,9.463905749542224,8.710446596422484,9.167088177489173,5200
2008-05-12,9.458197593688965,9.458197593688963,9.458197593688963,9.458197593688963,0
2008-05-13,9.469613075256348,9.469613075256348,9.463904919903484,9.463904919903484,600
2008-05-14,9.172797203063965,9.618023603357818,9.132841197022115,9.612315446963336,2800
2008-05-15,9.755013465881348,10.108910357359846,9.755013465881348,9.82921730160451,1300
2008-05-16,9.07575511932373,9.138543712184036,8.990135003698937,9.138543712184036,7900
2008-05-19,9.195625305175781,9.195625305175781,9.075756257296103,9.075756257296103,1000
2008-05-20,9.132841110229492,9.132841110229492,8.990140467882156,9.01297254888334,2300
2008-05-21,9.132841110229492,9.132841110229492,9.127132953889259,9.127132953889259,3000
2008-05-22,8.995848655700684,9.13284114218715,8.995848655700684,9.13284114218715,300
2008-05-23,8.995848655700684,8.995848655700684,8.995848655700684,8.995848655700684,0
2008-05-27,8.818899154663086,8.961599789995368,8.790358918724685,8.961599789995368,800
2008-05-28,8.790356636047363,8.796064790624696,8.790356636047363,8.796064790624696,1000
2008-05-29,8.704734802246094,8.704734802246094,8.390793438211224,8.562034231717469,6800
2008-05-30,9.115714073181152,9.115714073181152,8.390794796273921,8.390794796273921,11900
2008-06-02,9.127132415771484,9.155673195789944,9.127132415771484,9.155673195789944,800
2008-06-03,9.127132415771484,9.127132415771484,9.127132415771484,9.127132415771484,0
2008-06-04,8.562033653259277,8.579157568145153,8.562033653259277,8.579157568145153,1800
2008-06-05,8.967306137084961,9.01867844253883,8.967306137084961,9.001554522174079,1400
2008-06-06,8.61911678314209,8.641948858229688,8.59057655319269,8.59057655319269,2300
2008-06-09,8.61911678314209,8.64765646873188,8.61911678314209,8.64765646873188,1800
2008-06-10,8.61911678314209,8.704736928630679,8.61911678314209,8.61911678314209,500
2008-06-11,8.708691596984863,8.778037450745328,8.558442522726452,8.66823998673589,2800
2008-06-12,8.37929630279541,8.483315329806546,8.37929630279541,8.408190538199804,1800
2008-06-13,8.593111038208008,8.593111038208008,8.263718253603757,8.26949720974703,1300
2008-06-16,8.61044979095459,8.61044979095459,8.61044979095459,8.61044979095459,300
2008-06-17,8.30417537689209,8.385079163463834,8.30417537689209,8.385079163463834,1100
2008-06-18,8.09035587310791,8.367739238509394,8.09035587310791,8.09035587310791,3100
2008-06-19,8.09035587310791,8.09035587310791,8.09035587310791,8.09035587310791,0
2008-06-20,8.084576606750488,8.090355564420463,7.4373482277302605,7.945884929341527,5100
2008-06-23,8.09035587310791,8.09035587310791,7.945885232516697,7.945885232516697,700
2008-06-24,7.801416397094727,8.08457878590761,7.5471482533082765,7.5471482533082765,600
2008-06-25,7.801416397094727,7.801416397094727,7.801416397094727,7.801416397094727,2300
2008-06-26,7.506694316864014,7.801414554523963,6.934590715132412,7.801414554523963,11100
2008-06-27,7.506694316864014,7.506694316864015,7.368002634828187,7.368002634828187,1100
2008-06-30,7.454687118530273,7.454687118530273,7.448908709980784,7.448908709980784,900
2008-07-01,7.454687118530273,7.454687118530273,7.454687118530273,7.454687118530273,0
2008-07-02,6.934587001800537,7.107951787067843,6.784337484494776,6.934587001800537,3200
2008-07-03,6.934587001800537,6.934587001800537,6.934587001800537,6.934587001800537,300
2008-07-07,6.934587001800537,7.22352812687556,6.674540099455309,6.674540099455309,800
2008-07-08,6.871026039123535,6.8768044477307155,6.790122256391764,6.790122256391764,1900
2008-07-09,6.923034191131592,6.923034191131592,6.501180102356802,6.524295387342929,1100
2008-07-10,6.478065490722656,6.923034910735197,6.478065490722657,6.923034910735197,1700
2008-07-11,6.928811550140381,6.969263702858708,6.200679414551373,6.478063321442693,11200
2008-07-14,6.928811550140381,6.928811550140382,6.928811550140382,6.928811550140382,0
2008-07-15,6.356705188751221,6.645646333694458,6.033090863925736,6.645646333694458,500
2008-07-16,6.4838409423828125,6.645647866561757,6.350927698473532,6.356706654972115,8100
2008-07-17,6.7381086349487305,6.842127642364716,6.558965401189644,6.6456475399618995,1800
2008-07-18,6.7034382820129395,6.7034382820129395,6.697659323830965,6.697659323830965,700
2008-07-21,6.934587001800537,7.22352812687556,6.894135420645702,6.894135420645702,2800
2008-07-22,6.79011869430542,6.9345893048225555,6.72655182407807,6.9345893048225555,3000
2008-07-23,6.917255401611328,6.917255401611328,6.6456504046742,6.6456504046742,10400
2008-07-24,6.917255401611328,6.917255401611328,6.917255401611328,6.917255401611328,0
2008-07-25,6.928811550140381,6.928811550140382,6.859465711195486,6.923032592450372,1800
2008-07-28,7.223532199859619,7.22353219985962,6.934590911865235,6.934590911865235,300
2008-07-29,7.425792217254639,7.454685908648475,7.079062409410219,7.079062409410219,144100
2008-07-30,7.454687118530273,7.454687118530273,7.339110680861573,7.454687118530273,4400
2008-07-31,7.408454895019531,7.454685459800323,7.40845489501953,7.454685459800323,1100
2008-08-01,7.5124735832214355,7.512473583221436,7.512473583221436,7.512473583221436,300
2008-08-04,7.5124735832214355,7.512473583221436,7.443127739355883,7.512473583221436,2600
2008-08-05,7.495134353637695,7.51247067010362,7.437345897269196,7.51247067010362,4800
2008-08-06,7.362224102020264,7.425791539957206,7.223532411977132,7.368003060216675,5000
2008-08-07,7.368001461029053,7.368001461029052,7.079060227263207,7.079060227263207,2400
2008-08-08,7.506694316864014,7.506694316864015,7.136849831435142,7.136849831435142,6200
2008-08-11,6.622535228729248,6.969265041147011,6.356709186172122,6.969265041147011,21100
2008-08-12,6.587862491607666,6.738112124324837,6.587862491607667,6.714996838607725,1400
2008-08-13,6.576303482055664,6.7612257216133616,6.41449652244268,6.645649321889801,4400
2008-08-14,6.645649433135986,6.847908549371784,6.593639914611824,6.6629857556067895,2500
2008-08-15,6.830571174621582,6.836350132058425,6.732331102642108,6.732331102642108,600
2008-08-18,6.645649433135986,6.8710238297034385,6.645649433135986,6.8710238297034385,1600
2008-08-19,6.645649433135986,6.645649433135986,6.645649433135986,6.645649433135986,0
2008-08-20,7.021273136138916,7.021273136138917,6.8421298447169905,6.871024083978784,2400
2008-08-21,7.021273136138916,7.021273136138917,7.021273136138917,7.021273136138917,0
2008-08-22,7.368001461029053,7.368001461029052,7.368001461029052,7.368001461029052,100
2008-08-25,7.368001461029053,7.368001461029052,7.269761397459732,7.3448861843722515,2100
2008-08-26,7.113735675811768,7.113735675811768,7.113735675811768,7.113735675811768,500
2008-08-27,7.200414657592773,7.281318391223828,7.200414657592773,7.275539435011982,700
2008-08-28,7.1079559326171875,7.281320818995515,6.547409668734914,6.547409668734914,1500
2008-08-29,7.1079559326171875,7.107955932617187,7.1021769744784935,7.107955932617187,2400
2008-09-02,7.362224102020264,7.362224102020265,6.882581593953925,7.07906176373759,700
2008-09-03,7.362224102020264,7.362224102020265,7.362224102020265,7.362224102020265,0
2008-09-04,7.223532199859619,7.368002843856812,7.22353219985962,7.368002843856812,1300
2008-09-05,7.079062461853027,7.0790624618530265,6.8132364208328475,6.917255474179131,500
2008-09-08,7.298657417297363,7.477800717452333,7.079061959759173,7.33333006521235,4800
2008-09-09,7.298657417297363,7.298657417297363,7.298657417297363,7.298657417297363,0
2008-09-10,7.154968738555908,7.330910707394189,7.066998033788819,7.102186091974015,3300
2008-09-11,7.154968738555908,7.154968738555908,7.154968738555908,7.154968738555908,0
2008-09-12,7.090458869934082,7.213618225961632,6.979028683416452,7.213618225961632,1400
2008-09-15,7.090458869934082,7.090458869934082,7.090458869934082,7.090458869934082,0
2008-09-16,6.9790263175964355,6.979026317596435,6.979026317596435,6.979026317596435,500
2008-09-17,6.480524063110352,6.480524063110352,6.480524063110352,6.480524063110352,200
2008-09-18,7.020082950592041,7.020082950592041,6.5098514361907185,6.5098514361907185,5100
2008-09-19,7.565502643585205,7.594826409970515,7.477531903733597,7.588961544832588,1500
2008-09-22,7.624149799346924,7.624149799346923,7.4482077690395965,7.5948260344116525,11900
2008-09-23,7.624149799346924,7.77076806471898,7.565502269476382,7.624149799346923,44900
2008-09-24,7.624149799346924,7.624149799346923,7.424748868952239,7.424748868952239,400
2008-09-25,7.888064384460449,7.888064384460449,7.888064384460449,7.888064384460449,100
2008-09-26,7.888064384460449,7.888064384460449,7.888064384460449,7.888064384460449,0
2008-09-29,7.858737945556641,7.858737945556641,7.858737945556641,7.858737945556641,100
2008-09-30,7.506855487823486,7.506855487823486,7.18429518402673,7.336778318084005,1400
2008-10-01,7.254671096801758,7.254671096801758,6.773763405575966,7.160835504299579,5000
2008-10-02,6.433608055114746,6.756168271276422,5.894052926812636,6.744438544472214,8800
2008-10-03,6.451200485229492,6.451200485229492,6.433606458693083,6.451200485229492,1300
2008-10-06,6.081726551055908,6.081726551055908,5.899920186191777,5.899920186191777,1300
2008-10-07,6.157965183258057,6.157965183258057,6.157965183258057,6.157965183258057,1000
2008-10-08,6.011346817016602,6.011346817016602,6.011346817016602,6.011346817016602,900
2008-10-09,6.011346817016602,6.011346817016602,6.011346817016602,6.011346817016602,2500
2008-10-10,5.729841709136963,5.729841709136963,5.424875468393653,5.624276385909777,14200
2008-10-13,5.917512893676758,5.96443069078921,5.671194179184251,5.671194179184251,2300
2008-10-14,5.917512893676758,5.917512893676758,5.917512893676758,5.917512893676758,0
2008-10-15,6.451200485229492,6.6506013169888645,6.451200485229492,6.550900901109179,3500
2008-10-16,6.333905220031738,6.333905220031737,6.333905220031737,6.333905220031737,100
2008-10-17,6.304581642150879,6.333905389556559,6.304581642150879,6.333905389556559,6000
2008-10-20,6.157965183258057,6.322177431539785,6.157965183258057,6.157965183258057,1900
2008-10-21,6.1638312339782715,6.333908378012013,6.075859950254747,6.328043513902933,5700
2008-10-22,6.1638312339782715,6.163831233978271,6.163831233978271,6.163831233978271,0
2008-10-23,5.935107231140137,6.286991286774302,5.935107231140137,6.286991286774302,2000
2008-10-24,5.735705375671387,5.952700303129763,5.735705375671387,5.952700303129763,7200
2008-10-27,5.782625675201416,5.788490541560801,5.735707862935215,5.735707862935215,2500
2008-10-28,5.759163856506348,6.005482525986235,5.60081646001451,6.005482525986235,1100
2008-10-29,5.864730358123779,5.864730358123779,5.864730358123779,5.864730358123779,2000
2008-10-30,5.712249279022217,5.835408682994356,5.577360700974122,5.806084908847757,1200
2008-10-31,5.9820237159729,5.9820237159729,5.9820237159729,5.9820237159729,900
2008-11-03,6.26353120803833,6.263531208038329,6.193154522019315,6.193154522019315,1300
2008-11-04,6.333905220031738,6.333905220031737,6.099315806368964,6.099315806368964,4700
2008-11-05,6.333905220031738,6.333905220031737,6.333905220031737,6.333905220031737,0
2008-11-06,5.864730358123779,5.882324392592955,5.864730358123779,5.882324392592955,400
2008-11-07,6.011346817016602,6.011346817016602,6.011346817016602,6.011346817016602,1500
2008-11-10,6.011346817016602,6.011346817016602,6.011346817016602,6.011346817016602,0
2008-11-11,6.157965183258057,6.157965183258057,6.157965183258057,6.157965183258057,400
2008-11-12,5.806083679199219,5.882325252111673,5.806083679199219,5.864731215071677,3100
2008-11-13,5.4893879890441895,5.571494424010749,4.985021326746459,5.571494424010749,2800
2008-11-14,5.987893104553223,5.987893104553223,5.061265228646655,5.061265228646655,6100
2008-11-17,5.641871452331543,6.099320337843732,5.583224474822185,5.929243152249176,45000
2008-11-18,5.940969944000244,6.040670371673518,5.342767377960598,5.630139495003375,2300
2008-11-19,5.266528606414795,5.395552855723117,4.990886629248244,5.395552855723117,3900
2008-11-20,4.861860275268555,4.961560712123733,4.838401381849932,4.914642925286488,1000
2008-11-21,5.1609625816345215,5.1609625816345215,4.809078553155527,4.809078553155527,1200
2008-11-24,5.237204074859619,5.237204074859619,5.237204074859619,5.237204074859619,200
2008-11-25,5.419011116027832,5.419011116027832,5.1902869731598935,5.1902869731598935,3400
2008-11-26,5.419011116027832,5.419011116027832,5.301716612082183,5.301716612082183,500
2008-11-28,5.829538345336914,5.829538345336914,5.419007570477236,5.419007570477236,2100
2008-12-01,5.858863353729248,5.858863353729249,5.858863353729249,5.858863353729249,700
2008-12-02,5.853002548217773,5.864732281246404,5.853002548217773,5.858867414732089,900
2008-12-03,5.83540678024292,5.864730544827918,5.83540678024292,5.864730544827918,400
2008-12-04,5.571492671966553,5.571492671966553,5.571492671966553,5.571492671966553,700
2008-12-05,5.219608306884766,5.424874034619022,4.832536303092499,5.424874034619022,6800
2008-12-08,5.266528606414795,5.266528606414795,5.266528606414795,5.266528606414795,1100
2008-12-09,5.248931884765625,5.248931884765625,4.820806973618484,4.844265865197723,900
2008-12-10,4.922560691833496,4.940526081309435,4.922560691833496,4.940526081309435,2900
2008-12-11,5.221985340118408,5.281870148601996,4.551271430226145,4.551271430226145,1000
2008-12-12,5.377686023712158,5.377686023712158,4.563248215384029,4.5931909036473355,9300
2008-12-15,5.814846992492676,5.814846992492675,5.814846992492675,5.814846992492675,100
2008-12-16,5.34175443649292,5.419605185609491,5.048317392898357,5.37768520001799,10800
2008-12-17,5.689089298248291,5.832813522400963,5.689089298248291,5.820836789276224,1300
2008-12-18,5.689089298248291,5.689089298248291,5.671123913006532,5.689089298248291,1100
2008-12-19,4.84470796585083,5.389662653925861,4.84470796585083,5.389662653925861,5200
2008-12-22,5.892698287963867,5.8986869394575105,5.4016402876699585,5.4016402876699585,7200
2008-12-23,5.892698287963867,5.892698287963867,5.892698287963867,5.892698287963867,0
2008-12-24,5.952580451965332,5.988511773896667,5.802867657617916,5.802867657617916,2300
2008-12-26,5.952580451965332,5.952580451965332,5.952580451965332,5.952580451965332,0
2008-12-29,5.090237140655518,6.0424110030497316,5.090237140655518,5.1740765462185765,9000
2008-12-30,5.539375305175781,5.5693179886147846,4.790811074746622,4.838719139805353,3100
2008-12-31,5.778916835784912,5.9825264403062075,5.120180518279355,5.964561054939418,2300
2009-01-02,5.778916835784912,5.778916835784912,5.778916835784912,5.778916835784912,0
2009-01-05,5.533386707305908,5.533386707305908,5.533386707305908,5.533386707305908,700
2009-01-06,5.533386707305908,5.533386707305908,5.533386707305908,5.533386707305908,0
2009-01-07,5.778916835784912,5.778916835784912,5.778916835784912,5.778916835784912,800
2009-01-08,5.778916835784912,5.778916835784912,5.778916835784912,5.778916835784912,0
2009-01-09,5.671125411987305,5.671125411987305,5.671125411987305,5.671125411987305,300
2009-01-12,4.940524578094482,5.826824470698987,4.850697086936469,5.826824470698987,3700
2009-01-13,5.467514514923096,5.467514514923096,5.0962266363848245,5.0962266363848245,400
2009-01-14,4.982443332672119,5.778915627790835,4.982443332672119,5.3597197731666455,3700
2009-01-15,4.98843240737915,4.98843240737915,4.946512989688157,4.982443755963514,2900
2009-01-16,4.886627674102783,5.5753071748936085,4.886627674102783,4.976455733045538,1000
2009-01-20,4.976456165313721,4.976456165313721,4.922559439488303,4.9644788613039434,1900
2009-01-21,5.389662742614746,5.389662742614746,5.120179719705852,5.120179719705852,900
2009-01-22,4.922560691833496,5.778918157572717,4.922560691833496,5.778918157572717,4500
2009-01-23,5.281870365142822,5.281870365142822,4.3955703659319045,4.880639790305376,3300
2009-01-26,5.281870365142822,5.281870365142822,5.281870365142822,5.281870365142822,0
2009-01-27,5.281870365142822,5.281870365142822,5.281870365142822,5.281870365142822,0
2009-01-28,5.3657121658325195,5.371700820915548,5.090240314218656,5.108205708358156,900
2009-01-29,4.617142677307129,5.4914654336814035,4.617142677307129,5.4914654336814035,6500
2009-01-30,4.832730770111084,4.832730770111084,4.79081135352271,4.79081135352271,1300
2009-02-02,4.832730770111084,4.832730770111084,4.832730770111084,4.832730770111084,0
2009-02-03,4.862675189971924,4.862675189971924,4.4674332036876905,4.4674332036876905,500
2009-02-04,4.862675189971924,4.862675189971924,4.862675189971924,4.862675189971924,0
2009-02-05,4.862675189971924,4.862675189971924,4.862675189971924,4.862675189971924,0
2009-02-06,4.862675189971924,4.862675189971924,4.862675189971924,4.862675189971924,0
2009-02-09,5.269893169403076,5.389663351889885,5.269893169403076,5.383674699988225,1900
2009-02-10,4.066202163696289,4.790812590916835,4.04224812358608,4.790812590916835,17000
2009-02-11,4.647087574005127,4.671041610114049,3.952419670182469,4.191960316826329,11500
2009-02-12,5.34175443649292,5.34175443649292,5.34175443649292,5.34175443649292,1000
2009-02-13,5.204019546508789,5.204019546508789,3.9464316756676543,3.9464316756676543,3800
2009-02-17,4.054224967956543,4.054224967956543,4.036259295875064,4.036259295875064,1100
2009-02-18,4.054224967956543,4.054224967956543,4.054224967956543,4.054224967956543,0
2009-02-19,4.054224967956543,4.054224967956543,4.054224967956543,4.054224967956543,0
2009-02-20,4.054224967956543,4.054224967956543,4.054224967956543,4.054224967956543,0
2009-02-23,3.8925352096557617,3.8925352096557617,3.814684436929523,3.8865465568823523,900
2009-02-24,3.623051881790161,3.8925349568915575,3.6230518817901607,3.8925349568915575,3400
2009-02-25,3.8086960315704346,3.8086960315704346,3.443396497136315,3.443396497136315,700
2009-02-26,3.4972927570343018,3.4972927570343018,2.8445445482653904,3.1439702901880633,8900
2009-02-27,3.748811721801758,3.868581945750325,3.443397222400803,3.856604923355468,2400
2009-03-02,3.509269952774048,3.8925348418637955,3.1200164114767377,3.5931090847973497,4000
2009-03-03,3.838637351989746,3.838637351989746,3.293682673716021,3.293682673716021,3600
2009-03-04,3.6649715900421143,3.6649715900421143,3.3715344537910643,3.4194425343582004,1100
2009-03-05,3.652994155883789,3.652994155883789,3.5990977141315224,3.617063099530727,2800
2009-03-06,3.58712100982666,3.5871210098266597,3.275718183789029,3.371534635646169,5800
2009-03-09,3.5931081771850586,3.5931081771850586,3.587119526490217,3.587119526490217,300
2009-03-10,3.3954882621765137,3.3954882621765137,3.0242003775839867,3.2817064358230623,1800
2009-03-11,3.6576168537139893,3.6576168537139893,3.066302256929987,3.63932864154566,13500
2009-03-12,3.6576168537139893,3.6576168537139893,3.6576168537139893,3.6576168537139893,0
2009-03-13,3.6576168537139893,3.6576168537139893,3.51131231909244,3.51131231909244,4800
2009-03-16,3.956322193145752,3.956322193145752,3.816113822505675,3.956322193145752,900
2009-03-17,4.2062602043151855,4.248932222660664,3.9624189782844907,3.9624189782844907,1900
2009-03-18,4.322084426879883,4.5659253415202805,4.261123907538484,4.261123907538484,1300
2009-03-19,4.322084426879883,4.322084426879883,4.322084426879883,4.322084426879883,0
2009-03-20,4.322084426879883,4.322084426879883,4.322084426879883,4.322084426879883,0
2009-03-23,4.2672200202941895,4.572021450315202,4.230643883573423,4.56592528218776,2100
2009-03-24,4.718326568603516,4.724422737469225,4.7000386433690515,4.718326568603516,1000
2009-03-25,4.754903793334961,5.077993239379424,4.693943257237776,4.7853837707021745,1200
2009-03-26,4.620790004730225,4.724422545792095,4.18797191599025,4.18797191599025,1400
2009-03-27,4.096529960632324,4.3769472220899095,3.9624174963479737,4.127010211492102,5900
2009-03-30,4.096529960632324,4.096529960632324,4.096529960632324,4.096529960632324,0
2009-03-31,4.1148200035095215,4.1148200035095215,3.968515431800673,4.023379500850819,3300
2009-04-01,4.1148200035095215,4.535446083194478,4.1148200035095215,4.1148200035095215,1300
2009-04-02,4.529348373413086,4.54154041690847,4.492772242926935,4.523252497006017,5900
2009-04-03,4.248930931091309,4.541540255245919,3.8648814293168865,4.425715991503326,9400
2009-04-06,4.29770040512085,4.29770040512085,4.133107639728379,4.133107639728379,500
2009-04-07,4.3891401290893555,4.3891401290893555,4.114818980026748,4.120915147672317,2300
2009-04-08,4.120913982391357,4.120913982391357,4.120913982391357,4.120913982391357,100
2009-04-09,4.322084426879883,4.55982946399492,4.273316243951803,4.492773067128161,7300
2009-04-13,4.693941593170166,4.8158623314605595,4.145299288247861,4.145299288247861,2300
2009-04-14,4.693941593170166,4.693941593170166,4.693941593170166,4.693941593170166,100
2009-04-15,4.553734302520752,4.785383513323076,4.541542254093333,4.547638423647724,9000
2009-04-16,4.773190021514893,4.876822547150852,4.62688548462738,4.62688548462738,1500
2009-04-17,5.120662212371826,5.132854544866062,4.626884373603514,4.809765000798962,5900
2009-04-20,4.547636032104492,4.901205541243353,4.547636032104492,4.901205541243353,2200
2009-04-21,4.596405506134033,4.858534629292093,4.596405506134033,4.821958492852454,1600
2009-04-22,4.736612796783447,4.986550092445174,4.492771667429151,4.986550092445174,5800
2009-04-23,4.736612796783447,4.736612796783447,4.736612796783447,4.736612796783447,0
2009-04-24,4.974358558654785,4.974358558654785,4.974358558654785,4.974358558654785,200
2009-04-27,4.773190021514893,4.925590726113357,4.529348836021095,4.925590726113357,1700
2009-04-28,4.620790004730225,4.882919441694088,4.303796503607556,4.87682327307571,5900
2009-04-29,4.9133992195129395,4.9133992195129395,4.450100914672994,4.748806171202993,9200
2009-04-30,4.8768229484558105,4.882919116668404,4.8768229484558105,4.882919116668404,1800
2009-05-01,4.8768229484558105,4.8768229484558105,4.8768229484558105,4.8768229484558105,600
2009-05-04,4.8768229484558105,4.8768229484558105,4.8768229484558105,4.8768229484558105,0
2009-05-05,4.8768229484558105,5.206008474222074,4.8768229484558105,4.8768229484558105,4700
2009-05-06,4.925591945648193,4.98655247512591,4.882919923831409,4.98655247512591,4900
2009-05-07,5.047510147094727,5.047510147094727,5.029222229043323,5.029222229043323,2700
2009-05-08,5.090184688568115,5.120664369921242,5.071896182121051,5.071896182121051,700
2009-05-11,5.090184688568115,5.090184688568115,5.090184688568115,5.090184688568115,0
2009-05-12,5.090184688568115,5.090184688568115,5.090184688568115,5.090184688568115,0
2009-05-13,5.090184688568115,5.090184688568115,5.090184688568115,5.090184688568115,0
2009-05-14,5.138952255249023,5.138952255249023,5.090184073343198,5.090184073343198,1600
2009-05-15,5.077991485595703,5.2547762815861425,5.0597035636277425,5.242584527395021,3500
2009-05-18,4.882918357849121,5.077991059436473,4.876822190583889,5.059703139003286,34000
2009-05-19,4.901205539703369,4.9865501244682315,4.858533247320938,4.864629413667519,1900
2009-05-20,4.736612796783447,4.736612796783447,4.736612796783447,4.736612796783447,300
2009-05-21,4.968264102935791,5.0779928264426015,4.90730415315856,5.0292246340757325,9000
2009-05-22,4.809767723083496,4.87682413634908,4.663463138520082,4.663463138520082,2800
2009-05-26,4.730518341064453,4.736614218520408,4.730518341064453,4.736614218520408,200
2009-05-27,4.724421501159668,4.754901756149329,4.724421501159668,4.730517668430102,4700
2009-05-28,4.632980823516846,4.870725813684612,4.632980823516846,4.724421293790984,12800
2009-05-29,5.242584228515625,5.242584228515625,4.267219531603989,4.291603619958654,5100
2009-06-01,4.456196308135986,5.236487998151021,4.376947876595151,4.376947876595151,3100
2009-06-02,4.608597278594971,4.925590732974055,4.322084081450544,4.322084081450544,1000
2009-06-03,4.608597278594971,4.608597278594971,4.608597278594971,4.608597278594971,0
2009-06-04,4.480582237243652,4.809767852017055,4.419621992041425,4.809767852017055,300
2009-06-05,4.596405506134033,4.828054660933041,4.419620701335131,4.419620701335131,3100
2009-06-08,5.090184688568115,5.090184688568115,4.529349656821941,5.090184688568115,4000
2009-06-09,4.724421501159668,5.05970314332092,4.63298102687194,4.956070625173579,4000
2009-06-10,4.577166557312012,4.748963528794384,4.23357232177849,4.466725647073344,6900
2009-06-11,4.331742286682129,4.331742286682129,4.331742286682129,4.331742286682129,200
2009-06-12,4.202895164489746,4.3072006401928205,4.172217272709862,4.294929424967097,6600
2009-06-15,4.09245491027832,4.601710865967725,4.0495055035378185,4.601710865967725,5100
2009-06-16,4.17221736907959,4.478998049377535,4.092454321985599,4.478998049377535,3300
2009-06-17,4.018826961517334,4.478997974245173,3.7059105324293555,4.478997974245173,2600
2009-06-18,3.8899781703948975,4.442183026102582,3.8592999928250107,4.239707873333927,7900
2009-06-19,4.110860347747803,4.110860347747803,3.9881482120954663,3.9881482120954663,1300
2009-06-22,3.6813669204711914,4.356284130710492,3.6813669204711914,4.3010638258501785,2000
2009-06-23,4.110860347747803,4.123131561313037,3.748859401289005,3.748859401289005,3900
2009-06-24,3.7304530143737793,3.939063969969963,3.7304530143737797,3.8593009231162627,1700
2009-06-25,4.04950475692749,4.067911725727969,3.6322831539946896,3.693639229048213,10600
2009-06-26,3.951335906982422,4.110861737251446,3.914522253843416,3.9820138049804723,7900
2009-06-29,3.9820122718811035,4.227436824220078,3.773401651076451,3.773401651076451,7700
2009-06-30,4.209030628204346,4.30106488233659,4.147674556305792,4.166081231590944,2400
2009-07-01,3.9390621185302734,4.092452386120589,3.7734006412354826,3.7795360998033622,2800
2009-07-02,3.9267942905426025,4.043371029414234,3.859302432760296,3.859302432760296,2000
2009-07-06,4.043368816375732,4.092453670599669,3.8286221402927945,3.8593003204671597,2600
2009-07-07,3.951335906982422,4.0065565329753845,3.883844063276457,3.889979818417412,3600
2009-07-08,4.141539096832275,4.184488496494581,3.7304529470764263,4.184488496494581,1200
2009-07-09,3.96360445022583,4.0740453351220935,3.804078435029182,3.834756604895833,2200
2009-07-10,4.037233352661133,4.061775781532053,3.859300597062548,4.061775781532053,2000
2009-07-13,4.000420093536377,4.116996788153142,3.8347585364638914,4.012691309150307,2600
2009-07-14,3.8961129188537598,4.080181365520662,3.8102144469412798,3.8654350394550967,9400
2009-07-15,3.8961129188537598,3.9513335113675767,3.804078695520309,3.847028077760914,1300
2009-07-16,3.9145216941833496,3.926792910141933,3.6813682984014,3.8777080463075997,2900
2009-07-17,3.9574716091156006,4.018827993963658,3.920657953748121,4.018827993963658,900
2009-07-20,3.975876569747925,4.018825958878728,3.975876569747925,4.018825958878728,500
2009-07-21,3.7488598823547363,3.920656894313552,3.71204623693499,3.7181816982205245,1700
2009-07-22,3.7734036445617676,3.8347597419186767,3.7427254495988382,3.7427254495988382,700
2009-07-23,3.8838436603546143,3.8838436603546143,3.6445547934911833,3.8040806072105116,20700
2009-07-24,3.7734036445617676,3.8470309613900584,3.7734036445617676,3.816352766427129,25100
2009-07-27,4.264250755310059,4.264250755310059,3.7918085840344027,3.859300406379158,24900
2009-07-28,4.601707458496094,4.601707458496094,4.202892753579363,4.202892753579363,23200
2009-07-29,5.080286979675293,5.110965159163646,4.632387548613193,4.632387548613193,40200
2009-07-30,5.018930435180664,5.141642549154057,5.000523179231519,5.061879528786974,43600
2009-07-31,4.828728675842285,5.074153613764049,4.828728675842285,4.945305682268022,19700
2009-08-03,5.031203746795654,5.031203746795654,4.908491574461671,4.908491574461671,1000
2009-08-04,4.663065433502197,5.080286977463067,4.552624514016062,4.552624514016062,6100
2009-08-05,4.5833024978637695,4.755099779933581,4.485132789577483,4.755099779933581,4400
2009-08-06,4.632387638092041,4.632387638092041,4.57103127793018,4.6139806715297205,400
2009-08-07,4.4176411628723145,5.080287308046279,4.374692059895112,4.4728617724930855,6900
2009-08-10,4.663065433502197,4.663065433502197,4.663065433502197,4.663065433502197,200
2009-08-11,4.478998184204102,4.478998184204102,4.478998184204102,4.478998184204102,100
2009-08-12,4.478998184204102,4.478998184204102,4.478998184204102,4.478998184204102,0
2009-08-13,4.294930458068848,4.325608649796907,4.294930458068848,4.3072016762462875,8600
2009-08-14,4.301064968109131,4.301064968109131,4.301064968109131,4.301064968109131,400
2009-08-17,4.227436065673828,4.294927871284693,4.221300606564882,4.294927871284693,4200
2009-08-18,3.7427237033843994,4.018826451524732,3.656825207161742,4.018826451524732,5600
2009-08-19,3.7734036445617676,3.8777091563529877,3.705911791184693,3.705911791184693,700
2009-08-20,3.7734036445617676,3.7734036445617676,3.7734036445617676,3.7734036445617676,0
2009-08-21,4.17221736907959,4.282658308662062,3.712046348632673,4.141539184022253,3400
2009-08-24,4.399233341217041,4.491267569069828,4.1169951985051565,4.362419708589675,1700
2009-08-25,4.399233341217041,4.399233341217041,4.399233341217041,4.399233341217041,0
2009-08-26,4.202895164489746,4.202895164489746,4.178352734038299,4.202895164489746,1100
2009-08-27,4.202895164489746,4.202895164489746,4.202895164489746,4.202895164489746,0
2009-08-28,4.202895164489746,4.202895164489746,4.202895164489746,4.202895164489746,0
2009-08-31,4.202895164489746,4.202895164489746,4.202895164489746,4.202895164489746,0
2009-09-01,4.202895164489746,4.202895164489746,4.202895164489746,4.202895164489746,0
2009-09-02,4.405370235443115,4.405370235443115,4.399234774290935,4.399234774290935,400
2009-09-03,4.429912090301514,4.429912090301514,4.429912090301514,4.429912090301514,100
2009-09-04,4.429912090301514,4.429912090301514,4.429912090301514,4.429912090301514,0
2009-09-08,4.17221736907959,4.17221736907959,3.9881488438732813,3.9942845979122907,1300
2009-09-09,4.036231994628906,4.036231994628906,3.9867832709105464,3.9867832709105464,300
2009-09-10,3.80753493309021,3.8075349330902104,3.8075349330902104,3.8075349330902104,3000
2009-09-11,3.80753493309021,3.8137161379197013,3.8075349330902104,3.8075349330902104,900
2009-09-14,3.819894552230835,3.8260757530217506,3.8075324453848793,3.8260757530217506,700
2009-09-15,3.80753493309021,3.8075349330902104,3.8075349330902104,3.8075349330902104,1300
2009-09-16,3.80753493309021,3.8075349330902104,3.8075349330902104,3.8075349330902104,0
2009-09-17,3.646826982498169,3.646826982498169,3.646826982498169,3.646826982498169,200
2009-09-18,4.2463884353637695,4.2463884353637695,4.2463884353637695,4.2463884353637695,200
2009-09-21,4.2463884353637695,4.2463884353637695,4.2463884353637695,4.2463884353637695,0
2009-09-22,4.2463884353637695,4.2463884353637695,4.2463884353637695,4.2463884353637695,0
2009-09-23,3.720998764038086,3.720998764038086,3.58501554975479,3.5973776601441805,1400
2009-09-24,3.424307107925415,3.714817083773008,3.399582892287649,3.714817083773008,2500
2009-09-25,3.554110288619995,3.554110288619995,3.554110288619995,3.554110288619995,500
2009-09-28,3.708636522293091,3.708636522293091,3.708636522293091,3.708636522293091,3000
2009-09-29,3.554110288619995,3.708636822907821,3.554110288619995,3.708636822907821,700
2009-09-30,3.955881118774414,3.955881118774414,3.943519002251898,3.943519002251898,200
2009-10-01,3.955881118774414,3.955881118774414,3.955881118774414,3.955881118774414,0
2009-10-02,3.554110288619995,3.554110288619995,3.554110288619995,3.554110288619995,500
2009-10-05,3.7704477310180664,3.770447731018066,3.770447731018066,3.770447731018066,200
2009-10-06,3.708636522293091,3.708636522293091,3.708636522293091,3.708636522293091,100
2009-10-07,3.6344635486602783,3.6344635486602783,2.9730899865386258,3.3254105318300353,7900
2009-10-08,3.387221336364746,3.3995834461978456,3.220332706249926,3.220332706249926,3600
2009-10-09,3.2450575828552246,3.2450575828552246,3.2450575828552246,3.2450575828552246,400
2009-10-12,3.2636005878448486,3.2759626990029895,3.245057273739649,3.2759626990029895,900
2009-10-13,3.2636005878448486,3.263600587844849,3.263600587844849,3.263600587844849,0
2009-10-14,2.9298224449157715,2.979271174964648,2.7691150301486744,2.861830993728423,8300
2009-10-15,3.071986436843872,3.071986436843872,2.8247442930327678,2.9236411505572097,1900
2009-10-16,3.115255355834961,3.115255355834961,3.0658069049067898,3.0658069049067898,600
2009-10-19,3.115255355834961,3.115255355834961,3.115255355834961,3.115255355834961,0
2009-10-20,3.034900426864624,3.313048309313312,3.0349004268646245,3.078167953841775,3700
2009-10-21,2.942185878753662,2.942185878753662,2.9360046748070916,2.9360046748070916,500
2009-10-22,3.0163583755493164,3.0287204879599283,2.942185701085647,3.0287204879599283,3000
2009-10-23,3.0163583755493164,3.016358375549317,3.016358375549317,3.016358375549317,0
2009-10-26,3.0163583755493164,3.016358375549317,3.016358375549317,3.016358375549317,0
2009-10-27,2.9050986766815186,3.1523411862309167,2.9050986766815186,3.133798167487894,1500
2009-10-28,3.034900426864624,3.146159697738465,2.9421847607843095,2.948365667646237,800
2009-10-29,2.936004877090454,3.090531449568899,2.936004877090454,3.034901789161124,2100
2009-10-30,2.936004877090454,3.090531449568899,2.936004877090454,3.090531449568899,7500
2009-11-02,2.936004877090454,2.936004877090454,2.936004877090454,2.936004877090454,1800
2009-11-03,2.936004877090454,2.942186081462894,2.936004877090454,2.936004877090454,600
2009-11-04,2.936004877090454,2.9607291051081215,2.936004877090454,2.936004877090454,1800
2009-11-05,3.0905303955078125,3.2945053544535763,3.0843491932435425,3.0843491932435425,3100
2009-11-06,3.708636522293091,3.7889903843460693,3.313048709107894,3.3995834787686667,18000
2009-11-09,3.9126126766204834,4.326743928348775,3.90643176712844,3.9558802220089455,11000
2009-11-10,3.7766292095184326,4.3267436806786295,3.7766292095184326,4.221665572704384,10800
2009-11-11,3.819894552230835,3.8940674880424453,3.7395410051000604,3.7395410051000604,800
2009-11-12,3.863163471221924,3.8755255825403947,3.863163471221924,3.8755255825403947,1000
2009-11-13,4.326744556427002,4.326744556427002,3.8878890135533766,3.8878890135533766,3600
2009-11-16,3.9929652214050293,4.326742474424625,3.912611361857661,4.326742474424625,1200
2009-11-17,3.9929652214050293,3.9929652214050293,3.9929652214050293,3.9929652214050293,0
2009-11-18,3.9929652214050293,3.9929652214050293,3.9929652214050293,3.9929652214050293,0
2009-11-19,3.9929652214050293,3.9929652214050293,3.9929652214050293,3.9929652214050293,0
2009-11-20,4.060957908630371,4.060957908630371,3.8508017027686323,3.8508017027686323,3300
2009-11-23,3.863163471221924,3.863163471221924,3.863163471221924,3.863163471221924,900
2009-11-24,3.863163471221924,3.863163471221924,3.863163471221924,3.863163471221924,0
2009-11-25,3.653008222579956,3.838440234733034,3.653008222579956,3.7148190897883544,4500
2009-11-27,3.653008222579956,3.653008222579956,3.653008222579956,3.653008222579956,0
2009-11-30,3.863163471221924,3.863163471221924,3.6468263757806927,3.863163471221924,1800
2009-12-01,3.646826982498169,3.832258683125243,3.646826982498169,3.832258683125243,1700
2009-12-02,3.585017681121826,3.64682826981645,2.886557292032234,3.64682826981645,3600
2009-12-03,3.585017681121826,3.5850176811218257,3.5850176811218257,3.5850176811218257,0
2009-12-04,3.585017681121826,3.5850176811218257,3.5850176811218257,3.5850176811218257,0
2009-12-07,3.1708853244781494,3.6468271538935717,3.071988118092991,3.1585232105220102,11500
2009-12-08,3.1028926372528076,3.2326949429629335,3.1028926372528076,3.2326949429629335,5900
2009-12-09,2.9967572689056396,3.1403518942428073,2.9967572689056396,3.1403518942428073,1100
2009-12-10,2.9967572689056396,2.9967572689056396,2.9967572689056396,2.9967572689056396,0
2009-12-11,3.0904054641723633,3.0904054641723633,2.7720001952478364,2.7720001952478364,4000
2009-12-14,3.0904054641723633,3.0904054641723633,3.0904054641723633,3.0904054641723633,100
2009-12-15,3.2402448654174805,3.2402448654174805,3.0092448237662395,3.0904067994131736,2800
2009-12-16,3.2402448654174805,3.2402448654174805,3.2402448654174805,3.2402448654174805,0
2009-12-17,3.0904054641723633,3.0904054641723633,2.946810849406111,2.996757048295243,6400
2009-12-18,3.0904054641723633,3.0904054641723633,3.0904054641723633,3.0904054641723633,0
2009-12-21,3.0904054641723633,3.0904054641723633,3.0904054641723633,3.0904054641723633,0
2009-12-22,3.0904054641723633,3.0904054641723633,3.0904054641723633,3.0904054641723633,0
2009-12-23,3.121622323989868,3.121622323989868,2.8718924785304583,3.0841628918261224,5600
2009-12-24,3.121622323989868,3.121622323989868,3.121622323989868,3.121622323989868,0
2009-12-28,2.9717845916748047,3.121622320145247,2.9717845916748047,3.121622320145247,5100
2009-12-29,3.3026769161224365,3.3026769161224365,3.1091363372187972,3.1091363372187972,5800
2009-12-30,3.2777037620544434,3.2777037620544434,3.1840550235983756,3.1965415022124426,3800
2009-12-31,3.340137243270874,3.340137243270874,3.15284000304239,3.1590830955327247,9200
2010-01-04,3.340137243270874,3.340137243270874,3.340137243270874,3.340137243270874,0
2010-01-05,3.4462709426879883,3.4462709426879887,3.421297988572221,3.421297988572221,1200
2010-01-06,3.4462709426879883,3.4462709426879887,3.4462709426879887,3.4462709426879887,0
2010-01-07,3.7022435665130615,3.7022435665130615,3.5274329020904296,3.5274329020904296,2100
2010-01-08,3.7459471225738525,3.8083795150765245,3.6710282515706467,3.6710282515706467,1900
2010-01-11,3.8395960330963135,4.020650128358477,3.7646771587191035,3.870812081902913,5100
2010-01-12,3.752190351486206,3.752190351486206,3.7272170978435097,3.7272170978435097,1500
2010-01-13,3.902029275894165,3.902029275894165,3.8832994043813414,3.8832994043813414,3500
2010-01-14,3.902029275894165,3.902029275894165,3.902029275894165,3.902029275894165,0
2010-01-15,4.139271259307861,4.18297378116983,3.5961090481863147,3.5961090481863147,2600
2010-01-19,4.370271682739258,4.370271682739258,3.7147308112479163,4.008163505230186,5700
2010-01-20,4.370271682739258,4.395244639967392,4.351541815967591,4.351541815967591,2100
2010-01-21,4.407731533050537,4.445190972415134,4.407731533050537,4.445190972415134,300
2010-01-22,4.407731533050537,4.407731533050537,4.407731533050537,4.407731533050537,0
2010-01-25,4.426462173461914,4.426462173461914,4.426462173461914,4.426462173461914,800
2010-01-26,4.370271682739258,4.370271682739258,4.364028294581658,4.364028294581658,500
2010-01-27,4.370271682739258,4.370271682739258,4.370271682739258,4.370271682739258,0
2010-01-28,3.8021373748779297,4.364029345526849,3.7521914483936882,3.783407503595737,5300
2010-01-29,4.139271259307861,4.139271259307861,3.883298027154304,3.883298027154304,2600
2010-02-01,4.257894039154053,4.370272364204017,3.6710288573796577,3.6710288573796577,1600
2010-02-02,4.257894039154053,4.257894039154053,4.257894039154053,4.257894039154053,0
2010-02-03,3.9519736766815186,4.370271101136786,3.745946658117245,3.745946658117245,1100
2010-02-04,4.245408535003662,4.339057011899793,4.226678661003687,4.307840952168164,800
2010-02-05,4.4701642990112305,4.495137260638016,4.351542582433406,4.351542582433406,2000
2010-02-08,4.4701642990112305,4.4701642990112305,4.4701642990112305,4.4701642990112305,0
2010-02-09,4.10805606842041,4.120542549266323,4.076840015156224,4.120542549266323,600
2010-02-10,4.232921600341797,4.232921600341797,4.232921600341797,4.232921600341797,100
2010-02-11,4.232921600341797,4.232921600341797,4.232921600341797,4.232921600341797,0
2010-02-12,4.644975662231445,4.644975662231445,4.644975662231445,4.644975662231445,200
2010-02-16,4.407731533050537,4.407731533050537,4.37027209368594,4.389001962218819,2000
2010-02-17,4.407731533050537,4.407731533050537,4.407731533050537,4.407731533050537,0
2010-02-18,3.8458404541015625,4.214192160425363,3.845840454101562,4.214192160425363,1100
2010-02-19,4.058112144470215,4.058112144470215,3.733463184820651,3.733463184820651,700
2010-02-22,4.026893615722656,4.245407467400043,3.7771640098647956,3.795893581453549,2300
2010-02-23,4.182974815368652,4.2454075152377895,3.9956776088647703,3.9956776088647703,700
2010-02-24,4.182974815368652,4.182974815368652,4.182974815368652,4.182974815368652,0
2010-02-25,3.902029275894165,3.96446168476823,3.877056312344539,3.889542794119352,800
2010-02-26,3.902029275894165,4.370272789001465,3.902029275894165,3.951975202993417,1800
2010-03-01,3.9519736766815186,4.001919584490907,3.870811427640716,3.9207576331511973,5700
2010-03-02,4.320326805114746,4.36402934190155,4.120542801642541,4.18297520969598,1600
2010-03-03,4.307839870452881,4.351542402643534,4.058109966801768,4.058109966801768,1300
2010-03-04,4.245408535003662,4.2953544687352645,4.089327343241781,4.089327343241781,2300
2010-03-05,4.064352512359619,4.245406587951257,4.064352512359619,4.232920110244975,1500
2010-03-08,4.089327335357666,4.189219202628282,4.0705974613938025,4.189219202628282,1200
2010-03-09,4.295353412628174,4.307839892990999,4.295353412628174,4.307839892990999,500
2010-03-10,4.389686107635498,4.389686107635498,4.339374567127654,4.339374567127654,200
2010-03-11,3.930593729019165,4.37082010671711,3.836259419546604,4.169573899714851,27400
2010-03-12,4.156994819641113,4.245040009955147,3.930592601810322,3.930592601810322,1500
2010-03-15,3.936882972717285,4.087817633711685,3.9368829727172847,4.087817633711685,1300
2010-03-16,4.213596820831299,4.213596820831299,4.087817927625797,4.087817927625797,3600
2010-03-17,3.9620397090911865,4.087818623714791,3.9117278433611578,3.9683285048820736,1800
2010-03-18,3.8991498947143555,3.949461759706517,3.823682547046987,3.86770531645991,3400
2010-03-19,4.087818622589111,4.087818622589111,3.930594829412607,3.936883925082349,3200
2010-03-22,4.087818622589111,4.087818622589111,4.087818622589111,4.087818622589111,0
2010-03-23,3.930593729019165,3.936882822928237,3.8991488592348102,3.9180158410815236,2000
2010-03-24,4.213596820831299,4.307931140675694,3.899149287937007,3.9117271772575575,14200
2010-03-25,4.943113803863525,4.943113803863525,4.314218928558564,4.326796814069445,20600
2010-03-26,5.282719135284424,5.345608891560186,4.716713727847223,4.855070531916619,19800
2010-03-29,5.257562160491943,5.333029491052763,5.094049910824017,5.100338405216647,5700
2010-03-30,5.094050407409668,5.156939555793821,5.094050407409668,5.131783776487942,2000
2010-03-31,4.886513710021973,5.408496766203977,4.873935823118821,5.333028845024108,13700
2010-04-01,5.6600542068481445,5.88016766590772,5.068893253583257,5.068893253583257,42300
2010-04-05,5.911613464355469,5.911613464355469,5.156939494402166,5.597165926894836,13800
2010-04-06,5.817277431488037,5.974501145852579,5.722943442773662,5.968212053335388,4800
2010-04-07,5.6600542068481445,5.943056797238367,5.628609341302359,5.943056797238367,3200
2010-04-08,5.666345119476318,5.779545832126668,5.660056024395433,5.779545832126668,5300
2010-04-09,6.04996919631958,6.112858929657336,5.754388409249642,5.817278142587398,15900
2010-04-12,6.3203959465026855,6.766911496547939,6.112860609134156,6.112860609134156,77600
2010-04-13,6.47761869430542,6.47761869430542,6.282660978172758,6.4273071417088,15400
2010-04-14,6.414729118347168,6.760621501148851,6.005947593065836,6.72917663002851,10400
2010-04-15,6.402149677276611,6.446172124250457,6.219770197263863,6.43359393953744,2800
2010-04-16,6.251214981079102,6.2952380314867575,6.182036758668367,6.2952380314867575,6400
2010-04-19,6.332973003387451,6.351840286839976,6.005947887104145,6.351840286839976,4100
2010-04-20,6.402149677276611,6.446172124250457,6.037390717251113,6.427305446941789,10100
2010-04-21,6.131727695465088,6.320396359893167,5.905325658008084,6.320396359893167,9200
2010-04-22,5.446230411529541,6.112859351860955,5.194672660325793,5.836145225775844,49700
2010-04-23,5.6600542068481445,6.150592070175258,5.628609341302359,5.766966389847261,26500
2010-04-26,5.691500186920166,5.785834202269362,5.452520001639689,5.785834202269362,12900
2010-04-27,5.616030216217041,5.817276340953614,5.213537366983133,5.817276340953614,18200
2010-04-28,5.3770527839660645,5.521698357217973,5.194673243913932,5.521698357217973,8200
2010-04-29,5.345605850219727,5.458807107206667,5.307871897970472,5.307871897970472,6500
2010-04-30,5.3770527839660645,5.628610563430712,5.219829021860397,5.609743879911127,5400
2010-05-03,5.094050407409668,5.50912106583721,5.031160659264428,5.232406893711457,20900
2010-05-04,5.024870872497559,5.3707632401396355,4.936825657052131,5.16951703340723,16400
2010-05-05,4.949404239654541,5.3141633404338835,4.748158004675894,4.792180468637201,5000
2010-05-06,4.873937129974365,5.188384686746906,4.873937129974365,5.006005127809277,1800
2010-05-07,5.345605850219727,5.534274411944352,4.842489885540999,5.06889239951488,26700
2010-05-10,5.509120464324951,5.521698052724065,5.194672957453815,5.276429381211632,11700
2010-05-11,5.616030216217041,5.660052656062977,5.156936744460782,5.1695149271371985,5500
2010-05-12,5.817277431488037,5.892744742411712,5.653764624606304,5.691498579948579,4600
2010-05-13,5.8487229347229,5.9053235740534,5.8487229347229,5.87387870778524,1100
2010-05-14,6.03739070892334,6.03739070892334,5.4776740849441286,5.502829854574607,2800
2010-05-17,5.785834312438965,5.899035612822329,5.785834312438965,5.817279184741128,3300
2010-05-18,5.653767108917236,5.848724864290065,5.653767108917236,5.848724864290065,3900
2010-05-19,5.6600542068481445,5.6600542068481445,5.4084964820037085,5.534275344425926,2100
2010-05-20,5.968214511871338,5.968214511871337,5.188384711324083,5.339319395347206,10000
2010-05-21,5.3770527839660645,5.710366991696986,5.207250833006636,5.710366991696986,2900
2010-05-24,5.477674961090088,5.653765376668835,5.370762773119895,5.534275601752066,1200
2010-05-25,5.584588050842285,5.660055383990837,5.2952963072256445,5.660055383990837,4500
2010-05-26,5.490253448486328,5.779545192835413,5.351896970577543,5.490253448486328,2500
2010-05-27,5.855014324188232,5.955637455900658,5.817280349915485,5.955637455900658,600
2010-05-28,5.817277431488037,5.817277431488037,5.660053717123496,5.72923193552998,3800
2010-06-01,5.685210704803467,5.817278677139782,5.590876695889384,5.7858338075814215,1200
2010-06-02,5.641188144683838,5.660054826171331,5.565720818972872,5.660054826171331,900
2010-06-03,5.138072967529297,5.559432728618806,5.138072967529297,5.509121169064336,7700
2010-06-04,5.301584720611572,5.34560717601999,5.219828303595244,5.28271743992713,1400
2010-06-07,5.232405662536621,5.339317849370649,5.163227435663229,5.339317849370649,400
2010-06-08,5.282719135284424,5.3707646741182575,5.282719135284424,5.3707646741182575,200
2010-06-09,4.504544734954834,5.137205522504991,4.453931920219009,5.137205522504991,21100
2010-06-10,4.744954586029053,4.776587737273014,4.523523432349581,4.536176632511948,12100
2010-06-11,4.744954586029053,4.744954586029053,4.744954586029053,4.744954586029053,0
2010-06-14,4.6627092361450195,4.6627092361450195,4.63107638249298,4.643729584289021,1400
2010-06-15,4.846182346343994,4.846182346343994,4.846182346343994,4.846182346343994,100
2010-06-16,4.751282215118408,4.770261868031887,4.548830673425724,4.605770235518448,2200
2010-06-17,4.871488094329834,4.903121255357451,4.542504486682575,4.903121255357451,2600
2010-06-18,4.871488094329834,4.871488094329834,4.3020936092421715,4.498218423255328,21000
2010-06-21,4.846182346343994,4.941081540678201,4.744956699948158,4.8651623058813245,8900
2010-06-22,4.947408676147461,4.947408676147461,4.839856267715262,4.839856267715262,3700
2010-06-23,4.96005916595459,4.998018765488804,4.8398536165915385,4.909446366575637,3800
2010-06-24,5.320676326751709,5.320676326751709,4.966386375195256,4.966386375195256,4300
2010-06-25,5.105572700500488,5.4408833745169085,5.04230667789182,5.377617050232049,3500
2010-06-28,5.092920303344727,5.206798853671446,5.086593549617564,5.206798853671446,1100
2010-06-29,5.092920303344727,5.092920303344727,5.092920303344727,5.092920303344727,0
2010-06-30,5.0612874031066895,5.0612874031066895,4.782916559734673,4.839856139556019,5300
2010-07-01,4.998021602630615,5.0612876377674585,4.77659032881354,4.8714892306806785,2600
2010-07-02,5.0612874031066895,5.0612874031066895,4.58046495500696,4.58046495500696,2200
2010-07-06,5.0612874031066895,5.0612874031066895,5.0612874031066895,5.0612874031066895,1000
2010-07-07,5.0612874031066895,5.0612874031066895,5.0612874031066895,5.0612874031066895,0
2010-07-08,5.023327827453613,5.061287447105758,4.998021414352184,5.061287447105758,1700
2010-07-09,4.846182346343994,4.846182346343994,4.770263111547117,4.789243071084448,1200
2010-07-12,4.789243698120117,4.789243698120117,4.770263736097819,4.770263736097819,1000
2010-07-13,5.023327827453613,5.061287447105758,5.023327827453613,5.061287447105758,800
2010-07-14,5.0486345291137695,5.061287736387689,5.042307774638681,5.061287736387689,900
2010-07-15,4.846182346343994,5.118226723547138,4.795569523146076,5.118226723547138,1700
2010-07-16,4.991694927215576,4.991694927215576,4.5235259581232405,4.827203233258575,4300
2010-07-19,4.561485767364502,4.998021887175776,4.441280142922881,4.909449432941628,2600
2010-07-20,4.9031219482421875,4.9031219482421875,4.618424665466357,4.624751117560193,7700
2010-07-21,4.93475341796875,4.998019425547606,4.858833907198002,4.998019425547606,3600
2010-07-22,5.035979270935059,5.0549589232783365,4.694342511994712,4.998019664572368,5700
2010-07-23,5.0612874031066895,5.0612874031066895,4.903122171759605,4.903122171759605,700
2010-07-26,5.0612874031066895,5.0612874031066895,4.998021370903103,4.998021370903103,700
2010-07-27,5.440882682800293,5.440882682800293,4.896794052508879,4.903120804803502,17000
2010-07-28,6.073542594909668,6.282320565045417,5.85211112192825,6.282320565045417,109900
2010-07-29,5.757214546203613,6.098851414885538,5.624355730418838,6.022932177773162,40500
2010-07-30,6.086195945739746,6.105175598063508,5.6623132226113615,6.098849449523766,20400
2010-08-02,5.693946838378906,6.022930723094356,5.687620085976151,6.022930723094356,11500
2010-08-03,5.757214546203613,5.8837466080575735,5.693948213600401,5.693948213600401,6900
2010-08-04,5.902725696563721,5.934358859811008,5.75721399031957,5.75721399031957,5300
2010-08-05,6.010278701782227,6.079871185332817,5.902726297797926,5.902726297797926,7200
2010-08-06,6.073542594909668,6.162114701420456,6.0102762873857705,6.105175145319393,9300
2010-08-09,6.168444633483887,6.510081542896586,6.073545726617457,6.079871877950026,24700
2010-08-10,6.326607704162598,6.358240863353877,6.136809352367254,6.212728572414926,11000
2010-08-11,6.136810779571533,6.231710279215623,6.117831120983702,6.174770700099662,3500
2010-08-12,6.0419087409973145,6.168440738030064,6.0419087409973145,6.168440738030064,6400
2010-08-13,6.168444633483887,6.181098142854097,6.168444633483887,6.181098142854097,3000
2010-08-16,6.358241558074951,6.472120098913015,6.275995576532108,6.3266083954273356,25100
2010-08-17,6.200073719024658,6.453137706188057,6.13048067004062,6.453137706188057,12700
2010-08-18,6.200073719024658,6.200073719024658,6.200073719024658,6.200073719024658,0
2010-08-19,6.073542594909668,6.225381008944353,6.0102762873857705,6.225381008944353,15000
2010-08-20,6.073542594909668,6.1684414528432905,6.073542594909668,6.073542594909668,8000
2010-08-23,6.105175495147705,6.105175495147705,5.890071364615817,6.016603383561709,11500
2010-08-24,6.073542594909668,6.073542594909668,5.953336731284707,6.0482361925705534,8100
2010-08-25,6.073542594909668,6.073542594909668,6.0102762873857705,6.016603038808605,6200
2010-08-26,6.073542594909668,6.143135050504176,6.003949535962936,6.073542594909668,7500
2010-08-27,6.079872131347656,6.1684448905730624,6.010279636968625,6.016606391917417,4900
2010-08-30,5.9786458015441895,6.136811037581615,5.9786458015441895,6.136811037581615,4400
2010-08-31,6.130483150482178,6.130483150482178,6.130483150482178,6.130483150482178,100
2010-09-01,6.130483150482178,6.130483150482178,6.130483150482178,6.130483150482178,0
2010-09-02,6.086195945739746,6.332933839357725,6.086195945739746,6.13680875417129,9200
2010-09-03,6.143138408660889,6.181098334596528,6.041912743969256,6.098852331196437,6800
2010-09-07,6.073542594909668,6.2380339084377985,6.073542594909668,6.136808299081341,14300
2010-09-08,6.200740337371826,6.2261792478287905,5.825515953248004,6.1689415476727545,20400
2010-09-09,6.10534143447876,6.232535921340577,5.831872832842487,6.232535921340577,10700
2010-09-10,6.232535362243652,6.232535362243652,5.959066785139201,6.105340886791966,6100
2010-09-13,6.25161600112915,6.264335755224341,6.188018443675715,6.219817222402433,11100
2010-09-14,6.264335632324219,6.359731360121543,6.041744792115466,6.296133803915829,37900
2010-09-15,6.55052375793457,6.582322537667079,6.194378516650764,6.26433595336454,33500
2010-09-16,6.55052375793457,6.645919490620821,6.544163880685813,6.544163880685813,34800
2010-09-17,6.614120960235596,6.645919741166894,6.518725223952998,6.518725223952998,13900
2010-09-20,6.773114204406738,6.773114204406737,6.582322733361935,6.626840662404216,22700
2010-09-21,6.639558792114258,6.703156343712792,6.518724171890486,6.703156343712792,29100
2010-09-22,6.70951509475708,6.773112029177006,6.671356448896244,6.677716324291566,36000
2010-09-23,6.645920753479004,6.773115290067277,6.645920753479004,6.645920753479004,14100
2010-09-24,6.645920753479004,6.67771953925392,6.645920753479004,6.67771953925392,20700
2010-09-27,6.67135763168335,6.741315060412683,6.60776068598811,6.620479832522674,71500
2010-09-28,6.760394096374512,6.836710795261198,6.70951629711672,6.741315073280642,28700
2010-09-29,6.773114204406738,6.804912985084637,6.709517249562236,6.804912985084637,23700
2010-09-30,6.804913520812988,6.8367123039943,6.734956683023176,6.8367123039943,14600
2010-10-01,6.70951509475708,6.849429320898678,6.633198409546508,6.792191655362974,27300
2010-10-04,6.6777191162109375,6.741316683731773,6.595042521038391,6.709517899971355,45600
2010-10-05,6.645920753479004,6.741317110803752,6.645920753479004,6.741317110803752,7400
2010-10-06,6.6777191162109375,6.6777191162109375,6.645920332450519,6.6777191162109375,28900
2010-10-07,6.645920753479004,6.804914075842193,6.525086095347993,6.741317110803752,49100
2010-10-08,6.715877532958984,6.804913396425554,6.645920089936586,6.6904386281812025,84000
2010-10-11,6.6777191162109375,6.773114860980837,6.6777191162109375,6.773114860980837,23100
2010-10-12,6.6777191162109375,6.741316683731773,6.645920332450519,6.671359238156583,63800
2010-10-13,6.773114204406738,6.804912985084637,6.677718468884336,6.734956152802296,49900
2010-10-14,6.70951509475708,6.836709570108033,6.671356448896244,6.804910799642519,18900
2010-10-15,6.804913520812988,7.141979166907671,6.766755466204488,6.766755466204488,71500
2010-10-18,7.205577373504639,7.313692882020638,6.963907448969546,6.963907448969546,199300
2010-10-19,7.250094413757324,7.250094413757323,7.129259769682941,7.186497456117083,49000
2010-10-20,7.491763591766357,7.4917635917663565,7.1864967686674035,7.237374572517229,51900
2010-10-21,7.536281108856201,7.568079277091356,7.4090860098708555,7.472683559363529,107900
2010-10-22,7.828828811645508,8.045059147442188,7.542640442996164,7.6316768917438695,200800
2010-10-25,8.235855102539062,8.840029688777253,7.89878938289232,8.108660548569677,122300
2010-10-26,7.746154308319092,8.413925729509621,7.669837591797641,8.413925729509621,74800
2010-10-27,7.714356422424316,8.204055562044566,7.638039697022903,7.77159411810323,12100
2010-10-28,7.536281108856201,7.943303484773527,7.440884784617192,7.943303484773527,36200
2010-10-29,7.313689231872559,7.701632529306153,7.218293527974311,7.536280016316596,81200
2010-11-01,7.218294620513916,7.5617200556429935,7.186495845564501,7.294611316485802,43700
2010-11-02,7.161057472229004,7.313690875369676,7.122898818188221,7.192856249511118,28700
2010-11-03,7.4345269203186035,7.4345269203186035,7.186497744499414,7.243735433230411,14500
2010-11-04,7.453603744506836,7.625316139459332,7.186495035459738,7.447243868931639,16500
2010-11-05,7.313689231872559,7.676193634499214,7.275530586406603,7.5044812461801484,24000
2010-11-08,7.307333946228027,7.434528500152727,7.250096245334045,7.345492615661175,17400
2010-11-09,7.491763591766357,7.860627972933225,7.39636786117575,7.39636786117575,33000
2010-11-10,7.409085273742676,7.695273611514337,7.409085273742676,7.618956317101147,36200
2010-11-11,7.345492362976074,7.472686912525278,7.275534905840423,7.472686912525278,3800
2010-11-12,7.313689231872559,7.320049107202067,7.250091691599664,7.300969481213542,34700
2010-11-15,7.180137634277344,7.313692034825922,7.16741848525484,7.173777756510429,14300
2010-11-16,7.250094413757324,7.599879803568274,7.027504152249498,7.154698674041302,43700
2010-11-17,7.377291679382324,7.51084611758445,7.288255185077074,7.313694096805503,11800
2010-11-18,7.612598896026611,7.618958166678885,7.30097158663697,7.3772888995769454,6600
2010-11-19,7.70163631439209,7.790672793230251,7.345491612062229,7.472686148608608,42900
2010-11-22,7.402730464935303,7.841551836399106,7.35185264234563,7.7207171593765045,12400
2010-11-23,7.224655628204346,7.440886622061869,7.224655628204346,7.440886622061869,117300
2010-11-24,7.313689231872559,7.54263928513501,7.154695987701416,7.2882503370656195,76500
2010-11-26,7.491763591766357,7.561721026943315,7.4917635917663565,7.561721026943315,1500
2010-11-29,7.555364608764648,7.561724488785316,7.4917670215810475,7.561724488785316,6700
2010-11-30,7.631675720214844,7.695273260487738,7.536280016316596,7.536280016316596,16800
2010-12-01,7.879705905914307,7.879705905914307,7.56807866636137,7.631676210721839,33000
2010-12-02,8.26765251159668,8.420285950863429,7.682557054562775,7.917867091726854,73200
2010-12-03,8.134096145629883,8.267650524517148,7.981462743047646,8.261290647781747,36700
2010-12-06,8.17225456237793,8.299449060838699,8.153174932725406,8.210412608660555,56900
2010-12-07,7.975103855133057,8.172255812796434,7.822470433626037,8.172255812796434,14300
2010-12-08,8.019981384277344,8.1353763820241,7.955872576672667,7.968694582748363,9300
2010-12-09,8.013566970825195,8.013566970825195,7.949458190503937,8.013566970825195,2500
2010-12-10,8.013566970825195,8.14178392008107,8.013566970825195,8.013566970825195,9200
2010-12-13,7.97510290145874,8.1930720569944,7.923816113260554,8.007157296929291,13200
2010-12-14,7.930230617523193,8.013571838004886,7.8533004012447885,7.8533004012447885,25400
2010-12-15,8.013566970825195,8.09049714037872,7.757133072313445,7.917404411729949,64500
2010-12-16,8.205896377563477,8.212307380745777,7.8725315487267595,7.987927160460533,9900
2010-12-17,7.782777786254883,8.212305097877874,7.782777786254884,8.167428699463478,26200
2010-12-20,8.090498924255371,8.205894509722588,7.699436989952923,8.205894509722588,14400
2010-12-21,7.98151159286499,8.032798366220039,7.885349045670914,7.917403431864461,16900
2010-12-22,7.891761779785156,8.013567740429538,7.834063994232192,7.917405172099063,10600
2010-12-23,7.699438095092773,8.045624289797528,7.693027092449552,7.981515486139037,13300
2010-12-27,8.212303161621094,8.212303161621094,7.840473116107609,7.872527504164051,19200
2010-12-28,8.295647621154785,8.398221833516248,8.205896025995477,8.205896025995477,43000
2010-12-29,8.302059173583984,8.398222389402953,8.302059173583984,8.334113578856973,25100
2010-12-30,8.340523719787598,8.590546710013559,8.302058315159906,8.302058315159906,50600
2010-12-31,8.507203102111816,8.641830442069534,8.270000978620645,8.334109759789067,18100
2011-01-03,8.814926147460938,8.814926147460938,8.53925917047838,8.622600363784427,139900
2011-01-04,8.795693397521973,8.814925791697375,8.673886807841916,8.814925791697375,9600
2011-01-05,8.872624397277832,8.879035399718374,8.635422809459376,8.635422809459376,39800
2011-01-06,8.814926147460938,8.879034945815377,8.686709162138868,8.814926147460938,20600
2011-01-07,8.84057331085205,9.007255768475446,8.782875490029562,8.814929902862842,31000
2011-01-10,8.718762397766113,8.814924971077723,8.718762397766113,8.795692578692746,10800
2011-01-11,8.763641357421875,8.808517159700198,8.757230353842985,8.757230353842985,15600
2011-01-12,8.911088943481445,8.97519774334579,8.782871955139585,8.782871955139585,164700
2011-01-13,8.85339069366455,9.103413638047934,8.654653927069813,9.03930545727206,21500
2011-01-14,8.693121910095215,8.846982323381553,8.661067504480494,8.718765312309605,7100
2011-01-18,8.673884391784668,8.88544250294625,8.622597614011353,8.750814558444642,35400
2011-01-19,8.776461601257324,8.968787403672044,8.66106660891799,8.789283606732178,24200
2011-01-20,8.802103996276855,8.955964987481313,8.654654618464969,8.77646059964058,41600
2011-01-21,8.718762397766113,8.821335972334959,8.66747561048169,8.725172787636618,42300
2011-01-24,8.712350845336914,8.757226628525112,8.616187666722173,8.718761846188569,29100
2011-01-25,8.686711311340332,8.911090938321589,8.686711311340332,8.911090938321589,61400
2011-01-26,8.718762397766113,8.814924971077723,8.718762397766113,8.718762397766113,58500
2011-01-27,8.757229804992676,8.802105604458456,8.718765008703985,8.718765008703985,24000
2011-01-28,8.814926147460938,8.846980546638157,8.757228351219302,8.770050355444916,42900
2011-01-31,8.936731338500977,8.975196736381356,8.782870969752976,8.814925366088833,15000
2011-02-01,8.904675483703613,8.949551261310603,8.757225539387395,8.917496872425632,8800
2011-02-02,8.846980094909668,8.975197073684953,8.814925697369151,8.943142676144436,23200
2011-02-03,8.866211891174316,8.97519646863294,8.846979498501247,8.968785467279671,9800
2011-02-04,8.814926147460938,8.90467834287979,8.423864189381922,8.449507586446336,14700
2011-02-07,8.968785285949707,9.020072072965473,8.814924924902407,8.814924924902407,52400
2011-02-08,9.257269859313965,9.404719770691617,8.955960260709439,8.975192645189487,42000
2011-02-09,9.39831256866455,9.430366963337825,9.161111026301082,9.321382388280728,51800
2011-02-10,9.539355278015137,9.616285488557159,9.456014063747872,9.456014063747872,50700
2011-02-11,9.58422565460205,9.60986904359643,9.411132931736642,9.52652787651804,27500
2011-02-14,9.616280555725098,9.712443116727687,9.590637165365296,9.616280555725098,41200
2011-02-15,9.776556015014648,9.776556015014648,9.603462598660148,9.616284604932442,35900
2011-02-16,9.62910270690918,9.911180005270232,9.609869705299111,9.79578444115647,56800
2011-02-17,9.609870910644531,9.744498881867797,9.520119337420182,9.577816515327234,87400
2011-02-18,9.847076416015625,9.930417632786682,9.67398358994265,9.67398358994265,74900
2011-02-22,9.744500160217285,9.84066335878452,9.558585376651477,9.66115896601374,54100
2011-02-23,9.885540962219238,9.885540962219238,9.680393745913728,9.738090941959454,49800
2011-02-24,9.834251403808594,10.167615536937875,9.725266822823485,9.776553612535682,58000
2011-02-25,10.244544982910156,10.35994055713636,9.879126479709463,9.879126479709463,51600
2011-02-28,9.924003601074219,10.526624334979735,9.879127810114777,10.315066161332657,70300
2011-03-01,10.27019214630127,10.513804149109603,10.161207539651114,10.167617931334668,89100
2011-03-02,10.359944343566895,10.385588357333475,10.21249493273068,10.276603744373258,44400
2011-03-03,10.513801574707031,10.603554372942812,10.263778630048694,10.411227996243431,27800
2011-03-04,10.417643547058105,10.4625193543862,10.321480928101609,10.456108350085897,17000
2011-03-07,10.468924522399902,10.468924522399902,10.340706953421472,10.417637739363203,33300
2011-03-08,10.533035278320312,10.648430867444414,10.449693476053532,10.500980268689402,7900
2011-03-09,10.50400447845459,10.549168918068355,10.32334548936085,10.529812202245878,7600
2011-03-10,10.43947982788086,10.510453198162713,10.374958694046292,10.504000961715429,18400
2011-03-11,10.704019546508789,10.762088466558756,10.362058265174404,10.362058265174404,25700
2011-03-14,10.678206443786621,10.749179814205045,10.510453218387521,10.749179814205045,9800
2011-03-15,10.413671493530273,10.620138149412963,10.368507066385728,10.465288157500947,14600
2011-03-16,10.220108032226562,10.749179079370911,10.065258059694425,10.749179079370911,19200
2011-03-17,10.14913272857666,10.38140825833851,10.007187255187723,10.310434906325066,14700
2011-03-18,10.323344230651855,10.362056426938011,10.258823083082575,10.329796468472637,6900
2011-03-21,10.342700958251953,10.54271540841545,10.32334424476315,10.362056441102224,2300
2011-03-22,10.316893577575684,10.323345816387572,10.220112456674794,10.323345816387572,13800
2011-03-23,10.065258979797363,10.323342290943286,10.065258979797363,10.233012824382637,11000
2011-03-24,9.942669868469238,10.245918248704921,9.871697105145657,10.168493248173956,41200
2011-03-25,9.962023735046387,10.220107627703806,9.807173768643375,10.05880542553757,19900
2011-03-28,9.871699333190918,9.955576589860385,9.691040957844024,9.903959911189844,38800
2011-03-29,10.362052917480469,10.413669571926471,9.6781319384114,10.123325736837941,23900
2011-03-30,10.38786506652832,10.400769541782678,10.226562817764336,10.394317304155498,4100
2011-03-31,10.265275955200195,10.387866020092881,10.252372094080563,10.381413781873412,7400
2011-04-01,10.03945255279541,10.336248724564046,9.832985249400314,10.336248724564046,16600
2011-04-04,10.233012199401855,10.31688942423127,9.92331224494166,10.103970551710107,6700
2011-04-05,10.323344230651855,10.329796468472637,9.90395861740933,10.103973067299421,12700
2011-04-06,10.323344230651855,10.323344230651855,9.845889707660831,10.271727558724137,52400
2011-04-07,10.291082382202148,10.355602906460577,10.00719072176284,10.02654681750845,13800
2011-04-08,10.239463806152344,10.323341025825465,10.14268273016286,10.149134350661505,12200
2011-04-11,10.258819580078125,10.349149648086179,10.123325708704154,10.284627907229403,29500
2011-04-12,10.323344230651855,10.336248706293418,10.18785031301178,10.291083656867215,11000
2011-04-13,10.258819580078125,10.420121778603374,10.22655963262832,10.342697412468596,12200
2011-04-14,10.284629821777344,10.452384902467884,10.19430096759212,10.258821489821685,15100
2011-04-15,10.323344230651855,10.452386525790416,10.25237146058106,10.323344230651855,16800
2011-04-18,10.342700958251953,10.413673113100497,10.09752084328125,10.245919236765738,11100
2011-04-19,10.323344230651855,10.452386525790416,10.316891992831074,10.400769853862698,21500
2011-04-20,10.084615707397461,10.478192935432848,10.045902900635678,10.387864078520666,22000
2011-04-21,10.220108032226562,10.323341347247988,9.994284694127876,10.149134666660013,31700
2011-04-25,10.323344230651855,10.471742008614228,10.116877542940983,10.22011088679642,21600
2011-04-26,10.433026313781738,10.433026313781738,10.258819642953624,10.32334076888679,16900
2011-04-27,10.265275955200195,10.43948269521002,10.239467617641626,10.426578218771084,38000
2011-04-28,10.19430160522461,10.336247747518758,10.01364327023519,10.291082702281997,63000
2011-04-29,9.99428653717041,10.16204101267531,9.200679820105178,10.13623267916065,32000
2011-05-02,9.420051574707031,10.032999996995946,9.349078191440814,9.994287186548988,30000
2011-05-03,8.987759590148926,9.665228398892136,8.968402881376347,9.46521399746176,23000
2011-05-04,9.000664710998535,9.123254755826167,8.742581377654894,9.071638089157439,114000
2011-05-05,9.097445487976074,9.123253818659332,8.774841046775776,9.032924353608358,25000
2011-05-06,9.342623710632324,9.471665970926077,9.258747102888124,9.258747102888124,19000
2011-05-09,9.245838165283203,9.303907031306142,8.878069500896318,9.245838165283203,13000
2011-05-10,9.465211868286133,9.536184605196432,9.136155277002153,9.20712862923143,20100
2011-05-11,9.407146453857422,9.523284261908739,9.361982024201556,9.413598691042317,10400
2011-05-12,9.607160568237305,9.613612189477712,8.929691112463031,9.407145542125226,22500
2011-05-13,9.374883651733398,9.594254741248985,9.271650342624666,9.594254741248985,2200
2011-05-16,9.587804794311523,9.794272077133998,9.13615865148852,9.48457146055989,9300
2011-05-17,9.503925323486328,9.729748649491334,9.368432066266198,9.678131994744886,10000
2011-05-18,9.35552978515625,9.510379785647745,9.297460881142138,9.452310881633633,12500
2011-05-19,9.174869537353516,9.316815033867671,9.032923425520284,9.316815033867671,17200
2011-05-20,9.03937816619873,9.278105420472711,8.994213118138775,9.18777593967205,9300
2011-05-23,9.078089714050293,9.213583617931008,8.99421247685564,8.99421247685564,13800
2011-05-24,9.232939720153809,9.29100800485435,9.039376925194517,9.097445825214221,14300
2011-05-25,9.962023735046387,9.994284298543448,9.078087741013697,9.284554978203447,92200
2011-05-26,9.89105224609375,9.9039567192621,9.652325030351607,9.9039567192621,9800
2011-05-27,10.058808326721191,10.065260564345385,9.703943256540692,9.903958315655998,18400
2011-05-31,10.07816219329834,10.23946440628068,9.99428496870923,9.99428496870923,31600
2011-06-01,10.14913272857666,10.323339375898048,10.000735020401233,10.110420550495668,17000
2011-06-02,9.987833023071289,10.174944186280436,9.839435278163643,10.174944186280436,34500
2011-06-03,9.929767608642578,10.1491381711521,9.774916967321502,9.981384283976503,16000
2011-06-06,10.187848091125488,10.27817755495851,9.762010332933912,9.929764787772754,58800
2011-06-07,10.245918273925781,10.484645513313696,10.174945510427497,10.174945510427497,40600
2011-06-08,10.37585735321045,10.492804602028313,10.135464994470716,10.24591562140668,39600
2011-06-09,10.343372344970703,10.59675858128435,10.310886755296595,10.421338008032995,38000
2011-06-10,10.486310005187988,10.544783954149606,10.200438123122668,10.395351079790991,47200
2011-06-13,10.791671752929688,10.850145688435553,10.349869235428532,10.382354204388621,101400
2011-06-14,10.57077407836914,10.869639859648009,10.492808391518428,10.78517816818041,45000
2011-06-15,10.291396141052246,10.66173027004255,10.102980455473357,10.66173027004255,29000
2011-06-16,10.479809761047363,10.525290449944382,10.226423547588567,10.271903616874555,23500
2011-06-17,10.135466575622559,10.557777424768853,10.005524203936485,10.505800723938883,80700
2011-06-20,10.271905899047852,10.388853169853649,10.031512875499384,10.14846076591635,23800
2011-06-21,10.56427001953125,10.609749457846036,9.966537603347454,10.252409332143198,76800
2011-06-22,10.57077407836914,10.603259058343783,10.25241594596068,10.518797366876184,59000
2011-06-23,9.791119575500488,10.135465972523031,9.784622952991677,10.07049479054603,606300
2011-06-24,9.6351900100708,9.927559105760025,9.583213309486545,9.843096812407824,1234400
2011-06-27,9.674173355102539,9.719652815607551,9.589711057299532,9.680669978309556,66600
2011-06-28,9.661178588867188,9.745640884217075,9.589710778776281,9.732646398958096,79700
2011-06-29,9.648185729980469,10.044508277567092,9.648185729980469,10.044508277567092,48400
2011-06-30,9.654678344726562,9.797614540082575,9.589707797463625,9.674170066555314,175000
2011-07-01,9.862588882446289,10.057501206602627,9.641687587483862,9.73914374956203,88800
2011-07-05,9.869083404541016,9.97303740680146,9.843095058878664,9.88207788717771,89700
2011-07-06,9.908065795898438,9.999025311510911,9.654678972156482,9.823603521317786,61600
2011-07-07,9.908065795898438,10.0639958629961,9.84309462480224,9.979533588415446,110500
2011-07-08,9.940553665161133,10.063998175070488,9.784623562240533,9.914565314674366,38900
2011-07-11,9.914565086364746,10.04450683580632,9.843096659463527,9.90157060161502,56100
2011-07-12,9.927558898925781,10.206934123453914,9.856091092014202,9.856091092014202,29400
2011-07-13,10.083489418029785,10.115974389868647,9.882079246728784,9.94055318741653,87300
2011-07-14,10.057502746582031,10.219930121323559,10.005526036233643,10.076994477671123,29000
2011-07-15,9.914565086364746,10.070495185694634,9.856091144213252,10.070495185694634,37200
2011-07-18,9.83010196685791,10.051003232119381,9.72614857605512,9.869084178603414,54800
2011-07-19,9.869083404541016,9.908066232840062,9.765130021891606,9.830101195853004,26600
2011-07-20,9.765132904052734,9.947051996993324,9.752139037191961,9.849595207287033,15100
2011-07-21,10.00552749633789,10.07049870356024,9.81061511389355,9.823608983571207,64800
2011-07-22,9.986034393310547,10.038011100892794,9.72615085539931,9.973040526220599,107700
2011-07-25,9.758637428283691,9.875584722231412,9.713157339893359,9.875584722231412,42900
2011-07-26,9.661178588867188,9.836600422196453,9.602704644424099,9.745640884217075,26400
2011-07-27,9.55722427368164,9.726148848269561,9.518241441234006,9.726148848269561,46300
2011-07-28,9.622193336486816,9.674170021901642,9.420783215796142,9.440274317923961,19300
2011-07-29,9.61569881439209,9.7456405646654,9.50524817175699,9.7456405646654,88900
2011-08-01,9.004973411560059,9.60270619878051,8.790569326971337,9.60270619878051,149800
2011-08-02,8.810059547424316,9.401294989589173,8.797065062290025,8.99847524459346,51800
2011-08-03,8.849041938781738,9.57021914851026,8.693111831750354,8.849041938781738,23800
2011-08-04,8.095376014709473,8.803559085678545,8.082381534326846,8.803559085678545,66400
2011-08-05,7.71854829788208,8.160350919726653,7.523635340032344,8.160350919726653,73600
2011-08-08,7.361207485198975,8.699609127785683,7.036352783752908,7.562617672724451,134000
2011-08-09,7.796512603759766,8.010916650794266,7.224768271797378,7.458663426850156,47900
2011-08-10,7.4716572761535645,8.010915969124456,7.406686095473007,7.705552411303594,42500
2011-08-11,7.725044250488281,7.783517570424416,7.309230051183194,7.510640218555797,37700
2011-08-12,8.088879585266113,8.530682048782436,7.744533875554796,7.744533875554796,30100
2011-08-15,7.861484050750732,8.147355916409317,7.718547808115854,8.147355916409317,29300
2011-08-16,7.809507846832275,8.335772151682717,7.738039411143323,7.803010603658514,50400
2011-08-17,8.277300834655762,8.29679257037573,7.718550755856234,7.809510330381864,43700
2011-08-18,7.939448356628418,8.244811302167543,7.6925587315719595,8.153852390564873,98900
2011-08-19,7.71204948425293,8.192834227995185,7.666570030540066,7.867979570935106,33500
2011-08-22,7.101322174072266,7.991423756337565,7.088327691890824,7.861482032578218,72400
2011-08-23,7.575613975524902,7.712053018806714,7.04285229204896,7.146805730813888,79900
2011-08-24,7.9134602546691895,8.108372568251061,7.4586632040151315,7.4586632040151315,38900
2011-08-25,7.608100891113281,8.082388692113097,7.582112526943585,7.991429727324901,38100
2011-08-26,7.491150379180908,7.8549879726681775,7.413185313350335,7.588607176177572,31100
2011-08-29,7.627590656280518,8.017416669286252,7.452169384155893,7.556122822394392,58600
2011-08-30,7.854987621307373,8.205830711657049,7.627589058098168,7.627589058098168,49200
2011-08-31,7.71204948425293,8.023910277228369,7.601598851283615,7.906962402411193,161800
2011-09-01,7.867980003356934,8.166846329062254,7.679564316691263,7.679564316691263,62600
2011-09-02,7.3871965408325195,7.932952590432596,7.341717076569589,7.751034113769647,52700
2011-09-06,7.283243656158447,7.601601168412782,7.146804633819265,7.244260812799563,28500
2011-09-07,7.4375081062316895,7.555668189010503,7.234010881483273,7.371863476680442,36200
2011-09-08,7.562232971191406,7.739472473873354,7.240575029378032,7.44407288538104,39700
2011-09-09,7.155235767364502,7.693520003578993,7.076462601925827,7.5097153248552795,22500
2011-09-12,7.4112467765808105,7.660695371157099,7.096154210400202,7.096154210400202,24200
2011-09-13,7.3849897384643555,7.568793752221246,7.266829702318258,7.40468286914426,17000
2011-09-14,7.483459949493408,7.5359754095855,7.293091250151159,7.391558207349081,29800
2011-09-15,7.673826217651367,7.719777700199073,7.293088939590201,7.404684413439178,28400
2011-09-16,7.877324104309082,7.903581826282108,7.483457648680239,7.693520050497909,59200
2011-09-19,7.647568702697754,7.7722933537993475,7.555666987184457,7.7722933537993475,34100
2011-09-20,7.549098968505859,7.772289820783519,7.3324727003618255,7.772289820783519,47400
2011-09-21,7.161799430847168,7.555665833286876,7.102719407877873,7.5294081148597884,31600
2011-09-22,6.807319641113281,7.056768269002006,6.728546489048425,7.017381379952897,43600
2011-09-23,6.833578586578369,6.991124919021833,6.669467667108059,6.8204500385581515,15100
2011-09-26,6.879532337188721,6.91891924988222,6.702292795152322,6.879532337188721,37400
2011-09-27,7.161799430847168,7.345603459836783,6.991123948054402,7.023946252596609,38500
2011-09-28,7.214315414428711,7.654132700938448,7.1946222806243245,7.1946222806243245,79500
2011-09-29,7.4112467765808105,7.463762204277579,7.142105053126554,7.398118232673259,45200
2011-09-30,7.4375081062316895,7.43750810623169,7.056770757315053,7.273397158387154,47100
2011-10-03,6.800759315490723,8.369660631853442,6.741679883957759,8.369660631853442,23300
2011-10-04,7.529407501220703,7.877322398533254,6.623515350265379,6.8795279275563725,48000
2011-10-05,7.588490962982178,7.627877242269409,7.240575281754448,7.5031531898150154,19400
2011-10-06,7.549098968505859,7.877320662788723,7.174926437354019,7.575356679007161,31700
2011-10-07,7.273395538330078,7.5162796119166,7.135542347804384,7.339040153259817,25700
2011-10-10,7.673826217651367,7.811679413227546,7.063334030985549,7.08959175271275,40400
2011-10-11,7.811679840087891,7.864195286411943,7.437507128520651,7.601618054791686,18400
2011-10-12,7.660701274871826,7.851070003488474,7.588492662649567,7.765732211207388,51300
2011-10-13,7.877324104309082,7.877324104309082,7.575359988602562,7.588489162605811,7900
2011-10-14,8.041435241699219,8.041435241699219,7.562231646159341,7.877324318399235,23000
2011-10-17,8.198982238769531,8.336835450495716,7.936404990735627,7.975791264923942,39700
2011-10-18,8.284317016601562,8.336832447290533,8.153028439879135,8.258059301257077,29000
2011-10-19,8.087387084960938,8.304013480019995,7.791987512247095,8.212111752439526,16100
2011-10-20,7.555666446685791,8.238367807247867,7.5031510055682045,8.139900885627311,13900
2011-10-21,8.034870147705078,8.034870147705078,7.398120256209415,7.778857524167001,45700
2011-10-24,8.389349937438965,8.389349937438965,7.490022183577236,8.015177245417942,28100
2011-10-25,7.667263031005859,8.166159794202663,7.549102958284589,8.166159794202663,24800
2011-10-26,8.100516319274902,8.153031771423072,7.601618897833713,7.831374470507137,22100
2011-10-27,8.671618461608887,8.717569305226736,8.16615667767937,8.402476732932978,67700
2011-10-28,8.599411964416504,8.77008683562657,8.435301053843926,8.56002507042437,24400
2011-10-31,8.258065223693848,8.474691687152184,8.23837207957048,8.461563133081194,21200
2011-11-01,8.100516319274902,8.336835853941668,8.002049376971904,8.002049376971904,20700
2011-11-02,8.10707950592041,8.842296334939542,7.555666727647696,8.244932700488588,35200
2011-11-03,8.284317016601562,8.290881601946012,8.041432993156745,8.198979285223656,14400
2011-11-04,7.936404705047607,8.166159632298363,7.713213739236259,8.166159632298363,12500
2011-11-07,7.7197794914245605,8.146467725004714,7.627877131038454,7.936405902446314,21400
2011-11-08,7.824805736541748,7.844498864154603,7.588486327087768,7.588486327087768,15100
2011-11-09,7.227444648742676,7.70008362024348,7.181493168099461,7.667261938969894,32200
2011-11-10,7.4375081062316895,7.470330421007314,7.207752528835906,7.43750810623169,6400
2011-11-11,7.864192485809326,7.870757070770423,7.450633649792707,7.463762193681621,11700
2011-11-14,7.509712219238281,7.851063087674809,7.4440682548696335,7.851063087674809,10700
2011-11-15,7.686956405639648,7.6869564056396475,7.384992252923223,7.595054054453414,15900
2011-11-16,7.791985511779785,7.877323255505099,7.503150601199297,7.60818147777402,24400
2011-11-17,7.476892948150635,7.8773233251398835,7.22087971471156,7.778857033989,164700
2011-11-18,7.581928730010986,7.673830494256062,7.470333193970124,7.470333193970124,12500
2011-11-21,7.496582984924316,7.647564652468121,7.299649857926749,7.470325276393518,18800
2011-11-22,7.220880508422852,7.483457731043018,7.15523588975107,7.483457731043018,89400
2011-11-23,6.676032066345215,7.207751079893583,6.57100118100398,7.207751079893583,41700
2011-11-25,6.781062602996826,6.925480375931635,6.636644830062018,6.702289443041502,17300
2011-11-28,6.656338214874268,6.932044572214428,6.564435887083083,6.925479986079331,36900
2011-11-29,6.6235151290893555,6.807319136961446,6.564435112907853,6.6563374298605575,23600
2011-11-30,7.483459949493408,7.568797728651474,6.649776551006202,6.886096121420614,36600
2011-12-01,7.155235767364502,7.549102220591352,7.063334054036115,7.450635920301375,27300
2011-12-02,7.654135704040527,7.68039343475975,7.135545052810633,7.253705154063972,24400
2011-12-05,7.7197794914245605,7.7197794914245605,7.352170675913747,7.686957175141407,27400
2011-12-06,7.739468097686768,7.752597266923571,7.115846957703282,7.700081216009605,20600
2011-12-07,7.7722930908203125,7.811679360126649,7.476893566888936,7.549102144639528,18900
2011-12-08,7.483459949493408,7.805117925099553,7.319348980197205,7.805117925099553,20900
2011-12-09,7.831374168395996,7.877325030744604,7.463765391506486,7.463765391506486,25400
2011-12-12,7.818245887756348,7.9954860217318195,7.693521835947905,7.693521835947905,18500
2011-12-13,7.325910568237305,7.883887885688505,7.201186558118842,7.883887885688505,16100
2011-12-14,7.757237911224365,7.797052928029077,6.901221061886192,7.233010548185301,30200
2011-12-15,7.664337158203125,7.836867840666566,7.485170534220731,7.836867840666566,15500
2011-12-16,7.392269611358643,7.73069438943248,7.306004273312153,7.73069438943248,94400
2011-12-19,7.166652202606201,7.4851697688900485,7.140109072082548,7.451990697525943,18700
2011-12-20,7.617885589599609,7.631157471573361,7.10029421654845,7.372361468628699,35100
2011-12-21,7.624518394470215,7.631154332727597,7.153377536440473,7.57806809234435,13200
2011-12-22,7.591344833374023,7.631159858912882,7.233012134877735,7.591344833374023,24300
2011-12-23,7.398904323577881,7.564799045028848,7.160016152510219,7.564799045028848,11800
2011-12-27,7.332545757293701,7.398903256601968,7.3060026310027855,7.3060026310027855,25500
2011-12-28,7.093657493591309,7.2197378270908015,6.954305912419186,7.140108442540745,18000
2011-12-29,7.0007548332214355,7.100291376863341,6.735322995446506,7.100291376863341,45500
2011-12-30,6.801685333251953,7.014030428952537,6.688876842951442,6.96758009747761,59800
2012-01-03,7.9430437088012695,7.9430437088012695,7.027304278339602,7.027304278339602,32000
2012-01-04,8.175292015075684,8.221742969369183,7.803688177756698,7.803688177756698,59300
2012-01-05,8.128839492797852,8.128839492797852,7.889951376341388,8.095660429524955,25200
2012-01-06,8.069120407104492,8.221743903690449,7.936404735837295,8.13547855915721,17300
2012-01-09,7.982852935791016,8.128840451710268,7.810322925527976,8.128840451710268,11200
2012-01-10,8.500447273254395,8.513718524186007,7.843503581925934,8.10893556177894,29800
2012-01-11,8.261555671691895,8.37436411474497,7.936402221874457,8.37436411474497,21000
2012-01-12,8.102296829223633,8.367728084816024,7.823593694432605,8.288098708138307,20800
2012-01-13,7.8965888023376465,7.976218828702186,7.79705221863922,7.976218828702186,15500
2012-01-17,7.936407566070557,7.95631476565026,7.717426472178419,7.923135677791778,14000
2012-01-18,8.02930736541748,8.035942675462223,7.5117152116267585,7.929770120686182,10300
2012-01-19,7.962948322296143,8.274830642114125,7.88995485716354,8.055849613878042,11500
2012-01-20,8.062485694885254,8.181930133660494,7.850140588474461,7.982856279981206,6800
2012-01-23,8.175292015075684,8.281464540023965,7.810324118775508,8.082391372165022,8900
2012-01-24,8.168656349182129,8.221742609331574,7.956310675746209,8.089026326119821,16300
2012-01-25,8.195199966430664,8.288100610795718,7.856774563231231,7.856774563231231,23800
2012-01-26,8.228377342224121,8.274828291237506,7.929766991540796,8.261556410708511,15000
2012-01-27,8.089024543762207,8.162018610012588,8.075753298068138,8.128839546520414,18600
2012-01-30,7.989490985870361,8.09566352263862,7.982855044112785,8.089027580881044,6100
2012-01-31,8.042573928833008,8.082388930077625,7.870043311502956,8.082388930077625,8300
2012-02-01,8.321279525756836,8.374365788055272,7.936403807674096,8.12220572571862,18100
2012-02-02,8.493810653686523,8.613254433894157,7.989490501757672,8.37436624064069,41500
2012-02-03,8.818964958190918,8.85214403503511,8.414181992638897,8.626527071900513,28500
2012-02-06,8.580076217651367,8.772514092136099,8.42745272666653,8.772514092136099,14900
2012-02-07,8.785784721374512,8.79242066243487,8.427452131011448,8.46726714453542,13500
2012-02-08,8.75924301147461,8.75924301147461,8.520354790077054,8.692885488616646,8700
2012-02-09,8.44736099243164,8.679613912783605,8.44736099243164,8.626527639475436,7700
2012-02-10,8.440719604492188,8.5004417771658,8.380997431818574,8.434083666897822,8000
2012-02-13,8.526987075805664,8.593344570209247,8.235012075348289,8.566801445880214,16300
2012-02-14,8.25492000579834,8.487172839278136,8.122204372169053,8.487172839278136,7700
2012-02-15,8.2217435836792,8.301372983340139,7.9098612937118595,8.301372983340139,28400
2012-02-16,8.301374435424805,8.301374435424805,8.029307114116756,8.115571837543623,6800
2012-02-17,8.25492000579834,8.301370952197134,8.14874749889491,8.301370952197134,9800
2012-02-21,8.261555671691895,8.261555671691895,7.996124413236443,8.24828442518814,9100
2012-02-22,7.909862995147705,8.195202213272074,7.863412660230101,8.195202213272074,23900
2012-02-23,8.580076217651367,8.580076217651367,7.863410986271109,7.9430403861091134,13600
2012-02-24,7.916497230529785,8.526989927073005,7.8036887562008275,8.526989927073005,27500
2012-02-27,7.962948322296143,8.13547902116041,7.7638744876710835,7.903226108624797,20100
2012-02-28,7.996124267578125,8.062481764564192,7.856772701217947,7.9496733235660475,7900
2012-02-29,7.777144908905029,7.97621870607958,7.730693955433469,7.97621870607958,30000
2012-03-01,7.637796401977539,7.856777477547841,7.637796401977539,7.856777477547841,16900
2012-03-02,7.465260028839111,8.195196818127442,7.438716907383423,7.677605000484618,34600
2012-03-05,7.584705352783203,7.637791602420554,7.412174725042806,7.438717849861481,6300
2012-03-06,7.3391828536987305,7.697515431516757,7.325910972042657,7.531620707844741,9700
2012-03-07,7.677610397338867,7.724061367166744,7.332549575859896,7.405543052963161,5700
2012-03-08,7.483150959014893,7.737953670456123,7.402687045844557,7.657489757285788,18000
2012-03-09,8.053107261657715,8.133571202654984,7.449626744972356,7.449626744972356,20000
2012-03-12,8.026285171508789,8.04640099494441,7.771482396599089,7.992758372802421,12100
2012-03-13,8.314613342285156,8.428604063738957,7.885472404548904,8.053105743219737,25000
2012-03-14,8.012872695922852,8.314612548841966,8.012872695922852,8.294496729172792,12900
2012-03-15,7.818418502807617,7.986051834821401,7.650785170793833,7.986051834821401,23800
2012-03-16,7.711132526397705,7.8318287183979205,7.711132526397705,7.818417746188851,37500
2012-03-19,7.711132526397705,7.778186108502347,7.583731487763306,7.711132526397705,26900
2012-03-20,7.664196014404297,7.704427655302308,7.509973019040845,7.697722168662505,20400
2012-03-21,7.771480083465576,7.885470781456295,7.577025476211464,7.644078414195806,32400
2012-03-22,7.7312517166137695,7.7312517166137695,7.416101405917029,7.724546867055798,12000
2012-03-23,7.878764629364014,7.9055859301830385,7.650783252667176,7.650783252667176,8800
2012-03-26,8.019579887390137,8.032990223530705,7.845241041269141,7.878767840826335,26400
2012-03-27,7.999463081359863,8.113453802177514,7.932409490477562,8.046400211295213,14400
2012-03-28,7.992759704589844,8.234151544450526,7.851947638136795,8.046402335669995,26200
2012-03-29,7.965939998626709,8.01287715043819,7.865359565425454,7.912297356707667,9600
2012-03-30,7.992759704589844,8.01287553137725,7.798305007056643,8.01287553137725,63200
2012-04-02,8.012872695922852,8.234148630694893,7.744659635432611,8.032988515592024,28500
2012-04-03,7.818418502807617,8.05310542341508,7.784891708510777,7.999462808328302,28000
2012-04-04,7.677609443664551,7.838537351080158,7.6709039543212345,7.791600204618271,16000
2012-04-05,7.691019535064697,7.858652912484334,7.670903069355518,7.670903069355518,8300
2012-04-09,7.530090808868408,7.711135158670013,7.530090808868408,7.583734076545993,22100
2012-04-10,7.255169868469238,7.6641955776000374,7.047304910245386,7.523383563541468,28600
2012-04-11,7.355752468109131,7.42951092083467,7.020485727495759,7.35575246810913,24600
2012-04-12,7.188117980957031,7.315519041228276,7.027189484469065,7.3088135539849315,27900
2012-04-13,6.8997883796691895,7.2149392438974544,6.89308289246912,7.114358854307775,17600
2012-04-16,7.281994819641113,7.3490484368460605,6.9064963538113355,6.913201843425967,18600
2012-04-17,7.429511070251465,7.550207303930211,7.281993522363062,7.3021099876232345,12400
2012-04-18,7.221646308898926,7.4697436342722625,7.087539093479311,7.3959845378973545,23100
2012-04-19,7.416098117828369,7.563614974229025,7.1076527934455545,7.241759317205399,21600
2012-04-20,7.697727680206299,7.697727680206299,7.442925400160353,7.670906353913522,46900
2012-04-23,7.429511070251465,7.530090838670039,7.37586844183215,7.530090838670039,29800
2012-04-24,7.5971455574035645,7.657493683087847,7.375869522874968,7.402690841015687,8300
2012-04-25,7.630669593811035,7.697722545076706,7.496563051809259,7.677606723644048,16200
2012-04-26,7.570320129394531,7.6910163152380715,7.503266550710271,7.590435947211681,9200
2012-04-27,7.4764485359191895,7.577028948189541,7.375868763119437,7.577028948189541,27000
2012-04-30,7.3691630363464355,7.5703232149180595,7.3691630363464355,7.395984350857947,17000
2012-05-01,7.436214923858643,7.577026952370201,7.375866820286483,7.402688128599618,25000
2012-05-02,7.6373748779296875,7.670901032936849,7.422803776955431,7.442920237324229,23900
2012-05-03,7.389279842376709,7.664198488657295,7.375868864767603,7.590439390748429,14000
2012-05-04,7.355752468109131,7.476448059889964,7.35575246810913,7.375868293494176,20800
2012-05-07,7.281994819641113,7.369164266219269,7.20153086267759,7.362458776604638,4900
2012-05-08,7.409393310546875,7.543499846592211,7.11435829177673,7.214938673413537,15700
2012-05-09,7.5233845710754395,7.577027189379648,7.281992149236049,7.281992149236049,17000
2012-05-10,7.530090808868408,7.577028588152474,7.4831536690549125,7.577028588152474,9800
2012-05-11,7.577027320861816,7.577027320861816,7.322224559760075,7.436215285502182,16600
2012-05-14,7.194820880889893,7.5032661764038755,7.194820880889893,7.442918725962905,11100
2012-05-15,7.154591083526611,7.409393839953807,7.074127156150199,7.2283495237540425,15000
2012-05-16,7.308815956115723,7.429512208282366,7.201530682843448,7.214941661737818,9200
2012-05-17,7.147884368896484,7.308812196013735,7.1411788828990135,7.302107349486605,30300
2012-05-18,7.188117980957031,7.3557513252178826,7.100948565204933,7.100948565204933,16400
2012-05-21,7.288699150085449,7.362457605704043,7.1881193797445855,7.241762009189124,20300
2012-05-22,7.154591083526611,7.375867043679356,7.14788559637763,7.308813451130454,13000
2012-05-23,7.395981788635254,7.395981788635254,7.060715153653978,7.060715153653978,11000
2012-05-24,7.4898576736450195,7.503268008304789,7.208233611614984,7.375866951419984,11000
2012-05-25,7.442922115325928,7.483153767273959,7.389279486414833,7.463037941299943,17900
2012-05-29,7.6373748779296875,7.7111333142040275,7.476446392331391,7.530089007707351,12600
2012-05-30,7.603846549987793,7.6977207882289385,7.550203945429913,7.556909430867219,16400
2012-05-31,7.543500900268555,7.637375808347941,7.543500900268555,7.630670320741451,26500
2012-06-01,7.590440273284912,7.637378060903607,7.523387295854994,7.543503125136901,23700
2012-06-04,7.7647786140441895,7.771484103152032,7.570323906211224,7.664198835309104,18700
2012-06-05,7.704427242279053,7.7848911592319245,7.570320714024268,7.778186312421961,15500
2012-06-06,7.878764629364014,7.878764629364014,7.691015523630839,7.751363610341209,21900
2012-06-07,8.120162963867188,8.120162963867188,7.845244246234417,7.939119195450562,17000
2012-06-08,8.2006254196167,8.240857715995542,8.073224320113232,8.073224320113232,15100
2012-06-11,8.307909965515137,8.589534075496704,8.207329560824261,8.260972187537842,29600
2012-06-12,8.361552238464355,8.415194862908399,8.20732921358484,8.328025438319198,14500
2012-06-13,8.205833435058594,8.476653410341752,8.138128925500965,8.354784389180121,25100
2012-06-14,8.388633728027344,8.584977827600996,8.165207705949877,8.165207705949877,17200
2012-06-15,8.33446979522705,8.388633639664137,8.25999402486309,8.341239791518719,39700
2012-06-18,8.219371795654297,8.341240127707595,8.185519230095721,8.307388207833002,19600
2012-06-19,8.287077903747559,8.368323689586168,8.199061474334703,8.280307260173313,22100
2012-06-20,8.077191352844238,8.320928657082094,7.901158532497135,8.320928657082094,26200
2012-06-21,7.731893539428711,8.09072904589823,7.670959074131602,8.016253947026062,22200
2012-06-22,7.840226173400879,8.02302968546787,7.78606231331084,7.853767461265461,198300
2012-06-25,8.016256332397461,8.104272736719182,7.5897155940770915,7.779289040324836,83500
2012-06-26,8.056879997253418,8.124585131623888,7.914699731622639,7.97563422341926,13100
2012-06-27,8.009488105773926,8.07042260757608,7.813143958680386,8.016258749459526,24200
2012-06-28,8.083958625793457,8.083958625793457,7.90115587062175,7.948549057947053,12300
2012-06-29,8.02979850769043,8.178749423965106,7.8266843849424745,8.178749423965106,55400
2012-07-02,7.989173889160156,8.151665403891416,7.901157490593087,8.151665403891416,32800
2012-07-03,8.036568641662598,8.104273775413409,7.968864153595794,8.029797999150714,10200
2012-07-05,7.955320835113525,8.05010786899936,7.853763806130294,8.05010786899936,24000
2012-07-06,7.8943891525268555,7.989176219948858,7.85376658483462,7.85376658483462,15700
2012-07-09,7.874078273773193,7.935012774130474,7.772520557949689,7.935012774130474,15900
2012-07-10,7.887618064880371,7.921470633172346,7.786061005688484,7.84699549947723,19000
2012-07-11,7.914698600769043,7.955321804723878,7.867305400891671,7.955321804723878,19700
2012-07-12,7.941779136657715,7.962091057935187,7.72512380850181,7.8876153046187385,20300
2012-07-13,7.935013771057129,8.117816649411566,7.799604111964179,7.989177634694309,40400
2012-07-16,7.901158332824707,7.96209281876527,7.7386668007725055,7.94178089299578,39500
2012-07-17,7.853765487670898,7.955322538398133,7.792830998960965,7.955322538398133,12400
2012-07-18,8.002714157104492,8.05687799285231,7.867304567734946,7.867304567734946,41400
2012-07-19,7.948553562164307,7.97563549108014,7.792832632319297,7.9688654931142695,17700
2012-07-20,7.928239822387695,7.98240366345073,7.867305339770802,7.867305339770802,19400
2012-07-23,7.71835470199585,7.907928797491394,7.71835470199585,7.833453029373881,11600
2012-07-24,7.616796493530273,7.77251735635865,7.535550741748011,7.77251735635865,109600
2012-07-25,7.623569488525391,7.6845039826004236,7.589716920074368,7.6709626969463995,6900
2012-07-26,7.630341053009033,7.711586839694612,7.569406551573819,7.711586839694612,57200
2012-07-27,7.7589802742004395,7.799603491539014,7.5490948350387175,7.555865478875836,28900
2012-07-30,7.684503555297852,7.853765742456977,7.616798422160601,7.7792899668692,4700
2012-07-31,7.616796493530273,7.718353521837141,7.5490913775364685,7.63033777500257,17500
2012-08-01,7.528781414031982,7.684502949702047,7.49492885013119,7.623568463817411,34800
2012-08-02,7.704813003540039,7.7386655620531615,7.494927657305755,7.5558621334926075,60500
2012-08-03,7.955320835113525,8.02302595155824,7.711583578143465,7.711583578143465,30700
2012-08-06,8.023030281066895,8.083964143928577,7.813144823373791,7.874079331919666,21300
2012-08-07,7.975633144378662,8.04333826958916,7.921469302483834,8.02979698627349,25400
2012-08-08,7.995945930480957,8.002715927183964,7.786060536271802,7.9146995132049,12700
2012-08-09,7.962093830108643,8.016257681005923,7.887618050861857,8.016257681005923,6600
2012-08-10,8.002714157104492,8.043337356757283,7.968862244024996,7.9959441618989056,11100
2012-08-13,8.165207862854004,8.27353555495091,8.043338886402996,8.043338886402996,38500
2012-08-14,8.185515403747559,8.632367252323132,8.104269671795972,8.307384324516782,19600
2012-08-15,8.19905948638916,8.300617178326808,8.029797312177035,8.131355004114681,7800
2012-08-16,8.104273796081543,8.19229021190846,8.043339304687214,8.165208287475872,8300
2012-08-17,8.171978950500488,8.21260216330298,7.914700324575536,8.090733170579565,28600
2012-08-20,8.104273796081543,8.124585077984982,7.989175455822035,8.124585077984982,20500
2012-08-21,8.205833435058594,8.239686012679515,7.914702171476568,8.09073505855799,44700
2012-08-22,8.287077903747559,8.300619190896048,8.144897617108963,8.165209547831697,25700
2012-08-23,8.266762733459473,8.320926565229058,6.939747563737038,8.253221452675174,25200
2012-08-24,8.178750991821289,8.259996785631998,8.111045840803614,8.22614421012316,25900
2012-08-27,8.192292213439941,8.192292213439941,7.989177407728738,8.124587062974818,16000
2012-08-28,8.151668548583984,8.212603051536055,7.9891769711678835,8.212603051536055,37700
2012-08-29,8.165207862854004,8.212601066725407,8.036568244225945,8.124584655475676,38400
2012-08-30,8.07042121887207,8.158437634587226,8.036568651953317,8.097503143270272,15600
2012-08-31,8.165207862854004,8.165207862854004,7.989175040354543,8.1042733746285,33000
2012-09-04,8.09073257446289,8.212601558207126,8.023028085692548,8.212601558207126,9700
2012-09-05,8.097500801086426,8.205828467345697,7.982402494264994,8.117812077089082,50800
2012-09-06,8.185515403747559,8.2735317747827,8.01625330076083,8.104269671795972,41700
2012-09-07,8.165207862854004,8.22614170539553,8.09750273245145,8.171977859347079,26800
2012-09-10,8.1448974609375,8.165209391270771,8.056881033212285,8.124586176288327,23500
2012-09-11,8.158437728881836,8.192290296191855,8.056880026951779,8.111043876374202,16800
2012-09-12,8.302047729492188,8.390949469558576,8.206307243533299,8.274693398100892,43300
2012-09-13,8.411463737487793,8.459333646879555,8.240499030027385,8.295207684240427,29100
2012-09-14,8.438817024230957,8.965387919158859,8.329399729294174,8.507202507477187,32800
2012-09-17,8.507206916809082,8.514045664331823,8.34308088933649,8.411467060206165,18700
2012-09-18,8.473013877868652,8.548238138704882,8.411466458921366,8.548238138704882,18800
2012-09-19,8.479851722717285,8.555076633514517,8.411466210931104,8.555076633514517,11600
2012-09-20,8.561915397644043,8.616624068055032,8.411466227924427,8.466174898335415,34500
2012-09-21,8.568754196166992,8.643979113295332,8.561916100938019,8.643979113295332,44600
2012-09-24,8.616620063781738,8.616620063781738,8.52771835263315,8.596103832777723,33500
2012-09-25,8.58926773071289,8.68500755552601,8.575590240208934,8.678168810274032,51400
2012-09-26,8.630298614501953,8.650814197405639,8.486688229818904,8.630298614501953,26300
2012-09-27,8.6439790725708,8.650817167767558,8.534561071097706,8.616624735247239,36000
2012-09-28,8.555076599121094,8.616624016006377,8.459336100390786,8.616624016006377,31500
2012-10-01,8.602946281433105,8.637139362320399,8.555076359498157,8.623461869093973,27300
2012-10-02,8.582430839538574,8.643978255745289,8.486690341863822,8.602946427547884,20500
2012-10-03,8.493528366088867,8.63030002814772,8.473012779824723,8.63030002814772,37800
2012-10-04,8.534562110900879,8.589271444392327,8.390952311589697,8.466176585349686,34700
2012-10-05,8.438817024230957,8.596104222657953,8.390947120740746,8.5619118071241,15500
2012-10-08,8.349916458129883,8.473011257962803,8.349916458129883,8.452495023204909,4100
2012-10-09,8.254179954528809,8.38411356175505,8.206310021434364,8.38411356175505,9400
2012-10-10,8.178953170776367,8.274693659762756,8.110567014046271,8.274693659762756,19700
2012-10-11,8.117405891418457,8.206307635733687,8.035342893322568,8.206307635733687,24000
2012-10-12,7.932764053344727,8.03534263461729,7.891732229528472,7.994310810801037,6100
2012-10-15,8.09005069732666,8.09005069732666,7.96011779388754,7.966955887200055,8700
2012-10-16,7.980633735656738,8.137920975927242,7.8643776658138895,8.137920975927242,13500
2012-10-17,8.137920379638672,8.137920379638672,8.001148734603643,8.001148734603643,13700
2012-10-18,7.987473487854004,8.192630670198914,7.905410484480285,8.110567666825194,17100
2012-10-19,7.980633735656738,8.185791544331101,7.69341293394837,7.9327638194315755,34600
2012-10-22,8.035341262817383,8.055856845133716,7.864376555097864,7.98747135335307,12100
2012-10-23,7.891730785369873,8.076372980486083,7.830183386997803,8.02850241943081,14300
2012-10-24,7.809666633605957,7.932761411887814,7.713926178033569,7.898568345456354,25100
2012-10-25,7.754963397979736,7.8780582621314625,7.693415965903873,7.8780582621314625,14000
2012-10-26,7.666058540344238,7.741282786966536,7.631865463814579,7.7139284561785475,7100
2012-10-31,8.0421781539917,8.04901689724707,7.55663846989411,7.69341007410925,26200
2012-11-01,7.966955661773682,8.021664319797813,7.891731420035166,8.021664319797813,17200
2012-11-02,7.871216773986816,7.9601185169111925,7.741283206567065,7.9601185169111925,37300
2012-11-05,7.768634796142578,7.966953798133676,7.734442382009815,7.741280473529271,23000
2012-11-06,7.754963397979736,7.864380765146181,7.6387072823206505,7.816510830055599,8700
2012-11-07,7.638704776763916,7.809669519928411,7.536126191736715,7.809669519928411,30600
2012-11-08,7.542964458465576,7.809669698691405,7.522448871426283,7.741283538988756,17100
2012-11-09,7.618187427520752,7.666057335833617,7.187356296169198,7.563478774540737,30300
2012-11-12,7.645541667938232,7.700250320302344,7.6318641787579145,7.686572831122026,4400
2012-11-13,7.679736614227295,7.727607189935867,7.460901932743975,7.6181898491942075,60000
2012-11-14,7.713927268981934,7.775474666827251,7.6181874520479615,7.666057360514947,30800
2012-11-15,7.707093238830566,7.8301874472247786,7.645545808543994,7.73444757982694,37000
2012-11-16,7.7412848472595215,7.8028322709576186,7.652383085493254,7.672899328178529,17300
2012-11-19,7.830185413360596,7.857539747251773,7.700252490422194,7.8165085725043895,18600
2012-11-20,7.789153575897217,7.79599166965414,7.700251835270128,7.79599166965414,7400
2012-11-21,7.97379732131958,7.973797321319581,7.693415183427725,7.768639452659064,25000
2012-11-23,8.062694549560547,8.131080684695293,7.953277255087767,7.960115999036946,13900
2012-11-26,8.069536209106445,8.110567383269414,7.987473208601752,8.001150049263158,14600
2012-11-27,8.192631721496582,8.192631721496582,7.960120174857341,8.042183188761578,31300
2012-11-28,8.178953170776367,8.19263001081515,8.069535841751195,8.19263001081515,9600
2012-11-29,8.096887588500977,8.172111815140424,8.042178941458012,8.172111815140424,30300
2012-11-30,8.069536209106445,8.137921716770977,7.878055874595496,8.131083622529653,50400
2012-12-03,8.049022674560547,8.083215111022655,7.768639869447245,8.083215111022655,41700
2012-12-04,7.97379732131958,8.124246511961145,7.871218713078766,8.007990408126147,35800
2012-12-05,7.966955661773682,8.096889213714975,7.932763239642587,7.9737944070713604,21700
2012-12-06,8.076372146606445,8.144757630486865,7.816505742632389,7.925923038583881,20700
2012-12-07,8.076372146606445,8.137918886445263,7.898568714596007,8.110564562457391,30900
2012-12-10,8.144760131835938,8.158437624119653,7.994310977608715,8.062697134669833,18200
2012-12-11,8.192631721496582,8.206309216570052,8.042183188761578,8.172116131065238,42900
2012-12-12,8.14427661895752,8.227169940874274,8.109737570131148,8.227169940874274,14600
2012-12-13,8.15118408203125,8.213354234514027,8.047566941634111,8.171907246599668,11900
2012-12-14,8.03375244140625,8.178815923999323,7.978490225063896,8.10973782418259,33000
2012-12-17,8.185722351074219,8.213353454132617,7.98539668920647,8.033750954864301,20100
2012-12-18,8.372232437133789,8.392955600488436,8.151183604610912,8.220261035385569,42200
2012-12-19,8.544928550720215,8.565651717830248,8.261709518031896,8.37914189628475,25300
2012-12-20,8.517295837402344,8.551834881931986,8.482756792872701,8.503480614856976,32200
2012-12-21,8.489664077758789,8.565649442832607,8.303154305749441,8.565649442832607,117700
2012-12-24,8.538020133972168,8.538020133972168,8.496573802056869,8.531112851171331,4200
2012-12-26,8.43440055847168,8.558740826265002,8.34459932715176,8.538017009114563,27700
2012-12-27,8.310064315795898,8.37223447980571,8.116646540147986,8.316972258192022,21100
2012-12-28,8.227167129516602,8.282429325243774,8.220259190356371,8.234075068676832,18100
2012-12-31,8.475851058959961,8.482758342105404,7.695271408651246,8.22026247802815,42800
2013-01-02,8.517295837402344,8.58637392646163,8.358417154854461,8.531111718725194,49800
2013-01-03,8.45512580871582,8.544927062253345,8.372232495937528,8.544927062253345,14500
2013-01-04,8.413678169250488,8.489663529416458,8.386047069301283,8.489663529416458,16800
2013-01-07,8.310064315795898,8.365326537409588,8.261710036578332,8.358419253791112,12200
2013-01-08,8.310064315795898,8.330788142984266,8.213355757360766,8.330788142984266,6400
2013-01-09,8.310064315795898,8.344603368998866,8.227170983375364,8.303157032177422,9400
2013-01-10,8.296245574951172,8.351507773152193,8.178813239079657,8.351507773152193,11900
2013-01-11,8.261711120605469,8.35151240720504,8.23408000617312,8.31697334947017,5800
2013-01-14,8.275521278381348,8.289337156522002,8.206443864010062,8.247890180877368,8900
2013-01-15,8.289339065551758,8.351509213947793,8.13046038300854,8.220260976494501,25800
2013-01-16,8.192630767822266,8.25480092301153,8.185723485183777,8.227169816124919,11300
2013-01-17,8.234075546264648,8.275521866075303,8.185721286893092,8.240983485825549,9900
2013-01-18,8.234075546264648,8.261706645730877,8.185721286893092,8.20644444679842,17800
2013-01-22,8.247892379760742,8.254800320672723,8.192630170019909,8.21335399275585,13200
2013-01-23,8.185722351074219,8.247891838872517,8.17190647015629,8.247891838872517,15300
2013-01-24,8.213353157043457,8.275522642592994,8.164998234357235,8.275522642592994,14200
2013-01-25,8.185722351074219,8.22026073581412,8.075197280063167,8.22026073581412,16800
2013-01-28,8.130457878112793,8.151181034934424,8.013025558161422,8.151181034934424,27200
2013-01-29,8.14427661895752,8.220261999353488,8.130461394693508,8.192630892047903,9600
2013-01-30,8.123552322387695,8.171906588747245,8.102828500710057,8.144275485287864,11500
2013-01-31,8.123552322387695,8.178814529306457,8.026843130891127,8.13736754472865,25500
2013-02-01,8.019938468933105,8.171909929475325,7.999215297561175,8.171909929475325,24300
2013-02-04,7.902507305145264,8.075201964127071,7.895600019457152,7.9992165513351,9600
2013-02-05,7.978487968444824,8.144274570581144,7.888686727593301,8.019934289590205,27700
2013-02-06,7.957768440246582,8.047569063310778,7.757442047753182,7.957768440246581,22500
2013-02-07,7.937038421630859,8.013024417118677,7.826514055950963,7.950854296729439,16400
2013-02-08,7.881780624389648,7.964673944773265,7.812703186792077,7.950858720764771,22200
2013-02-11,7.937038421630859,7.950854296729439,7.7850677482095945,7.902499392661596,19900
2013-02-12,8.061381340026855,8.144274641820093,7.874870916909019,7.950856937635872,19000
2013-02-13,8.07519817352295,8.220261645324081,7.916319478052798,7.916319478052798,36400
2013-02-14,8.013029098510742,8.06829131363612,7.992305273755548,8.061383372051056,2600
2013-02-15,7.978487968444824,8.082104430085675,7.964672088878099,8.082104430085675,26100
2013-02-19,8.013029098510742,8.09592242119881,7.902504009482415,8.026844322903303,27300
2013-02-20,7.930135726928711,7.999213830536815,7.916320501473662,7.950859553277714,21800
2013-02-21,7.715994358062744,7.985398156466238,7.6952711916555785,7.874873065146992,19900
2013-02-22,7.709084510803223,7.743623552129529,7.688361349518407,7.743623552129529,7600
2013-02-25,7.56402063369751,7.874870670385307,7.536389533964758,7.743623111349084,20700
2013-02-26,7.33606481552124,7.598560625265527,7.301525771832723,7.598560625265527,30300
2013-02-27,7.087383270263672,7.522573540414316,7.032121076477302,7.308432045409149,101500
2013-02-28,7.094289779663086,7.1840903323879015,7.0735659670861155,7.094289779663086,34500
2013-03-01,7.377514362335205,7.391329589342952,6.963047011659727,7.052848292932004,291100
2013-03-04,7.211722373962402,7.294616317638403,7.0942907144388165,7.266985222672159,81500
2013-03-05,7.598560333251953,7.75743900582496,7.246263286967323,7.246263286967323,119400
2013-03-06,7.681452751159668,7.743622888463252,7.49494299802628,7.667637531079628,110700
2013-03-07,7.833426475524902,7.874872806980477,7.702178222101277,7.702178222101277,95700
2013-03-08,7.909411430358887,7.9784895241067035,7.854149218871643,7.8955962068758385,85700
2013-03-11,7.930135726928711,8.006121772653149,7.909412559357328,7.923228443589997,40400
2013-03-12,7.812704086303711,7.943951693994508,7.736718039786952,7.943951693994508,121800
2013-03-13,7.847244739532471,8.019939391308274,7.750536156155824,7.840337454132579,95500
2013-03-14,7.910074710845947,7.951964190549929,7.7983703193829195,7.931019117792592,39700
2013-03-15,7.847242832183838,7.931021147218688,7.784408929454984,7.889132322606694,351800
2013-03-18,7.819314479827881,7.889130055196703,7.777425667255125,7.80535176424052,57500
2013-03-19,7.861205577850342,7.951965578204765,7.770445577495918,7.854223885712892,97200
2013-03-20,7.944986820220947,7.958949543841595,7.8332823680115435,7.917060707168596,49700
2013-03-21,7.993852138519287,8.105556517882079,7.94498163900072,7.94498163900072,64100
2013-03-22,7.910074710845947,8.0357424841472,7.693647618839004,8.0357424841472,89100
2013-03-25,7.986873626708984,8.084615330452756,7.889132588776096,8.02876311854514,48100
2013-03-26,8.014799118041992,8.028762502853546,7.986873014229718,8.028762502853546,47100
2013-03-27,7.986873626708984,8.021781425603965,7.889132588776096,8.000837012591331,35900
2013-03-28,7.958944320678711,8.021778200263697,7.875166036502269,8.021778200263697,80400
2013-04-01,7.965926647186279,8.084612725703694,7.924037834656998,7.99385274414269,51100
2013-04-02,7.993852138519287,8.09159380336704,7.965926043678589,8.08461211320421,64400
2013-04-03,7.951964378356934,8.077631488815461,7.896112181306321,8.007816575407547,35100
2013-04-04,8.028759956359863,8.189334835897963,7.979889456641421,7.979889456641421,34500
2013-04-05,7.938002586364746,8.063670387808312,7.868187658971198,7.979892075449548,40000
2013-04-08,7.986873626708984,8.098578716335103,7.910077001788732,8.021781425603965,34800
2013-04-09,8.028759956359863,8.11951993141599,7.958944386067268,8.02177826616848,43800
2013-04-10,8.119522094726562,8.210282093964167,8.084614300279668,8.126503786778102,59100
2013-04-11,8.098577499389648,8.154429702904546,8.056688013848081,8.13348462722837,25600
2013-04-12,8.070650100708008,8.147446701747361,8.056686719167756,8.056686719167756,36200
2013-04-15,7.7564802169799805,8.112538435541648,7.714591406449572,8.105556745183033,46000
2013-04-16,7.958944320678711,8.04272327066577,7.784406062191803,7.826295537185333,38700
2013-04-17,7.763463497161865,7.924039079239908,7.693648576710747,7.889131286108961,34100
2013-04-18,7.770442008972168,7.826294188800409,7.707608140212772,7.763460320041013,33300
2013-04-19,7.951964378356934,8.014797600680843,7.77742609612109,7.77742609612109,16500
2013-04-22,7.938002586364746,8.007818179569137,7.875168685642964,7.986873102121314,26000
2013-04-23,8.021777153015137,8.098574402842237,7.8681839849819974,7.993851061935427,59200
2013-04-24,7.931021213531494,8.021781222030826,7.8612062833241465,8.021781222030826,31900
2013-04-25,8.014799118041992,8.091596402883873,7.9519658838225,7.958946910417443,70800
2013-04-26,7.889131546020508,8.028762057333717,7.861205443757866,7.972909852808433,41200
2013-04-29,8.007817268371582,8.02876167762533,7.882149481227566,7.931019991423232,27200
2013-04-30,7.931021213531494,8.028762914794822,7.882150695805263,8.028762914794822,11000
2013-05-01,7.721571445465088,7.917054073025705,7.714589756599584,7.875164605643182,98600
2013-05-02,7.924037933349609,7.958945055621883,7.679684082579623,7.770444065271027,34200
2013-05-03,8.147446632385254,8.175372729417335,7.854222280643059,8.01479717212486,134500
2013-05-06,8.301040649414062,8.335947771978812,8.154428470885783,8.189335593450535,33400
2013-05-07,8.398782730102539,8.433690522934393,8.29406001741775,8.301041709146276,70400
2013-05-08,8.51048469543457,8.51048469543457,8.384817609390815,8.4336881058628,84300
2013-05-09,9.020136833190918,9.075989020049452,8.517466485653523,8.517466485653523,66800
2013-05-10,8.943338394165039,9.131839319397647,8.83861506609319,9.069005455716628,61000
2013-05-13,9.152785301208496,9.334305235269552,8.964284343383987,8.964284343383987,117900
2013-05-14,9.089956283569336,9.313365126460212,9.055048485414918,9.07599289798322,132000
2013-05-15,9.10391616821289,9.25751003277377,9.041082284264773,9.096934477594063,73300
2013-05-16,9.10391616821289,9.187694458206826,9.069008380929418,9.096934477594063,41600
2013-05-17,8.929376602172852,9.215619217911351,8.796727828712534,9.1458043192835,62600
2013-05-20,8.796731948852539,8.929380784441811,8.782768563100573,8.929380784441811,49100
2013-05-21,8.87352466583252,8.887487379625492,8.726912509048088,8.84559857243599,75800
2013-05-22,8.887486457824707,8.985228107480195,8.824653253557447,8.824653253557447,30700
2013-05-23,9.215620994567871,9.271473190561986,8.831636647750315,8.859562745747372,47400
2013-05-24,9.215620994567871,9.271473190561986,9.02711999954041,9.208639303615934,30800
2013-05-28,9.285438537597656,9.3412907454121,9.145808018061546,9.271475152738628,48700
2013-05-29,9.376195907592773,9.655456868209194,9.264491523346205,9.278454238471701,64000
2013-05-30,9.522805213928223,9.578657389251283,9.43902695094363,9.43902695094363,41200
2013-05-31,9.19467544555664,9.529788579900732,9.145804946584114,9.515825865541702,66000
2013-06-03,9.411105155944824,9.446012950366384,9.15977023456904,9.2435485416943,55900
2013-06-04,9.676403045654297,9.739236939751203,9.425068135077442,9.446012544506154,49700
2013-06-05,9.425066947937012,9.718291306248796,9.425066947937012,9.718291306248796,80000
2013-06-06,9.348270416259766,9.45997480773236,9.26449212265532,9.45997480773236,51700
2013-06-07,9.390159606933594,9.480919595099463,9.285436902178747,9.425067397122117,48900
2013-06-10,9.26449203491211,9.404122522930424,9.215620864747684,9.362233043619586,81500
2013-06-11,9.110897064208984,9.264490915373909,9.103915374199078,9.103915374199078,55200
2013-06-12,8.957301139831543,9.201654907136529,8.943338428854075,9.18070984195465,194700
2013-06-13,9.422438621520996,9.852332740697339,9.027781879479745,9.027781879479745,78100
2013-06-14,9.457671165466309,9.549288030359406,9.40129165970082,9.422433806338699,95200
2013-06-17,9.514052391052246,9.831187336334619,9.478815025554905,9.605669272506592,149400
2013-06-18,9.514052391052246,9.619763815447422,9.499957176014572,9.556337364068423,82000
2013-06-19,9.514052391052246,9.605669272506592,9.49291024059258,9.535194541511911,41800
2013-06-20,9.443578720092773,9.492911306165336,9.274440153236066,9.415388958949988,53800
2013-06-21,9.203963279724121,9.260342784817036,9.161678314856076,9.218057819948992,435700
2013-06-24,9.203963279724121,9.302627077588365,9.16872592101687,9.16872592101687,173700
2013-06-25,9.366055488586426,9.443577150822827,9.218059099155619,9.260344069891625,127100
2013-06-26,9.499957084655762,9.549289664716357,9.380151118471902,9.40129326872825,112900
2013-06-27,9.711382865905762,9.795952158729532,9.478817142616144,9.51405451598363,229800
2013-06-28,9.570432662963867,9.746618832270414,9.549290510834213,9.711381463989724,190800
2013-07-01,9.584528923034668,9.626813231899463,9.507006569954257,9.626813231899463,229200
2013-07-02,9.54928970336914,9.662048734655194,9.50700473058845,9.605669219012167,243800
2013-07-03,9.507004737854004,9.54928971066701,9.443577614682916,9.514052345338978,69000
2013-07-05,9.514052391052246,9.521099998571083,9.33786623566239,9.514052391052246,73900
2013-07-08,9.584528923034668,9.647955386331862,9.521101787640504,9.5633860965053,128500
2013-07-09,9.54928970336914,9.619763761874502,9.337866183659372,9.619763761874502,170300
2013-07-10,9.54928970336914,9.612716826491756,9.4647204299046,9.577479461190654,125800
2013-07-11,9.655003547668457,9.655003547668457,9.528149941718087,9.655003547668457,100000
2013-07-12,9.66909408569336,9.690236231101418,9.535192263216723,9.690236231101418,63400
2013-07-15,9.795949935913086,9.810045150900509,9.633858996138786,9.655001146523077,133500
2013-07-16,9.901662826538086,10.014421867097884,9.795950721940603,9.831188090139763,148800
2013-07-17,9.922805786132812,9.936901003398297,9.810046736396727,9.936901003398297,290300
2013-07-18,10.303366661071777,10.310414268846793,9.845282909245668,9.866425060473846,154400
2013-07-19,10.232891082763672,10.331554888601216,10.084894701910585,10.282222985682445,112300
2013-07-22,10.345653533935547,10.366795689043071,10.084898047286107,10.268131178379637,42500
2013-07-23,10.373842239379883,10.394984392329686,10.303367500084642,10.34565247808117,39000
2013-07-24,10.58526611328125,10.754404686316327,10.380889497409349,10.394984714544078,206100
2013-07-25,10.69802474975586,10.69802474975586,10.444316227882174,10.599360249905324,112500
2013-07-26,10.648690223693848,10.761449919592271,10.550026413915823,10.620500467743442,95400
2013-07-29,10.803735733032227,10.853067644841586,10.648691717506805,10.67688147741171,173700
2013-07-30,10.951730728149414,11.191343992487433,10.796686732619495,10.867161459341313,177400
2013-07-31,10.373842239379883,10.92354292075323,10.197656063238702,10.92354292075323,758000
2013-08-01,10.58526611328125,10.641645637626276,10.345652798766418,10.416126868149227,105200
2013-08-02,10.690977096557617,10.782593987727552,10.571170444419772,10.571170444419772,107400
2013-08-05,10.430219650268555,10.690975057513171,10.373840139085763,10.648690088077682,156800
2013-08-06,10.303366661071777,10.387935938081357,10.07784858904623,10.359746179078163,75500
2013-08-07,10.444315910339355,10.627549687877881,10.261082804897729,10.380888781799335,94500
2013-08-08,10.098987579345703,10.507739293003358,10.063750223596598,10.373838147672744,98600
2013-08-09,10.141273498535156,10.232890363297635,9.91575480369801,10.098988533222967,74600
2013-08-12,10.394983291625977,10.507742324880999,10.232892349346095,10.282224258370954,151700
2013-08-13,10.500693321228027,10.599357798257316,10.310412645931901,10.479551173327739,112000
2013-08-14,10.380887031555176,10.55707317130673,10.310412978912625,10.44431414940122,99100
2013-08-15,10.275178909301758,10.430222950155262,10.190609615771756,10.41612773185176,60900
2013-08-16,10.197654724121094,10.43022039232005,10.120132386656884,10.275176389488466,69700
2013-08-19,10.155367851257324,10.430218440466074,10.134225705040254,10.246984714326908,70200
2013-08-20,10.014419555664062,10.183558077464802,9.915755081898594,10.183558077464802,199600
2013-08-21,9.767759323120117,10.01442018703648,9.70433287751859,9.972135217872014,226500
2013-08-22,9.85233211517334,9.96509184926594,9.66909897547904,9.690241131578954,120900
2013-08-23,9.859375,9.87347021204359,9.753663598059877,9.810043102040837,78900
2013-08-26,9.76071548461914,9.993281208555894,9.73957265728162,9.873474542031264,76100
2013-08-27,9.330820083618164,9.626812924611524,9.168729117982107,9.626812924611524,206400
2013-08-28,9.422438621520996,9.478818156098317,9.077113804210635,9.359011477097242,139300
2013-08-29,9.492910385131836,9.499957320661125,9.337866377840943,9.436530868316394,68100
2013-08-30,9.37310791015625,9.492914604666522,9.218063833949339,9.492914604666522,118300
2013-09-03,9.640908241271973,9.75366729193764,9.43653229391621,9.443579230510098,158000
2013-09-04,9.429484367370605,9.774809116418036,9.422436758917327,9.619765090930581,65100
2013-09-05,9.598621368408203,9.640906340117855,9.267391218322553,9.450624975569664,82500
2013-09-06,9.619765281677246,9.767761701645986,9.47881647030153,9.697287632006601,71500
2013-09-09,9.943947792053223,9.958043009109094,9.662050171905236,9.662050171905236,136800
2013-09-10,9.85233211517334,10.00032855206679,9.774810428075636,9.950996630467982,113000
2013-09-11,9.845284461975098,9.866426616537668,9.662050663507552,9.810047089639497,91400
2013-09-12,9.681785583496094,9.809738914943882,9.674676914433439,9.809738914943882,76400
2013-09-13,9.681785583496094,9.75287091828264,9.624917586834853,9.717328250889366,41000
2013-09-16,9.539617538452148,9.845283591319077,9.49696619329299,9.759980901000759,78300
2013-09-17,9.717330932617188,9.759981602923583,9.482750212171462,9.482750212171462,56100
2013-09-18,9.582267761230469,9.788415129031044,9.52539975560276,9.724438453219845,65600
2013-09-19,9.440098762512207,9.596486133769055,9.297928733151515,9.596486133769055,125300
2013-09-20,9.603595733642578,9.639138413900724,9.241061615265904,9.461425690530227,201800
2013-09-23,9.76709270477295,9.852394744535816,9.667573997343114,9.667573997343114,100000
2013-09-24,9.624919891357422,9.916368613508693,9.58937721545406,9.781307258580112,72600
2013-09-25,9.85949993133545,9.916367937737375,9.553833888485013,9.660461908928708,76600
2013-09-26,9.85949993133545,9.89504260481668,9.738655248251328,9.80974059521379,81000
2013-09-27,9.838173866271973,9.902150538193116,9.738654523514633,9.795522525684524,72000
2013-09-30,9.831066131591797,9.845283472446567,9.617810764211125,9.759980783158198,70100
2013-10-01,9.951913833618164,9.966131178782234,9.859503123812699,9.887937136220508,96300
2013-10-02,9.59648609161377,9.88082614908611,9.560943414949685,9.88082614908611,76700
2013-10-03,9.710224151611328,9.710224151611328,9.063349876720489,9.582270759946656,139500
2013-10-04,9.67467975616455,9.745765111830908,9.575161071735884,9.681788427315226,33000
2013-10-07,9.504074096679688,9.61070211201098,9.390338089329038,9.59648477213211,37100
2013-10-08,9.38322925567627,9.518291270488739,9.354795254334709,9.489857269147176,57600
2013-10-09,9.504074096679688,9.532508098517349,9.35479541755194,9.390338089329038,38800
2013-10-10,9.838173866271973,9.852390527854416,9.568050517004961,9.596484518089905,83600
2013-10-11,10.001670837402344,10.207817548434624,9.724439451001789,9.788416133377355,63200
2013-10-14,10.051427841186523,10.051427841186523,9.930583183592743,9.966125849576791,81300
2013-10-15,10.065645217895508,10.165164554156515,10.001668550150576,10.037211218666652,147000
2013-10-16,10.158056259155273,10.300226260537984,10.094079589053043,10.129622258878731,54200
2013-10-17,10.357096672058105,10.485050042048071,10.158058623789426,10.158058623789426,139000
2013-10-18,10.307334899902344,10.463722239925369,10.293117560845687,10.463722239925369,92600
2013-10-21,10.186490058898926,10.399745395734834,10.165164728591344,10.307334727175274,54100
2013-10-22,10.193601608276367,10.2362522809415,10.136733592776043,10.200710279693961,49100
2013-10-23,10.044322967529297,10.193601678729443,10.001671616649158,10.179384335795989,53900
2013-10-24,10.17938232421875,10.222033666670432,10.030103642517997,10.058537644845755,37600
2013-10-25,10.079862594604492,10.186489922636097,10.03721125663984,10.179381253321985,50900
2013-10-28,10.136733055114746,10.143841726155292,10.022997030146756,10.079865042630752,46200
2013-10-29,10.02299690246582,10.179383595844536,9.880826195146733,10.143841596934939,73800
2013-10-30,10.058539390563965,10.150950083647617,9.96612937540052,10.058539390563965,46900
2013-10-31,10.03010368347168,10.165165703520069,9.852390998717553,10.022995691300785,123400
2013-11-01,9.866607666015625,10.022995007751563,9.703111654673497,10.022995007751563,95800
2013-11-04,9.902149200439453,10.044319186657399,9.859497865614086,9.880823194066785,99000
2013-11-05,9.774197578430176,9.845282922895885,9.639136237449433,9.831065582834707,71200
2013-11-06,9.681785583496094,9.809738914943882,9.596483588504233,9.809738914943882,69600
2013-11-07,9.745762825012207,9.774196825022745,9.596484155476876,9.703111486036384,89000
2013-11-08,9.59648609161377,9.774198797014025,9.38323070954943,9.59648609161377,163200
2013-11-11,9.134431838989258,9.461423190712889,9.134431838989258,9.461423190712889,209000
2013-11-12,8.88563346862793,9.141539468473201,8.693703460303949,9.134431476917525,266900
2013-11-13,8.892745018005371,8.942504364609764,8.665272266556174,8.814550984289607,244800
2013-11-14,9.042021751403809,9.141540422772525,8.864309063479553,8.864309063479553,81700
2013-11-15,9.120216369628906,9.162867718999667,8.992262999436823,9.063348355748024,128800
2013-11-18,9.127323150634766,9.390337829845262,9.120214480891764,9.184191152738654,90400
2013-11-19,8.94250202178955,9.212625377296463,8.885634018306,9.148648703897447,83300
2013-11-20,8.857200622558594,8.999370640994501,8.828766618871413,8.949611304021964,76700
2013-11-21,8.86430835723877,8.978044359981457,8.800331686215996,8.928285028261543,82600
2013-11-22,8.850089073181152,8.92828306632412,8.81454641065434,8.878523067618621,99100
2013-11-25,8.892745018005371,8.949613036387607,8.850093665258568,8.885636346227528,66500
2013-11-26,8.878523826599121,8.963825817203569,8.821655832862824,8.914066492164299,97400
2013-11-27,9.020696640014648,9.020696640014648,8.821658599515208,8.899852623865831,45500
2013-11-29,9.113107681274414,9.205518373137098,9.049130996298697,9.063348338702278,29600
2013-12-02,9.155756950378418,9.169973611631777,8.81454826733721,9.134431619538356,147800
2013-12-03,8.857200622558594,9.14154065943041,8.78611527438058,9.14154065943041,102500
2013-12-04,9.049129486083984,9.18419150469663,8.892742813265249,8.999370151816212,159600
2013-12-05,9.049129486083984,9.169974164665788,8.956719487563861,9.04202149398865,76300
2013-12-06,9.106001853942871,9.169977876215704,9.077567840292604,9.106001853942871,55200
2013-12-09,9.077566146850586,9.177084837100889,8.99226344389285,9.134434163542254,170800
2013-12-10,9.120216369628906,9.22684372617551,8.992262999436823,9.049131013317705,157600
2013-12-11,8.97093677520752,9.16997480407738,8.928286107981187,9.113106795828848,89100
2013-12-12,9.02780532836914,9.056239334209666,8.88563529916651,8.949611981787738,156200
2013-12-13,9.063346862792969,9.098889535093821,8.956719523810499,9.027804190492116,68400
2013-12-16,9.29081916809082,9.29081916809082,9.098889816404471,9.098889816404471,116100
2013-12-17,9.29792594909668,9.347685274993566,9.241057954380246,9.269491951738463,40100
2013-12-18,9.498807907104492,9.498807907104492,9.18313784928586,9.283577980129612,83300
2013-12-19,9.61359691619873,9.642294193875257,9.398367675723305,9.470110527816091,121000
2013-12-20,9.821654319763184,9.87904957082175,9.613598843841453,9.613598843841453,199200
2013-12-23,9.821654319763184,10.036884287591887,9.821654319763184,9.871875078914778,103200
2013-12-24,9.929267883300781,10.00818522767778,9.843176048290305,9.857524345360176,78000
2013-12-26,9.821654319763184,10.087105046743481,9.807306020146447,9.972315228823556,36500
2013-12-27,9.721212387084961,9.90774503727483,9.678166127734574,9.800129730997407,61100
2013-12-30,9.470110893249512,9.721212595756466,9.41989082642696,9.721212595756466,110500
2013-12-31,9.620773315429688,9.771434224171868,9.448589615209253,9.448589615209253,74800
2014-01-02,9.513158798217773,9.613598949227594,9.448589738741623,9.613598949227594,63500
2014-01-03,9.520334243774414,9.563379831605216,9.47728797174633,9.513159751070187,31400
2014-01-06,9.391192436218262,9.556201598647984,9.391192436218262,9.513156027665019,39600
2014-01-07,9.491637229919434,9.498811723347005,9.398371552150408,9.398371552150408,90800
2014-01-08,9.53467845916748,9.549027438427085,9.4127148722488,9.505981184845261,180700
2014-01-09,9.520334243774414,9.599251610929073,9.491636272957503,9.534682544985587,89900
2014-01-10,9.50598430633545,9.570553365812302,9.455764230829994,9.570553365812302,75700
2014-01-13,9.498807907104492,9.527505185088003,9.455762332227762,9.491633416559345,56300
2014-01-14,9.491637229919434,9.513160710202147,9.434242650893564,9.513160710202147,184600
2014-01-15,9.678166389465332,9.814478977597012,9.49163373423098,9.498808225016246,267800
2014-01-16,9.649467468261719,9.685339231885878,9.613595704637559,9.627944683766017,38800
2014-01-17,9.584904670715332,9.656648244671448,9.513161780956645,9.513161780956645,105500
2014-01-21,9.706867218017578,9.74991349427325,9.606427047083262,9.670995435170743,89800
2014-01-22,9.87187385559082,9.87187385559082,9.699690176343765,9.699690176343765,52100
2014-01-23,9.929267883300781,9.979487949340955,9.81447876995348,9.843176048290305,193600
2014-01-24,9.706867218017578,9.929271724310073,9.63512433652126,9.857528158616404,126500
2014-01-27,9.549031257629395,9.714040479929508,9.520333971829494,9.685343194129608,88900
2014-01-28,9.484458923339844,9.613596322814885,9.448587157409044,9.527504495099182,67300
2014-01-29,9.175965309143066,9.434240865892578,9.154442517129914,9.434240865892578,108100
2014-01-30,9.20466136932373,9.297927701242486,9.168789597940034,9.23335864959126,68700
2014-01-31,9.111396789550781,9.22618593269516,9.003782138902242,9.075525011268848,70700
2014-02-03,9.233360290527344,9.319452146630024,9.068351070713188,9.068351070713188,182400
2014-02-04,9.333799362182617,9.412716710935241,9.269230311295415,9.297927591223381,163800
2014-02-05,9.319449424743652,9.427064726589263,9.262054870771482,9.326623915039438,211200
2014-02-06,9.376845359802246,9.64229538207011,9.326625288729103,9.362497061294414,87700
2014-02-07,9.283576011657715,9.391191294425152,9.247704934932168,9.391191294425152,133900
2014-02-10,9.305099487304688,9.37684232501883,9.20465869346857,9.312273292138249,62200
2014-02-11,9.398369789123535,9.441415373219401,9.254882684278051,9.326626236700793,76000
2014-02-12,9.290752410888672,9.505982336478544,9.24770683628894,9.41271601258303,135700
2014-02-13,9.147266387939453,9.290752782675554,9.104220127420072,9.290752782675554,64800
2014-02-14,9.262056350708008,9.362497178306759,9.168790014551417,9.168790014551417,29300
2014-02-18,9.305099487304688,9.340971248260225,9.20465869346857,9.2907505092437,89000
2014-02-19,9.039654731750488,9.283581340813969,9.018131252323483,9.247710243496941,63700
2014-02-20,9.097046852111816,9.211835974604549,8.975083238414005,9.025303308455289,89300
2014-02-21,9.140092849731445,9.219010888208942,9.075523794321555,9.097047268922966,82000
2014-02-24,9.254881858825684,9.283579140395796,9.183138996998984,9.183138996998984,52000
2014-02-25,9.190314292907715,9.419892565564565,9.147268024685944,9.197488100780326,94800
2014-02-26,9.118571281433105,9.3051039811288,9.046827724874065,9.183140345496788,59400
2014-02-27,9.211835861206055,9.226184159242447,9.097046740126387,9.104220547046017,66100
2014-02-28,9.175965309143066,9.441415357962704,9.154442517129914,9.254882669322779,71700
2014-03-03,9.132917404174805,9.183138155468209,9.061174548922526,9.154440876527877,27800
2014-03-04,9.50598430633545,9.577727857798,9.089873349925977,9.247708752625257,92200
2014-03-05,9.563379287719727,9.57772827231213,9.470112940460826,9.484461925053232,55100
2014-03-06,9.527508735656738,9.563380517553554,9.505985940197583,9.549032215313227,46000
2014-03-07,9.427062034606934,9.57772286681059,9.362493008777244,9.57772286681059,25600
2014-03-10,9.376845359802246,9.38401985115474,9.097047039026553,9.35532256994192,118000
2014-03-11,9.34814739227295,9.441413720416529,9.326624603992771,9.326624603992771,53800
2014-03-12,9.594342231750488,9.608824589227948,9.369870524747554,9.369870524747554,48900
2014-03-13,9.413317680358887,9.56537899358696,9.261256367130816,9.56537899358696,83600
2014-03-14,9.355384826660156,9.645024945837415,9.340902475423036,9.62330210953825,81500
2014-03-17,9.232290267944336,9.340905171344524,9.080228988850042,9.333664684192769,281900
2014-03-18,9.123676300048828,9.282978082629034,9.087471098350859,9.18884483443703,155500
2014-03-19,9.101954460144043,9.10919563994383,8.739903756837668,8.942652647890217,243900
2014-03-20,8.986096382141113,9.044024426768484,8.899204315200059,8.935409515731356,76500
2014-03-21,9.01506233215332,9.044026360660409,8.957134275139143,8.993339483412232,107100
2014-03-24,8.877480506896973,9.036782267041668,8.84127531029802,9.036782267041668,159600
2014-03-25,8.920926094055176,9.000577663824249,8.870239233697898,8.90644442990596,52700
2014-03-26,8.812311172485352,9.000577639819825,8.797828817818079,8.971613621041959,138700
2014-03-27,8.790590286254883,8.834035978806588,8.761626261034802,8.797830774642279,165600
2014-03-28,8.689213752746582,8.877480216456359,8.689213752746582,8.78334698460147,78700
2014-03-31,8.884725570678711,8.913689602515964,8.72542305029533,8.72542305029533,117200
2014-04-01,8.899205207824707,8.957133258262484,8.819554311111972,8.920928054099665,81600
2014-04-02,8.891963005065918,8.971614583164454,8.81955329563432,8.935409383170278,39800
2014-04-03,8.935407638549805,9.03678135007238,8.819551573634511,8.855756076003077,62800
2014-04-04,8.928169250488281,9.036784172632126,8.725421073559913,8.957133275763761,87900
2014-04-07,8.877480506896973,8.942649722663752,8.710936878764462,8.928167367801494,63200
2014-04-08,8.718181610107422,8.732663970873322,8.616807156417032,8.696458759515542,412200
2014-04-09,8.73990249633789,8.73990249633789,8.631287577233573,8.66749278045395,95800
2014-04-10,8.602324485778809,8.732662955285983,8.602324485778809,8.69645774813878,114900
2014-04-11,8.551636695861816,8.674733282111177,8.522672671351941,8.580600720371693,174200
2014-04-14,8.537155151367188,8.6312884126283,8.471985917374349,8.602324385360024,93100
2014-04-15,8.515430450439453,8.63852771218059,8.4357788748677,8.537153293524144,230900
2014-04-16,8.725419998168945,8.739901663743431,8.573358711574718,8.580599889640334,102000
2014-04-17,8.805071830749512,8.870241059224744,8.645769348983034,8.725420935144683,48600
2014-04-21,8.718181610107422,8.84852009477264,8.689217579132592,8.819556063797812,53500
2014-04-22,8.855757713317871,8.884722425458513,8.725419961468713,8.884722425458513,69300
2014-04-23,8.935407638549805,9.145396928847932,8.819551573634511,8.935407638549805,183200
2014-04-24,9.203328132629395,9.23229215883877,8.942651896745003,9.022302796181576,226300
2014-04-25,9.101954460144043,9.30470335119659,9.065749942258936,9.152642028185637,137100
2014-04-28,9.130919456481934,9.217811551617466,9.029545690768973,9.10195542477009,124100
2014-04-29,9.123676300048828,9.15988081119001,9.101952764695977,9.145399144844895,165700
2014-04-30,9.101954460144043,9.174364877028083,8.978857165775322,9.10919563994383,107400
2014-05-01,9.094712257385254,9.130916768449143,8.978855474087744,9.123676280570436,110900
2014-05-02,8.986096382141113,9.152640028362375,8.935409515731356,9.12367600604869,161500
2014-05-05,8.78334903717041,8.920927983227935,8.696456962204053,8.920927983227935,59000
2014-05-06,8.566116333007812,8.797828474180212,8.566116333007812,8.768864456533661,55800
2014-05-07,8.587841033935547,8.616805057856398,8.348887663949325,8.580600545872935,77700
2014-05-08,8.406818389892578,8.645771836000533,8.290962257301693,8.602326131557462,46600
2014-05-09,8.457503318786621,8.508190188291884,8.196826411486855,8.363370067879128,125100
2014-05-12,8.609566688537598,8.681976420880765,8.435781811688656,8.435781811688656,92700
2014-05-13,8.529911041259766,8.63128544714761,8.529911041259766,8.609562606799017,64000
2014-05-14,7.762365341186523,8.493707055104904,7.7189189637529525,8.493707055104904,753300
2014-05-15,7.081712245941162,7.769608510419977,7.023784183072861,7.6754759261767225,1461200
2014-05-16,7.226531028747559,7.400315874858496,7.067229231434736,7.364110669812182,4193900
2014-05-19,7.190324783325195,7.327903700713482,7.168601251192822,7.226529289099119,1767600
2014-05-20,7.204808712005615,7.269977947772159,7.168603504295658,7.168603504295658,1008200
2014-05-21,7.306183815002441,7.356870696037686,7.183086512010881,7.190327692317905,341600
2014-05-22,7.385831356048584,7.436518904508594,7.22652891477947,7.291698126687591,478700
2014-05-23,7.523410797119141,7.559615300248997,7.34962600553532,7.356867182383945,598300
2014-05-27,7.689952850341797,7.784086067042587,7.595819633641007,7.660988836784366,428500
2014-05-28,7.784090995788574,7.842019059582442,7.653752506973877,7.675476048814321,608500
2014-05-29,7.842017650604248,7.89994570399016,7.791330776530791,7.820294803223748,286400
2014-05-30,7.892702579498291,7.928907776580827,7.834774540388911,7.849256895444604,1750400
2014-06-02,7.856499195098877,7.936150087611461,7.820293992845232,7.878222040228346,255900
2014-06-03,7.827536582946777,7.863741101172387,7.813054223210997,7.827536582946778,378800
2014-06-04,7.842017650604248,7.885464035922116,7.820294803223748,7.820294803223748,310700
2014-06-05,8.04476261138916,8.0520037877978,7.820291667174049,7.834773329434739,251800
2014-06-06,8.18234634399414,8.189587524069296,8.03028501520059,8.066490225019423,172100
2014-06-09,8.27647876739502,8.290960435508277,8.117176274807976,8.21130953449319,285400
2014-06-10,8.167862892150879,8.290960174747923,8.153381224493089,8.261996148875491,205400
2014-06-11,8.123948097229004,8.138585478094637,7.962932719814943,8.131266438670812,395500
2014-06-12,7.911704063415527,8.09467593567046,7.88242859177403,8.065400464028963,333300
2014-06-13,7.8677873611450195,8.014164660825731,7.860468321665478,7.9409763599763865,142700
2014-06-16,7.743368625640869,7.911703090362913,7.648223180012272,7.831195029763677,406000
2014-06-17,7.940977096557617,7.9775709013856115,7.6994543551860115,7.765323622665652,175200
2014-06-18,8.043441772460938,8.05807985442591,7.860469935791769,7.97757179958289,182000
2014-06-19,8.014164924621582,8.06539750468273,7.977570424001347,8.043440385521361,168600
2014-06-20,8.058079719543457,8.101992568738998,7.926339775992529,8.006847131505788,207400
2014-06-23,8.116629600524902,8.123948640438115,8.043440597356895,8.080035098940899,154700
2014-06-24,8.1019926071167,8.270327057782717,8.065398798607795,8.109311648011342,1477700
2014-06-25,8.050762176513672,8.087356689639735,7.977573150261543,8.080037647418067,105900
2014-06-26,8.00684928894043,8.065400933614733,7.933660954566647,8.05076284795057,90600
2014-06-27,8.021484375,8.094673379987364,7.9556144101077875,7.9556144101077875,578000
2014-06-30,7.977573871612549,8.050762904482601,7.955617440944471,8.028806473814525,140400
2014-07-01,7.992208003997803,8.028802502331196,7.962932544927489,7.977569925471646,210000
2014-07-02,7.926340103149414,8.014166503147651,7.9043836776453995,8.014166503147651,205900
2014-07-03,7.919022083282471,7.984892066271771,7.904384697052778,7.940979209600419,92000
2014-07-07,7.794599533081055,7.919020430993481,7.765324068747669,7.919020430993481,202500
2014-07-08,7.794599533081055,7.81655665481769,7.721411221238651,7.7726431093265465,272700
2014-07-09,7.787281513214111,7.83851340342522,7.736048925020847,7.823875321660815,188900
2014-07-10,7.8751091957092285,8.028805589420399,7.684818289594013,7.721412801998057,233100
2014-07-11,7.992208003997803,8.00684538454196,7.75800433143529,7.8531490499273096,196900
2014-07-14,8.197139739990234,8.248372338865616,8.014167867678031,8.028805952494512,181300
2014-07-15,8.336196899414062,8.343515242212021,8.138586986244096,8.197137916520646,177000
2014-07-16,8.197139739990234,8.343517098243536,8.189820697581993,8.343517098243536,94500
2014-07-17,8.043441772460938,8.182500759199518,7.9848908405653765,8.138587211286765,112700
2014-07-18,8.197139739990234,8.197139739990234,7.999530480843851,8.02148691008627,107000
2014-07-21,7.9629340171813965,8.182500349795015,7.955614976565113,8.116630380212717,71700
2014-07-22,7.999530792236328,8.05076269512368,7.93366080396269,8.021487222333432,73600
2014-07-23,8.1019926071167,8.17518162009882,7.999528826520317,7.999528826520317,82400
2014-07-24,8.17518138885498,8.219094237016407,8.087354994549992,8.109311418630705,65700
2014-07-25,8.160547256469727,8.167866300699119,8.087358908123223,8.087358908123223,81200
2014-07-28,8.17518138885498,8.197137812935694,8.050760489094047,8.160543307479747,77400
2014-07-29,7.970252990722656,8.160543159269718,7.940977526486021,8.160543159269718,182500
2014-07-30,8.058079719543457,8.094674225861176,7.933658816852503,8.043441637823507,93600
2014-07-31,8.687499046325684,8.731412575662223,8.087351899278158,8.087351899278158,698800
2014-08-01,8.72409725189209,8.848518157003237,8.628951812808143,8.731416292894432,281500
2014-08-04,8.82656478881836,8.841202177910137,8.687505753543222,8.731419316783374,250800
2014-08-05,8.78996753692627,8.797286578188382,8.687503053203265,8.782648495664157,223800
2014-08-06,8.885114669799805,8.92170848710804,8.768012081273548,8.782650166582702,237000
2014-08-07,8.877791404724121,8.965617780860425,8.74605149152867,8.885110443897645,195800
2014-08-08,8.885114669799805,8.892433014472056,8.731418263965313,8.885114669799805,102600
2014-08-11,8.863154411315918,8.965618878341946,8.775328024428784,8.89242987361163,126000
2014-08-12,8.804603576660156,8.972938010066525,8.74605265147066,8.841198079399113,191400
2014-08-13,8.804603576660156,8.82656069709278,8.74605265147066,8.804603576660156,109900
2014-08-14,8.782646179199219,8.833878058556973,8.753370719854502,8.811921638543936,166000
2014-08-15,8.702143669128418,8.899752954858883,8.650911063360791,8.826564614877464,103600
2014-08-18,8.936347007751465,8.965622481813602,8.760694163378638,8.768012508407402,159700
2014-08-19,8.877791404724121,8.965617780860425,8.782645989414295,8.9290232829748,174000
2014-08-20,8.899751663208008,8.929027134548207,8.68018527916537,8.855838805188856,194000
2014-08-21,8.965620040893555,8.99489550698535,8.797286285361281,8.892431026672986,147700
2014-08-22,8.929023742675781,8.972937281995769,8.892429242906129,8.929023742675781,136500
2014-08-25,8.936347007751465,9.002216998886864,8.877796059627189,8.950984395791354,142600
2014-08-26,8.987573623657227,9.05344357602801,8.936341748694149,9.009530739768786,242400
2014-08-27,8.921706199645996,9.00221425224,8.877793350942126,8.980257827888064,160900
2014-08-28,8.885114669799805,8.929027529762616,8.841201111854668,8.92170848710804,100400
2014-08-29,8.797286033630371,8.907068853837664,8.768009870394135,8.907068853837664,315700
2014-09-02,8.958300590515137,8.987576055269155,8.80460422606101,8.848517772183104,190100
2014-09-03,8.833881378173828,8.972940385803664,8.82656303407405,8.972940385803664,285200
2014-09-04,8.782646179199219,8.950979895935841,8.782646179199219,8.841197097888653,82800
2014-09-05,8.775328636169434,8.841198605422193,8.724096748076011,8.753372212412557,80900
2014-09-08,8.78996753692627,8.826562045254642,8.738734946073672,8.768010413139931,79200
2014-09-09,8.73873519897461,8.819243259223388,8.694822346095469,8.78996779130989,125000
2014-09-10,8.871809959411621,8.967921318580087,8.701767273622258,8.768305256060634,72800
2014-09-11,8.886597633361816,8.908776963301117,8.82005893847573,8.864417598354331,64800
2014-09-12,8.864418029785156,8.953136058928445,8.834845353404061,8.893990706166253,100000
2014-09-15,8.827452659606934,8.857025338170827,8.694375958603556,8.842239351423016,139800
2014-09-16,8.842238426208496,8.893990432013128,8.805272405604532,8.834845081074063,214700
2014-09-17,8.886597633361816,8.893990273296126,8.834844923412534,8.84223826841503,280600
2014-09-18,8.901384353637695,8.960529708407256,8.871811676252916,8.938350376635732,91500
2014-09-19,8.923564910888672,9.05664232992992,8.901385576071243,8.908778922699835,280300
2014-09-22,8.842238426208496,8.953135782952192,8.842238426208496,8.930956452617092,515900
2014-09-23,8.76091480255127,8.8496328396699,8.709162085430854,8.842239493642943,330300
2014-09-24,8.775697708129883,8.805270376785588,8.694373045593702,8.760911726336047,186700
2014-09-25,8.686981201171875,8.797878551499998,8.686981201171875,8.797878551499998,135800
2014-09-26,8.605657577514648,8.768306950553812,8.583477540680743,8.68698226403423,96900
2014-09-29,8.568689346313477,8.723946038798818,8.502150663095751,8.568689346313477,158900
2014-09-30,8.598265647888184,8.642624318724605,8.50954760114698,8.590872301059326,165400
2014-10-01,8.42821979522705,8.701767909422479,8.391254481749762,8.620442527608859,188100
2014-10-02,8.583480834960938,8.583480834960938,8.3986513541516,8.465190080053924,118100
2014-10-03,8.72394847869873,8.760914502499183,8.66480312264531,8.686982454898278,62400
2014-10-06,8.701769828796387,8.77570117712637,8.701769828796387,8.731342509142044,89100
2014-10-07,8.40604019165039,8.650014918988592,8.383860863274592,8.650014918988592,71500
2014-10-08,8.613051414489746,8.62044476112805,8.354290627764144,8.391256655887327,104100
2014-10-09,8.398650169372559,8.635232350880973,8.391257527035119,8.635232350880973,85700
2014-10-10,8.354288101196289,8.531724136443994,8.346894756793935,8.346894756793935,118600
2014-10-13,8.317325592041016,8.443009679615109,8.236000884521248,8.376470962067833,117500
2014-10-14,8.339503288269043,8.50215337636648,8.309930609075717,8.346896634334446,103000
2014-10-15,8.38386344909668,8.516940870532613,8.169461328487873,8.280358709638914,226500
2014-10-16,8.546515464782715,8.650019522331027,8.191642496573971,8.265574570595776,95500
2014-10-17,8.413434982299805,8.67219573801035,8.383862304359507,8.67219573801035,113000
2014-10-20,8.42821979522705,8.50215183231795,8.391254481749762,8.406040466127045,66900
2014-10-21,8.465184211730957,8.487363536633511,8.369072863729187,8.487363536633511,85900
2014-10-22,8.391257286071777,8.553906693919428,8.376470591684683,8.494761326507847,50800
2014-10-23,8.605657577514648,8.790486987387716,8.479973522395502,8.479973522395502,688200
2014-10-24,8.465184211730957,8.642620221087443,8.398645531955268,8.620440896184888,83500
2014-10-27,8.539118766784668,8.553904752747922,8.391255381810938,8.435614044768938,64800
2014-10-28,8.635231018066406,8.7165557117734,8.524332939300535,8.598264991811115,150700
2014-10-29,8.650016784667969,8.679589463903465,8.53911941380193,8.62783745150842,149400
2014-10-30,8.76091480255127,8.76091480255127,8.36168328298329,8.679589406391312,197000
2014-10-31,8.701769828796387,8.871812564516834,8.620444429044595,8.834846537817684,167200
2014-11-03,8.479973793029785,8.76091458961113,8.428221077167256,8.723948565443115,123000
2014-11-04,8.450400352478027,8.524331689077142,8.295143629031221,8.487365668243482,99700
2014-11-05,8.40604019165039,8.494758210221724,8.361681534898793,8.472578881845925,104700
2014-11-06,8.51694107055664,8.51694107055664,8.3616843102579,8.45779500014288,68500
2014-11-07,8.590869903564453,8.590869903564453,8.398647170068843,8.524331210810729,79400
2014-11-10,8.679590225219727,8.686983571944168,8.516940827692112,8.613051514836453,114400
2014-11-11,8.568689346313477,8.686980025336963,8.516937350507717,8.650014011875108,67300
2014-11-12,8.679590225219727,8.709162907049144,8.524333469348203,8.568692844626504,81600
2014-11-13,8.576083183288574,8.709159852310112,8.539117167700551,8.709159852310112,43700
2014-11-14,8.49476146697998,8.590872866880229,8.428222751274546,8.590872866880229,147300
2014-11-17,8.450400352478027,8.5095457037846,8.435613662117282,8.5095457037846,59700
2014-11-18,8.413434982299805,8.48736632461642,8.391255650111646,8.48736632461642,62500
2014-11-19,8.309929847717285,8.398647877168889,8.272963825845395,8.398647877168889,557100
2014-11-20,8.265572547912598,8.287751882664189,8.13249512926637,8.250785854699311,185400
2014-11-21,8.206424713134766,8.35428807538434,8.139886023855425,8.346894731004827,714500
2014-11-24,8.280359268188477,8.29514596270917,8.169461879556879,8.191641216269518,111000
2014-11-25,8.287750244140625,8.339502250018858,8.250784223484086,8.309929574507267,52800
2014-11-26,8.332110404968262,8.391255761634925,8.2507850107504,8.309930367417063,92100
2014-11-28,8.13249683380127,8.391258378722341,8.13249683380127,8.34689899485329,68700
2014-12-01,7.903308391571045,8.169463298628598,7.895915748094965,8.139890609518707,127300
2014-12-02,8.065956115722656,8.132494822536154,7.94027204842345,7.947665394751242,197500
2014-12-03,8.139886856079102,8.24339086770201,8.021596154185378,8.117706820672879,169000
2014-12-04,8.080743789672852,8.169461841174993,8.043777758613194,8.132495810115335,84400
2014-12-05,8.191637992858887,8.280356009867294,8.073347303514344,8.073347303514344,86300
2014-12-08,8.125101089477539,8.206426485075772,8.073349077782867,8.15467376831282,190200
2014-12-09,8.147281646728516,8.213819649547949,8.021597577400158,8.051170258120457,136200
2014-12-10,8.051169395446777,8.125100736791707,7.955058017136945,8.102921404895053,169200
2014-12-11,8.066120147705078,8.230582482520214,8.066120147705078,8.073595870406711,691000
2014-12-12,7.924087047576904,8.148353083720652,7.901659873623056,7.9913664306654235,169500
2014-12-15,7.826903820037842,8.096023458643073,7.8194280962899665,7.924086089987461,210600
2014-12-16,7.983890056610107,8.013792237188548,7.8343784407936825,7.8642813342963445,558700
2014-12-17,8.260485649108887,8.282912106973875,7.939036663705678,8.021267484493462,227600
2014-12-18,8.454849243164062,8.454849243164062,8.24553328332872,8.335239817719227,171800
2014-12-19,8.604362487792969,8.78377560565775,8.402522195501824,8.43242438181262,642000
2014-12-22,8.589410781860352,8.65669087728304,8.52960641102337,8.626788691864549,114600
2014-12-23,8.664162635803223,8.679113365206526,8.55950467828406,8.64921119347591,142900
2014-12-24,8.649210929870605,8.709015271509159,8.522126525657685,8.709015271509159,43400
2014-12-26,8.7314453125,8.746396046375919,8.537080781643503,8.649213780947669,91000
2014-12-29,8.7314453125,8.851054035204237,8.67911596162373,8.709018142299788,209500
2014-12-30,8.671638488769531,8.776295734955399,8.641736316584423,8.7090156693079,123000
2014-12-31,8.574458122253418,8.709017569991067,8.559506676435802,8.671640381295383,69400
2015-01-02,8.566984176635742,8.649215006919553,8.447375436977717,8.619312822005046,71500
2015-01-05,8.462325096130371,8.552031639458608,8.320289914091719,8.53708090536602,142300
2015-01-06,8.305339813232422,8.469802192452926,8.163304608172224,8.462326467732824,131900
2015-01-07,8.327766418457031,8.365143613655311,8.223108418298663,8.305339245828902,137200
2015-01-08,8.402519226074219,8.53707937338179,8.290386245267312,8.402519226074219,74000
2015-01-09,8.103498458862305,8.417471698997131,8.096022735781906,8.37261807343893,63600
2015-01-12,7.991367816925049,8.148354497212699,7.953990613033509,8.06612365055706,83900
2015-01-13,7.849328994750977,8.096022134694934,7.782048917870963,7.909133349105624,203400
2015-01-14,7.894183158874512,7.909133892027396,7.752147272839078,7.7895251751075705,118600
2015-01-15,7.7745747566223145,7.879232754222256,7.73719756233774,7.879232754222256,134100
2015-01-16,7.74467134475708,7.8792315041914405,7.647489086601618,7.737196334840637,146400
2015-01-20,7.714768886566162,7.774573241274107,7.610111622289333,7.722244609135691,123700
2015-01-21,7.699818134307861,7.782048943586194,7.625062334655457,7.669915957031728,70800
2015-01-22,7.886709213256836,7.961464321717127,7.662442462027266,7.729722558688572,192100
2015-01-23,7.782050132751465,7.9689389475165795,7.752147950906017,7.894183849365084,60800
2015-01-26,7.886709213256836,7.9091356745024886,7.6699181867506,7.752149019934224,115800
2015-01-27,7.916608810424805,7.953986708894221,7.774572938825843,7.834377291207264,77600
2015-01-28,7.797001361846924,7.97641444789666,7.774574191397534,7.946512266888371,93000
2015-01-29,7.9390363693237305,7.939036369323731,7.7222453835362135,7.886707731937707,71300
2015-01-30,7.662440776824951,7.939036114437485,7.647489330666558,7.849329576259706,154100
2015-02-02,7.894183158874512,8.0063161527558,7.677392181226282,7.692342914379166,107800
2015-02-03,8.08854866027832,8.163304480461125,7.93903773283705,7.93903773283705,116100
2015-02-04,8.006316184997559,8.110974169185962,7.976414005647185,8.043694087416574,65700
2015-02-05,8.073596954345703,8.09602341253736,7.991365419435876,8.081072678051004,73600
2015-02-06,8.013792037963867,8.215631573619511,8.00631631477405,8.110974300658881,229600
2015-02-09,8.08854866027832,8.215633126834486,8.006317828416705,8.006317828416705,76000
2015-02-10,8.028741836547852,8.208154894667283,7.968937483841374,8.148350541960806,92900
2015-02-11,8.073596954345703,8.140877041844924,7.961463237538918,8.03621904874344,63900
2015-02-12,8.454849243164062,8.454849243164062,8.088546669914296,8.088546669914296,159600
2015-02-13,8.357667922973633,8.454850191022658,8.342716475770287,8.424948009540207,54900
2015-02-17,8.38757038116455,8.424948287481783,8.365143209619653,8.372618933467951,52700
2015-02-18,8.327766418457031,8.395045797568518,8.297864234543825,8.395045797568518,36900
2015-02-19,8.439897537231445,8.48475115950486,8.297862373726552,8.327764550934116,120700
2015-02-20,8.290386199951172,8.447372799977197,8.245532580119121,8.447372799977197,50400
2015-02-23,8.133399963378906,8.282910847960036,8.096022064002591,8.275435125499946,65500
2015-02-24,8.253007888793945,8.409994480955408,8.148349923044947,8.155825644796462,44200
2015-02-25,8.327766418457031,8.372619337864688,8.20815696987991,8.20815696987991,77100
2015-02-26,8.297861099243164,8.38756761708767,8.238056754013494,8.297861099243164,63000
2015-02-27,8.163300514221191,8.275433477089882,8.163300514221191,8.267958469042895,81500
2015-03-02,8.193203926086426,8.245532554960738,8.140875297212114,8.140875297212114,79000
2015-03-03,8.282909393310547,8.320287286122534,8.148349264356993,8.148349264356993,327500
2015-03-04,8.3427152633667,8.365141717988356,8.200680100197355,8.267960176986463,95900
2015-03-05,8.365142822265625,8.432422907936335,8.297863449519147,8.357667811687726,105300
2015-03-06,8.634262084960938,8.731444339560223,8.402519675851233,8.469799753106441,307400
2015-03-09,8.776298522949219,8.866005068001897,8.596885432843862,8.60436115649598,274500
2015-03-10,8.798725128173828,8.91833384722025,8.75387150206932,8.761347225240772,174600
2015-03-11,8.806279182434082,8.889357749987322,8.564597648318005,8.61746530383895,135900
2015-03-12,9.108380317687988,9.13859050446856,8.919566470242502,8.979986843803644,291700
2015-03-13,9.010197639465332,9.131038394753658,8.912014345726638,9.131038394753658,132400
2015-03-16,8.934666633605957,9.055507318920785,8.889351736746546,9.055507318920785,138400
2015-03-17,8.94222640991211,8.995094071371227,8.874253290740176,8.874253290740176,184300
2015-03-18,8.934666633605957,8.972429527833667,8.851588842518836,8.934666633605957,124900
2015-03-19,8.927117347717285,9.02530062240374,8.889355159218136,8.89690716475742,172700
2015-03-20,9.002640724182129,9.055508349959927,8.776064053285682,8.972430549413762,181400
2015-03-23,9.055510520935059,9.10837887965494,9.002642882482732,9.002642882482732,147900
2015-03-24,9.153696060180664,9.168801515062002,8.987539657824609,9.04040802964156,157200
2015-03-25,9.055510520935059,9.206561430989959,9.040405790063344,9.191456700118247,65600
2015-03-26,9.100829124450684,9.123486588287065,8.9875403647332,8.995093092767922,51600
2015-03-27,9.085722923278809,9.183906218875025,9.040407999322234,9.100828378109487,91200
2015-03-30,9.229218482971191,9.251875936651366,9.085719595706001,9.085719595706001,140800
2015-03-31,9.297196388244629,9.33495859054915,9.176354891959507,9.251880737104228,140700
2015-04-01,9.266983032226562,9.327403399618998,9.191457212852223,9.312297947637093,182200
2015-04-02,9.289639472961426,9.372717288964298,9.123483120688169,9.161246026241297,202700
2015-04-06,9.282090187072754,9.334957842275578,9.176354156399324,9.221669803907304,143200
2015-04-07,9.259429931640625,9.350060479062773,9.214114297795769,9.229219749166575,163400
2015-04-08,9.266983032226562,9.342508131333311,9.236772128262752,9.244324854253705,74500
2015-04-09,9.2443265914917,9.289642235685754,9.093275644624395,9.236773864081401,42000
2015-04-10,9.206563949584961,9.297195240679017,9.191459214581117,9.236774139860396,48600
2015-04-13,9.251880645751953,9.251880645751953,9.16125006463387,9.168802793127336,88000
2015-04-14,9.289639472961426,9.327402378514554,9.115930395524039,9.259429292572426,46100
2015-04-15,9.478452682495117,9.546425764149047,9.304743616016466,9.304743616016466,97400
2015-04-16,9.46334457397461,9.508660189099626,9.387819509122604,9.440687126545734,77000
2015-04-17,9.312299728393555,9.478456130630018,9.251879349447155,9.39537756937792,78300
2015-04-20,9.584192276000977,9.591745004100014,9.32740600304386,9.32740600304386,83300
2015-04-21,9.621954917907715,9.70503348405844,9.538877072024764,9.599297454533778,95600
2015-04-22,9.576642990112305,9.629510661296408,9.508669858436745,9.629510661296408,158100
2015-04-23,9.46334457397461,9.569080529088138,9.440687126545734,9.538870359093881,71300
2015-04-24,9.433140754699707,9.508666590665607,9.433140754699707,9.448246209999988,67100
2015-04-27,9.470902442932129,9.58419046190333,9.350061697291473,9.478455169601585,81200
2015-04-28,9.538872718811035,9.584187624878743,9.470899639442028,9.493557092475882,105700
2015-04-29,9.591742515563965,9.629505425993933,9.516217414971637,9.523769420843545,77700
2015-04-30,9.365167617797852,9.621954594976796,9.32740542019792,9.576639669749776,164500
2015-05-01,9.486008644104004,9.50866610563092,9.312299518350395,9.478455916839126,156800
2015-05-04,9.66727066040039,9.7352437714613,9.5011142467257,9.52377171032341,92200
2015-05-05,9.637057304382324,9.712582398330873,9.501111126900373,9.606847122749395,103500
2015-05-06,9.720136642456055,9.73524209576633,9.621953356742237,9.727689369111193,161600
2015-05-07,9.757898330688477,9.757898330688477,9.697477965566433,9.735240873834602,101800
2015-05-08,9.795660972595215,9.871186066810324,9.705030427376554,9.810765703331217,173800
2015-05-11,9.901398658752441,9.939161575186034,9.818320818812714,9.818320818812714,206800
2015-05-12,9.833422660827637,9.901395021114718,9.667266321724036,9.82586993626214,100900
2015-05-13,9.961817741394043,9.969370467752066,9.803214089213704,9.871187185900652,196800
2015-05-14,10.03734302520752,10.067553208749015,9.9844753840768,10.014685567618296,181900
2015-05-15,10.04489803314209,10.08266095121477,9.969372196996728,10.052450760810176,83200
2015-05-18,10.060001373291016,10.097764286127491,9.969370814644066,10.044896640317017,177800
2015-05-19,10.007133483886719,10.067553854847265,10.007133483886719,10.04489639580397,183800
2015-05-20,9.969368934631348,10.044894746061724,9.863633662949841,10.044894746061724,105900
2015-05-21,10.075106620788574,10.120421539052845,9.96937061105921,10.01468624959112,130300
2015-05-22,10.218605041503906,10.27147340763643,10.007133737776774,10.007133737776774,224700
2015-05-26,10.105315208435059,10.218603206449158,10.090209757890499,10.218603206449158,105100
2015-05-27,10.188394546508789,10.218604731840035,10.029790893452839,10.165737087577263,205200
2015-05-28,9.984477996826172,10.052451107648714,9.848531775181087,10.014688188273103,198200
2015-05-29,9.795660972595215,9.976922063032536,9.765450790855661,9.969369337530761,456300
2015-06-01,9.73524284362793,10.014687268926034,9.65971701180997,10.014687268926034,284300
2015-06-02,9.992026329040527,9.999579054191026,9.644609615327749,9.66726707051173,234500
2015-06-03,10.165740013122559,10.180844750001278,9.976926120397598,10.044899237021438,395800
2015-06-04,10.241263389587402,10.286578309567906,10.120421922348172,10.150632109091063,278400
2015-06-05,10.354551315307617,10.399866955142222,10.233710569438882,10.309235675473012,197700
2015-06-08,10.414973258972168,10.460288905641036,10.29413249487888,10.347000149102751,203800
2015-06-09,10.346997261047363,10.437627808820519,10.263919438988863,10.430075803373432,188100
2015-06-10,10.430072784423828,10.460282958270646,10.354546989673103,10.392309887048466,442400
2015-06-11,10.422460556030273,10.536741628594275,10.399603760252402,10.49102949020121,180500
2015-06-12,10.399606704711914,10.437700648545968,10.231994514372545,10.23961272187412,199300
2015-06-15,10.338648796081543,10.468167670336236,10.231986706634848,10.346267724350875,149800
2015-06-16,10.384361267089844,10.391980195086223,10.285317382879803,10.300555238872564,194600
2015-06-17,10.292937278747559,10.452931148811341,10.254843361764557,10.452931148811341,191900
2015-06-18,10.285322189331055,10.3615100517364,10.2243721900393,10.29294112088785,208100
2015-06-19,10.506264686584473,10.544358612595593,10.239607931087836,10.239607931087836,495700
2015-06-22,10.612927436828613,10.628164571144685,10.51388352073995,10.51388352073995,332700
2015-06-23,10.66625690460205,10.689112965954921,10.61292585258499,10.61292585258499,307400
2015-06-24,10.704354286193848,10.757685355457319,10.681498217449692,10.719591423162843,417000
2015-06-25,10.818634033203125,10.84910902999486,10.704352976879429,10.780540105568148,751600
2015-06-26,10.696735382080078,10.856729316865561,10.65864144968709,10.818635384472573,1345700
2015-06-29,10.521498680114746,10.696729658140573,10.445310856097727,10.666254673849954,249100
2015-06-30,10.475787162780762,10.704349937103093,10.445312174643187,10.62816210346864,300500
2015-07-01,10.506264686584473,10.628164668555094,10.506264686584473,10.582452538606713,643000
2015-07-02,10.536739349365234,10.574833274173487,10.437695435496249,10.574833274173487,199300
2015-07-06,10.574832916259766,10.574832916259766,10.437695082224069,10.498645069221899,219600
2015-07-07,10.513883590698242,10.567214651031152,10.361508613617643,10.567214651031152,488600
2015-07-08,10.483406066894531,10.53673711436506,10.346268257306283,10.44531215016657,681000
2015-07-09,10.60530948638916,10.666259482448076,10.567215557207021,10.6434034155713,622200
2015-07-10,10.597689628601074,10.719589610060277,10.590070698114573,10.696733545181978,488600
2015-07-13,10.582451820373535,10.635782877220791,10.574832890372168,10.590070023793745,380800
2015-07-14,10.574832916259766,10.635782903257597,10.513882929261936,10.635782903257597,396000
2015-07-15,10.590068817138672,10.628162736223848,10.559593827186747,10.620543807090598,321700
2015-07-16,10.643404960632324,10.643404960632324,10.53674208875476,10.60531102592024,425300
2015-07-17,10.582451820373535,10.635782877220791,10.513882903523545,10.628163947219424,176000
2015-07-20,10.635783195495605,10.635783195495605,10.513883218150514,10.612927131388695,339400
2015-07-21,10.49864673614502,10.72720958696754,10.491028531496578,10.605309593617202,169700
2015-07-22,10.727206230163574,10.765300147810358,10.483406319753826,10.483406319753826,199100
2015-07-23,10.521498680114746,10.780535683294541,10.498641896961077,10.780535683294541,264400
2015-07-24,10.369126319885254,10.53673914992019,10.36150811633275,10.483408092146824,120300
2015-07-27,10.224370956420898,10.36150880157167,10.209133095145827,10.36150880157167,152500
2015-07-28,10.026281356811523,10.2472252203918,10.018662427513322,10.2472252203918,236000
2015-07-29,10.209135055541992,10.224372919743095,9.99581004279605,10.049141114337196,123500
2015-07-30,9.599632263183594,10.05675715926115,9.42440050808467,9.904382193901963,454400
2015-07-31,9.241549491882324,9.531062256218233,9.165361654632482,9.523443327177036,509800
2015-08-03,8.974898338317871,9.294886290123467,8.936804396135011,9.27964914919923,520400
2015-08-04,9.165363311767578,9.18822010302377,8.974894410786483,8.974894410786483,364800
2015-08-05,9.08155345916748,9.294878335615055,9.066315604702208,9.142503423866787,192800
2015-08-06,9.066317558288574,9.218693229451244,9.066317558288574,9.10441147607924,108600
2015-08-07,9.066317558288574,9.089174344911603,8.921561542581294,8.99774937816263,201700
2015-08-10,9.30250072479248,9.310119654860518,9.066318978751474,9.066318978751474,180500
2015-08-11,9.317737579345703,9.317737579345703,9.16536261545335,9.226312601010292,328500
2015-08-12,9.432019233703613,9.477731359030686,9.089175387426039,9.287262474811907,261100
2015-08-13,9.447257041931152,9.538682752282888,9.287263138687392,9.41678204734097,232100
2015-08-14,9.569157600402832,9.569157600402832,9.386306909079348,9.439638693731736,144500
2015-08-17,9.698674201965332,9.698674201965332,9.432018228428223,9.531062124855511,165000
2015-08-18,9.637728691101074,9.721535495084762,9.569160478634501,9.721535495084762,169100
2015-08-19,9.599632263183594,9.668200452659367,9.49296942414159,9.622488326342184,256200
2015-08-20,9.454873085021973,9.561535896806953,9.439635955670383,9.561535896806953,436100
2015-08-21,9.386309623718262,9.432022491415163,9.272028544348084,9.317740685463603,363700
2015-08-24,9.073941230773926,9.073941230773926,8.974897283373112,9.005372288220945,339500
2015-08-25,9.112030982971191,9.393924829974264,9.104412053613544,9.371068768482418,441000
2015-08-26,9.386309623718262,9.447259629593209,9.172984603155951,9.28726568252613,413300
2015-08-27,9.371068954467773,9.546299973684846,9.31773717448688,9.432018937376418,190900
2015-08-28,9.37868881225586,9.462494865404881,9.294882032525658,9.325357026996318,115300
2015-08-31,9.439640045166016,9.454877181118727,9.317739324637946,9.348215049705923,166500
2015-09-01,9.157742500305176,9.378686333467263,9.150123572055898,9.294879575887203,208800
2015-09-02,9.332978248596191,9.332978248596191,9.188222170966824,9.26440931255757,250800
2015-09-03,9.386309623718262,9.447259629593209,9.317740685463603,9.371072485540218,145100
2015-09-04,9.409162521362305,9.409162521362305,9.272024701687826,9.294880762773213,109600
2015-09-08,9.477731704711914,9.546300621784567,9.44725671118864,9.500588494790238,186800
2015-09-09,9.393926620483398,9.5539205345838,9.371070554635121,9.5539205345838,211500
2015-09-10,9.578572273254395,9.593959890372664,9.378537653048697,9.432393579240673,164700
2015-09-11,9.647817611694336,9.663205232845954,9.493945068788955,9.517025766794223,113200
2015-09-14,9.67859172821045,9.763221439949648,9.609348903277409,9.647817220876002,174100
2015-09-15,9.747835159301758,9.770915857807308,9.65551163155738,9.686286140805505,104000
2015-09-16,9.701666831970215,9.755522739047503,9.640117852786208,9.73244132156222,76800
2015-09-17,9.617039680480957,9.75552528667089,9.524716187594969,9.717056981204587,172300
2015-09-18,9.624736785888672,9.663205104534761,9.40162141820793,9.486251132251606,226400
2015-09-21,9.593960762023926,9.763220163371004,9.540104830938914,9.655509768645052,104200
2015-09-22,9.532414436340332,9.609350349393512,9.478558490108641,9.524720624918343,89100
2015-09-23,9.509329795837402,9.63242853591763,9.432393908724505,9.532411222321066,140500
2015-09-24,9.58626651763916,9.647815521466539,9.44778089216656,9.455474701075481,92100
2015-09-25,9.517024993896484,9.76322104255099,9.517024993896484,9.686285144207508,151100
2015-09-28,9.49394416809082,9.609348380890825,9.447782042737565,9.517024863906403,118500
2015-09-29,9.50163459777832,9.609344962415017,9.424697994133398,9.55548978009667,702600
2015-09-30,9.440088272094727,9.609347673919164,9.30160263994561,9.578573170521807,215300
2015-10-01,9.470864295959473,9.501638804297416,9.263135814386741,9.424702166591482,150900
2015-10-02,9.324682235717773,9.501636159700862,9.140035237083033,9.370844352237434,154200
2015-10-05,9.455473899841309,9.52471670671014,9.347762785409579,9.37853728471551,132100
2015-10-06,9.40931224822998,9.509329559339099,9.393925364678871,9.486248867151449,120300
2015-10-07,9.509329795837402,9.524717413493178,9.401619407134946,9.424700099896615,153600
2015-10-08,9.55549144744873,9.593959755983585,9.432393447114762,9.486248638830384,240400
2015-10-09,9.570879936218262,9.62473587069059,9.524718545210074,9.609348251206471,171500
2015-10-12,9.578572273254395,9.70167027531268,9.555491581298957,9.60165296520983,217100
2015-10-13,9.593960762023926,9.709364966008028,9.517024136886501,9.517024136886501,67700
2015-10-14,9.332377433776855,9.647816286847062,9.293909119902477,9.624735592011259,152500
2015-10-15,9.509329795837402,9.524717413493178,9.232359281531378,9.355457287889612,135600
2015-10-16,9.478557586669922,9.555494226112208,9.386234059572482,9.524719717079726,110900
2015-10-19,9.393926620483398,9.5247184499013,9.36315211554519,9.455475630359814,115800
2015-10-20,9.532414436340332,9.586269648849782,9.370848065089742,9.409315654755211,189600
2015-10-21,9.340069770812988,9.570878150227683,9.316988345893963,9.547797459030603,103100
2015-10-22,9.46316909790039,9.509330486777781,9.347764158262821,9.36315177703665,101300
2015-10-23,9.601651191711426,9.640119493679743,9.432391837005765,9.509327707220566,157300
2015-10-26,9.55549144744873,9.663202564601931,9.470861755649617,9.593959755983585,84600
2015-10-27,9.593960762023926,9.632429074592638,9.486249633575937,9.486249633575937,120100
2015-10-28,9.886321067810059,9.91709557783649,9.586269044760709,9.586269044760709,339000
2015-10-29,9.786299705505371,9.970946689790669,9.66320171598184,9.886317005423713,216700
2015-10-30,10.03249740600586,10.101740220424537,9.693977876730353,9.7324454547656,621300
2015-11-02,10.463342666625977,10.61721520183945,9.932481502986835,10.047886454688534,619500
2015-11-03,10.378708839416504,10.47872613813891,10.263304659048588,10.47872613813891,273200
2015-11-04,10.601828575134277,10.617216196958921,10.340244873892862,10.401794627469247,268900
2015-11-05,10.717231750488281,10.740312445654206,10.57105230241925,10.601826807214508,124000
2015-11-06,11.301945686340332,11.325027111847875,10.724923255647106,10.73261706414962,437400
2015-11-09,10.786476135253906,11.178850944912092,10.647990476714442,11.08652741712651,484200
2015-11-10,11.117301940917969,11.194238581034261,10.732620207780862,10.80186303714109,328500
2015-11-11,10.986506462097168,11.271170762495183,10.971119579392324,11.209621764231933,148000
2015-11-12,10.90187931060791,10.994202829493453,10.832636488013225,10.963428323198272,163300
2015-11-13,10.955735206604004,11.094220860558401,10.855717871383845,10.855717871383845,143100
2015-11-16,11.071136474609375,11.101910972600233,10.817246682754318,10.924957058861368,227700
2015-11-17,11.063446044921875,11.278867596637193,11.04036534781148,11.101914362587287,242700
2015-11-18,11.332721710205078,11.340415519741951,11.032670475487622,11.063444979913054,162400
2015-11-19,11.255786895751953,11.348110417884698,11.171157183894136,11.30194828995726,185500
2015-11-20,11.317336082458496,11.432740303447304,11.225012558923021,11.317336082458496,175000
2015-11-23,11.301945686340332,11.440431304497734,11.263478111271688,11.263478111271688,122800
2015-11-24,11.41734790802002,11.440428594337941,11.155764350677611,11.155764350677611,199000
2015-11-25,11.609692573547363,11.648160886150459,11.378883431650832,11.432738629061944,132000
2015-11-27,11.717399597167969,11.77894931985773,11.532752630264158,11.594301619232095,82400
2015-11-30,11.555837631225586,11.732790845895124,11.532756202920998,11.732790845895124,172000
2015-12-01,11.648159980773926,11.832806986450278,11.432737740429536,11.5789171702148,178800
2015-12-02,11.563530921936035,11.694322749872278,11.463513598589376,11.678935864438518,203500
2015-12-03,11.34041690826416,11.694324119350117,11.263481004641564,11.609694405248618,239200
2015-12-04,11.555837631225586,11.594305210955799,11.263479476199258,11.348109178816596,203300
2015-12-07,11.201931953430176,11.540451542505938,11.163463634877392,11.540451542505938,216000
2015-12-08,11.094219207763672,11.232704841086754,11.02497639110213,11.163462024425213,184700
2015-12-09,10.90187931060791,11.15576917097368,10.84802410802187,11.078832538374675,197700
2015-12-10,10.971118927001953,11.071136226662755,10.840327130039512,10.894182316886909,167200
2015-12-11,10.854735374450684,11.017672821198602,10.777146572158022,10.777146572158022,195800
2015-12-14,10.831459045410156,11.00991396055259,10.769387706234639,10.870253817382038,168900
2015-12-15,11.079744338989258,11.087503441329174,10.885771220183674,10.90128942486351,208000
2015-12-16,11.304755210876465,11.343549989777905,11.017675030923984,11.103023692496926,166100
2015-12-17,11.320270538330078,11.436654105475402,11.265958305655415,11.343547103769408,149800
2015-12-18,11.459931373596191,11.498725402552694,11.196127832979416,11.250440065477456,357500
2015-12-21,11.428897857666016,11.560799661341425,11.343549936443221,11.522005622571246,153600
2015-12-22,11.692700386047363,11.700459489064954,11.320272320588485,11.444415009074778,224900
2015-12-23,11.537522315979004,11.778049335939775,11.498727539862905,11.700459783707576,241100
2015-12-24,11.421136856079102,11.537520425407644,11.366823882436918,11.506484757590119,60000
2015-12-28,11.498729705810547,11.53752448923419,11.29699816391571,11.359069521413959,117400
2015-12-29,11.692700386047363,11.700459489064954,11.522004559353105,11.56079859454348,164000
2015-12-30,11.615107536315918,11.785803303647073,11.529758912701807,11.646143197644175,89400
2015-12-31,11.343547821044922,11.591833174627158,11.343547821044922,11.591833174627158,124200
2016-01-04,11.296998977661133,11.32803465864582,11.025436214083369,11.180614619006805,251800
2016-01-05,11.599593162536621,11.615111368294677,11.242682569537859,11.296995549742281,194600
2016-01-06,11.692700386047363,11.723736058168937,11.413379336953204,11.46769157817876,327100
2016-01-07,11.126297950744629,11.67718162476172,11.126297950744629,11.498725974894867,395600
2016-01-08,10.93232536315918,11.304753405250521,10.916807158097669,11.23492296237121,323700
2016-01-11,11.103022575378418,11.227165263413456,10.932326009355844,10.940085112345232,329500
2016-01-12,11.110779762268066,11.180610201882951,10.97111962298701,11.165092737495593,324800
2016-01-13,10.715072631835938,11.250437975434426,10.684036970467163,11.110777129300676,284200
2016-01-14,10.606450080871582,10.901289307063873,10.590931876359436,10.738351859429942,171500
2016-01-15,10.459031105041504,10.583174533247947,10.280576175658325,10.350406622790452,251600
2016-01-19,10.272815704345703,10.598690587590845,10.202985266514789,10.567654919660294,275000
2016-01-20,10.606450080871582,10.660762316766652,10.00125416392357,10.148673407045356,366700
2016-01-21,10.4124755859375,10.676279108136443,10.17970772870616,10.60644867697218,191900
2016-01-22,10.784906387329102,10.885772509851744,10.303853084493365,10.567656675714307,337000
2016-01-25,10.606450080871582,10.78490499306894,10.57541441179601,10.78490499306894,237700
2016-01-26,10.715072631835938,10.784902314954278,10.567652685372858,10.583170886031512,122800
2016-01-27,10.722833633422852,10.815940640462925,10.544378721583222,10.653003193155618,255800
2016-01-28,11.428897857666016,12.39876362589764,11.312514261457764,11.638389218779498,899600
2016-01-29,11.715978622436523,11.73925519338288,11.421139343970234,11.669424740594962,656200
2016-02-01,11.700458526611328,11.871155079213258,11.483208839630791,11.66942285704268,529800
2016-02-02,11.902191162109375,11.902191162109375,11.52976237440353,11.615111023642763,444400
2016-02-03,11.902191162109375,11.995298174048648,11.560798045049953,11.995298174048648,356100
2016-02-04,11.490971565246582,11.948747650739064,11.436658571414386,11.863399717501272,404200
2016-02-05,11.615107536315918,11.739250181628952,11.390098806698909,11.506482351692746,428100
2016-02-08,11.452173233032227,11.638387251468018,11.312512349231016,11.537521139828113,329000
2016-02-09,11.19612979888916,11.638388318197032,11.17285248948963,11.405620403843331,318500
2016-02-10,11.320270538330078,11.591832441652059,11.250440102063413,11.296993972890748,200300
2016-02-11,11.250441551208496,11.351307667702839,10.730593503094685,11.141816331918719,345400
2016-02-12,11.514243125915527,11.731492786796393,11.343546593820527,11.343546593820527,343500
2016-02-16,11.692700386047363,11.731495161186526,11.351307992710058,11.630629041804216,284500
2016-02-17,11.638391494750977,11.894436048439578,11.638391494750977,11.74701674841696,233100
2016-02-18,11.739253044128418,11.82460094860523,11.568556495226083,11.638386935229253,332900
2016-02-19,11.754772186279297,11.90995129285563,11.723736512953794,11.723736512953794,234300
2016-02-22,11.537522315979004,11.902192027552246,11.529763212766023,11.87891545786211,269500
2016-02-23,11.692700386047363,11.7625308333081,11.483209784213942,11.545281128457088,237000
2016-02-24,11.692700386047363,11.723736058168937,11.490968887231533,11.537522025439497,165500
2016-02-25,11.9332275390625,11.9875397809212,11.715977831678904,11.715977831678904,263700
2016-02-26,12.080647468566895,12.197031801797765,11.925469097541242,12.00305865302849,302000
2016-02-29,11.894432067871094,12.212547877209069,11.894432067871094,12.072887729175784,463800
2016-03-01,12.35220718383789,12.383242850533016,11.987537545208689,11.987537545208689,539700
2016-03-02,12.23582649230957,12.468593677214184,12.18151350787617,12.336691877795523,419100
2016-03-03,11.506486892700195,11.638388690387155,11.203888520368551,11.21940672713117,6224900
2016-03-04,11.661664962768555,11.715977945101859,11.436656150098594,11.622870186801567,1028000
2016-03-07,11.987541198730469,12.08064822719268,11.584077408727545,11.638389657009947,705800
2016-03-08,11.731494903564453,12.026334152219164,11.731494903564453,11.956503706491894,507800
2016-03-09,11.948746681213379,12.065131024311222,11.778050828588118,11.778050828588118,676400
2016-03-10,11.956504821777344,12.165996178500205,11.840121228008318,12.003058703254261,567100
2016-03-11,12.542988777160645,12.68374424816983,11.862663955479293,12.042519411362072,1087200
2016-03-14,12.511712074279785,12.6446490747295,12.417874323213425,12.519532073307687,334100
2016-03-15,12.277115821838379,12.597729030955366,12.269295823767122,12.433512054483213,318200
2016-03-16,12.331856727600098,12.511712232986318,12.230198976216345,12.261478226968563,376700
2016-03-17,12.589909553527832,12.589909553527832,12.128540088829032,12.308395577369328,391300
2016-03-18,12.707208633422852,12.738488632138782,12.511713115985577,12.644650127503422,727300
2016-03-21,12.79322624206543,12.879243249482888,12.558630742669376,12.68374774574234,334800
2016-03-22,12.863605499267578,12.894884006119208,12.644649985256512,12.707208490472185,548000
2016-03-23,12.668107032775879,12.855782504700668,12.58208854882666,12.793224014059073,262700
2016-03-24,12.589909553527832,12.675926552844563,12.331855572553266,12.566449558343894,278900
2016-03-28,13.207671165466309,13.231131154706741,12.957437246282264,12.957437246282264,2609400
2016-03-29,13.19985294342041,13.246772928208413,12.949618990599095,13.152934450144416,6096200
2016-03-30,13.379712104797363,13.41099060829343,13.152936615523794,13.152936615523794,794000
2016-03-31,13.684683799743652,13.778522287778678,13.33279133400252,13.379711323776117,1302200
2016-04-01,13.739422798156738,13.92709828956979,13.49700880818724,13.58302730106864,718200
2016-04-04,13.82544231414795,13.911460813394884,13.637766808846541,13.770703811540747,665700
2016-04-05,13.70032024383545,13.83325719736569,13.629941768936394,13.747238729930892,519200
2016-04-06,13.567387580871582,13.755063076115851,13.465729088752445,13.692504577701095,500100
2016-04-07,13.410991668701172,13.583028671825405,13.332793166509463,13.528288676232547,394500
2016-04-08,13.536108016967773,13.614306515354526,13.395351018174075,13.504829512520452,237100
2016-04-11,13.504827499389648,13.786339963500383,13.418809014835551,13.676862976985769,759600
2016-04-12,13.903636932373047,13.950555422720784,13.551744525985212,13.551744525985212,634100
2016-04-13,14.138233184814453,14.185151682825367,13.942737703004788,13.950557701258633,544200
2016-04-14,14.302450180053711,14.458845670757434,14.114773204789783,14.122593203051794,325300
2016-04-15,14.349371910095215,14.380650418676112,14.271173401374226,14.310271909978471,204000
2016-04-18,14.701266288757324,14.732546295928937,14.278996632530395,14.32591515177498,438300
2016-04-19,14.982772827148438,15.014052818536594,14.685620366521356,14.748178857785588,617800
2016-04-20,15.146993637084961,15.272110651317455,14.881119608962797,14.982776623709524,605100
2016-04-21,14.818558692932129,15.311206669948344,14.396287719907756,15.15480968182549,1049000
2016-04-22,15.608358383178711,15.670918368533794,14.865476455232825,15.107890432435198,810700
2016-04-25,15.577081680297852,15.686558684283451,15.397226176175135,15.616180184146332,535200
2016-04-26,16.08536720275879,16.10882719635078,15.49106078870371,15.616177771503505,508900
2016-04-27,15.99935245513916,16.14010946654712,15.81167693709936,16.038452453592722,517400
2016-04-28,15.75694465637207,16.00717877929306,15.72566613676346,15.889881720612975,428000
2016-04-29,15.913334846496582,15.928974845293158,15.64746083300429,15.725659335474795,509700
2016-05-02,16.038454055786133,16.108832568520715,15.858598519470016,16.030634055314223,440200
2016-05-03,15.537975311279297,15.952424611727375,15.537975311279297,15.87422615210139,292300
2016-05-04,16.038454055786133,16.085372567104994,15.569264468059785,15.905517030788877,602800
2016-05-05,16.233951568603516,16.304330089902667,15.999356000435425,16.116654530275852,730200
2016-05-06,15.09224796295166,15.279924905238273,14.755997045841902,15.217364930134803,4254200
2016-05-09,15.115708351135254,15.233005324515192,15.045329868804904,15.154806845091255,633200
2016-05-10,15.19390869140625,15.27210718040741,15.092250208251105,15.123530200456418,751700
2016-05-11,15.1860933303833,15.264291843262143,15.131354818821883,15.209553331700727,432900
2016-05-12,15.068791389465332,15.225186872674348,14.896754418969701,15.193908372637381,573800
2016-05-13,14.755996704101562,15.193906079100834,14.662158235131502,15.03750912798802,536500
2016-05-16,14.826374053955078,14.896752534525465,14.669978590530144,14.818555548568948,765700
2016-05-17,14.380650520324707,14.896758593413805,14.318092011208224,14.834200084297324,1075200
2016-05-18,14.974959373474121,15.014059379796322,14.404112704784593,14.404112704784593,1051100
2016-05-19,14.826374053955078,14.91239252832153,14.5605016169815,14.857654041547207,652500
2016-05-20,14.849837303161621,14.873297299003564,14.709080311134423,14.849837303161621,1245800
2016-05-23,14.818558692932129,14.951495685382888,14.732540200313338,14.943675686825523,548600
2016-05-24,15.295564651489258,15.334664639108926,14.849835233209186,14.935853714460436,947900
2016-05-25,15.623998641967773,15.67873713856082,15.350304667490379,15.444143155587149,977000
2016-05-26,15.72565746307373,15.858594453991516,15.561440478287192,15.608358977578117,632000
2016-05-27,15.59272575378418,15.741301300450223,15.530167236368818,15.68656278415087,291000
2016-05-31,15.686553001403809,15.717832986360424,15.498877566199456,15.59271602955752,1059800
2016-06-01,15.772577285766602,16.022811291663746,15.537983278116112,15.577081782220418,489000
2016-06-02,15.788213729858398,15.788213729858398,15.491059796114937,15.710015247741067,476100
2016-06-03,15.623998641967773,15.670918631772244,15.334666162401058,15.592720140276963,335700
2016-06-06,15.991528511047363,16.007167013600444,15.616176111046835,15.702194586892446,680800
2016-06-07,16.04627227783203,16.132289290464485,15.936793774871537,15.999352280200783,498100
2016-06-08,16.03063201904297,16.155749027675483,15.944613516290968,16.03063201904297,329200
2016-06-09,15.733477592468262,16.03063007913316,15.710017596871475,16.022810080600898,324900
2016-06-10,15.561440467834473,15.647458959403554,15.42850347700598,15.62399896401775,265400
2016-06-13,15.341156959533691,15.640112178498384,15.286086379768676,15.474900439203338,343300
2016-06-14,15.042202949523926,15.40409621738585,14.963530043296284,15.286087608324825,545700
2016-06-15,15.238889694213867,15.341163457013613,14.98713600778105,15.120879544095418,538300
2016-06-16,15.050065994262695,15.2074117764473,14.98712798150097,15.113004007024418,467100
2016-06-17,15.160212516784668,15.26248625095219,15.018601576736584,15.057937282056175,1711400
2016-06-20,15.160212516784668,15.506370925167795,15.144477634432443,15.341159162152344,488000
2016-06-21,15.19954776763916,15.270353235546127,15.002866245800018,15.262485794605249,394800
2016-06-22,15.144474983215332,15.372626235699146,15.089404405184263,15.152342423014158,255400
2016-06-23,15.419829368591309,15.585041102627303,15.301820772771213,15.380492169610804,340600
2016-06-24,14.766844749450684,15.065799915945682,14.570163284489093,14.75897731078496,1673900
2016-06-27,13.980124473571777,14.61737225442109,13.869981788818755,14.562301662325126,767400
2016-06-28,14.121731758117676,14.247607793240672,13.665430755656642,14.216138034179572,1093700
2016-06-29,14.239740371704102,14.357748967212888,14.153200034735995,14.279076070020128,508400
2016-06-30,14.239740371704102,14.357748967212888,14.06665969776789,14.263341190469436,485500
2016-07-01,13.932917594909668,14.255476655223696,13.728370142848362,14.050927702601536,428600
2016-07-05,13.744104385375977,13.893582764082543,13.610360888756615,13.893582764082543,503100
2016-07-06,14.035192489624023,14.168935974692895,13.61035971332497,13.626094594053264,358600
2016-07-07,14.35775375366211,14.373488638458346,14.06666438717655,14.06666438717655,461500
2016-07-08,14.48362922668457,14.664575892608982,14.42855863275637,14.42855863275637,281600
2016-07-11,14.751117706298828,14.80618830564587,14.52296636550532,14.538701251193416,238200
2016-07-12,14.939929008483887,15.010734480133275,14.774717241675983,14.916326684413754,249000
2016-07-13,15.018598556518555,15.050066814333814,14.790447309975082,15.002863677330591,319500
2016-07-14,15.561442375183105,15.718786690569322,15.113007249902068,15.2546181841423,545200
2016-07-15,15.592911720275879,15.671584633709806,15.522106248241446,15.640114868111828,545000
2016-07-18,15.577173233032227,15.703049265175304,15.48276695920525,15.54570497527679,302200
2016-07-19,15.624377250671387,15.734518399287001,15.514234601495163,15.577172615069887,359900
2016-07-20,15.624377250671387,15.695182703513026,15.45129658792044,15.640110628644612,300600
2016-07-21,15.490635871887207,15.687317378384543,15.364759827773776,15.624379356327827,481400
2016-07-22,16.387500762939453,16.46617365461644,15.59290740806702,15.59290740806702,753100
2016-07-25,17.237163543701172,17.43384500951297,16.37176479401716,16.395367110116354,939300
2016-07-26,17.457448959350586,17.536121853149933,17.1663597024612,17.237165156824545,541300
2016-07-27,17.55971908569336,17.701329965507067,17.473178770127127,17.52825083493494,480300
2016-07-28,17.575458526611328,17.654131424783305,17.39451191120829,17.50465306831262,376000
2016-07-29,17.449581146240234,17.70133320055848,17.378775693393152,17.575457173399357,409100
2016-08-01,17.158491134643555,17.402377239439083,17.119155440611006,17.378774922683228,273600
2016-08-02,16.875276565551758,17.23716987530812,16.820204474424393,17.103426369406627,239600
2016-08-03,17.119159698486328,17.20570004755489,16.804469566274634,16.859540151841564,410500
2016-08-04,17.189966201782227,17.323709703602557,16.694327900687647,16.843806285207076,429300
2016-08-05,18.078962326049805,18.08682976577165,17.18996264533096,17.25290066254503,763200
2016-08-08,18.18910789489746,18.212708717282386,17.905886021790874,18.06323033974714,442200
2016-08-09,17.98456382751465,18.283519163417584,17.93735916877102,18.2363160052353,510200
2016-08-10,17.6069278717041,18.000290886269582,17.59906193190631,17.937352863961536,239700
2016-08-11,17.84294891357422,18.09470103572057,17.693470528339443,17.693470528339443,350200
2016-08-12,17.84294891357422,17.850816354961417,17.646267380577257,17.709205411113842,144500
2016-08-15,18.14190101623535,18.196971595770414,17.921618698095106,17.921618698095106,219500
2016-08-16,17.835079193115234,18.204839887697354,17.81147687196968,18.047495581742776,405500
2016-08-17,17.040481567382812,17.756401961445047,17.032614128918777,17.638393385605426,904900
2016-08-18,17.2214298248291,17.229297264058093,16.835934305972017,16.90673975847236,395700
2016-08-19,17.252899169921875,17.386642632501136,17.150623962946845,17.213561974715876,331600
2016-08-22,17.378780364990234,17.394515247754978,17.1506290665845,17.2293019798472,275000
2016-08-23,17.551855087280273,17.614793101690612,17.40237824090611,17.433846497830963,241400
2016-08-24,17.26862907409668,17.70132759280793,17.213557016670766,17.551849295200714,347000
2016-08-25,17.174226760864258,17.386643119241562,17.134891065117618,17.26076709217959,216200
2016-08-26,17.292232513427734,17.355170516639394,17.079816189878244,17.174223944975914,343500
2016-08-29,17.30797576904297,17.53612707899513,17.268640060701397,17.370913802726136,267600
2016-08-30,17.48105239868164,17.4889198392975,17.300105766199543,17.307973206815397,238500
2016-08-31,17.55971908569336,17.60692221211115,17.213559323988772,17.52825083493494,288800
2016-09-01,17.504653930664062,17.646264854237813,17.26076928482082,17.465318229920598,232800
2016-09-02,17.661998748779297,17.67773212786189,17.496785513646007,17.575458411301828,198500
2016-09-06,17.71706771850586,17.898014316294297,17.551854498371643,17.661997145314647,486800
2016-09-07,17.512523651123047,17.945222417883404,17.4653205039727,17.945222417883404,481100
2016-09-08,17.323701858520508,17.59118874102906,17.21355923006619,17.449577861988022,518300
2016-09-09,17.24503517150879,17.528257031256473,17.166362265961002,17.21356540906533,524700
2016-09-12,16.883142471313477,17.18996669042366,16.8280718808622,17.18996669042366,506300
2016-09-13,16.804025650024414,16.93852120903257,16.25022156098997,16.804025650024414,998800
2016-09-14,16.4084529876709,16.883143352211814,16.39262962341975,16.732824409824058,543200
2016-09-15,16.337242126464844,16.661613405047078,16.32141876921732,16.44009243957535,616000
2016-09-16,16.131547927856445,16.3768055129785,15.846734955551689,16.242309953362774,1150200
2016-09-19,16.22649574279785,16.511310384732777,16.147380396815958,16.21858405729969,560200
2016-09-20,15.735974311828613,16.329336860648684,15.7280626300978,16.242311379607724,714600
2016-09-21,14.478038787841797,15.704321718198896,14.343543279583232,15.546091175895306,3264200
2016-09-22,14.565074920654297,14.652101924693811,14.145764775463004,14.59672165266839,2700100
2016-09-23,14.438490867614746,14.802419228177463,14.43057918468957,14.612543364970929,980200
2016-09-26,13.932148933410645,14.359369055221284,13.932148933410645,14.23278520364787,602400
2016-09-27,13.86886215209961,14.02709127076016,13.647339575175918,13.884684007666294,735000
2016-09-28,13.821390151977539,14.042912698345978,13.805568298593208,13.955885714237146,933900
2016-09-29,13.702716827392578,13.8688591007818,13.64733657259576,13.781832123816075,737900
2016-09-30,13.81347942352295,13.860949513946702,13.536578107712703,13.702718897198851,1215400
2016-10-03,13.80556583404541,13.876769443059862,13.678981975574963,13.84512272394294,681700
2016-10-04,13.892593383789062,14.058735666152112,13.758097825304253,13.79765623015205,730500
2016-10-05,13.987532615661621,14.13785154220293,13.845125370411845,14.01126615053731,846900
2016-10-06,14.011265754699707,14.106204418517047,13.68689437590534,13.940063643085288,357100
2016-10-07,14.003355026245117,14.04291192101465,13.86094779067671,14.04291192101465,513900
2016-10-10,14.122026443481445,14.201141737671565,14.00335425669563,14.00335425669563,521600
2016-10-11,14.082466125488281,14.256520050820328,13.916325388396986,14.12993620094167,1052200
2016-10-12,13.797651290893555,14.153667753084497,13.797651290893555,14.066642311570254,455800
2016-10-13,13.140998840332031,13.671069273930573,12.91947635006748,13.671069273930573,1933400
2016-10-14,13.053971290588379,13.394165935358615,13.030236254093325,13.235935376721802,1285900
2016-10-17,12.555549621582031,13.18846973276531,12.547637940998635,12.990682245176746,1129700
2016-10-18,8.908348083496094,12.761247263746986,8.647268676023238,12.650486760273255,17249200
2016-10-19,10.546029090881348,10.973250046573112,9.968489972140379,10.561852452517796,16540400
2016-10-20,10.799203872680664,11.353009818561642,10.498567350830859,11.099841149030368,9267000
2016-10-21,10.474824905395508,10.902045837956974,10.36406439793473,10.640966421086043,4347300
2016-10-24,10.30868148803711,10.640964458121124,10.229566962230916,10.50646893430144,3146000
2016-10-25,10.269126892089844,10.553941382021101,10.23748092148631,10.284950254641338,2849300
2016-10-26,10.031783103942871,10.269127520749493,9.952667795340997,10.213747257427881,1899000
2016-10-27,9.833992958068848,10.087160670717672,9.691585742454235,10.031780422200567,1813600
2016-10-28,10.031783103942871,10.142543630586095,9.818172223417509,9.889375850259297,2364000
2016-10-31,10.522295951843262,10.601410505165697,9.691588237710993,10.047605613910681,2378600
2016-11-01,10.403619766235352,10.5618503328467,10.205832312470427,10.522292691193863,1982000
2016-11-02,10.284951210021973,10.324508865575808,10.008048375644648,10.324508865575808,1300300
2016-11-03,10.047603607177734,10.482736204293563,10.047603607177734,10.324506374751264,1532600
2016-11-04,10.284951210021973,10.522296388845461,9.889376163482666,9.968491474590337,1225900
2016-11-07,10.601409912109375,10.640967563807433,10.308684496742861,10.403622408118531,1044500
2016-11-08,10.561857223510742,10.601414136471655,10.284954305785838,10.561857223510742,856700
2016-11-09,10.838754653930664,11.194771996620103,10.28494981480271,10.324507464990297,2195900
2016-11-10,10.957429885864258,11.376739254355577,10.878314569017029,11.036544448211906,2290400
2016-11-11,10.99698543548584,11.036543089037844,10.443180549256244,10.601410408964773,2538300
2016-11-14,11.43211841583252,11.471676070423536,10.799198205874768,10.799198205874768,2060400
2016-11-15,11.709017753601074,11.867247570305288,11.23432754898915,11.273885191790024,1875000
2016-11-16,11.709017753601074,11.867247570305288,11.55078793689686,11.709017753601074,1325100
2016-11-17,11.234329223632812,11.732753786423133,11.03654173464456,11.709019499004373,1436600
2016-11-18,11.709017753601074,11.827689927504414,11.313442834590898,11.313442834590898,823200
2016-11-21,11.709017753601074,11.946362855907037,11.432115008494238,11.709017753601074,656400
2016-11-22,12.104595184326172,12.144152835335294,11.748577834242933,11.827692381761743,1853500
2016-11-23,12.30238151550293,12.341939162752007,11.906806552010869,12.183708573755691,798000
2016-11-25,12.183710098266602,12.341940707061838,12.025480243970826,12.341940707061838,431800
2016-11-28,12.14415168762207,12.421053709517748,12.06503639308081,12.183708580393334,1259400
2016-11-29,12.104595184326172,12.500170185418533,11.946365334789114,12.104595184326172,897100
2016-11-30,11.946364402770996,12.381496266425414,11.78813381107916,12.262824077155914,1006200
2016-12-01,11.748579978942871,12.223269614208501,11.59034934602142,11.9859244193259,956100
2016-12-02,11.748579978942871,11.94636751559511,11.669464662482145,11.748579978942871,833800
2016-12-05,12.14415168762207,12.381496062247118,11.827691263956396,11.827691263956396,1422100
2016-12-06,12.658400535583496,12.69795743365762,12.049214647648796,12.183710213699328,1237100
2016-12-07,12.460616111755371,12.856191226414271,12.302386216791742,12.737518993816463,1128200
2016-12-08,12.935300827026367,13.038149647365403,12.460610597695386,12.579282777778472,1291900
2016-12-09,12.97485637664795,13.053971658194278,12.737512041007447,12.856184208827697,957900
2016-12-12,12.658400535583496,13.05397555232048,12.44478966438578,12.974860247173297,1244600
2016-12-13,12.841854095458984,13.081142687993097,12.682327352863066,12.722209038512045,846900
2016-12-14,12.801974296569824,13.081145393165196,12.642449042343957,12.841856751146352,1298200
2016-12-15,12.961501121520996,13.065192461094727,12.682330023862374,12.801974345327473,921500
2016-12-16,13.280552864074707,13.36031625043889,12.881737453613844,13.04126422634221,5987600
2016-12-19,13.639485359191895,13.822940056207733,13.121025705235912,13.32043338147743,1527300
2016-12-20,14.157947540283203,14.197828474106155,13.599605338601231,13.679368727607242,1669200
2016-12-21,14.118061065673828,14.237705341547095,13.799007634865768,14.078178626143066,890600
2016-12-22,14.157947540283203,14.197828474106155,13.918658894625276,14.157947540283203,765100
2016-12-23,13.998419761657715,14.197827459238935,13.902704918780326,14.078183144962201,1126400
2016-12-27,13.998419761657715,14.15794652826669,13.759131133104248,14.038302213989956,696900
2016-12-28,13.87877368927002,14.15794473479139,13.759129390149377,13.958537062470384,782100
2016-12-29,13.7990140914917,13.942587898262309,13.639488822804529,13.918659944707354,555800
2016-12-30,13.838895797729492,13.918659188419142,13.679369016350192,13.799013341704597,422300
2017-01-03,13.759132385253906,14.19782875131215,13.623535077704245,14.038303491545577,763700
2017-01-04,14.118061065673828,14.157941983845081,13.799007634865768,13.838890074396529,968000
2017-01-05,13.838895797729492,14.10211392205324,13.679369016350192,13.998421057748654,1034700
2017-01-06,13.838895797729492,13.998421057748654,13.679369016350192,13.918659188419142,681100
2017-01-09,13.7990140914917,13.878777486515396,13.559725427780833,13.759133154659962,612200
2017-01-10,13.759132385253906,13.918659166380614,13.479961278962234,13.759132385253906,924800
2017-01-11,13.599607467651367,13.75913427063768,13.34436579996154,13.75913427063768,1000100
2017-01-12,13.40019702911377,13.543770818649138,13.200789326172433,13.519842867966602,851000
2017-01-13,13.440079689025879,13.918658487710491,13.360316302351766,13.479960621682903,1121400
2017-01-17,12.841854095458984,13.320432801886977,12.80197164913012,13.320432801886977,910600
2017-01-18,13.001381874084473,13.025311346588751,12.642448914680708,12.84185662146949,891600
2017-01-19,12.762094497680664,13.081146555850637,12.682331102798116,12.961502224206924,714200
2017-01-20,12.881735801696777,13.20078778487914,12.746138518674291,12.762091498173374,892400
2017-01-23,11.685287475585938,12.482918040763948,11.485879834291435,11.629453579441009,6485400
2017-01-24,12.52280330657959,12.602566690206467,11.844817588471143,11.88469851960458,2975300
2017-01-25,11.924578666687012,12.80197196952357,11.804934367425632,12.642446744295,3718300
2017-01-26,12.283512115478516,12.961498494866568,11.605526496770352,12.961498494866568,6641800
2017-01-27,11.804935455322266,12.163869146864231,11.804935455322266,12.163869146864231,2451500
2017-01-30,12.163869857788086,12.80197389752148,11.884698769894714,12.482921877654784,3255500
2017-01-31,12.602566719055176,12.881737041028295,12.163869629463127,12.163869629463127,2728900
2017-02-01,12.762094497680664,13.00138316096809,12.506852851144686,12.762094497680664,2166200
2017-02-02,12.602566719055176,12.80197365721883,12.44304071211625,12.682329342184637,1598400
2017-02-03,13.041263580322266,13.041263580322266,12.602566498410875,12.801973433083337,2161400
2017-02-06,12.92162036895752,13.160909015235948,12.746140608417237,13.041264692096734,1262400
2017-02-07,13.001381874084473,13.160908648059523,12.762093234481963,12.921620008457014,1241200
2017-02-08,12.841854095458984,13.001379316695138,12.682327352863066,13.001379316695138,1465200
2017-02-09,15.753204345703125,15.832967709953294,12.841852960769158,12.841852960769158,7268600
2017-02-10,15.872852325439453,15.952615708252715,15.194865853566716,15.793088942626193,2857000
2017-02-13,16.072261810302734,16.231788593681287,15.817020173985178,15.91273654828434,1591200
2017-02-14,16.032373428344727,16.351425325546924,15.896776181863862,16.112136782985136,1040600
2017-02-15,16.311548233032227,16.351429159022505,15.912732887690213,16.11214056036122,909200
2017-02-16,16.19190788269043,16.271671282978428,15.832974863434922,16.23179034351459,1079500
2017-02-17,15.832972526550293,16.311551336281607,15.71332820445749,16.112143625673568,1272900
2017-02-21,15.7930908203125,16.152025324966942,15.753209884844303,15.7930908203125,1294000
2017-02-22,15.553797721862793,15.952613048064404,15.513916797786527,15.753205384963598,873200
2017-02-23,15.593680381774902,15.737254158607188,15.234747461054093,15.673443760166162,1511500
2017-02-24,15.434159278869629,15.513922678617647,15.27463247937359,15.394276818315463,1225400
2017-02-27,15.952614784240723,16.032378162433904,15.354391729831695,15.434155108024878,1798300
2017-02-28,15.513917922973633,15.872850829771782,15.39427209934774,15.832969902803047,875600
2017-03-01,16.391313552856445,16.8698923727898,15.75320947385206,15.75320947385206,2434400
2017-03-02,16.152019500732422,16.49500089898033,15.87284848904043,16.471071433512,1556800
2017-03-03,16.19190788269043,16.55084242330626,16.112146003762753,16.23179034351459,1594400
2017-03-06,15.91273021697998,16.032374496230144,15.713322577776518,16.032374496230144,1144300
2017-03-07,16.311548233032227,16.351429159022505,15.713325215019207,15.872850440340128,1227000
2017-03-08,16.23177719116211,16.455112705370883,16.13606088410186,16.431184769625137,1209400
2017-03-09,16.510955810546875,16.670481034948416,16.072258020383092,16.152021393263762,1531900
2017-03-10,16.670488357543945,16.75025176546109,16.152028488123193,16.55084400634846,1492300
2017-03-13,16.574167251586914,16.81495510800137,16.453774088820747,16.654429870391734,1060400
2017-03-14,16.574167251586914,16.7748230331579,16.4136435448594,16.654429870391734,1300000
2017-03-15,16.774829864501953,17.136011030769183,16.574174001216324,16.734699304197925,1325400
2017-03-16,16.65443229675293,17.079823166775586,16.574169666254758,16.81495755774927,915500
2017-03-17,16.65443229675293,16.7346949272511,16.373513855450508,16.694562846560842,1390900
2017-03-20,16.694557189941406,16.935344999849743,16.33337777140164,16.65442665373093,1115600
2017-03-21,16.212980270385742,16.895208387726562,15.956139702733937,16.814947336896875,1435300
2017-03-22,15.932069778442383,16.237065900796853,15.715361161281958,16.13272556524674,1542600
2017-03-23,16.212980270385742,16.477845718415384,15.932061999837599,15.932061999837599,727100
2017-03-24,16.293249130249023,16.493904915256437,16.13272542077238,16.293249130249023,731600
2017-03-27,16.65443229675293,16.718642094974996,15.691283792539581,15.891939603343832,1056200
2017-03-28,16.814956665039062,17.055743012867822,16.493906160091033,16.53403823865067,1041200
2017-03-29,16.614295959472656,16.97547537457661,16.17285241094763,16.774819633669367,1240500
2017-03-30,16.774829864501953,16.975485727787582,16.453780789421497,16.69456721301115,1243000
2017-03-31,16.614295959472656,16.935344838747888,16.57416389276212,16.774819633669367,597200
2017-04-03,16.212980270385742,16.574159591763575,16.012324581548697,16.574159591763575,825300
2017-04-04,16.012325286865234,16.293242038905884,15.916009878393096,16.132718399294298,790200
2017-04-05,15.972201347351074,16.36548653099337,15.916017968385356,16.253119773061933,673000
2017-04-06,16.493898391723633,16.63837074472958,15.891931274786545,15.93206333444461,1334000
2017-04-07,16.253122329711914,16.41364760704972,16.132729137149806,16.293252883605113,838200
2017-04-10,16.293249130249023,16.42969512528935,16.052462800592988,16.293249130249023,854500
2017-04-11,17.336660385131836,17.561393887872224,16.37351199061478,16.37351199061478,2929000
2017-04-12,17.176136016845703,17.33666126773152,16.999559465577104,17.256398642288612,1187000
2017-04-13,16.89521598815918,17.21626645943041,16.77482282687352,17.095871767262647,1171500
2017-04-17,17.41692352294922,17.41692352294922,16.774824063937075,16.935349311410665,815200
2017-04-18,17.216264724731445,17.49718156246563,16.93534635611531,17.25639526415577,1449400
2017-04-19,17.095870971679688,17.617577197775976,17.05574043007937,17.296526741445327,895300
2017-04-20,17.61757469177246,17.69783576355639,17.17613114255176,17.17613114255176,1243400
2017-04-21,17.737972259521484,17.818234882228897,17.45705384548664,17.57744701410666,1423300
2017-04-24,17.77810287475586,18.219546535926842,17.577447082646014,18.139283912906464,1975000
2017-04-25,18.139286041259766,18.660990855782586,18.018892858044097,18.059023408821858,2627900
2017-04-26,18.018890380859375,18.259676714188107,17.834285892366363,18.059020926120105,877000
2017-04-27,17.6577091217041,18.42020171885782,17.6577091217041,18.059020692651924,1119800
2017-04-28,17.41692352294922,17.818235110750976,17.136005105311543,17.697840409704675,908000
2017-05-01,17.53731918334961,17.778105557868578,17.29653127794821,17.497187100341492,873400
2017-05-02,17.256399154663086,17.657710762911066,16.895218094886985,17.53731758661313,1607900
2017-05-03,16.694557189941406,17.37678702169229,16.0925899614933,16.373508307612113,2044000
2017-05-04,16.132728576660156,16.61430286106004,15.932072752400408,16.373514953418873,2301000
2017-05-05,16.65443229675293,17.01561336855352,16.172858044646254,16.172858044646254,1780700
2017-05-08,16.89521598815918,16.89521598815918,16.614299122120006,16.65442966558786,802200
2017-05-09,16.774829864501953,17.015617818974352,16.654436652707126,16.89522307629678,823000
2017-05-10,16.734691619873047,16.895215318261776,16.493903775966892,16.734691619873047,1423800
2017-05-11,16.253122329711914,16.614303438280732,16.21299177581871,16.57417135350503,867100
2017-05-12,16.1728572845459,16.29325045919368,15.97220148317217,16.1728572845459,957800
2017-05-15,16.614295959472656,16.614295959472656,16.17285241094763,16.25311501348689,1060500
2017-05-16,16.694557189941406,16.895212932757442,16.534033514217672,16.614296117520453,1253500
2017-05-17,16.132728576660156,16.69456396605798,15.972203304899379,16.69456396605798,1283200
2017-05-18,16.212980270385742,16.37350390292653,16.012324581548697,16.092585632378384,931600
2017-05-19,16.212980270385742,16.413635959222788,16.172848214089484,16.212980270385742,876100
2017-05-22,16.373512268066406,16.41364434486593,16.172856476715392,16.253119099432237,510400
2017-05-23,16.453777313232422,16.558117666508558,16.17285885780563,16.373514678698708,453800
2017-05-24,16.33338165283203,16.558115158426816,16.17285640807959,16.49390536670228,844700
2017-05-25,16.41364097595215,16.558111830131068,16.253115763466393,16.37350890738977,592300
2017-05-26,16.253122329711914,16.453778160942925,16.17285969104301,16.37351552227402,646100
2017-05-30,16.253122329711914,16.333384968380816,16.092597052374103,16.21299177581871,737700
2017-05-31,16.293249130249023,16.333381205779794,15.972200180413594,16.293249130249023,1122700
2017-06-01,16.774829864501953,16.814961955688727,16.253124926135868,16.253124926135868,1091800
2017-06-02,17.095870971679688,17.296526741445327,16.69455943214841,16.77482204623107,1042500
2017-06-05,16.935348510742188,17.24034462946376,16.87916513604733,17.09587221974433,708500
2017-06-06,16.97547721862793,17.136002441144356,16.62232264762098,16.774821455923387,751500
2017-06-07,17.13600730895996,17.336663128664686,16.935351489255236,16.975482040843215,794900
2017-06-08,17.77810287475586,17.85836549777624,16.93534916024739,17.136004952357236,1261700
2017-06-09,18.139286041259766,18.283758473471522,17.737974409952614,17.898498143946046,1217500
2017-06-12,17.737972259521484,18.364017348698468,17.64165680609615,18.13928384217635,1286100
2017-06-13,18.004409790039062,18.165884938804897,17.641093015227653,17.88330419843526,897200
2017-06-14,18.085142135620117,18.085142135620117,17.47961281273145,17.76219347140097,879800
2017-06-15,17.72182273864746,18.270834613362457,17.641085200032162,17.964033814552884,550400
2017-06-16,17.560348510742188,17.746043780580397,17.43924296693207,17.600716512032044,1007400
2017-06-19,17.479612350463867,17.842930550565,17.31813879259499,17.68145545275546,636500
2017-06-20,17.23740577697754,17.51998650249017,17.116300191741004,17.439248932352122,548100
2017-06-21,16.954824447631836,17.342362922563293,16.793349313106557,17.318142730343208,621700
2017-06-22,16.83371353149414,17.11629415738283,16.752975989820158,16.995187074901587,662200
2017-06-23,16.914451599121094,17.100146872787064,16.712608508630105,16.87408205705855,1734100
2017-06-26,17.075925827026367,17.22125310435316,16.83371472477546,16.995188279629186,625600
2017-06-27,16.914451599121094,17.318137780103072,16.87408205705855,17.116294689612083,718200
2017-06-28,17.075925827026367,17.358506472946175,17.03555782329809,17.116295370695273,855600
2017-06-29,17.439250946044922,17.600724565025143,17.19703820766272,17.358513366584187,1040500
2017-06-30,17.35850715637207,17.600718268159124,16.995188948750798,17.479612712265595,1091100
2017-07-03,17.84292984008789,18.165878482907008,17.398874108763582,17.47961165445351,713000
2017-07-05,17.641090393066406,17.964039102654024,17.519984819463662,17.842933529051283,884700
2017-07-06,17.479612350463867,17.641087448273407,17.358506797077045,17.560349899368635,670600
2017-07-07,17.39887046813965,17.60071352015955,17.197027416119745,17.519977531303812,668700
2017-07-10,17.156660079956055,17.46346085322387,17.11629208397935,17.35850313972024,915600
2017-07-11,16.712608337402344,17.116294514248384,16.591501252396085,17.116294514248384,838800
2017-07-12,16.83371353149414,17.100146341059926,16.67223844814617,16.712607988953426,646400
2017-07-13,16.79334831237793,16.995191448536033,16.534989344486103,16.874085874829355,634600
2017-07-14,16.75297737121582,16.914452467878498,16.430028717831114,16.591502274553143,652900
2017-07-17,16.79334831237793,16.914455426025526,16.591505176219826,16.712612289867423,421500
2017-07-18,16.510765075683594,16.79334416455745,16.43002753317369,16.672238620762865,665100
2017-07-19,16.59149742126465,16.75297247069319,16.34928638706203,16.59149742126465,925600
2017-07-20,16.308923721313477,16.61572456750334,16.107080613574155,16.591502840195965,1033700
2017-07-21,16.147449493408203,16.494619903907004,16.066711937953006,16.389660619833013,794800
2017-07-24,16.308923721313477,16.389659732456643,16.107080613574155,16.107080613574155,940100
2017-07-25,16.551136016845703,16.833716695853184,16.47039845999488,16.47039845999488,1701100
2017-07-26,16.147449493408203,16.874084412623414,16.0263439301958,16.0263439301958,1746800
2017-07-27,16.06671142578125,16.510767196658918,16.026343419310887,16.18781698513307,1212600
2017-07-28,16.34929084777832,16.430028394520903,15.70339355371888,15.985972657406998,1510600
2017-07-31,16.59149742126465,16.75297247069319,16.107075352859415,16.430023911776303,1697900
2017-08-01,16.874088287353516,16.995193878374916,16.59150754834282,16.71261467930536,1079800
2017-08-02,16.712608337402344,16.85793406751685,16.413879888962427,16.833713882468047,856500
2017-08-03,16.34929084777832,16.83371458829321,16.268553301035734,16.752977041550626,649500
2017-08-04,16.510765075683594,16.551133076968277,16.349289990663785,16.510765075683594,543100
2017-08-07,16.551136016845703,16.793347147457364,16.389660903144055,16.47039845999488,691400
2017-08-08,16.147449493408203,16.591503738500617,16.107081485650998,16.47039817528821,1393800
2017-08-09,16.026344299316406,16.228187422632885,15.905238733314686,16.026344299316406,614300
2017-08-10,15.663026809692383,16.02634506499638,15.582289248520283,15.905239493208681,704500
2017-08-11,15.622662544250488,15.824505725597547,15.541924963723412,15.541924963723412,546800
2017-08-14,15.985971450805664,16.026340991100223,15.663022828151707,15.784128369154377,787800
2017-08-15,15.703397750854492,16.228189635034447,15.558070435863513,16.06671449839091,913800
2017-08-16,15.663026809692383,16.02634506499638,15.646878989469784,15.743764370864483,849800
2017-08-17,14.976760864257812,15.743765437442972,14.896024837557057,15.663027870801217,1617600
2017-08-18,14.936387062072754,15.138230130479144,14.774911991371482,14.855649526722118,868400
2017-08-21,14.976760864257812,15.138235997541319,14.936392850907435,14.976760864257812,560400
2017-08-22,15.01712703704834,15.202822320563865,14.97675749284454,15.01712703704834,649200
2017-08-23,15.057497024536133,15.29970970183884,14.855653896754307,14.855653896754307,513200
2017-08-24,15.178601264953613,15.340076369024901,15.017127700823048,15.097865252858691,482000
2017-08-25,15.178601264953613,15.340076369024901,15.017127700823048,15.218970810941796,389300
2017-08-28,15.218973159790039,15.299710724286463,15.097867583015882,15.218973159790039,418900
2017-08-29,15.01712703704834,15.178600594041585,14.92024167089987,15.01712703704834,428700
2017-08-30,15.057497024536133,15.24319233250961,14.976759465435231,15.01712901495611,448200
2017-08-31,14.976760864257812,15.178604010891696,14.896024837557057,15.097867984190941,481500
2017-09-01,15.178601264953613,15.178601264953613,14.936390148787403,15.017127700823048,535900
2017-09-05,14.613443374633789,15.138235220972657,14.492337800854193,15.057497658472618,908700
2017-09-06,14.532702445983887,14.815283079310575,14.4923344440546,14.694177533582154,932900
2017-09-07,14.129019737243652,14.532706015450614,14.11287191652955,14.532706015450614,1446600
2017-09-08,13.846437454223633,14.250123686358089,13.806069446986495,14.088650117468767,1010000
2017-09-11,14.209754943847656,14.492335599708,14.007911838224652,14.048279843372978,624300
2017-09-12,15.259342193603516,15.501554903307703,14.492339129392906,14.492339129392906,2333700
2017-09-13,15.501553535461426,15.622659109656718,15.178603284352748,15.340078409907088,1023400
2017-09-14,15.322722434997559,15.566584766412078,15.18453336707896,15.525941561322622,1267800
2017-09-15,15.566581726074219,15.688512867966882,15.282074694698947,15.322719442288893,2444400
2017-09-18,15.566581726074219,15.72915761555683,15.36336263944025,15.566581726074219,828900
2017-09-19,15.566581726074219,15.72915761555683,15.444650584181556,15.566581726074219,728200
2017-09-20,15.68851375579834,15.973020803274201,15.525939407554045,15.60722735689553,1441700
2017-09-21,15.932374000549316,16.094948312025725,15.688510207677215,15.729154948375061,577100
2017-09-22,16.05430793762207,16.09495113501023,15.769800904589149,15.89173204719223,633600
2017-09-25,16.135597229003906,16.33881633377615,15.932378124231661,15.932378124231661,1011000
2017-09-26,16.42009925842285,16.460742446758065,16.135592288761604,16.176235477096817,633700
2017-09-27,16.745254516601562,16.989116821763652,16.501390661000748,16.582678612867685,2165000
2017-09-28,16.745254516601562,16.867185669182607,16.582678612867685,16.8265424684685,754400
2017-09-29,16.867183685302734,17.01350167136589,16.66396460475692,16.66396460475692,585300
2017-10-02,17.070404052734375,17.135434101393912,16.704609060000315,16.948472905302573,798000
2017-10-03,16.826539993286133,17.070402262576106,16.623320918731654,17.029759067840608,511300
2017-10-04,16.501386642456055,16.907824752373084,16.46074345163969,16.826538370740355,411200
2017-10-05,16.826539993286133,17.01350116977101,16.542032978822164,16.542032978822164,565800
2017-10-06,16.867183685302734,17.029759569914805,16.72899464851404,16.826540489368988,628400
2017-10-09,16.704599380493164,16.989106259935163,16.623313029599245,16.867175183156522,349700
2017-10-10,16.745254516601562,16.948473621049544,16.623323364020518,16.8265424684685,482000
2017-10-11,16.785892486572266,16.86718041310863,16.542030257401414,16.66396137198684,394800
2017-10-12,16.663963317871094,16.785894446694662,16.582675381842577,16.785894446694662,327600
2017-10-13,16.542030334472656,16.74524937654127,16.42009921931914,16.62331826138775,361200
2017-10-16,16.745254516601562,16.8265424684685,16.501390661000748,16.542035412153577,353700
2017-10-17,16.582672119140625,16.85092116994885,16.501384199105804,16.7046032239738,279300
2017-10-18,16.704599380493164,16.769629391470954,16.582668303714524,16.663956205046205,537300
2017-10-19,16.542030334472656,16.688348292832178,16.46074240755756,16.542030334472656,738100
2017-10-20,16.623319625854492,16.745250751016297,16.542031692267162,16.745250751016297,554600
2017-10-23,16.663963317871094,16.769636549401273,16.54203218904753,16.663963317871094,432600
2017-10-24,16.663963317871094,16.810281292634745,16.501387445814057,16.623320125076045,662200
2017-10-25,16.663963317871094,16.704606510666142,16.176237252138403,16.663963317871094,883400
2017-10-26,17.31426429748535,17.476840175103565,16.704607082074762,16.907826153878293,1405400
2017-10-27,17.639415740966797,17.785732167711057,17.192332860637585,17.314263991477027,1039900
2017-10-30,17.19232940673828,17.63941219724959,17.01349722079664,17.558124276207703,747400
2017-10-31,17.111047744750977,17.379296897005435,17.029761344413455,17.111047744750977,597400
2017-11-01,16.826539993286133,17.33865137897048,16.810282095216536,17.232978142395087,493100
2017-11-02,17.19232940673828,17.314260513082044,16.745248166665107,16.785891351966985,702800
2017-11-03,16.948469161987305,17.232976143449783,16.907824421527913,17.151688212969315,518300
2017-11-06,16.704599380493164,16.907818358603482,16.566410413360636,16.907818358603482,454400
2017-11-07,16.094945907592773,16.78589089185225,16.070560617255325,16.78589089185225,892100
2017-11-08,16.094945907592773,16.176233826406495,15.688507863962268,15.97301480459124,523900
2017-11-09,15.973017692565918,16.241266787844857,15.769798634007985,15.97301769256592,479200
2017-11-10,16.01366424560547,16.200625428517927,15.997406346976938,16.054307441738246,366600
2017-11-13,16.094945907592773,16.216878561032402,15.688507863962268,15.891726885777521,521600
2017-11-14,16.29816436767578,16.379452283687833,16.054302170077666,16.054302170077666,365500
2017-11-15,16.501386642456055,16.623319315781842,16.05430534172266,16.135593273793734,436700
2017-11-16,16.704599380493164,16.78588728182484,16.460737226935883,16.501380402382843,429300
2017-11-17,16.704599380493164,16.745244106377882,16.403836161135036,16.542025128267564,336600
2017-11-20,16.90782928466797,16.94847403681787,16.62332377181248,16.745254927384654,460600
2017-11-21,17.02975845336914,17.07040164663814,16.826539386147257,16.9484705163927,387500
2017-11-22,17.070404052734375,17.192335200166173,16.97285820452574,17.02976085373666,513700
2017-11-24,17.02975845336914,17.192332776883582,16.932212618909723,17.192332776883582,230700
2017-11-27,17.111047744750977,17.314266846472194,16.948473393637226,16.948473393637226,715700
2017-11-28,17.88327980041504,17.88327980041504,17.111046643403494,17.15169139139487,1256800
2017-11-29,18.73679542541504,18.81808335392174,17.842632863156144,17.883276052190354,2295300
2017-11-30,18.33035659790039,19.021301636829026,18.289713410496795,18.89937052418002,1430500
2017-12-01,18.127145767211914,18.51732767496011,17.639421095794773,18.33036489711536,797300
2017-12-04,18.33035659790039,18.940013711583617,18.273455515360073,18.45228926098761,635200
2017-12-05,17.88327980041504,18.411649120794127,17.842636602862264,18.411649120794127,627700
2017-12-06,17.517478942871094,17.88327379986168,17.070397718049787,17.88327379986168,804100
2017-12-07,17.680057525634766,17.883276577653554,17.395550542720795,17.517481663844404,516600
2017-12-08,17.19232940673828,17.761343303593353,16.623317060321344,17.680055382551465,2991100
2017-12-11,17.02975845336914,17.232977520591025,16.826539386147257,17.232977520591025,1004800
2017-12-12,17.151681900024414,17.273612975647318,16.867175023279145,17.07039399946323,678700
2017-12-13,17.02975845336914,17.314263907129025,16.9484705163927,17.192332776883582,670000
2017-12-14,16.686216354370117,17.160628334441252,16.563523896788126,17.1360907789964,756600
2017-12-15,16.931602478027344,17.283320433092968,16.68621600784017,16.72711453293097,2423900
2017-12-18,17.50417137145996,17.626863851610008,17.176990904353328,17.176990904353328,479200
2017-12-19,17.38147735595703,17.70865779416293,17.25878488664474,17.585965324850644,601000
2017-12-20,17.217885971069336,17.585964930879676,17.01339800675678,17.463272464316013,480900
2017-12-21,17.463275909423828,17.667763914077224,17.299684881653246,17.463275909423828,531000
2017-12-22,17.38147735595703,17.585965324850644,17.136092417332453,17.585965324850644,632600
2017-12-26,17.25878143310547,17.463269361080368,17.136088988344344,17.381473877866593,499600
2017-12-27,17.176990509033203,17.3814784912836,17.13609353663092,17.340581518881315,400600
2017-12-28,17.176990509033203,17.299682986359542,17.095195004109147,17.217887481435486,560700
2017-12-29,16.890703201293945,17.20152573767547,16.890703201293945,17.13608966056133,476900
2018-01-02,16.931602478027344,17.054294933061325,16.80890846287415,17.054294933061325,559300
2018-01-03,16.808910369873047,17.05429686789973,16.604422401577175,17.05429686789973,406700
2018-01-04,16.931602478027344,17.258782878157696,16.77619120292072,16.89070395293654,458400
2018-01-05,17.136093139648438,17.217887082558125,16.849809659106157,16.972502133590147,459600
2018-01-08,17.054298400878906,17.17699088086115,16.89070738748956,17.09519537416648,291100
2018-01-09,17.176990509033203,17.3814784912836,17.095195004109147,17.13609353663092,841400
2018-01-10,17.299680709838867,17.626861126360875,17.176988248658024,17.176988248658024,403100
2018-01-11,17.58596420288086,17.708656664365474,17.340579279911633,17.340579279911633,422500
2018-01-12,17.545068740844727,17.749556714233968,17.2178867353264,17.626862682104882,707800
2018-01-16,17.299680709838867,17.87224760884185,17.217885215678542,17.626861126360875,401200
2018-01-17,17.58596420288086,17.79045215872831,17.258783785548797,17.422373214155183,509900
2018-01-18,17.667760848999023,17.74955634869408,17.54506837951613,17.58596534930396,312600
2018-01-19,17.749555587768555,17.790452555803128,17.585964595391598,17.585964595391598,379200
2018-01-22,17.749555587768555,17.749555587768555,17.463272131168548,17.667760091580078,520000
2018-01-23,17.70865821838379,17.749556749213895,17.463273273880876,17.667761247673113,348400
2018-01-24,17.749555587768555,17.855888640730047,17.48780968794156,17.70865705961465,799300
2018-01-25,17.299680709838867,17.54506719231984,16.408113099741836,17.25878374281835,1584800
2018-01-26,16.890703201293945,17.13608966056133,16.727113788568165,16.727113788568165,1758800
2018-01-29,16.31813621520996,16.84980448134434,16.277237696203333,16.727112044562404,1173400
2018-01-30,16.113651275634766,16.35903619450463,15.868264796645636,16.15454824207332,855700
2018-01-31,16.113651275634766,16.236343735069696,16.031855782638388,16.195445208511874,569400
2018-02-01,16.031856536865234,16.07275350522781,15.663777581124712,15.7455730779692,649100
2018-02-02,15.786471366882324,16.27724282888332,15.76193380785993,15.950062374255813,649800
2018-02-05,15.336600303649902,16.154552319844566,15.336600303649904,15.827371825390632,1014000
2018-02-06,15.581987380981445,15.78647541254351,15.13211433559285,15.13211433559285,917100
2018-02-07,15.868267059326172,16.05639562795989,15.459291096147046,15.500189628536651,587600
2018-02-08,15.827377319335938,16.66986718998207,15.82737731933594,15.95006985232982,1771000
2018-02-09,15.622879028320312,16.19544432792459,15.418391087007532,15.909162458182044,1214500
2018-02-12,16.072751998901367,16.138188078220466,15.581980623948514,15.745571602305864,1000700
2018-02-13,16.236347198486328,16.359039684093105,15.933704277877982,15.990960667153171,453900
2018-02-14,16.604419708251953,16.87434372021462,16.11364991204284,16.19544383799827,777300
2018-02-15,16.686216354370117,17.01339676129517,16.6453193885492,16.686216354370117,570600
2018-02-16,16.686216354370117,16.89070430371318,16.563523896788126,16.6453193885492,672200
2018-02-20,16.359033584594727,16.808906384123475,16.27723810464795,16.686213944262818,513700
2018-02-21,16.768014907836914,16.915246507866314,16.399935907763414,16.399935907763414,703100
2018-02-22,16.56352996826172,16.84981351430502,16.399938924774172,16.768017992561248,499300
2018-02-23,16.768014907836914,16.80891188112529,16.399935907763414,16.563526921155976,465000
2018-02-26,17.01340103149414,17.01340103149414,16.620784444641114,16.80891303082657,547600
2018-02-27,16.64531898498535,17.09519183858528,16.5635234952074,17.013396348807326,431800
2018-02-28,16.31813621520996,16.768009003450054,16.31813621520996,16.727112044562404,357300
2018-03-01,16.19544792175293,16.399935908442334,16.11365397517279,16.318141961862192,350500
2018-03-02,16.481731414794922,16.522629948203658,15.950062961437574,16.11365397483346,325700
2018-03-05,16.686216354370117,16.849807337892265,16.219984079487013,16.359035947445065,377100
2018-03-06,16.768014907836914,16.915246507866314,16.547167507792814,16.727117934548538,385300
2018-03-07,16.849811553955078,17.13609506669143,16.60442501727265,16.60442501727265,486900
2018-03-08,16.64531898498535,17.013396348807326,16.522626530378027,16.849806929370626,292300
2018-03-09,16.808910369873047,16.890705869215275,16.686217900919402,16.686217900919402,369400
2018-03-12,16.972497940063477,17.095190384232893,16.76801001307476,16.808906974424875,358100
2018-03-13,17.42237091064453,17.446910023744714,16.972498091308097,17.05429357485629,955700
2018-03-14,17.24131965637207,17.44706332019656,17.03557599254758,17.44706332019656,602600
2018-03-15,17.32361602783203,17.32361602783203,17.035576151548995,17.282467922562912,339000
2018-03-16,16.74753761291504,16.829835407439656,16.294900527879573,16.706387930802794,2019300
2018-03-19,16.58293914794922,16.706385033477456,16.377195482168958,16.706385033477456,439100
2018-03-20,16.253753662109375,16.747538897429912,16.212605546540996,16.70638921216154,956100
2018-03-21,16.21259880065918,16.44303066348197,16.006855169024924,16.253746899106297,994800
2018-03-22,15.759969711303711,16.15499730387683,15.718821592381556,16.048011252859155,578500
2018-03-23,15.38962459564209,15.75996219850124,15.348474926635937,15.75996219850124,1009700
2018-03-26,15.801115989685059,15.883412209767968,15.471924830554293,15.554222620336985,619500
2018-03-27,15.513075828552246,15.924563242732942,15.430778031776123,15.883413559494924,527000
2018-03-28,15.471924781799316,15.801115939892737,15.348478882364171,15.51307446141088,605200
2018-03-29,15.883411407470703,16.130304764347787,15.51307372670463,15.595371512330324,645000
2018-04-02,15.759969711303711,15.99040325848809,15.554225977292695,15.801119399925986,363400
2018-04-03,15.842262268066406,16.006857828601483,15.7188163825149,15.801114162782437,320300
2018-04-04,16.04800796508789,16.089156075579993,15.537762918606928,15.595372470875587,370800
2018-04-05,15.924566268920898,16.13031001510928,15.908106392497777,16.089160324051477,521700
2018-04-06,14.936986923217773,15.55421780078627,14.813541061643933,15.348474174930105,2087900
2018-04-09,15.01928997039795,15.38962925508222,14.978141858632961,15.019289970397947,647400
2018-04-10,15.513075828552246,15.578913752033161,15.142736527909653,15.183886211147671,381600
2018-04-11,15.430781364440918,15.554227301416395,15.348483549890515,15.389633242015842,362900
2018-04-12,15.471924781799316,15.801115939892737,15.389628561975735,15.430776671887525,629200
2018-04-13,15.183890342712402,15.652985871368175,15.01929470437338,15.595377868859618,957700
2018-04-16,15.183890342712402,15.266186592181574,14.961686701864824,15.266186592181574,521600
2018-04-17,15.01928997039795,15.3073314618524,14.978141858632961,15.225033668622578,463400
2018-04-18,15.01928997039795,15.266181780387566,15.019289970397947,15.019289970397947,332300
2018-04-19,15.225030899047852,15.266179003327615,15.019287238249907,15.019287238249907,332100
2018-04-20,15.430781364440918,15.49661930214119,15.266185735340112,15.266185735340112,329700
2018-04-23,15.6776704788208,15.6776704788208,15.389630533145334,15.43077864832755,433200
2018-04-24,15.595368385314941,15.883408222700673,15.51307061619071,15.759962353864019,377800
2018-04-25,15.513075828552246,15.636521738866472,15.389629918238018,15.55422394209035,308800
2018-04-26,15.225030899047852,15.595370116363974,15.142733120788762,15.595370116363974,756800
2018-04-27,15.718815803527832,16.08915344654133,15.595369922523332,15.801113580764012,1492900
2018-04-30,15.801115989685059,16.1714536891575,15.759966309943822,15.842264099726513,1955600
2018-05-01,15.471924781799316,15.842264049804527,15.348478882364171,15.677668470757816,762700
2018-05-02,15.430781364440918,15.636525115966796,15.389633242015842,15.471929486865992,695100
2018-05-03,15.307328224182129,15.471922206128465,15.225030448359202,15.389626000005054,673100
2018-05-04,15.430781364440918,15.537767424566264,15.183889490489964,15.225037612915038,458500
2018-05-07,15.38962459564209,15.496610595659346,15.348474926635937,15.430772694948873,309100
2018-05-08,15.38962459564209,15.595368231574742,15.266177158323003,15.307326827329156,557000
2018-05-09,15.430781364440918,15.513079178991319,15.307335427465441,15.389633242015842,491600
2018-05-10,15.471924781799316,15.471924781799316,15.30733077245238,15.430776671887525,279500
2018-05-11,15.430781364440918,15.513079178991319,15.348483549890515,15.513079178991319,343700
2018-05-14,15.38962459564209,15.513070463261807,15.348474926635937,15.430772694948873,325800
2018-05-15,15.38962459564209,15.513070463261807,15.348474926635937,15.348474926635937,399400
2018-05-16,15.430781364440918,15.537767424566264,15.389633242015842,15.389633242015842,630500
2018-05-17,15.471924781799316,15.55422257132267,15.389628561975735,15.51307446141088,604100
2018-05-18,15.430781364440918,15.554227301416395,15.430781364440918,15.513079178991319,402500
2018-05-21,15.718815803527832,15.718815803527832,15.430774368050972,15.430774368050972,1829200
2018-05-22,16.04800796508789,16.13030575577189,15.75996648254379,15.801116162735688,559500
2018-05-23,16.04800796508789,16.089156075579993,15.801116162735688,15.96571017440389,359700
2018-05-24,16.04800796508789,16.089156075579993,15.801116162735688,15.96571017440389,457100
2018-05-25,16.21259880065918,16.253746899106297,15.96570550087847,15.96570550087847,371400
2018-05-29,15.801115989685059,16.04800778933335,15.743506438047328,15.96570999955066,426200
2018-05-30,16.006860733032227,16.089156958532744,15.759967347431028,15.965711050582085,378800
2018-05-31,15.96570873260498,16.130304299109017,15.825802971986445,16.048006515856997,299200
2018-06-01,16.29489517211914,16.418342608181646,16.130301206868058,16.130301206868058,553300
2018-06-04,16.541790008544922,16.5664782422874,16.212600477816068,16.33604635562695,428900
2018-06-05,16.418344497680664,16.582938481873985,16.294897047411254,16.50064070492756,359000
2018-06-06,16.58293914794922,16.706385033477456,16.418345157144767,16.418345157144767,417200
2018-06-07,16.58293914794922,16.78868281372948,16.566479277958894,16.665236928201242,346100
2018-06-08,16.706396102905273,16.74754580514631,16.500652300802003,16.582950135583438,293600
2018-06-11,16.377195358276367,16.82983236138853,16.377195358276367,16.706384907094566,358600
2018-06-12,16.336050033569336,16.500644051141155,16.212604127965506,16.41834782720517,295600
2018-06-13,16.253753662109375,16.33605146294613,16.089158060435867,16.33605146294613,351600
2018-06-14,16.361446380615234,16.40286713181715,16.0300756306988,16.361446380615234,468300
2018-06-15,16.361446380615234,16.48571021432135,16.112918713203,16.237182546909118,1326000
2018-06-18,16.237178802490234,16.44428567094011,16.096346068740317,16.237178802490234,575100
2018-06-19,16.237178802490234,16.303452937190194,15.905808128990437,15.905808128990437,551700
2018-06-20,16.237178802490234,16.402863349190127,16.195756480740254,16.402863349190127,525500
2018-06-21,16.071496963500977,16.3614469727083,16.030076210800114,16.237183134505283,355800
2018-06-22,16.071496963500977,16.344878039587783,16.030076210800114,16.19576080170399,563100
2018-06-25,16.11292266845703,16.15434342982654,15.947236462777479,16.07150032698676,340200
2018-06-26,16.071496963500977,16.15434004900313,15.847821106675292,16.11291929630227,280100
2018-06-27,15.781551361083984,16.112923795623985,15.781551361083984,16.030080686988985,397800
2018-06-28,15.781551361083984,15.988658342621049,15.740130596816922,15.864394469718984,288800
2018-06-29,16.195755004882812,16.320020378708918,15.963796344620468,16.112913529131898,836500
2018-07-02,16.65139389038086,16.65139389038086,16.154337049753046,16.154337049753046,723300
2018-07-03,16.402868270874023,16.759092444308944,16.320026762717468,16.651397535645135,537800
2018-07-05,16.48571014404297,16.60997397721935,16.32002555984125,16.48571014404297,366600
2018-07-06,16.52713394165039,16.692818540553596,16.40286851734735,16.485711606849208,532800
2018-07-09,16.734233856201172,16.817075330854767,16.527127009367494,16.568547746694293,506400
2018-07-10,16.52713394165039,16.81708238475613,16.52713394165039,16.81708238475613,285300
2018-07-11,16.278602600097656,16.40286642847544,16.1957595211457,16.40286642847544,434700
2018-07-12,15.947233200073242,16.402867802320873,15.864390114182644,16.402867802320873,794300
2018-07-13,15.781551361083984,15.988658342621049,15.615866723914857,15.905816814086922,630900
2018-07-16,15.947233200073242,15.988653952968322,15.740126275396966,15.864390114182644,261400
2018-07-17,15.781551361083984,16.07150145125605,15.723561659069746,15.947237578353986,394500
2018-07-18,16.030080795288086,16.07150155983499,15.74013070315712,15.74013070315712,292700
2018-07-19,15.947233200073242,16.07149703885892,15.781547028292046,15.947233200073242,305600
2018-07-20,15.988652229309082,16.154338383228456,15.864388403919687,15.988652229309082,416600
2018-07-23,16.071496963500977,16.11291929630227,15.947233125297963,15.947233125297963,462800
2018-07-24,15.822967529296875,16.030074429994215,15.698703704898524,16.030074429994215,495600
2018-07-25,15.491597175598145,15.864388657730542,15.45017484640546,15.864388657730542,527600
2018-07-26,16.692821502685547,16.734243844837103,15.450179679953113,15.450179679953113,1509600
2018-07-27,16.568553924560547,16.850219467686113,16.469141905768993,16.692817762974666,698600
2018-07-30,16.278602600097656,16.734238744283275,16.23718185067183,16.609973335805183,373200
2018-07-31,16.568553924560547,16.651397010203436,16.030076238032418,16.361447000503542,509900
2018-08-01,16.734233856201172,16.899918385608206,16.568547746694293,16.60996848402109,826100
2018-08-02,16.77566146850586,16.858504557209937,16.6099752910977,16.65139762549999,309700
2018-08-03,16.568553924560547,16.941347019903333,16.568553924560547,16.692817762974666,293100
2018-08-06,16.52713394165039,16.65139778585292,16.444290852148534,16.52713394165039,203400
2018-08-07,16.48571014404297,16.568553226194012,16.44428939301763,16.527132475168674,141800
2018-08-08,16.609973907470703,16.651396238422468,16.36144624216156,16.527132405767894,246200
2018-08-09,16.734233856201172,16.899918385608206,16.568547746694293,16.568547746694293,234200
2018-08-10,16.609973907470703,16.77566007107704,16.48571007481613,16.527132405767894,170600
2018-08-13,16.320024490356445,16.759090110813478,16.30345555899196,16.568552140422682,339400
2018-08-14,16.568553924560547,16.585122857709212,16.32002624773231,16.32002624773231,255700
2018-08-15,16.44428825378418,16.568552078351765,16.344876246069955,16.485709001939956,264500
2018-08-16,16.44428825378418,16.734238231175386,16.402865925528147,16.568552078351765,377300
2018-08-17,16.44428825378418,16.60997282650754,16.27860210096056,16.361445177372367,245600
2018-08-20,16.568553924560547,16.609974677331774,16.344878067354877,16.52713317178932,226100
2018-08-21,16.568553924560547,16.775660848617555,16.510564238640654,16.651397010203436,477300
2018-08-22,16.568553924560547,16.609974677331774,16.369731467077873,16.485710838917658,272600
2018-08-23,16.48571014404297,16.568553226194012,16.344877378416303,16.568553226194012,244400
2018-08-24,16.48571014404297,16.60997397721935,16.361446310866587,16.44428939301763,230600
2018-08-27,16.52713394165039,16.692818540553596,16.37801669656715,16.60997545105174,300300
2018-08-28,16.48571014404297,16.60997397721935,16.361446310866587,16.527132475168674,366600
2018-08-29,16.568553924560547,16.643112543629105,16.344878067354877,16.485710838917658,162300
2018-08-30,16.609973907470703,16.651396238422468,16.40286699301296,16.527132405767894,418800
2018-08-31,16.692821502685547,16.734243844837103,16.48571453223014,16.568557636432462,266700
2018-09-04,16.734233856201172,16.825359794340095,16.568547746694293,16.692811538774528,355800
2018-09-05,16.568553924560547,16.817081601388782,16.485710838917658,16.734240095846328,225200
2018-09-06,16.48571014404297,16.67624812692011,16.402867061891925,16.568553226194012,281100
2018-09-07,16.609973907470703,16.651396238422468,16.444289323964725,16.5685531566193,250100
2018-09-10,16.52713394165039,16.81708238475613,16.485711606849208,16.692818540553596,285200
2018-09-11,16.361446380615234,16.634827446808842,16.32002562941332,16.40286713181715,329100
2018-09-12,16.11292266845703,16.361450396875597,16.07150032698676,16.32002963550609,366300
2018-09-13,15.762639999389648,16.304741067825017,15.720940529022633,16.13794159562412,379800
2018-09-14,16.054540634155273,16.246360737878405,15.720940107955748,15.762639577205894,358300
2018-09-17,16.179637908935547,16.221338961898464,15.92943795408811,16.054537931511828,360300
2018-09-18,16.054540634155273,16.22134169262143,15.92944063567205,16.1796406326385,304000
2018-09-19,16.179637908935547,16.263038424128865,16.01283846928143,16.054537931511828,306200
2018-09-20,16.429834365844727,16.59663375383751,16.279713803138804,16.304732836435107,301500
2018-09-21,16.263038635253906,16.471539130577675,16.096237602701876,16.429839667805936,1042800
2018-09-24,16.054540634155273,16.30474063112172,15.92944063567205,16.22134169262143,221800
2018-09-25,16.096235275268555,16.17963577948528,15.996155942794328,16.137936322743073,158600
2018-09-26,15.679240226745605,16.09624131352855,15.595841281975341,16.09624131352855,485700
2018-09-27,15.679240226745605,15.846041297751945,15.554140218857302,15.554140218857302,256000
2018-09-28,15.762639999389648,15.846040530856513,15.595840527188752,15.595840527188752,276500
2018-10-01,15.595836639404297,15.912756671096053,15.54579537855894,15.837696370560453,450400
2018-10-02,15.328956604003906,15.645878266059661,15.220537040079124,15.512438068583332,656200
2018-10-03,15.6458740234375,15.795994602574,15.278912784518528,15.395672527965937,736300
2018-10-04,15.595836639404297,15.86271700098313,15.495755708446017,15.587496429263403,475100
2018-10-05,15.479076385498047,15.67923667087182,15.353976405981006,15.645877418675797,492300
2018-10-08,15.6458740234375,15.745953349040366,15.378993700853593,15.454053990421842,344100
2018-10-09,15.637542724609375,15.779323175608491,15.587503033295894,15.612522083586082,394800
2018-10-10,15.5541410446167,15.862722565140952,15.545800831550315,15.687581272212865,412100
2018-10-11,15.187177658081055,15.654219984963538,15.17883903682671,15.537458607876525,484800
2018-10-12,15.012031555175781,15.41235201487143,14.620051303898638,15.353972146673994,675600
2018-10-15,15.220538139343262,15.370658770029367,14.961997936902053,14.961997936902053,405700
2018-10-16,15.295600891113281,15.379001431527355,15.012040008145233,15.253901416272745,472000
2018-10-17,15.320618629455566,15.387338731006588,15.012037165574156,15.253898527904544,269600
2018-10-18,14.928634643554688,15.345635620138518,14.920294433135112,15.262235106675256,368200
2018-10-19,14.661752700805664,15.087093842197627,14.661752700805664,14.911952623632788,346400
2018-10-22,13.685972213745117,14.803534981890067,13.602571698517544,14.678435004414965,785600
2018-10-23,13.685972213745117,13.761032518376682,13.435772258794913,13.48581193163845,1237900
2018-10-24,13.14387035369873,13.719332119683722,13.14387035369873,13.619251190095389,1463800
2018-10-25,12.576749801635742,13.168891239573615,11.767767657891604,12.501689496136168,2244700
2018-10-26,12.610108375549316,12.818608846299867,12.334887817787884,12.384928280729135,888200
2018-10-29,12.843629837036133,13.027110490527006,12.635129347503948,12.643469557973134,637000
2018-10-30,13.127192497253418,13.135532708908906,12.818611824297617,12.818611824297617,484300
2018-10-31,13.30233383178711,13.40241399207375,13.160553405872763,13.193913459301644,651800
2018-11-01,13.669291496276855,13.777712640942473,13.344031243744967,13.344031243744967,543800
2018-11-02,13.644272804260254,13.836092876512684,13.469131562531821,13.777712992847382,411200
2018-11-05,13.752690315246582,13.836090818390824,13.585890899690389,13.669289812102342,472700
2018-11-06,13.736014366149902,13.844435532737188,13.510835002339396,13.710995320578071,460700
2018-11-07,14.086291313171387,14.127992361815078,13.685970790586065,13.902811471336202,618500
2018-11-08,14.244756698608398,14.344837656813558,13.994556689194793,13.994556689194793,220800
2018-11-09,14.052935600280762,14.369855696038528,13.93617422543716,14.211396443526022,541200
2018-11-12,13.969529151916504,14.052929644104212,13.85276941729296,13.994549776792441,369400
2018-11-13,14.0362548828125,14.253095613574155,13.894474466188829,13.977874991979116,432000
2018-11-14,13.552532196044922,14.203054314118791,13.435772427698023,14.136334219244487,317700
2018-11-15,13.836091995239258,13.92783271557429,13.460790494534518,13.460790494534518,429700
2018-11-16,13.927833557128906,13.969533019401275,13.72767168417048,13.72767168417048,300900
2018-11-19,14.26977252960205,14.278112739204465,13.952850927639654,13.952850927639654,348800
2018-11-20,14.11131477355957,14.336495709217278,14.036254461673668,14.169694662641344,248500
2018-11-21,14.11131477355957,14.361514752690796,14.036254461673668,14.136335407765761,172100
2018-11-23,14.127998352050781,14.286457631886085,14.00289833454232,14.01123695707426,69800
2018-11-26,14.328152656555176,14.469933040809993,14.23641194005725,14.286451607814138,237900
2018-11-27,14.178030967712402,14.37819121401577,14.153010340399895,14.328151550122985,350800
2018-11-28,14.561676025390625,14.586696661265666,13.977875504901332,14.228075500720632,459700
2018-11-29,14.294794082641602,14.586695107152568,14.211395153409274,14.444914700431962,303200
2018-11-30,14.344833374023438,14.386532832898302,14.178032357059196,14.236412235776964,461500
2018-12-03,14.052935600280762,14.528316539283788,13.869454121554854,14.528316539283788,483300
2018-12-04,13.31067180633545,14.044593653757993,13.143871567231752,14.01957302136773,439300
2018-12-06,13.110511779785156,13.185572087714084,12.843630596552716,13.068811520339496,401900
2018-12-07,12.918692588806152,13.344033858948057,12.826952642357787,13.135533329901994,302900
2018-12-10,12.693510055541992,12.977070849237215,12.55172965869438,12.927030381669603,339200
2018-12-11,12.401611328125,12.86031264946882,12.359911063390763,12.86031264946882,457400
2018-12-12,12.55173110961914,12.793591674193744,12.343230595490473,12.501690636267071,533300
2018-12-13,11.959586143493652,12.543387254390064,11.942905725433071,12.493346795574436,606300
2018-12-14,11.71551513671875,12.161579781837203,11.656601165469896,11.90909007233222,505700
2018-12-17,11.799677848815918,12.11949721639542,11.631350852014993,11.631350852014993,448400
2018-12-18,10.97487735748291,11.7575950968682,10.823383394339295,11.656599388986637,1327700
2018-12-19,10.924382209777832,11.505108698593835,10.907549988330736,10.974880479404653,1104900
2018-12-20,10.680309295654297,10.907550311748732,10.486734328737812,10.74764059136741,1039400
2018-12-21,10.503567695617676,10.806555750103913,10.410988458215146,10.713975710058506,2030200
2018-12-24,10.478315353393555,10.781303303631965,10.284740431979106,10.503564081699222,487000
2018-12-26,11.067458152770996,11.084291174501566,10.427818577219767,10.49514905885674,743900
2018-12-27,10.915966033935547,11.101124475155604,10.528815325482116,10.907549522250255,638600
2018-12-28,11.126374244689941,11.277867445004143,10.92438197319976,10.94963150878775,373200
2018-12-31,11.202120780944824,11.252618244738152,10.80655356889776,11.176871246405446,674800
2019-01-02,11.437777519226074,11.631352468754093,11.0674590379615,11.109540793011027,520600
2019-01-03,11.420945167541504,11.673434910038823,11.193704961143851,11.218953694600755,605000
2019-01-04,11.867012023925781,12.035338270530099,11.505109991744357,11.622938765688806,764900
2019-01-07,11.90067195892334,12.0689981303605,11.740761494076166,11.782843237596081,582900
2019-01-08,11.968005180358887,12.010086933558375,11.757597217004124,12.010086933558375,412800
2019-01-09,12.203661918640137,12.24574367199157,11.833344254961425,11.976420932128004,574000
2019-01-10,12.035335540771484,12.178413018594178,11.867009332345571,12.161579996430248,316000
2019-01-11,12.136327743530273,12.203658207359481,11.942752058039467,11.942752058039467,212200
2019-01-14,12.26257610321045,12.37198834275388,12.05216813546755,12.05216813546755,222600
2019-01-15,12.203661918640137,12.371988129403189,12.119498411937268,12.254160183190395,423700
2019-01-16,12.397235870361328,12.47298285981651,12.220493965156068,12.304656662495342,377900
2019-01-17,12.4982328414917,12.531898082168308,12.31307361644902,12.371987586972425,406100
2019-01-18,12.65814208984375,12.708640350407899,12.456150652872404,12.49823240290209,361700
2019-01-22,12.540313720703125,12.742305966283512,12.47298323972388,12.565563253052327,292800
2019-01-23,12.573980331420898,12.641311622380105,12.37198886647148,12.573980331420898,440400
2019-01-24,12.220494270324707,12.565563184110772,11.370445949322235,11.984836785547643,935200
2019-01-25,12.447732925415039,12.55714514373875,12.237324998479258,12.26257372497164,592700
2019-01-28,12.58239459991455,12.658141586426988,12.430901429532264,12.430901429532264,443400
2019-01-29,12.573980331420898,12.742307354854812,12.52348286650491,12.56556462236339,338500
2019-01-30,12.531898498535156,12.641310735029974,12.447734992726012,12.641310735029974,326700
2019-01-31,12.270992279052734,12.548730724668287,12.14474782291573,12.464568021457843,348800
2019-02-01,12.45615291595459,12.489818161566246,12.3299076429288,12.346740667056013,399000
2019-02-04,12.523481369018555,12.56556311984514,12.397236116538805,12.472983107498127,208500
2019-02-05,12.43931770324707,12.599228193749777,12.363570713287116,12.5403134223128,255900
2019-02-06,12.397235870361328,12.49823239139665,12.338321901959576,12.405652380888043,236300
2019-02-07,12.674975395202637,12.742305875703257,12.46456744297754,12.472983151058138,307000
2019-02-08,12.58239459991455,12.658141586426988,12.405651898933057,12.616059838070901,171500
2019-02-11,12.624480247497559,12.717059480361119,12.54031672479044,12.641313273096117,241800
2019-02-12,13.036877632141113,13.053710655014228,12.624478203462262,12.649726935129229,536100
2019-02-13,12.99479866027832,13.112627437693602,12.893802909340742,13.0537134503074,345300
2019-02-14,12.80122184753418,12.90221758408039,12.67497737751211,12.868552338564987,187800
2019-02-15,13.205204963684082,13.247286721780664,12.876969016344846,12.902217750145686,237400
2019-02-19,13.390363693237305,13.474527206133876,13.129458248014876,13.129458248014876,185900
2019-02-20,13.676517486572266,13.693350508747299,13.230452833288625,13.390362530738079,374000
2019-02-21,13.626019477844238,13.727014396265808,13.415610722323827,13.659683915556334,367800
2019-02-22,13.69334888458252,13.710181904760994,13.567104443814284,13.659682844225571,329300
2019-02-25,13.69334888458252,13.886923800779492,13.676515864404045,13.802760305172281,230900
2019-02-26,14.122588157653809,14.332996196684661,13.583942486140383,13.617608542922572,1326700
2019-02-27,14.63597297668457,14.69488693170364,14.029998803979275,14.072079741768647,905800
2019-02-28,14.577064514160156,14.863219493745927,14.44240353615338,14.61073056130459,1207800
2019-03-01,14.728556632995605,14.787470602681942,14.509732170385437,14.703307100864913,518100
2019-03-04,14.518152236938477,14.812723762803058,14.240413736617167,14.74539326591564,480100
2019-03-05,13.323031425476074,14.013169249587078,13.045292993692737,13.811177808770585,1694700
2019-03-06,12.674975395202637,13.053709548679285,12.456150932254301,13.053709548679285,1888600
2019-03-07,12.607645988464355,12.860135729241229,12.3804057836151,12.59081376715537,701700
2019-03-08,12.674975395202637,12.792803334757402,12.523481412754922,12.523481412754922,449200
2019-03-11,12.607645988464355,12.759139993459032,12.557148521894636,12.67497728162858,348800
2019-03-12,12.430903434753418,12.725474115477855,12.405653900081225,12.700225383448382,273900
2019-03-13,12.388822555541992,12.582397519192241,12.388822555541992,12.498234805595828,516300
2019-03-14,12.431275367736816,12.499205767850604,12.380327162754353,12.414292362811247,343900
2019-03-15,12.252962112426758,12.55015751349754,12.2359791016141,12.44826187800517,890600
2019-03-18,12.52468204498291,12.60959546751073,12.202012173089377,12.244468884353287,1032100
2019-03-19,12.202012062072754,12.652051253869045,12.193520557938347,12.652051253869045,535400
2019-03-20,11.726499557495117,12.252960684413562,11.709516548661732,12.20201246770784,541100
2019-03-21,11.726499557495117,11.853868884567774,11.548182013716739,11.667059836372703,439200
2019-03-22,11.250988006591797,11.633096871271846,11.18305757775066,11.599131656851277,541200
2019-03-25,11.310426712036133,11.446287567107685,11.166074351073966,11.234004778609743,341900
2019-03-26,11.531198501586914,11.68404233523855,11.412319874325153,11.446285080715029,436300
2019-03-27,11.650078773498535,11.785939618237606,11.446286696595417,11.497234918269823,280500
2019-03-28,11.74348258972168,11.794430810042124,11.454777897426306,11.692535179195724,413200
2019-03-29,11.751973152160645,11.913307685612136,11.63309452081073,11.862360279172476,426700
2019-04-01,11.938782691955566,12.066152023112243,11.836886255276877,11.836886255276877,574300
2019-04-02,11.989728927612305,12.134081254025734,11.811411395560091,11.89632481455424,351100
2019-04-03,12.02369499206543,12.2020125368543,11.99822128846543,12.134082120724676,282600
2019-04-04,12.193520545959473,12.286925471757376,12.006712313952475,12.006712313952475,263400
2019-04-05,12.354856491088867,12.397313204006966,12.185030449210918,12.20201264850149,223500
2019-04-08,12.303908348083496,12.422786983014658,12.244469435515139,12.261451634908477,195600
2019-04-09,12.134082794189453,12.371839263839073,12.074643879225668,12.278435138925342,247800
2019-04-10,12.354856491088867,12.38033019492195,12.07464331954164,12.159555935583393,267600
2019-04-11,12.4992094039917,12.550156814001012,12.346365554374797,12.414295974250201,209300
2019-04-12,12.745454788208008,12.85584190052,12.499206863756434,12.669032878930913,283200
2019-04-15,12.431275367736816,12.86433146601365,12.397310167679922,12.745453670711646,172700
2019-04-16,12.711490631103516,12.711490631103516,12.388820770824836,12.448259678578093,282100
2019-04-17,12.796402931213379,12.83885963992191,12.601103204866236,12.64355991357477,215000
2019-04-18,12.592611312866211,12.847350747468028,12.558646108905592,12.70299842818681,206200
2019-04-22,12.380328178405762,12.63506760462778,12.346362975562448,12.592610898625058,321800
2019-04-23,12.431275367736816,12.482222762925035,11.675548654228123,11.675548654228123,886700
2019-04-24,12.244466781616211,12.31239718405504,11.921796965134627,12.006710373080303,575500
2019-04-25,12.083134651184082,12.176539586486102,11.947273810520583,12.108609166154352,266800
2019-04-26,12.286928176879883,12.33787559326418,12.040680171570225,12.083136081958946,292900
2019-04-29,12.473733901977539,12.609595540770263,12.210503748241923,12.286925667002075,274000
2019-04-30,12.320890426635742,12.533173166682005,12.269942212715108,12.533173166682005,276200
2019-05-01,12.176538467407227,12.47373382659641,12.07464284627427,12.354856006838501,428100
2019-05-02,12.26145076751709,12.337872683867046,12.117099248604763,12.159555148981946,192000
2019-05-03,12.601099967956543,12.677521862042143,12.320886896172116,12.320886896172116,292600
2019-05-06,12.567139625549316,12.652052244156353,12.354856864340018,12.388822073741727,178800
2019-05-07,12.26145076751709,12.507698714758952,12.151064454783144,12.397312402025007,216100
2019-05-08,12.015202522277832,12.295415668748312,12.006711828289614,12.22748525807634,333100
2019-05-09,12.074642181396484,12.11709889031265,11.845376439125808,11.938781360700247,179800
2019-05-10,12.159555435180664,12.168046939373722,11.930290490528995,12.066151318440268,175700
2019-05-13,11.726499557495117,12.006712724890509,11.667059836372703,11.938782309145834,352400
2019-05-14,12.02369499206543,12.074643209059865,11.709516615017312,11.751973327546937,247600
2019-05-15,11.79443073272705,11.88783485794201,11.607621672502649,11.853869647882526,214200
2019-05-16,11.930290222167969,12.057659543021126,11.819903099524515,11.819903099524515,161400
2019-05-17,11.78593635559082,12.006710572073152,11.76046265670264,11.819901557373157,297600
2019-05-20,11.76046085357666,11.90481314146792,11.709512653817441,11.709512653817441,195000
2019-05-21,11.751973152160645,11.89632548673039,11.709516440264645,11.777446855380475,215900
2019-05-22,11.607620239257812,11.734989558805395,11.522706819696502,11.718007360769763,213200
2019-05-23,11.267967224121094,11.505723644998698,11.123614908996828,11.48024994521039,292700
2019-05-24,11.420814514160156,11.488744945591423,11.259479941959556,11.327410373390823,332900
2019-05-28,11.386846542358398,11.505725173486894,11.267968721024326,11.412320245530783,343100
2019-05-29,11.590639114379883,11.650078841646808,11.293443717223317,11.293443717223317,368200
2019-05-30,11.463269233703613,11.768956121743031,11.335899899469142,11.624603777720242,385300
2019-05-31,11.234003067016602,11.437795128369098,11.183055659024314,11.301934293997066,364700
2019-06-03,11.429303169250488,11.522707286718143,11.234002620261588,11.234002620261588,307000
2019-06-04,12.278433799743652,12.38032941847996,11.582146666815028,11.582146666815028,961300
2019-06-05,12.218993186950684,12.32938029430009,11.998218972251868,12.286923589966584,554400
2019-06-06,11.836884498596191,12.210502551518504,11.633093275071843,12.193519544660973,366100
2019-06-07,11.650078773498535,11.760465912297658,11.505726423514643,11.760465912297658,300500
2019-06-10,11.79443073272705,12.08313461333542,11.718008807644592,11.718008807644592,271000
2019-06-11,11.802921295166016,12.006713363025652,11.760465390414964,11.879343219389071,231000
2019-06-12,11.675548553466797,11.879339752049418,11.607618153939256,11.760461957773341,185000
2019-06-13,11.845376014709473,11.938780932937242,11.718006702318945,11.777445606795279,178000
2019-06-14,11.836847305297852,11.905071143448893,11.657759526828293,11.896542960356937,255500
2019-06-17,11.751570701599121,12.04152250922732,11.734515143481755,11.862434675885936,273900
2019-06-18,12.101213455200195,12.12679800232039,11.717454194611852,11.794206209387967,301900
2019-06-19,11.956243515014648,12.297362822354797,11.947715329008,12.109746796671425,251100
2019-06-20,11.819791793823242,11.990352214826663,11.512784499943336,11.98182403111802,374200
2019-06-21,11.657758712768555,11.862430212929494,11.61511861357863,11.768622645345458,458500
2019-06-24,11.461617469787598,11.760097426032607,11.453090098434775,11.691873575455311,261700
2019-06-25,11.495731353759766,11.546899657057201,11.256947836054447,11.418980118752499,342600
2019-06-26,11.53836727142334,11.717455047844203,11.504255352738046,11.555423637412133,212800
2019-06-27,11.700401306152344,11.708928677174326,11.495728949068814,11.5383690573484,390700
2019-06-28,11.913602828979492,12.067106103301077,11.777155112563621,11.777155112563621,891200
2019-07-01,11.939186096191406,12.092690177681757,11.8283221277031,11.99888176641876,230900
2019-07-02,11.725982666015625,11.939182350852272,11.640702466764063,11.913598616393706,218800
2019-07-03,11.845376014709473,11.913599855891869,11.717455702523225,11.785679543705621,95200
2019-07-05,12.16091537475586,12.195027306262208,11.845379804998988,11.913603668011685,210400
2019-07-08,11.956243515014648,12.13533054139879,11.87949146753997,12.109746796671425,153800
2019-07-09,11.913602828979492,11.990354872786556,11.760098741365367,11.870962714276397,262200
2019-07-10,11.802736282348633,11.990352258154946,11.777152544422615,11.947712152750007,153600
2019-07-11,11.78567886352539,11.845375331084014,11.640703006056622,11.802735229482796,193200
2019-07-12,11.922127723693848,12.03299167356573,11.785680035633797,11.785680035633797,276000
2019-07-15,11.666290283203125,11.990353992546822,11.62365017163034,11.930657511027928,223100
2019-07-16,11.768625259399414,11.777153443790134,11.487201680845091,11.640704933415904,716700
2019-07-17,11.683345794677734,11.81126612890143,11.589538200214342,11.743042275965784,210000
2019-07-18,11.751570701599121,11.83685093206361,11.666291284427185,11.666291284427185,267800
2019-07-19,11.725982666015625,11.879486699351533,11.708926300848411,11.743039031182839,351700
2019-07-22,11.683345794677734,11.81126612890143,11.589538200214342,11.725985906085633,219100
2019-07-23,11.870959281921387,11.879487465054686,11.683343319450348,11.683343319450348,881000
2019-07-24,12.45086669921875,12.459394071783455,11.870963073605322,11.870963073605322,374700
2019-07-25,13.201327323913574,13.60214305717281,12.77492784993767,13.226911877922694,1148200
2019-07-26,12.971071243286133,13.261022998110912,12.91137558080776,13.184270967328775,496100
2019-07-29,13.133103370666504,13.150159739872832,12.945488189151588,12.971071929668632,461600
2019-07-30,13.286606788635254,13.337775080451944,13.005183216874478,13.005183216874478,280900
2019-07-31,13.32924747467041,13.542447208788698,13.295135549743181,13.320719290115493,682600
2019-08-01,12.73228931427002,13.38894412053358,12.681121016485552,13.337776636041616,477500
2019-08-02,12.621424674987793,12.732288636542538,12.442336862213585,12.664064785323074,476500
2019-08-05,12.109745979309082,12.519089933780663,11.845378737287406,12.340002106191694,342700
2019-08-06,12.152382850646973,12.246190425480771,11.777151738019473,12.160911033802494,298900
2019-08-07,12.118271827697754,12.152383749550763,11.743040687314654,11.913600296579698,326600
2019-08-08,12.510560989379883,12.53614473082837,12.186497282293288,12.22060920865543,342000
2019-08-09,12.493505477905273,12.553201963109764,12.297362091170255,12.39969787728755,228200
2019-08-12,12.502032279968262,12.519088649080004,12.297360730381994,12.365584580244082,183700
2019-08-13,12.510560989379883,12.604368583552656,12.450865321569252,12.450865321569252,236600
2019-08-14,12.31441593170166,12.416752516841237,12.203552788836557,12.263248452424293,340800
2019-08-15,12.169440269470215,12.37411180315051,12.143855717790892,12.37411180315051,215900
2019-08-16,12.595841407775879,12.664065261560932,12.263249510604378,12.263249510604378,271200
2019-08-19,12.791982650756836,12.928430335571466,12.143855334594992,12.774926283508831,203500
2019-08-20,12.723760604858398,12.92843216097858,12.689648678838369,12.749344346050304,202800
2019-08-21,12.783454895019531,12.894318845965335,12.672590944073727,12.860206923619886,219300
2019-08-22,12.629952430725098,12.936959750784894,12.612896061853338,12.851679533010957,240400
2019-08-23,11.973296165466309,12.561727031023544,11.947712426953137,12.433807525165305,321400
2019-08-26,12.24619197845459,12.288832086347194,11.964768404972776,12.118272468069188,245900
2019-08-27,12.007411003112793,12.408226799161621,11.990355444394003,12.340002937701298,246700
2019-08-28,12.28883171081543,12.391167478654976,11.98182440729679,11.98182440729679,177000
2019-08-29,12.467921257019043,12.638480894013266,12.382641845168182,12.382641845168182,200500
2019-08-30,12.425281524658203,12.612897537739109,12.322945739330216,12.510561752411121,161200
2019-09-03,12.229135513305664,12.322943093055263,12.050047724116538,12.322943093055263,326800
2019-09-04,12.348526954650879,12.50203100786753,12.263247557646798,12.297359479106902,144800
2019-09-05,12.672592163085938,12.95401575282991,12.493504350222278,12.604368311832397,211100
2019-09-06,12.664063453674316,12.791982957936735,12.59583960962871,12.698175375697119,145400
2019-09-09,12.99665355682373,13.175741337906794,12.715230017020673,12.715230017020673,418400
2019-09-10,12.91137409210205,13.06487732267471,12.809038333956176,12.988125300742224,355600
2019-09-11,12.51909065246582,12.59584269916614,11.59806771864713,11.632179649036985,2145500
2019-09-12,12.621424674987793,12.689648526207257,12.305889159774656,12.382641195719668,442700
2019-09-13,12.587172508239746,12.886867422299026,12.330291269989354,12.672799859857525,398300
2019-09-16,12.501548767089844,12.604301122032663,12.167603001073338,12.201853786054278,363600
2019-09-17,12.244664192199707,12.433043867446662,12.073410313158343,12.424480969343866,283500
2019-09-18,12.364543914794922,12.398794697294512,12.210415801848303,12.210415801848303,265000
2019-09-19,12.270352363586426,12.561484373226216,12.270352363586426,12.450169145034359,310200
2019-09-20,12.278915405273438,12.638548972368696,12.210413851217478,12.287478303681166,1139800
2019-09-23,12.18472671508789,12.261791177412343,12.07341228795595,12.159038833180754,226900
2019-09-24,11.885029792785645,12.210412548128236,11.885029792785645,12.133348103888826,405700
2019-09-25,12.210416793823242,12.210416793823242,11.84222023958804,11.885033925341482,329200
2019-09-26,12.03916072845459,12.236102504686032,11.987784151357742,12.133350167095324,188100
2019-09-27,12.05628776550293,12.313169061582743,11.987786195428729,12.073413566323044,197300
2019-09-30,12.107662200927734,12.236102417853909,11.979221167398574,12.056285624195473,281400
2019-10-01,11.996343612670898,12.390227868866463,11.919279177410477,12.244661894841835,358800
2019-10-02,11.833654403686523,12.004909104219223,11.765152850114616,11.89359387551414,248000
2019-10-03,11.859342575073242,11.962094900894025,11.67952580073615,11.82509179979965,278300
2019-10-04,12.022034645080566,12.030597543827206,11.833654955669354,11.876468632799579,257600
2019-10-07,11.910719871520996,12.10766246729049,11.87646909181365,11.87646909181365,228800
2019-10-08,11.542525291442871,11.816532391146355,11.474023720667786,11.773718705261143,290500
2019-10-09,11.653836250305176,11.739463590497245,11.551083932036395,11.688087023061437,159700
2019-10-10,11.825092315673828,11.910718849291856,11.773715742220666,11.807966518988463,150500
2019-10-11,12.210416793823242,12.38167072023387,12.064850752223425,12.081975736562919,245400
2019-10-14,12.176163673400879,12.287478908370575,12.073411337260309,12.13334999585823,173400
2019-10-15,12.552923202514648,12.629987664684464,12.14191382641302,12.218978288582836,233600
2019-10-16,12.604297637939453,12.809802291019277,12.544358168338995,12.544358168338995,236700
2019-10-17,12.681364059448242,12.792678484728095,12.612861681163904,12.707051940927975,163600
2019-10-18,12.67280101776123,12.792678341055682,12.578610759054996,12.621424438775737,302700
2019-10-21,12.861177444458008,12.9810547372349,12.749862232163172,12.749862232163172,292000
2019-10-22,12.852620124816895,13.015311157015706,12.792680635814666,12.912558797215956,285800
2019-10-23,12.133353233337402,12.355983762680134,11.61959059894697,12.150478218962045,810000
2019-10-24,11.876469612121582,12.184726642992434,11.842218830913708,12.176164560142745,625100
2019-10-25,11.885029792785645,11.953531339531153,11.748026699294627,11.885029792785645,394700
2019-10-28,11.919281959533691,12.047722170545589,11.77371595153197,11.979220615792185,352300
2019-10-29,11.807967185974121,11.962096098436811,11.773716407271632,11.910719522081589,337000
2019-10-30,11.705212593078613,11.996344564220443,11.611023173957419,11.782277034451782,360200
2019-10-31,11.790841102600098,11.807966082048841,11.491146204519522,11.645275102572722,327500
2019-11-01,11.987784385681152,12.081973826162994,11.842218367098212,11.867906247847259,447400
2019-11-04,12.32172966003418,12.364542520879864,12.039160532117188,12.15047495023954,391300
2019-11-05,12.32172966003418,12.62142376896885,12.27891598258552,12.415919097138852,384000
2019-11-06,12.390229225158691,12.424479998290044,12.236100337766183,12.304601884028887,209000
2019-11-07,12.390229225158691,12.66423541020951,12.321727678895986,12.467293668854944,215800
2019-11-08,12.3131685256958,12.475859543390694,12.253229858640276,12.398795076260393,426300
2019-11-11,12.612860679626465,12.629986476988414,12.227539221615206,12.278915797098092,410900
2019-11-12,12.681364059448242,12.775553502609283,12.587173799684173,12.638550379246666,160800
2019-11-13,12.741303443908691,12.809805009472468,12.44160848211486,12.552923730306766,470100
2019-11-14,12.612860679626465,12.792677468912112,12.595735698867479,12.715613830592233,254500
2019-11-15,12.552923202514648,12.638550564170675,12.467296657461663,12.638550564170675,186300
2019-11-18,12.552923202514648,12.578611084370241,12.373106396319427,12.501547438803465,208000
2019-11-19,12.766987800598145,12.77555069807931,12.544357365704931,12.578608139026745,172000
2019-11-20,12.749866485595703,12.818368051921553,12.492985203572227,12.672802019328353,552500
2019-11-21,12.80980110168457,12.852614771251861,12.612858548316161,12.818363998918594,211900
2019-11-22,12.826930046081543,12.895432428534217,12.766991380113915,12.84405584584548,172100
2019-11-25,13.135187149047852,13.169437929991009,12.809804321786341,12.903993765229266,225300
2019-11-26,12.9639310836792,13.152309939168607,12.9125545125257,13.032432634148602,221700
2019-11-27,13.186562538146973,13.263626997234034,12.998183656604164,12.998183656604164,332900
2019-11-29,13.152311325073242,13.323566035895345,13.109498463970699,13.118060546229419,138400
2019-12-02,13.143749237060547,13.357816808891481,12.998183222887274,13.186562098144348,281300
2019-12-03,13.04955768585205,13.066683481865848,12.878303808728578,12.963931155591764,243400
2019-12-04,13.597573280334473,13.640386961231725,13.109499441273705,13.118061524170722,399900
2019-12-05,13.623258590698242,13.751698792542516,13.460567613921967,13.666072263513962,576700
2019-12-06,13.845891952514648,13.940082215869765,13.657512242407472,13.708888823928724,440100
2019-12-09,13.803077697753906,13.880140520770363,13.70032454505537,13.777389001277783,327300
2019-12-10,13.691761016845703,13.854452820637269,13.597571583905228,13.777388367957363,298900
2019-12-11,13.683197975158691,13.794514020400198,13.54619486809673,13.708886670185008,161100
2019-12-12,13.922955513000488,14.000019971979935,13.648948457006567,13.648948457006567,513800
2019-12-13,13.957205772399902,14.042833132327507,13.751701088497281,13.90583000972576,275300
2019-12-16,13.931517601013184,14.231212520350452,13.922954702380013,14.128459369958334,1010200
2019-12-17,14.524534225463867,14.550318013026342,13.871359693811742,13.95730401310178,393800
2019-12-18,14.730793952941895,14.790954461573367,14.438584363088241,14.584689158015069,338800
2019-12-19,14.610471725463867,14.816737011936793,14.558905813658331,14.816737011936793,413600
2019-12-20,14.687822341918945,14.730793664600041,14.524528365079197,14.636256426851457,905300
2019-12-23,14.627665519714355,14.851120060304442,14.515937429793661,14.816741682097677,343900
2019-12-24,14.919875144958496,14.937062694773132,14.644854676908784,14.644854676908784,131400
2019-12-26,14.75658130645752,14.937062876086683,14.70501537788509,14.902686136788834,133700
2019-12-27,14.619071006774902,14.833930954012775,14.610476412175231,14.833930954012775,148600
2019-12-30,14.662042617797852,14.756581520930771,14.541721569629654,14.619071283238164,277500
2019-12-31,14.765175819396973,14.851120126043023,14.67923151275092,14.713609891109863,243900
2020-01-02,14.670639038085938,14.87690442029127,14.472968251712269,14.87690442029127,290400
2020-01-03,14.550313949584961,14.722200900910915,14.4729642477504,14.4729642477504,332800
2020-01-06,14.48155689239502,14.558906583820491,14.240913225821233,14.498746076989761,281500
2020-01-07,14.344046592712402,14.53312270416501,14.275291494070466,14.369828730171342,218700
2020-01-08,14.421401977539062,14.524533846595707,14.326863064860884,14.326863064860884,201300
2020-01-09,14.533123016357422,14.627661893739985,14.472962508659752,14.601878116476316,150100
2020-01-10,14.576098442077637,14.739392465542926,14.464371987654873,14.61047682143932,232400
2020-01-13,14.644853591918945,14.68782492214887,14.515936322726823,14.576096840749189,229400
2020-01-14,14.696417808532715,14.825333423495522,14.550313007774603,14.644851890397787,286300
2020-01-15,14.636260986328125,14.739392848590661,14.481561553682923,14.533127484814191,318800
2020-01-16,14.90268611907959,15.031601759983129,14.730797505040663,14.730797505040663,413900
2020-01-17,14.997224807739258,15.065979924528124,14.937062646204124,15.031601546508046,217400
2020-01-21,14.7479829788208,15.005814195672205,14.705011655762533,14.97143746507577,327700
2020-01-22,14.919875144958496,14.928469739491462,14.687826010322317,14.747986532801779,365200
2020-01-23,15.126134872436523,16.432483249252783,14.868302050057936,15.083161915748082,762100
2020-01-24,14.344046592712402,14.63625617175334,13.845571717745656,14.429990875827535,678000
2020-01-27,14.429991722106934,14.48155763929987,13.99167732783959,13.99167732783959,321100
2020-01-28,14.438590049743652,14.60188409409328,14.429997093055597,14.533128965827895,255500
2020-01-29,14.086215019226074,14.481558101663547,14.05183828641686,14.378424624733901,247900
2020-01-30,14.060436248779297,14.189351896395571,13.879953030715393,14.034652463555481,256700
2020-01-31,13.716658592224121,14.000274466869604,13.630714288437536,13.931517712439335,378100
2020-02-03,14.077621459960938,14.120594428191806,13.665090800451347,13.785413472246654,406400
2020-02-04,14.344046592712402,14.507338927455214,14.292479039292807,14.292479039292807,339800
2020-02-05,14.524534225463867,14.644856928170539,14.481562885444621,14.515939629609708,300600
2020-02-06,14.36123275756836,14.58468721648947,14.36123275756836,14.524526715866612,177200
2020-02-07,14.120594024658203,14.344048535319537,14.060433510105359,14.292480974916176,286900
2020-02-10,14.206538200378418,14.215132793706966,14.094810126358364,14.103404719686912,133600
2020-02-11,14.627665519714355,14.713609825979972,14.404210979124267,14.46437150173481,446100
2020-02-12,14.60188102722168,14.876901482519955,14.541720507531585,14.765175037274238,223300
2020-02-13,14.54172134399414,14.627665651031307,14.481560820843518,14.515937560107597,132800
2020-02-14,14.576098442077637,14.593287631758479,14.43858820313361,14.507343322605625,205800
2020-02-18,14.619071006774902,14.636260195974247,14.455776987883755,14.533126700029493,208400
2020-02-19,14.627665519714355,14.756581159487133,14.60188173605928,14.722202781280368,125800
2020-02-20,14.7479829788208,14.799548894340901,14.541717677489498,14.601878185471431,181800
2020-02-21,14.610471725463867,14.71360518832572,14.387017255305501,14.71360518832572,175800
2020-02-24,14.567502975463867,14.58469052293071,14.111999362945598,14.146376097130354,332100
2020-02-25,14.48155689239502,14.636256275245964,14.258102410415974,14.515933622333636,741400
2020-02-26,14.507341384887695,14.747985090523098,14.344049022484409,14.593285682561135,832200
2020-02-27,13.871355056762695,14.619068253606308,13.871355056762695,14.18075384707743,965800
2020-02-28,13.17520809173584,13.794003970833213,12.934565249864638,13.458823074561824,685300
2020-03-02,13.476017951965332,13.510395515327456,12.986136649522843,13.14943069021226,494900
2020-03-03,12.857217788696289,13.828384736261231,12.77127349188944,13.458825407467561,573400
2020-03-04,13.183804512023926,13.218182065629737,12.693924168234748,13.029105110985014,299000
2020-03-05,12.513442039489746,12.934567283894912,12.401714783287765,12.771273286512962,600300
2020-03-06,11.946211814880371,12.616575388559706,11.602436253731165,11.860268334405864,423400
2020-03-09,10.390626907348633,11.026612137800957,10.364843943850737,10.785969232694116,682900
2020-03-10,10.442192077636719,10.742996301941304,10.046849780940256,10.734401708189614,752700
2020-03-11,10.227331161499023,10.296086265605283,9.789017577728004,10.098415546206164,571200
2020-03-12,9.642911911010742,10.553917368456029,9.187408362662678,9.651505683533493,615500
2020-03-13,10.671143531799316,10.939001725618953,9.850285703174753,10.230472643091142,558700
2020-03-16,8.986226081848145,9.815723937405822,8.951663705534576,9.340491469102279,491100
2020-03-17,8.968947410583496,9.34913363925669,8.338182864789934,9.167680915018241,749200
2020-03-18,6.748310565948486,8.649243380873717,6.359483614631254,8.424587516012357,721200
2020-03-19,7.983919620513916,8.148091593386937,6.160752079873978,6.903843887521263,842600
2020-03-20,7.361794471740723,8.13080764480882,7.171700966743508,7.966636543242238,733100
2020-03-23,6.506374835968018,7.517325133430499,6.238515755870468,7.249466877365141,579900
2020-03-24,6.990248203277588,6.998889004347443,6.532296046977018,6.869279460396035,506400
2020-03-25,7.4568400382995605,7.595089546119147,6.350842739694764,6.921122783482627,759400
2020-03-26,7.707418918609619,8.035761973101229,7.309951097281061,7.50868459592923,668900
2020-03-27,6.851998329162598,7.301309688254964,6.817435948618268,7.301309688254964,570100
2020-03-30,6.6705451011657715,6.87791978015358,6.445889645279692,6.87791978015358,361300
2020-03-31,6.912483215332031,7.06801435136731,6.523656199276047,6.549577780604523,493400
2020-04-01,5.970656871795654,6.618702132682861,5.927454101612822,6.540936981547332,450400
2020-04-02,6.186670780181885,6.221233154550364,5.797843862528487,5.884249798449686,397700
2020-04-03,5.659595012664795,6.247155856177749,5.564548266267565,6.169390298942193,416100
2020-04-06,6.1780314445495605,6.238515403985183,5.884250800378577,5.918813180632096,383800
2020-04-07,6.6014204025268555,7.102575709402663,6.385405333224128,6.402686522287705,435400
2020-04-08,6.97296667098999,7.275388119207324,6.653264444491977,6.713748816538659,365000
2020-04-09,8.113527297973633,8.182652062733247,7.275388495223065,7.284029296826065,500200
2020-04-13,8.035761833190918,8.56283837715379,7.776543550049494,8.56283837715379,442100
2020-04-14,8.0530424118042,8.441870238838158,7.785184157661011,8.381385452392772,363700
2020-04-15,7.379073619842529,7.7851821195197,7.284027300357221,7.767900521050388,372600
2020-04-16,7.223543643951416,7.586449027464085,6.8087951050981355,7.404996335707751,427200
2020-04-17,7.759262561798096,7.9320753136148605,7.534607467694388,7.534607467694388,365900
2020-04-20,7.845666408538818,8.156727778275632,7.508682639966598,7.508682639966598,266600
2020-04-21,7.707418918609619,7.828387672590387,7.404997445673809,7.5000446180987765,194700
2020-04-22,7.603729248046875,7.940712168673677,7.456838961198082,7.906149796711135,194200
2020-04-23,7.871588706970215,8.053041395338806,7.525964931045319,7.569168109043951,177100
2020-04-24,8.191290855407715,8.320900388607706,7.7765423268447265,7.94071341339289,202300
2020-04-27,8.847978591918945,8.960306546531259,8.303620422966462,8.303620422966462,181300
2020-04-28,9.314570426940918,9.5565079204433,9.107196138823594,9.297289648280561,240500
2020-04-29,9.426897048950195,9.556506578852408,8.33818095312548,8.804773447902923,501500
2020-04-30,9.003507614135742,9.400975350760945,8.709727005669455,9.14175711834763,628300
2020-05-01,8.839336395263672,8.97758673422756,8.597399744133059,8.891180375379143,294900
2020-05-04,8.407304763793945,8.683804568841268,8.251774498988787,8.580117450960508,243200
2020-05-05,8.364105224609375,8.899822592230652,8.31226123624437,8.701088264869075,220700
2020-05-06,8.23449420928955,8.510994058278376,7.975275961376567,8.407306099887508,270500
2020-05-07,8.536914825439453,8.778851449309231,8.329540576408215,8.364102951246755,256400
2020-05-08,9.18496036529541,9.219522741615075,8.597399143829062,8.822055001922907,238800
2020-05-11,8.545557022094727,8.91710240633735,8.493713039346,8.91710240633735,244500
2020-05-12,7.759262561798096,8.597401441593231,7.716060197876176,8.580120660830918,234100
2020-05-13,7.569169521331787,7.621012685377599,7.206264076882165,7.569169521331786,334500
2020-05-14,7.258108139038086,7.5000456812964025,6.998890638669277,7.2926705273560835,542900
2020-05-15,7.249467849731445,7.3445142075302075,7.137139886497107,7.223545441578081,462400
2020-05-18,8.986226081848145,8.994866881934549,7.6555733577277065,7.6555733577277065,505100
2020-05-19,8.640604019165039,9.15039978814093,8.510995288490449,8.891181502759537,404400
2020-05-20,9.288647651672363,9.392334782388579,8.796133574762322,8.908461505712905,267200
2020-05-21,9.150400161743164,9.444180842234719,9.09855617293726,9.219524930796206,162500
2020-05-22,9.202241897583008,9.331851437455741,8.8998212859442,9.271366655902286,107600
2020-05-26,10.031739234924316,10.118145589787582,9.53058435439434,9.53058435439434,314100
2020-05-27,10.645221710205078,10.939002318602512,10.342801125820461,10.550175382089693,414900
2020-05-28,9.850290298461914,10.913085242093148,9.82436871174868,10.913085242093148,354500
2020-05-29,9.461462020874023,9.884851455159557,9.184962933019353,9.668836336765025,406400
2020-06-01,9.349132537841797,9.755241125014429,9.34049256077764,9.651553983955232,313900
2020-06-02,9.366415023803711,9.69475808015476,9.271367850840482,9.565148523577328,261400
2020-06-03,9.850290298461914,10.023103073969837,9.608353566396161,9.68611915056825,338900
2020-06-04,10.619301795959473,10.6625049787843,9.807085419787859,9.876210182694713,565300
2020-06-05,11.051332473754883,11.811705723999985,11.051332473754883,11.232785190563739,552300
2020-06-08,11.31919002532959,11.638892230828578,11.068612576477296,11.46608033921184,292800
2020-06-09,11.379674911499023,11.708017944423814,10.982207116277664,11.068613481164459,332000
2020-06-10,10.446490287780762,11.241425915610764,10.204553608364042,11.155019546660117,281300
2020-06-11,9.072632789611816,9.729318789294277,8.86525852361696,9.651553233538184,279100
2020-06-12,9.3246488571167,9.66356930546573,8.84668520603878,9.602737748877878,379100
2020-06-15,9.3246488571167,9.507144355648053,8.638118330025943,8.79454327984362,349700
2020-06-16,9.689642906188965,9.85475836717462,9.25512975651649,9.85475836717462,261100
2020-06-17,9.246438980102539,9.80261521250284,9.185606583107788,9.698332168927783,480000
2020-06-18,9.663572311401367,10.098085459371399,9.255129720254478,9.34203268135571,424900
2020-06-19,9.48107624053955,9.80261585310047,9.037872654806387,9.80261585310047,606600
2020-06-22,9.428936004638672,9.489767582485344,9.10739553347403,9.36810359802391,219300
2020-06-23,9.307272911071777,9.628812584246187,9.255130961663525,9.567981000576701,240500
2020-06-24,8.785852432250977,9.124772865615965,8.629428318116783,9.124772865615965,368500
2020-06-25,9.211675643920898,9.2203652737861,8.551215705636027,8.620737717164145,234800
2020-06-26,8.316580772399902,8.942279891296746,8.168846246705257,8.942279891296746,577800
2020-06-29,9.0726318359375,9.098703214835968,8.429552740929852,8.507765220089563,253700
2020-06-30,9.411553382873535,9.524526884762691,8.916208729701646,8.916208729701646,278200
2020-07-01,8.73371410369873,9.524527869954559,8.681572163291873,9.437624912199139,287500
2020-07-02,8.785852432250977,9.246436802180574,8.681569413238925,9.133463324392244,271000
2020-07-06,8.890135765075684,9.176915113441545,8.6207381636437,9.116082728628038,215800
2020-07-07,8.568598747253418,8.785855315346977,8.473006155648745,8.690262723742304,218500
2020-07-08,8.568598747253418,8.603359764997666,8.290510605299437,8.438245137904499,215800
2020-07-09,8.0906343460083,8.46431505118729,7.986350471927495,8.46431505118729,271300
2020-07-10,8.759784698486328,8.855377289428116,8.021112040583322,8.108014998725332,399900
2020-07-13,8.81192398071289,9.003109104919066,8.455622622835316,8.942277549832353,318800
2020-07-14,8.446935653686523,8.855377407607978,8.342652599785215,8.78585537167377,291100
2020-07-15,9.150843620300293,9.202985545370398,8.69895052768644,8.803233549058868,356100
2020-07-16,8.977039337158203,9.194295857087042,8.81192474667014,9.003109887494665,204000
2020-07-17,8.69025993347168,8.977038444974824,8.620737920305329,8.959658356067122,388300
2020-07-20,8.342649459838867,8.742401430388806,8.290507538128992,8.551215489142907,320100
2020-07-21,8.994421005249023,9.0291820181804,8.473004982510442,8.473004982510442,308900
2020-07-22,8.86406421661377,8.89013476215401,8.629427649216192,8.811923125533285,231800
2020-07-23,9.524527549743652,9.767854663003032,8.890137968500275,8.890137968500275,389000
2020-07-24,9.55059814453125,9.68095257732575,9.41155407923152,9.420244540504754,268400
2020-07-27,9.524527549743652,9.663571614463297,9.246439420304362,9.53321801098063,229000
2020-07-28,9.55059814453125,9.68095257732575,9.342032046581656,9.394173985453055,184200
2020-07-29,9.80261516571045,9.81999608727397,9.47238511491513,9.541907143633308,155300
2020-07-30,9.507146835327148,9.654881364516841,9.35072267347831,9.437624801445883,209900
2020-07-31,9.315960884094238,9.49845641509274,9.003110928800838,9.350721898152623,250600
2020-08-03,9.428936004638672,9.489767582485344,9.229059517935465,9.3507235023969,226100
2020-08-04,9.376795768737793,9.40286633131259,9.18560970939673,9.32465381481996,201900
2020-08-05,9.75047492980957,9.767855024158136,9.42024484950654,9.550598457808881,165300
2020-08-06,9.663572311401367,9.846067866699503,9.550598793476992,9.715714253815717,150500
2020-08-07,10.080704689025879,10.124155337897333,9.455005565814506,9.541907692325417,213800
2020-08-10,10.324028968811035,10.74116105057256,10.132843016953116,10.176294482661884,230700
2020-08-11,10.445696830749512,10.819377587167626,10.393554886559404,10.645572487814075,234500
2020-08-12,10.445696830749512,10.741165085266505,10.280581364787574,10.741165085266505,152300
2020-08-13,10.237127304077148,10.35879125736215,10.167605281847969,10.306649326306326,128900
2020-08-14,10.393553733825684,10.576049275098622,10.089394222114787,10.09808468331064,162100
2020-08-17,10.132843971252441,10.367481410917009,9.993799930903595,10.32402994111603,161400
2020-08-18,9.846063613891602,10.072010552147146,9.785232064656531,10.072010552147146,140500
2020-08-19,9.976421356201172,10.184988294511088,9.819997188428797,9.932970704955986,153800
2020-08-20,9.793925285339355,9.950349431604625,9.715712797822754,9.715712797822754,98700
2020-08-21,9.74178409576416,9.83737668294626,9.585359108767998,9.698332618402116,150600
2020-08-24,10.254508018493652,10.306649119736566,9.646189921796543,9.819994973886022,122800
2020-08-25,10.384861946105957,10.497835440917244,10.202366428144321,10.419622957681131,143200
2020-08-26,9.785233497619629,10.40224202473907,9.759162119471497,10.350100097210634,191100
2020-08-27,9.828685760498047,10.045942290025902,9.73309235709434,9.85475631198638,179000
2020-08-28,9.793925285339355,9.993800905643619,9.602739296828544,9.993800905643619,184400
2020-08-31,9.55059814453125,9.84606719767718,9.55059814453125,9.776545165027313,230300
2020-09-01,9.689642906188965,9.7678554057329,9.307271699135136,9.446315774427436,206600
2020-09-02,10.02856159210205,10.089393156512239,9.515836038450734,9.628809535761016,289100
2020-09-03,10.6455717086792,11.097465762693009,10.228439500760013,10.228439500760013,379000
2020-09-04,10.810687065124512,11.001873087738428,10.47176733045448,10.993182625626869,298100
2020-09-08,9.967731475830078,10.62819080632113,9.959041014289506,10.602120250467438,223400
2020-09-09,9.715715408325195,10.0633256365002,9.646193362690195,10.0633256365002,164900
2020-09-10,9.45500659942627,9.802616801006316,9.43762567496322,9.78523670531136,160500
2020-09-11,9.28989028930664,9.428935186092387,9.098705110166273,9.428935186092387,185600
2020-09-14,9.700637817382812,9.735595036239589,9.24619313879887,9.420979233082756,175600
2020-09-15,9.569549560546875,9.805511460724588,9.482156912420544,9.770554234784854,165100
2020-09-16,9.473417282104492,9.64820340967273,9.403502831077196,9.51711402235805,280000
2020-09-17,9.342325210571289,9.464675892353627,9.298629312420157,9.42097916075666,182200
2020-09-18,9.25493335723877,9.377283215839457,8.984014265366282,9.377283215839457,679800
2020-09-21,8.608224868774414,9.09762599999613,8.485874169246008,8.975276133913678,215900
2020-09-22,8.31982707977295,8.713096031347792,8.25865131685533,8.573267144871929,191000
2020-09-23,7.970252990722656,8.54704748893776,7.944035286289005,8.28486794426386,214900
2020-09-24,8.4159574508667,8.573265331603972,7.865380701731974,8.013949070551458,262900
2020-09-25,8.46839427947998,8.599484479953016,8.407219352660086,8.415958866047463,135000
2020-09-28,8.756792068481445,8.96653538147067,8.68687679737253,8.68687679737253,153800
2020-09-29,8.870403289794922,8.90536051211491,8.643181761437956,8.765531622834956,238500
2020-09-30,8.844183921813965,9.115102969040626,8.756791299136093,8.922837865636085,198600
2020-10-01,8.992754936218262,9.001494451084524,8.704357613199724,8.75679386895128,199700
2020-10-02,9.272411346435547,9.351065301481785,8.72183449455777,8.72183449455777,160400
2020-10-05,9.674422264099121,9.718119009518249,9.412243458476544,9.46467888622262,149300
2020-10-06,9.420978546142578,10.085166489437247,9.420978546142578,9.884162704028634,253100
2020-10-07,9.753074645996094,9.814249579522269,9.56954901197161,9.56954901197161,275900
2020-10-08,10.137604713439941,10.286173120168243,9.683159979107268,9.936600055270969,153200
2020-10-09,9.989034652709961,10.356085851679858,9.980295140009297,10.347346338979191,132000
2020-10-12,10.128864288330078,10.198778728332433,9.875424234960075,9.927859648238908,83300
2020-10-13,9.761815071105957,10.15508408543677,9.744336040784301,10.006515661486857,158000
2020-10-14,9.316107749938965,9.788030630013585,9.298629556908125,9.639462238745107,149100
2020-10-15,9.63072395324707,9.683159367932216,9.185018761193882,9.185018761193882,129600
2020-10-16,9.656941413879395,9.78803078068915,9.473415800278216,9.587026973788076,160900
2020-10-19,9.700637817382812,9.989035081312684,9.59576532736664,9.709376497012627,116100
2020-10-20,9.919119834899902,10.128863130940333,9.866683594166908,9.884162618893164,90500
2020-10-21,9.98029613494873,10.163821752729415,9.857945445279645,9.91038169326522,82200
2020-10-22,10.259952545166016,11.020272623033096,9.980294815406845,10.294909761385913,241700
2020-10-23,10.696918487548828,11.15136314557172,10.426000262027783,10.696918487548828,230000
2020-10-26,10.600786209106445,10.670700642738073,10.434738804146987,10.609525721671845,306900
2020-10-27,10.20751953125,10.723139216492015,10.181300987852426,10.548352260958742,185900
2020-10-28,9.98029613494873,10.2861724423985,9.849206765153621,9.849206765153621,232000
2020-10-29,10.373563766479492,10.40852098290238,9.927858632003353,9.980294873360574,203700
2020-10-30,10.487174987792969,10.89792290817968,10.39104285044535,10.530871716931264,280300
2020-11-02,10.9678373336792,10.985315525254705,10.460957276302732,10.70565779248032,263200
2020-11-03,11.195060729980469,11.27371384976836,10.932881163683232,11.20379940988188,160600
2020-11-04,10.20751953125,10.897925338579315,10.093908343531762,10.897925338579315,284600
2020-11-05,10.915403366088867,11.072711290269625,10.259954793263653,10.26869430759502,239700
2020-11-06,10.600786209106445,11.029012323461611,10.55708947972523,11.029012323461611,103100
2020-11-09,12.025296211242676,12.497219131833361,11.763116625704313,11.981599474745295,386700
2020-11-10,12.095211029052734,12.392347846258023,11.964120815520191,12.252518951913405,317300
2020-11-11,11.57085132598877,12.165124933906775,11.43102243787769,12.165124933906775,155800
2020-11-12,11.063970565795898,11.500936233218775,10.810530512028464,11.317410619563333,429000
2020-11-13,11.413544654846191,11.6669847320411,11.168843258388664,11.317411665721467,252900
2020-11-16,12.060253143310547,12.304953694978591,11.59706974786313,11.911684742864901,166900
2020-11-17,11.771855354309082,12.007816382138829,11.579590226615528,11.789333547674385,223000
2020-11-18,11.736897468566895,12.20882033091087,11.736897468566895,11.902944046627663,340100
2020-11-19,11.806816101074219,11.859251530277984,11.544636454717034,11.684465377188568,152200
2020-11-20,11.535895347595215,11.614549313998515,11.308672963195905,11.614549313998515,103700
2020-11-23,12.034035682678223,12.060253391105572,11.378587137872984,11.771856098066943,295400
2020-11-24,12.558394432067871,12.864270763096112,12.27873664377642,12.322433381558445,180900
2020-11-25,12.444781303405762,12.57587149627627,12.147644533034267,12.374866867253154,113600
2020-11-27,12.261258125305176,12.392348344104093,12.034036579589825,12.383608829494968,114900
2020-11-30,11.623286247253418,12.147644517737696,11.518414593156562,12.06899140224942,365000
2020-12-01,12.025296211242676,12.173864615266218,11.833031070721752,11.972859960756633,169900
2020-12-02,12.331171035766602,12.444782211163163,11.955381122396615,12.06025278427516,133800
2020-12-03,12.235037803649902,12.40108437855471,12.034034011215356,12.33990945623912,88400
2020-12-04,12.794356346130371,12.838052250569271,12.383608343526282,12.436043762231343,155800
2020-12-07,12.78561782836914,12.864271796002937,12.479741472781269,12.715703375682658,101600
2020-12-08,12.829312324523926,12.881747738139556,12.523436022464551,12.567132756108158,87200
2020-12-09,12.85552978515625,13.10023032205036,12.628307441317363,12.977880470326234,292800
2020-12-10,12.724438667297363,12.759395882038053,12.444780115926099,12.602087998982077,195300
2020-12-11,12.663263320922852,12.759396289614855,12.470999050430377,12.470999050430377,142500
2020-12-14,12.680816650390625,12.935310518447329,12.549182208500092,12.935310518447329,114800
2020-12-15,13.102049827575684,13.172254982644274,12.628164612406959,12.812453353689877,155700
2020-12-16,12.99674129486084,13.198580894029423,12.830003434154138,13.198580894029423,150800
2020-12-17,12.926533699035645,12.979187974000666,12.672039850012546,12.979187974000666,160200
2020-12-18,12.944083213806152,13.119596039153494,12.707140271903866,12.926531512815835,682600
2020-12-21,12.987964630126953,13.04061807144069,12.619387193285343,13.005515498261078,276800
2020-12-22,12.856328964233398,13.119598673574666,12.786123819997238,13.02306680947778,121100
2020-12-23,13.137152671813965,13.242460406554757,12.908985494753173,13.014293229493965,120400
2020-12-24,13.128376960754395,13.207357971896531,12.970414938470123,13.207357971896531,55500
2020-12-28,13.189805030822754,13.356542891401329,13.066946435566342,13.207356736951619,149500
2020-12-29,12.935308456420898,13.251232405654719,12.777347318715226,13.251232405654719,93100
2020-12-30,12.873881340026855,13.163477784329189,12.777349470896539,12.996740767302025,155400
2020-12-31,12.908982276916504,13.137149397101819,12.777347850531047,12.873879707419631,204300
2021-01-04,13.172253608703613,13.25123460914548,12.733471016836695,13.093272608261747,232200
2021-01-05,13.532055854797363,13.856754888058164,12.996741368109785,13.102049094823174,248700
2021-01-06,14.918607711791992,15.216979999933649,14.041042552274817,14.041042552274817,389600
2021-01-07,15.22575855255127,15.401270611286709,14.87473276125739,14.962487953713605,270600
2021-01-08,14.918607711791992,15.524128140529202,14.620235423650337,15.524128140529202,251400
2021-01-11,15.076574325561523,15.234536370462585,14.68166921330887,14.68166921330887,140600
2021-01-12,15.26085376739502,15.489020852600142,15.155546911960217,15.208200339677619,95500
2021-01-13,15.199430465698242,15.2959631826545,14.98003914448707,15.190654611991041,194600
2021-01-14,15.5767822265625,15.734744229629426,15.208204777347264,15.35739092759683,232700
2021-01-15,15.287181854248047,15.532900648583142,15.173099144556035,15.199425022426775,195200
2021-01-19,15.58555793762207,15.936583678009844,15.067794342866566,15.366166640651866,273500
2021-01-20,15.752298355102539,16.01556728477511,15.585560473604295,15.682093195601652,212900
2021-01-21,15.48025131225586,17.007214729045053,15.225758246369145,16.26128556522943,376700
2021-01-22,15.708415985107422,15.743519394843709,15.14677481990845,15.410043697639791,237300
2021-01-25,15.752298355102539,15.901484528269805,15.374944995101632,15.532907022434387,255600
2021-01-26,15.58555793762207,15.86637852993229,15.515352789544515,15.796173381854736,197100
2021-01-27,14.918607711791992,15.322286881734994,14.541254425387974,15.041466298501131,248200
2021-01-28,15.41004467010498,15.63821182632144,15.076570625679578,15.216980925840042,252100
2021-01-29,14.786972999572754,15.401267595597592,14.52370245228553,15.3661658602529,195800
2021-02-01,15.164325714111328,15.260856738080287,14.585132875007112,14.901055176631385,118800
2021-02-02,15.725966453552246,15.769844038450113,15.208202917409075,15.374940752901598,142500
2021-02-03,15.49779987335205,15.787396295775991,15.181875894772249,15.725967005234947,107200
2021-02-04,15.87515640258789,15.93658570574403,15.559232359130071,15.559232359130071,153200
2021-02-05,15.813721656799316,16.076990486522554,15.559227004087441,16.076990486522554,94300
2021-02-08,16.42801856994629,16.44557027419847,15.883929128709838,15.883929128709838,122500
2021-02-09,16.884355545043945,17.103746861908586,16.410471171004236,16.41924535071466,223200
2021-02-10,16.9370059967041,17.21782823863192,16.84925082453819,17.051090398635974,170400
2021-02-11,16.814146041870117,17.551300809786966,16.49822209167076,17.481095673500718,197800
2021-02-12,16.73516845703125,17.18272691954022,16.577206449813637,16.717616750935335,163500
2021-02-16,17.059873580932617,17.28804080901303,16.89313566929244,16.98966840874044,128600
2021-02-17,16.621084213256836,16.998437491109232,16.489449777076914,16.884353085616677,158400
2021-02-18,16.349042892456055,16.708846251367735,16.331492856318054,16.489454898322403,90800
2021-02-19,16.75271987915039,16.76149573204959,16.454347575868812,16.454347575868812,156100
2021-02-22,16.954557418823242,17.15639698956576,16.717614440739805,16.717614440739805,240500
2021-02-23,16.603538513183594,17.077422989569516,16.59476265775491,17.077422989569516,224700
2021-02-24,16.8580265045166,16.963335063848913,16.585981764157044,16.67373861796351,314200
2021-02-25,16.603538513183594,17.252936750496612,16.43680060768518,17.09497470042688,239200
2021-02-26,16.287607192993164,17.051089538615553,16.164748619099516,16.53332601460299,308600
2021-03-01,16.89312744140625,17.02476186592543,16.191076061422272,16.647408621500595,365200
2021-03-02,16.664960861206055,17.24415368680329,16.629859127987547,16.884352133745086,211800
2021-03-03,16.796594619750977,17.279256404371328,16.752717036522995,16.752717036522995,277800
2021-03-04,16.805370330810547,17.288032111399932,16.621082474205096,16.77904445062262,191500
2021-03-05,17.042316436767578,17.25293188620521,16.594757979029055,17.25293188620521,270500
2021-03-08,18.253353118896484,18.332334110540668,17.15639676141899,17.1915001682931,445500
2021-03-09,17.998863220214844,18.18315111663676,17.472323743002022,18.156825230760976,271600
2021-03-10,18.3762149810791,18.42886842218642,17.832123843561128,18.016413398170805,299600
2021-03-11,18.39376449584961,18.39376449584961,17.981309483413188,18.376214465188344,248500
2021-03-12,18.76340103149414,18.83380772344874,18.472973217352923,18.481774263675742,217900
2021-03-15,18.138540267944336,18.6929927088917,17.78650516025251,18.6929927088917,190500
2021-03-16,17.962526321411133,18.04173406868586,17.49608088508532,17.927323810749108,166300
2021-03-17,17.856914520263672,18.393764900031726,17.742502600296717,18.041731451340898,179700
2021-03-18,17.980125427246094,18.789803181418737,17.87451455555929,17.97132438138654,216100
2021-03-19,17.99772834777832,18.138541730760082,17.276057661711867,17.830511826002002,563400
2021-03-22,17.196849822998047,17.81290789013458,16.98562809175538,17.81290789013458,178400
2021-03-23,16.202354431152344,16.589592055366662,15.999935412510167,16.334366761630815,1062900
2021-03-24,16.14075469970703,16.660004844553246,16.123152601563113,16.49278826944299,898000
2021-03-25,16.448776245117188,16.545584377875194,15.876721778605365,16.026334500015704,560700
2021-03-26,16.42237663269043,16.809614282635067,16.246359061271605,16.73040654335939,333400
2021-03-29,15.938326835632324,16.448775650492383,15.911923702946831,16.175948315291585,323600
2021-03-30,16.096744537353516,16.45757900830993,16.01753680678964,16.052739310024815,285400
2021-03-31,15.91192626953125,16.237558243999736,15.823917491678051,16.01753713868065,328900
2021-04-01,16.052745819091797,16.114351483704056,15.674309103755393,15.797522111608373,281600
2021-04-05,16.096744537353516,16.422374826446973,15.920726985294287,16.31676563811366,245600
2021-04-06,16.19355583190918,16.27276357788895,16.026339292770995,16.070344528664258,229300
2021-04-07,15.894325256347656,16.369571681814218,15.841520657505127,16.272761851746303,205400
2021-04-08,15.955931663513184,16.079144638201154,15.691906978062411,15.85032246078408,184800
2021-04-09,16.325565338134766,16.413574115960525,16.07034172893067,16.087943820221387,249100
2021-04-12,16.46637535095215,16.563185154667526,16.211151793830897,16.29916055369692,318300
2021-04-13,16.131946563720703,16.32556452236019,15.955929016864635,16.30796411057677,267800
2021-04-14,16.360769271850586,16.607193510288752,15.99113375350723,15.99113375350723,227600
2021-04-15,16.07914161682129,16.39597084410225,15.850319482401446,16.39597084410225,198700
2021-04-16,16.052745819091797,16.55439386365272,15.894330293729725,16.38717896788472,183100
2021-04-19,15.999937057495117,16.246359652089357,15.779915924534244,16.035139565882282,216300
2021-04-20,15.269466400146484,15.850322035453814,15.269466400146484,15.815117849736781,344900
2021-04-21,15.700708389282227,15.753512991872848,15.01424184109195,15.234262976952264,513900
2021-04-22,15.190256118774414,15.841518337897083,14.96143398579169,15.683102885937682,309500
2021-04-23,15.436684608459473,15.612700520355762,15.067049011260666,15.067049011260666,201900
2021-04-26,15.480684280395508,15.806314558900588,15.401476552407194,15.577494098742939,249700
2021-04-27,15.471888542175293,15.621503004291101,15.295870935464354,15.603900907894346,182300
2021-04-28,15.69190788269043,15.78871772296314,15.401480040500402,15.65670537262733,210900
2021-04-29,16.105545043945312,16.255159470195203,15.95593061769542,15.98233375596113,416600
2021-04-30,15.753512382507324,16.2991655169307,15.72711092154728,16.211156730265255,284400
2021-05-03,15.84151840209961,16.01753594468513,15.62149731318156,15.911925083408278,378200
2021-05-04,15.964734077453613,16.09674811011315,15.612700573827214,15.674306227133314,207100
2021-05-05,16.052745819091797,16.22876344252265,15.771118964505208,16.105550434669667,432600
2021-05-06,16.14075469970703,16.202360364582265,15.850326794846307,16.02634274040005,219200
2021-05-07,16.00873374938965,16.167149190608175,15.850318308171122,15.850318308171122,191900
2021-05-10,15.5950927734375,16.17594826156889,15.577492363666504,16.052737000034213,225100
2021-05-11,15.313468933105469,15.674303419517582,15.26946538251974,15.375074575376631,226200
2021-05-12,15.093448638916016,15.639101760269034,15.049445085951328,15.39267749923413,218900
2021-05-13,15.533493041992188,15.75351419465108,15.163857438380122,15.163857438380122,237400
2021-05-14,15.7271089553833,15.762311458471759,15.42788012530642,15.612697043433318,190000
2021-05-17,15.542290687561035,15.709507196996512,15.445480864420313,15.647901556317077,142400
2021-05-18,15.577495574951172,15.647902264432044,15.287067771014083,15.515888252856005,332600
2021-05-19,15.410280227661133,15.498289015849476,15.040644660172504,15.357475626199333,167000
2021-05-20,15.392678260803223,15.427882447819094,15.13745461945028,15.427882447819094,142900
2021-05-21,15.683103561401367,15.815115884177345,15.454281418563383,15.542290193289954,244700
2021-05-24,15.603897094726562,15.744710474233036,15.498287899410656,15.744710474233036,165300
2021-05-25,15.13745403289795,15.815117820414768,15.119851940072069,15.577496281777217,283200
2021-05-26,15.287069320678711,15.33107287657948,15.04064504320145,15.14625424881452,152700
2021-05-27,15.419078826904297,15.639099923137653,15.331070052685405,15.48948551055386,334100
2021-05-28,15.410280227661133,15.454283782441298,15.19906014318592,15.43668336770604,212500
2021-06-01,15.551091194152832,15.735908109785116,15.45428137436768,15.577494330083622,230100
2021-06-02,15.533493041992188,15.65670602894833,15.445484245202994,15.612700791239643,433600
2021-06-03,15.84151840209961,15.920726128400323,15.366272044295329,15.507087085540359,368500
2021-06-04,15.885522842407227,15.894323887894561,15.595095055836369,15.885522842407228,293500
2021-06-07,16.035139083862305,16.114346823637458,15.894325697290471,15.938330929736656,606400
2021-06-08,16.175952911376953,16.22875919175183,15.850322575538673,15.903127177285524,361200
2021-06-09,16.061540603637695,16.14074833542531,15.938329322469318,16.05273955803598,276100
2021-06-10,16.061540603637695,16.33436630277959,16.017537054256934,16.299163799000542,313500
2021-06-11,16.158353805541992,16.299167207359634,16.123149615773503,16.123149615773503,187400
2021-06-14,15.875799179077148,16.24664662269229,15.805161650966241,16.17600909458138,271100
2021-06-15,15.94643783569336,16.061224879579086,15.725695334208723,15.849312280249631,171800
2021-06-16,16.15835189819336,16.220161218876587,15.681548927559545,15.85814193425912,225700
2021-06-17,15.451973915100098,16.317284050154143,15.416654309196748,16.176008994803748,344600
2021-06-18,14.93985366821289,15.354848995282337,14.878046032705926,15.275381554164309,1002400
2021-06-21,15.257722854614258,15.37250821847377,15.045810247705521,15.072298270986805,353900
2021-06-22,15.328360557556152,15.363678483693915,15.019320704225091,15.27538114215194,254600
2021-06-23,15.39899730682373,15.575590296749192,15.30187006767917,15.37250760047568,194000
2021-06-24,15.39899730682373,15.61090990521326,15.213572730650627,15.487294643852275,217400
2021-06-25,15.610910415649414,15.690377853160319,15.372508103116699,15.469635345437068,692000
2021-06-28,15.275382041931152,15.531444179072764,15.134106960795027,15.531444179072764,308400
2021-06-29,15.293041229248047,15.549103356027684,15.231233594268616,15.310701034708384,161500
2021-06-30,15.487297058105469,15.52261498794348,15.160597365411428,15.169427268903902,385000
2021-07-01,15.54909896850586,15.646224502868103,15.443141849773731,15.646224502868103,160300
2021-07-02,15.354842185974121,15.522606896618226,15.319524274545948,15.522606896618226,231100
2021-07-06,14.922197341918945,15.30187483042509,14.76326242262501,15.30187483042509,286400
2021-07-07,14.745595932006836,15.00165629128393,14.604320902585433,14.78091384729659,274000
2021-07-08,14.507197380065918,14.630812641234161,14.189327640911433,14.295284782006803,382300
2021-07-09,15.019322395324707,15.019322395324707,14.692622700074178,14.833897788795515,284100
2021-07-12,15.045809745788574,15.195913030393031,14.745599808316387,14.851555266170314,194800
2021-07-13,14.613152503967285,14.96634184348089,14.595494384296874,14.96634184348089,240300
2021-07-14,14.445390701293945,14.860386022654122,14.35709335858513,14.630813605263898,214300
2021-07-15,14.630813598632812,14.816238186650459,14.259966106729255,14.321773741357893,313800
2021-07-16,14.30411434173584,14.966341826369321,14.295284439844938,14.807406960596232,182400
2021-07-19,13.809649467468262,14.083369663490787,13.694863280016143,13.915605753870437,318600
2021-07-20,14.339434623718262,14.736771853505015,13.597739584204225,13.79199324742598,384700
2021-07-21,14.569007873535156,14.878047771315323,14.524860038480256,14.560177969697786,160400
2021-07-22,14.957512855529785,15.637398502133925,14.85155571037508,15.637398502133925,405100
2021-07-23,15.328360557556152,15.628570508319843,15.0987881431997,15.619740605752474,394100
2021-07-26,15.743356704711914,15.752186607745518,15.31953146388969,15.363679294925912,386900
2021-07-27,15.37250804901123,15.761015332793624,15.310700416527329,15.61091036070486,245500
2021-07-28,15.266556739807129,15.593254795803995,15.054642393482727,15.487299306773927,214700
2021-07-29,15.319530487060547,15.425485948444095,15.151765708382952,15.425485948444095,183200
2021-07-30,15.116449356079102,15.557934420771305,15.089959645910096,15.248894538660387,233400
2021-08-02,14.922197341918945,15.557937019094686,14.851559787136324,15.134110006266809,207000
2021-08-03,15.231232643127441,15.240062545306209,14.719110105680306,14.948682509933384,239000
2021-08-04,14.93985366821289,15.169426088761442,14.913363959796296,14.966343376629485,190100
2021-08-05,15.18708610534668,15.222404032927676,15.054639245555553,15.063469148483746,209400
2021-08-06,15.75218677520752,15.831654219222981,15.354849555130205,15.504954540033655,195100
2021-08-09,15.425488471984863,15.752188180316082,15.416658568069751,15.752188180316082,119600
2021-08-10,15.840485572814941,15.858143696554974,15.204745962478519,15.372510768998628,171600
2021-08-11,16.22899055480957,16.246650361934662,15.734527744230297,15.858143025842141,141100
2021-08-12,16.096546173095703,16.33494852878862,15.95527107730701,16.228991364881107,124000
2021-08-13,15.937607765197754,16.025905101685296,15.866970232834042,16.025905101685296,99800
2021-08-16,15.928776741027832,16.03473217884098,15.451972218474722,15.778671800683112,135300
2021-08-17,15.725693702697754,15.937606280041681,15.566758848656944,15.743353505175946,254500
2021-08-18,15.557933807373047,15.981759048575876,15.540274001289978,15.619741444531984,193200
2021-08-19,15.354842185974121,15.593244403605583,15.125269867232456,15.390161781533306,140200
2021-08-20,15.663890838623047,15.690380550390914,15.275383486687497,15.293043294532744,256700
2021-08-23,15.937607765197754,15.972927373445417,15.628569613688773,15.79633270047033,167100
2021-08-24,15.91994857788086,16.1053714563549,15.743353916745246,15.91111867641093,174400
2021-08-25,15.831647872924805,16.070050109404914,15.813988073748988,15.911115285084842,156600
2021-08-26,15.513779640197754,15.893456936474541,15.513779640197752,15.884627036080744,111500
2021-08-27,16.105377197265625,16.158354940838116,15.487299031234304,15.487299031234304,273100
2021-08-30,15.716865539550781,16.149522327455713,15.672717712604554,16.149522327455713,158300
2021-08-31,15.866968154907227,15.90228775852946,15.65505558556801,15.690375189190243,199100
2021-09-01,15.672714233398438,15.946434404791175,15.522609297318947,15.875796886879137,109200
2021-09-02,15.725693702697754,15.866968754260373,15.637396374438254,15.699205683111925,129700
2021-09-03,15.681549072265625,15.787504540436748,15.460806548755352,15.716867000278732,119400
2021-09-07,15.487297058105469,15.875802706983059,15.487297058105467,15.681549882544264,121000
2021-09-08,15.434311866760254,15.460801567334038,15.319526532536376,15.40782385031773,184100
2021-09-09,15.451973915100098,15.593248970450492,15.266551036502019,15.372506485949062,354400
2021-09-10,15.24006175994873,15.602079309964424,15.125274721671627,15.602079309964424,183200
2021-09-13,15.337191581726074,15.469636761658844,15.195914814448372,15.416657342380267,196600
2021-09-14,14.903034210205078,15.408071374646035,14.814430813468068,15.408071374646035,203800
2021-09-15,15.124541282653809,15.159983315990264,14.876453809175276,14.885312627540223,201900
2021-09-16,15.5232572555542,15.558697602454988,15.159984827482097,15.230867211253011,277100
2021-09-17,15.81564712524414,15.842226962633946,15.505536065931643,15.585278958039694,796800
2021-09-20,15.443511009216309,15.620716085181243,15.124539506522874,15.434650501922718,270200
2021-09-21,15.363773345947266,15.611862564429144,15.328331304748623,15.470096089604114,199600
2021-09-22,15.833366394042969,16.01943199509035,15.549835203447856,15.576416727869965,208800
2021-09-23,16.49789047241211,16.630794724070455,15.939690249490118,15.94855075826324,220200
2021-09-24,16.568775177001953,16.72825928738387,16.382707846602152,16.382707846602152,241800
2021-09-27,16.896604537963867,17.153554242406855,16.737118747615717,16.737118747615717,248400
2021-09-28,16.49789047241211,17.020646970272363,16.47130894609274,17.002927642695365,163000
2021-09-29,16.683950424194336,16.728251263054965,16.37383948226393,16.59534705650441,121400
2021-09-30,16.382701873779297,16.781416229294102,16.37384136699354,16.648512007445458,157600
2021-10-01,17.0029239654541,17.1358281883691,16.152333896854113,16.435863356397814,286900
2021-10-04,17.375059127807617,17.41049947000689,16.825719458981492,16.825719458981492,274600
2021-10-05,17.286453247070312,17.720607938774013,17.21557088291397,17.499100339539336,380400
2021-10-06,17.153547286987305,17.180127114621488,16.68395061581528,17.109244757649172,131500
2021-10-07,17.410497665405273,17.419358172528973,17.24215140999281,17.259872424240214,132600
2021-10-08,17.392778396606445,17.623146535034433,17.277595172377005,17.410499412632237,155600
2021-10-11,17.88895606994629,17.915535903071532,17.36619794554196,17.463660150282923,649200
2021-10-12,17.86237144470215,18.216783241230218,17.658584872944605,17.888952963180035,577400
2021-10-13,17.71175193786621,17.818076356134018,17.410501391071605,17.818076356134018,347000
2021-10-14,17.366199493408203,17.986419877834344,16.94090522580699,17.93325851687649,745900
2021-10-15,16.878883361816406,17.809216566858098,16.861164033030075,17.809216566858098,859600
2021-10-18,16.604215621948242,17.251017647095345,16.409289470388284,16.825723303708443,3994700
2021-10-19,16.43586540222168,16.666233539267804,16.33840319460266,16.630793197397914,451700
2021-10-20,16.914323806762695,16.994066693685788,16.311822745552313,16.45358750231132,500100
2021-10-21,17.49910545349121,17.58770885707238,16.77256058607047,17.28645829887802,593000
2021-10-22,17.764911651611328,18.08388318681221,17.375059430775963,17.65858893319046,365500
2021-10-25,18.358551025390625,18.367411533029465,17.81807357917355,17.95983832145695,366500
2021-10-26,18.48259925842285,18.56234214935323,18.11932683972637,18.314252967573243,420600
2021-10-27,17.756053924560547,18.411716361679293,17.729472398337226,18.411716361679293,268700
2021-10-28,18.15476417541504,18.190206205493695,17.764910294394873,17.809212831993197,255200
2021-10-29,18.01300048828125,18.35855185190792,17.88895675569098,18.252229135393147,266200
2021-11-01,18.650941848754883,18.757266255190178,18.16362573668512,18.207926586884515,342200
2021-11-02,18.42057228088379,18.73068155971174,18.22564451708471,18.686380717013126,150900
2021-11-03,18.79270362854004,18.98763139454912,18.349688436655903,18.349688436655903,327600
2021-11-04,18.76612663269043,18.943331722224507,18.3762727317649,18.819287990553743,211400
2021-11-05,19.040796279907227,19.297745950095866,18.890171019099544,19.0142147550697,250800
2021-11-08,19.191421508789062,19.35090727761061,19.014214723438645,19.191421508789062,178100
2021-11-09,19.031932830810547,19.288882461295284,18.801564721055954,19.01421181699045,265900
2021-11-10,19.138259887695312,19.164839722156323,18.80156733812341,18.969913612909362,228800
2021-11-11,19.28888702392578,19.32432736998021,18.961054950583513,19.129401241757613,209500
2021-11-12,18.934471130371094,19.32432330480475,18.86358876320416,19.297743473347737,85000
2021-11-15,19.182559967041016,19.200280982615148,18.88130946215703,18.88130946215703,234900
2021-11-16,19.32432746887207,19.395209851312963,18.961055047616338,19.14712235775449,209000
2021-11-17,19.2357234954834,19.288886548207834,19.058518389643037,19.253444513058213,242100
2021-11-18,19.031932830810547,19.271161447475187,18.978771479319146,19.262300940565137,257800
2021-11-19,18.925609588623047,19.08509532852227,18.59777760216699,18.757263342066214,364000
2021-11-22,18.952190399169922,19.572412377540477,18.92561056779077,19.08509631594142,221700
2021-11-23,19.05851936340332,19.218005149786755,18.961055451731365,19.014216817202733,131600
2021-11-24,18.854732513427734,19.102820009545248,18.82815098599972,18.925614896599782,97700
2021-11-26,17.915538787841797,18.55348192507429,17.507965507915983,18.128185936929523,173100
2021-11-29,17.764911651611328,18.261089970805838,17.64086791679727,18.216787429822862,236300
2021-11-30,17.357341766357422,17.569988934233795,17.047230679465827,17.499106544941668,306900
2021-12-01,17.10038948059082,18.066162945874915,17.10038948059082,17.897818352821147,256800
2021-12-02,17.844655990600586,18.057303134752324,17.277596939529282,17.29531795736758,217700
2021-12-03,17.401639938354492,18.013001507809097,17.23329534601636,17.915537603846552,191600
2021-12-06,18.252227783203125,18.31424964490346,17.596565446705476,17.738330184868804,365000
2021-12-07,18.181346893310547,18.63322266670802,18.04844265171579,18.42057554216258,236500
2021-12-08,18.163625717163086,18.21678707533904,17.88895672829002,18.21678707533904,192400
2021-12-09,17.90667724609375,18.172487434601937,17.729472143724177,18.004141150877008,185000
2021-12-10,17.9598388671875,18.101603613778586,17.596566492801706,18.0484422562992,162400
2021-12-13,17.507966995239258,17.80035706131994,17.304180337964425,17.80035706131994,192300
2021-12-14,17.587949752807617,17.92566606591947,17.303555016099033,17.339104993856196,246700
2021-12-15,17.60572624206543,17.783472772880327,17.365770629116827,17.53462796876278,382100
2021-12-16,17.330217361450195,17.845680169011757,17.06359931085899,17.73014613245323,447400
2021-12-17,16.796981811523438,17.330219679135514,16.770321019968527,17.22357142756652,1341400
2021-12-20,16.81475830078125,16.939179859433615,16.272632889310337,16.61923846645373,302300
2021-12-21,17.259122848510742,17.401319399045235,16.96584225114378,17.001390541219106,204400
2021-12-22,17.330217361450195,17.374653138176654,17.116922581953986,17.31244237271312,205200
2021-12-23,17.35688018798828,17.579062466249244,17.330217704355114,17.46352673228844,125600
2021-12-27,17.525739669799805,17.596837939845216,17.11692504081782,17.374655634063753,86600
2021-12-28,17.6590518951416,17.819021744865804,17.36577129463898,17.36577129463898,106100
2021-12-29,17.614612579345703,17.721260829842127,17.4813035375625,17.712373334374387,93300
2021-12-30,17.454639434814453,17.836793228956594,17.4190911513518,17.694596704873415,192600
2021-12-31,17.436866760253906,17.55240080450834,17.241345261354546,17.294668536001492,136500
2022-01-03,17.78347396850586,18.014543796053985,17.507968352824758,17.587954127557442,203600
2022-01-04,17.756803512573242,18.25449293099786,17.712367744374856,17.872339222074487,177900
2022-01-05,17.8812313079834,18.21894764034346,17.872343813037563,17.872343813037563,216300
2022-01-06,18.894378662109375,18.92104114223642,18.067860424447407,18.112296196209776,214000
2022-01-07,18.849945068359375,18.992143296471937,18.627762773663296,18.84105926827395,140800
2022-01-10,18.734405517578125,19.0099110074366,18.55665905598924,19.0099110074366,176400
2022-01-11,18.67220115661621,18.70774944403371,18.34337059864289,18.66331366098272,111900
2022-01-12,18.63665008544922,18.79662160727463,18.42335528805413,18.574439314765197,123300
2022-01-13,19.01880645751953,19.089904732879514,18.743300852389176,18.743300852389176,112200
2022-01-14,19.4276180267334,19.45427881397839,18.672197977662048,18.725521247268208,158300
2022-01-18,19.312082290649414,19.56092704057341,19.152110786778,19.383180548468246,202700
2022-01-19,18.805505752563477,19.47205251135977,18.77884327196984,19.47205251135977,181600
2022-01-20,17.8367919921875,18.7344085476712,17.810131205218187,18.707746065585727,437300
2022-01-21,17.934553146362305,18.414465969192147,17.596835145930008,17.721258370091686,368700
2022-01-24,18.41446876525879,18.41446876525879,17.614612809014194,17.614612809014194,250500
2022-01-25,17.268009185791016,18.023429369250056,16.805869580014136,17.22357170728373,457200
2022-01-26,17.31244468688965,17.881232536693027,17.12581236555167,17.881232536693027,328100
2022-01-27,16.70810890197754,17.525739864123807,16.548139063938986,17.33910753885392,260100
2022-01-28,17.081375122070312,17.294669933003625,16.63701050884679,16.992503555518788,319100
2022-01-31,17.170246124267578,17.241344385222703,16.59257254211764,16.876965585938148,385000
2022-02-01,17.35688018798828,17.374653481960802,17.001387186677732,17.09026043700537,273300
2022-02-02,17.37465476989746,17.659049531050574,17.188022455979503,17.490190512422622,367900
2022-02-03,17.410202026367188,17.71237003552715,17.32132878335847,17.39242703874222,228300
2022-02-04,17.64127540588379,17.76569695459818,17.250234073345958,17.463528883334828,218300
2022-02-07,17.463523864746094,17.614607856959932,17.392425615181697,17.59683287078984,218000
2022-02-08,17.934553146362305,17.934553146362305,17.605722640164142,17.605722640164142,259500
2022-02-09,17.49019432067871,18.10341806228942,17.419096038688828,18.10341806228942,218700
2022-02-10,17.63239097595215,17.77458754066815,17.392433637325105,17.392433637325105,417700
2022-02-11,17.516849517822266,17.934553274223514,17.463526247153503,17.499076224343487,191600
2022-02-14,17.28577995300293,17.801242711906504,17.152469245175194,17.7123694717267,303000
2022-02-15,17.73015022277832,17.81013599543155,17.534628691796367,17.534628691796367,212100
2022-02-16,17.62350082397461,17.819020647226942,17.45464179314239,17.58795253570896,314800
2022-02-17,17.241344451904297,17.472414224681195,17.17913368521749,17.419090952537683,230300
2022-02-18,17.36577033996582,17.472416900585788,17.019164780159624,17.143588027704947,202400
2022-02-22,17.481300354003906,17.641271853057557,17.285780574669513,17.481300354003906,346700
2022-02-23,17.39243507385254,17.79236400459639,17.312449287703767,17.66794072885558,203000
2022-02-24,17.072484970092773,17.1346974301623,16.52147388469236,16.894740169528472,379800
2022-02-25,17.801246643066406,17.801246643066406,17.241346292868627,17.241346292868627,212700
2022-02-28,17.463523864746094,17.614607856959932,17.223566636797763,17.516847128140395,381500
2022-03-01,16.80586814880371,17.30355599988617,16.61034834537183,17.30355599988617,331300
2022-03-02,17.6590518951416,17.810135943589415,16.91251914929554,16.91251914929554,194900
2022-03-03,17.49019432067871,17.71237666378669,17.312447768145628,17.71237666378669,153600
2022-03-04,16.752546310424805,17.03693939256683,16.628123065650307,17.03693939256683,185300
2022-03-07,16.157094955444336,16.770318495649793,16.157094955444336,16.734768518772402,147400
2022-03-08,16.52147674560547,16.894743095077605,16.27263194758521,16.370392706649685,552100
2022-03-09,17.05471420288086,17.330219786390874,16.939178455039702,17.05471420288086,326300
2022-03-10,17.03693389892578,17.081369668013267,16.779201691893757,16.779201691893757,113900
2022-03-11,17.099153518676758,17.454644941027425,17.08137852378002,17.17025180314689,143200
2022-03-14,17.143728256225586,17.509247036072097,16.769294176819464,17.339861445698023,207300
2022-03-15,17.063488006591797,17.38443190904677,16.77820529348475,17.31311123077001,213400
2022-03-16,18.204618453979492,18.38292097925932,17.749948544892938,18.25810853139588,303000
2022-03-17,17.705373764038086,17.9817411478488,17.58056131617284,17.9817411478488,157900
2022-03-18,17.892595291137695,17.98174658071438,17.375519852096236,17.830189898559844,464300
2022-03-21,17.865846633911133,18.23136529953735,17.776695366593252,18.13329873544578,328100
2022-03-22,18.01740264892578,18.275941169475626,17.999573754737487,18.026317946229476,156800
2022-03-23,17.580562591552734,17.93716766798742,17.571647294599966,17.81235521106767,181500
2022-03-24,17.72320556640625,17.848018034765875,17.420093944325053,17.678630777975858,146300
2022-03-25,18.008487701416016,18.14221375010387,17.741033903621343,17.749949200256395,184000
2022-03-28,17.803443908691406,18.097641972466217,17.589481835075127,17.999577084820885,194100
2022-03-29,18.02631950378418,18.338348134697767,17.883678135438412,18.10655548603108,293800
2022-03-30,17.46466636657715,18.168957790788568,17.420091584185915,18.10655241527326,239100
2022-03-31,17.259618759155273,17.723202253604036,17.21504227863789,17.45575017217518,474000
2022-04-01,17.3131103515625,17.669713724837003,17.206128489370645,17.509241781758725,587100
2022-04-04,17.429004669189453,17.535986524377495,17.063486022960237,17.241788548134007,311400
2022-04-05,17.090234756469727,17.651884913539607,17.08131945868523,17.473584059107207,327600
2022-04-06,16.359193801879883,16.965420316672855,16.359193801879883,16.57315580114467,645200
2022-04-07,16.19872283935547,16.46617492921551,16.0917409831601,16.46617492921551,464300
2022-04-08,16.171981811523438,16.439435682199424,16.127407016620488,16.287878998942194,415700
2022-04-11,16.287874221801758,16.555326313616145,16.118486990095885,16.118486990095885,339300
2022-04-12,16.171981811523438,16.680141955262553,16.14523761474944,16.394859186877042,444900
2022-04-13,16.421598434448242,16.510749688573423,15.97584386424109,16.100654599765097,333600
2022-04-14,16.127403259277344,16.55532731215837,16.118487962289944,16.44834714914763,399200
2022-04-18,16.394859313964844,16.49292590401483,16.082832346386603,16.082832346386603,561200
2022-04-19,16.911930084228516,17.018911943829075,16.45726015665934,16.484006046664227,377500
2022-04-20,16.84952735900879,17.17938658595856,16.813867867144058,16.965424533512454,426000
2022-04-21,16.876272201538086,18.267026305979353,16.831695713961007,17.357686364436585,504600
2022-04-22,16.492921829223633,17.054571932520933,16.4661759384308,16.760373935475865,442000
2022-04-25,16.760374069213867,16.796035257222197,16.136318582839383,16.421601285229894,446700
2022-04-26,16.421598434448242,16.724711678222604,16.394852548085066,16.528580279482206,504800
2022-04-27,16.252216339111328,16.43943420176679,16.136320862548825,16.350282919569867,274400
2022-04-28,16.4840087890625,16.5464141757038,16.09174417249245,16.466178192759486,152500
2022-04-29,16.082826614379883,16.430514654574555,15.993675355237475,16.377024579256645,325300
2022-05-02,16.18089485168457,16.296792022923718,15.735140163206102,16.270046129464102,351600
2022-05-03,16.287874221801758,16.457259753088703,15.922355569459931,16.127402286545554,291300
2022-05-04,16.760374069213867,16.80495055422428,16.154149176843546,16.350280609632264,252600
2022-05-05,16.261133193969727,16.510756467932435,16.065001714697235,16.510756467932435,243100
2022-05-06,16.127403259277344,16.305705798187287,15.922356529824231,16.216554528732317,190000
2022-05-09,16.09174346923828,16.216555937485477,15.87778142421061,15.984763296934036,256800
2022-05-10,15.877781867980957,16.296792372404582,15.645989220951112,16.13632040904398,206700
2022-05-11,15.895610809326172,16.278960081800257,15.833205430164169,15.949100891405168,246400
2022-05-12,15.975852012634277,16.00259791263905,15.645992714253865,15.833210613448047,370800
2022-05-13,16.16305923461914,16.305702255002576,15.931268364990386,16.16305923461914,283400
2022-05-16,15.966934204101562,16.16306567206393,15.80646223012356,16.002595398505267,226200
2022-05-17,16.501842498779297,16.537501997693973,16.20764440595002,16.26113450453182,257600
2022-05-18,16.09174346923828,16.377027896361025,15.975847999172151,16.270046023637597,336400
2022-05-19,15.85995101928711,16.207639096805835,15.851035722373934,15.96693118140717,305800
2022-05-20,15.726222038269043,16.16306135039664,15.485515842081226,15.984760527310067,334900
2022-05-23,16.457260131835938,16.715798633569587,16.100656767736915,16.100656767736915,404300
2022-05-24,16.36811065673828,16.466175519646537,16.029336183654546,16.278959390115247,298100
2022-05-25,16.439434051513672,16.75146268614138,16.332452173771305,16.332452173771305,319500
2022-05-26,16.796035766601562,16.947592419395214,16.63556381653545,16.63556381653545,336900
2022-05-27,17.07240104675293,17.116977527544297,16.87626963252753,16.885184928685806,257100
2022-05-31,17.15264129638672,17.170471893157245,16.813868459843246,16.929763938013057,468700
2022-06-01,16.72471809387207,17.07240624787382,16.58207671272164,17.07240624787382,264400
2022-06-02,17.116979598999023,17.125893195817124,16.68905383370974,16.7068844281841,169200
2022-06-03,16.903017044067383,17.11698079183208,16.769290977028845,17.06348900468131,291400
2022-06-06,16.903017044067383,17.054573706822847,16.83169636161888,16.983253024374346,163400
2022-06-07,16.903017044067383,16.920847639784306,16.64448020784877,16.733631486014193,280500
2022-06-08,16.599905014038086,16.760375270318306,16.54641322819219,16.760375270318306,173700
2022-06-09,16.207639694213867,16.582073676273627,16.189809099730287,16.51075299875839,192500
2022-06-10,15.770804405212402,16.10066198625984,15.637078312884535,16.10066198625984,185000
2022-06-13,15.342874526977539,15.699479614057221,15.289384444083218,15.449856393185259,386300
2022-06-14,15.584426879882812,15.664943572824336,15.333930312246045,15.333930312246045,265000
2022-06-15,15.539695739746094,15.834923037429855,15.432339583148263,15.834923037429855,258800
2022-06-16,15.226574897766113,15.414446031854517,15.02081078718315,15.414446031854517,297000
2022-06-17,15.396553039550781,15.566532903338247,15.235521370369563,15.351822304728469,569600
2022-06-21,15.557584762573242,15.700725146442053,15.405497891416632,15.477068083351039,331300
2022-06-22,15.342874526977539,15.629155301063053,15.324981552005191,15.405498233012743,334800
2022-06-23,15.468124389648438,15.638102540960023,15.316037507802008,15.316037507802008,607400
2022-06-24,15.879651069641113,15.942274772671533,15.521800119204476,15.521800119204476,507000
2022-06-27,15.924384117126465,16.130149936658693,15.861760404978117,16.040686759431836,396300
2022-06-28,15.808084487915039,16.30012944378385,15.781245020617927,16.067525846313842,314800
2022-06-29,15.682831764221191,15.870702852836382,15.611261581934297,15.870702852836382,291500
2022-06-30,15.763349533081055,15.951220634812143,15.360766163131773,15.3786591365446,407100
2022-07-01,16.04963493347168,16.067526205701615,15.593374217425362,15.763354101372428,436200
2022-07-05,16.300127029418945,16.38064371301588,15.700725999512924,15.781242683109857,452700
2022-07-06,16.273290634155273,16.37169859516634,15.969116849863159,16.192773943820995,315800
2022-07-07,16.371700286865234,16.586412620855153,16.35380901433973,16.42537922354691,284700
2022-07-08,16.291181564331055,16.46116142996937,16.1838271170413,16.32696751767309,218600
2022-07-11,16.201717376708984,16.389588481144447,16.103307727889714,16.21960864401149,345000
2022-07-12,16.201717376708984,16.398534967979643,16.05857700008162,16.05857700008162,187200
2022-07-13,15.494958877563477,16.01384312266545,15.486012391534578,16.01384312266545,207000
2022-07-14,15.387602806091309,15.459172980271696,15.172890577182594,15.31603263191092,253600
2022-07-15,15.664941787719727,15.808082179666757,15.521801395772696,15.69178125109782,411300
2022-07-18,15.745454788208008,16.067519741565288,15.67388460897665,15.888595146670726,454300
2022-07-19,16.192773818969727,16.318021244582592,15.95122374982932,15.95122374982932,471100
2022-07-20,16.246450424194336,16.362753063289755,16.013846852371625,16.103310027129304,442900
2022-07-21,16.085418701171875,16.4343249478857,15.602320238106412,15.99595551723581,325100
2022-07-22,15.289196968078613,16.094362053862493,15.101324147787189,16.022791861934326,411700
2022-07-25,15.655993461608887,15.727563649178668,15.316035497244384,15.369712711329754,396100
2022-07-26,15.655993461608887,15.808080323490659,15.53969254669594,15.611262734265722,279500
2022-07-27,15.709673881530762,15.790190572273605,15.5396957178454,15.673889633627399,242000
2022-07-28,15.664941787719727,15.74545847148594,15.468124175384578,15.718619008107845,152400
2022-07-29,15.664941787719727,15.763351447071335,15.611264567331608,15.655995299927028,195500
2022-08-01,15.655993461608887,15.808080323490659,15.396550465188504,15.503906599727113,351400
2022-08-02,15.280251502990723,15.593371753511173,15.271305015105215,15.593371753511173,158700
2022-08-03,15.396553039550781,15.503909192039748,15.155004682594877,15.387608257680842,267500
2022-08-04,15.289196968078613,15.378660134580816,15.128163609648242,15.378660134580816,183600
2022-08-05,15.468124389648438,15.494962147030217,15.253412092385636,15.307091019885384,155200
2022-08-08,15.378660202026367,15.593370778752519,15.316036497110572,15.459176881594672,183200
2022-08-09,15.521799087524414,15.521799087524414,15.307088531533498,15.316035017995763,234900
2022-08-10,15.790183067321777,15.96910934090098,15.75439883642638,15.75439883642638,216500
2022-08-11,16.07647132873535,16.121203771429478,15.942277413389396,16.040687080948263,147000
2022-08-12,16.183822631835938,16.183822631835938,16.022789299162117,16.139091908923298,187500
2022-08-15,16.326967239379883,16.326967239379883,15.995954002080882,15.995954002080882,166400
2022-08-16,16.353805541992188,16.416429248455742,16.237502910244423,16.318019591802713,189200
2022-08-17,16.183822631835938,16.273285784028918,16.067520022074756,16.273285784028918,150400
2022-08-18,16.371700286865234,16.470109964413247,16.07647296058958,16.148043169796757,511000
2022-08-19,16.013845443725586,16.282234944389938,15.915437495879841,16.282234944389938,486100
2022-08-22,15.700722694396973,15.81702530460692,15.584421790554735,15.772292875153976,228300
2022-08-23,15.593368530273438,15.843863313816634,15.56652907216478,15.673885198231675,206400
2022-08-24,15.584426879882812,15.64705059519994,15.50391018694129,15.584426879882812,152800
2022-08-25,15.781241416931152,15.817027365155488,15.530746604832517,15.530746604832517,185400
2022-08-26,15.539695739746094,15.843867819642139,15.477070319682564,15.843867819642139,175000
2022-08-29,15.342874526977539,15.486014914020295,15.307090283400857,15.405498233012743,170700
2022-08-30,15.324979782104492,15.42338942671894,15.262356083301775,15.37865870082209,234100
2022-08-31,15.101325035095215,15.42339177087962,15.101325035095215,15.42339177087962,357700
2022-09-01,15.110269546508789,15.208679193208438,14.91345195947734,15.03869935973664,272100
2022-09-02,15.0208101272583,15.387607597441091,14.922400467229913,15.23552071665544,182900
2022-09-06,15.128165245056152,15.584425907809596,14.949238892709177,15.190788956467147,454800
2022-09-07,15.19973373413086,15.208680221378179,14.904506480441178,15.038700376415038,323300
2022-09-08,15.414443969726562,15.548637862747128,15.002915803614437,15.04764653249865,214200
2022-09-09,15.75440788269043,15.790192134133333,15.503911297116566,15.52180427602221,349000
2022-09-12,15.834922790527344,16.013847440242927,15.754406100926465,15.754406100926465,162100
2022-09-13,15.253411293029785,15.638101721444448,15.128163881496826,15.503907822463706,214400
2022-09-14,15.271366119384766,15.397055825854114,15.046919236464461,15.190565104541951,198800
2022-09-15,15.513771057128906,15.63946077893674,15.26238990111921,15.298302228718036,196400
2022-09-16,15.450922966003418,15.513769533127608,15.199543547082108,15.343189418578246,639600
2022-09-19,15.522749900817871,15.729240657462704,15.30727934943861,15.30727934943861,379100
2022-09-20,15.486836433410645,15.558659374461138,15.35216863299022,15.415013492360153,203400
2022-09-21,15.388079643249512,15.729239906312804,15.370125191820417,15.585594020515849,275900
2022-09-22,15.118742942810059,15.423990856166078,15.055898086365097,15.406034693640688,242800
2022-09-23,14.876340866088867,15.002030587260382,14.723716899354589,14.957141890383133,306600
2022-09-26,14.732694625854492,15.046920633598132,14.714738462579088,14.786561403286722,302600
2022-09-27,14.571091651916504,14.912251882816319,14.526202958984678,14.804516622428517,330300
2022-09-28,14.777583122253418,14.957141327796695,14.553136221521303,14.571092384554422,277800
2022-09-29,14.49927043914795,14.642916328475946,14.382558796216731,14.633938246343687,284600
2022-09-30,14.33767032623291,14.750652717386803,14.283802685561923,14.526205784285711,440400
2022-10-03,14.714737892150879,14.804516992653559,14.337667896151705,14.463358465616068,360900
2022-10-04,15.235454559326172,15.29830112810271,14.930206646272909,14.930206646272909,359000
2022-10-05,15.172611236572266,15.280346510113597,15.073855757586298,15.073855757586298,260500
2022-10-06,15.028965950012207,15.226478628305982,15.011009784968914,15.07385636262044,294400
2022-10-07,14.615984916687012,14.98407775040139,14.615984916687012,14.957143501936605,454200
2022-10-10,14.642914772033691,14.876339745478717,14.535181222686075,14.732693871419299,540200
2022-10-11,14.72371768951416,14.813496800480745,14.526205015302965,14.61598412626955,568300
2022-10-12,14.750651359558105,14.903275328513256,14.589049308618058,14.750651359558105,311500
2022-10-13,15.567641258239746,15.621508049085051,14.553140041685818,14.615986628798815,512300
2022-10-14,15.370124816894531,15.881863486612513,15.325234408431731,15.711283359241856,330700
2022-10-17,15.675368309020996,15.854926486887637,15.450921442884543,15.60354538035308,520900
2022-10-18,15.693329811096191,15.971645252763889,15.621506857980654,15.863909966893445,463100
2022-10-19,15.271366119384766,15.747194127637588,14.993052464033859,15.504791083109142,382100
2022-10-20,14.122199058532715,14.912253134648596,13.93366447751957,14.445403154434123,805100
2022-10-21,14.014464378356934,14.328690386454292,13.969575682511875,14.202999811975952,548100
2022-10-24,13.960598945617676,14.185045871250766,13.915709389251642,14.00548850198371,455400
2022-10-25,14.445403099060059,14.651893842919291,13.897752096969564,13.897752096969564,510900
2022-10-26,14.598029136657715,14.885320944960892,14.40949281721235,14.526206184581921,306700
2022-10-27,14.67883014678955,15.145680190684145,14.633939731572235,14.687808229833013,392200
2022-10-28,15.100785255432129,15.109763335788232,14.71473636208834,14.768604844224964,431100
2022-10-31,14.975098609924316,15.118744500136064,14.957142445549328,14.993054774299306,376500
2022-11-01,14.921232223510742,15.091810652398694,14.894297976236476,15.02896578781954,392000
2022-11-02,14.624961853027344,15.046921438198797,14.544160826361354,14.885319384866815,382600
2022-11-03,14.481315612792969,14.642917681315684,14.310736317505638,14.445404993340272,263800
2022-11-04,14.876340866088867,14.93020764482037,14.553136768911802,14.63393779320607,316200
2022-11-07,14.957144737243652,15.13670298371682,14.84941115927523,14.975100904369837,255400
2022-11-08,14.768609046936035,15.037944684689197,14.642917598576233,15.00203235304519,254800
2022-11-09,14.535184860229492,14.777586263121417,14.526206776804706,14.678830770237418,294500
2022-11-10,15.325233459472656,15.35216770288253,14.903273920414586,14.903273920414586,340300
2022-11-11,15.31626033782959,15.47786242582876,15.208526754093102,15.298305882136468,223100
2022-11-14,15.028965950012207,15.298303288479154,14.99305533231977,15.289325205957507,311700
2022-11-15,15.253411293029785,15.37910101050176,15.136699657147805,15.181588352703804,223400
2022-11-16,15.002030372619629,15.27136768721166,14.966119758110422,15.27136768721166,247600
2022-11-17,14.894298553466797,14.984077668799616,14.759630736664667,14.795541355361276,229600
2022-11-18,14.822474479675293,15.253412145721326,14.768607699518055,15.109766257039315,248400
2022-11-21,15.118742942810059,15.127721024072756,14.795538866928647,14.840429273242126,231800
2022-11-22,15.217500686645508,15.280345545412805,15.011008234760707,15.145677746283742,191200
2022-11-23,15.172611236572266,15.298302674436165,15.11874445599864,15.24443418146846,132200
2022-11-25,15.226476669311523,15.343190014682778,15.226476669311523,15.271367076144287,89300
2022-11-28,14.930207252502441,15.262389422805079,14.91225280165974,15.226477096331722,297100
2022-11-29,14.903275489807129,15.037943296249958,14.795540217216427,14.948164187823384,232100
2022-11-30,15.235454559326172,15.244432640579964,14.580070039344598,14.87633987114407,426900
2022-12-01,15.1636323928833,15.2354553341725,14.966119732436503,15.1815885563041,328900
2022-12-02,15.073856353759766,15.12772313646383,14.912254293253419,15.019987858661551,190100
2022-12-05,14.589048385620117,15.136699365292532,14.481313121011436,14.948163080325825,232700
2022-12-06,14.589048385620117,14.642915161727489,14.337668099326121,14.45438058915472,340700
2022-12-07,14.454379081726074,14.65189171511739,14.427444840284357,14.499267771735179,239100
2022-12-08,14.310735702514648,14.624962599291845,14.256868919453364,14.481314990471487,311300
2022-12-09,14.274823188781738,14.463359484356493,14.220956409643538,14.301757434547856,268300
2022-12-12,14.229934692382812,14.31971294427913,14.122199420191983,14.229934692382812,288700
2022-12-13,14.211978912353516,14.696785081722687,14.104244493448274,14.535183025266297,348300
2022-12-14,14.004701614379883,14.365182651518461,13.995689373587771,14.193954373741283,294800
2022-12-15,13.734338760375977,13.914579257338689,13.644218941621862,13.860507537977117,314200
2022-12-16,13.445956230163574,13.689280727186842,13.391883642239165,13.536076923552711,1649000
2022-12-19,13.716318130493164,13.725329512714872,13.482005003635349,13.509040869209814,252000
2022-12-20,13.752365112304688,13.815449079967452,13.635208558463411,13.635208558463411,385300
2022-12-21,13.986677169799805,14.094821474582233,13.815448042636726,13.86050838449304,177500
2022-12-22,13.752365112304688,13.878533047630217,13.554100108922942,13.878533047630217,195100
2022-12-23,13.959641456604004,14.040749905908772,13.716316968144298,13.716316968144298,163200
2022-12-27,14.013712882995605,14.103832706301054,13.878531858855641,14.004700642828702,102400
2022-12-28,13.842485427856445,14.112846649303233,13.824461804802462,14.085810784994942,179800
2022-12-29,14.239015579223633,14.302099549673672,13.905570384844701,13.968654355294742,245500
2022-12-30,14.356172561645508,14.374196185396528,14.157907543656306,14.157907543656306,295700
2023-01-03,14.266051292419434,14.518388890451607,14.121858870375123,14.437280438188026,262600
2023-01-04,14.599494934082031,14.725662852828233,14.356169617435237,14.419253576808337,512900
2023-01-05,14.83381175994873,14.896897461484793,14.284078683554199,14.536414614060014,430500
2023-01-06,15.212312698364258,15.239349419282933,14.779735477119948,14.842819440354441,499600
2023-01-09,15.131209373474121,15.42860649476963,15.113184888811492,15.25737732829359,397600
2023-01-10,15.374530792236328,15.491688206499523,15.023061987265176,15.104170437475322,330900
2023-01-11,15.6178560256958,15.753036202062134,15.374530676890883,15.374530676890883,383800
2023-01-12,15.942291259765625,16.0414224812765,15.581810184022995,15.716990372562812,453400
2023-01-13,15.6178560256958,15.888216378428465,15.581808780822406,15.816120169772475,301000
2023-01-17,15.509708404541016,15.680937517655813,15.45563668631332,15.680937517655813,228300
2023-01-18,15.275398254394531,15.581807546640148,15.203302051449038,15.4105784200537,355600
2023-01-19,15.149230003356934,15.698964675694466,14.824797919718208,15.698964675694466,528600
2023-01-20,15.23935317993164,15.23935317993164,14.932943809543001,15.113185222327909,512100
2023-01-23,15.18527889251709,15.347495792988994,15.131207165329526,15.266387342753042,327600
2023-01-24,14.878870010375977,15.113183126945984,14.860845527814607,15.077134161823246,375900
2023-01-25,14.950966835021973,14.96899131832273,14.73467819214087,14.80677440643457,363100
2023-01-26,15.059106826782227,15.158239743182845,14.84281823374274,15.07713130592942,366400
2023-01-27,15.53674602508545,15.60884222654419,15.248361219250485,15.500698783810593,437700
2023-01-30,15.338483810424805,15.527735718224758,15.320459328088834,15.401567779691456,176500
2023-01-31,15.698965072631836,15.735012318876802,15.356508498212953,15.356508498212953,410100
2023-02-01,15.843156814575195,16.014385953880748,15.527735258667871,15.55477198137165,434500
2023-02-02,16.11351776123047,16.14055448493302,15.870194123544533,15.915253610806195,270700
2023-02-03,16.11351776123047,16.15857896740139,15.969325339302042,16.01438654547296,498800
2023-02-06,15.816121101379395,16.095495430422716,15.716989882956595,16.02339921752009,324500
2023-02-07,16.02339744567871,16.041420207729463,15.671926942597802,15.689951423557666,477500
2023-02-08,15.698965072631836,15.987349918228634,15.689952831343277,15.906241465540877,272700
2023-02-09,15.527734756469727,15.888215786315477,15.482675272329935,15.771060096206535,270600
2023-02-10,15.39255428314209,15.527734451818395,15.33848255945339,15.464650487696726,342200
2023-02-13,16.320796966552734,16.320796966552734,15.545761357518218,15.924266920196777,1077000
2023-02-14,16.257713317871094,16.455977485561203,16.09549639934764,16.266723840980703,274500
2023-02-15,16.365854263305664,16.43795046944277,16.113516682371216,16.113516682371216,269800
2023-02-16,16.239686965942383,16.374867142860353,16.104506789024413,16.149566275027333,287900
2023-02-17,16.230676651000977,16.311785110558475,16.14956819144348,16.28474838440284,724400
2023-02-21,16.140554428100586,16.230675121215842,15.96031304187007,16.08648269979513,365700
2023-02-22,15.99636459350586,16.203641017953846,15.816123178127897,16.17660600888382,622200
2023-02-23,15.987346649169922,16.113514563592656,15.807107016981574,16.041418366935535,481100
2023-02-24,15.698965072631836,15.861181978007352,15.662916107477603,15.762049042742477,265700
2023-02-27,15.861181259155273,15.96031247101811,15.753036087503139,15.79809729190369,326100
2023-02-28,15.816121101379395,15.987350251614124,15.789086095859222,15.888217314282022,282200
2023-03-01,15.608842849731445,15.762047498811635,15.47366268146283,15.716988015691797,239400
2023-03-02,15.509708404541016,15.53674512310933,15.311444291766836,15.45563668631332,309900
2023-03-03,15.725998878479004,15.762046118035268,15.464649086333054,15.590817003143403,384200
2023-03-06,15.527734756469727,15.789084577426108,15.473663031720148,15.689951649627599,392100
2023-03-07,15.194292068481445,15.464652439964523,15.15824310219873,15.464652439964523,424200
2023-03-08,15.122198104858398,15.23935382489019,15.032077394651866,15.203306572153322,421800
2023-03-09,13.887544631958008,15.005036671902003,13.833472907790638,15.005036671902003,1005400
2023-03-10,13.608172416687012,14.031737418691993,13.013377418710897,13.491015865242682,945500
2023-03-13,12.121186256408691,12.86918505274442,11.949957978704253,12.842149189834158,1401100
2023-03-14,12.55700397491455,13.292447109037415,12.411731470863721,12.956504226946763,1134900
2023-03-15,12.184743881225586,12.202902512648457,11.857880722581495,12.175664132567904,1851000
2023-03-16,12.293696403503418,12.547923266125858,11.885117300672835,11.984991923087133,1293000
2023-03-17,11.894197463989258,12.10302646340331,11.621811097277215,12.039469961997709,1557200
2023-03-20,11.685369491577148,12.248300945494462,11.67628974250771,12.202903066039793,684600
2023-03-21,12.248299598693848,12.420811348474006,12.093947345055783,12.148424967589632,625900
2023-03-22,11.66720962524414,12.348175147358177,11.612732002482344,12.257379398052663,586100
2023-03-23,11.049799919128418,11.730765398782712,10.995322299763425,11.730765398782712,581500
2023-03-24,11.367585182189941,11.44930031977562,10.759255896177631,10.840971033763308,823900
2023-03-27,11.52193546295166,11.812481321266922,11.52193546295166,11.748923954755133,517400
2023-03-28,11.53101634979248,11.630891850225611,11.44930034612627,11.54009609817594,388100
2023-03-29,11.52193546295166,11.830639950347164,11.385742714226527,11.730765325674891,499800
2023-03-30,11.258630752563477,11.630892669474278,11.167835860010923,11.531017162006187,443100
2023-03-31,11.376663208007812,11.422061080509746,11.304026958361677,11.349424830863612,693100
2023-04-03,11.394824028015137,11.521937046726578,11.294948523721864,11.358505898970083,543400
2023-04-04,11.167834281921387,11.476538777941617,10.94992553151619,11.394822780066567,543800
2023-04-05,11.058880805969238,11.122437313532403,10.86821041738727,10.9953234325136,539300
2023-04-06,11.185994148254395,11.21323339448597,11.049801380666507,11.049801380666507,298500
2023-04-10,11.258630752563477,11.33126701296253,10.977165459990278,11.131517729811396,353100
2023-04-11,11.131516456604004,11.294947590862582,11.122436708619519,11.267709212801558,465600
2023-04-12,11.004404067993164,11.304028864788352,10.977165686255205,11.28587023226056,399600
2023-04-13,11.095199584960938,11.195074226404621,10.968085696484184,11.113358217090461,387600
2023-04-14,10.750177383422852,11.37666537227533,10.659381621146231,11.358506739355542,599100
2023-04-17,10.913607597351074,10.940845975155082,10.568584970228125,10.722937220938192,641300
2023-04-18,10.58674430847168,10.96808508681221,10.47778992407331,10.96808508681221,452600
2023-04-19,11.049799919128418,11.077038295864721,10.495948307397516,10.586743185149325,620400
2023-04-20,10.831892967224121,10.977165488398178,10.56858630612301,10.677540697003552,726900
2023-04-21,10.886368751525879,10.949926123247993,10.623062114084128,10.722937612836397,622200
2023-04-24,10.86821174621582,11.095200290571833,10.759257348832044,10.768336232527924,717700
2023-04-25,10.268959045410156,10.813730868814686,10.250799551683846,10.722935997860091,518900
2023-04-26,10.205404281616211,10.377916052369395,10.114609387544704,10.196324532441299,345300
2023-04-27,10.214483261108398,10.405153649951453,10.205403512617663,10.278039768758592,414300
2023-04-28,10.305279731750488,10.4323927559013,10.196324474060457,10.196324474060457,572300
2023-05-01,10.09644889831543,10.450551288352072,10.014732895546015,10.332517158339858,659700
2023-05-02,9.842222213745117,10.214483242253332,9.633392328306075,10.214483242253332,936500
2023-05-03,9.760506629943848,10.187245301795947,9.724188500375105,9.869461018650073,764700
2023-05-04,9.088621139526367,9.578916339968044,8.825314473842734,9.515358961428863,783100
2023-05-05,9.578913688659668,9.751424546334489,9.29744760247282,9.578913688659668,908300
2023-05-08,9.451801300048828,10.514107582879511,9.44272155194781,10.278039327607708,1467200
2023-05-09,9.324687957763672,9.515357465732707,9.197574086558573,9.379164712642709,635100
2023-05-10,9.261131286621094,9.551677176127571,9.170336399687955,9.515358182283348,533600
2023-05-11,9.070460319519043,9.30652856908564,9.061380571637462,9.152176318668435,553800
2023-05-12,9.21573257446289,9.27021019439635,8.979665197130945,9.152176072784181,910000
2023-05-15,9.442721366882324,9.497198988528293,9.22481261208329,9.233892360006356,551600
2023-05-16,9.224814414978027,9.62431474274689,9.215734665280419,9.433644328560067,410600
2023-05-17,9.75142765045166,9.787745782885848,9.397326075691467,9.397326075691467,898600
2023-05-18,9.942096710205078,10.032892461889766,9.660631438588974,9.769585821075124,882800
2023-05-19,9.805903434753418,10.078289809642316,9.687869310105148,9.942096189251659,1243100
2023-05-22,10.123685836791992,10.223561321917916,9.687868371890133,9.887618476249651,728000
2023-05-23,10.45963191986084,10.777415343596273,10.2235636399025,10.2235636399025,739200
2023-05-24,10.205404281616211,10.414234183176506,10.205404281616211,10.396074684826681,451500
2023-05-25,10.05105209350586,10.296200127929197,9.933017950919721,10.21448411645475,493600
2023-05-26,10.250801086425781,10.296198961646173,9.896698698777664,9.96933495277331,508100
2023-05-30,10.132767677307129,10.350676454780022,9.960256778280883,10.27804019562239,410000
2023-05-31,9.70602798461914,10.141846359625356,9.64247148101315,10.023812234433931,498100
2023-06-01,9.978415489196777,10.096449627736401,9.660632069337034,9.814984337743272,455100
2023-06-02,10.61397933959961,10.686616438842112,10.178161939497821,10.178161939497821,696700
2023-06-05,10.405155181884766,10.49595094837487,10.132768748307056,10.49595094837487,564300
2023-06-06,11.176915168762207,11.249551426300032,10.35975597262293,10.35975597262293,607700
2023-06-07,11.74892520904541,11.803402833886805,11.29494817697284,11.349425801814236,882400
2023-06-08,11.603652954101562,11.730766837616068,11.449300690509839,11.649050831491921,585800
2023-06-09,11.458379745483398,11.621811747837622,11.40390298862695,11.585493621302511,351900
2023-06-12,11.367585182189941,11.685368581847479,11.33126618873969,11.394823561385168,463000
2023-06-13,11.558255195617676,11.667210448832417,11.294948543115797,11.367585667223125,408500
2023-06-14,11.173895835876465,11.61316404795348,11.164744196604438,11.512498634206255,466800
2023-06-15,11.485045433044434,11.549105167158935,11.091533642916115,11.091533642916115,405100
2023-06-16,11.320319175720215,11.567408212725262,11.192198837338147,11.55825657296617,1277900
2023-06-20,11.07322883605957,11.256257231542325,11.000017477866468,11.256257231542325,429900
2023-06-21,10.963411331176758,11.10068328742291,10.853594289828793,11.027471926524267,397200
2023-06-22,10.615657806396484,10.972562972695,10.569900487634344,10.908503250076961,530100
2023-06-23,10.679716110229492,10.698018511653942,10.432627145388306,10.432627145388306,850400
2023-06-26,10.780383110046387,10.926805834303652,10.661414428400288,10.661414428400288,378000
2023-06-27,10.798686027526855,11.036623382899492,10.61565762829723,10.816988431075693,391100
2023-06-28,10.652263641357422,10.77123232276521,10.579052279375443,10.743777407460758,295800
2023-06-29,10.826139450073242,10.917654080828424,10.652262698936239,10.68886837668867,323300
2023-06-30,10.597354888916016,10.954260940057646,10.597354888916016,10.954260940057646,278000
2023-07-03,10.780383110046387,10.85359447217502,10.624808747335972,10.624808747335972,195600
2023-07-05,10.66141414642334,10.844443419652375,10.57905202076818,10.643111742749388,404600
2023-07-06,10.606505393981934,10.633959434136187,10.423477005039905,10.505839125502668,396500
2023-07-07,10.81698989868164,10.899352907696718,10.606507429197213,10.606507429197213,460400
2023-07-10,10.789534568786621,11.045774331968849,10.734625611730584,10.762080526632735,346600
2023-07-11,10.8902006149292,10.935957936386545,10.661414880390785,10.881049848836383,284800
2023-07-12,11.164743423461914,11.247106425709923,11.018320696242473,11.128137741657053,300000
2023-07-13,11.347771644592285,11.494195242135572,11.183046515572045,11.265409516456305,349800
2023-07-14,11.118986129760742,11.420983223564239,10.990866679509743,11.420983223564239,249300
2023-07-17,11.27455997467041,11.411831929982714,11.137288892106362,11.16474293406952,295800
2023-07-18,11.64976978302002,11.704678746142916,11.247107253529434,11.247107253529434,356300
2023-07-19,12.034130096435547,12.052433375347976,11.631467560594235,11.741284615823684,479800
2023-07-20,11.85110092163086,12.052432613194188,11.713829829461687,11.997523652677529,556100
2023-07-21,11.704680442810059,11.960920271447645,11.668074753004689,11.960920271447645,403400
2023-07-24,12.034130096435547,12.06158501480419,11.695527291290986,11.695527291290986,309600
2023-07-25,13.379389762878418,14.715498498657572,11.192197808225025,11.997523705259558,9804600
2023-07-26,13.461752891540527,13.901021090648703,12.85775868139262,13.525812619056719,9358600
2023-07-27,13.031634330749512,14.056594246036166,12.976726246987655,13.544114724766967,3880600
2023-07-28,13.242116928100586,13.342782324706699,12.757090602252804,13.159753934173672,2347700
2023-07-31,13.004181861877441,13.28787657145744,12.87606152968835,13.013333501194168,1345200
2023-08-01,12.830306053161621,12.930971475046842,12.58321700933186,12.930971475046842,1717600
2023-08-02,12.711336135864258,12.738790180526417,12.400187387198644,12.711336135864258,1059700
2023-08-03,12.628972053527832,12.839454499258299,12.400186331082576,12.711335053247849,832600
2023-08-04,12.857758522033691,12.93096988764434,12.555761420702686,12.68388087414716,979100
2023-08-07,12.793697357177734,12.912666039224595,12.574063270051967,12.830303911113644,1325100
2023-08-08,12.839456558227539,12.876062244779034,12.180554200300627,12.500853739439107,2098200
2023-08-09,12.445942878723145,12.903514295253434,12.29036852728299,12.903514295253434,1096800
2023-08-10,12.528305053710938,12.647273727243034,12.281216941565983,12.46424533440451,985000
2023-08-11,12.391034126281738,12.537456842313414,12.354428447273818,12.464245484297576,528700
2023-08-14,11.979222297668457,12.35443079705024,11.887707646368726,12.317825111080026,1188400
2023-08-15,11.63146686553955,11.860252601783248,11.521649816872374,11.777889597095786,1345600
2023-08-16,11.329469680786133,11.722981423531202,11.320318041943615,11.631466780602663,1456200
2023-08-17,11.320319175720215,11.42098459482501,11.21965375661542,11.40268218805523,1163300
2023-08-18,11.283713340759277,11.375227991647598,11.036625179758241,11.192198689870958,1118300
2023-08-21,11.292863845825195,11.366075210081089,11.082380519028277,11.356923571362026,1931700
2023-08-22,10.835291862487793,11.311165707297295,10.743777225188758,11.265409261396039,2003100
2023-08-23,11.01832103729248,11.045775081308836,10.698020657024475,10.881049944462378,1112200
2023-08-24,11.173895835876465,11.23795556528394,10.972564135633654,11.02747309851746,1118800
2023-08-25,11.064077377319336,11.34777117672595,10.82614002296342,11.201348457967923,1130700
2023-08-28,11.283713340759277,11.356924712370578,11.064079225925381,11.064079225925381,613900
2023-08-29,11.50334644317627,11.549103764593298,11.109835573585778,11.228804260170728,964100
2023-08-30,11.466741561889648,11.585710256788143,11.347772866991152,11.457590795165437,613700
2023-08-31,11.466741561889648,11.658921627072083,11.384378552133121,11.475893201362235,813200
2023-09-01,11.777889251708984,11.869403892622124,11.549103522174432,11.549103522174432,720100
2023-09-05,11.521651268005371,11.75958867312624,11.448439893006402,11.668074018003312,880200
2023-09-06,11.430135726928711,11.604013383635271,11.283712988280048,11.521650374958307,1042400
2023-09-07,11.054926872253418,11.439286984761262,11.045775233206008,11.38437802322514,796500
2023-09-08,11.375228881835938,11.375228881835938,10.899354056373689,11.10983742078921,2788700
2023-09-11,11.521651268005371,11.585711002942363,11.302017143008463,11.402682565444938,981500
2023-09-12,11.604013442993164,11.787041867240237,11.503347155095998,11.56740775814375,930700
2023-09-13,11.485045433044434,11.6589222282474,11.183048296864047,11.631468181162388,1367400
2023-09-14,11.927841186523438,11.937065452868419,11.521943555560203,11.604968110973516,1409300
2023-09-15,11.761792182922363,11.900165856700458,11.531168806786631,11.807917034101182,2163600
2023-09-18,11.309770584106445,11.706442193079136,11.309770584106445,11.706442193079136,694800
2023-09-19,11.208294868469238,11.438918226913119,11.17139516630855,11.383569113551232,624700
2023-09-20,11.355895042419434,11.577293264849992,11.245195051445823,11.309770192806818,649000
2023-09-21,11.06992244720459,11.38357039063673,10.986897888089214,11.189846712620314,1429700
2023-09-22,10.986896514892578,11.152945612369695,10.9130971115157,11.125271056042937,1056800
2023-09-25,11.208294868469238,11.26364486158942,10.83929784686235,10.89464783998253,1341200
2023-09-26,11.060698509216309,11.42047134477338,11.014573651361532,11.143723077403209,1267600
2023-09-27,11.16217041015625,11.235969811235114,10.99612131784968,11.16217041015625,1887300
2023-09-28,11.17139720916748,11.41124575695104,11.060698082442403,11.088373523942515,954300
2023-09-29,11.420469284057617,11.60496780242722,11.263645323503871,11.291319881319728,1018700
2023-10-02,11.12527084350586,11.466593297542872,11.005346595369893,11.383568750390411,1440300
2023-10-03,10.765497207641602,11.097594488993257,10.608673271508216,11.069919935486833,1552100
2023-10-04,11.00534725189209,11.023796663605307,10.525650230731976,10.534875376467745,1679700
2023-10-05,11.12527084350586,11.180619955101987,10.89464749241937,10.99612145018445,1356800
2023-10-06,11.402020454406738,11.448145309853247,10.802399972877442,10.92232424513499,1571800
2023-10-09,11.355895042419434,11.475818419750569,11.125271674114686,11.180620789843159,2018700
2023-10-10,11.632643699645996,11.74334282341385,11.466595453873433,11.475819721035263,2311500
2023-10-11,11.614192962646484,11.927840884141808,11.549618701076858,11.68799237008558,2292600
2023-10-12,11.826364517211914,11.87248936086533,11.30976873161666,11.63264087767414,1723000
2023-10-13,11.466595649719238,12.020091278012032,11.35589652406068,11.900167005275648,1648700
2023-10-16,11.39279556274414,11.641868360891396,11.328220416754679,11.641868360891396,1333300
2023-10-17,11.660317420959473,11.946289895250235,11.22674525698507,11.30054466194774,1496900
2023-10-18,11.346670150756836,11.540393819663356,11.337445004675965,11.512718381420745,1311600
2023-10-19,11.402020454406738,11.7433429770974,11.254421620784662,11.355896478718671,1721000
2023-10-20,10.49797534942627,11.429693925796188,10.488750203975092,11.226745124661743,4573600
2023-10-23,10.396503448486328,10.70092627062089,10.29502858793583,10.442627425363682,2363700
2023-10-24,10.03672981262207,10.802399379819743,9.188035686130464,10.802399379819743,10274000
2023-10-25,9.898354530334473,10.175102747831856,9.26183442187299,9.935255113775233,4601100
2023-10-26,10.295026779174805,10.341151627706827,9.879904901903236,9.879904901903236,2427200
2023-10-27,9.981378555297852,10.35960071796503,9.713855497819242,10.239677347162795,3564100
2023-10-30,10.045951843261719,10.230450317935418,9.778428835045327,10.045951843261719,1692000
2023-10-31,10.341153144836426,10.488751977986169,9.972156061962064,10.092079454077401,1922800
2023-11-01,10.43340015411377,10.461074708224494,10.101301985752222,10.285800479420741,1519300
2023-11-02,11.12527084350586,11.171394809916544,10.61789929516393,10.654798996147438,2171800
2023-11-03,11.734118461608887,11.918616999733878,11.45737021454219,11.45737021454219,2371700
2023-11-06,11.374344825744629,11.854041869763043,11.309770562033828,11.8079170186446,1319600
2023-11-07,11.143720626831055,11.392794276618941,11.097595779119413,11.355894574401287,1369400
2023-11-08,10.894648551940918,11.199071334600012,10.682474590832802,11.199071334600012,1616600
2023-11-09,10.516423225402832,11.014569570190163,10.470299264396617,10.94999532097493,1351100
2023-11-10,10.43340015411377,10.700923189872675,10.331925322777424,10.60867350315931,1373500
2023-11-13,10.479525566101074,10.525650415832732,10.239677931061452,10.39650189229409,839200
2023-11-14,11.531169891357422,11.558844452764315,11.069923095703125,11.069923095703125,2709200
2023-11-15,11.651094436645508,11.743343270081596,11.521945014124825,11.521945014124825,1626000
2023-11-16,11.318997383117676,11.577295355940425,11.23597281477074,11.577295355940425,1027700
2023-11-17,11.632643699645996,11.641868846566258,11.374345744187673,11.50349516179605,1000800
2023-11-20,11.817142486572266,11.817142486572266,11.466594840189249,11.568068811606022,1221200
2023-11-21,11.47581672668457,11.771015192798687,11.448142172903255,11.771015192798687,1361000
2023-11-22,11.47581672668457,11.59574096608121,11.291318235212124,11.568066412299896,1436300
2023-11-24,11.420469284057617,11.521943249221316,11.300545027177792,11.411244138199553,782200
2023-11-27,11.033021926879883,11.420469254326571,10.97767193163393,11.337444701336805,2273100
2023-11-28,11.033021926879883,11.07914677629179,10.710148860754868,11.005347369136071,2196000
2023-11-29,10.91309642791748,11.863264346694821,10.802397329786373,11.180619468340547,9478900
2023-11-30,10.664027214050293,11.199073472357743,10.479527776213086,11.097598605595575,8579700
2023-12-01,11.466595649719238,11.512719625591469,10.664026328875853,10.664026328875853,5219700
2023-12-04,11.697218894958496,11.798692872210596,11.2175218102938,11.291321226433224,5293700
2023-12-05,11.47581672668457,11.918613985976643,11.448142172903255,11.540391858518579,5075200
2023-12-06,11.208294868469238,11.955514936921059,11.199070602747788,11.623417617474859,2927000
2023-12-07,11.521943092346191,11.56806794125017,11.189845763802522,11.328219430756137,3275300
2023-12-08,11.743342399597168,11.946291225726366,11.475819306873477,11.549619599813695,2573200
2023-12-11,11.586517333984375,11.743340400480305,11.549617633675052,11.651091589586125,2358500
2023-12-12,11.365118980407715,11.549618373531413,11.300544720669405,11.53116808231572,1937300
2023-12-13,12.10311508178711,12.112340228285342,11.235971545396303,11.355895810598145,3432800
2023-12-14,13.200016021728516,13.246495129309844,12.493536068735,12.512128066373627,4589500
2023-12-15,12.995509147644043,13.283678920234598,12.865368703551452,13.209312698891607,6993700
2023-12-18,12.800298690795898,13.051284470303404,12.800298690795898,12.939735136465035,2589400
2023-12-19,12.86536979675293,13.023398252163664,12.772411568917663,12.893256910497364,3309200
2023-12-20,12.456353187561035,13.02339671468617,12.456353187561035,12.874664276920644,2754800
2023-12-21,12.484241485595703,12.716636146837528,12.289029934691959,12.642269926161367,1810200
2023-12-22,12.549312591552734,12.716637043125013,12.419171252939257,12.540016591684198,2045000
2023-12-26,12.90255069732666,12.949029803271435,12.586493840720449,12.64226894515722,2088800
2023-12-27,12.856072425842285,12.939734644670175,12.725931098052762,12.921142646479414,1521200
2023-12-28,12.86536979675293,12.874665796839528,12.698045341255593,12.80029956917746,1291200
2023-12-29,12.484241485595703,12.76311436987367,12.484241485595703,12.76311436987367,1874300
