Date,Close,High,Low,Open,Volume
2008-01-02,14.04130744934082,14.43246244361793,13.995289279258792,14.351930920264309,4449800
2008-01-03,14.133339881896973,14.34042213859154,14.035551160364475,14.208120073329752,3729200
2008-01-04,13.678906440734863,14.104574537581268,13.397045177843017,14.104574537581268,9934600
2008-01-07,13.362537384033203,13.839976265988478,13.20722566291098,13.696169360614483,7895000
2008-01-08,12.977136611938477,13.575373946904463,12.95988048311123,13.374044032361688,6595100
2008-01-09,13.322267532348633,13.328019938455123,12.706774342024953,12.965627131020558,8090800
2008-01-10,13.627147674560547,13.90900918114551,12.919616605942757,13.230240162481302,9204200
2008-01-11,14.012545585632324,14.300159404075288,13.29926344755293,13.44882166764278,6799100
2008-01-14,13.701923370361328,14.219628070799917,13.489089739935121,14.15635377110659,4302300
2008-01-15,13.178462982177734,13.466076754983288,12.9828855288972,13.37404043545827,6153000
2008-01-16,13.83997917175293,14.098832094637274,13.103688363832745,13.235990481235921,9091300
2008-01-17,13.282007217407227,14.052812396289148,13.189970876390852,13.719180385814864,6795600
2008-01-18,13.000144004821777,13.678912749692975,12.741291145452395,13.212977602828087,8978300
2008-01-22,13.535102844238281,14.311659055609931,11.964731007996749,12.068272128755458,11044200
2008-01-23,14.472723960876465,14.846621620284886,12.701023286565718,13.195719292737738,10793000
2008-01-24,14.501486778259277,14.80060538344769,14.150598700210885,14.616532733226986,7595200
2008-01-25,14.087321281433105,14.94441012100744,14.00678978287801,14.708566934816622,6880800
2008-01-28,14.812108039855957,14.812108039855957,13.782450294138206,13.995284950664903,5623700
2008-01-29,15.226276397705078,15.341322373347836,14.938662555757919,15.013442769073633,7613000
2008-01-30,14.99043083190918,15.634686221635887,14.950165075768679,15.139990138402156,6400000
2008-01-31,15.588668823242188,15.830264469106442,14.380690593920905,14.748835922034202,7806500
2008-02-01,16.140892028808594,16.16390166782744,15.370086676236866,15.588673858276,6074100
2008-02-04,15.582915306091309,16.440004272818822,15.485126573127253,16.140885666439416,7210100
2008-02-05,14.812108039855957,15.439106099024551,14.806355633229897,15.358574600578471,5720200
2008-02-06,14.984678268432617,15.347072264246835,14.702816881221313,14.961669735374326,5111500
2008-02-07,15.1745023727417,15.58866691328443,14.829366718502076,14.955916385245972,6321700
2008-02-08,14.766096115112305,15.06521480293544,14.380693485806303,14.97893086145257,5090100
2008-02-11,14.374942779541016,14.766097864234915,14.242640647118069,14.766097864234915,3876000
2008-02-12,14.984678268432617,15.191760551755028,14.42670790156447,14.501487005453365,6053200
2008-02-13,14.955917358398438,15.306806539821151,14.662551155478397,15.209017805514472,3810500
2008-02-14,14.461220741271973,14.990430148920245,14.426707394318253,14.990430148920245,3580700
2008-02-15,14.737336158752441,14.760344699354972,14.098832973923473,14.58202439533568,4793900
2008-02-19,14.156354904174805,14.95016869542917,14.006795561471263,14.927160156560843,5647000
2008-02-20,14.277148246765137,14.351928445981095,13.747938833478036,13.978029644220356,6451700
2008-02-21,13.955021858215332,14.484231299811183,13.874490344437568,14.300158641370816,3573400
2008-02-22,14.219629287719727,14.2713998719101,13.719181770092561,14.018300457156982,4737200
2008-02-25,14.346175193786621,14.380688539075754,13.839974342801854,14.254138874909295,4025900
2008-02-26,14.426705360412598,14.628035200717859,14.110330680761013,14.265641268736513,4517900
2008-02-27,14.346175193786621,14.65104508863297,14.167853865947267,14.294404627273192,3991300
2008-02-28,13.83421802520752,14.271390964878846,13.638640628587211,14.271390964878846,4785600
2008-02-29,13.17271614074707,13.70767815974098,13.069174963243741,13.655907570989315,7943900
2008-03-03,13.184221267700195,13.374046398502216,12.856341596056703,13.20722980926046,5663100
2008-03-04,13.17271614074707,13.247496367681668,12.585983533001496,13.086432191880942,6037500
2008-03-05,12.862091064453125,13.368290931781502,12.649256343601603,13.201475477846815,7528500
2008-03-06,12.493942260742188,12.77580363466788,12.476686136051729,12.74129028812746,4587700
2008-03-07,12.65500545501709,13.046160344626761,12.212080000773229,12.269602972273374,6744400
2008-03-10,12.65500545501709,12.971380152528747,12.413409852444023,12.666510268749004,7036000
2008-03-11,13.874497413635254,13.932019325836178,12.89085713532537,13.115195664957385,9231500
2008-03-12,13.264750480651855,14.311664721147011,13.184218953586003,13.868740225125055,8287700
2008-03-13,13.126697540283203,13.333779888644237,12.511204001721126,12.936872420005553,8784300
2008-03-14,12.562975883483887,13.50059676277602,12.367398333689941,13.08643312053238,12333900
2008-03-17,12.148809432983398,12.43067087261278,11.648360854271797,12.166065561696369,12153600
2008-03-18,12.821825981140137,12.862091744662104,12.022258730730544,12.424918560269749,9582700
2008-03-19,12.55146598815918,13.293510114758151,11.849688714955152,12.821823660870233,7943200
2008-03-20,13.431570053100586,13.443074873021702,12.419168940402553,12.637755033103712,9763600
2008-03-24,13.621394157409668,14.15060376478065,13.43156903178529,13.517852980312748,5513500
2008-03-25,13.37403678894043,13.747934372210155,13.258990872322434,13.747934372210155,4940900
2008-03-26,12.8735933303833,13.224482520885067,12.84483238896757,13.207225297739877,6846000
2008-03-27,12.515667915344238,13.14350480694479,12.415918055612007,13.14350480694479,7920800
2008-03-28,12.216421127319336,12.703434996304011,12.163612300150621,12.568479602056424,6395600
2008-03-31,12.275093078613281,12.58607815206339,12.081461158696735,12.2164165018465,6014400
2008-04-01,13.196320533752441,13.202188307299734,12.568483313315882,12.568483313315882,5799000
2008-04-02,13.278459548950195,13.871090909135521,13.196313004484239,13.395812714612477,8016200
2008-04-03,13.231521606445312,13.389948081457284,12.908802004010253,13.389948081457284,6037500
2008-04-04,13.325406074523926,13.530773639356248,13.196318434508589,13.266730586711715,7954500
2008-04-07,13.565971374511719,13.759603267075951,13.213913082805174,13.319530682233383,7258100
2008-04-08,12.973341941833496,13.565973238482103,12.908797595722845,13.208047128832296,6805900
2008-04-09,12.697566032409668,13.196315398199767,12.662360523990055,13.084829982514231,4842700
2008-04-10,12.533270835876465,12.861858138032284,12.368976625217181,12.603681841042766,8793000
2008-04-11,12.239889144897461,12.562608679625502,12.210550293182248,12.286830188479046,11606800
2008-04-14,11.160245895385742,12.245758969352677,11.1250392674219,12.169479061260636,16205400
2008-04-15,11.301064491271973,11.582710686398144,11.107432592227418,11.236520151869623,12447500
2008-04-16,11.793952941894531,12.022790472321729,11.389085594923735,11.406688912327045,8979500
2008-04-17,12.052127838134766,12.122538860678661,11.394951952467938,11.60031948668651,9037100
2008-04-18,12.29269790649414,13.29606312846536,12.192948049412552,12.844254886439169,8328500
2008-04-21,11.371479988098145,12.26336107869959,11.371479988098146,12.104934611455333,10233000
2008-04-22,12.280961036682129,12.374843113284742,11.424285688730006,11.43602122809599,13293200
2008-04-23,11.676595687866211,12.521535604892401,11.494699280999294,12.503932293584207,10017300
2008-04-24,12.468729019165039,12.586082210540019,11.700068861231557,11.700068861231557,10458900
2008-04-25,12.779716491699219,12.832525325400871,12.275099244844853,12.533275640812573,7019500
2008-04-28,12.914673805236816,13.043761462656331,12.556747461676482,12.850129416945387,6390300
2008-04-29,12.74450397491455,13.014415791400038,12.674092975248884,12.94400367257171,4526300
2008-04-30,12.574345588684082,12.967477291147475,12.486331262286015,12.674095457045327,6877900
2008-05-01,13.26672649383545,13.413417406437212,12.48633088356059,12.72103611989084,7494200
2008-05-02,13.290192604064941,13.935632656183856,13.161105041306167,13.64225091605367,5890000
2008-05-05,13.020289421081543,13.477964482375402,13.014421648608138,13.296068012352539,5192900
2008-05-06,13.178709030151367,13.243253379931172,12.574343279168376,12.83251955912492,5803800
2008-05-07,12.820783615112305,13.25498850184469,12.668224959909688,13.17870861466206,7004700
2008-05-08,12.263360977172852,12.873595755952191,12.210552155195296,12.873595755952191,8381600
2008-05-09,12.187081336975098,12.59781522242795,12.040390423778467,12.18121356614769,5767500
2008-05-12,12.474597930908203,12.515671215894914,12.251627070747373,12.257494842768772,3747000
2008-05-13,12.163612365722656,12.597817409879344,12.1225390819618,12.556744126118488,5805800
2008-05-14,12.29269790649414,12.427653266321366,12.146007006030787,12.146007006030787,3941600
2008-05-15,12.386578559875488,12.427651828186164,11.993446947360612,12.23988767638729,5362800
2008-05-16,12.016919136047363,12.392448628473291,11.94064035491436,12.24575771777204,4451900
2008-05-19,12.011052131652832,12.269228464324875,11.928905574551095,12.005184360550864,3988900
2008-05-20,11.729403495788574,11.987579776999986,11.629653645263438,11.987579776999986,4601100
2008-05-21,11.570975303649902,11.876092578709613,11.570975303649904,11.694196215146619,8794900
2008-05-22,11.6648588180542,11.840888553593325,11.447756932467389,11.52403570112049,4815700
2008-05-23,11.301064491271973,11.623783949958733,11.295196722311532,11.529901884916676,4334400
2008-05-27,11.471232414245605,11.559247883964218,11.259998196745222,11.324541456932167,7074800
2008-05-28,11.060498237609863,11.500571102879514,10.843395131645039,11.494703330376337,10477700
2008-05-29,11.277594566345215,11.394947719205302,10.84925746098233,10.972478383401683,6580300
2008-05-30,10.972482681274414,11.23065792803253,10.907938310003361,11.18958464419206,9831800
2008-06-02,10.555875778198242,11.007683965231028,10.508934740530071,10.89033081147929,14542700
2008-06-03,10.180347442626953,10.585214590630418,10.127538635532474,10.567611281878055,14827200
2008-06-04,10.221424102783203,10.573482560531414,10.168615278162822,10.192086364288762,14321600
2008-06-05,10.303572654724121,10.550013510800314,10.209690530424924,10.426793642343819,13708400
2008-06-06,9.822422981262207,10.268363472062754,9.669864303949167,10.209686885532692,13290600
2008-06-09,9.845891952514648,9.939774023168686,9.669862230666405,9.898700757152865,17110800
2008-06-10,9.640527725219727,10.051261641811287,9.49970457217437,9.705072090051617,21625700
2008-06-11,9.000953674316406,9.757878133053902,8.99508590404244,9.658128276721996,22282500
2008-06-12,8.619555473327637,9.38821589603093,8.49633511730898,9.024422597209485,20734500
2008-06-13,7.727678298950195,8.326177007152886,7.093973521050172,8.27336874197913,31227500
2008-06-16,7.956514835357666,8.073867445995104,7.586853692163699,7.645529717691724,15626600
2008-06-17,7.469500541687012,8.208822830029002,7.434295038193425,8.091470219081396,18729400
2008-06-18,5.4334306716918945,6.571751725966518,5.415827362084719,6.27250217762055,104273700
2008-06-19,5.720946788787842,5.785490602391478,5.257403430335986,5.421697130151677,90670400
2008-06-20,5.932179927825928,6.313576612143395,5.615327599090625,5.77375404324897,53331600
2008-06-23,5.896976470947266,6.114079016020506,5.756153289210285,5.979123047169713,27241100
2008-06-24,5.961517333984375,6.155149252776999,5.750282666096415,5.92044406623482,23618400
2008-06-25,6.043665409088135,6.565884673721377,6.020194886628005,6.1140769764685245,28310100
2008-06-26,6.1389360427856445,6.281840328451268,5.894807178292928,5.978168295523452,25427600
2008-06-27,6.091298580169678,6.353290246671078,6.013892545092989,6.103207550397448,21031200
2008-06-30,6.061529636383057,6.192524952483801,5.799537868479218,6.127027294433429,24384500
2008-07-01,6.317566394805908,6.49024255623676,5.882899031423522,5.882899031423522,20354900
2008-07-02,6.341385364532471,6.829642669466849,6.335431443431237,6.698646751767253,26023800
2008-07-03,6.287795066833496,6.496197016458267,6.192524971399433,6.341383750210488,10525900
2008-07-07,6.1389360427856445,6.543831518838243,5.918624559237199,6.371155365029494,18014300
2008-07-08,6.913000106811523,6.913000106811523,6.192523738137286,6.240158492442106,24368400
2008-07-09,6.609330177307129,7.180947925440995,6.567649332023124,6.930865125141729,21383700
2008-07-10,7.049952030181885,7.163084455029378,6.5319235352147915,6.770097360078562,22909100
2008-07-11,7.431028366088867,7.6037050574767315,6.722460981327764,6.734369953637708,25020400
2008-07-14,6.645054340362549,7.788289556752993,6.609328559266564,7.740654803390979,36890800
2008-07-15,6.216342926025391,6.710554639634378,5.418460275081811,6.371156206536581,40290700
2008-07-16,7.228581428527832,7.234535347227972,6.323519915379885,6.54383080711564,30548900
2008-07-17,8.19318675994873,8.29441076802384,6.966590256842138,7.389349182376079,28280300
2008-07-18,8.056236267089844,8.258684279961544,7.7287468679062785,8.240821387017315,18041300
2008-07-21,7.972875595092773,8.484949538237176,7.925240836095671,8.306318908072484,17779200
2008-07-22,8.901755332946777,8.901755332946777,7.478665695222675,7.913333079908773,28831900
2008-07-23,8.723118782043457,9.014882238490632,8.425401409716365,8.467082227980718,31783200
2008-07-24,8.091961860656738,8.836255621675923,8.008600754996204,8.836255621675923,19204600
2008-07-25,8.169365882873535,8.47303720926432,7.907374244286282,8.1753197995021,14663700
2008-07-28,7.70493221282959,8.330139365489375,7.621571637709171,7.889517398034413,13180200
2008-07-29,8.443267822265625,8.473039115659537,7.5382064203853565,7.877604162164946,17325400
2008-07-30,8.47899341583252,8.758847996845892,7.94310219656105,8.598080290353845,15146700
2008-07-31,8.31822395324707,8.705256329275072,8.169365259720784,8.276543132921132,11878600
2008-08-01,8.330132484436035,8.46708277991617,8.103867198576014,8.443265411291478,10378100
2008-08-04,8.31822395324707,8.478991046973016,7.960962861643645,8.478991046973016,8778500
2008-08-05,8.919614791870117,8.937478248248407,8.252727752390658,8.419449938148764,13912800
2008-08-06,8.961296081542969,9.229241694589891,8.609989371344353,8.711213357938904,14115900
2008-08-07,8.931525230407715,9.1280187400486,8.615944831264946,8.854118610268719,18827600
2008-08-08,9.336419105529785,9.437643080616597,8.88984294527066,9.104199297768696,10866100
2008-08-11,9.586503982543945,9.806814302420255,9.169699017158578,9.36619252696547,13493300
2008-08-12,8.812438011169434,9.580549129529919,8.699305044487446,9.395964031820334,12208100
2008-08-13,8.383726119995117,8.925571967387164,8.288456595335129,8.89580009896813,20109200
2008-08-14,8.782662391662598,8.943430043603797,8.264634237381207,8.276542636867138,8941800
2008-08-15,8.97320556640625,9.26496915766638,8.824346811460687,8.860073162502099,9020100
2008-08-18,8.532587051391602,9.002980874210527,8.484952277018898,8.98511797578359,7554100
2008-08-19,8.169365882873535,8.425402469130436,8.133639543847675,8.282498248728785,14353700
2008-08-20,8.31822395324707,8.336086837471987,7.895465240918385,8.10982155516993,12179800
2008-08-21,8.40754222869873,8.502811738939906,8.044327078941482,8.234866099423831,7710800
2008-08-22,8.71121597290039,8.80648550232864,8.419452897063586,8.556402703653896,9673500
2008-08-25,8.437315940856934,8.693353231604913,8.431361453199726,8.681444256290497,8793000
2008-08-26,8.496857643127441,8.681442173405078,8.264637790872188,8.437313916543717,13661400
2008-08-27,8.991070747375488,9.056568407666003,8.461133273875603,8.568311779670257,13295700
2008-08-28,9.139925956726074,9.229240964728218,8.931523514253113,9.05061038087296,9964500
2008-08-29,9.395963668823242,9.574594273416674,8.997022193443295,9.175652798036724,8952500
2008-09-02,9.68177604675293,10.009264937536997,9.532917253541543,9.836589327977068,15864100
2008-09-03,9.771084785461426,9.878263229071154,9.378097916026913,9.824674007266289,10572200
2008-09-04,9.044658660888672,9.729409347047328,9.044658660888672,9.669865611607047,9499800
2008-09-05,9.622227668762207,9.67581689936871,8.818390913217534,8.973203552040706,12230100
2008-09-08,10.062849044799805,10.664238397927793,9.431688402544461,10.324840704787674,20964200
2008-09-09,9.485280990600586,10.122396343446312,9.479326503526048,9.741318256294239,16412500
2008-09-10,8.842209815979004,9.443598723451055,8.735031336220137,9.443598723451055,25540700
2008-09-11,8.949389457702637,9.050613470851234,8.413498091028675,8.59808265534588,20281600
2008-09-12,9.116111755371094,9.199472307084969,8.735033081739537,8.830302608184635,11021900
2008-09-15,8.40158748626709,9.163744680668229,8.40158748626709,8.514720452118517,16346300
2008-09-16,9.199472427368164,9.229244296734317,7.841880522072671,8.199141818764147,20962800
2008-09-17,8.514720916748047,9.229242828619325,8.097916515477392,8.985114560782987,22557000
2008-09-18,9.503144264221191,9.628185658534015,7.681112599641625,8.776713279744248,31693300
2008-09-19,11.241812705993652,12.504135451258197,9.42573634473464,10.938141844452437,38788700
2008-09-22,10.12239933013916,11.015552212210261,9.973540516460643,10.717834584853229,9394700
2008-09-23,9.771084785461426,10.42010879558546,9.64604402505123,10.193844075732935,7883000
2008-09-24,9.842537879943848,10.253387083717875,9.693679176509317,10.074757093877148,6483700
2008-09-25,9.919947624206543,10.19980168270546,9.372147344813408,10.170030385140414,10429800
2008-09-26,9.709650039672852,9.907928740326282,9.04271264411223,9.04271264411223,11102200
2008-09-29,5.473696231842041,9.463306136166901,4.782724901897461,9.253010215047967,30199100
2008-09-30,7.150051593780518,7.841023332244781,6.308869255574627,6.429038079174019,19972800
2008-10-01,8.303674697875977,8.531995783632206,7.005850061375503,7.071943354074291,13228100
2008-10-02,8.021275520324707,8.321697815872298,7.564633493569955,8.231570783401988,10316300
2008-10-03,7.9431681632995605,8.77834204195658,7.702829907152823,8.598089066109322,13319900
2008-10-06,7.306271076202393,7.943166676843053,6.42302925319463,7.3603471880410485,12367800
2008-10-07,6.669379234313965,7.378375892056943,6.501142234230192,7.306274566168356,13992900
2008-10-08,7.216144561767578,7.937158044925268,6.008446647997625,6.459080146597447,13491400
2008-10-09,5.846220970153809,7.52257889682185,5.846220970153809,7.52257889682185,17643600
2008-10-10,6.248784065246582,6.879671055730637,5.708024115123166,5.774116819646218,23253700
2008-10-13,6.531181335449219,6.795553304711387,6.05651408060272,6.735468609967226,16165900
2008-10-14,7.937158584594727,8.86245940837973,7.330305294362895,7.510558820660787,30319100
2008-10-15,7.606693744659424,8.171488078669958,7.3603475114674435,7.588668564257857,13504500
2008-10-16,7.726865291595459,7.853042744885596,6.969801144864995,7.798966611616915,10169500
2008-10-17,7.354341983795166,8.075355802655602,7.234173109486824,7.480519445071521,12001000
2008-10-20,7.348331451416016,7.510559818541426,7.138036120303,7.372365792925179,7997000
2008-10-21,7.360348224639893,7.660770601155806,6.543199566800282,6.5792499310964745,12580600
2008-10-22,7.095977783203125,7.462492927804936,6.843622905605061,7.120011553783403,10596000
2008-10-23,6.801560401916504,7.19811772951799,6.290842857251877,7.19811772951799,13908500
2008-10-24,4.848816871643066,6.549207441126652,4.686589089701094,5.930337518960273,26720400
2008-10-27,5.0891547203063965,5.876260948821095,5.005036256834914,5.227348724927239,14471700
2008-10-28,6.465087890625,6.489121651173382,4.878857975401714,5.449660218183297,17393500
2008-10-29,6.47109842300415,6.903706243169441,5.996430506443788,6.314878645883795,13021100
2008-10-30,6.104581356048584,6.903704669014977,5.954370198378057,6.807569619787455,9120900
2008-10-31,6.519166946411133,6.561225903158847,6.032482358716304,6.128617444431256,9755300
2008-11-03,6.909713268280029,7.083958188646687,6.561223427546714,6.729459764070705,10339500
2008-11-04,7.4204325675964355,7.66077022789495,6.921731492719383,7.04190032286864,11183100
2008-11-05,6.651350975036621,7.780939135739287,6.621309196956966,7.366356524332069,9405500
2008-11-06,6.074540138244629,7.023874785218324,6.062523541364179,6.897697366417507,11401900
2008-11-07,6.423028945922852,6.435046113761054,6.026471575423812,6.212733665845231,7752200
2008-11-10,6.050506114959717,6.603283300269958,5.984413402393773,6.591266703898957,5669800
2008-11-11,6.008449077606201,6.122609357956162,5.732060397115902,5.900296810845976,8828000
2008-11-12,5.461678504943848,6.0084470992983725,5.407602389368535,5.82218498709565,7546500
2008-11-13,6.278829097747803,6.28483768427732,5.401595519800516,5.66596759699578,15099100
2008-11-14,5.732059001922607,6.242777278413546,5.720042404657641,6.0084476151394295,8018400
2008-11-17,5.49172306060791,5.8582382745799375,5.467689285478768,5.5277734367964255,7293800
2008-11-18,5.59987211227417,5.68399057192576,5.287433183444215,5.473694709301849,11229800
2008-11-19,5.053104400634766,5.647940582659665,5.053104400634766,5.407602904975935,10159500
2008-11-20,4.63251256942749,5.4076021943662465,4.542385808887038,5.047095152204438,14443700
2008-11-21,4.5003275871276855,5.137223351686007,3.7973393848226187,4.854826124409275,18004700
2008-11-24,5.215332508087158,5.275416638068183,4.404191882756668,4.542386183927298,15597400
2008-11-25,5.485713005065918,5.527771957030277,5.209324378563891,5.449662065517721,12744100
2008-11-26,5.575839519500732,5.623907057107702,5.1552482789346215,5.239366756251943,7525600
2008-11-28,5.744077205657959,5.756093805084922,5.46167995649533,5.539789858306709,3473200
2008-12-01,4.866843223571777,5.539789346624346,4.8067585129557235,5.431637096719557,7240900
2008-12-02,5.137223243713379,5.197307380949459,4.764699243507605,4.968986857237987,11401100
2008-12-03,4.746673583984375,5.197306860139084,4.66856369769545,4.8067580017046625,15207400
2008-12-04,4.572429180145264,4.993020727862627,4.53637852517037,4.650538789338297,9485900
2008-12-05,4.962976932525635,4.98701069553745,4.4342335732556055,4.554402388314679,8072700
2008-12-08,5.005037307739258,5.3715524418737886,4.908902228163661,5.245375006678249,9422400
2008-12-09,4.656546592712402,5.0711291985197375,4.6385211250009535,4.938943772326199,8981300
2008-12-10,4.644528865814209,4.836799244944805,4.506334593487071,4.722638734195861,7983100
2008-12-11,4.542387008666992,4.692598220407985,4.416209567884146,4.530370123187918,14105700
2008-12-12,4.698604583740234,4.710621463534761,4.3320893202496435,4.350114496688928,10126000
2008-12-15,4.392176628112793,4.686590807823512,4.314066714464521,4.65654844518796,8823700
2008-12-16,4.8007493019104,4.83680023818582,4.4462511025830045,4.464276284215618,8218800
2008-12-17,4.512345314025879,4.6625565382769905,4.422218522174178,4.524362200505761,14837600
2008-12-18,4.572429180145264,4.638521904346666,4.506336169438724,4.53637852517037,12821500
2008-12-19,4.596463203430176,4.728648945622603,4.518353303427529,4.542387074735243,13655800
2008-12-22,4.596463203430176,4.662556217778966,4.572429432122462,4.578437731696814,11049000
2008-12-23,4.572429180145264,4.692598030061574,4.518353054430355,4.53637852517037,6834600
2008-12-24,4.698604583740234,4.698604583740234,4.482300460933737,4.506334220522791,1955500
2008-12-26,4.668565273284912,4.752683486482288,4.59045536063475,4.63852291103325,3194600
2008-12-29,4.650516033172607,4.704661848381562,4.572305474953977,4.578321804143579,4917400
2008-12-30,4.794902324676514,4.812951017215736,4.614416833655465,4.674578663995814,4612200
2008-12-31,4.96937370300293,4.987422114624382,4.662547836694939,4.698644946812173,5585600
2009-01-02,5.167909145355225,5.204005976932888,4.861083208201118,4.957342190739945,5394300
2009-01-05,5.053599834442139,5.17392410448728,4.945308794649609,5.047584079938794,10170400
2009-01-06,5.083683967590332,5.185959314555082,5.005473374396759,5.137829807012728,9275200
2009-01-07,4.770838260650635,5.131809580117548,4.752789852458141,4.975389086201681,7707600
2009-01-08,4.849048614501953,4.927258567055738,4.650514135379028,4.927258567055738,7990900
2009-01-09,4.506128311157227,4.867100111993777,4.49409593692097,4.867100111993777,12730000
2009-01-12,4.133122444152832,4.500110112968409,4.091009297925569,4.451980639066226,14824100
2009-01-13,4.084993362426758,4.1210904713188645,3.8984914897137117,4.060928623165354,19142400
2009-01-14,3.772151231765747,4.030847306257107,3.6578435839092935,3.9827178307121383,13787400
2009-01-15,3.2367103099823,3.8623940511174433,2.9238684394147283,3.7541024468108595,24758100
2009-01-16,3.2667908668518066,3.45329271101607,3.062240614441411,3.387114831614551,16422200
2009-01-20,2.538832187652588,3.266791238989147,2.538832187652588,3.1765486137299233,16969000
2009-01-21,2.400461196899414,2.7975300169996915,2.3102182376011413,2.605011722955007,26181000
2009-01-22,1.7146142721176147,2.334282033211529,1.6243714987329394,2.334282033211529,34289300
2009-01-23,1.7507113218307495,1.7687598744141,1.504047482984001,1.6123389419212497,37230400
2009-01-26,1.61835515499115,1.8529864861982546,1.5822580491803875,1.8229055646892858,24308500
2009-01-27,1.570225477218628,1.7025816702444234,1.522096004640936,1.7025816702444234,14727000
2009-01-28,2.1417644023895264,2.2500559028403138,1.7507119929660615,1.8349386039766291,35370500
2009-01-29,1.834937572479248,2.2620870042253634,1.804856656885251,2.063552817867864,18320700
2009-01-30,1.4378695487976074,1.8890838225482118,1.4198208516228872,1.8469703870567373,24969100
2009-02-02,1.2573837041854858,1.4017722751849273,1.2092542283313896,1.371691352776117,27848900
2009-02-03,1.0768979787826538,1.2934808974447378,1.046817057701016,1.2814485290120827,24664800
2009-02-04,0.9264930486679077,1.2032377553478528,0.884379767393126,1.1310434871582393,29534300
2009-02-05,0.9866552948951721,1.0708819585390619,0.7640562296511124,0.9505581840700412,56721700
2009-02-06,1.5822583436965942,1.624371641647977,1.0829143799529264,1.1069791933580184,70084600
2009-02-09,1.7386794090270996,1.9011165682777234,1.6303879217142894,1.8951003825068553,52661500
2009-02-10,1.317545771598816,1.738679140935439,1.215270485826978,1.7025818884389803,48304200
2009-02-11,1.3536429405212402,1.4679506010346208,1.2634000204449574,1.4318534903789746,29428300
2009-02-12,1.3235617876052856,1.3476265239083947,1.1430760501762531,1.2453512511830382,26296300
2009-02-13,1.203237771987915,1.3055130285067662,1.1912054057430055,1.281448296016947,20466800
2009-02-17,1.0047037601470947,1.0768980470373313,0.9926713909518183,1.0408009394515019,19690800
2009-02-18,0.8843796849250793,1.1310433816889032,0.7941368760328076,1.1009624692976634,36377700
2009-02-19,0.7279589772224426,0.9565741831334934,0.6617808818641688,0.9204770076114485,38030600
2009-02-20,0.6196674704551697,0.8121855564323477,0.6076351035288269,0.6316998373815126,55739000
2009-02-23,0.7460075616836548,0.8903961266365281,0.6918618318966839,0.7640561143731206,56628500
2009-02-24,0.8723475933074951,0.9024285151242054,0.7038942159781933,0.836250415408868,61347300
2009-02-25,1.1671411991119385,1.3536431033741145,0.7700725038181452,0.8422668055335083,77874900
2009-02-26,1.3777074813842773,1.6544522431961166,1.2694160216672212,1.5220960465279696,94681100
2009-02-27,1.269416093826294,1.371691375119344,1.0708818592571065,1.0889304129963824,44883900
2009-03-02,1.0648655891418457,1.2453512554742165,1.058849405045338,1.209254150895171,25282000
2009-03-03,1.0047037601470947,1.191205697829613,0.9806390217565418,1.191205697829613,27162000
2009-03-04,1.0347847938537598,1.1851895579004605,1.0227524242049966,1.1851895579004605,28464100
2009-03-05,0.8242180347442627,1.0047037064675308,0.8001532976394465,0.9746227850865108,34658900
2009-03-06,0.7760884761810303,0.9084446715398552,0.7399913711114812,0.8964123031833389,26779200
2009-03-09,0.836250364780426,0.8903960924909775,0.7339751650770027,0.7460075330752206,27375800
2009-03-10,0.9926714897155762,0.9986876749117821,0.9144610104463147,0.9746229341269584,33064800
2009-03-11,0.9264930486679077,1.0468168528901167,0.818201682242767,1.028768303772353,41052400
2009-03-12,1.0107200145721436,1.0287686413305577,0.8302343207366624,0.8723476875481854,43017200
2009-03-13,1.052833080291748,1.1490920846943675,0.9746226257673892,1.0648654468772552,32347000
2009-03-16,1.10096275806427,1.263399799300404,1.0648655820084627,1.1551084145701245,39548800
2009-03-17,1.1731575727462769,1.1731575727462769,1.0287689462015472,1.0768984405707214,29958000
2009-03-18,1.3355944156646729,1.4318535230463578,1.1129953463872273,1.2333191230364555,65576800
2009-03-19,1.2754318714141846,1.5521765606478195,1.245350958114248,1.5461603779878321,55265100
2009-03-20,1.281448483467102,1.3295779554871145,1.12502748424635,1.3235617714846128,44059000
2009-03-23,1.4318535327911377,1.666484902439895,1.3596591659042472,1.4438859033660907,53193900
2009-03-24,1.281448483467102,1.5040474349968007,1.281448483467102,1.4017721635171332,37179600
2009-03-25,1.3716914653778076,1.498031493303173,1.245351437452442,1.3716914653778076,40029700
2009-03-26,1.4438860416412354,1.4559184133684802,1.3416107385224687,1.4318536699139905,34173200
2009-03-27,1.4197196960449219,1.4378439047593277,1.3593061471211108,1.3774302117982542,31699700
2009-03-30,1.4982578754425049,1.6372092211193154,1.4197200956959148,1.4559683792913503,53653700
2009-03-31,1.7640787363052368,1.806368253616871,1.5345067828244732,1.5949205230213255,52362200
2009-04-01,1.8546977043151855,1.915111398054991,1.6734569111702977,1.7640773797613738,57298000
2009-04-02,1.9151126146316528,2.078229446485863,1.8728229589380758,2.0480226524457046,50920100
2009-04-03,1.981567144393921,1.981567144393921,1.75199541397693,1.8486571345578418,40104700
2009-04-06,1.8546977043151855,1.95740088284677,1.8486563493449315,1.8909459781739746,24916100
2009-04-07,1.7217882871627808,1.8486569250871074,1.7097055734592554,1.7640779291624291,21307900
2009-04-08,1.5949201583862305,1.8063678406400172,1.5103409990623107,1.782202407700995,35142100
2009-04-09,2.1628077030181885,2.1628077030181885,1.758036518308867,1.8546982249679027,60277800
2009-04-13,2.6219513416290283,2.748819973519117,2.060104604988908,2.156766310019602,64968900
2009-04-14,2.1748907566070557,2.930061178211912,2.0842703924368693,2.8998545341925106,93259900
2009-04-15,2.4407105445861816,2.4407105445861816,2.023856477426587,2.193014762332146,37311700
2009-04-16,2.609868288040161,2.7669435382244103,2.4467515380423115,2.5554959420160226,64958200
2009-04-17,2.917977809906006,2.9361020227209242,2.489041083390362,2.6823647717596035,71050200
2009-04-20,2.205097198486328,2.7488198387818676,2.144683491766104,2.74277833847628,61793400
2009-04-21,2.3923797607421875,2.4225866908419436,1.7580366772817149,1.8788638215314677,70218800
2009-04-22,2.2292630672454834,2.4950830840306124,2.1507252760891538,2.1567666335598465,59548800
2009-04-23,2.307800054550171,2.549454428324724,2.144683305440231,2.549454428324724,77417700
2009-04-24,2.2413458824157715,2.4407108319011934,2.199056378229813,2.356131823529276,54098500
2009-04-27,2.1869735717773438,2.386338670137658,2.114477277128018,2.1326013507903494,36203700
2009-04-28,2.235304355621338,2.33800742944849,2.0963529940531656,2.1386424950408163,34862900
2009-04-29,2.4950828552246094,2.519248282891344,2.295717788899429,2.350090145186892,38487000
2009-04-30,2.476958990097046,2.6823654423351018,2.4346696297477957,2.609869149100963,33070800
2009-05-01,2.3259241580963135,2.4890409097530792,2.2715519555564865,2.446751562926054,28631200
2009-05-04,2.917977809906006,2.978391372498084,2.3682139582062045,2.3863380269838284,64650000
2009-05-05,2.7609035968780518,2.9663097877877367,2.688407006129346,2.8092344653273895,51041300
2009-05-06,3.189840316772461,3.3227501979370837,2.887772116959999,2.960268415777066,79441100
2009-05-07,3.2321295738220215,4.047713628812674,3.069012762823891,3.926886468100975,108561500
2009-05-08,5.129117488861084,5.255986145793836,4.2289544628926325,4.30145075597573,198530200
2009-05-11,5.044537544250488,5.52784604752667,4.83913114228352,5.237860945560961,102834200
2009-05-12,4.972041130065918,5.2439029072645145,4.718304143521333,5.213695979114756,73137300
2009-05-13,4.2410359382629395,4.688096857697273,4.2108290142739495,4.682055357669644,58392700
2009-05-14,4.543105602264404,4.6156018993039405,3.9993827983185315,4.2047892613385605,50288300
2009-05-15,4.289367198944092,4.712262735111574,4.228953633227196,4.561228676782031,34111100
2009-05-18,4.8270487785339355,4.833090279659332,4.410194995418991,4.440401636822085,36767200
2009-05-19,4.718304634094238,4.984124649996334,4.657891059588,4.893504432274299,31807400
2009-05-20,4.657890796661377,5.056620653969865,4.657890796661377,4.893504156047874,40138700
2009-05-21,4.198747158050537,4.349781232628969,4.059795797915395,4.319574590558064,56486500
2009-05-22,4.162498950958252,4.410195025363349,4.083961452317252,4.37394659451411,26838300
2009-05-26,4.2349958419799805,4.259161272307499,4.059796039993497,4.059796039993497,35031300
2009-05-27,4.065835952758789,4.259159607906256,4.0537532423167315,4.228952687763841,25293600
2009-05-28,4.071877479553223,4.11416711341556,3.812099040876315,4.102084402036972,28177700
2009-05-29,4.168539524078369,4.168539524078369,3.938967716207703,4.120208677805506,17665700
2009-06-01,4.2289533615112305,4.271242998833194,4.07791931288583,4.2591602864661455,32534200
2009-06-02,4.059796333312988,4.192706497791723,3.9691761070748286,4.192706497791723,34179000
2009-06-03,3.9389688968658447,4.120209912788444,3.8966792496639973,3.99938247281516,21710900
2009-06-04,4.2289533615112305,4.3920701225036805,4.059795100297964,4.138332874721073,107979600
2009-06-05,4.307491779327393,4.476649777732536,4.192705850658016,4.386029565481381,50588800
2009-06-08,4.379988670349121,4.470609183212658,4.186664928778555,4.234996080227199,31219700
2009-06-09,4.331655979156494,4.44040037586132,4.319573268411514,4.410193743036142,25285200
2009-06-10,4.434360027313232,4.512897518399261,4.265201755896072,4.404153100536188,33039000
2009-06-11,4.69413948059082,4.827049352327678,4.518939960173086,4.531022675785528,46268600
2009-06-12,4.8512139320373535,4.8512139320373535,4.676014442371723,4.682055943154833,22625500
2009-06-15,4.573310852050781,4.760593027783896,4.537062716883846,4.754551527885455,21087200
2009-06-16,4.337698459625244,4.65789082016165,4.271243675121634,4.645808105881482,34474700
2009-06-17,4.1141676902771,4.313532600014708,3.8423065021030163,4.289367173869215,38683200
2009-06-18,4.3739471435546875,4.440402224353904,4.017506884158167,4.150416757681932,31588400
2009-06-19,4.434360027313232,4.506856305888615,4.228953616608381,4.4404012398238795,68091700
2009-06-22,4.0779194831848145,4.41019451926675,4.047712556968421,4.331656741563806,25976400
2009-06-23,4.065835952758789,4.259159607906256,3.812098745401032,4.108125583343262,40916700
2009-06-24,4.096043109893799,4.21082872169745,4.0054226322978925,4.144373954458401,24055400
2009-06-25,4.204789161682129,4.204789161682129,4.011465419417264,4.029589637284929,17299700
2009-06-26,4.204788684844971,4.241089273681522,4.089837877989414,4.186638678915838,19651000
2009-06-29,4.277389049530029,4.337889542690397,4.114037573752484,4.295539053233586,19976200
2009-06-30,4.295539379119873,4.319739578219997,4.114037885868941,4.25318917493922,24752000
2009-07-01,4.331838130950928,4.380238511868297,4.241087560975374,4.343938226180271,19169300
2009-07-02,4.16243839263916,4.241089186010599,4.156388198461756,4.216888697790117,13166900
2009-07-06,4.126138210296631,4.192688617204455,3.999087013852028,4.0837877153187145,16814900
2009-07-07,4.120088577270508,4.235039689166589,4.053537872806633,4.107988475412457,14532000
2009-07-08,3.980938196182251,4.235040683340991,3.829686743205787,4.216890382048544,41339500
2009-07-09,4.089836597442627,4.289488331086065,4.023285923398463,4.0716863087072905,24807500
2009-07-10,3.956738233566284,4.08378948506982,3.90833781175337,4.047489168710134,20808900
2009-07-13,4.331838130950928,4.349988418039454,4.023285558358185,4.023285558358185,24443500
2009-07-14,4.27133846282959,4.356039145458137,4.150337487645951,4.343939047939774,19778500
2009-07-15,4.513341903686523,4.519391809812386,4.283439701120599,4.301589996476501,25568500
2009-07-16,4.45889139175415,4.507291795647353,4.356040389236513,4.434691189807549,16705800
2009-07-17,4.2410888671875,4.531491242132687,4.235038673464918,4.464940842118972,22442100
2009-07-20,4.325790882110596,4.41049160069275,4.235039967956544,4.289490574146815,16134800
2009-07-21,4.09588623046875,4.337888429496442,4.059585943887951,4.337888429496442,26261500
2009-07-22,4.2410888671875,4.362089856747994,3.986986500621347,4.029336702722962,29479700
2009-07-23,4.846094131469727,5.009445314351005,4.7008926633132235,4.815843741461134,70486100
2009-07-24,5.13649845123291,5.227249655895363,4.797695280876782,4.846095981061266,31080000
2009-07-27,5.251448631286621,5.354299626284873,5.015496246823875,5.124397436111032,25985200
2009-07-28,5.178847312927246,5.305898490492582,5.033645555011002,5.160696732576338,20521700
2009-07-29,5.384548187255859,5.4994995440073255,5.1788468222393,5.269597407482542,39783600
2009-07-30,5.6870503425598145,5.717300726962619,5.481348997972544,5.523699189949616,34543700
2009-07-31,5.747555732727051,5.753605929867933,5.59630426607634,5.614454280520429,32821900
2009-08-03,5.826202392578125,6.019803946623109,5.668900841427504,5.9835039437287465,26975600
2009-08-04,6.062156677246094,6.18920730538904,5.650752665047997,5.765703480644232,39340200
2009-08-05,6.044005870819092,6.364659257707514,5.995605468454483,6.22550766817553,39929500
2009-08-06,5.6931023597717285,6.110556528994431,5.64470196000363,6.104506334778849,36778400
2009-08-07,5.874602317810059,6.031903856555662,5.7475511637429335,5.868552125478744,31197700
2009-08-10,5.886703968048096,5.959305144792035,5.76570296843866,5.808053751035671,20830600
2009-08-11,5.923003196716309,5.959303776755,5.656801058685774,5.862502422311206,29312400
2009-08-12,6.195258140563965,6.249708745098621,5.850405081148993,5.850405081148993,33885300
2009-08-13,6.558257102966309,6.606657477550874,6.165003338244246,6.267854278480941,32907100
2009-08-14,6.370709419250488,6.552211232104976,6.177107793260826,6.497760630550794,26916500
2009-08-17,5.904855728149414,6.165007784939361,5.765704118118072,5.995606351707564,20739400
2009-08-18,6.165006637573242,6.249707626914681,5.935105023749011,6.019805436112163,19583600
2009-08-19,6.116603374481201,6.165003752316577,5.9774524324490015,5.989552238418837,15609400
2009-08-20,6.2981085777282715,6.3767593796367406,6.116606771553215,6.140806973911333,17142700
2009-08-21,6.600611209869385,6.6248114115462045,6.3525589984374085,6.4312097981316505,20646400
2009-08-24,6.364660263061523,6.776063748145498,6.28600945255087,6.697412937634844,25075600
2009-08-25,6.497760772705078,6.564311765828757,6.382809949003477,6.473560568926931,20412000
2009-08-26,6.497760772705078,6.576411579228645,6.352559550036202,6.4130603479707515,18044400
2009-08-27,6.400958061218262,6.47355865104375,6.279957078175783,6.449358454435254,16876400
2009-08-28,6.546158790588379,6.582459371493268,6.364657616998409,6.497758400700632,17147200
2009-08-31,6.61876106262207,6.655061652780418,6.31625826022296,6.36465923942686,19856900
2009-09-01,6.207355976104736,6.6611100578028335,6.15290539398446,6.503808504339403,26610700
2009-09-02,6.001655578613281,6.140806589210537,5.898804580789961,6.0500559802973966,19484900
2009-09-03,6.279958248138428,6.279958248138428,6.050056049037602,6.171057054622692,13196400
2009-09-04,6.364660263061523,6.376760077074794,6.158958232030336,6.279959257055035,10272500
2009-09-08,6.370709419250488,6.528011028856268,6.261808793120482,6.521960833799501,10571300
2009-09-09,6.382808685302734,6.400958690298322,6.201306904412095,6.358608486315866,14665500
2009-09-10,6.310208320617676,6.364658914586991,6.207357326893029,6.364658914586991,12528300
2009-09-11,5.9169535636901855,6.328357483820753,5.826202970474655,6.328357483820753,41518700
2009-09-14,5.9593048095703125,6.013754823597938,5.759653027200951,5.765702644107412,26142000
2009-09-15,6.231558322906494,6.286008923832348,5.904855294329721,6.001656106207528,25454100
2009-09-16,6.267858028411865,6.413059816014789,6.050056212474963,6.134757207161808,47351100
2009-09-17,6.140808582305908,6.328360632438527,5.965356925010839,6.231559797652074,20812800
2009-09-18,6.195258140563965,6.2315587359131985,6.0984573222705265,6.207358531339839,22576100
2009-09-21,6.158956527709961,6.201306730504761,6.050055346833913,6.110556131093548,12391400
2009-09-22,6.171057224273682,6.255758219000947,6.098456618926735,6.207357815436316,13598500
2009-09-23,5.9593048095703125,6.146856204170261,5.935104611009731,6.140806010285554,21607200
2009-09-24,5.771751880645752,6.050054406420208,5.717301298671466,6.001654017327098,19590000
2009-09-25,5.802001476287842,5.850401858775864,5.705200711311798,5.729400902555809,12688200
2009-09-28,5.953413009643555,5.971581962028367,5.783834773030614,5.838342207765634,13620000
2009-09-29,6.020031452178955,6.135102804215526,5.935242642868266,5.995805995578694,18753600
2009-09-30,6.13510274887085,6.159328205252573,5.917073641435342,6.074538819126322,24434400
2009-10-01,5.717214584350586,6.098766067669392,5.692989120850056,6.038202697708371,27518700
2009-10-02,5.668763160705566,5.814116506554856,5.481015979420261,5.5052414407983825,18333800
2009-10-05,5.7414398193359375,5.838342247061852,5.65059447921984,5.729327376858065,16096900
2009-10-06,5.97763729095459,6.001862748541399,5.80805908784693,5.844396985436909,22398000
2009-10-07,6.147216320037842,6.153272829643449,5.874679741171535,5.923130662855299,14741000
2009-10-08,6.13510274887085,6.2198921349970995,6.074538819126322,6.104820783998586,21757600
2009-10-09,6.201721668243408,6.207778175814707,6.104819857424035,6.135101817700177,10200700
2009-10-12,6.171441555023193,6.238062003085666,6.14116016326446,6.213836543130364,12836900
2009-10-13,6.15327262878418,6.286512947855483,6.044257769763975,6.19566703947847,17837100
2009-10-14,6.268344402313232,6.298625796148689,6.147216516649148,6.286513354130619,15427000
2009-10-15,6.389472007751465,6.389472007751466,6.122991339985618,6.207780748380314,13696600
2009-10-16,6.04425573348999,6.27439781523218,6.013974351813131,6.195664952195615,22015700
2009-10-19,6.141160011291504,6.1593289614132285,5.917074367855196,6.1169345519357,15532800
2009-10-20,6.407639026641846,6.462146445761361,6.050313125818725,6.050313125818725,27551600
2009-10-21,6.122989177703857,6.589329892819521,6.080594777268028,6.353131281290503,29789900
2009-10-22,6.540879249572754,6.595386668102759,6.068482584946732,6.074538515554191,33626300
2009-10-23,6.2622880935668945,6.613557587077017,6.213837168777952,6.607501077083254,19863200
2009-10-26,5.765665054321289,6.080596023315873,5.632424740187173,6.056370564162443,33718900
2009-10-27,5.553692817687988,5.868623841355932,5.48707293784569,5.8262294248727065,22570300
2009-10-28,5.353831768035889,5.596086363954949,5.305380848852077,5.571860904363044,19793200
2009-10-29,5.614256381988525,5.808060075643861,5.48707256363207,5.626368824051701,21943900
2009-10-30,5.414394855499268,5.620311540448588,5.347774989372335,5.5839736416813475,19978000
2009-11-02,5.583972930908203,5.674818243843267,5.335661869810642,5.456789146250865,20702300
2009-11-03,5.493126392364502,5.565802749654951,5.390168075141279,5.462845010012074,14765600
2009-11-04,5.372001647949219,5.705102208165724,5.341719673823969,5.5779183789041715,15916900
2009-11-05,5.583972930908203,5.6021418779791325,5.371999763952503,5.49918354860984,20081600
2009-11-06,5.553692817687988,5.596087234171214,5.396227017063714,5.4325655008926255,13345700
2009-11-09,5.892848968505859,5.904961988284606,5.583974472695285,5.638481906538496,21447700
2009-11-10,5.705101490020752,5.947356097367061,5.632425107816859,5.8322853032727,21638800
2009-11-11,5.892848968505859,5.96552593201719,5.705101782579881,5.795947120598184,14619800
2009-11-12,5.777777671813965,5.959468909811743,5.765665230657059,5.874679511391307,15404200
2009-11-13,5.898903846740723,5.965524281935267,5.795945517422257,5.935242318445058,14843500
2009-11-16,5.911019802093506,6.129049007981123,5.898906779642733,5.947357714284426,14520300
2009-11-17,5.995805740356445,6.007918756931186,5.850453006942083,5.898903918080204,9342600
2009-11-18,6.15327262878418,6.171441579427372,5.953412438967489,5.995806849661779,24321900
2009-11-19,6.086653232574463,6.141160666334146,5.965525922875487,6.062427770634668,21648000
2009-11-20,6.038199424743652,6.1169322828389205,5.971579003042882,6.05031186113815,18004800
2009-11-23,6.159327030181885,6.159327030181885,6.03214326404673,6.080594167566757,18773600
2009-11-24,6.062424659729004,6.159326457763469,5.898902442360639,6.122987994710407,19570300
2009-11-25,6.020031452178955,6.116933856160442,5.983693556068786,6.104820839070089,6536900
2009-11-27,5.79594612121582,5.989750361194503,5.7898901899512305,5.838341105550783,6134300
2009-11-30,6.104823589324951,6.10482358932495,5.868624847878313,5.886794381699311,21329500
2009-12-01,6.165385723114014,6.2562310550231786,6.116934802418387,6.207780134327552,19936300
2009-12-02,6.365243434906006,6.419750843842719,6.22594665900326,6.25622861703258,19738700
2009-12-03,6.250175952911377,6.595389562576131,6.250175952911377,6.510600143476239,21794300
2009-12-04,6.322851657867432,6.492430477495657,6.195667831936563,6.3834156045318835,19225400
2009-12-07,6.238064765930176,6.365248631420489,6.189613824560607,6.225951741797393,19878600
2009-12-08,6.171441555023193,6.298625364183658,6.153272604451848,6.17749806440715,10921100
2009-12-09,6.232006072998047,6.328907921826768,6.177498638636747,6.189611658530627,10758100
2009-12-10,6.104823589324951,6.316796863257629,6.092711144358323,6.256232905682377,10551600
2009-12-11,6.165385723114014,6.232005594675365,6.086652832588488,6.165385723114014,11168200
2009-12-14,6.256231784820557,6.274400737805714,6.056371569242018,6.225949811458227,16263400
2009-12-15,5.935240745544434,6.2017206829614135,5.862564398976166,6.141157349611321,20154900
2009-12-16,5.826229572296143,6.001864330488727,5.814117129100424,5.977638866516669,15758100
2009-12-17,5.7838335037231445,5.965524720439458,5.759608046666334,5.7656645553256505,10889400
2009-12-18,5.947355270385742,5.965524796595646,5.711157205461629,5.832284492292003,15881300
2009-12-21,6.165385723114014,6.165385723114014,5.953412511885249,6.0563708627585875,15442600
2009-12-22,6.177497863769531,6.238061800481004,6.086652536282827,6.1653854229755405,10341400
2009-12-23,6.013975620269775,6.213835784908911,5.971580637335702,6.207779276263978,8758300
2009-12-24,6.19566535949707,6.19566535949707,6.020030677355579,6.056369146369157,5459500
2009-12-28,6.038199424743652,6.177495619971998,5.983692017017676,6.177495619971998,6844300
2009-12-29,6.013951778411865,6.086701125147442,5.96545221392148,6.086701125147442,6947800
2009-12-30,5.9351396560668945,6.026076192103962,5.9108898745796505,5.995764398865203,5640800
2009-12-31,5.910890102386475,5.977576859506418,5.9108901023864755,5.941202474953874,4042500
2010-01-04,6.135201930999756,6.195826687959412,5.947266225113774,5.989703208089216,15429100
2010-01-05,6.298887252807617,6.304949264844262,6.020014463507174,6.038201655937953,12700700
2010-01-06,6.335261821746826,6.365574195452497,6.214012905084581,6.244325278790252,13140600
2010-01-07,6.717195987701416,6.850570078058346,6.280699332635359,6.304949114685672,34759200
2010-01-08,6.7232584953308105,6.886944377623632,6.644446560093377,6.668696341846403,19963300
2010-01-11,6.789945602416992,6.844507758728413,6.668696687369631,6.826320566011416,15251700
2010-01-12,6.662633895874023,6.838444961923534,6.644446703706258,6.741445832814896,11348400
2010-01-13,6.98394250869751,7.074879025235232,6.480758638953264,6.674757427412821,26686300
2010-01-14,7.135506629943848,7.244630378123237,6.91725797726406,6.929383159373161,26508800
2010-01-15,6.886944770812988,7.105193397210867,6.741446071988027,7.087005626237421,25443100
2010-01-19,6.905131816864014,6.917256418079663,6.759632555153585,6.8202572957129615,17267400
2010-01-20,6.856629848480225,7.074877797183616,6.789942541645171,6.796005129204753,25445100
2010-01-21,7.287065505981445,7.632624986546248,7.244627960919578,7.3961892177512025,66585800
2010-01-22,7.335566997528076,7.705376353639975,7.087005985082525,7.244629872537616,39367700
2010-01-25,7.572000503540039,7.80237369093957,7.335565305068142,7.4265018309172826,32935500
2010-01-26,7.099128723144531,7.681123925777125,7.056691759650157,7.493187728004403,35793800
2010-01-27,7.384064197540283,7.493187903098619,7.080941701131048,7.15369103089003,24246600
2010-01-28,7.432562351226807,7.693247255905084,7.384062807186188,7.57199839580354,32530500
2010-01-29,7.541689395904541,7.711438453826562,7.456815445103957,7.6932506830889285,30962500
2010-02-01,7.57806396484375,7.669000501157716,7.481064838599413,7.547751593352295,19895900
2010-02-02,7.565936088562012,7.60837362478991,7.323438359374841,7.565936088562011,20103900
2010-02-03,7.274942398071289,7.487128449279225,7.1779432586026815,7.487128449279225,28331800
2010-02-04,6.802073001861572,7.2385692384186475,6.777823210941734,7.165819865659135,32057800
2010-02-05,6.826320648193359,6.947569564700434,6.559572453717355,6.820258057827895,22197900
2010-02-08,6.905131816864014,7.032443309510404,6.6747586121629086,6.826319885400975,29759000
2010-02-09,6.953629970550537,7.080941437427583,6.917255017945557,6.977879746233772,18606400
2010-02-10,7.087005138397217,7.214316635645569,6.8566325035291475,6.965756231056024,17858100
2010-02-11,7.196131706237793,7.250693876233421,7.026383182598511,7.135507522589767,17497900
2010-02-12,7.038505554199219,7.165817051062995,6.90513204560699,7.153692449445699,20010100
2010-02-16,7.323440074920654,7.347689853519981,7.074879699737472,7.111254078556298,15697800
2010-02-17,7.305254936218262,7.39012889606128,7.208255794591675,7.371941701546417,14963900
2010-02-18,7.226442337036133,7.2931290963468784,7.165817589909682,7.250692120254626,10465200
2010-02-19,7.414377689361572,7.432565459603247,7.196129649905185,7.208254830066301,16148400
2010-02-22,7.608377456665039,7.711439188015534,7.414378597449732,7.4446909734046685,18310000
2010-02-23,7.438629627227783,7.614440729726146,7.341629899848915,7.55381597238442,20394700
2010-02-24,7.693251132965088,7.705376314165885,7.4568158811541565,7.499252859036024,17103900
2010-02-25,7.3961896896362305,7.4750016175962,7.244628423134831,7.462877016919469,24791200
2010-02-26,7.402252197265625,7.481064124354784,7.335565448879572,7.4204393871599414,14335100
2010-03-01,7.420440196990967,7.475002350788906,7.2931286975159075,7.468939760775712,12508600
2010-03-02,7.675062656402588,7.72962480636494,7.402252484751193,7.402252484751193,16660400
2010-03-03,7.602315425872803,7.72356436046397,7.541690669496956,7.681127377897193,14426700
2010-03-04,7.475006103515625,7.5780678728390924,7.384069520305834,7.396194128258815,14801000
2010-03-05,7.717499732971191,7.7417500916516175,7.54168867966072,7.596250830370931,13242200
2010-03-08,7.644753456115723,7.772064999424006,7.565941493290538,7.61444165193424,13943200
2010-03-09,7.650814056396484,7.7417511797480945,7.493190171782057,7.584127295133667,13319300
2010-03-10,7.856939315795898,7.953938473816987,7.717502592520141,7.753877565858343,19743700
2010-03-11,8.050934791564941,8.111559533020735,7.86299913374067,7.89937351608584,20652000
2010-03-12,7.972125053405762,8.196436311641632,7.935750661047894,8.19037372019514,13392900
2010-03-15,8.111559867858887,8.135809649810138,7.8933118302976295,7.966061176151382,11582800
2010-03-16,8.153997421264648,8.214622169531777,8.050935696106798,8.111560444373927,12491200
2010-03-17,8.305556297302246,8.35405585054101,8.178244825510419,8.2024946021298,13375700
2010-03-18,8.147933006286621,8.3358692213029,8.07518367155267,8.305556853957007,11392800
2010-03-19,8.063058853149414,8.24493247413901,7.9599971538606535,8.196432918963158,17166900
2010-03-22,8.141868591308594,8.184305546166357,7.9114954769261745,7.947869844472787,10445800
2010-03-23,8.160057067871094,8.190369431069058,7.99637065349823,8.166119656142735,9507500
2010-03-24,8.232809066772461,8.347995968706865,8.093372960195516,8.117622742998483,11406000
2010-03-25,8.129748344421387,8.517745495111987,8.105498558638256,8.329809221672345,22618200
2010-03-26,8.002439498901367,8.335874598472401,7.947877318114746,8.17825064912454,21076100
2010-03-29,8.075239181518555,8.148043670406192,8.00850129942257,8.075239181518555,7340200
2010-03-30,8.050972938537598,8.148045613537498,7.972101245450482,8.063106733613193,6896100
2010-03-31,8.226917266845703,8.323989941376237,7.978167815112734,7.978167815112734,14098100
2010-04-01,8.2451171875,8.330055477483024,8.172312690972248,8.281519146464522,7316000
2010-04-05,8.463531494140625,8.475665867366038,8.251185170084746,8.269386151324104,7646600
2010-04-06,8.70621395111084,8.724414932768001,8.439263520011528,8.451397893515486,18082200
2010-04-07,8.675875663757324,8.863953760713564,8.554534862721269,8.785082095390484,16491200
2010-04-08,8.657676696777344,8.706213028451886,8.48173177120874,8.615206972613086,13172900
2010-04-09,8.554536819458008,8.66981046215993,8.46959795000484,8.651609482490935,13394100
2010-04-12,8.712282180786133,8.760818526637953,8.560605955349473,8.578807518993068,9322900
2010-04-13,8.694080352783203,8.742616693929051,8.566672312625647,8.663744994917343,11134000
2010-04-14,9.064169883728027,9.136974972319171,8.785085639458018,8.797220013756146,15020800
2010-04-15,9.039905548095703,9.149112648704877,8.93069902608559,9.100576288122813,10748300
2010-04-16,8.615205764770508,9.021697919504065,8.34218879272822,8.997429757069165,28282000
2010-04-19,8.639477729797363,8.736550422262678,8.360393449660142,8.493868691099392,14167400
2010-04-20,8.979228019714355,8.985295204459092,8.639473195790641,8.730479231165953,14988100
2010-04-21,9.19157886505127,9.676942893457028,8.948897140147826,9.027768845391163,38065500
2010-04-22,9.076302528381348,9.100570693754078,8.694078489811833,9.039899991022903,34036600
2010-04-23,9.173377990722656,9.173377990722656,8.888226526580537,9.070238111747823,17813500
2010-04-26,8.80935287475586,9.179442548291409,8.785084130328563,9.112705236912486,17738000
2010-04-27,8.524202346801758,8.882158262604493,8.506001365255502,8.70014671134562,15940800
2010-04-28,8.760818481445312,8.870025548348005,8.578807474739328,8.639477617441697,15947500
2010-04-29,9.021697044372559,9.088434339945161,8.863953714547963,8.936758194790412,12080100
2010-04-30,9.052033424377441,9.270446890084092,9.009564284028587,9.058100609741176,15694200
2010-05-03,9.318984031677246,9.379654733429046,9.106637732743332,9.11270491863825,12011200
2010-05-04,8.833622932434082,9.185511701610004,8.748684044543785,9.185511701610004,16670700
2010-05-05,8.851824760437012,9.058104523134343,8.487801581724206,8.554539492360925,16049800
2010-05-06,8.257250785827637,8.882157045471367,7.6444794765498285,8.772950013961065,26952600
2010-05-07,8.075239181518555,8.427127833774794,7.9174958329626834,8.342188974106561,26267400
2010-05-10,8.724414825439453,8.99743186133329,8.518135107200049,8.651610321107682,21286400
2010-05-11,8.863957405090332,9.039901783581007,8.560604988478904,8.560604988478904,14578500
2010-05-12,9.100573539733887,9.100573539733887,8.85789181011387,9.02170183295766,12873900
2010-05-13,8.979228019714355,9.143037957632183,8.979228019714355,9.082367845980558,12276000
2010-05-14,8.542400360107422,8.81541730283074,8.408925191749896,8.81541730283074,15593300
2010-05-17,8.481734275817871,8.706215599349107,8.269387906686726,8.590941343633189,16212700
2010-05-18,8.148043632507324,8.633406889500682,8.057037587872088,8.62127309737517,17857900
2010-05-19,8.069173812866211,8.330056478800472,7.856826905186005,8.020637476013382,15749800
2010-05-20,7.589876651763916,7.923564383958095,7.565608484618816,7.820424528941735,17567600
2010-05-21,8.002440452575684,8.00850764277166,7.341132343390164,7.37753432736781,23311300
2010-05-24,7.626277923583984,8.050971678118858,7.608076944520651,8.008501955506155,13232000
2010-05-25,7.784019947052002,7.790087131896445,7.280455176935205,7.280455176935205,17996500
2010-05-26,7.589876651763916,7.990301698957433,7.529205944601794,7.911430011086173,26804400
2010-05-27,8.044905662536621,8.057039457477735,7.7415532672246705,7.814357772667686,14242500
2010-05-28,7.887162208557129,8.06917375985897,7.832558685306699,8.044905591591975,12122800
2010-06-01,7.523140907287598,7.984236793363646,7.523140907287598,7.826493372558855,14393200
2010-06-02,7.917497158050537,7.917497158050537,7.5595412604957986,7.61414478094974,12141500
2010-06-03,7.966033935546875,7.990302103921934,7.796156756921461,7.911430412053298,11126900
2010-06-04,7.583807468414307,7.856824421557503,7.547404937982537,7.729416432944199,17638000
2010-06-07,7.474599838256836,7.765818321858275,7.462466048180987,7.632343159432676,11397200
2010-06-08,7.686946868896484,7.705147843801141,7.310790108808396,7.511002568555305,16236700
2010-06-09,7.686946868896484,7.959963806860582,7.662678709490755,7.796153875521547,12627800
2010-06-10,8.111640930175781,8.12377530064749,7.862892121492092,7.996367303687717,13937900
2010-06-11,8.10557746887207,8.117711844918654,7.899298283470217,8.008504774894988,9033000
2010-06-14,8.208714485168457,8.336122496184316,8.063105495035671,8.190513506051532,15975100
2010-06-15,8.493864059448242,8.5241994039517,8.23904809137691,8.269383435880368,12800700
2010-06-16,8.524202346801758,8.615207833131809,8.360391777089141,8.360391777089141,14288300
2010-06-17,8.26331615447998,8.603070967462072,8.135908171936517,8.603070967462072,11217900
2010-06-18,8.239048957824707,8.3603897700006,8.184445447695897,8.30578625987179,12169100
2010-06-21,8.208714485168457,8.427128548966328,8.1662453410294,8.366457847111654,8540700
2010-06-22,8.196579933166504,8.451395931608888,8.178378377135877,8.202647118510047,10189900
2010-06-23,8.196579933166504,8.342188909819683,8.141976422271902,8.214780910598492,11860000
2010-06-24,8.008504867553711,8.160181098297526,7.97210289619058,8.117711938840907,12454500
2010-06-25,8.111640930175781,8.239048927135554,7.972099141342934,8.202646972917693,15844700
2010-06-28,8.202717781066895,8.275576787604672,8.105572439016525,8.117715317256865,12327900
2010-06-29,7.862704277038574,8.087352904493208,7.820203357502498,8.002351065421056,24464000
2010-06-30,7.4619832038879395,8.008426007616466,7.45591147563872,7.832349941612219,16610400
2010-07-01,7.383052825927734,7.607701570578112,7.134117746153853,7.41948261812894,13147400
2010-07-02,7.176614761352539,7.486265799033127,7.134113842897724,7.443764880578312,8391300
2010-07-06,7.310190677642822,7.4680520775912385,7.200901927058279,7.322334129499618,10881900
2010-07-07,7.844492435455322,7.8627070389358575,7.3284071782417595,7.358765236730522,11431300
2010-07-08,7.9477105140686035,8.038784122273539,7.771634446915683,7.953782242357433,9983500
2010-07-09,8.184497833251953,8.220927604841219,7.85663220507486,7.959849215707609,10263600
2010-07-12,8.056995391845703,8.196641600436491,7.953778377221382,8.129854358810235,7815200
2010-07-13,8.312003135681152,8.384862696131515,8.154142298789935,8.184499773440587,10020500
2010-07-14,8.099499702453613,8.263432302005354,8.01449724922155,8.257361153156653,10995300
2010-07-15,8.044854164123535,8.15414293428481,7.820205475816727,8.135927753236759,9401400
2010-07-16,7.389127254486084,7.978071820223836,7.3526974489732675,7.9234274014706685,27289000
2010-07-19,7.225189208984375,7.528768597244756,7.1462590775846,7.40733695774695,20412900
2010-07-20,7.152333736419678,7.164477195846639,6.903398608487131,7.024830307596664,21517900
2010-07-21,6.848751544952393,7.413409450773205,6.8366086692633194,7.225189955822337,23945700
2010-07-22,7.55912971496582,7.656275065929024,7.049116043377039,7.079474110311032,27293900
2010-07-23,7.4619832038879395,7.546985662281392,7.3162652000979165,7.516627600067168,15337900
2010-07-26,7.7837748527526855,7.801990031835013,7.370907303758737,7.4680526094043715,14158300
2010-07-27,7.9780707359313965,8.044858028090426,7.832352112716731,7.923426324604901,18044500
2010-07-28,7.747351169586182,8.002358068013747,7.716993095195832,7.935570188548556,9712600
2010-07-29,7.7837748527526855,7.9962806431262825,7.631985167923457,7.856633831986911,12257600
2010-07-30,7.7169880867004395,7.82020512521823,7.601628173726766,7.644129102869951,9407100
2010-08-02,8.1480712890625,8.160214164184671,7.862706485794427,7.862706485794427,16172400
2010-08-03,8.075211524963379,8.245215813553596,8.044853471528628,8.141998779294466,13331500
2010-08-04,8.069143295288086,8.148074036810929,7.984140824640726,8.129859428469338,6405500
2010-08-05,7.929494380950928,8.02663969873374,7.850563665494451,8.020567971614373,9759000
2010-08-06,7.704845905303955,7.826278144101963,7.498412373217365,7.7898483566561945,13922700
2010-08-09,7.905209541320801,7.935567024575275,7.601630076521051,7.7594909581526945,12853400
2010-08-10,7.893061637878418,7.917347958218321,7.656269580290708,7.8080592271729845,14977100
2010-08-11,7.51662540435791,7.747345799144798,7.50448195140674,7.729130619718042,12018100
2010-08-12,7.383052825927734,7.492341623499449,7.328408427141877,7.352694762265379,9228100
2010-08-13,7.364831924438477,7.522693257329198,7.364831924438477,7.370903647787675,7046500
2010-08-16,7.401264190673828,7.419479368311926,7.243403371031859,7.291976020003488,11127400
2010-08-17,7.3284077644348145,7.480197489988356,7.310193159497308,7.480197489988356,8261100
2010-08-18,7.352696418762207,7.419484289672478,7.2676945161957285,7.316267197385725,10701400
2010-08-19,7.091618537902832,7.376982900599752,7.0855468078798225,7.267694655345801,12317600
2010-08-20,7.0187578201293945,7.1401894961111685,6.879110958476426,7.061258761965039,13375000
2010-08-23,7.0430426597595215,7.237333300073401,7.018756329720286,7.103758195341718,12095600
2010-08-24,6.703033447265625,6.9519684744461765,6.6969617200095675,6.891252938980943,15253700
2010-08-25,6.666606426239014,6.696964496071713,6.539103575199315,6.66053527549809,15725200
2010-08-26,6.6483893394470215,6.9580404941387854,6.624103008433853,6.690890852993922,14795600
2010-08-27,6.7880377769470215,6.794108926857394,6.575531896221554,6.70910703779276,13165300
2010-08-30,6.587672233581543,6.781962835446252,6.581600507515353,6.721246732847696,11423000
2010-08-31,6.703033447265625,6.7091051745216825,6.460170147341131,6.526957410062422,13540600
2010-09-01,7.079473972320557,7.091617430470245,6.812324262378931,6.830538870571508,14282900
2010-09-02,7.115899562835693,7.152328757694238,7.018754271170761,7.103756111861771,7962300
2010-09-03,7.243404865264893,7.340550183248138,7.103758036390151,7.237333138132998,10213700
2010-09-07,6.909467697143555,7.213047118393982,6.891253093997431,7.164474457316458,12336100
2010-09-08,7.0430426597595215,7.115901649877227,6.9519684878385535,6.958040215106308,7551400
2010-09-09,7.261620998382568,7.352694608432286,7.152332203097394,7.206976600739981,11358900
2010-09-10,7.340550899505615,7.38305183551239,7.231262116594679,7.2980499634988405,7600600
2010-09-13,7.595558166503906,7.644130833387025,7.480197648382603,7.510555709942517,11298700
2010-09-14,7.5834150314331055,7.644131157124329,7.425553567861434,7.589486759808606,14481300
2010-09-15,7.571270942687988,7.6623445376257004,7.38912317378077,7.504483099303991,8139200
2010-09-16,7.419480800628662,7.57127050272563,7.340550086054428,7.553055321571126,7649500
2010-09-17,7.425551414489746,7.540911904042746,7.4134085402920045,7.4680529217611396,9010400
2010-09-20,7.522698879241943,7.559128088498836,7.3951954887791365,7.455911030551238,10628600
2010-09-21,7.455909729003906,7.638057480587113,7.437695127555107,7.528768713830841,11572700
2010-09-22,7.310190677642822,7.516624726955112,7.298047804817681,7.401264250442171,9880300
2010-09-23,7.115899562835693,7.389120840401221,7.091613239919461,7.219116579987588,10808400
2010-09-24,7.431624412536621,7.437696140190127,7.219119155950279,7.243405487532485,9071300
2010-09-27,7.23126220703125,7.468054379955738,7.219119330462519,7.455910924355175,7917300
2010-09-28,7.304182052612305,7.316335131919074,7.146187964995844,7.2494917469359645,10416000
2010-09-29,7.231260776519775,7.3224114730752214,7.170494225001122,7.249491263541851,9066700
2010-09-30,7.310258865356445,7.40748582536995,7.200878825100451,7.292028955233512,14195800
2010-10-01,7.231260776519775,7.443945155630838,7.200877790519605,7.383178024593874,10923200
2010-10-04,7.231260776519775,7.364948117090109,7.21303086901601,7.261644342038257,8592900
2010-10-05,7.601940631866455,7.656630943961934,7.249492597827162,7.33456590151487,19607200
2010-10-06,7.462174892425537,7.687012344889493,7.4135614205154,7.614092137024288,13724300
2010-10-07,7.608019828796387,7.650556493873112,7.4804092540476095,7.565482584201062,15803700
2010-10-08,7.522942066192627,7.644475746680735,7.480405422901365,7.644475746680735,9497500
2010-10-11,7.462174892425537,7.601939058805902,7.44394498533881,7.565478665114151,6051400
2010-10-12,7.7538604736328125,7.796397139551935,7.371028741804885,7.419642239860628,21598600
2010-10-13,7.717397212982178,7.881468143024958,7.674860562757039,7.863237653341274,16587100
2010-10-14,7.4986348152160645,7.6566288787614045,7.340640751670724,7.6566288787614045,19982600
2010-10-15,7.371020317077637,7.553321016184906,7.200873268352559,7.52293746974737,14563900
2010-10-18,7.620171546936035,7.644478291124089,7.292030210638062,7.346720529940806,12190500
2010-10-19,7.522942066192627,7.741702691071221,7.4560986868037435,7.547248802290249,12448200
2010-10-20,7.535097599029541,7.583711087060559,7.285953327990955,7.486484110998524,11597700
2010-10-21,7.778164863586426,7.954388885470375,7.425716819818526,7.425716819818526,20962200
2010-10-22,7.814625263214111,7.954389472691509,7.747781863605733,7.851085668148621,13503900
2010-10-25,7.668784141540527,7.924005215529161,7.595863917474979,7.917928385310759,10362200
2010-10-26,7.772084712982178,7.778161540679649,7.583707110987882,7.608014421777765,9885900
2010-10-27,7.820699214935303,7.9118499039571875,7.668781979417092,7.705242370929498,11680500
2010-10-28,7.729551792144775,7.911852654036195,7.693091387959106,7.899698992801483,12067700
2010-10-29,7.632323741912842,7.832854487803376,7.626246912154127,7.7052439604622736,14195500
2010-11-01,7.522942066192627,7.711319126069618,7.371024820702917,7.680936140586318,15147800
2010-11-02,7.559401988983154,7.753856460070941,7.504712266617971,7.6262459488488945,10774100
2010-11-03,7.930080890655518,7.936157719988771,7.595862811064989,7.595862811064989,18015900
2010-11-04,8.1427640914917,8.233914786105279,7.93615712530784,8.015153582647326,18432900
2010-11-05,7.9179301261901855,8.464832796204453,7.869316632791391,8.167074424738646,29405300
2010-11-08,7.930080890655518,7.996924274766286,7.747780067286289,7.905774152840843,15563300
2010-11-09,7.820699214935303,8.063767139475399,7.778162574436048,7.960463372961554,9674800
2010-11-10,8.045540809631348,8.051617641275255,7.753859844946512,7.857163664818699,10306700
2010-11-11,8.045540809631348,8.094154303745487,7.869316748587952,7.9908504838733005,9748200
2010-11-12,7.820699214935303,8.003000013460808,7.72347227692657,8.003000013460808,10156600
2010-11-15,7.9118523597717285,8.094152635364413,7.875391956942125,7.905775529380388,8358500
2010-11-16,7.705243110656738,7.899697005342381,7.626246071061116,7.838929873493958,13796400
2010-11-17,7.529020309448242,7.814624367367396,7.450023257411536,7.747780975421758,11759700
2010-11-18,7.340642929077148,7.680937891535924,7.267722704161361,7.614093917390961,26848000
2010-11-19,7.450020790100098,7.510787331875429,7.292026738351444,7.292026738351444,12215600
2010-11-22,7.364948749542236,7.425715885797471,7.261644965619352,7.395332317669854,10437400
2010-11-23,7.1583452224731445,7.322416235266848,7.1583452224731445,7.255572231749997,10792600
2010-11-24,7.328489780426025,7.401410004669266,7.182648752421117,7.219109154301951,9196200
2010-11-26,7.206953525543213,7.322410950367901,7.200877276487916,7.23126026031921,2638000
2010-11-29,7.310258865356445,7.316335695236888,7.1158049453294385,7.182648335459124,8152000
2010-11-30,7.2616448402404785,7.292028407843496,7.146187978771031,7.200878284552793,9616100
2010-12-01,7.456101417541504,7.456101417541504,7.285953623024578,7.36495068915347,10569500
2010-12-02,7.930080890655518,7.936157719988771,7.4439455548436895,7.4439455548436895,21147500
2010-12-03,8.063765525817871,8.088072255455982,7.78423784522052,7.887541011543883,14505100
2010-12-06,7.9118523597717285,8.051615981661913,7.905775529380388,8.02123240922365,9947900
2010-12-07,7.948313236236572,8.112384201431569,7.759936105292525,8.015156640842763,15271600
2010-12-08,8.464828491210938,8.464828491210938,7.9361565847290345,7.948309662138715,20139600
2010-12-09,8.653210639953613,8.689671052718642,8.318992411095472,8.49521648383615,19375700
2010-12-10,8.853737831115723,8.87196831978259,8.628900353222937,8.647130262371443,14417000
2010-12-13,8.805123329162598,8.87804353679015,8.501288840955317,8.66535974275603,23229000
2010-12-14,8.671440124511719,8.90843075152271,8.634979716000048,8.805126936844598,16776100
2010-12-15,8.604595184326172,8.756512473822095,8.574211610523292,8.707898987544876,14779200
2010-12-16,8.45875358581543,8.774741204043169,8.160995877605846,8.653207504724808,29650900
2010-12-17,8.549901008605957,8.701818229537936,8.52559427643757,8.598514472942734,19718900
2010-12-20,8.604595184326172,8.701822156880608,8.519521873100274,8.574211610523292,9746600
2010-12-21,8.689666748046875,8.689666748046875,8.598516051047673,8.659283182380474,7714700
2010-12-22,8.938810348510742,8.981346989901951,8.701819247506277,8.738279639783224,11801600
2010-12-23,8.74435806274414,8.975272377217872,8.726127573522628,8.859814930221816,6203600
2010-12-27,8.95704460144043,8.975275096184683,8.707900301787877,8.707900301787877,6415400
2010-12-28,9.1393404006958,9.181877039031306,8.938809706373798,8.981346344709303,8235600
2010-12-29,8.981243133544922,9.175826408616237,8.981243133544922,9.163664663972328,6695200
2010-12-30,8.902194023132324,9.011646831433307,8.86570936709604,8.938678099264672,4575500
2010-12-31,8.92651653289795,9.011646426652229,8.877870713637245,8.877870713637245,4287200
2011-01-03,8.987325668334961,9.090698203984415,8.938679837429811,9.017729457626691,13575100
2011-01-04,8.956923484802246,9.090699833726282,8.920439395034695,8.969085234660863,18482900
2011-01-05,9.09677791595459,9.157585486771515,8.92043665647027,8.92043665647027,13878400
2011-01-06,8.890032768249512,9.212311498082565,8.865709856184827,9.090696937759146,16920200
2011-01-07,8.92651653289795,9.017727299035794,8.616399000183025,8.908273915747253,14041200
2011-01-10,8.774496078491211,8.871787693459035,8.707607658273005,8.835303047894218,8440200
2011-01-11,8.847468376159668,8.932598283813205,8.756257015225732,8.847468376159668,8028800
2011-01-12,8.975162506103516,9.035969491270423,8.883951158497277,8.91435494103269,7090300
2011-01-13,8.890032768249512,9.017728201565093,8.817064032055459,8.987324416508248,7223300
2011-01-14,9.09069538116455,9.121099161015374,8.871789210065574,8.890031246014521,9750300
2011-01-18,9.035970687866211,9.151504960819716,8.969082821353757,9.084616514403267,7768800
2011-01-19,8.883951187133789,9.011646610271002,8.774498381518978,9.011646610271002,11788700
2011-01-20,8.64680290222168,8.780578617093582,8.549511262349784,8.701529594625601,114968600
2011-01-21,8.877869606018066,8.908272804334917,8.725851294818469,8.750174201414252,33380000
2011-01-24,8.719772338867188,8.877871556424994,8.646803603049113,8.865709810503333,14012600
2011-01-25,8.774496078491211,8.817061015063691,8.671123592611956,8.701527367265344,15638900
2011-01-26,8.859628677368164,8.902194206940022,8.817063727700253,8.847467511707595,19794200
2011-01-27,8.993403434753418,9.005565178229576,8.829223957152209,8.859627156034911,17503100
2011-01-28,8.902194023132324,9.121100219638224,8.890032277818918,9.01772770409001,22080600
2011-01-31,9.042049407958984,9.139341037864858,8.914353998731562,8.944757778053111,24892200
2011-02-01,9.437297821044922,9.522427711245145,9.127180301276983,9.127180301276983,21286300
2011-02-02,9.400812149047852,9.437296797966924,9.26703587621635,9.39473127757737,12841400
2011-02-03,9.36432933807373,9.504186509825603,9.309603223809713,9.388652248825716,8043800
2011-02-04,9.358251571655273,9.388654783374918,9.163667653205824,9.35217069734971,9435500
2011-02-07,9.340006828308105,9.485944878989388,9.327845662361975,9.388652651900546,10299400
2011-02-08,9.358251571655273,9.364331866056748,9.218394362147729,9.333928654337104,11641800
2011-02-09,9.163663864135742,9.498104273901365,9.048130199622305,9.303521015813956,20084600
2011-02-10,9.230554580688477,9.236634874082073,9.072455354375089,9.115020307650234,12021800
2011-02-11,9.400812149047852,9.467699995511692,9.090694662899113,9.163663380833436,8807800
2011-02-14,9.431217193603516,9.461620975136928,9.309602647373765,9.394732539782641,6980400
2011-02-15,9.394732475280762,9.577154583324871,9.364328693956095,9.412974512114005,11085100
2011-02-16,9.352166175842285,9.46769983227032,9.303520364724818,9.455538669442857,9519600
2011-02-17,9.175827026367188,9.352168276248493,9.121100331592999,9.333926237958412,12174800
2011-02-18,9.115018844604492,9.212310482133745,9.060292153518311,9.18190728033378,13702600
2011-02-22,8.81706428527832,9.054213119647793,8.73801467382183,9.017728460550957,20425700
2011-02-23,8.786660194396973,8.938678538867176,8.695449419676436,8.804902233360288,13805800
2011-02-24,8.695449829101562,8.817064394423152,8.610319343424454,8.76233769505244,15851700
2011-02-25,8.877869606018066,9.054210823813447,8.841384956172476,8.920434547584726,22403300
2011-02-28,8.877869606018066,8.938676582555605,8.707608679943755,8.920434547584726,14098400
2011-03-01,8.482624053955078,8.604238621414218,8.31236365951228,8.494785800652993,40878800
2011-03-02,8.433975219726562,8.53734771018401,8.330602729269115,8.500863063003349,18059600
2011-03-03,8.56775188446045,8.689366414209648,8.51910607256077,8.51910607256077,15112900
2011-03-04,8.452220916748047,8.579916367370757,8.263718467674169,8.531270536648204,12332600
2011-03-07,8.269801139831543,8.482626550547456,8.178589752464005,8.464384505035616,14692700
2011-03-08,8.330602645874023,8.44005600641651,8.239391898691142,8.300198870178468,22303500
2011-03-09,8.433975219726562,8.573832357364672,8.294118661992247,8.306279824449938,15022400
2011-03-10,8.324522972106934,8.433976348392582,8.263715991873473,8.300200064032776,12855100
2011-03-11,8.446137428283691,8.500863532219672,8.275876505247888,8.306280282925982,8839600
2011-03-14,8.452220916748047,8.488705579741984,8.281960509219115,8.391413918296879,10884100
2011-03-15,8.251554489135742,8.373169612966075,8.166424598339177,8.245474196867336,15461400
2011-03-16,8.148181915283203,8.354926928221795,8.05697115305918,8.257635293875136,16638400
2011-03-17,8.397493362426758,8.409654528084916,8.239394149543081,8.294120844764658,13609400
2011-03-18,8.531272888183594,8.695453047054386,8.482627044052442,8.610322529872766,28139300
2011-03-21,8.525189399719238,8.689368917196886,8.415736001464815,8.652884257810749,12350100
2011-03-22,8.421815872192383,8.665044972800658,8.421815872192383,8.48870372988368,13657500
2011-03-23,8.391412734985352,8.452219724861848,8.25763642941072,8.415735646916742,9922800
2011-03-24,8.379247665405273,8.44613608161301,8.16642241539959,8.44613608161301,12722200
2011-03-25,8.421815872192383,8.531268677514147,8.379250344657995,8.391412089640369,7574900
2011-03-28,8.379247665405273,8.500862176823341,8.37316737476217,8.44613608161301,7170900
2011-03-29,8.470460891723633,8.470460891723633,8.361007516842998,8.391411296521381,8618900
2011-03-30,8.433820724487305,8.629245777060403,8.433820724487305,8.537639846857315,13560100
2011-03-31,8.482673645019531,8.555958010856623,8.397174927003409,8.464352116750982,8615300
2011-04-01,8.543745994567871,8.641458509065604,8.488782559559763,8.623137558200412,6660500
2011-04-04,8.531532287597656,8.604816674039052,8.500996980977277,8.549853238604873,5701600
2011-04-05,8.482673645019531,8.519315536731893,8.439923994805286,8.513208360642377,6286300
2011-04-06,8.592599868774414,8.635349518820526,8.470459259526306,8.525422679291045,8880200
2011-04-07,8.470460891723633,8.635351182791034,8.439925587924579,8.580387752435234,11667500
2011-04-08,8.3666410446167,8.531531332459119,8.317784792458752,8.531531332459119,13031800
2011-04-11,8.384963035583496,8.47046177869118,8.34832113311773,8.378856440114227,5458200
2011-04-12,8.342212677001953,8.433818583955146,8.311677374684221,8.360533625427612,8390300
2011-04-13,8.305574417114258,8.51932046211165,8.299467237493923,8.42771509745744,13205000
2011-04-14,8.336103439331055,8.34831779020368,8.183427547897061,8.299461551537787,8706300
2011-04-15,8.427713394165039,8.519318740305248,8.354429000770352,8.464355299656088,11068700
2011-04-18,8.262825965881348,8.409395386412308,8.201755907871839,8.34832474599001,7610200
2011-04-19,8.159000396728516,8.354425956994007,8.085716030033597,8.329997834762368,12758200
2011-04-20,8.134573936462402,8.26282174998377,8.073503909612343,8.232286445352493,18437600
2011-04-21,8.03686237335205,8.055183325321833,7.749831407900174,7.951364209218026,22026400
2011-04-25,7.890294551849365,8.079612437511717,7.847545464586118,8.042970529118257,13998300
2011-04-26,7.963580131530762,7.988008268218386,7.835332268317557,7.963580131530763,11900000
2011-04-27,8.134573936462402,8.183430190907448,7.926934563864715,7.963577045904746,14140500
2011-04-28,8.201748847961426,8.220069791352678,8.085714847521489,8.134571084839687,10307700
2011-04-29,8.10403823852539,8.262820755148281,8.055181407550167,8.177322611369592,10300000
2011-05-02,7.96968412399292,8.15900196200501,7.939148819742184,8.134573835086918,14256900
2011-05-03,8.183429718017578,8.195644072129264,7.884185031230788,7.963576585719368,24300000
2011-05-04,8.030755996704102,8.220074460661277,8.006327864168913,8.189539149389136,15445800
2011-05-05,7.829220294952393,8.030752444836551,7.780364051490315,7.981896201374474,18493500
2011-05-06,7.933044910430908,7.963580227260682,7.847546722202813,7.902509593601134,16254100
2011-05-09,7.817010402679443,7.926936713788484,7.786475089766456,7.926936713788484,11522200
2011-05-10,7.926935195922852,7.939149551714277,7.829222679241606,7.835329857137318,10789200
2011-05-11,7.829220294952393,7.939147133948247,7.7986855795978665,7.89639806652202,11300000
2011-05-12,7.762044906616211,7.871971771115476,7.676546169515393,7.871971771115476,27000000
2011-05-13,7.62769079208374,7.810902059851988,7.597155483720271,7.74983144312505,14242500
2011-05-16,7.615478038787842,7.847545598073564,7.584942726332129,7.6032636808405,15197100
2011-05-17,7.810901165008545,7.82922211496269,7.591048018321311,7.591048018321311,13312800
2011-05-18,7.878078937530518,7.8902932933218635,7.798687954536931,7.798687954536931,9020500
2011-05-19,7.93914794921875,7.975790426784302,7.847542628923502,7.933040772555754,8461600
2011-05-20,7.768154621124268,7.945258748207802,7.755940262229624,7.914723433383878,10849600
2011-05-23,7.56662130355835,7.755939180724953,7.5605141249626255,7.676547606218356,11400000
2011-05-24,7.621583461761475,7.658225947548573,7.481121861471465,7.5910487364202055,11267900
2011-05-25,7.700979232788086,7.792585206055675,7.603266660566288,7.609373841933369,12219100
2011-05-26,7.774258613586426,7.829222045372817,7.700974232008734,7.755937663795126,15215000
2011-05-27,7.896401405334473,7.920829537394387,7.780367341240422,7.823117009154729,7328500
2011-05-31,7.975794792175293,7.98190138976819,7.829225384103686,7.951366654565482,10598900
2011-06-01,7.536082744598389,7.951361391501983,7.536082744598389,7.951361391501983,19540600
2011-06-02,7.554403781890869,7.62768814710354,7.481119416678199,7.529975660153313,9011500
2011-06-03,7.56662130355835,7.694869142005529,7.462801597081462,7.487229729051753,13763000
2011-06-06,7.413942337036133,7.57883201559762,7.352871740583807,7.5421901236561215,13430800
2011-06-07,7.51165771484375,7.627691193841447,7.456694273377043,7.4689080479182035,11650800
2011-06-08,7.505549430847168,7.658225375805339,7.468906947795703,7.481121302950361,13546300
2011-06-09,7.5299787521362305,7.578835015672852,7.481122488599608,7.505550620367919,15066900
2011-06-10,7.481120586395264,7.560512140058749,7.255160279389555,7.499441534959929,17151800
2011-06-13,7.499443054199219,7.5177645888879185,7.328446140659354,7.493336458382224,14398600
2011-06-14,7.615478038787842,7.69486961820764,7.505551146912331,7.584942726332129,15508900
2011-06-15,7.523870944976807,7.584941560501477,7.39562311830504,7.511657171319404,12308500
2011-06-16,7.499443054199219,7.572727445716303,7.358981449394615,7.511657410658351,14667900
2011-06-17,7.664334297180176,7.719297743056461,7.499443959551322,7.58494271784917,22904800
2011-06-20,7.664334297180176,7.707083385122779,7.566621763361289,7.658227118213335,8862100
2011-06-21,7.737616539001465,7.755937488378398,7.6154759058011114,7.7009740578351185,10665400
2011-06-22,7.578834056854248,7.7498309575991495,7.5666202837215915,7.700974700243464,10159600
2011-06-23,7.383409023284912,7.529977795269655,7.340659943725827,7.475014360172245,23629700
2011-06-24,7.4383721351623535,7.475014035360073,7.383408702453272,7.468906857856285,13086400
2011-06-27,7.499443054199219,7.603262754451565,7.395623353946871,7.426158662682133,6845000
2011-06-28,7.584942817687988,7.603263772417024,7.438374015030406,7.505551237311969,11372800
2011-06-29,7.799723148345947,7.811996208498033,7.578802798451796,7.65244291508318,11584800
2011-06-30,7.824271202087402,7.88563826914084,7.695400829466962,7.824271202087402,9660500
2011-07-01,7.959280014038086,8.002236618551002,7.805862900503565,7.818135965261608,10047500
2011-07-05,7.922458648681641,7.971552071993024,7.769041554523623,7.953142184561197,9195900
2011-07-06,7.762906551361084,7.879503898007434,7.676993333032096,7.873367072343962,10578200
2011-07-07,7.916324138641357,8.032921492020693,7.830410915351258,7.836547741369106,10377100
2011-07-08,7.707676410675049,7.8242731650407,7.658582393571759,7.8058632744018865,13415600
2011-07-11,7.468343734741211,7.615623995688876,7.4376602007338475,7.591077285530932,12590500
2011-07-12,7.376295566558838,7.523575864416947,7.351748265009272,7.492892322719871,10228900
2011-07-13,7.468343734741211,7.658580592155344,7.4253871382747425,7.4376602007338475,20148400
2011-07-14,7.376295566558838,7.54198575533924,7.327201548699587,7.517439039029556,19419200
2011-07-15,7.394704341888428,7.425387878956471,7.241287241788003,7.406977405571769,17334000
2011-07-18,7.357884883880615,7.3824315995013405,7.186057874535543,7.37015853431091,20797800
2011-07-19,7.486751556396484,7.529708726256206,7.3394713360649115,7.3824279206850605,15404000
2011-07-20,7.566534042358398,7.64017420657415,7.474483983398711,7.505166946225272,19111600
2011-07-21,7.830410003662109,7.891776500975902,7.701539598491311,7.769042921108444,20529800
2011-07-22,7.861093044281006,7.891775998363827,7.683129218497399,7.891775998363827,10838200
2011-07-25,7.977688789367676,8.026782212021526,7.762904626327257,7.793588161795855,16012500
2011-07-26,7.9285969734191895,8.002237122322912,7.879503540816708,7.95314368972043,8254300
2011-07-27,7.793588638305664,7.928595851478145,7.775178749994806,7.867228776788891,13920800
2011-07-28,7.775177001953125,7.897910538498466,7.744493471506873,7.799723709262193,8998200
2011-07-29,7.762906551361084,7.83654728884294,7.621763072540657,7.713813116533117,9180500
2011-08-01,7.683130741119385,7.92859793386699,7.621763650312508,7.84882094991403,11892300
2011-08-02,7.3087921142578125,7.597216487840457,7.308792114257813,7.597216487840457,20559200
2011-08-03,7.443795204162598,7.462205085968885,7.204464399722495,7.437658381813971,23512200
2011-08-04,6.971273899078369,7.345612055934402,6.965137658904902,7.284244972280661,22975100
2011-08-05,6.909905433654785,7.167646175246862,6.719667996674074,7.026502157118002,24759000
2011-08-08,6.124411106109619,6.750353232191612,6.038497894071602,6.566252572447504,25269500
2011-08-09,6.474203586578369,6.480340412789069,5.989405435492328,6.179642366104341,26787300
2011-08-10,5.780757904052734,6.345333028223825,5.768484251890779,6.345333028223825,35272300
2011-08-11,6.0507707595825195,6.093727949423791,5.756210181904435,5.866670691153639,27566800
2011-08-12,5.860534191131592,6.265555300518885,5.811440758796154,6.148958545032191,21061100
2011-08-15,6.228733539581299,6.265553898211972,5.9218993635380865,5.940309835473297,17044600
2011-08-16,6.1919145584106445,6.345331666061097,6.118274416967205,6.198051383174219,17603500
2011-08-17,6.290101528167725,6.44351863861084,6.198051495997788,6.216461385383809,15318800
2011-08-18,5.891216278076172,6.093726782768815,5.842122857862182,6.081453135095452,18293700
2011-08-19,5.694843769073486,6.020088509892188,5.688707528583255,5.774620747845626,18148000
2011-08-22,5.676431655883789,5.891215790472563,5.639611301150974,5.885078967143813,14226700
2011-08-23,5.989406108856201,5.989406108856201,5.6027947927164234,5.688708613605271,14293500
2011-08-24,6.198052883148193,6.222599602903158,5.835988327832492,5.946448274109851,13867400
2011-08-25,5.977128505706787,6.529430271793883,5.970991682861015,6.425106624374308,20800200
2011-08-26,6.167369365692139,6.2287358727436235,5.878944968306267,5.952585127912028,13278300
2011-08-29,6.449653625488281,6.474200332754359,6.24100632110679,6.277826089386074,11912500
2011-08-30,6.418972015380859,6.511022048856213,6.302375267296089,6.37601541112434,10496300
2011-08-31,6.5171589851379395,6.578526065329611,6.412835299956008,6.443518840051843,9694200
2011-09-01,6.24714469909668,6.578525622286573,6.24714469909668,6.517158546227781,10751300
2011-09-02,5.903488636016846,6.179639238076036,5.878941928839133,6.13054582372061,12322500
2011-09-06,5.983269691467285,6.044636794193744,5.713255726999005,5.7193919690796,14645400
2011-09-07,6.412837028503418,6.431246923427272,6.0998658885978525,6.161232985330711,14479400
2011-09-08,6.210323810577393,6.388287613791694,6.155093563848857,6.36374090249454,13044300
2011-09-09,6.020089149475098,6.2962398990312085,6.020089149475098,6.185779365112774,12976700
2011-09-12,6.093729496002197,6.185779553578789,5.872808421434388,5.92803869007634,14709300
2011-09-13,6.351469993591309,6.468066765487089,6.1244121055353835,6.155095651373208,17488400
2011-09-14,6.449653625488281,6.5662503386922335,6.290099735638945,6.406696448842897,14883100
2011-09-15,6.566251754760742,6.627618828780104,6.449655016411703,6.541705042200955,12330800
2011-09-16,6.547840595245361,6.603070834090678,6.35146693289728,6.584660364315787,13323300
2011-09-19,6.425107002258301,6.511020186193427,6.326920171909773,6.437380063432031,12725400
2011-09-20,6.36987829208374,6.584661888690261,6.357604642725749,6.4619283213094185,12177900
2011-09-21,5.995539665222168,6.443517250278879,5.989402841669135,6.406696894200387,14287500
2011-09-22,5.891216278076172,5.940309698290163,5.719388722087473,5.842122857862182,29252000
2011-09-23,6.038497447967529,6.050770512249183,5.829850088021037,5.854396801824164,13983400
2011-09-26,6.45579195022583,6.46806501409374,6.075317021244021,6.099863734219641,15308300
2011-09-27,6.412837028503418,6.7626285434967,6.3391968635679925,6.633758108549704,16994100
2011-09-28,6.239683628082275,6.517964738097091,6.227315290423714,6.4437564814101265,11734200
2011-09-29,6.468492031097412,6.548884449953636,6.221131195966532,6.406651527437317,18336100
2011-09-30,6.245866298675537,6.456122680642322,6.245866298675537,6.375730864164978,15987500
2011-10-03,6.060345649719238,6.419019113602702,6.060345649719238,6.221130468633807,15000000
2011-10-04,6.57980489730835,6.592172644555037,5.936666117101877,5.979954117097434,25116000
2011-10-05,6.573618412017822,6.641642472287291,6.320073490394415,6.548882336487601,20747800
2011-10-06,6.870453357696533,6.882821694010145,6.381915278648874,6.548884280354209,19446500
2011-10-07,6.542698383331299,6.919923694896032,6.45612182127753,6.919923694896032,18917800
2011-10-10,6.783876895904541,6.8271648905152285,6.6107237379524,6.672564235757406,13414700
2011-10-11,6.746770858764648,6.820979084453777,6.629274648862168,6.734403116027071,19577500
2011-10-12,7.117813587188721,7.235309813767319,6.796243973807907,6.808612308055463,23973600
2011-10-13,6.9446611404418945,7.04978963303626,6.765324404208218,7.025053551823156,13699100
2011-10-14,7.012688159942627,7.179656616736317,6.814799443815323,7.068344508792155,12538900
2011-10-17,6.567436695098877,6.9322943875635,6.5427006103430445,6.889006386679488,15936700
2011-10-18,6.932292461395264,7.000316528134321,6.561250703398587,6.610722859164195,19332900
2011-10-19,6.592170715332031,6.963212460222206,6.5736188050139015,6.932292216522259,20948700
2011-10-20,7.1920247077941895,7.2724171433810305,6.87663913505078,6.957031570637622,32174300
2011-10-21,7.210574150085449,7.3899108787156225,7.111629829428067,7.3218868057023405,28876300
2011-10-24,7.4270148277282715,7.5074072306557245,7.229125609078144,7.235309776169786,16026800
2011-10-25,7.229124069213867,7.4208290799375725,7.192020254076705,7.352805025683101,21116400
2011-10-26,7.420830249786377,7.488854314764429,7.253861286083975,7.358989761802983,29781100
2011-10-27,7.723849773406982,7.8784504522490195,7.532145261905539,7.779506112150882,24090500
2011-10-28,7.612537384033203,7.71148172021075,7.513592458100893,7.668193130817,14759500
2011-10-31,7.4270148277282715,7.686743948030925,7.408462326453344,7.482671152043788,15173100
2011-11-01,7.043606281280518,7.396095597327423,7.018870199272923,7.12399869524388,26150600
2011-11-02,7.315703868865967,7.420832374687758,7.167287362913356,7.192023447238792,16031500
2011-11-03,7.4270148277282715,7.451750906340209,7.1920217860375555,7.408462326453344,23638600
2011-11-04,7.4270148277282715,7.4888547293807965,7.235309776169786,7.321886346188882,15675200
2011-11-07,7.575432777404785,7.600168860842856,7.365175773303811,7.420832108478157,14416700
2011-11-08,7.723849773406982,7.748585858431517,7.451752838137105,7.65582568702821,19139800
2011-11-09,7.2538580894470215,7.544507311278038,7.229122023105297,7.4702991122528655,21815500
2011-11-10,7.4270148277282715,7.4950388964724395,7.309518012005596,7.433198994819914,13618200
2011-11-11,7.53214693069458,7.618722952584456,7.470306409554739,7.5445146810695976,10251500
2011-11-14,7.3404364585876465,7.581613608258124,7.309516220462535,7.47030098690952,14923100
2011-11-15,7.396096229553223,7.4393842293281365,7.253863303535302,7.2971518930649815,14916800
2011-11-16,7.408464431762695,7.612537875497284,7.266232086763669,7.290968172405012,15176500
2011-11-17,7.3033318519592285,7.532140645643642,7.2600432873806895,7.396091966512166,16781400
2011-11-18,7.352809429168701,7.420833524161767,7.266232825741731,7.383729097048819,10354200
2011-11-21,7.123997211456299,7.229125095776483,7.062156724440103,7.229125095776483,12160200
2011-11-22,7.0188679695129395,7.136364174284042,6.963211655238118,7.074523694033234,10000000
2011-11-23,6.765323162078857,6.987948441876959,6.752955418620401,6.944659865385891,13185000
2011-11-25,6.783876895904541,6.926109215199483,6.734404733562413,6.734404733562413,3438100
2011-11-28,7.025053977966309,7.074526143393522,6.90755773251536,7.025053977966309,11468100
2011-11-29,6.938476085662842,7.11162861730062,6.895187510437469,7.0312362230301515,10023600
2011-11-30,7.4764885902404785,7.4950405057440825,7.111630910059284,7.192023330247917,15351400
2011-12-01,7.389910697937012,7.482671438600114,7.328070793916266,7.470303103943172,6847900
2011-12-02,7.4950408935546875,7.6434574047724535,7.457937060627641,7.4950408935546875,11126300
2011-12-05,7.767136573791504,7.7733201513059145,7.57543151673315,7.606351763323807,14713700
2011-12-06,7.618718147277832,7.7795029290267,7.606350404703444,7.7733187628622336,14346300
2011-12-07,7.6620073318481445,7.699111152285507,7.420830139986917,7.538326357711355,10393800
2011-12-08,7.402280807495117,7.612537829040821,7.365176384382136,7.593985322606931,13744800
2011-12-09,7.736213684082031,7.779501660666591,7.482668810221976,7.495036550779943,16512100
2011-12-12,7.563061714172363,7.662006602007771,7.445565507639964,7.655822435939083,11990300
2011-12-13,7.365175247192383,7.637272735329359,7.272415088364378,7.6063524858017875,13554900
2011-12-14,7.297150611877441,7.451751257935206,7.216758205156844,7.272414532098385,15354600
2011-12-15,7.402280807495117,7.476489063966284,7.35280863651434,7.420832724174209,10003300
2011-12-16,7.4641194343566895,7.587800430155114,7.408463104198338,7.439383353147944,14324000
2011-12-19,7.321889877319336,7.50122668118336,7.272417696236496,7.470306420567856,7517500
2011-12-20,7.538325309753418,7.637270193258713,7.42701327416104,7.451749347598737,13127100
2011-12-21,7.723849773406982,7.730033942101813,7.48267309185647,7.550697178235243,8506300
2011-12-22,7.989762306213379,8.076338889752993,7.791873646413951,7.791873646413951,12067900
2011-12-23,7.940291404724121,8.088707923189755,7.890819231902243,8.076340174861697,10662000
2011-12-27,7.8846330642700195,7.971209639640351,7.841345071462188,7.903184976936994,6029100
2011-12-28,7.828623294830322,7.921969122728851,7.778838774154001,7.890854242414875,6516500
2011-12-29,8.033987045288086,8.033987045288086,7.834848901748196,7.878410222277926,6663000
2011-12-30,7.915748119354248,8.046432661188343,7.8908558539324405,8.046432661188343,6125400
2012-01-03,8.139778137207031,8.226901358952215,8.083770394190728,8.089993608632183,13867200
2012-01-04,8.146001815795898,8.214455398117105,8.021540487267147,8.08377085479231,8569000
2012-01-05,8.38248062133789,8.426041948266729,8.04643465801033,8.096219201208593,14944100
2012-01-06,8.394923210144043,8.438485113685632,8.22067737641271,8.394923210144043,14212500
2012-01-09,8.35136604309082,8.450935140332302,8.264242786265207,8.407373808658813,13639400
2012-01-10,8.618956565856934,8.687410156979489,8.450933305630885,8.49449462784719,18750600
2012-01-11,8.556724548339844,8.60650908005191,8.432263219059678,8.575393599362261,12258000
2012-01-12,8.606511116027832,8.662518875822837,8.46338070186599,8.57539562797743,12419600
2012-01-13,8.730977058410645,8.79320806718199,8.401154136271838,8.482054210283033,20302400
2012-01-17,8.55049991607666,8.811868960976675,8.488269558491815,8.71852312786024,13380500
2012-01-18,8.556724548339844,8.612732294885527,8.407370953203644,8.525609067650194,15366900
2012-01-19,8.438486099243164,8.730970063082735,8.394924190613844,8.712301012800687,15588900
2012-01-20,8.195789337158203,8.301581653371922,7.953089212877556,8.264242944452343,31337400
2012-01-23,8.33891773223877,8.494494560030377,8.220679604247687,8.220679604247687,21645900
2012-01-24,8.357585906982422,8.388700792278147,8.177116842266598,8.26423947066006,11925300
2012-01-25,8.394923210144043,8.45093094792727,8.251792852234319,8.320246424259185,10454600
2012-01-26,8.139778137207031,8.463378166421949,8.089993608632183,8.444708523097583,15365700
2012-01-27,8.233128547668457,8.289136321757965,8.089998096976354,8.10866715717995,8934100
2012-01-30,8.083771705627441,8.177118156957748,8.01531811610134,8.139779457729928,10886600
2012-01-31,8.096217155456543,8.189563001997016,8.046432624837834,8.114886206068954,9719300
2012-02-01,8.177115440368652,8.28913031388172,8.139776753545434,8.152223180312603,10758000
2012-02-02,8.233128547668457,8.314028599855666,8.121113592968163,8.195790427261267,6431700
2012-02-03,8.457157135009766,8.494495244339719,8.332695781445679,8.376257106823473,10776400
2012-02-06,8.394923210144043,8.45093094792727,8.345138686220805,8.413592851724012,4891700
2012-02-07,8.419815063476562,8.538053747164668,8.332692447578285,8.332692447578285,10236100
2012-02-08,8.469602584838867,8.581618094643867,8.401148991890544,8.438487692985051,10432500
2012-02-09,8.413594245910645,8.538055576342783,8.363809120259353,8.488271044169927,8238800
2012-02-10,8.3078031539917,8.363810315581652,8.264241237005928,8.33891804593772,8014100
2012-02-13,8.401151657104492,8.469605271769305,8.370036161900957,8.370036161900957,8533000
2012-02-14,8.276686668395996,8.413594431632674,8.177117601852395,8.351363468303697,12109100
2012-02-15,8.314023971557617,8.432262671808951,8.27046265750628,8.301578136176547,11864900
2012-02-16,8.482047080993652,8.488270295335859,8.282908969870169,8.326470283308836,9658300
2012-02-17,8.58784008026123,8.618955561136504,8.463378750238578,8.544278169644477,10315800
2012-02-21,8.656294822692871,8.774533547158265,8.569172176748387,8.61895671542481,12645000
2012-02-22,8.457157135009766,8.656295300712307,8.432264864296949,8.63762624604733,8667400
2012-02-23,8.59406566619873,8.600288289307834,8.413596539505596,8.475826924946809,8678000
2012-02-24,8.463375091552734,8.66251313350234,8.413590581065334,8.600282198654,11354200
2012-02-27,8.450927734375,8.482043198364632,8.345135512897114,8.41358965236993,13040800
2012-02-28,8.475826263427734,8.500718534357153,8.38248039581205,8.482049479529728,13649200
2012-02-29,8.469602584838867,8.587841310406038,8.37003350655821,8.500718070171203,12207000
2012-03-01,8.538054466247559,8.58783899194756,8.457154463615463,8.500715775233376,13403500
2012-03-02,8.469602584838867,8.575394878881696,8.450933531030874,8.550502609311533,9213800
2012-03-05,8.282912254333496,8.463381387471047,8.239350330142624,8.43848911370996,9731000
2012-03-06,8.052656173706055,8.226902644422793,8.015318068179958,8.22067942900895,13254200
2012-03-07,8.276686668395996,8.332694416696384,8.052655675194442,8.071325320280204,15388300
2012-03-08,8.388701438903809,8.43848656486702,8.258017486240112,8.357586551209655,8614800
2012-03-09,8.562948226928711,8.594063709303523,8.338917228612829,8.3949249781918,8732100
2012-03-12,8.450927734375,8.544273532865786,8.338912301403566,8.53805091485035,8429100
2012-03-13,8.811871528625488,8.849210228839006,8.494494653985361,8.525610138583541,13270100
2012-03-14,8.886550903320312,8.95500510791168,8.562951313040076,8.650073982914646,25689600
2012-03-15,9.00478744506836,9.160364281262112,8.818095122940152,8.948779689082045,18252800
2012-03-16,8.917664527893066,9.085687801970746,8.849210931127283,9.085687801970746,14160400
2012-03-19,9.023454666137695,9.166585041489553,8.861654646930752,8.942554656534224,15257800
2012-03-20,9.023454666137695,9.060793360369455,8.880324290785838,8.979893350765984,12388700
2012-03-21,8.86165714263916,9.123026295435642,8.855433926268153,9.073241751424748,14165900
2012-03-22,8.768310546875,8.818095086774537,8.687410521168621,8.818095086774537,18859500
2012-03-23,8.799424171447754,8.818093221591614,8.643847368799317,8.768308692222385,12722000
2012-03-26,8.898996353149414,8.90521956987411,8.768311769323887,8.836765372859693,11208600
2012-03-27,8.712303161621094,8.917664545809593,8.706079945499368,8.898995490922971,12359500
2012-03-28,8.824960708618164,8.906325067120331,8.743595753226767,8.743595753226767,18043000
2012-03-29,8.78115463256836,8.868778630196863,8.712307589575026,8.799931587203528,15796000
2012-03-30,8.79366683959961,8.900067125246672,8.731078225611009,8.875031799029083,9077300
2012-04-02,9.037760734558105,9.081573001232483,8.712301507645599,8.712301507645599,16018400
2012-04-03,9.125386238098145,9.181715878574817,8.993950609282354,9.181715878574817,19547000
2012-04-04,9.062797546386719,9.119127186430479,8.931362515470392,9.01898586941461,12995500
2012-04-05,9.150420188903809,9.16919653393733,8.981431889823615,9.000208234857137,13852000
2012-04-09,8.95639705657959,9.06905572986404,8.918843767558586,8.937620113624448,11283500
2012-04-10,8.699782371520996,9.012724192034545,8.699782371520996,8.981430487494514,15263500
2012-04-11,8.925102233886719,8.925102233886719,8.749854357746566,8.831219315192513,8127600
2012-04-12,9.062797546386719,9.075315509458369,8.900068204680599,8.918844552398742,7163200
2012-04-13,8.774890899658203,9.025244173403241,8.762372937526308,9.006467827094685,10604900
2012-04-16,8.831220626831055,8.912585596361563,8.674749669323768,8.862514937710378,9849100
2012-04-17,8.987691879272461,9.056539484844098,8.88755055868392,8.956398164255557,13410400
2012-04-18,8.86251449584961,9.050279754874756,8.843738149013886,8.918844133246084,12301600
2012-04-19,8.593385696411133,8.975175259016126,8.518279699723937,8.950139926787061,22666700
2012-04-20,8.731080055236816,8.73733903732512,8.580868066453888,8.674750410220872,17426700
2012-04-23,8.643457412719727,8.668492746266564,8.48698642882964,8.555833446861083,13044000
2012-04-24,8.731080055236816,8.73733903732512,8.637197711469833,8.643456693558134,14147100
2012-04-25,8.95639705657959,9.012726094777175,8.762372824268084,8.881290478537583,13534700
2012-04-26,8.993949890136719,9.03150317974823,8.918843907802987,8.925102888886453,9414600
2012-04-27,9.006467819213867,9.04402051179812,8.93762022132726,9.018985184445523,8768400
2012-04-30,8.906325340270996,9.006467240131926,8.824960979273442,8.950137607988042,10796800
2012-05-01,9.012727737426758,9.106610678645625,8.893810061483459,8.912586410971477,7766600
2012-05-02,9.012727737426758,9.050281033292183,8.881292097231855,8.962657074199116,8324100
2012-05-03,9.044020652770996,9.081573942829895,8.981432631858562,9.012726343870131,12825600
2012-05-04,8.756114959716797,9.056539519522115,8.56209129955591,9.018986225712942,10380400
2012-05-07,9.006467819213867,9.04402051179812,8.743596583566953,8.749854967738136,13036200
2012-05-08,8.89380931854248,8.975174288712951,8.799926982055426,8.925103629667944,10740300
2012-05-09,8.756114959716797,8.843738914011963,8.681008968987806,8.781150289959793,7942200
2012-05-10,8.881290435791016,8.968914378492094,8.837478762885114,8.868773070770448,9215400
2012-05-11,8.806185722351074,8.912586026340351,8.668491702862072,8.76237404313997,10283000
2012-05-14,8.612160682678223,8.78740796838636,8.605901701823472,8.693525643122175,8372000
2012-05-15,8.499497413635254,8.699779931588337,8.474462098891118,8.618415606336637,11603400
2012-05-16,8.480725288391113,8.662231559645715,8.474466307374577,8.568348635065504,9508400
2012-05-17,8.31799602508545,8.499502310780883,8.31799602508545,8.486984944641197,14079700
2012-05-18,8.355546951293945,8.405617595453153,8.292958347650353,8.355546951293945,13216100
2012-05-21,8.374324798583984,8.455689759187113,8.29921881884785,8.361806836849993,8281600
2012-05-22,8.418135643005371,8.537053880226363,8.349288650906887,8.399359299140187,11260100
2012-05-23,8.505759239196777,8.505759239196777,8.249147027935637,8.292958694183387,20063400
2012-05-24,8.493240356445312,8.55582895590435,8.36806375441636,8.53079363549856,9156400
2012-05-25,8.46194839477539,8.543312755169284,8.418136127383397,8.512019045889746,6487400
2012-05-29,8.46194839477539,8.549571735780889,8.361806495657436,8.530795390835317,12460500
2012-05-30,8.28044319152832,8.418137808027542,8.24914947600113,8.418137808027542,11245700
2012-05-31,8.355546951293945,8.424393937790567,8.180299099847552,8.343028991809563,17137100
2012-06-01,7.836062908172607,8.217851686840143,7.811026991319873,8.199075346089703,21221900
2012-06-04,7.566933631896973,7.861099122607871,7.541898309084716,7.848581162757153,17837300
2012-06-05,7.654560089111328,7.748443035662213,7.535642406414182,7.541901388895458,16207300
2012-06-06,7.929946422576904,7.929946422576904,7.6983695282457925,7.7734754996324344,12048000
2012-06-07,7.973759651184082,8.080159947369637,7.929947975186259,8.055124618672407,11433300
2012-06-08,8.092680931091309,8.10519830166789,7.7985152614223505,7.973762627721296,10782200
2012-06-11,7.954980850219727,8.211593039438243,7.936204508710578,8.174040356419948,11441000
2012-06-12,8.048866271972656,8.055125253862848,7.848583626601444,7.967501298068259,9606300
2012-06-13,7.9987945556640625,8.167783463074999,7.948723900925108,8.02382988303354,9699500
2012-06-14,8.16152286529541,8.192817167530494,7.998792971184306,8.02382829359454,12541100
2012-06-15,8.249146461486816,8.255404844171615,8.105192915731857,8.174040497266938,10389600
2012-06-18,8.105196952819824,8.249150570276116,8.073902636251983,8.211597271016819,11008300
2012-06-19,8.217855453491211,8.274185098450314,8.136490477093549,8.174043772696079,10611600
2012-06-20,8.211592674255371,8.267922293166881,8.1051924156201,8.236627994117253,10280100
2012-06-21,8.16152286529541,8.29295845717143,8.105193240650092,8.249146792175813,17509600
2012-06-22,8.305480003356934,8.349291687271647,8.167785372195716,8.1928207054169,13492500
2012-06-25,7.961241245269775,8.192818154689615,7.942464303532775,8.155264868104855,12592400
2012-06-26,8.055127143859863,8.123974170137647,7.942467830960304,8.011315454127594,9737400
2012-06-27,8.174784660339355,8.199977178227236,8.029931286220155,8.092911379694485,8442900
2012-06-28,8.199975967407227,8.21257162386859,8.004738186964037,8.111803969687303,9975100
2012-06-29,8.43930435180664,8.46449628178786,8.357431029834926,8.458198749759795,12393700
2012-07-02,8.502283096313477,8.527475022203562,8.37632346686304,8.527475022203562,8569700
2012-07-03,8.502283096313477,8.571560742355492,8.477091170423389,8.483389302051632,4045400
2012-07-05,8.451896667480469,8.514876763313982,8.407810960770632,8.483386715397225,8335600
2012-07-06,8.426705360412598,8.451897280448488,8.325937680269034,8.332235209810944,5704100
2012-07-09,8.382619857788086,8.464493149462204,8.300745965491203,8.38891738748572,5630800
2012-07-10,8.256661415100098,8.477091218351811,8.231469489067578,8.414111102959067,8878500
2012-07-11,8.445598602294922,8.464492390940238,8.244063255084328,8.244063255084328,7896900
2012-07-12,8.40151309967041,8.433003148593947,8.3070429528998,8.351129261641843,8712700
2012-07-13,8.621941566467285,8.63453782530049,8.388916183657107,8.39521431307371,7176600
2012-07-16,8.596750259399414,8.640836567821061,8.514876973665043,8.584154600295173,5793600
2012-07-17,8.766796112060547,8.77939177109307,8.56526076255842,8.691220355997249,9537000
2012-07-18,8.672327041625977,8.760498461545918,8.634538861215464,8.741604671652038,8392800
2012-07-19,8.691222190856934,8.817181810887906,8.60305015652383,8.754201700560998,12150900
2012-07-20,8.5904541015625,8.691221792974149,8.464493886675122,8.659731739252305,7360800
2012-07-23,8.508578300476074,8.552664005459855,8.420406289885829,8.48338638325353,10657100
2012-07-24,8.621941566467285,8.628239695883886,8.495981981248631,8.552663944752695,13255300
2012-07-25,8.659732818603516,8.684924744596355,8.584157040624994,8.628242760956741,8540300
2012-07-26,8.905351638793945,8.949437344726215,8.747902002609896,8.785689578945357,14180000
2012-07-27,8.968328475952148,9.050202334586766,8.892752745048467,8.98092473141402,10770700
2012-07-30,8.829776763916016,8.974630155316946,8.810882373245912,8.96203389487021,8184500
2012-07-31,8.703817367553711,8.848671372984896,8.697519837370209,8.836075111372265,8853200
2012-08-01,8.684922218322754,8.842371860134714,8.678624088500824,8.741604185474694,9588600
2012-08-02,8.60934829711914,8.70381786209022,8.50228246981973,8.603050165954976,10411800
2012-08-03,8.861266136169434,8.911649976269542,8.71641274603731,8.760498455969216,7409100
2012-08-06,8.804581642150879,8.943137463021834,8.804581642150879,8.886455509000871,5449900
2012-08-07,8.96203327178955,9.031311498184555,8.817179890459476,8.823478020244972,9817300
2012-08-08,9.006122589111328,9.025016384158564,8.848672895597574,8.886460485692043,7546000
2012-08-09,9.01871395111084,9.081694038729376,8.99982016507433,9.0313102088836,10008000
2012-08-10,8.999821662902832,9.012417922771968,8.924245905556193,8.980927873721853,5906000
2012-08-13,9.01871395111084,9.050203994920109,8.924244420305666,8.980926379037822,5424000
2012-08-14,8.974628448486328,9.069097981379233,8.943138403981147,9.05020419492518,6703300
2012-08-15,8.999821662902832,9.037609841887516,8.917947775621624,8.94313969473717,4938300
2012-08-16,9.025012969970703,9.075396804784924,8.955735347256821,8.980927264663931,8295500
2012-08-17,9.069099426269531,9.113185735849681,8.999821797818923,9.062801896863286,10386900
2012-08-20,9.05020523071289,9.125780985801319,9.025013312350081,9.06280149020565,6404500
2012-08-21,9.0628023147583,9.195060048351813,9.025014133464685,9.10688802574855,7293200
2012-08-22,9.327317237854004,9.459574963732512,9.21395330120879,9.321019107901996,20330900
2012-08-23,9.213953018188477,9.321018821592999,9.195059229535534,9.295826903181506,6818400
2012-08-24,9.327317237854004,9.358806686368581,9.21395330120879,9.21395330120879,7573500
2012-08-27,9.390300750732422,9.402897016022512,9.3084268282158,9.402897016022512,8126200
2012-08-28,9.402894973754883,9.49736454042023,9.358808655437912,9.358808655437912,13444100
2012-08-29,9.522550582885742,9.541444364423668,9.402889165648888,9.402889165648888,7452900
2012-08-30,9.497361183166504,9.554043143378161,9.409189178323633,9.46587113853529,9035200
2012-08-31,9.535149574279785,9.598129064355698,9.497361399736109,9.535149574279785,9276500
2012-09-04,9.47846794128418,9.541447433542862,9.440679765430826,9.459574153668843,9604300
2012-09-05,9.396594047546387,9.522553632508936,9.377700259957674,9.50995797432402,16970900
2012-09-06,9.48476505279541,9.554042667031917,9.44067875226071,9.44697688099747,15037400
2012-09-07,9.64221477508545,9.705194261288046,9.491062686829451,9.528850859049106,11615900
2012-09-10,9.572936058044434,9.673703711188704,9.541446016281203,9.56663792956727,9135900
2012-09-11,9.560343742370605,9.648515169370167,9.503661767515,9.535151820281758,12917200
2012-09-12,9.617024421691895,9.71149396664313,9.591831902373997,9.617024421691895,12030100
2012-09-13,9.831157684326172,9.850052078146602,9.598132232813237,9.604430364086713,11952500
2012-09-14,9.938220977783203,10.045286779623437,9.82485764689914,9.8374533056095,15004600
2012-09-17,9.913030624389648,9.982308860410813,9.887838702369988,9.982308860410813,9485600
2012-09-18,9.856346130371094,9.913028090582909,9.818558557311647,9.868942388472673,9168300
2012-09-19,9.824858665466309,9.913030087447893,9.799666744811175,9.843752455801967,9587800
2012-09-20,9.818560600280762,9.843752521103012,9.648514684263494,9.799666809819767,11600600
2012-09-21,9.812262535095215,9.938222140043125,9.787070614105634,9.938222140043125,8738900
2012-09-24,9.868943214416504,9.913028920216327,9.705195449127597,9.73668549639434,8981800
2012-09-25,9.799665451049805,9.944518825537449,9.774473533720533,9.875241203037621,11066900
2012-09-26,9.73628044128418,9.85671654316746,9.717264437384454,9.786990188022026,11210300
2012-09-27,9.818681716918945,9.888408056342309,9.710923378271682,9.755294850043203,7526900
2012-09-28,9.83135986328125,9.888408469005583,9.748956388846967,9.767972389252492,9009300
2012-10-01,9.818681716918945,9.964472659297837,9.742617113963417,9.742617113963417,12129300
2012-10-02,9.79966926574707,9.888411636915814,9.717265764913511,9.793330395411886,11145400
2012-10-03,9.958136558532715,10.002507438126768,9.82502331524266,9.863055929543203,10761700
2012-10-04,10.135619163513184,10.135619163513184,9.99616767581378,10.008844809010178,8982100
2012-10-05,10.135619163513184,10.243377515967689,10.059554550811379,10.148296901217385,12899000
2012-10-08,10.129281044006348,10.179990789558962,10.091249037095812,10.135619913327387,8129900
2012-10-09,10.053214073181152,10.167311880736921,10.015182075170273,10.141956409386056,9973200
2012-10-10,10.027857780456543,10.0658903775672,9.939116061377714,9.951793190742851,8977500
2012-10-11,10.072232246398926,10.17998999389504,10.072232246398926,10.084909379542314,6584500
2012-10-12,9.679230690002441,9.95813424693514,9.653875216682621,9.932779378123078,19630700
2012-10-15,9.7426176071167,9.755295343838208,9.615843262440404,9.736278738755944,10730000
2012-10-16,9.508085250854492,9.812343688718101,9.495407513689619,9.806005424643445,19484700
2012-10-17,9.590487480163574,9.653874344211252,9.508084012844662,9.520761748358819,13826100
2012-10-18,9.584145545959473,9.672887852642365,9.527096963413864,9.666548986913407,15986500
2012-10-19,9.520764350891113,9.609506105717252,9.495408872931797,9.546119224342561,12298100
2012-10-22,9.533440589904785,9.584150332044612,9.451037107800612,9.482730847764957,11616500
2012-10-23,9.311583518981934,9.43835845847599,9.235518917990126,9.419341854847254,10971900
2012-10-24,9.235517501831055,9.413002148104447,9.216501505625912,9.413002148104447,8478800
2012-10-25,9.279890060424805,9.355954658726521,9.12776025931368,9.317922057321818,10072600
2012-10-26,9.184808731079102,9.286228194067034,9.140437867148801,9.267212195883717,6582600
2012-10-31,9.210163116455078,9.267211712537248,9.102404791523789,9.248195715345743,7306100
2012-11-01,9.229182243347168,9.235520507806779,9.140439891326626,9.197488503017844,11857700
2012-11-02,9.115081787109375,9.30524355713263,9.0833880580209,9.229178970024849,8280600
2012-11-05,9.07705020904541,9.121421676547367,8.988308483056834,9.121421676547367,5384500
2012-11-06,9.248198509216309,9.273553381300546,9.096069276710882,9.096069276710882,7247700
2012-11-07,8.950277328491211,9.191148889161903,8.937600196091578,9.184810020708202,11696800
2012-11-08,8.89956283569336,9.108740546859709,8.89956283569336,8.975627402980447,9446800
2012-11-09,8.975630760192871,9.051695355930883,8.798146703470842,8.905905031893276,12520100
2012-11-12,9.020002365112305,9.032680101031845,8.950276631077998,8.988309234328897,6159500
2012-11-13,8.874212265014648,9.070712945437663,8.867873396886353,8.96295460528758,8086000
2012-11-14,8.753777503967285,8.943938727196333,8.715744896616805,8.893228987067548,10156900
2012-11-15,8.874212265014648,8.918583132897245,8.715744188853671,8.747437924987414,9942000
2012-11-16,8.937601089477539,8.988310833160456,8.81082612576242,8.867874738532658,8163200
2012-11-19,9.178470611572266,9.210164347465994,9.051696272505083,9.064374008665666,11313600
2012-11-20,9.254536628723145,9.336939502941199,9.096068539906021,9.134100542697771,9104800
2012-11-21,9.241861343383789,9.286232226581994,9.153118972479431,9.26721622014104,5076600
2012-11-23,9.43835735321045,9.43835735321045,9.254534437879645,9.286227564534068,2719700
2012-11-26,9.33694076538086,9.40032825128139,9.273553883988196,9.355957373855738,7074900
2012-11-27,9.222843170166016,9.38765013262306,9.210165432511872,9.279891780594054,9561900
2012-11-28,9.298907279968262,9.298907279968262,9.083390587558771,9.191148933763516,7759100
2012-11-29,9.292571067810059,9.381313438436628,9.267216191132173,9.349619691462285,6540200
2012-11-30,9.279890060424805,9.362293526378588,9.229180328223661,9.317922057321818,7091300
2012-12-03,9.134099960327148,9.311584039224142,9.089729091729836,9.311584039224142,11941400
2012-12-04,8.9629545211792,9.15945459525052,8.905905917575353,9.153115727181707,13866500
2012-12-05,9.102402687072754,9.14677414293791,8.937596408669714,8.994644387054894,12657200
2012-12-06,9.089729309082031,9.121423046484145,9.03268070265978,9.121423046484145,7240100
2012-12-07,9.216504096984863,9.216504096984863,9.096068614479888,9.12776174889692,7592500
2012-12-10,9.229182243347168,9.305246857432854,9.17213363165595,9.203827371985271,8968400
2012-12-11,9.210163116455078,9.317921441386366,9.165792254839012,9.24185684811269,7234400
2012-12-12,9.26721477508545,9.35595713215203,9.216505029478217,9.22918276813395,9424000
2012-12-13,9.197487831115723,9.362294785182343,9.153116356093003,9.362294785182343,9131400
2012-12-14,9.102402687072754,9.2038227258306,9.083386694277694,9.191144994295552,5985000
2012-12-17,9.298907279968262,9.317923280913872,9.140439194903374,9.146778063387835,9203000
2012-12-18,9.558793067932129,9.584147932654455,9.298905553401363,9.34327641553852,13977300
2012-12-19,9.47639274597168,9.622183719806126,9.451037872849325,9.603167111583463,7673900
2012-12-20,9.59682559967041,9.615841596951293,9.463712409688915,9.470050672444106,8822400
2012-12-21,9.584145545959473,9.622178135825715,9.349612954555589,9.476387246597215,14283000
2012-12-24,9.533440589904785,9.63486007418444,9.489069716659387,9.584150332044612,3255700
2012-12-26,9.59682559967041,9.704583925108176,9.508083271513529,9.552454133338141,6981100
2012-12-27,9.622349739074707,9.65425420357772,9.52663695409272,9.590445274571696,12407400
2012-12-28,9.564921379089355,9.654253753830798,9.526636510290892,9.552159958998875,7252900
2012-12-31,9.698921203613281,9.705302218952761,9.513876018458154,9.520257033797634,8068600
2013-01-02,10.062629699707031,10.062629699707031,9.84568007801875,9.864822512718591,13866300
2013-01-03,9.973297119140625,10.062629493453883,9.90310778766186,10.05624847917572,11670500
2013-01-04,10.011585235595703,10.017966251943923,9.877586934919178,9.896729983963834,14800100
2013-01-07,9.941394805908203,9.992441714117382,9.852062412278569,9.966918260012791,10651000
2013-01-08,9.852062225341797,9.986060508980142,9.8265387717215,9.97329908643356,10703400
2013-01-09,9.832918167114258,9.94777399374467,9.801013703213917,9.88396506594399,9882600
2013-01-10,10.017961502075195,10.030723528720705,9.864820833490615,9.903106304900222,11495700
2013-01-11,9.87120532989502,10.01158402136709,9.794634968584669,10.01158402136709,10867300
2013-01-14,9.794632911682129,9.890345691088308,9.74996642056917,9.883964676854026,7942100
2013-01-15,9.832918167114258,9.877584051458514,9.69253889106898,9.730824369454796,7682300
2013-01-16,9.92225170135498,10.056249978540206,9.794634439399314,9.8265382984929,14767200
2013-01-17,10.394436836242676,10.458244556595938,10.139201695139743,10.196629008573954,25139000
2013-01-18,10.451861381530762,10.611383083561202,10.426338542073971,10.490147466296948,17729900
2013-01-22,10.528437614440918,10.541199649096983,10.375296849731967,10.400819701989487,8941800
2013-01-23,10.445483207702637,10.566718843807111,10.407197116986726,10.50290990966812,8203900
2013-01-24,10.458242416381836,10.528432354871594,10.381672680805739,10.483766472943204,7786200
2013-01-25,10.445483207702637,10.50290990966812,10.375293258444326,10.477387066245036,5722600
2013-01-28,10.324247360229492,10.471007071107113,10.260438419874868,10.426341177975168,8723400
2013-01-29,10.381674766540527,10.458244517499903,10.279580953891863,10.426340657442537,8274200
2013-01-30,10.41995906829834,10.458243941670066,10.31786526127095,10.388055209997598,11003200
2013-01-31,10.394436836242676,10.432721711865483,10.324246883388984,10.4008166346346,8396800
2013-02-01,10.522054672241211,10.611386464382369,10.432722880100055,10.439103896260765,12703800
2013-02-04,10.337007522583008,10.426339292694008,10.311483464234671,10.400815234345671,11778200
2013-02-05,10.534812927246094,10.579478807301468,10.388053259334443,10.426338125517058,9336600
2013-02-06,10.585862159729004,10.598624190293824,10.445483474678635,10.4965303798837,5938900
2013-02-07,10.509289741516113,10.700716522379794,10.439101017214744,10.61776455222265,10888100
2013-02-08,10.598624229431152,10.598624229431152,10.464625342114159,10.560338137595311,9814100
2013-02-11,10.528437614440918,10.541199649096983,10.451866623559138,10.490152727527333,12187700
2013-02-12,10.566718101501465,10.61138398714475,10.49652937422806,10.553957289213459,8284800
2013-02-13,10.279580116271973,10.560337469651486,10.241294026857735,10.547576656900889,16635700
2013-02-14,10.292342185974121,10.330628280064044,10.23491547894783,10.266819340301803,11091200
2013-02-15,10.24129581451416,10.311485773638031,10.209391951487506,10.285962926627581,9472000
2013-02-19,10.18386459350586,10.311481822291256,10.171102566363846,10.254053917206091,11020500
2013-02-20,10.100915908813477,10.228533779810723,10.075392456319449,10.17748626629556,12260600
2013-02-21,9.954154968261719,10.190247026533015,9.8967270551771,10.113676678595867,17670900
2013-02-22,10.081772804260254,10.10729625506488,10.017963872985156,10.062630368288552,6752300
2013-02-25,9.909488677978516,10.171104190905888,9.90310827191537,10.14558074107217,12966000
2013-02-26,9.928634643554688,9.979681558244245,9.845683255052348,9.954158100899466,10616400
2013-02-27,10.03072738647461,10.056250841054863,9.871205643216229,9.92863356815359,8481500
2013-02-28,10.107297897338867,10.16472582311216,9.998823061662018,10.005204077531754,8898900
2013-03-01,10.100915908813477,10.145581798546248,9.935013163338741,10.037106973314852,11481200
2013-03-04,10.222153663635254,10.234915695268295,10.02434643301326,10.100916797230017,8629000
2013-03-05,10.222153663635254,10.330628498407451,10.132821267785458,10.30510443514137,15272900
2013-03-06,10.228534698486328,10.285962623887556,10.132821286641896,10.247676528917188,11432600
2013-03-07,10.35615062713623,10.368912657885106,10.215771940061313,10.241294784504825,8861600
2013-03-08,10.42634105682373,10.445484103823972,10.324247240264357,10.432722072490478,8404200
2013-03-11,10.432720184326172,10.477386068855262,10.36253024174956,10.445482213349933,10537300
2013-03-12,10.368912696838379,10.502910369042255,10.35615066604156,10.45186346290922,6625700
2013-03-13,10.458242416381836,10.458242416381836,10.324244770596664,10.362529638384713,8843800
2013-03-14,10.445483207702637,10.560337828687793,10.40081610186741,10.490149096483673,8663400
2013-03-15,10.598624229431152,10.598624229431152,10.40081640610865,10.432721482638517,16194500
2013-03-18,10.515673637390137,10.553959734286346,10.381675949416566,10.44548489385586,7536400
2013-03-19,10.534812927246094,10.579478807301468,10.471004005572434,10.566716779555946,8466000
2013-03-20,10.541199684143066,10.605008640580925,10.515675614746076,10.598627623231678,7800400
2013-03-21,10.445483207702637,10.541196000384028,10.432721177464,10.464625036006401,8305100
2013-03-22,10.394436836242676,10.496530649272998,10.356150743565616,10.445483742757837,7034400
2013-03-25,10.432720184326172,10.45824302531962,10.349768212725799,10.40719612627865,8041100
2013-03-26,10.541932106018066,10.567629055414098,10.464843708425951,10.509812144571017,6967600
2013-03-27,10.51623249053955,10.535503970157452,10.43914289617534,10.496959785624114,4895200
2013-03-28,10.477691650390625,10.516237077032484,10.407027485476686,10.477691650390625,5584400
2013-04-01,10.368478775024414,10.471264096253334,10.317086114409953,10.458416850072979,5702700
2013-04-02,10.381327629089355,10.419871819646264,10.329934966580902,10.368479157137811,6808400
2013-04-03,10.272117614746094,10.426295595466948,10.16290805857328,10.362054463842176,13451600
2013-04-04,10.246424674987793,10.304242202699962,10.182184134755788,10.272121013610402,8668800
2013-04-05,10.291391372680664,10.31708709277577,10.047275905288172,10.105092194475509,10322800
2013-04-08,10.41987133026123,10.445568272957425,10.20787706685714,10.272117585651122,10211700
2013-04-09,10.529081344604492,10.593322478844634,10.407024537375719,10.471264446318138,8064300
2013-04-10,10.683260917663574,10.71538210220129,10.574051340831147,10.644716721516218,9086900
2013-04-11,10.831016540527344,10.831016540527344,10.619021611545042,10.676838521749122,9786800
2013-04-12,10.5933256149292,10.753927885425938,10.50338873554641,10.721807921445825,16086400
2013-04-15,10.329934120178223,10.593321647115106,10.317085649279441,10.580473176216326,10054600
2013-04-16,10.374903678894043,10.451993287429046,10.31708677881723,10.381327915046773,9928500
2013-04-17,10.150060653686523,10.265693838073158,10.04727532861002,10.259270214742523,11215000
2013-04-18,10.22714900970459,10.43914388261659,10.034426230880364,10.43914388261659,16586100
2013-04-19,10.535506248474121,10.548354721196244,10.207878158495689,10.297815629603848,11483200
2013-04-22,10.439143180847168,10.496960071872588,10.34920633938432,10.477687366431592,6563600
2013-04-23,10.580473899841309,10.599746607507587,10.419871678515435,10.477688576216567,8093500
2013-04-24,10.741076469421387,10.741076469421387,10.567626995992011,10.586898478985415,6444900
2013-04-25,10.811742782592773,10.88883239717199,10.721805919998564,10.760350114639246,5791500
2013-04-26,10.76677417755127,10.824591081228222,10.696108800768808,10.798894135017205,3342700
2013-04-29,10.811742782592773,10.850286977233454,10.766774351295668,10.773198587952091,4412600
2013-04-30,10.940224647521973,10.946648883933173,10.71538127432118,10.818166606304775,9295500
2013-05-01,10.760351181030273,10.99161882238956,10.728231219862806,10.940226149342827,7515000
2013-05-02,10.831016540527344,10.90168069998946,10.734654206655227,10.773199630323264,4457000
2013-05-03,10.985191345214844,10.998039816011598,10.92737445192706,10.953070168222954,6916000
2013-05-06,11.113673210144043,11.12009744602385,10.93379950670026,10.972343696681397,4109300
2013-05-07,11.248579978942871,11.261428451006227,11.113673472873113,11.158643125094857,6898100
2013-05-08,11.319247245788574,11.351367206028812,11.21003766555465,11.242157625794887,7591900
2013-05-09,11.287125587463379,11.441303595694714,11.2614298654071,11.344942493712367,8011200
2013-05-10,11.377060890197754,11.389909362110359,11.293548273361258,11.306396745273865,5419300
2013-05-13,11.370636940002441,11.409181127257694,11.274274633917875,11.338515762875044,13724100
2013-05-14,11.50554370880127,11.544087901084138,11.389909906654879,11.389909906654879,7011100
2013-05-15,11.614754676818848,11.659723110793754,11.44130395266027,11.505545097752105,6229900
2013-05-16,11.57620620727539,11.691839980702383,11.544085033935962,11.569781972607505,5154600
2013-05-17,11.723962783813477,11.76250697590976,11.589057498827597,11.672570119252507,6115300
2013-05-20,11.813899993896484,11.826748466745547,11.685418941299295,11.71111466169961,6307200
2013-05-21,11.756082534790039,11.884564806602135,11.704689871124751,11.852444851297989,7774100
2013-05-22,11.563359260559082,11.878139448949696,11.556935025045277,11.801051073379313,13408800
2013-05-23,11.627601623535156,11.691842760188498,11.409182494092457,11.441302449770243,8075700
2013-05-24,11.723962783813477,11.723962783813477,11.569784790130567,11.601904745994508,5606000
2013-05-28,11.839591026306152,11.948800540382825,11.794622619091735,11.897407899952462,6804000
2013-05-29,11.865291595458984,11.91668425694655,11.73038631854076,11.743234790237077,11196400
2013-05-30,11.903837203979492,12.03874248308986,11.852444541656821,11.858867552311649,9266500
2013-05-31,11.69184398651123,11.9166861504343,11.69184398651123,11.865293480780755,9136700
2013-06-03,11.69184398651123,11.768932378342598,11.447727886683476,11.711115471820124,10743200
2013-06-04,11.511966705322266,11.76250576612663,11.486269763035844,11.672568918719453,9863900
2013-06-05,11.377060890197754,11.544087349168464,11.357789407626568,11.48627045085946,8452600
2013-06-06,11.608329772949219,11.608329772949219,11.332093722631022,11.344942195970905,9101000
2013-06-07,11.83316707611084,11.846015542850035,11.62117227610304,11.717533326052544,8354000
2013-06-10,11.948810577392578,12.013051738217454,11.833176732967447,11.833176732967447,8096900
2013-06-11,11.781783103942871,11.923112666178085,11.749663138757,11.865295748605014,8191500
2013-06-12,11.768930435180664,11.87813999332515,11.711113538204309,11.865291521708693,9989300
2013-06-13,11.85244369506836,11.878139411745458,11.659720306150765,11.723961435789963,8225900
2013-06-14,11.762505531311035,11.87813931869623,11.691841392029346,11.865290847809515,8866600
2013-06-17,11.749662399291992,11.903840428017611,11.691845485357629,11.858870764170176,6971500
2013-06-18,11.820322036743164,11.878138928536657,11.730385194085544,11.775353615414355,6251100
2013-06-19,11.627601623535156,11.865292236265422,11.621177387340046,11.794628088714738,10728200
2013-06-20,11.422028541564941,11.53766109263463,11.351363183718874,11.499116908944734,18099400
2013-06-21,11.370636940002441,11.537662159874415,11.197186259407367,11.492693737193681,23647100
2013-06-24,11.216458320617676,11.357789056694065,11.13294570636155,11.299972160171485,14737800
2013-06-25,11.486272811889648,11.524818235550567,11.274277882946485,11.351367504970352,11151400
2013-06-26,11.59621810913086,11.66736094505184,11.505673578741764,11.628555088962191,6414700
2013-06-27,11.706165313720703,11.848449748900565,11.64149012188379,11.680294743555265,8335300
2013-06-28,11.67383098602295,11.790246123356596,11.525078858797553,11.699701564798023,11104900
2013-07-01,11.822579383850098,11.95192852269499,11.673826085492438,11.790241173956444,6009200
2013-07-02,11.951930046081543,12.01660524053574,11.79024267673441,11.82904853355297,8840400
2013-07-03,11.880788803100586,11.964865694939897,11.770841339263471,11.964865694939897,5584700
2013-07-05,12.074816703796387,12.081284348694659,11.880792291156753,11.932532216765798,11339300
2013-07-08,12.016602516174316,12.165354566190727,11.9389920537095,12.126549951746544,11825700
2013-07-09,12.158888816833496,12.165356459176664,11.99720145898424,12.13301948103747,10268400
2013-07-10,12.152427673339844,12.19123231063506,12.023077237586216,12.171829375198863,14880700
2013-07-11,12.165355682373047,12.339978313758328,12.074811162503595,12.307641337683972,10249700
2013-07-12,12.27530574798584,12.288241034607024,12.12655365257272,12.152424225815087,5734700
2013-07-15,12.281773567199707,12.333513480848644,12.230033653550768,12.301176497409376,6823800
2013-07-16,12.197698593139648,12.346450714134756,12.074815816259019,12.294710792328761,6900500
2013-07-17,12.281773567199707,12.294708854006153,12.15889080969216,12.1976966701115,8009200
2013-07-18,12.255904197692871,12.26883825089137,11.816114315945999,12.158890780454652,17975200
2013-07-19,12.301175117492676,12.339979739982157,12.15242303663574,12.301175117492676,10323700
2013-07-22,12.508138656616211,12.514606301314505,12.262373092389387,12.391723519201093,7305300
2013-07-23,12.55987548828125,12.62455068576354,12.385252825152104,12.540472558963526,8691500
2013-07-24,12.669824600219727,12.799175011991839,12.566344764232815,12.605149394333669,10151300
2013-07-25,12.527539253234863,12.572811524098613,12.430525834438981,12.456396408405046,7790800
2013-07-26,12.527539253234863,12.534005663149516,12.398188850558263,12.398188850558263,4209600
2013-07-29,12.424059867858887,12.55341028799429,12.378787590884606,12.488735077926588,6179800
2013-07-30,12.456395149230957,12.546939681805624,12.417590525781346,12.495199772680566,5155400
2013-07-31,12.443455696105957,12.702155155089967,12.41758636699572,12.5016632285744,8748400
2013-08-01,12.67629337310791,12.708630362142374,12.495203027214563,12.572813527905158,5835400
2013-08-02,12.734500885009766,12.760370229409746,12.60515046227871,12.695695018044217,5585900
2013-08-05,12.663352966308594,12.747429843965689,12.624548348434285,12.740963435633772,4125200
2013-08-06,12.52107048034668,12.656887280687299,12.469330570658334,12.611615013907093,5557700
2013-08-07,12.430523872375488,12.501666705975952,12.391719251128269,12.488731421034654,6151500
2013-08-08,12.436992645263672,12.553407753163153,12.359383395715206,12.51460312838892,7554600
2013-08-09,12.48226547241211,12.534005385621754,12.398188576037754,12.398188576037754,5323900
2013-08-12,12.462862968444824,12.566342788159401,12.398187772729024,12.430524753798545,3901000
2013-08-13,12.346446990966797,12.495199067104549,12.268836514873332,12.372316327280174,10036500
2013-08-14,12.378788948059082,12.449931810291153,12.320581375974145,12.327049021047712,6817500
2013-08-15,12.314107894897461,12.385249482709687,12.275302046734657,12.327041944041937,6104700
2013-08-16,12.39172077178955,12.475798900649032,12.307643876506887,12.339980859251721,5672700
2013-08-19,12.294707298278809,12.385251827313066,12.268836727939483,12.372316542143404,6294900
2013-08-20,12.32705020904541,12.417596015224373,12.22357034504998,12.320582563348534,7299100
2013-08-21,12.24296760559082,12.398187329615098,12.217097034798417,12.27530458550461,7921100
2013-08-22,12.404655456542969,12.436992437719072,12.249435726459513,12.26883742173447,6032500
2013-08-23,12.41759204864502,12.49520130506205,12.314112217704386,12.48873366143115,3798200
2013-08-26,12.281773567199707,12.469331525162637,12.281773567199707,12.443460951549746,5896900
2013-08-27,11.91959285736084,12.197695325150644,11.91959285736084,12.158889469010177,10529900
2013-08-28,11.867852210998535,11.951929093584862,11.738501832398583,11.854916926423215,8269200
2013-08-29,11.893722534179688,11.997202352221548,11.751438092766316,11.770841021240441,4669100
2013-08-30,11.829052925109863,11.932532781222971,11.78377940868034,11.932532781222971,6179700
2013-09-03,11.8419828414917,12.0683454101848,11.7449706645023,11.984268519081125,7389400
2013-09-04,11.874321937561035,11.964866478328116,11.790243806640017,11.880789580983947,7631200
2013-09-05,11.984270095825195,12.055411710403098,11.874322618484527,11.887256672495196,6300100
2013-09-06,11.945462226867676,12.068344971158247,11.854917696114999,12.04894204303551,5249500
2013-09-09,11.887251853942871,11.964862314431729,11.72556452536947,11.803174985858327,9006800
2013-09-10,11.964869499206543,12.023077071132098,11.893726637169271,12.010141781020383,8943000
2013-09-11,12.016602516174316,12.042473081521406,11.900187439265318,11.971330260393362,5716000
2013-09-12,11.958395957946777,12.055408118797525,11.958395957946777,12.029538784906384,5828600
2013-09-13,11.887251853942871,12.010134569060053,11.848447240486651,11.984265237948048,10692400
2013-09-16,11.958395957946777,12.081278686265218,11.932526624055637,12.061875760664448,8353700
2013-09-17,11.997200965881348,12.029539176268036,11.854916540909695,11.913124086029143,10143200
2013-09-18,12.042478561401367,12.165360101987424,11.887257565839064,11.945465130780676,13477300
2013-09-19,11.984270095825195,12.094217573165865,11.854919687103143,12.048944066609302,13397500
2013-09-20,11.893722534179688,12.003669995046256,11.880788482107008,11.919593105478521,10895900
2013-09-23,11.738506317138672,11.86138910039879,11.699701682163886,11.841986166122844,6913100
2013-09-24,11.66736125946045,11.783775130136355,11.615620116613279,11.693230597307291,8161500
2013-09-25,11.829052925109863,11.867857562757981,11.609157922475218,11.829052925109865,9896300
2013-09-26,11.77045726776123,11.91368141199259,11.711865290183908,11.874620507515631,4527200
2013-09-27,11.77045726776123,11.874620507515631,11.67280438570695,11.67280438570695,5053000
2013-09-30,11.750927925109863,11.803009552656636,11.588172683810702,11.685826821969357,6047600
2013-10-01,11.8876371383667,11.894147493829886,11.705350910567503,11.705350910567503,6151200
2013-10-02,11.750927925109863,11.829050987291998,11.71837737353961,11.796500435721745,10707400
2013-10-03,11.718374252319336,11.744415680018493,11.614211024969942,11.705353538469756,6392200
2013-10-04,11.842066764831543,11.855086234994358,11.672801235480655,11.718372485359081,6107800
2013-10-07,11.56864070892334,11.750925750745468,11.56864070892334,11.737906277560828,5149800
2013-10-08,11.392864227294922,11.61421140304883,11.386353870158201,11.594680331638665,9268600
2013-10-09,11.56213092803955,11.614212548546423,11.392865350961273,11.444946971468145,10170900
2013-10-10,11.809517860412598,11.881130551499256,11.666293719963013,11.692333908352149,10817600
2013-10-11,11.848583221435547,11.90066485407316,11.594684175818625,11.71186815968427,9319400
2013-10-14,11.920191764831543,11.946233195621407,11.76394690526366,11.770457262961125,5592000
2013-10-15,11.803009033203125,11.97878498408402,11.7964999165547,11.95925515069096,7453300
2013-10-16,11.97878360748291,12.056906657248932,11.822538749674617,11.881130726568196,7907300
2013-10-17,12.349863052368164,12.369394121686032,11.939720530481136,11.972271070954058,14253500
2013-10-18,12.551687240600586,12.584237798873508,12.310808887518672,12.37591124578872,9457800
2013-10-21,12.512619972229004,12.623293563587465,12.23268205688579,12.23268205688579,7387100
2013-10-22,12.590744972229004,12.623295522263572,12.480071363698027,12.525642630435978,6871200
2013-10-23,12.519129753112793,12.590742438848336,12.46704813850248,12.551681538321512,5900600
2013-10-24,12.447518348693848,12.577721764771956,12.362884948605615,12.558191935308244,9931700
2013-10-25,12.421478271484375,12.512620796824667,12.336846103914644,12.434498987025496,7152300
2013-10-28,12.486579895019531,12.49960060981773,12.336845400011372,12.447518992348645,7314400
2013-10-29,12.506114959716797,12.5451771204602,12.427993121678442,12.532156400212399,7468900
2013-10-30,12.52563762664795,12.564698519430019,12.47355602236406,12.538658338149771,7166300
2013-10-31,12.395434379577637,12.551679194229026,12.388924023751736,12.545168838403127,6206500
2013-11-01,12.362886428833008,12.441009481212582,12.284764618177226,12.42147840768674,4738900
2013-11-04,12.265233993530273,12.408458146123403,12.232683444853055,12.369397239365973,4764200
2013-11-05,12.460541725158691,12.519133715354814,12.206643928791518,12.219664646995998,7932500
2013-11-06,12.45403003692627,12.493092187370879,12.388928936299719,12.427989845020429,6978100
2013-11-07,12.421478271484375,12.564702417265373,12.421478271484375,12.493090965236762,8906100
2013-11-08,13.026930809020996,13.039951527484558,12.408460340966386,12.467052332328361,15342200
2013-11-11,12.870682716369629,13.059478120310267,12.7730298355918,13.046458646803972,7219200
2013-11-12,12.733969688415527,12.909745646436765,12.434500641467295,12.434500641467295,4931100
2013-11-13,12.961822509765625,12.9748432222535,12.655843216641498,12.70792482486951,10260500
2013-11-14,13.033437728881836,13.05296755969943,12.935784849622674,12.994375583799188,5579700
2013-11-15,12.981353759765625,13.124577873961726,12.961822690761087,13.105046804957189,6062300
2013-11-18,13.020419120788574,13.157132925529366,12.857663881778716,12.981358211108908,6603200
2013-11-19,12.961822509765625,13.118067334449659,12.948801797277751,13.013904117993636,6723400
2013-11-20,12.96833610534668,13.65841789717297,12.890213052628704,13.65841789717297,7114500
2013-11-21,13.241765975952148,13.326398151518896,12.987868207528006,13.020418757732779,8902600
2013-11-22,13.398014068603516,13.398014068603516,13.098544961307255,13.280830072974824,9437300
2013-11-25,13.391499519348145,13.508683478317794,13.33941789777539,13.47613293048125,11186300
2013-11-26,13.241765975952148,13.430561402242848,13.235255617566414,13.430561402242848,7413800
2013-11-27,13.313373565673828,13.365455171042484,13.248271248532156,13.30035285390081,4329600
2013-11-29,13.228741645812988,13.345925581300174,13.215720932598067,13.345925581300174,2814400
2013-12-02,13.150623321533203,13.30035783786175,13.131092246554916,13.254786571302965,5456500
2013-12-03,13.01390552520752,13.209212508474025,12.92276301138399,13.131089466822697,7438600
2013-12-04,12.942294120788574,13.163641312019331,12.864172313132864,13.013906812576097,9838200
2013-12-05,12.903230667114258,13.052965136968009,12.88370083992155,12.935782448641268,7331800
2013-12-06,13.241765975952148,13.241765975952148,12.981357849142272,13.039949832889981,7856900
2013-12-09,13.176661491394043,13.339416699402946,13.144110946481739,13.241763822942342,6501900
2013-12-10,13.222236633300781,13.313380420919703,12.987869909324836,13.137604446644701,5623100
2013-12-11,13.124577522277832,13.3068637695985,13.111556809957042,13.280822344956919,7680100
2013-12-12,13.183171272277832,13.267803430383436,13.072497686002109,13.150620728788823,6605800
2013-12-13,13.079010009765625,13.241765235131824,13.013907671274382,13.241765235131824,5985200
2013-12-16,13.248275756835938,13.384989551805209,13.222234324428168,13.378479193703267,7702300
2013-12-17,13.118064880371094,13.215717722314649,13.052962571834305,13.157125768803864,6034800
2013-12-18,13.313373565673828,13.352434459269466,13.026924115284515,13.098536788312698,8050300
2013-12-19,13.456605911254883,13.50217718864631,13.2547897220682,13.267809200091335,6318600
2013-12-20,13.547743797302246,13.580295585452753,13.391498939351077,13.391498939351077,8948500
2013-12-23,13.638882637023926,13.7560653068766,13.59982050534973,13.62586192646586,5619000
2013-12-24,13.658418655395508,13.736541712450343,13.593316314803788,13.65190829716395,1558200
2013-12-26,13.697481155395508,13.762582255929736,13.645398288209888,13.677950080200901,3884700
2013-12-27,13.697479248046875,13.82188308948477,13.67783614186832,13.690931545987358,3983500
2013-12-30,13.697479248046875,13.795692281246698,13.671288439808803,13.743311913617028,3811800
2013-12-31,13.769502639770508,13.828430709108407,13.704026868412123,13.749859533709053,4980500
2014-01-02,13.664740562438965,13.789143142064992,13.638549756930534,13.71057322323238,6971200
2014-01-03,13.697479248046875,13.78914457918718,13.651646582476722,13.690931545987358,4436600
2014-01-06,13.717123031616211,13.965929477932303,13.710575329233349,13.75640799706685,7209400
2014-01-07,13.769502639770508,13.88081107642582,13.704026868412123,13.808787603046952,6549200
2014-01-08,13.834973335266113,13.900449088512662,13.749855730237886,13.76295113065642,7551400
2014-01-09,13.95938491821289,14.044503819506303,13.841528746481588,13.841528746481588,8873100
2014-01-10,14.096885681152344,14.109979841393798,13.913553700455559,13.913553700455559,8715300
2014-01-13,13.913544654846191,14.15580457009346,13.887353853696807,14.077233415491442,8250700
2014-01-14,13.985569953918457,14.096878375793137,13.887355685499509,13.952831448163375,7441300
2014-01-15,14.123066902160645,14.168899558030848,14.011758488398918,14.018306189072693,5218400
2014-01-16,13.992121696472168,14.10997660469209,13.952835478218867,14.07069163528545,5595100
2014-01-17,14.10997486114502,14.293306777133076,14.018309527574244,14.051046789893377,6725800
2014-01-21,14.286763191223145,14.332595871213911,14.162359310643303,14.162359310643303,6866600
2014-01-22,14.352234840393066,14.378424400464487,14.260569506873331,14.378424400464487,7739800
2014-01-23,14.09033489227295,14.345689069365733,13.97902643708054,14.175452535021654,11224700
2014-01-24,13.95938491821289,14.103431905371956,13.933195351631943,13.979028029783713,9504500
2014-01-27,13.834973335266113,14.34568271197384,13.808783783275167,14.339135011764572,9455800
2014-01-28,13.946290016174316,14.031408920554039,13.8415292483584,13.854624656547104,9397900
2014-01-29,13.717123031616211,13.972477180315165,13.6843845197019,13.84152563035099,12290000
2014-01-30,13.907002449035645,13.959382823183088,13.782598592117983,13.808789403615018,5822300
2014-01-31,13.762954711914062,13.926643513200824,13.625455469433032,13.736763904261887,7693400
2014-02-03,13.422484397888184,13.834979710379518,13.370104020923463,13.710577095617491,18238600
2014-02-04,13.481409072875977,13.664740970368936,13.337363384818469,13.455218266585677,10596700
2014-02-05,13.520692825317383,13.618905842437378,13.396289004247379,13.487955569226141,7677500
2014-02-06,13.802237510681152,13.82188061334071,13.645096435943442,13.736761750662211,7596800
2014-02-07,13.815337181091309,13.913550227042279,13.690933323501872,13.828432586910541,6795500
2014-02-10,13.926643371582031,14.077236767511335,13.841524496424473,14.077236767511335,8595300
2014-02-11,13.992121696472168,14.037954368921026,13.71057670989015,13.900455102727795,9048400
2014-02-12,13.985569953918457,14.188543694214768,13.933189593556625,14.051044467736022,9049400
2014-02-13,14.10342788696289,14.10342788696289,13.87426331265178,13.939739083718734,6968200
2014-02-14,14.162354469299316,14.221282537385083,14.024856476330154,14.051046035009138,5524400
2014-02-18,14.182003021240234,14.273668385088477,14.12962263492025,14.19509843003196,6896100
2014-02-19,13.952837944030762,14.182002595620775,13.920100671880851,14.1623594830227,10907400
2014-02-20,13.972478866577148,14.011763836768875,13.828433143309693,13.93974159955849,7189700
2014-02-21,14.037955284118652,14.149263745399717,13.972479498274483,14.005216766773197,8206400
2014-02-24,14.149259567260742,14.208187632234935,14.044498840383595,14.044498840383595,9382800
2014-02-25,14.149259567260742,14.234377189531036,14.037951138847976,14.181996826092462,7963900
2014-02-26,14.182003021240234,14.227835703164356,14.077242248600264,14.188550725636096,7201000
2014-02-27,14.221281051635742,14.221281051635742,14.083783073031498,14.188543794495581,6945800
2014-02-28,14.20819091796875,14.312951669072485,14.116524324117988,14.247475887420984,12470500
2014-03-03,14.09033489227295,14.129619862091838,14.018311406899427,14.096882595383876,8702100
2014-03-04,14.378422737121582,14.437350801523422,14.18199668834636,14.260567857164265,10185600
2014-03-05,14.53555965423584,14.555201502480815,14.326037031804242,14.365323225985984,7129900
2014-03-06,14.60103988647461,14.6796110568783,14.555207224091783,14.56830262730013,5626500
2014-03-07,14.81711483001709,14.895686031102343,14.67961678917649,14.67961678917649,7670900
2014-03-10,14.862942695617676,14.862942695617676,14.705800357555386,14.771276123606945,6099800
2014-03-11,14.738542556762695,14.895683685339844,14.692709883700195,14.876040575950196,5603200
2014-03-12,14.751636505126953,14.777826066211507,14.594495392079969,14.65996991921463,6213200
2014-03-13,14.68616008758545,14.882586158101732,14.633779718858008,14.771277718450106,6998000
2014-03-14,14.62723159790039,14.751635438383962,14.55520812464467,14.646874703928258,6313900
2014-03-17,14.797471046447754,14.948064476071268,14.67961488453484,14.934969069448343,5792100
2014-03-18,14.915321350097656,14.954606305689845,14.73853717666348,14.804012935214606,7586900
2014-03-19,14.94805908203125,15.059367500466811,14.823655261698267,14.902226424236535,6884700
2014-03-20,15.295083999633789,15.380201637983763,14.928420137450464,14.954610948540678,9007600
2014-03-21,15.314720153808594,15.648645377729732,15.262339799988386,15.471861215269222,17742000
2014-03-24,15.308173179626465,15.504600452404487,15.216507868304442,15.380196637863026,6801800
2014-03-25,15.281986236572266,15.399842370603613,15.255795429522447,15.334366601825485,7236500
2014-03-26,15.229605674743652,15.426031729696263,15.22305797306571,15.393294470152961,6929300
2014-03-27,14.841293334960938,15.295417533351095,14.749152666278643,15.216440176001262,13658600
2014-03-28,14.953184127807617,15.038744425654816,14.795228103308435,14.861043427347152,5163700
2014-03-31,15.111139297485352,15.157210900432256,15.025580259801034,15.091395580116645,6437800
2014-04-01,15.1901216506958,15.25593698711965,15.0650726370228,15.196703309870498,5466500
2014-04-02,15.176946640014648,15.262506888046909,15.104550955512925,15.229598617525976,5085800
2014-04-03,15.262516975402832,15.282260695442314,15.163794609236431,15.249353658494513,7500000
2014-04-04,15.084815979003906,15.407309711659545,15.065071003620625,15.30200568692803,6820700
2014-04-07,14.814972877502441,15.10455954617721,14.775484185740433,15.058487941244843,9015200
2014-04-08,14.775487899780273,14.900535664346403,14.683345922077157,14.828139920472116,6392100
2014-04-09,14.88078498840332,14.926855328067804,14.768899339794176,14.808388023031931,6123200
2014-04-10,14.347681045532227,14.940017526528544,14.31477402117577,14.913690902785369,11973900
2014-04-11,14.189729690551758,14.354267376568018,14.084425671927187,14.091007330006589,9470800
2014-04-14,14.216053009033203,14.393753969785243,14.051515361371528,14.393753969785243,6259600
2014-04-15,14.235795974731445,14.327937906195922,14.04493296624854,14.20947060525771,7973900
2014-04-16,14.380593299865723,14.41350033331736,14.21605562196182,14.374011642110824,7771300
2014-04-17,13.78825855255127,14.163404274789846,13.656627901969385,14.025191966146576,16990700
2014-04-21,13.636883735656738,13.979122443186089,13.603976698723258,13.873818418611364,10444100
2014-04-22,13.82116413116455,13.834327445900271,13.57106742779979,13.696115151820777,12085100
2014-04-23,13.919883728027344,13.965954065168004,13.781672716605364,13.80799808554751,8062200
2014-04-24,13.840909004211426,13.972538384658229,13.689533396479577,13.972538384658229,9493200
2014-04-25,13.656628608703613,13.7421876572835,13.577649963202733,13.7421876572835,8603800
2014-04-28,13.498666763305664,13.66320438657074,13.367036162564624,13.636877764293557,10173800
2014-04-29,13.478923797607422,13.636879788752513,13.44601677019818,13.51183208033929,11928900
2014-04-30,13.564484596252441,13.610554938516701,13.393365285468995,13.439435627733255,8692100
2014-05-01,13.393365859985352,13.610555522349536,13.36045757458306,13.531576892706772,11335000
2014-05-02,13.531580924987793,13.715863612186888,13.360461555872154,13.360461555872154,9890900
2014-05-05,13.551322937011719,13.656626947992097,13.42627395322646,13.505252589123158,8365100
2014-05-06,13.347296714782715,13.524996450627588,13.327551741767577,13.432855753869296,7455500
2014-05-07,13.63029956817627,13.64346288265579,13.3538774960429,13.399947841398461,9701000
2014-05-08,13.557899475097656,13.742180797066556,13.544736164864918,13.597388150473513,8009400
2014-05-09,13.52499008178711,13.551316700076907,13.31438215675774,13.485501409674665,8482500
2014-05-12,13.742183685302734,13.748765341802391,13.5381573551039,13.597391008278178,7288000
2014-05-13,13.689533233642578,13.788256836956833,13.656626202753,13.742185236259559,5752100
2014-05-14,13.472342491149902,13.682951740138826,13.42627214945074,13.656625113269211,5577800
2014-05-15,13.268311500549316,13.452594058034416,13.110355560700185,13.439430749216433,11601000
2014-05-16,13.182757377624512,13.29464303329775,13.05112675142446,13.248571435401852,11883700
2014-05-19,13.294644355773926,13.327551387936001,13.044546392180031,13.163013716480002,8730900
2014-05-20,13.202500343322754,13.327549305581506,13.130104632813048,13.314385992644244,7461900
2014-05-21,13.406529426574707,13.446018114478246,13.241991762433411,13.281480450336952,10029200
2014-05-22,13.432859420776367,13.531581802155648,13.327555379928713,13.38020740035254,7374300
2014-05-23,13.518418312072754,13.623722341808682,13.393369306015192,13.452602979657033,6340700
2014-05-27,13.623716354370117,13.761927361910514,13.55790105087933,13.55790105087933,6333400
2014-05-28,13.557899475097656,13.623714770938987,13.524991199515812,13.590806495357144,5832000
2014-05-29,13.52499008178711,13.590805372189351,13.419686119272423,13.557898354649357,6444900
2014-05-30,13.617137908935547,13.669789913077183,13.538159275061693,13.56448590479391,6537000
2014-06-02,13.78825855255127,13.814583929473896,13.5249972513875,13.682954534214929,8740700
2014-06-03,13.946208000183105,14.084418988294999,13.722436752963757,13.729018407919893,17970600
2014-06-04,13.88039493560791,13.992280577190225,13.821161286810064,13.88039493560791,10202300
2014-06-05,13.946208000183105,13.9856966745976,13.768507082334388,13.906718070446283,10609600
2014-06-06,14.038352966308594,14.064679594210933,13.82774496438072,14.031771309333008,9883200
2014-06-09,14.24238109588623,14.288451445165407,13.998866033889767,14.005447691690058,9240400
2014-06-10,14.176566123962402,14.23579852973984,14.117332462862175,14.216054812921623,6128900
2014-06-11,14.110755920410156,14.189733326956675,14.051522237838647,14.130499644385166,5599900
2014-06-12,14.012031555175781,14.183149663628232,13.99886823750311,14.064683570543398,6311800
2014-06-13,14.064680099487305,14.19630947775968,14.00544643990177,14.084423815800644,6647800
2014-06-16,13.893559455871582,14.012026763769642,13.821162488751071,13.979118480840938,6900100
2014-06-17,14.137076377868652,14.235798729312094,13.827746008593117,13.840909323538325,9316900
2014-06-18,14.143657684326172,14.17656597087248,13.97253836025371,14.156820998944696,9144200
2014-06-19,14.156825065612793,14.354269820317208,14.04493936986079,14.354269820317208,7840500
2014-06-20,14.209471702575684,14.334520669369802,14.156819704239632,14.248960387497057,7451600
2014-06-23,14.169986724853516,14.242382456929336,14.110753054313214,14.242382456929336,4576100
2014-06-24,14.123916625976562,14.308199315730207,14.117336222166722,14.150243262508422,7980700
2014-06-25,14.117329597473145,14.156818278417363,13.900139969296136,14.04493263630663,9006700
2014-06-26,14.097469329833984,14.163684706129445,13.978279631738404,14.130577017981715,5670200
2014-06-27,14.077600479125977,14.117329947677456,13.971654387670679,14.097465844890234,6966800
2014-06-30,14.137202262878418,14.176931750959756,14.011390743813587,14.123958679192087,6321200
2014-07-01,14.263007164001465,14.36233146960781,14.143817492083024,14.210032853835875,8530100
2014-07-02,14.176925659179688,14.342466595193441,14.130574399172176,14.216655130189396,6146000
2014-07-03,14.322599411010742,14.362330139956702,14.22327511459975,14.249762267230388,4007100
2014-07-07,14.28287410736084,14.33584716508259,14.223279259551708,14.229901049639091,5583000
2014-07-08,14.176925659179688,14.276249968192518,14.12395261017437,14.276249968192518,9411700
2014-07-09,14.24976634979248,14.315982987363213,14.190171502276554,14.196793292331359,6922600
2014-07-10,14.051114082336426,14.130574286700497,14.01138461164294,14.110708919865203,8623500
2014-07-11,14.190178871154785,14.236530162631063,13.971664737782357,14.04450194025452,6462100
2014-07-14,14.170305252075195,14.322602624945436,14.130575777191051,14.27625136041773,6229800
2014-07-15,14.402067184448242,14.428554351016713,14.104092875441024,14.104092875441024,10491700
2014-07-16,14.26962947845459,14.428549902917469,14.1967923188011,14.421928113316747,11517900
2014-07-17,13.428681373596191,14.037872077242026,13.349221167478419,13.98489902748922,26030400
2014-07-18,13.541248321533203,13.580977790343669,13.316112559978833,13.52138295563945,17694800
2014-07-21,13.594221115112305,13.733274884854719,13.46840965940939,13.614085217660067,8143900
2014-07-22,13.70678997039795,13.75314123028125,13.647195132554533,13.680302814477717,10887700
2014-07-23,13.7332763671875,13.779627628771335,13.633952054796831,13.759763524079494,7362900
2014-07-24,13.965030670166016,14.00476013322987,13.733273153502612,13.733273153502612,11285600
2014-07-25,14.024627685546875,14.090844309641204,13.865708545506722,13.87233033421386,10398300
2014-07-28,13.82597827911377,14.037871735950528,13.792870597439611,14.024628158090026,7111100
2014-07-29,13.7332763671875,13.905439098053998,13.726654577964501,13.79949299644033,7976900
2014-07-30,13.766386032104492,13.885574455410339,13.673682241119204,13.812737296108525,7669600
2014-07-31,13.561112403869629,13.739896907710959,13.541248300983062,13.733275119089758,8426900
2014-08-01,13.243274688720703,13.600843711545167,13.177058062681681,13.508139929899698,14570300
2014-08-04,13.22341251373291,13.342602216776388,13.130709972689049,13.302872736754361,6430900
2014-08-05,13.018139839172363,13.24327562584999,12.978410365928426,13.14395131125155,10912700
2014-08-06,13.031378746032715,13.124081238026193,12.892323745065767,12.945296778058715,7388400
2014-08-07,12.925440788269043,13.143954844312493,12.8857100413684,13.077738195788942,6374500
2014-08-08,13.024760246276855,13.031382034944299,12.879084684524257,12.978408988581803,4242300
2014-08-11,12.978409767150879,13.09097765529621,12.932058506675236,13.09097765529621,5710000
2014-08-12,12.97178840637207,13.024761457661391,12.87908588236005,12.912193565799438,6017500
2014-08-13,13.011519432067871,13.1042232301216,12.958546374456018,12.971789954603311,5443500
2014-08-14,13.117465019226074,13.170438074705407,13.018140698074482,13.057870173939666,5618900
2014-08-15,13.06449031829834,13.21016714975173,12.98503137657568,13.137328734025035,5832200
2014-08-18,13.25651741027832,13.283003301196935,13.150571320649837,13.157193109123744,5689600
2014-08-19,13.22341251373291,13.382331696798413,13.203548405210597,13.249899675732527,6247700
2014-08-20,13.309493064880371,13.335978960992465,13.170438005615786,13.183681585160462,4659200
2014-08-21,13.408812522888184,13.44854198413731,13.236649840172896,13.296244663534988,5277000
2014-08-22,13.45516586303711,13.547868374687416,13.349219774586187,13.415436395612263,7433400
2014-08-25,13.534627914428711,13.647195806696093,13.4816548629486,13.52138433581439,6227000
2014-08-26,13.52138614654541,13.64057584408137,13.22341190270551,13.22341190270551,3575900
2014-08-27,13.435307502746582,13.633956187745571,13.408820337825363,13.567739538420062,5124100
2014-08-28,13.4220609664917,13.468412231925768,13.316114856077471,13.362466121511538,4644900
2014-08-29,13.514764785766602,13.554494265215164,13.435305826869477,13.441926354296422,4509400
2014-09-02,13.580977439880371,13.627328696125971,13.46178777354768,13.514760818253652,4932500
2014-09-03,13.514764785766602,13.686927547346878,13.47503530631804,13.63395448708967,6501700
2014-09-04,13.52138614654541,13.620710473499598,13.494898985769712,13.574359205119466,6223400
2014-09-05,13.48827838897705,13.567737344939593,13.37571048221567,13.468413018497747,7534600
2014-09-08,13.475031852722168,13.561112579961476,13.388949862505802,13.508139533281042,5783600
2014-09-09,13.38232707977295,13.461787275379905,13.309489935358283,13.455165487164578,4874600
2014-09-10,13.541248321533203,13.633950836416634,13.422058652124768,13.468409909566484,7209000
2014-09-11,13.567736625671387,13.647196840398829,13.501519990561397,13.50814178037012,4568700
2014-09-12,13.67368221282959,13.812737267531217,13.580979685013316,13.580979685013316,6871800
2014-09-15,13.594221115112305,13.700167205290436,13.567733961079263,13.633950583184848,4840500
2014-09-16,13.620709419250488,13.733277317879717,13.554492785413782,13.561114575095177,5671200
2014-09-17,13.7332763671875,13.845844258024165,13.607464897904835,13.633952054796831,6154500
2014-09-18,13.91206169128418,13.971656534758122,13.720033581650979,13.773006635519236,7449600
2014-09-19,13.852466583251953,14.037872899738527,13.82597942533507,14.004763952342424,8523300
2014-09-22,13.766386032104492,13.945169298551875,13.74652066339824,13.859088560112559,4857600
2014-09-23,13.594221115112305,13.766383827396023,13.594221115112305,13.706788993798696,4911900
2014-09-24,13.633952140808105,13.660438034890035,13.521384249261294,13.554491932607995,5002900
2014-09-25,13.448546409606934,13.614087359425257,13.39557335618416,13.580979674652479,6328000
2014-09-26,13.52185344696045,13.561838855967894,13.441881357832324,13.47520232015299,3529300
2014-09-29,13.401899337768555,13.47520572763368,13.348585021905937,13.38857044102451,5141800
2014-09-30,13.341919898986816,13.508527286523274,13.315262106846506,13.448548525321069,6619600
2014-10-01,13.19529914855957,13.408557584488479,13.188635974382917,13.348578847994874,7079000
2014-10-02,13.188637733459473,13.281937437732351,13.028693567401486,13.201965354703358,9239300
2014-10-03,13.361907005310059,13.401893678657332,13.241950798607292,13.308592711960044,10086900
2014-10-06,13.275275230407715,13.455211494234058,13.248617441197878,13.415224810419303,5517300
2014-10-07,13.102004051208496,13.30859684318068,13.102004051208498,13.215297118634549,5902900
2014-10-08,13.395233154296875,13.408562049314412,13.108668266986797,13.141989233417247,10087400
2014-10-09,13.075345039367676,13.381901945076157,13.062016146655175,13.315258752626827,8611100
2014-10-10,12.948726654052734,13.201969329516071,12.948726654052734,13.121998493522815,6813900
2014-10-13,12.828764915466309,13.055350994883074,12.822100469470158,12.93539350917854,5569500
2014-10-14,12.828764915466309,12.982043360038503,12.768786172614043,12.848758253454767,7877500
2014-10-15,12.3822603225708,12.702146184308711,12.135680843035273,12.64883187401906,14511000
2014-10-16,11.822457313537598,12.208986311752893,11.762478566304775,11.99572910875317,24707100
2014-10-17,12.082366943359375,12.129018078672482,11.862445247051443,11.975738319156346,14195800
2014-10-20,12.228978157043457,12.248970222936268,12.029048600324066,12.082362894559962,8806200
2014-10-21,12.575523376464844,12.582186551905979,12.288958530194028,12.315615045298202,12023900
2014-10-22,12.54886531829834,12.688816150680275,12.54220087188842,12.582186279234753,8134100
2014-10-23,12.648831367492676,12.862088600111331,12.582188164521003,12.855425423816198,8729600
2014-10-24,12.7421293258667,12.742129325866697,12.595514060019244,12.628836289126879,4441400
2014-10-27,12.762123107910156,12.768787554627625,12.655494502657113,12.715473252001104,3618500
2014-10-28,13.008705139160156,13.015369587203043,12.76212564602727,12.895412064658045,4462600
2014-10-29,13.128658294677734,13.168643698521096,12.915399841582634,12.968714137078141,6159700
2014-10-30,13.148651123046875,13.221958760268999,13.028693633451818,13.121994609310832,5311600
2014-10-31,13.321922302246094,13.348580085876682,13.201964818134616,13.3085934104308,6246100
2014-11-03,13.301934242248535,13.44854956816225,13.241956747508986,13.321927587904112,5113000
2014-11-04,13.20196533203125,13.32858726697923,13.128658966419795,13.261944076421708,5085300
2014-11-05,13.448545455932617,13.461874348960693,13.275273659907251,13.381902261905445,6887200
2014-11-06,13.52851390838623,13.548507244435422,13.375235478681363,13.481864062051095,7619500
2014-11-07,13.401899337768555,13.54184894024034,13.248619567439167,13.54184894024034,7022600
2014-11-10,13.448545455932617,13.5351807183887,13.361908922363334,13.415223223362432,4737300
2014-11-11,13.488530158996582,13.515187943659601,13.41522252228641,13.461873645446696,5301600
2014-11-12,13.581830978393555,13.588495425106576,13.395231554881919,13.408560448307961,5669300
2014-11-13,13.535177230834961,13.615149297284132,13.481862943573137,13.615149297284132,4381300
2014-11-14,13.435215950012207,13.56183788577623,13.395230543865251,13.395230543865251,3351800
2014-11-17,13.441880226135254,13.45520911838663,13.32858718422482,13.395230374368568,3625000
2014-11-18,13.45521068572998,13.528517059425454,13.38190304092123,13.428552898121971,2777400
2014-11-19,13.33525276184082,13.455210260055283,13.275274012733588,13.455210260055283,4756800
2014-11-20,13.441880226135254,13.441880226135254,13.228623034565757,13.235287480691445,3652000
2014-11-21,13.415218353271484,13.615147862773123,13.36856851572159,13.615147862773123,4058900
2014-11-24,13.561838150024414,13.608488003290342,13.47520161871926,13.47520161871926,3785900
2014-11-25,13.475203514099121,13.575168952144843,13.38856824172129,13.568504504867573,5644800
2014-11-26,13.52185344696045,13.535181069220775,13.428552464458765,13.50852455358689,3341400
2014-11-28,13.408563613891602,13.6018275297433,13.388570269032375,13.535184317992751,2207900
2014-12-01,13.16198444366455,13.381906158207821,13.068684707529096,13.341920738594565,5889800
2014-12-02,13.275275230407715,13.335253985016497,13.141988826585234,13.161982168492612,6005700
2014-12-03,13.38190746307373,13.40856525949101,13.255285472319043,13.295272166944963,6115500
2014-12-04,13.435215950012207,13.461873734852272,13.3152584604582,13.368572759025186,5114100
2014-12-05,13.748435020446777,13.775092800876159,13.46187150750851,13.521850242361687,8551400
2014-12-08,13.768426895141602,13.868391018921201,13.50185547469174,13.50185547469174,6851100
2014-12-09,13.788424491882324,13.875059753649852,13.60182380431194,13.655138104887309,7959500
2014-12-10,13.341919898986816,13.735113435261937,13.335255450951738,13.715120091156704,8999000
2014-12-11,13.36857795715332,13.548514261449288,13.328592535458764,13.448550071656074,6764700
2014-12-12,13.155318260192871,13.348583426542639,13.108668398277661,13.2086325696836,9266900
2014-12-15,12.962052345275879,13.23528829773081,12.908738044092312,13.21529495811952,9633900
2014-12-16,12.868752479553223,13.108667491217167,12.815438173751602,12.84209596220907,7933500
2014-12-17,13.062017440795898,13.088673957748766,12.862087843639554,12.915402148658586,9335500
2014-12-18,13.388570785522461,13.388570785522461,13.10200585371978,13.208634488188649,9608100
2014-12-19,13.375239372253418,13.515190223111912,13.321925065048598,13.381903819543188,14801300
2014-12-22,13.42855167388916,13.461873905361303,13.308594182815764,13.321923075404621,7520800
2014-12-23,13.715119361877441,13.775098119890371,13.501862120548541,13.52185546359066,5836800
2014-12-24,13.721782684326172,13.775096990286446,13.601825178137226,13.761768096018047,2191900
2014-12-26,13.721782684326172,13.795090331689043,13.661803931231699,13.788425884554844,2694300
2014-12-29,13.808971405029297,13.92298433242118,13.668131304514606,13.694958477637412,4693100
2014-12-30,13.869328498840332,13.90286117936503,13.70166253783731,13.775435970019364,5419600
2014-12-31,13.668131828308105,13.909571278905778,13.661426313960455,13.889450898292615,6014900
2015-01-02,13.554118156433105,13.76873170035113,13.406572544230087,13.688251461483121,6398800
2015-01-05,13.145011901855469,13.473637039503132,13.138305109757788,13.42669077400915,7497700
2015-01-06,12.61518383026123,13.27243522799897,12.608477039763045,13.17854144021387,27930000
2015-01-07,12.756026268005371,12.829798418961294,12.615186199471824,12.809679322877738,12862200
2015-01-08,13.044412612915039,13.057824917955717,12.836505894912053,12.870039855488244,14648800
2015-01-09,12.69566535949707,13.091357085780881,12.675544985906672,13.077943503387283,6877500
2015-01-12,12.501175880432129,12.729201730542156,12.427403714236528,12.675548664586266,11466400
2015-01-13,12.41398811340332,12.749320041007334,12.34692147204456,12.648720718564087,10613100
2015-01-14,12.212790489196777,12.279857143185293,12.05853808045621,12.23291086915034,14223000
2015-01-15,12.08536148071289,12.306680474346829,12.011588056438368,12.192667581917853,9330800
2015-01-16,12.273146629333496,12.293267003187683,12.01158816517726,12.045120842411265,10179300
2015-01-20,12.125600814819336,12.434106811765302,11.998174341351028,12.434106811765302,10920000
2015-01-21,11.756739616394043,12.192670932223228,11.689672964914942,12.04512404313121,28189900
2015-01-22,12.011589050292969,12.105481576818695,11.716496607968175,11.790270038346808,25885700
2015-01-23,11.850627899169922,12.17925296612678,11.850627899169922,11.964640781925526,11882900
2015-01-26,12.02500057220459,12.098773989935015,11.830507481529654,11.89086731800191,9073400
2015-01-27,11.850627899169922,11.984761153890464,11.790268062464628,11.843921108514943,7305500
2015-01-28,11.548831939697266,11.964644122060411,11.548831939697267,11.964644122060411,7541200
2015-01-29,11.709792137145996,11.736619309579085,11.495179874441234,11.515300253766052,7230300
2015-01-30,11.602482795715332,11.790269113221838,11.508590276556895,11.555536536136113,10799900
2015-02-02,11.991469383239746,12.051829233625686,11.676257826149692,11.750031260885798,12585500
2015-02-03,12.239616394042969,12.27985587058994,12.018297354249787,12.03171093949541,11502400
2015-02-04,12.306683540344238,12.39386928959798,12.165843447931334,12.219496511900548,13803800
2015-02-05,12.494471549987793,12.528005522313618,12.239619756262742,12.239619756262742,9960900
2015-02-06,12.66883659362793,12.8499160954879,12.608476759674605,12.621890340373001,23096100
2015-02-09,12.601775169372559,12.68896091265978,12.514588146895477,12.568241207192965,9746400
2015-02-10,12.642009735107422,12.65542331476992,12.527996866354924,12.54141044601742,8922800
2015-02-11,12.59506607055664,12.648719121029304,12.534706228876189,12.621891956198159,8543100
2015-02-12,12.870035171508789,12.89015426134247,12.59506319080758,12.682248898195313,9823000
2015-02-13,12.916990280151367,12.98405694370825,12.82309771868586,12.870043999418613,4802300
2015-02-17,13.05782413482666,13.05782413482666,12.802972445681064,12.923692138135719,8209300
2015-02-18,12.816385269165039,13.037704265812316,12.80297168653438,13.010877100551,8327400
2015-02-19,12.87674617767334,12.91698564970645,12.5816537313211,12.769440066125208,7479700
2015-02-20,13.004171371459961,13.010878163323124,12.688959829029834,12.863332579902803,7565700
2015-02-23,12.937108993530273,12.997467575833374,12.823096063953225,12.997467575833374,6071300
2015-02-24,13.004171371459961,13.104771970217646,12.93710601120784,12.990759066923388,9432200
2015-02-25,13.010875701904297,13.098062700441478,12.903569610773543,13.098062700441478,6592900
2015-02-26,13.037708282470703,13.057827383425339,12.95052124770048,12.970641627845156,3978400
2015-02-27,12.984049797058105,13.091355888009865,12.970636215891759,13.010875680201291,6902200
2015-03-02,13.08465576171875,13.104776143716007,12.903576161313918,12.957229234116443,7420900
2015-03-03,13.071237564086914,13.11147703470063,12.970638247957773,13.024291301839295,7684700
2015-03-04,12.930400848388672,13.037706973338793,12.863334200497368,13.031000180630672,6020700
2015-03-05,12.950516700744629,12.957223491771417,12.789557553670463,12.930397606853852,4870000
2015-03-06,13.044412612915039,13.245611259612987,12.84991947914253,12.957225594606742,8028200
2015-03-09,13.05782413482666,13.077944509965677,12.984051984363045,13.071237718252672,7392000
2015-03-10,12.796266555786133,12.963932522858377,12.789559763600465,12.87003999063866,6977000
2015-03-11,12.756026268005371,12.84321200247682,12.69566642137524,12.836505210719057,8030000
2015-03-12,12.903571128845215,13.004170441216855,12.722491599062463,12.883450754695023,15268000
2015-03-13,12.796266555786133,12.923693048934187,12.709080815752083,12.896865880191516,9607800
2015-03-16,12.910282135009766,12.94381482368441,12.809682789795756,12.87674944633512,9314300
2015-03-17,12.910282135009766,12.950521617257353,12.776148821931034,12.91698892858271,9765100
2015-03-18,12.916990280151367,13.064535916624338,12.776150158762894,12.896869897327239,9162300
2015-03-19,12.890161514282227,12.977348549917043,12.742615895994916,12.843215239335812,9223000
2015-03-20,13.064530372619629,13.07794395547692,12.883450841615197,12.963931059569278,7396700
2015-03-23,12.937108993530273,13.165133573494327,12.937108993530273,13.084654610963495,4967400
2015-03-24,12.86333179473877,12.943810733804868,12.77614478502921,12.883450889910458,6054200
2015-03-25,12.621893882751465,12.856626494094087,12.615187090519981,12.849919701862603,9405600
2015-03-26,12.802972793579102,12.85662584955135,12.514587138032109,12.568240194004359,10634300
2015-03-27,12.769213676452637,12.796224794471884,12.62065639122977,12.742203846394387,8355900
2015-03-30,12.87049674987793,12.924517672590394,12.802970274497254,12.856992485170109,5706700
2015-03-31,12.728690147399902,12.870494562434173,12.694926271467809,12.823226424089416,11565300
2015-04-01,12.775959014892578,12.775959014892578,12.580132387190767,12.681422732807702,8702000
2015-04-02,12.816478729248047,12.89075799778216,12.708436859358802,12.77596335002975,5482100
2015-04-06,12.816478729248047,12.89075799778216,12.613900545195882,12.67467425800367,6633900
2015-04-07,12.958281517028809,13.025807992215466,12.843486895599606,12.863743936583331,4932300
2015-04-08,12.897509574890137,13.032561255698072,12.843488644974851,12.965036059274386,6345000
2015-04-09,12.965034484863281,12.985291526146245,12.85699263815279,12.95152893203437,5252500
2015-04-10,12.863744735717773,12.998797694480984,12.829982140007205,12.965035098770416,3940300
2015-04-13,12.97178840637207,12.992046739415196,12.8569950496763,12.890757650120863,4703400
2015-04-14,12.836731910705566,12.978536325035533,12.796216547748458,12.911011149427072,5721900
2015-04-15,12.94477367401123,13.059568275129207,12.829979072893252,12.87049443565249,4932300
2015-04-16,13.019058227539062,13.073079162592723,12.809725977240529,12.951531736731816,6976300
2015-04-17,12.769213676452637,12.965040418209185,12.748955337938202,12.897513911122065,6423100
2015-04-20,12.823234558105469,12.897513844312632,12.755708051368138,12.85699845545463,6201000
2015-04-21,13.106842041015625,13.235142247464818,12.9312736763906,12.99880016862495,14334700
2015-04-22,13.336429595947266,13.40395607934164,13.100087548047231,13.13385143372469,9363500
2015-04-23,13.302664756774902,13.356685676795943,13.235138284758516,13.316169020809916,4446000
2015-04-24,13.194628715515137,13.309422094044018,13.127102213822171,13.268906708212596,5034400
2015-04-27,13.26890754699707,13.36344517052771,13.174371211427408,13.201381041035464,7650600
2015-04-28,13.383695602416992,13.410706706628854,13.21488006497387,13.275653761490222,6387800
2015-04-29,13.559267044067383,13.647050577087121,13.356688867584518,13.376945912456423,7399700
2015-04-30,13.505247116088867,13.626794546207384,13.417463576537012,13.518752672315532,7717600
2015-05-01,13.66730785369873,13.667307853698729,13.4512241386933,13.559265996196014,8874000
2015-05-04,13.802364349365234,13.802364349365234,13.626795964033443,13.687569685416019,6388400
2015-05-05,13.741584777832031,13.917153088419818,13.701069410145715,13.74158477783203,5729900
2015-05-06,13.579523086547852,13.795606781807262,13.51874938626109,13.761842899447718,7177200
2015-05-07,13.491738319396973,13.63354404979638,13.424211842442988,13.593027390847736,7268700
2015-05-08,13.647052764892578,13.660558322279392,13.491742718826725,13.552516439106553,4433600
2015-05-11,13.721332550048828,13.741590886878315,13.579528056125088,13.599785104993686,4652700
2015-05-12,13.694320678710938,13.741588836298625,13.525505094205945,13.674062344904488,4754100
2015-05-13,13.836125373840332,13.842878151884344,13.613288850230868,13.660557008578222,5165400
2015-05-14,13.93066120147705,13.944166757090937,13.802362287027146,13.896898600403006,6044600
2015-05-15,13.748337745666504,13.937410322815179,13.701069601379334,13.937410322815179,4852000
2015-05-18,13.856382369995117,13.903650523778241,13.728082175469071,13.775350329252195,3985400
2015-05-19,14.139991760253906,14.160248803293879,13.944165091130696,14.079218055212944,6463400
2015-05-20,13.822615623474121,14.079215959441877,13.815862847479146,14.018442263447426,11854400
2015-05-21,13.822615623474121,13.876636543473596,13.76184192747967,13.775347479469621,4990700
2015-05-22,13.84962272644043,13.890138082745484,13.788849048002868,13.822611630263756,4407300
2015-05-26,13.788853645324707,13.85638012032034,13.721327170329074,13.836121791433536,8416800
2015-05-27,13.917155265808105,13.950917862835592,13.714575819761622,13.829370452799807,8245700
2015-05-28,13.903653144836426,13.917158702166354,13.802364040783623,13.91040592350139,6298600
2015-05-29,13.66730785369873,13.896897122882132,13.667307853698729,13.896897122882132,11516100
2015-06-01,13.552508354187012,13.701066820895875,13.424208211473013,13.6673029475711,15818100
2015-06-02,13.71457576751709,13.782102249275347,13.478233725343445,13.525503164146585,10174900
2015-06-03,13.890148162841797,13.950921885382916,13.741590889941776,13.78885905459356,6527800
2015-06-04,13.734834671020508,13.876639129460035,13.694319295460724,13.829370976646858,8233500
2015-06-05,14.072466850280762,14.099476673338229,13.842877558469295,13.903651270299427,10507800
2015-06-08,14.045455932617188,14.167003357950716,13.998187775645409,14.045455932617186,5618800
2015-06-09,14.173752784729004,14.275041852572501,14.004937242336386,14.079216493136459,6234300
2015-06-10,14.376331329345703,14.484373166834006,14.21426728515295,14.268288203897102,8164600
2015-06-11,14.288545608520508,14.450608354285404,14.281792833118612,14.389834663628541,6861100
2015-06-12,14.295303344726562,14.369582611963862,14.241282410725072,14.342571500982785,5931400
2015-06-15,14.275041580200195,14.376331934071416,14.139989921639154,14.173752514289328,7245500
2015-06-16,14.335819244384766,14.383087402359317,14.20076754845186,14.214271816472657,3869300
2015-06-17,14.153498649597168,14.410099071321364,14.139994381054388,14.362830911519739,7036000
2015-06-18,14.268288612365723,14.275041388397096,14.031947891069349,14.180505099878546,11032600
2015-06-19,14.20752239227295,14.34257410784291,14.187264055355051,14.248037778147848,6056400
2015-06-22,14.60592269897461,14.632933808671753,14.21427062409022,14.369581928927598,11425600
2015-06-23,14.646437644958496,14.788242090347863,14.572158389967617,14.727468388620863,8715800
2015-06-24,14.531645774841309,14.653193201353288,14.511387441102414,14.619429311788465,5866700
2015-06-25,14.457365989685059,14.63968712294484,14.437107656669312,14.599171744873994,6666900
2015-06-26,14.450569152832031,14.627210018198715,14.430187065964464,14.545682966556967,7734800
2015-06-29,14.09728717803955,14.375835881264655,14.056524300838646,14.172020199431628,7856700
2015-06-30,14.14484977722168,14.375841667379282,14.036147863715634,14.26034572230048,9015500
2015-07-01,14.362245559692383,14.375833615226991,14.226368891831203,14.294307873675942,7907600
2015-07-02,14.219579696655273,14.321487556142102,14.070113626634438,14.287518701589406,9885900
2015-07-06,14.26713752746582,14.280725588490894,13.975000694570813,14.06332179540498,9560900
2015-07-07,14.070112228393555,14.2399590759357,13.8187396196952,14.22637231296207,8466900
2015-07-08,13.900264739990234,14.036142730090841,13.859501861291472,13.974997764128423,7299000
2015-07-09,14.036149978637695,14.172028038908433,13.975004981098783,14.083706910983688,5393300
2015-07-10,14.199203491210938,14.280730590086115,14.083707523704845,14.199203491210938,3688100
2015-07-13,14.328279495239258,14.375836403004373,14.246752442050099,14.341867553408877,3964700
2015-07-14,14.362245559692383,14.423390513769819,14.178811993288376,14.233162919598508,4972500
2015-07-15,14.443771362304688,14.525297096886275,14.355450304708414,14.403008495013893,4908100
2015-07-16,14.511712074279785,14.60682587461219,14.464155174113582,14.572857030444428,5380200
2015-07-17,14.355457305908203,14.443778406578943,14.246755409566385,14.436984376078978,4910900
2015-07-20,14.457366943359375,14.47774773970117,14.348665043440263,14.389427931952715,5979100
2015-07-21,14.620418548583984,14.898967305392121,14.538891482670717,14.538891482670717,10235700
2015-07-22,14.667975425720215,14.776677316103411,14.491334529890333,14.634006570911247,10230100
2015-07-23,14.470948219299316,14.74270416183301,14.43018534625061,14.634002303150881,6625300
2015-07-24,14.362245559692383,14.484535467847255,14.314688661149555,14.484535467847255,4526800
2015-07-27,14.16523265838623,14.321491505747952,14.124469762515584,14.260346514027436,5026200
2015-07-28,14.199203491210938,14.253554458517964,14.070119457920768,14.212791556995013,4614900
2015-07-29,14.341869354248047,14.362250148233043,14.158434433410816,14.17202249328662,4938100
2015-07-30,14.36904525756836,14.409808144429155,14.253549331605429,14.301106248914492,4108100
2015-07-31,14.314693450927734,14.40980727983902,14.273930566512716,14.369044395424002,4343000
2015-08-03,14.32148265838623,14.389421640086137,14.20598677824488,14.31468863063341,3783000
2015-08-04,14.375840187072754,14.559275133161458,14.205993302730374,14.301107143296862,6239100
2015-08-05,14.504924774169922,14.634008774372084,14.389428836268815,14.436985758493574,5123600
2015-08-06,14.423393249511719,14.57965203031303,14.369042312892631,14.532095122749896,4141200
2015-08-07,14.362245559692383,14.538886394157387,14.25354370707212,14.389421670761598,4831200
2015-08-10,14.74949836730957,14.769880453783843,14.457362902816007,14.491331751111295,4954300
2015-08-11,14.382635116577148,14.66118392063615,14.307902068131913,14.57965684089326,5129900
2015-08-12,14.049735069274902,14.253550820700708,13.90026897545563,14.246756789542655,6448200
2015-08-13,14.158434867858887,14.178816958298013,14.008970092124878,14.083701832077505,3464400
2015-08-14,14.341869354248047,14.389426267984653,14.104083489736308,14.165228463348718,6300800
2015-08-17,14.355457305908203,14.45057243707891,14.165229635224431,14.280725562066216,3951200
2015-08-18,14.375840187072754,14.457367261721808,14.287520377379428,14.348665359408997,4090800
2015-08-19,14.26034164428711,14.403013674857178,14.178815880385915,14.307898555867581,7777000
2015-08-20,13.900264739990234,14.165226691103564,13.879883948555127,14.158432662015679,8326800
2015-08-21,13.458666801452637,13.818742664067694,13.445080035485743,13.71683479225706,12231600
2015-08-24,12.697754859924316,13.118974454655838,12.446380872749156,12.711341627365082,13677200
2015-08-25,12.385233879089355,13.20729343224052,12.371645818019028,13.064621382659748,11572500
2015-08-26,13.037446022033691,13.071414877488532,12.663782132886563,12.786072085850032,15747800
2015-08-27,13.54698371887207,13.587746595827575,13.166525881192381,13.186907967584382,14027700
2015-08-28,13.567365646362305,13.601335793195622,13.438282975881506,13.499427944352874,6959500
2015-08-31,13.533400535583496,13.587751489709174,13.4382866898208,13.451873456480499,5887200
2015-09-01,12.969504356384277,13.282021909150883,12.901565363574164,13.193702125577692,11162700
2015-09-02,13.139355659484863,13.241263535446933,12.949126674081107,13.200500644227896,4977100
2015-09-03,13.248052597045898,13.411105396587047,13.084999797504748,13.166525549361092,5242400
2015-09-04,13.057830810546875,13.152945967401989,12.962716949520933,13.085006939885242,5228500
2015-09-08,13.458666801452637,13.465460832350532,13.078210141972793,13.370346991437795,4472500
2015-09-09,13.363553047180176,13.69645278836195,13.336376923412404,13.655689898539197,6713500
2015-09-10,13.438283920288086,13.560572569996339,13.098590203053766,13.28881785537462,5298200
2015-09-11,13.431492805480957,13.438286836799595,13.302408802084777,13.322790896040694,4383700
2015-09-14,13.479042053222656,13.587743900762497,13.377134233132585,13.411103074553196,4637400
2015-09-15,13.614923477172852,13.648892327242558,13.458663397697915,13.499427572775847,6206200
2015-09-16,13.662482261657715,13.689657086279263,13.472253305991892,13.655688231545142,5747400
2015-09-17,13.180113792419434,13.703242341548195,13.118968829750957,13.682860255382542,10643800
2015-09-18,12.847219467163086,13.112180217628604,12.75889964895092,13.01706636788796,13332300
2015-09-21,13.030648231506348,13.07820513375108,12.867595439883665,12.867595439883665,5577000
2015-09-22,12.8064546585083,12.915156555048616,12.704546792480357,12.765691771262889,7102200
2015-09-23,12.772482872009277,12.921948932503177,12.690957107947744,12.772482872009276,6339000
2015-09-24,12.799660682678223,12.860805661721974,12.595844949751601,12.595844949751601,5933100
2015-09-25,13.085003852844238,13.125766741405753,12.860806022012605,12.955919860599098,8898700
2015-09-28,12.722482681274414,13.09868459658126,12.708802279538006,13.030283892534129,9156500
2015-09-29,12.756680488586426,12.838761582193618,12.633559500492998,12.722480793953684,7035300
2015-09-30,12.934523582458496,12.98924388431574,12.784043078509798,12.838763380367045,6223500
2015-10-01,12.97556209564209,13.023443496204337,12.811401207618687,12.893482303947772,5287700
2015-10-02,12.777199745178223,12.784039944312765,12.414677018854983,12.537797994007576,10032000
2015-10-05,13.085000991821289,13.10552158940275,12.79088025429459,12.927680324267207,7753000
2015-10-06,12.961881637573242,13.160242200511975,12.914000242044251,13.050801620000682,6675100
2015-10-07,13.023441314697266,13.221801865260886,12.934520033182725,13.07816160153908,9532100
2015-10-08,13.098684310913086,13.132885314508222,12.927683206842065,13.002924110116478,13571300
2015-10-09,12.97556209564209,13.173923984067098,12.866121503626488,13.078163792212138,7179300
2015-10-12,12.989242553710938,13.023443554265016,12.87980196120743,12.948202657680817,3762700
2015-10-13,12.87295913696289,13.009760502022903,12.845599646731591,12.941359819492897,5110700
2015-10-14,12.681438446044922,12.982399353564682,12.619877963908046,12.845599296865101,5888500
2015-10-15,13.023441314697266,13.023441314697266,12.571997317459113,12.571997317459113,8101100
2015-10-16,12.996082305908203,13.119203294389942,12.893481917051663,13.08500229501461,6429100
2015-10-19,13.009761810302734,13.15340208388936,12.927680722085636,12.955041519702881,9308200
2015-10-20,12.879796028137207,13.07131762911142,12.647234550037865,12.968715979347344,11798800
2015-10-21,12.503599166870117,12.98924159726545,12.476238368441532,12.900321611641894,15505700
2015-10-22,12.797718048095703,12.913998815119909,12.578836911258252,12.578836911258252,12881000
2015-10-23,13.071318626403809,13.071318626403809,12.845597328042667,12.927677088555297,6927700
2015-10-26,12.961881637573242,13.09184151153376,12.749839371277313,12.749839371277313,7881700
2015-10-27,12.825079917907715,12.961881292219235,12.770359629110027,12.893480605063475,4495300
2015-10-28,13.44752311706543,13.454363315951909,12.845599966035255,12.845599966035255,11104900
2015-10-29,13.317564964294434,13.522767063469216,13.283365266749387,13.43384576243636,5741500
2015-10-30,13.030279159545898,13.351761960404742,12.94819938821111,13.324401166870183,9979300
2015-11-02,13.372289657592773,13.3791298602766,13.037127553896884,13.10552827609988,7132400
2015-11-03,13.358601570129395,13.474882328258362,13.28336069585936,13.338080975882734,8949100
2015-11-04,13.324400901794434,13.46804245572437,13.303881611686169,13.37228098489294,6653900
2015-11-05,13.556964874267578,13.618525364989049,13.358604307769795,13.379123601587184,7309600
2015-11-06,14.015253067016602,14.104174389074677,13.851092131642243,13.892132039327048,9792000
2015-11-09,13.960529327392578,14.124690222459291,13.755328534717894,14.104170925972715,8782900
2015-11-10,14.111008644104004,14.117848843906966,13.81688788038487,13.940007562934065,9211800
2015-11-11,13.960529327392578,14.19993112193626,13.912649229410807,14.18625072118866,6388600
2015-11-12,13.721121788024902,13.8921228118699,13.693762302619527,13.837402536424872,7164300
2015-11-13,13.468042373657227,13.755324175132142,13.413322092644595,13.673243101295991,6662400
2015-11-16,13.529605865478516,13.529605865478516,13.31756358778455,13.385964280439548,7300400
2015-11-17,13.57064151763916,13.775842226832848,13.509081043954195,13.577481715230189,6272500
2015-11-18,13.926321983337402,13.940001071939111,13.54327880053923,13.659559533775441,8176600
2015-11-19,13.967366218566895,14.022086503957935,13.851085449031618,13.885285138163077,5635100
2015-11-20,13.857930183410645,14.063130994629539,13.844249781426734,14.035771495296657,6349100
2015-11-23,13.981048583984375,14.104169569602814,13.837406999217963,13.864767798081925,6100300
2015-11-24,14.028923988342285,14.042604383201741,13.803202691698333,13.912643241305446,7458800
2015-11-25,14.042611122131348,14.104171623906993,13.940009416082015,14.022090519994503,4384400
2015-11-27,14.117846488952637,14.124686687614608,13.960525833630797,14.076806601615308,2028700
2015-11-30,14.138371467590332,14.227291468490629,14.076810965184395,14.172571166867009,5937900
2015-12-01,14.377771377563477,14.439331871839135,14.152050000097635,14.22728958949643,10760900
2015-12-02,14.193086624145508,14.459847834778962,14.179406227540094,14.418807949597145,8022900
2015-12-03,14.008402824401855,14.391446037029885,13.960522748981903,14.302524778706367,9366000
2015-12-04,14.405130386352539,14.432491184944995,13.967368045950732,14.035768737797184,8496900
2015-12-07,14.220453262329102,14.405133473872818,14.117851550250968,14.336732767365717,9049400
2015-12-08,13.700607299804688,14.152050056536748,13.65272590046121,14.035769267400626,12692300
2015-12-09,13.515925407409668,13.844247165168277,13.447524715051285,13.666405886890358,10147300
2015-12-10,13.727964401245117,13.864765766247764,13.46120317458791,13.52276365837565,9002400
2015-12-11,13.481725692749023,13.604846689791723,13.338085399289083,13.481725692749023,9853300
2015-12-14,13.577488899230957,13.666408905694311,13.290206971575147,13.54328789317968,10888000
2015-12-15,14.035767555236816,14.124687533901122,13.632204942442392,13.762166115537523,8460300
2015-12-16,14.247811317443848,14.329892417856458,13.87844962717418,14.179410617872477,12474400
2015-12-17,13.878442764282227,14.336724224130043,13.864762370205943,14.29568434653538,10045500
2015-12-18,13.502246856689453,13.816889562763873,13.454366756873425,13.7895287602205,23181400
2015-12-21,13.584325790405273,13.659565376114802,13.399644316633893,13.591165989948806,6792100
2015-12-22,13.721121788024902,13.748482578064555,13.447520410799765,13.71428159051499,5880400
2015-12-23,13.994725227355957,14.008405624391575,13.727964008333787,13.823724178314164,5376700
2015-12-24,14.035767555236816,14.104168241320284,13.940006072866133,13.981047267296958,1600500
2015-12-28,13.98788833618164,14.008407630038436,13.762166971314304,13.95368733869589,4998600
2015-12-29,14.098027229309082,14.194401357303216,14.042956861732918,14.104911189378743,5495800
2015-12-30,13.93970012664795,14.09802726976107,13.92593220646912,14.049840862116305,5383700
2015-12-31,13.836443901062012,14.042957460025743,13.808908059610216,13.836443901062013,5379000
2016-01-04,13.457834243774414,13.54732441740531,13.313275012036954,13.40964783319526,11600500
2016-01-05,13.499136924743652,13.581741818263152,13.347692431656052,13.464717124959602,8994000
2016-01-06,13.299504280090332,13.36145859859232,13.154945078906321,13.223782043481028,8937500
2016-01-07,12.879594802856445,13.127412131396943,12.858944234132222,13.031039309400628,11183200
2016-01-08,12.659314155578613,13.04480809507471,12.631779624461071,12.920899422592488,9007300
2016-01-11,12.5078706741333,12.817642348457698,12.404613887018929,12.707500287490246,10964500
2016-01-12,12.576708793640137,12.673081618532299,12.34954333997914,12.673081618532299,8673500
2016-01-13,11.929633140563965,12.700619821925754,11.929633140563965,12.679967935761788,18186200
2016-01-14,12.149913787841797,12.266938508268955,11.764421131779974,12.03977302896699,15342000
2016-01-15,11.78507137298584,11.867676274131822,11.530370082993057,11.730001001228107,10111800
2016-01-19,11.619857788085938,12.005351664999075,11.509717055533926,11.98469978527766,9522100
2016-01-20,11.378925323486328,11.509716617804491,10.979664198433882,11.365157404195664,18492400
2016-01-21,10.828222274780273,11.874560691398742,10.821338970413798,11.537254487287777,21771300
2016-01-22,10.972783088684082,11.137994880628906,10.7800367639876,11.076040540710933,20065400
2016-01-25,10.33259105682373,10.93148198952794,10.256868784643034,10.86264367963472,24445600
2016-01-26,10.48403263092041,10.601057345345515,10.360124611786697,10.422078949598891,17255200
2016-01-27,10.614825248718262,10.924596280733327,10.40831100854466,10.428962235614819,11566800
2016-01-28,10.7180814743042,10.98655003799527,10.628591953073842,10.793803730378691,10970100
2016-01-29,10.876412391662598,10.883296354448476,10.656130177950317,10.76627161305187,11539600
2016-02-01,10.84199047088623,10.883293580583592,10.697430571681455,10.855758392948903,9965900
2016-02-02,10.55286979675293,10.738732790231335,10.45649631978369,10.64924327372217,8785100
2016-02-03,10.57352352142334,10.718083442808595,10.256868486793293,10.704316175124207,10961900
2016-02-04,10.690545082092285,10.848872880721673,10.539101900000512,10.539101900000512,8712400
2016-02-05,10.55286979675293,10.828221650249898,10.504683386513612,10.711197604881638,10519700
2016-02-08,10.188029289245605,10.552870690138501,9.9952829754802,10.360124376373097,10721900
2016-02-09,10.2086820602417,10.332590751795275,9.947097409456797,10.009051755233584,8490400
2016-02-10,10.098539352416992,10.408310365287507,10.091655391655493,10.311936884098413,9804000
2016-02-11,9.596020698547363,9.919559610060531,9.527183065272395,9.788767647294682,13541300
2016-02-12,10.236213684082031,10.249981603451502,9.781882848737988,9.816301990671134,10604500
2016-02-16,10.724964141845703,10.862640059255742,10.270633286147294,10.270633286147294,13441800
2016-02-17,10.607939720153809,10.959013810926866,10.54598539160673,10.841989114002512,10156600
2016-02-18,10.428959846496582,10.780033908716836,10.339470997529556,10.656125261700154,7721600
2016-02-19,10.518450736999512,10.545985922574486,10.263750106308342,10.360123584066057,6461500
2016-02-22,10.786920547485352,10.807571774953791,10.601057530797338,10.64924460354461,6385900
2016-02-23,10.394542694091797,10.766268026309497,10.3257044021479,10.738732840830059,8010900
2016-02-24,10.360126495361328,10.394545651124812,10.022820213158921,10.22245052879818,7892100
2016-02-25,10.532220840454102,10.545988107849052,10.353241768884523,10.428963380783616,7226900
2016-02-26,10.793804168701172,10.959015296224395,10.532219555210737,10.649244267995687,7817100
2016-02-29,10.504683494567871,10.773151390366303,10.463380387873169,10.738732900693094,8214500
2016-03-01,11.124226570129395,11.151762414902935,10.59417403156152,10.59417403156152,9532700
2016-03-02,11.351394653320312,11.35827861609999,11.082926669821168,11.144881021856609,8960900
2016-03-03,11.606093406677246,11.606093406677246,11.289437755136868,11.316973600045314,6484000
2016-03-04,11.791955947875977,11.874562175504366,11.647396690753105,11.750653490552505,7730200
2016-03-07,11.730003356933594,11.785073739750965,11.626745240292214,11.750653929876673,6793600
2016-03-08,11.447765350341797,11.681814788846228,11.420230817390253,11.633628371444974,7644300
2016-03-09,11.427112579345703,11.592323684198801,11.372042211061336,11.523485395598057,4911700
2016-03-10,11.606093406677246,11.661163783512787,11.358276054426632,11.551023029841705,7716900
2016-03-11,11.977815628051758,11.991583547639227,11.661161355426465,11.661161355426465,6548900
2016-03-14,11.902098655700684,12.046657920515745,11.77818996415548,11.90898130480296,6236200
2016-03-15,11.833257675170898,11.860792204305566,11.702465051082878,11.757535422333431,6779100
2016-03-16,11.59232234954834,11.92274452121228,11.509716150141857,11.819487756689924,10135500
2016-03-17,11.688698768615723,11.70935065309774,11.385812340767883,11.551023477679813,8888100
2016-03-18,11.950284004211426,12.005354382955106,11.70246664337416,11.778188906514746,13947500
2016-03-21,11.957165718078613,12.094840982568183,11.874559508999951,11.936513837563659,6647200
2016-03-22,11.964048385620117,12.060422515206016,11.798837280162918,11.840141041263081,7035900
2016-03-23,11.847023010253906,11.957165053901178,11.819488484077896,11.908977335376276,4553800
2016-03-24,11.77130126953125,11.805719753131063,11.551019823338079,11.723114867299117,6557200
2016-03-28,11.764418601989746,11.853907456964043,11.647393906727276,11.812605009512916,5177600
2016-03-29,11.584070205688477,11.660371561371548,11.431464848231379,11.660371561371548,8562700
2016-03-30,11.701991081237793,11.854595104633308,11.632625134950604,11.701991081237793,4858900
2016-03-31,11.577131271362305,11.743608728907143,11.500828607178962,11.688116243058863,6208200
2016-04-01,11.65343189239502,11.66730534376111,11.299668143875778,11.369032754615931,7777100
2016-04-04,11.618751525878906,11.799102454598291,11.535512126837126,11.667307290717709,6608300
2016-04-05,11.403717994689941,11.570195465475411,11.348225504428118,11.445337031624977,6897500
2016-04-06,11.438404083251953,11.54938910043575,11.25805309956684,11.271926557476256,8863600
2016-04-07,11.18868350982666,11.3482255780288,11.11238216212512,11.292733087407072,12224100
2016-04-08,11.306604385375977,11.5285756545665,11.278858803630438,11.369033598109993,6199400
2016-04-11,11.396781921386719,11.618751895159212,11.348226155004662,11.396781921386719,6383500
2016-04-12,11.549388885498047,11.604881393057212,11.40372154929739,11.438403870379716,6716700
2016-04-13,12.076562881469727,12.10430978416451,11.660368602363972,11.667305328037667,7539200
2016-04-14,12.298534393310547,12.451139731677433,12.034945399019591,12.083501161938033,10393500
2016-04-15,12.256916046142578,12.360964304396155,12.201423553537643,12.312408538747512,7461200
2016-04-18,12.277726173400879,12.430330196636758,12.083501788608997,12.138994280971623,7814900
2016-04-19,12.562125205993652,12.575997336627845,12.291598151423774,12.312408331943107,9034700
2016-04-20,12.756348609924316,12.784095518032979,12.47888614406469,12.603744584462872,9730400
2016-04-21,12.853461265563965,13.221098530974222,12.763285138657215,13.033812196332086,12052600
2016-04-22,12.915894508361816,12.985259153073528,12.811844895202668,12.908957779281486,9432500
2016-04-25,12.853461265563965,12.929762615586547,12.673110334795844,12.902017030954347,5224400
2016-04-26,13.006068229675293,13.019941686651244,12.804907072661056,12.888146491471076,8505400
2016-04-27,12.992189407348633,13.096237645608369,12.797966382075828,12.950570376653765,7830700
2016-04-28,12.825715065002441,12.992192551110124,12.742476983471326,12.874270833069833,6425300
2016-04-29,12.70085620880127,12.818777923026918,12.596807948730499,12.777158883607692,8684900
2016-05-02,12.797967910766602,12.818776767077045,12.562124503582789,12.728601969292782,5782200
2016-05-03,12.506634712219238,12.707794530526035,12.333220482658467,12.624556441242387,5613200
2016-05-04,12.166739463806152,12.451138612226234,12.069626623655136,12.423391708455888,6414700
2016-05-05,12.132055282592773,12.24997697216586,12.04188049552871,12.187547764565688,6635700
2016-05-06,12.125120162963867,12.125120162963867,11.944769241902742,11.979452874632944,5616100
2016-05-09,12.021074295043945,12.201425251874683,11.965581794714916,12.132059295702003,4718300
2016-05-10,12.298534393310547,12.354026882795239,12.02107194588709,12.104311341636784,4976200
2016-05-11,12.243043899536133,12.45114176130926,12.201424856399719,12.229170444142152,5339600
2016-05-12,12.173680305480957,12.437270716881509,12.090442203072412,12.333222427347936,5061200
2016-05-13,11.896212577819824,12.298533425691529,11.840720092701147,12.14592942237647,6219900
2016-05-16,12.20836067199707,12.236106257666602,11.819913211305627,11.958643785744142,9565700
2016-05-17,12.125120162963867,12.360963573348007,12.034945363955957,12.180612652286882,6629800
2016-05-18,12.680044174194336,12.707789752508265,12.118181329080137,12.13205477975964,13521100
2016-05-19,12.582932472229004,12.735537797314906,12.381772711495582,12.555186891423965,8796100
2016-05-20,12.680044174194336,12.797965858879962,12.582931342482889,12.631487096816073,6981100
2016-05-23,12.575997352600098,12.749411554678698,12.492759276507774,12.64536329804061,6206600
2016-05-24,12.742475509643555,12.88120607049796,12.624553805242394,12.659236114694671,6833500
2016-05-25,13.054619789123535,13.096238823561865,12.777157354459241,12.777157354459241,6554200
2016-05-26,12.902017593383789,13.103177390633746,12.832651644211397,13.061558350348486,4193100
2016-05-27,13.075430870056152,13.082367596782042,12.902016671044917,12.99219147239081,4794300
2016-05-31,13.089303970336914,13.17947876924974,13.006064574917508,13.130923006523965,8716100
2016-06-01,13.193354606628418,13.193354606628418,12.811842516323507,12.91589211016292,8709100
2016-06-02,13.387579917907715,13.401453375798413,13.061561595750861,13.123990833213245,8942800
2016-06-03,13.054619789123535,13.096238823561865,12.721664867526384,13.082366694112588,8141800
2016-06-06,13.318208694458008,13.41532020562178,12.985252484812724,13.103174172530924,7680900
2016-06-07,13.17948055267334,13.33902131551689,13.172543825195948,13.207227462582905,6678000
2016-06-08,13.165606498718262,13.276591487216033,13.137860913116532,13.193353407365416,4455200
2016-06-09,12.992189407348633,13.061555340536835,12.867330992218898,13.054618614913501,5591000
2016-06-10,12.853461265563965,12.867333396357376,12.714729373266831,12.797968773254187,5827100
2016-06-13,12.707793235778809,12.943636669795941,12.686984377100817,12.72860341750224,6102600
2016-06-14,12.367898941040039,12.763283049406557,12.326279909381764,12.624552502863919,6019400
2016-06-15,12.506634712219238,12.777160486959458,12.360966071404492,12.388712983196092,8552400
2016-06-16,12.388710975646973,12.416456559896918,12.194486593715911,12.395647702470798,6961700
2016-06-17,12.631490707397461,12.652300889365092,12.319345916155724,12.409520725257883,12170800
2016-06-20,12.763283729553223,13.096238646652687,12.735538147984217,12.88814215422683,10209100
2016-06-21,12.770221710205078,12.860397836014682,12.624554415806221,12.797968617545068,10842700
2016-06-22,12.791030883789062,13.019937559142795,12.763283978633332,12.763283978633332,5717500
2016-06-23,13.255781173706055,13.262717900106407,12.985254136273396,12.985254136273396,5494800
2016-06-24,12.138995170593262,12.603745324332081,12.138995170593262,12.416457652740585,11595200
2016-06-27,11.27885913848877,11.944768996694833,11.19561974469037,11.930896866932834,10132300
2016-06-28,11.63547420501709,11.663444736138924,11.362768195120855,11.516602115165954,12729400
2016-06-29,11.971115112304688,11.978106412079015,11.593520906484706,11.719385641758032,13175100
2016-06-30,12.299762725830078,12.299762725830078,11.992093475051192,12.082996390233179,15029900
2016-07-01,12.187882423400879,12.313747169083484,12.096979514315185,12.194875057461976,6243000
2016-07-05,11.6774320602417,11.97111602025103,11.607507053818798,11.901191013828129,6584800
2016-07-06,11.7263765335083,11.817278087865953,11.369760281105329,11.467654467907147,7186400
2016-07-07,11.85224437713623,11.985100427502841,11.684423821615615,11.894198849162075,4655100
2016-07-08,12.062016487121582,12.201866487122311,12.027054653975622,12.076001753863345,7059800
2016-07-11,12.180892944335938,12.285779815002199,12.10397528344985,12.173900308463665,3693200
2016-07-12,12.509532928466797,12.516525561041279,12.313744551214448,12.369684278102017,6148000
2016-07-13,12.544499397277832,12.572468601238388,12.369687537971263,12.523521494025932,6763800
2016-07-14,12.894120216369629,12.943067312575273,12.754270226889206,12.824195221629417,6064100
2016-07-15,12.964046478271484,13.01299357926143,12.852165675526429,12.999008312204738,7696500
2016-07-18,12.887128829956055,12.971037764793229,12.838181729016291,12.901114096998407,3737800
2016-07-19,12.873144149780273,12.978030989962605,12.768257309597942,12.852166248260394,4172300
2016-07-20,12.859158515930176,12.922090884989254,12.775249579657068,12.908105617707571,3984900
2016-07-21,12.768258094787598,12.936077316141152,12.733294923437724,12.824197835238783,6772200
2016-07-22,12.887128829956055,12.901114096998407,12.698331726009704,12.810211194931584,3717400
2016-07-25,12.880133628845215,12.943065984282084,12.831186537662806,12.852163100336291,3740500
2016-07-26,13.047954559326172,13.054947192396913,12.761263271967678,12.845173535108197,5571300
2016-07-27,13.040966033935547,13.180816071983973,12.964049713346837,13.033973398662244,7773200
2016-07-28,13.229762077331543,13.292694455812514,12.92209281961443,13.040964941888632,9016000
2016-07-29,13.27171516418457,13.3556254379559,13.124873852220437,13.23675332810984,5967300
2016-08-01,13.131868362426758,13.327656806352715,13.08991255269227,13.320664171396968,6510600
2016-08-02,12.992015838623047,13.166827677858398,12.908105568958343,13.068933474673319,5365500
2016-08-03,13.257730484008789,13.29269365534205,13.012994953219028,13.012994953219028,6622900
2016-08-04,13.19479751586914,13.362616712632239,13.152841716397052,13.285699080641828,5511900
2016-08-05,13.684270858764648,13.68427085876465,13.23675296740211,13.355625074008849,8247400
2016-08-08,13.565399169921875,13.78915812249409,13.551413901958972,13.719234450096693,6385300
2016-08-09,13.565399169921875,13.656302077972187,13.530437333723176,13.54442260168608,3145800
2016-08-10,13.348628997802734,13.621334975810848,13.334643733877146,13.565395253816666,4050200
2016-08-11,13.453519821166992,13.474497723310206,13.32765507572486,13.37660218035045,4856100
2016-08-12,13.362616539001465,13.432540203129534,13.24374444279198,13.369609172155952,3081700
2016-08-15,13.600362777709961,13.614346712414536,13.250739069632159,13.411565655257883,3116200
2016-08-16,13.572391510009766,13.663294416091686,13.509459139247983,13.509459139247983,3959400
2016-08-17,13.649312019348145,13.670288591541807,13.516454616050096,13.558409094146233,5852000
2016-08-18,13.691263198852539,13.719233733316988,13.614345562783795,13.635323463632131,5185400
2016-08-19,13.698257446289062,13.733219284780061,13.60036323154735,13.698257446289062,4108900
2016-08-22,13.719231605529785,13.740208169416267,13.621336083795832,13.684268442871844,3499000
2016-08-23,13.649312019348145,13.789160724238206,13.649312019348145,13.754198881442893,4762300
2016-08-24,13.600362777709961,13.740211460715921,13.572392240883607,13.67028645235864,4853200
2016-08-25,13.698257446289062,13.733219284780061,13.523445586416775,13.579385328227561,5076400
2016-08-26,13.76817512512207,13.894039810597771,13.670279628803225,13.754189863689673,4751000
2016-08-29,13.852089881896973,13.936000152254218,13.775173578920374,13.803142779900455,4416800
2016-08-30,14.096827507019043,14.11081277513858,13.824121447230928,13.887053820060274,6274000
2016-08-31,14.096827507019043,14.13878197766908,13.915023022590775,14.11081277513858,5652700
2016-09-01,14.012919425964355,14.173746018086373,13.831114930375211,14.138782845641158,4985800
2016-09-02,14.054871559143066,14.082840758733886,13.915021560063657,14.06186419246788,4294100
2016-09-06,13.894044876098633,14.12479643902901,13.775172778000654,14.075848006169965,5004900
2016-09-07,13.998930931091309,14.026900128893638,13.775172013839269,13.838104376029948,4312500
2016-09-08,14.082839012145996,14.11780217443385,13.949982996576964,14.040884551108842,3965700
2016-09-09,13.935999870300293,14.16675144197851,13.935999870300291,14.054871972904737,5934900
2016-09-12,14.131789207458496,14.166752377420492,13.740211039844066,13.887053686267329,5739800
2016-09-13,14.138786315917969,14.194726071851719,13.81713305272615,14.187734769355362,13236100
2016-09-14,14.243668556213379,14.530359851944123,14.05487145891506,14.194720123288743,13607500
2016-09-15,14.362546920776367,14.453448525593746,14.159764468455204,14.173749741106803,7210600
2016-09-16,14.306600570678711,14.376525574521386,14.194721098013837,14.250660834346274,11059700
2016-09-19,14.425467491149902,14.488399838613308,14.334565952429447,14.397498299892854,6840200
2016-09-20,14.432464599609375,14.537352767058666,14.383517499444213,14.481411699774537,7533400
2016-09-21,14.502388954162598,14.579306584544407,14.362540293305592,14.481411054865271,7403800
2016-09-22,14.544347763061523,14.712168340146933,14.509385920832191,14.60028751085373,8259400
2016-09-23,14.628256797790527,14.761114187550373,14.446452299621443,14.446452299621443,5734100
2016-09-26,14.306600570678711,14.544344783518696,14.28562400312187,14.530360849716974,7876200
2016-09-27,14.488404273986816,14.502389540750707,14.187729040813862,14.23667614077903,7075900
2016-09-28,14.453226089477539,14.57284740695793,14.298419505200341,14.537664824420109,8417100
2016-09-29,14.242121696472168,14.629136682660667,14.164718430808662,14.368781097692803,8316400
2016-09-30,14.396930694580078,14.537663698086792,14.284344828626462,14.319528750567835,6055800
2016-10-03,14.319522857666016,14.502475150082775,14.263229947855383,14.312486076173581,6026200
2016-10-04,14.403963088989258,14.572841836449529,14.249157906016256,14.249157906016256,9248000
2016-10-05,14.593955993652344,14.699505070607682,14.382857839741668,14.382857839741668,7166000
2016-10-06,14.593955993652344,14.734688991012348,14.460259780373272,14.636175356008613,5597300
2016-10-07,14.558771133422852,14.650246627878376,14.41100137514347,14.530624001510924,6015000
2016-10-10,14.55173397064209,14.685430159476013,14.523586839464807,14.60802689086757,6503800
2016-10-11,14.347672462463379,14.60802807850388,14.242123396225573,14.249160179591986,7407100
2016-10-12,14.333598136901855,14.48136653954968,14.312487789896881,14.382854271117797,6378400
2016-10-13,13.890295028686523,14.235089429078487,13.81992852323053,14.192870062656676,12800100
2016-10-14,13.932513236999512,14.185832098732746,13.848074511174667,14.0521358836925,17027600
2016-10-17,13.777704238891602,13.96065655092103,13.770667456644818,13.93954620418068,8249100
2016-10-18,13.981768608093262,14.052133754911116,13.77770592435988,14.045096971803503,9141300
2016-10-19,14.43914794921875,14.558770570964748,13.981767810353139,14.009913599048572,17204900
2016-10-20,14.790979385375977,14.86838131273576,14.284341755454705,14.291378538329067,17496800
2016-10-21,14.92467212677002,14.952819254294099,14.657281125935835,14.685428253459913,6436300
2016-10-24,14.99504280090332,15.100591874406366,14.952823439927958,15.058372513431005,5864400
2016-10-25,14.973929405212402,15.093552011376309,14.910599711235694,14.95985584163338,7439100
2016-10-26,15.248355865478516,15.26242942784027,14.854305514250841,14.938744204163813,6615700
2016-10-27,15.35390853881836,15.529824083657486,15.276505269607831,15.35390853881836,8360200
2016-10-28,15.206137657165527,15.424272521562969,15.121697618811972,15.410198958149229,5832400
2016-10-31,15.311686515808105,15.452418121879617,15.241320041707919,15.297612952562297,6959500
2016-11-01,15.375018119812012,15.53686009087353,15.086516748048771,15.41020069017181,6928300
2016-11-02,15.213173866271973,15.32575968508657,15.121697049654593,15.32575968508657,5955600
2016-11-03,15.07244873046875,15.311694054930914,15.016155791897036,15.241327546183891,5409500
2016-11-04,14.92467212677002,15.16391734220904,14.910599905136893,15.065405080132589,8043800
2016-11-07,15.410200119018555,15.459456252548287,15.255394936192396,15.269468500666314,6174300
2016-11-08,15.234282493591309,15.367978653442023,15.135770240084883,15.346868309635449,7178300
2016-11-09,16.149049758911133,16.27570784110732,15.543899772524705,15.635375277799053,14189600
2016-11-10,16.704940795898438,16.83863699232734,16.247560625317526,16.36014647216424,13716000
2016-11-11,17.218612670898438,17.246759801682,16.578280208992137,16.676793824605536,10993600
2016-11-14,17.78154754638672,18.020792847910364,17.42971637851423,17.457862174036745,12132000
2016-11-15,18.063007354736328,18.070044137256964,17.352308425700254,17.675993711004452,9359100
2016-11-16,17.521194458007812,17.851916663212673,17.429718931499195,17.72525720948567,10863300
2016-11-17,17.894128799438477,17.908202364636118,17.457857673215003,17.59155385833448,6275700
2016-11-18,18.070043563842773,18.11929969779517,17.788578982594082,17.894128032796218,5613600
2016-11-21,18.189666748046875,18.217812535988323,18.0207879940111,18.119300264999712,6480600
2016-11-22,18.393728256225586,18.428912169165038,18.119300445943082,18.29521598425321,9325400
2016-11-23,18.499284744262695,18.73852872038275,18.35151494551822,18.49224795935777,10900600
2016-11-25,18.393728256225586,18.583717359711496,18.351508902827288,18.562607011947822,3297400
2016-11-28,17.858945846557617,18.42187640556541,17.781543918067502,18.302253779212553,9962000
2016-11-29,17.86598777770996,18.10523309935543,17.809694839800997,17.94339107063335,6858500
2016-11-30,18.309289932250977,18.442984777829135,18.055971122306552,18.21781309882479,11881400
2016-12-01,18.604829788208008,18.78778212956711,18.344474171854507,18.457060021594074,7541900
2016-12-02,18.217815399169922,18.597793662066028,18.168559255934333,18.576683311195385,8487000
2016-12-05,18.358549118041992,18.513354337533467,18.267072269424393,18.457061408433905,5712400
2016-12-06,18.520395278930664,18.53446884989714,18.19671119947928,18.499286264610546,6346400
2016-12-07,18.682231903076172,18.703342253406447,18.35854791745387,18.555573827482146,8108300
2016-12-08,18.98480987548828,19.083323517108262,18.583722550843085,18.822967857145382,8131400
2016-12-09,18.92147445678711,18.998877721429775,18.731486699590864,18.97776737412841,6558600
2016-12-12,18.675201416015625,18.99184870219633,18.625943918844367,18.928518976534274,7185300
2016-12-13,18.829999923706055,18.91443863293283,18.534461757154176,18.801852792544405,6125400
2016-12-14,18.935548782348633,19.217013380362342,18.541498345129437,18.6611209670514,9315300
2016-12-15,19.139616012573242,19.22405474102073,18.872223574187615,19.027030146556996,7213300
2016-12-16,18.85814666748047,19.294417827669754,18.81592731072962,19.06924613549302,10180100
2016-12-19,19.160722732543945,19.181833083196317,18.752598681502715,18.801854824229018,7136200
2016-12-20,19.554779052734375,19.618107434987294,19.18183749160763,19.26627622936455,5872600
2016-12-21,19.484403610229492,19.589952655099662,19.421073914881603,19.582915873157795,3270600
2016-12-22,19.435150146484375,19.54773598875024,19.31552752131076,19.512552074211467,3482300
2016-12-23,19.477367401123047,19.484404183271867,19.315525438087032,19.45625705467658,2275500
2016-12-27,19.533660888671875,19.575880240673197,19.442184060185177,19.4844047543155,2416100
2016-12-28,19.27906036376953,19.590241463731523,19.257843010727086,19.54073430663249,2906600
2016-12-29,18.90422821044922,19.335638271956256,18.812289046798448,19.307348468413203,5521700
2016-12-30,19.073965072631836,19.151760691958195,18.833507111925115,18.97495344725809,4900800
2017-01-03,19.130538940429688,19.491225798597313,18.967876636432106,19.32856349459973,6368500
2017-01-04,19.392215728759766,19.51951714157884,19.130540452528113,19.165902705495643,4651800
2017-01-05,18.840579986572266,19.342713274238648,18.776929269136634,19.29320746044033,8035200
2017-01-06,19.003244400024414,19.144689394956018,18.819364692574254,18.982027043765136,6093800
2017-01-09,18.925445556640625,19.052746974676722,18.75571078223652,18.90422820399058,3818000
2017-01-10,19.144685745239258,19.321492966896706,18.904227815870566,18.98909587579624,5239500
2017-01-11,19.158828735351562,19.16590118538413,18.86886502867589,18.974949081300565,5900200
2017-01-12,19.031532287597656,19.13761636784193,18.769858312923933,19.08103810178283,4526300
2017-01-13,19.300277709960938,19.58316900576592,19.09518067741976,19.102253128431396,5095700
2017-01-17,18.40917205810547,19.16590690115314,18.168714081015068,19.109328632951414,14325100
2017-01-18,18.621339797973633,18.628412249952582,18.288942648556688,18.4940383602171,9338900
2017-01-19,18.380884170532227,18.81229435373992,18.366739264770427,18.677920446867738,5618400
2017-01-20,18.593053817749023,18.699137913711454,18.437462551333823,18.508185731619598,5433700
2017-01-23,18.74156379699707,18.791069598744933,18.49403343932582,18.593046391753475,7614500
2017-01-24,18.81229019165039,18.92544671484477,18.147494606184267,18.904229360896267,12165000
2017-01-25,19.031532287597656,19.08811055365675,18.82643657898303,18.953736665916797,9686400
2017-01-26,19.172983169555664,19.271994821383245,19.010319435782748,19.10933243654291,5173800
2017-01-27,18.925445556640625,19.257842654565483,18.861794847622576,19.23662665084752,5038300
2017-01-30,18.621339797973633,18.812291954608433,18.35966447048162,18.79814705065053,6398300
2017-01-31,18.458675384521484,18.670843524428342,18.395024672763,18.395024672763,8928800
2017-02-01,18.55768585205078,18.812288683290294,18.458674239427438,18.649626362857074,6181500
2017-02-02,18.345523834228516,18.451607932926176,18.21822237621832,18.366739844608546,6590300
2017-02-03,18.75571060180664,18.861794666172166,18.494035317368414,18.713275896914777,6311700
2017-02-06,18.925445556640625,18.99616871654202,18.642554265967117,18.69206007321847,6251000
2017-02-07,18.7344970703125,19.0103159637033,18.60012317527981,18.982027503604613,4923600
2017-02-08,18.310161590576172,18.614270329756504,18.161644122008568,18.55061960067539,7384300
2017-02-09,18.494035720825195,18.621337140413797,18.288940038435186,18.38795165414539,7587300
2017-02-10,18.74863624572754,18.85472029931265,18.53646678962539,18.6566957434037,4849800
2017-02-13,18.911296844482422,19.052743135785544,18.826430148845994,18.868863496664208,4321700
2017-02-14,19.484148025512695,19.505365369819614,18.84057008644981,18.88300477506365,6563500
2017-02-15,19.491230010986328,19.646821247507265,19.30027921451495,19.646821247507265,6620700
2017-02-16,19.519512176513672,19.569017969143694,19.39221079607551,19.477078832678178,6024600
2017-02-17,19.47709083557129,19.484161939791758,19.25784883462652,19.363932934056162,3990200
2017-02-21,19.498302459716797,19.675109701968758,19.392218384152063,19.56195317484208,4878200
2017-02-22,19.44879722595215,19.512447942969846,19.286134881987923,19.392218960706668,5974200
2017-02-23,19.427576065063477,19.519516571160263,19.19419059802607,19.519516571160263,4619300
2017-02-24,19.32149314880371,19.335638050413166,19.109325020390084,19.24369753888375,5504100
2017-02-27,19.498302459716797,19.61853143840542,19.2649169539015,19.363928577904293,4637600
2017-02-28,19.406360626220703,19.533662039015336,19.314420117454794,19.448793980841575,6387800
2017-03-01,20.332836151123047,20.488426063881185,19.682185340329813,19.71047515115807,7879600
2017-03-02,19.618532180786133,20.396484345919514,19.61145972895656,20.354050983874348,6533300
2017-03-03,19.689247131347656,19.79533116664447,19.470006611876684,19.52658485396376,5062500
2017-03-06,19.47709083557129,19.58317493500093,19.201270558335214,19.47709083557129,5069100
2017-03-07,19.356853485107422,19.54780424218901,19.27905788289482,19.45586508870024,4488900
2017-03-08,19.356853485107422,19.696322996510165,19.32149123458718,19.653889644817806,5920500
2017-03-09,19.441720962524414,19.646817976911546,19.370997807600165,19.420503611367543,3881600
2017-03-10,19.20833969116211,19.639749816393223,18.840580284372713,19.569026646021065,8208600
2017-03-13,19.06689453125,19.257846698401007,19.024461165971676,19.18712352364889,4222100
2017-03-14,18.91837501525879,19.073964903600462,18.621338792837623,18.911302563661593,4538300
2017-03-15,18.70620346069336,19.151757038819472,18.593046953584125,19.151757038819472,4710600
2017-03-16,18.84765625,18.953740350868955,18.692066325321036,18.79815042618999,5421800
2017-03-17,18.635478973388672,18.932515120534294,18.543538474857097,18.85471952161248,11694300
2017-03-20,18.52233123779297,18.784005259719283,18.479896518886665,18.621342884042654,6475400
2017-03-21,17.61707305908203,18.64962802884531,17.525133888994784,18.64962802884531,9966800
2017-03-22,17.567564010620117,17.77973211721529,17.1856598000305,17.581708910774974,7864800
2017-03-23,17.72315216064453,17.956537595021416,17.44026092941979,17.510984074458925,7080000
2017-03-24,17.602928161621094,17.815097656315224,17.447338277991136,17.74437449141718,5978000
2017-03-27,17.489770889282227,17.525133144684816,16.987639002954502,17.17151868425162,5981300
2017-03-28,17.850461959838867,18.013124325793715,17.334185051060903,17.334185051060903,5956000
2017-03-29,17.80779457092285,17.978476139009,17.6655592526228,17.878910873616352,6561000
2017-03-30,18.298494338989258,18.405170095668584,17.74377986167443,17.793561791027727,5985700
2017-03-31,18.063812255859375,18.27716518619552,18.056700355869214,18.191823742769817,3606700
2017-04-03,17.985580444335938,18.18470817810632,17.772227556995734,18.163373838891467,5680100
2017-04-04,18.02825164794922,18.106479824234945,17.843346342849795,17.87890448148367,4240100
2017-04-05,17.708227157592773,18.319837053058016,17.701115256894763,18.2202731561986,4574200
2017-04-06,17.907346725463867,18.035358156615814,17.558871916470032,17.729553372520748,4004400
2017-04-07,17.786455154418945,17.950024786809397,17.665555566031166,17.765119454189488,5332100
2017-04-10,17.637104034423828,17.907350751267476,17.516204472984498,17.850456919793434,5018400
2017-04-11,17.55887222290039,17.622877939593366,17.238843639435512,17.537536531850847,7388400
2017-04-12,17.302860260009766,17.558883288121738,17.196184450448612,17.523323780630346,6223000
2017-04-13,17.01838493347168,17.430865578567154,17.004161135530726,17.238848375732356,6770300
2017-04-17,17.352632522583008,17.423750141390038,16.91170572759979,17.032605272635013,5744900
2017-04-18,17.07527732849121,17.352634582664777,16.94726587073236,17.217511226535333,6213600
2017-04-19,17.217512130737305,17.416641226203723,17.11794826123209,17.245959725713647,5729000
2017-04-20,17.74378776550293,17.829127866278117,17.288635587694948,17.288635587694948,7889100
2017-04-21,17.509096145629883,17.90735301632266,17.430866608787046,17.679777661641072,6046200
2017-04-24,18.0140323638916,18.191825814524744,17.88602086240272,18.028256165491786,7715900
2017-04-25,17.786455154418945,18.19893586366144,17.686891266260623,18.063812475120688,8871400
2017-04-26,17.758007049560547,17.978471876298894,17.715337006770245,17.81490089209969,8644000
2017-04-27,17.530427932739258,17.81489708463721,17.359746441600485,17.807786542738686,7590900
2017-04-28,17.37396812438965,17.672661036654013,17.366856226900527,17.509091463771462,4879900
2017-05-01,17.62999725341797,17.758007384201168,17.338414778896926,17.480650066153228,7179800
2017-05-02,17.395305633544922,17.686888057964566,17.30285366223332,17.644216665245985,5123700
2017-05-03,17.58021354675293,17.62999684566058,17.26018619251238,17.31708003480778,6301000
2017-05-04,17.715335845947266,17.893129261788932,17.5659900277392,17.736671544172466,6371000
2017-05-05,17.637104034423828,17.807786885301887,17.57309830445854,17.7793392913369,3307700
2017-05-08,17.73666763305664,17.807785255002372,17.601544287005336,17.615768082685644,3051600
2017-05-09,17.665552139282227,17.89312747175994,17.573098812678168,17.78645170421801,4849300
2017-05-10,17.516210556030273,17.72245161453222,17.487764308642383,17.608663912067836,6336100
2017-05-11,17.381084442138672,17.54465405661933,17.203291029062456,17.423754481469256,4592700
2017-05-12,17.18195152282715,17.28151537801577,16.92592863067836,17.20328721599148,6139000
2017-05-15,17.5233211517334,17.53043305216473,17.132176123204328,17.203293771061336,5595800
2017-05-16,17.708227157592773,17.743786661082822,17.50909936387394,17.5233218088136,5831900
2017-05-17,16.911705017089844,17.430861306595105,16.762357888224017,17.22462035636508,9406700
2017-05-18,16.94015121459961,17.110832678340117,16.741023518463535,16.89036929056559,7426700
2017-05-19,17.196176528930664,17.359746118672252,16.904595484102302,16.968601211645687,6230500
2017-05-22,17.34552574157715,17.47353722189901,17.167732320342594,17.26729755862413,5354700
2017-05-23,17.594432830810547,17.651326658504082,17.231734170593302,17.416639449711262,5388700
2017-05-24,17.409528732299805,17.60865782095882,17.28862917069539,17.587322125455945,6538600
2017-05-25,17.40241241455078,17.6797709598307,17.34551859744693,17.452195691415298,4991200
2017-05-26,17.25307273864746,17.44508994777011,17.23884894024073,17.38819611059926,4653600
2017-05-30,17.103717803955078,17.210394887122796,16.88325445455568,17.181947303223282,4845400
2017-05-31,16.883264541625977,17.13928752386318,16.762364950731325,17.117951823191323,9368600
2017-06-01,17.08949851989746,17.13216854715996,16.49922460968603,16.56323032880763,6326000
2017-06-02,16.812145233154297,17.011274350362672,16.783698991528034,16.940156711612815,8140900
2017-06-05,16.85481071472168,17.11794412235088,16.847698817697154,16.940150766104686,7081800
2017-06-06,16.797916412353516,16.897480254924965,16.520557862188497,16.67701687932149,6931400
2017-06-07,16.982826232910156,17.068167668091295,16.812144719003975,16.904598053488215,6188700
2017-06-08,17.302860260009766,17.587329537658338,16.91171517280004,16.94016142233664,6373700
2017-06-09,17.822010040283203,17.878903874038024,17.3881950665737,17.3881950665737,8017100
2017-06-12,17.914459228515625,18.17759264015975,17.708218281024468,17.822005922241768,6977200
2017-06-13,18.0140323638916,18.184713913724654,17.9002446640029,18.042479967091968,5491500
2017-06-14,18.191822052001953,18.241603990850063,17.67266560907722,17.69399995060864,8390500
2017-06-15,18.12070083618164,18.255824183835777,17.95001935536076,18.021136978150082,4345700
2017-06-16,18.113588333129883,18.191817851230283,17.8362311056187,17.850454900992553,6289000
2017-06-19,18.198928833007812,18.42650412171297,18.134923113502524,18.220264524994814,3915800
2017-06-20,18.17759132385254,18.270044623431506,17.95001605789751,18.191815117088623,5912200
2017-06-21,18.056697845458984,18.25582694813003,17.999804009903837,18.213156910577673,6682800
2017-06-22,17.8789005279541,18.042471456285465,17.69399526374245,18.028247661394783,6103000
2017-06-23,17.537538528442383,18.03536052462857,17.480644702288746,18.006912933323843,7618400
2017-06-26,17.65132713317871,17.822008620849243,17.487757543718104,17.55176327115154,3422800
2017-06-27,17.843345642089844,18.02113904118882,17.65844034425219,17.779339909897732,5336300
2017-06-28,18.229537963867188,18.286751053682842,18.014989218075396,18.043595080949395,5735400
2017-06-29,18.644325256347656,19.087727536408707,18.53705092919215,18.737297340198285,10133600
2017-06-30,18.565658569335938,18.8445734837042,18.429778378406674,18.765904999642995,5774600
2017-07-03,18.930391311645508,19.10918231847125,18.694387237198214,18.73014625700364,2930700
2017-07-05,19.009063720703125,19.137793490479414,18.8231208714782,18.9661542521335,4982100
2017-07-06,18.923242568969727,19.21646112254079,18.908940322800955,18.987607450964916,5320900
2017-07-07,18.937549591064453,19.03767351668864,18.815971610288194,18.987610871842747,4073600
2017-07-10,18.837421417236328,19.009060627654062,18.744449325718065,18.866027270272355,4950900
2017-07-11,18.73015594482422,18.94470471835957,18.601426135075872,18.84458213925212,6363000
2017-07-12,18.672935485839844,18.765906220633532,18.529902117161694,18.579963386978857,4854200
2017-07-13,18.801671981811523,18.801671981811523,18.63718313967217,18.723003464443476,4267300
2017-07-14,18.651477813720703,18.708690881453364,18.336805259157494,18.54420348223035,5390800
2017-07-17,18.708690643310547,18.80166272973464,18.501293786944775,18.594264509301752,4487200
2017-07-18,18.465538024902344,18.572812373950725,18.29389879361147,18.451234414611267,5344200
2017-07-19,18.45123291015625,18.59426627326984,18.301049106547502,18.522749591713044,6272400
2017-07-20,18.229537963867188,18.558514253357945,18.179476680786944,18.47984574333605,8664000
2017-07-21,18.722993850708008,18.87317763685787,18.243833913267313,18.31535058651028,9418800
2017-07-24,18.90178871154785,18.930394568246136,18.680088206883532,18.758755335854335,5727400
2017-07-25,19.016212463378906,19.366642689069717,18.95184758885741,19.20930708694339,10518900
2017-07-26,18.722993850708008,19.10202989998171,18.64432537373403,18.937542506369834,7257700
2017-07-27,18.69439125061035,18.866030490323443,18.5871168962981,18.758756136011186,5499000
2017-07-28,18.866029739379883,18.901788765438894,18.579964351244612,18.69439050649872,5554500
2017-07-31,19.09488296508789,19.159247846413706,18.880332905979387,18.93039417721784,4800400
2017-08-01,19.25221824645996,19.266521856296663,19.02336594534197,19.18070156134376,5271300
2017-08-02,19.28082847595215,19.3165875086559,19.152100050421517,19.223615387693773,4413500
2017-08-03,19.237916946411133,19.295130028559882,19.130642587890662,19.216462893147522,5930300
2017-08-04,19.438159942626953,19.73852891125285,19.330885603274968,19.431008138127858,5558300
2017-08-07,19.330890655517578,19.459619077943554,19.25222214953427,19.43101321653809,3585300
2017-08-08,19.631256103515625,19.924473290518996,19.2522186198947,19.30943169628396,6751500
2017-08-09,19.40955352783203,19.523979676418268,19.287975574450744,19.423857137422132,5881300
2017-08-10,18.866029739379883,19.27367445204843,18.830272077388237,19.209309569209573,5283300
2017-08-11,18.672935485839844,19.073427008444447,18.579963386978857,18.98045627365076,4345300
2017-08-14,19.08057403564453,19.13063529292671,18.858873597366184,18.873175839398982,3428200
2017-08-15,19.323734283447266,19.5597383815679,19.14494325868717,19.14494325868717,5650900
2017-08-16,19.18785285949707,19.47391822833937,19.09488212614855,19.402401545111978,7593500
2017-08-17,18.780208587646484,19.24506495899043,18.74444956580944,19.166396475016136,8052200
2017-08-18,18.83027458190918,18.980459783197684,18.680090744688226,18.70154479910976,8550400
2017-08-21,18.74445152282715,18.873181286746156,18.68723844598174,18.830271820128935,4230000
2017-08-22,19.037670135498047,19.037670135498047,18.80166602226766,18.80166602226766,5188300
2017-08-23,19.023365020751953,19.16639701996528,18.787360926186086,18.85887760782637,3592700
2017-08-24,19.2021541595459,19.245063618694775,19.066272614162816,19.102030269442363,3691100
2017-08-25,19.073427200317383,19.309431306163354,19.066275395404798,19.252218230930005,4253900
2017-08-28,19.016212463378906,19.187851674080495,18.930392175994516,19.11633499527137,4845600
2017-08-29,18.780208587646484,18.901786533758028,18.66578244590235,18.830269854151144,4285000
2017-08-30,18.808820724487305,18.944702324727455,18.773063054771946,18.79451847504176,3905300
2017-08-31,18.687236785888672,18.9446962908551,18.658630932040865,18.866027805655975,4751200
2017-09-01,18.887483596801758,19.03051696110285,18.680086719039153,18.722996182702577,3404600
2017-09-05,18.444082260131836,18.873179616463464,18.408323237726048,18.808814740200273,5569600
2017-09-06,18.42978286743164,18.63002798244609,18.329658945856874,18.57281489757517,4518000
2017-09-07,17.857650756835938,18.451237027293548,17.635950222201,18.415479360569947,7888900
2017-09-08,17.950620651245117,18.115108080324696,17.77898141689242,17.929165235425764,5533800
2017-09-11,18.379716873168945,18.479839404988684,18.13656098383484,18.150863228332526,4777100
2017-09-12,18.722993850708008,18.808812767345906,18.41547311061019,18.451230765198133,3293300
2017-09-13,18.83027458190918,18.89463947330889,18.594270434799427,18.608574047125487,4492600
2017-09-14,18.815961837768555,18.94469155809251,18.651474468051006,18.84456904853694,4172100
2017-09-15,18.96615219116211,18.96615219116211,18.5799629237988,18.72299628891127,7980400
2017-09-18,19.216463088989258,19.302282031053256,18.987609393994454,19.03052022909394,5890200
2017-09-19,19.438159942626953,19.50252481905159,19.1878522414275,19.230761704354848,4862000
2017-09-20,19.602649688720703,19.688469988864444,19.266523021631457,19.39525278981337,4363100
2017-09-21,19.69562339782715,19.7957459527573,19.57404542509732,19.57404542509732,3927600
2017-09-22,19.531131744384766,19.702770969576868,19.452464618713787,19.595496624340218,4658400
2017-09-25,19.40955352783203,19.645557629799555,19.295127379245795,19.516829235690505,8878600
2017-09-26,19.588340759277344,19.652705625891574,19.402397962843683,19.459611026048883,3839300
2017-09-27,19.795743942260742,19.981686785437358,19.681317787085494,19.903018292229113,6295100
2017-09-28,19.846097946166992,19.91083704850664,19.651880639148054,19.867678104279573,5493900
2017-09-29,20.12663459777832,20.184180318243804,19.774166888427455,19.838905995450897,4977900
2017-10-02,20.04750633239746,20.12663082570937,19.85328904772671,19.968380467087613,4009800
2017-10-03,20.076278686523438,20.169791323115916,19.939607110271794,20.097858842352,3477900
2017-10-04,20.004344940185547,20.155403277432868,19.989959542541218,20.09785757086195,3461300
2017-10-05,20.299266815185547,20.356812521635483,19.88925348523002,19.997151513323917,3279400
2017-10-06,20.277690887451172,20.464714802742087,20.13382591507414,20.328043216183715,3483200
2017-10-09,20.234525680541992,20.34961845381706,20.1554011996624,20.34961845381706,2248000
2017-10-10,20.443134307861328,20.450327693561253,20.19137129635604,20.270497167057194,2423600
2017-10-11,20.32804298400879,20.45032779753318,20.227338327693893,20.45032779753318,2834000
2017-10-12,20.248916625976562,20.435940534634007,20.148211972083327,20.435940534634007,6048900
2017-10-13,20.184175491333008,20.342427213766893,19.939605894842334,20.176982106495295,7080000
2017-10-16,20.40716552734375,20.40716552734375,20.148209171049626,20.148209171049626,4003000
2017-10-17,20.119436264038086,20.42874494998326,20.097857481668427,20.41435818040491,4497400
2017-10-18,20.19136619567871,20.27049204639135,20.07627479754997,20.256105278625835,3693600
2017-10-19,20.34242820739746,20.38558714653396,19.975573794742367,20.033119504257012,3545400
2017-10-20,20.572612762451172,20.61577170518973,20.45032794802689,20.579806148240607,3917100
2017-10-23,20.450326919555664,20.60857728297047,20.407167978987623,20.565418342402427,4892500
2017-10-24,20.572612762451172,20.651737262138848,20.133825833282025,20.133825833282025,7767900
2017-10-25,20.558231353759766,21.018597188391702,20.435946507435858,20.774027495743884,6990200
2017-10-26,20.7524356842041,20.86752707065119,20.500672761852023,20.601377381993835,5313900
2017-10-27,20.910694122314453,20.925080894209636,20.687704645931483,20.752443747461715,4293300
2017-10-30,20.86753273010254,21.01139631617964,20.723667772027515,20.774020095754395,4996600
2017-10-31,20.788410186767578,20.989820885847006,20.745251241249896,20.824377118030768,4594800
2017-11-01,20.83156394958496,21.025781214092294,20.781211630341833,20.910689806680054,3649800
2017-11-02,21.04736328125,21.14087454377595,20.68770225738448,20.809987060378674,4087000
2017-11-03,20.94666290283203,21.047367571000073,20.896309196749808,20.975435077166527,3605200
2017-11-06,21.032976150512695,21.0977152434587,20.853145641662213,20.925078119601988,2985600
2017-11-07,20.464717864990234,21.126494367353317,20.443137704305105,21.025788322820972,4904900
2017-11-08,20.3568172454834,20.50068223099138,20.2489191923515,20.256112578826716,6401600
2017-11-09,20.148208618164062,20.443130517184855,19.989958278103423,20.205754321095004,6229900
2017-11-10,19.903644561767578,20.54384085605415,19.889257789042492,20.198566542641043,6799400
2017-11-13,20.277690887451172,20.342429987821028,19.695038984122455,19.7957450135856,8058000
2017-11-14,20.579803466796875,20.586996851649047,20.162596749355945,20.191368916766763,5786900
2017-11-15,20.471906661987305,20.5798060764544,20.284884120106582,20.457521262456666,5481900
2017-11-16,20.479101181030273,20.774023153698568,20.392783291077567,20.622966160282274,3942400
2017-11-17,20.464717864990234,20.52945697504736,20.23453360034364,20.270500534818858,3783200
2017-11-20,20.55103302001953,20.630158893302855,20.428748203126247,20.52226084827892,4814300
2017-11-21,20.48629379272461,20.651737552211255,20.443134849379845,20.651737552211255,3424000
2017-11-22,20.443134307861328,20.63015822006531,20.41436076506162,20.49348663576278,2672400
2017-11-24,20.284883499145508,20.536645133200338,20.256109956968952,20.522259734110065,2281100
2017-11-27,20.428747177124023,20.428747177124023,20.248916653783148,20.3208491375191,5402700
2017-11-28,21.032976150512695,21.054556305494,20.42874553101524,20.500678008955017,6140800
2017-11-29,21.910551071166992,21.975290171592476,21.22000249595925,21.22719588178409,6388400
2017-11-30,21.946517944335938,22.385304874545906,21.89616561568851,22.06160937324379,7991400
2017-12-01,22.075992584228516,22.277401866333005,21.39982951945443,22.011253494409836,7486700
2017-12-04,22.557941436767578,22.896022328974958,22.42126985396118,22.450042024447885,7291800
2017-12-05,22.140731811523438,22.7593478029684,22.097571503377768,22.593904071070202,6429200
2017-12-06,21.99686622619629,22.33494706491625,21.9033549719113,22.119151018413774,8257900
2017-12-07,21.867389678955078,22.104765896595133,21.601241293236367,21.86019629393594,10673900
2017-12-08,21.845813751220703,22.104768785766613,21.507731471122025,22.061609842008643,10860200
2017-12-11,21.79545783996582,22.068800990718024,21.69475319074024,21.80984461042603,6978000
2017-12-12,21.903358459472656,22.090380997821295,21.687561006612036,21.766686876527398,7110500
2017-12-13,21.5364990234375,22.04721693648473,21.50772548760502,21.867386453524826,6761900
2017-12-14,21.34228515625,21.65159385549967,21.28473944745922,21.630013700203904,9139300
2017-12-15,21.60124397277832,21.81704006212953,21.28474185266488,21.471765770368364,17129800
2017-12-18,21.91774559020996,22.169508619104015,21.694756106102943,21.82423431364835,10054900
2017-12-19,22.0256404876709,22.219856387104,21.93932124303564,22.068799423989603,6286100
2017-12-20,21.946517944335938,22.349337945513415,21.91055101530345,22.24863328821856,5045000
2017-12-21,22.248634338378906,22.32056682784112,22.04722364228433,22.119156131746543,5550300
2017-12-22,22.183887481689453,22.385298107390067,22.025637157780313,22.385298107390067,2626900
2017-12-26,22.068805694580078,22.32056874330408,21.95371425036309,22.140738190215256,1977900
2017-12-27,22.054412841796875,22.162310869508637,21.975286981209248,22.126345317604002,2369100
2017-12-28,22.1556396484375,22.199026359649256,21.98932805971027,22.126716553491164,3330600
2017-12-29,21.9387149810791,22.2568773495585,21.9387149810791,22.184567532286586,3351700
2018-01-02,22.003799438476562,22.553352262722438,21.82302553757445,22.553352262722438,8378800
2018-01-03,22.06887435913086,22.155645044297124,21.902562729899547,21.982102294769426,5975900
2018-01-04,22.14841651916504,22.423193605843,22.097800050354714,22.220726351406363,7453300
2018-01-05,22.206266403198242,22.278576242909732,22.003800507040644,22.21349752508894,6212800
2018-01-08,22.199031829833984,22.27857139493231,22.025487700612672,22.177338468882528,5896100
2018-01-09,22.596742630004883,22.799209940480182,22.24242587106989,22.2858112307447,4364000
2018-01-10,22.83536148071289,23.088445244125094,22.618433328757035,22.647356438726558,3413500
2018-01-11,23.037824630737305,23.066747735513555,22.806434275746085,22.907667211255916,4566200
2018-01-12,23.392139434814453,23.399371934857268,23.04505528849969,23.139057101127097,4346400
2018-01-16,23.341522216796875,23.637991266027164,23.204135062701535,23.428295664174374,6128900
2018-01-17,23.493377685546875,23.54399415779742,23.102905392421906,23.464453199006314,4410800
2018-01-18,23.261978149414062,23.609066375592867,23.18966971135437,23.522292939853116,4325300
2018-01-19,23.500606536865234,23.53676076447457,23.189675214321603,23.225829441930937,5417300
2018-01-22,23.695846557617188,23.7753875264217,23.37768544079034,23.50061038647644,7971200
2018-01-23,23.804304122924805,23.985078009976387,23.182444268515475,23.609070752292833,7393600
2018-01-24,24.10077476501465,24.151391230238072,23.797073215283625,23.98507683491485,5089700
2018-01-25,23.7464542388916,24.23092685719478,23.7319919991585,24.23092685719478,4496200
2018-01-26,24.115238189697266,24.151395177958815,23.746460631591454,23.818769091332694,3574500
2018-01-29,23.985076904296875,24.288778454906417,23.94892268023134,24.086312593427046,3012200
2018-01-30,23.87661361694336,24.136928436933225,23.775380688811836,23.8404593938093,4518300
2018-01-31,23.93446159362793,24.20200893307957,23.854923400202686,23.920002110016515,4431400
2018-02-01,24.339401245117188,24.346630988452823,23.847695946557955,23.970623650393364,4325500
2018-02-02,23.95615577697754,24.520169409946348,23.8549228437155,24.223700351797287,4954100
2018-02-05,22.922136306762695,24.079088427637508,22.791978848365346,23.630769825597447,7591400
2018-02-06,23.153520584106445,23.24029128053818,22.07610834557746,22.25688223887149,8297600
2018-02-07,23.384910583496094,23.71030413804752,23.016131681402925,23.095672634558902,5545900
2018-02-08,22.48827362060547,23.392141748836355,22.48827362060547,23.35598752021747,7178200
2018-02-09,23.124591827392578,23.247519486487434,22.336417687893263,22.89320150739188,8425400
2018-02-12,23.319826126098633,23.62352486324854,23.059511346604438,23.26920966990698,5447300
2018-02-13,23.42106819152832,23.493379413197324,23.081213724857196,23.204140043303436,3291900
2018-02-14,24.042924880981445,24.13692806639925,23.298137413969798,23.40660008170692,4636200
2018-02-15,24.006771087646484,24.245391167647007,23.934459882805097,24.187544962164317,3709600
2018-02-16,23.95615577697754,24.173083885166267,23.811536118721534,23.941693535312883,6874200
2018-02-20,24.014001846313477,24.180313486908997,23.883844430475147,23.883844430475147,3852000
2018-02-21,24.18031883239746,24.53463693348355,23.97785292228606,24.100780623704516,4510600
2018-02-22,23.768150329589844,24.37555071146879,23.681379634575897,24.252625790064922,6022300
2018-02-23,24.187545776367188,24.202008017822294,23.847689998148475,23.847689998148475,3004300
2018-02-26,24.41170310974121,24.418935609511973,24.086312338208764,24.37554888605877,3586000
2018-02-27,24.050153732299805,24.65032428678934,24.04292399140764,24.397241979709573,7025800
2018-02-28,23.89830780029297,24.404475245961414,23.891078058356428,24.165852386195603,6726400
2018-03-01,23.710304260253906,24.13693075433341,23.57291433740703,23.87661590935057,5035300
2018-03-02,23.797073364257812,23.869381812632376,23.21859750208982,23.522296295331582,4091300
2018-03-05,24.122465133666992,24.238160297635098,23.413831909563573,23.572911036025783,5013100
2018-03-06,24.339401245117188,24.40447996870271,23.89108268174537,24.26709277819603,3123100
2018-03-07,24.353857040405273,24.42616548817656,23.99230928476789,23.99230928476789,3662000
2018-03-08,24.34663200378418,24.46955971274606,23.94892990234998,24.39001874078096,3876600
2018-03-09,24.73709487915039,24.744327378406425,24.368317410410253,24.476780073738407,3854100
2018-03-12,24.773250579833984,24.88171600803046,24.56355498151945,24.72986661526773,4676000
2018-03-13,24.628633499145508,24.997410987101524,24.53463031265068,24.954024264475358,5183900
2018-03-14,24.31046485900879,24.686474771464294,24.230923929283026,24.549087648186067,4297200
2018-03-15,24.274314880371094,24.433396767590683,24.122465492601666,24.382780305000875,3431400
2018-03-16,24.382781982421875,24.628634571224595,24.28877879183511,24.382781982421875,9072600
2018-03-19,24.31046485900879,24.447854740676863,24.079074568019223,24.37554355074897,4021500
2018-03-20,24.245393753051758,24.52017084396901,24.209239525970975,24.447862389807437,4694600
2018-03-21,24.31046485900879,24.57077962596951,24.064612330033643,24.216464449687297,4187600
2018-03-22,23.355981826782227,24.10077199505144,23.334289846576866,24.013998557449682,6879600
2018-03-23,22.43765640258789,23.471681926167903,22.415963038620827,23.457219683523192,6910200
2018-03-26,23.225828170776367,23.276444638337335,22.60396693891908,22.84258841398886,4924600
2018-03-27,22.661813735961914,23.449987964100107,22.466577614306708,23.37767951536433,4656000
2018-03-28,22.938003540039062,23.047024194002155,22.45104332514927,22.727230460546792,6960600
2018-03-29,23.076091766357422,23.163309101103557,22.79990608116092,23.09062821986053,5226900
2018-04-02,22.49464988708496,23.076094226471238,22.131246828400375,23.01794979253261,6416900
2018-04-03,22.938003540039062,23.03248912340715,22.530992451649528,22.589136892848032,3833700
2018-04-04,23.461301803588867,23.526714468461325,22.465578147237384,22.538259040014864,5066500
2018-04-05,23.49764633178711,23.708418027630422,23.381354675396747,23.606665600834543,4303300
2018-04-06,22.70542335510254,23.315942002021668,22.371093200415174,23.243259725429617,5365100
2018-04-09,22.82171630859375,23.381356075762096,22.80717985067433,22.83625276651317,4276600
2018-04-10,23.0979061126709,23.228730090128828,22.91620452666073,23.148782334950052,3888000
2018-04-11,22.872589111328125,23.068827105133177,22.78537314937436,22.91619847857773,3420300
2018-04-12,23.446765899658203,23.592127688634623,23.003415077198362,23.05429128745828,4139000
2018-04-13,22.828981399536133,23.65027313754243,22.749032278241874,23.621200225699887,4879800
2018-04-16,22.88712501525879,23.047021865833983,22.683618798485433,23.003413885908508,4422800
2018-04-17,22.487377166748047,23.039749871941385,22.30567567370836,23.039749871941385,5807100
2018-04-18,22.371091842651367,22.74176311313769,22.334750706560985,22.53098868263126,4550500
2018-04-19,22.792638778686523,22.83624675469171,22.356554859816974,22.356554859816974,7234300
2018-04-20,22.836246490478516,23.054287754254293,22.70542117770403,22.843514717440712,4995800
2018-04-23,23.20692253112793,23.214190759588192,22.71269408601264,22.879859181780212,7073100
2018-04-24,24.166301727294922,24.631457166558945,23.766558944961474,23.984600210548344,11385300
2018-04-25,24.3770751953125,24.6387258127648,23.98459926913405,24.129961031334773,8342700
2018-04-26,24.435213088989258,24.76227629190343,24.23170832830685,24.311657419301916,5806000
2018-04-27,24.587848663330078,24.711404354279924,24.377074254897504,24.4424869067371,6274000
2018-04-30,24.108154296875,24.83496031519567,24.108154296875,24.696868169830918,5116000
2018-05-01,24.24625587463379,24.34800830154038,23.868316308590963,24.115430533597976,5756100
2018-05-02,23.80289649963379,24.209908857743677,23.75928714151831,24.14449620684289,7599800
2018-05-03,23.461301803588867,23.752025374698785,23.11243518178423,23.737488918888744,6024900
2018-05-04,23.715686798095703,23.77382985167517,23.163313926362793,23.345014087912425,5375500
2018-05-07,23.853778839111328,23.99914063104223,23.53398511489981,23.76656287297102,4574700
2018-05-08,24.057283401489258,24.31893406938001,23.78836589173289,23.911924383812654,4765000
2018-05-09,24.471561431884766,24.653262967099398,24.100891519966893,24.100891519966893,3363800
2018-05-10,24.667797088623047,24.827695311697322,24.275323916828675,24.449755821505033,3997100
2018-05-11,24.696868896484375,24.849497499411708,24.59511649453282,24.667795989485356,3717600
2018-05-14,24.733205795288086,24.85676424953044,24.675062760531745,24.740475407473063,3755000
2018-05-15,24.93671989440918,25.19836777831467,24.638729485127957,24.711408990788577,5855200
2018-05-16,24.965791702270508,25.053010441948892,24.791359768004945,24.827699523264805,5271500
2018-05-17,24.93671989440918,25.09661536137163,24.718675832336473,24.973059647239488,4980800
2018-05-18,24.39161491394043,24.907646604913182,24.3843452999575,24.893110149492703,5765400
2018-05-21,22.458309173583984,22.996145544241635,22.349288531174256,22.92346604015027,26880800
2018-05-22,23.177845001220703,23.37408297174686,22.55279272712367,22.618205383965723,16582800
2018-05-23,22.67635154724121,23.15604347657027,22.58186597512547,23.010681697748822,13001200
2018-05-24,23.083362579345703,23.11970233090243,22.465577098972656,22.6109388777449,12812400
2018-05-25,22.792638778686523,23.061556248036496,22.749029416408774,22.988875363846144,7708300
2018-05-29,22.01495933532715,22.676352832534402,21.898669073915073,22.538259273454162,10422500
2018-05-30,22.24026870727539,22.34202112576625,21.804184735314553,22.247536935206554,11183500
2018-05-31,22.225736618041992,22.363830203319548,22.087643032764436,22.211200159323724,7743900
2018-06-01,22.35655403137207,22.640007944310952,22.305677830205862,22.451038206927524,5772100
2018-06-04,22.530988693237305,22.603669579179684,22.37109185318214,22.400163375795536,4471300
2018-06-05,22.509187698364258,22.54552884042408,22.356559060531467,22.421971729966327,4419300
2018-06-06,23.003414154052734,23.0760950456242,22.552795121600504,22.632742854683684,6731100
2018-06-07,22.98160743713379,23.265059960909937,22.821709222216096,23.05428693161729,6015700
2018-06-08,23.119701385498047,23.177845817374788,22.858052135189023,22.9961442944759,5407900
2018-06-11,22.836246490478516,23.228721042529422,22.799906741940067,23.14150509152813,6088600
2018-06-12,22.734495162963867,23.032485551173355,22.596401616682787,22.901660232198925,7592100
2018-06-13,22.6400089263916,23.003411963368265,22.530988292553115,22.785370695691295,5345000
2018-06-14,22.414703369140625,22.741766714382806,22.305682716150834,22.654549360227286,5950100
2018-06-15,22.29114532470703,22.37109444714112,22.007691361564724,22.37109444714112,10964500
2018-06-18,22.29114532470703,22.392897745061138,22.036762887549003,22.174856448224403,5124200
2018-06-19,22.218460083007812,22.291140963156685,21.985882375549398,22.05129502905614,5699400
2018-06-20,22.320219039916992,22.480117300468414,22.26207459597272,22.392899941415557,6541600
2018-06-21,22.262073516845703,22.45831152549756,21.978619539641574,22.262073516845703,5474000
2018-06-22,21.876861572265625,22.429234316166777,21.825985372452916,22.42196608958318,6830400
2018-06-25,21.847795486450195,21.927744617556087,21.469857290024407,21.855063715302812,7224900
2018-06-26,21.513463973999023,21.913206832773998,21.353565721470776,21.85506239174722,6847200
2018-06-27,21.026498794555664,21.644284200978475,20.990157661076385,21.535262186813128,7450600
2018-06-28,21.019184112548828,21.260531684182254,20.880225997077545,21.092320036215384,7828700
2018-06-29,20.989938735961914,21.538456284166994,20.982625001258242,21.260539945236488,8713600
2018-07-02,21.267850875854492,21.29710581081203,20.902172558597744,20.938739832342588,5633700
2018-07-03,21.143516540527344,21.384864132435972,21.09963554062173,21.3482968650066,3614700
2018-07-05,21.07769012451172,21.355606323176872,21.04843659541366,21.245901752942356,5621600
2018-07-06,21.311725616455078,21.36292034262447,20.887538948970818,21.063064322245168,3902700
2018-07-09,21.911436080932617,21.96263219837069,21.392173730053372,21.428740990414717,6437700
2018-07-10,21.721288681030273,22.07965319984125,21.57501682255763,21.955322538625047,5475300
2018-07-11,21.6262149810791,21.91875734942412,21.57502024098773,21.618901247501473,5644900
2018-07-12,21.509197235107422,21.757858587705936,21.348299287229793,21.735917387787715,4794900
2018-07-13,21.275161743164062,21.50188187873037,21.128889877987927,21.34829767575213,5121700
2018-07-16,21.54576301574707,21.63352641439484,21.30441541315557,21.30441541315557,3672000
2018-07-17,21.589645385742188,21.70666232049267,21.479942183782597,21.531136918366947,4684500
2018-07-18,22.116226196289062,22.14548113354294,21.55308120872156,22.05040398242002,10344600
2018-07-19,20.7047061920166,21.882190834727343,20.690080119306575,21.882190834727343,13188800
2018-07-20,20.836347579956055,21.085008914230308,20.763211647236826,20.81440638165472,15014200
2018-07-23,21.348299026489258,21.465315968053236,20.88022986528136,20.88022986528136,9208300
2018-07-24,21.450685501098633,21.677405619296245,21.311727379321873,21.42874430451753,6449500
2018-07-25,21.40680694580078,21.589646086653296,21.27516254119466,21.392179479744115,6868200
2018-07-26,21.611581802368164,21.84561703014489,21.311725779692114,21.370234237898377,7941600
2018-07-27,21.582332611083984,21.933383430920085,21.545763945506085,21.706663284144934,8745600
2018-07-30,21.757854461669922,21.962634770550615,21.523820620064406,21.633523808948027,6140900
2018-07-31,21.640838623046875,21.926067207397878,21.553075230580212,21.757855549701222,6344900
2018-08-01,21.779802322387695,21.969955225619874,21.618902960832383,21.801742129907304,6684200
2018-08-02,21.94801139831543,22.057714607650198,21.553078170767883,21.640841575206892,6414700
2018-08-03,21.72860336303711,22.00651964513224,21.655468820861316,21.896816436916573,5858100
2018-08-06,21.618898391723633,21.750542788827154,21.47262792434894,21.713975520721448,4030800
2018-08-07,21.677404403686523,21.874870976987726,21.648150871503958,21.684718135470092,3977700
2018-08-08,21.830991744995117,21.889500209038932,21.5896441564454,21.86755901191557,2896300
2018-08-09,21.589645385742188,21.83099298803404,21.560390454578616,21.757857055077015,4031500
2018-08-10,21.458005905151367,21.516514385941022,21.253225524911464,21.319047740168855,4481200
2018-08-13,21.304414749145508,21.6188982749831,21.282474946381303,21.509195076306508,3958600
2018-08-14,21.662782669067383,21.6920362071026,21.355612847461703,21.355612847461703,3519500
2018-08-15,21.333669662475586,21.61889825779837,21.23859392901861,21.392178128053384,4651900
2018-08-16,21.82367706298828,21.969948914208874,21.47994002605716,21.538448487555048,3927600
2018-08-17,21.71397590637207,21.838306573072252,21.62621250842705,21.779798106092866,4442600
2018-08-20,21.816364288330078,21.86755902001841,21.62621143137926,21.70666109257625,2699300
2018-08-21,21.991897583007812,22.167423038276922,21.72860870262799,21.816372127738703,3733600
2018-08-22,21.757854461669922,21.93337984287406,21.743226997831645,21.904126310149238,3589200
2018-08-23,21.560386657714844,21.78710814945032,21.531133126654826,21.772480686444485,3758700
2018-08-24,21.538454055786133,21.692038283816554,21.501885386051185,21.633529807192758,2552000
2018-08-27,21.75054168701172,21.889499809687564,21.57501629808255,21.640838493299963,3842300
2018-08-28,21.72860336303711,21.896816436916573,21.684722358741237,21.809053033372855,3381900
2018-08-29,21.589645385742188,21.76517078786791,21.311729119495872,21.684721122119992,6874400
2018-08-30,21.41411781311035,21.553074537197148,21.348295619615868,21.487252343702664,7064300
2018-08-31,21.52382469177246,21.545764496728548,21.238596067727393,21.377552815622586,3879000
2018-09-04,21.75054168701172,21.830991346711176,21.560388833600506,21.743227954770695,4797200
2018-09-05,21.706663131713867,21.86024734120666,21.64815466215205,21.64815466215205,5054900
2018-09-06,21.57501983642578,21.823681193594307,21.56770610298529,21.71397798189102,4040000
2018-09-07,21.567705154418945,21.670094628178564,21.428747015065202,21.64815482377405,5257400
2018-09-10,21.516508102416992,21.677406028863036,21.377549978014795,21.67009229653115,3554000
2018-09-11,21.494569778442383,21.648155388037008,21.428747573609257,21.516510978370754,3783300
2018-09-12,21.114261627197266,21.443371197432256,21.026498238163555,21.443371197432256,4588100
2018-09-13,21.041128158569336,21.28247576289805,20.98993342355293,21.245907098634966,6152800
2018-09-14,21.22396469116211,21.4799397297917,21.08500657391432,21.4799397297917,4955500
2018-09-17,21.004562377929688,21.297106152388757,20.960681369741668,21.238597676487363,4408100
2018-09-18,21.099637985229492,21.12157779024833,20.931426303642407,20.99724711365092,5021600
2018-09-19,21.589645385742188,21.692034854910883,21.07038151720402,21.099636448367587,5458800
2018-09-20,21.787111282348633,22.035771214445848,21.670092956426853,21.670092956426853,5764800
2018-09-21,21.57501983642578,21.838308660475285,21.53113883073487,21.779800187903398,9683400
2018-09-24,21.21666145324707,21.7505515954896,21.09964447398713,21.545771184308492,4341900
2018-09-25,21.1947078704834,21.414115624693206,21.187394139181244,21.304411050112495,4307200
2018-09-26,20.807098388671875,21.34830217188258,20.777843451494558,21.333674703293923,3855200
2018-09-27,20.5642147064209,20.89541989278921,20.534773496698836,20.82917857474872,3885300
2018-09-28,20.54949378967285,20.77765754621932,20.188847399056137,20.42437145792141,8712900
2018-10-01,20.461170196533203,20.733495748769986,20.365489080459433,20.681975039819953,5284700
2018-10-02,20.556848526000977,20.659889922896422,20.336043727724494,20.520047024371355,4370500
2018-10-03,20.969017028808594,21.086779034843865,20.593650108133474,20.68197231457685,5017800
2018-10-04,20.97637939453125,21.344386050575658,20.85861737690376,20.991099997693183,8320800
2018-10-05,20.807096481323242,21.270784246054898,20.73349487001381,20.97637920465115,3861200
2018-10-08,21.101497650146484,21.167738947784866,20.711410164479762,20.865973660247224,3331000
2018-10-09,20.946935653686523,21.057338760208562,20.777652949308987,20.983737157138474,5193500
2018-10-10,20.578927993774414,21.226620383193872,20.56420879697732,21.226620383193872,5579100
2018-10-11,20.041641235351562,20.623092399169614,19.953320428084215,20.49797008567927,7274600
2018-10-12,19.754600524902344,20.475893347607457,19.371873205323798,20.284529687818186,9709500
2018-10-15,19.658916473388672,19.975402447658006,19.622116366357673,19.703078286426788,4971900
2018-10-16,19.754600524902344,19.931243579207624,19.438114526167556,19.70307980954258,4365400
2018-10-17,19.89443588256836,20.210920356777265,19.52642930881349,19.680991395950375,4602100
2018-10-18,19.438108444213867,20.041639041877893,19.408668646291453,19.82083564404161,5397700
2018-10-19,19.37922477722168,19.717791531649336,19.217302401350626,19.438105768796024,6782300
2018-10-22,18.68001937866211,19.45283428700541,18.635858967961795,19.408673876305095,10074500
2018-10-23,19.13633918762207,19.283542358291015,17.737914681600998,18.16480219194077,10449000
2018-10-24,18.378253936767578,19.27619117560671,18.341453828613314,19.27619117560671,12070500
2018-10-25,19.040660858154297,19.165783150135997,18.45920979428826,18.466570094267617,10484300
2018-10-26,19.03330421447754,19.33506955243195,18.790419883835355,18.790419883835355,10063100
2018-10-29,19.60003662109375,19.835562093082387,19.28355203190756,19.28355203190756,9726100
2018-10-30,19.76931381225586,19.806113908509108,19.290904137961473,19.65155181964503,10149900
2018-10-31,19.86499786376953,20.30660610375594,19.857637562655803,20.00484077726257,11524700
2018-11-01,19.94595718383789,20.166760573260913,19.85027468560986,19.990117580955754,7740000
2018-11-02,20.137327194213867,20.37285125901545,19.960684145612678,20.129966891709547,5298000
2018-11-05,20.291885375976562,20.40964738539979,20.129962963978098,20.181483667621524,4954600
2018-11-06,20.59364891052246,20.652529910115906,20.225642312104974,20.240362912961775,5404500
2018-11-07,20.431732177734375,20.68197684635066,20.093165283321806,20.623095830431193,6554200
2018-11-08,20.417003631591797,20.63780840828329,20.093157468077766,20.321322544375672,6176900
2018-11-09,20.578927993774414,20.67461049404112,20.343403999015973,20.409645298021,6387200
2018-11-12,20.343400955200195,20.667247101455487,20.313961162177094,20.483243832602135,6347900
2018-11-13,20.38020896911621,20.704053815107596,20.284526452565224,20.30660735726945,5576800
2018-11-14,19.938594818115234,20.593646022198556,19.636829562043125,20.549485629655546,6937500
2018-11-15,20.313966751098633,20.336046250982243,19.51907246710857,19.72515528646982,6955700
2018-11-16,20.159406661987305,20.358130617747513,20.10788594838299,20.12260655336541,5181300
2018-11-19,20.144683837890625,20.402287359583138,19.953320219037682,20.18884424106164,4609900
2018-11-20,19.798751831054688,20.115237684221334,19.739870840035326,20.01955660025246,5246600
2018-11-21,19.72515869140625,20.063725587681816,19.570596550204954,19.85028102640289,3174900
2018-11-23,19.658916473388672,19.850280118384877,19.460193930053546,19.629476668530693,1144500
2018-11-26,20.063720703125,20.233003408133456,19.761955392863378,19.879717396680896,3414700
2018-11-27,19.916519165039062,20.11524308956787,19.776677651185995,19.94596037037693,3977600
2018-11-28,20.181480407714844,20.196201007473405,19.651551450909537,19.98275652247523,5408600
2018-11-29,20.26980209350586,20.299241888450158,19.90179553178353,20.041637014477807,6241100
2018-11-30,20.556848526000977,20.674610523548267,20.129960933933603,20.181481632381324,6982100
2018-12-03,20.52004623413086,20.836532116788785,20.3286840483613,20.78501142032516,8021800
2018-12-04,19.19522476196289,20.527408299901325,19.099543660847807,20.394925695408276,8635700
2018-12-06,19.10690689086914,19.10690689086914,18.370893502398047,18.834582723281947,8156200
2018-12-07,18.83458137512207,19.42339148221887,18.68001784461289,19.121626126852508,5534400
2018-12-10,18.29728889465332,18.775697201558614,18.04704429033354,18.716816200767713,5741200
2018-12-11,18.09856605529785,18.672656899658655,17.944002541732537,18.496012483060042,5535500
2018-12-12,18.29728889465332,18.51809229666075,18.15008569075917,18.35616989544422,4665700
2018-12-13,17.870403289794922,18.392972054872846,17.81888117997683,18.319370444680956,6333000
2018-12-14,17.428791046142578,17.95135969169795,17.36991005222319,17.70111511658214,8861500
2018-12-17,17.47295570373535,17.723200339906704,17.296312678879215,17.414074695449973,9568000
2018-12-18,17.23743438720703,17.730563435751773,17.12703265475192,17.546560080381855,6059000
2018-12-19,16.78110122680664,17.458233460384246,16.655978920477065,17.215349148548466,9582700
2018-12-20,16.957746505737305,17.053427613664386,16.648620874523328,16.70750188028628,10035800
2018-12-21,16.729578018188477,17.347829156376875,16.714857418747414,16.935662198862488,11841300
2018-12-24,16.457258224487305,16.766383873914787,16.35421540545548,16.65598075324969,4808000
2018-12-26,17.318389892578125,17.32575019252444,16.28061146532047,16.50141484837516,7198400
2018-12-27,17.325746536254883,17.34046572920763,16.736935299310343,16.98717982934093,6257300
2018-12-28,17.362899780273438,17.637792982773387,17.229167339239932,17.370328100706377,5437600
2018-12-31,17.48177146911621,17.608074163411914,17.16229986489311,17.392616042581476,4096700
2019-01-02,17.979555130004883,17.986983450977874,17.16973210449572,17.21430911572185,5951200
2019-01-03,17.964691162109375,18.19500731578129,17.786381744710738,17.905254689643165,5772700
2019-01-04,18.395606994628906,18.499620473128655,18.172719147315693,18.30645157228815,6154900
2019-01-07,18.49962615966797,18.70022485878803,18.17272473336985,18.299027460547908,4732300
2019-01-08,18.596210479736328,18.677934769685383,18.232161793009855,18.655646971098246,4427900
2019-01-09,18.611064910888672,18.77451629307167,18.492191951343283,18.581347379541054,6293000
2019-01-10,18.514482498168945,18.62592572864681,18.30645409542006,18.536771711095543,5025400
2019-01-11,18.618492126464844,18.670498862087918,18.30645029564913,18.417894920072595,4185300
2019-01-14,18.84880828857422,18.885955549226722,18.403034075358384,18.484758332209324,4450600
2019-01-15,18.915679931640625,18.930539408119344,18.44761775918238,18.78194889456518,5453400
2019-01-16,19.510040283203125,19.539757810013977,18.975112046912592,19.05683630845037,5550200
2019-01-17,19.621490478515625,19.673497231769243,19.175716080933885,19.406033726882395,5731900
2019-01-18,20.059831619262695,20.082120831209775,19.495184336967483,19.784937006892033,7051300
2019-01-22,20.475887298583984,20.77306971031167,20.163845412000537,20.171275149428418,10147800
2019-01-23,20.483320236206055,20.7284959413209,20.253004008268526,20.646771651001114,4709600
2019-01-24,20.542755126953125,20.617051089972154,20.290149702935004,20.364445665954033,4886800
2019-01-25,20.63934326171875,20.817652748270454,20.5130405316099,20.743356774604454,3962600
2019-01-28,20.565038681030273,20.743348092954683,20.43873600378249,20.52046168231848,3901500
2019-01-29,20.379304885864258,20.646769782540446,20.35701567211537,20.54275486878992,4093700
2019-01-30,20.08955192565918,20.39416409079295,20.030114023118355,20.379304615157743,6513000
2019-01-31,19.92609977722168,20.08212143135891,19.614057886024757,19.955818727372595,6898500
2019-02-01,19.96324920654297,20.134128925026285,19.866664032041903,20.022685691975322,3651800
2019-02-04,20.163843154907227,20.171272891503442,19.814654037349296,19.918667515541582,5906100
2019-02-05,19.978105545043945,20.156414985989148,19.85923258441381,20.141556928718487,4239800
2019-02-06,19.85179901123047,20.06725709641254,19.784932806662045,19.866658482707273,4481600
2019-02-07,19.896385192871094,20.468460897284718,19.792370269005005,20.223285190513806,8603200
2019-02-08,19.6363468170166,19.963248178600615,19.435748157607488,19.85180353421054,5134700
2019-02-11,19.77007484436035,19.807222106148213,19.576905965493616,19.71806811102646,4608400
2019-02-12,20.11183738708496,20.238140081165504,19.92609821444165,19.96324689921677,4928400
2019-02-13,19.88895034790039,20.223279998345436,19.866661137706433,20.148985465187014,5262400
2019-02-14,19.703216552734375,19.84437733788336,19.58434356677851,19.71064629149134,4670700
2019-02-15,20.18613624572754,20.24557273284729,19.8146578469597,19.91124160712518,4904500
2019-02-19,20.43874168395996,20.542755182219853,20.02268627384275,20.126699772102647,5149300
2019-02-20,20.750778198242188,20.75820793433926,20.34215121536674,20.416447159260212,5303400
2019-02-21,20.609619140625,20.787928582492135,20.50560565380521,20.765640787932167,5202600
2019-02-22,20.676483154296875,20.728489892162727,20.550180469303807,20.624476416431023,4745200
2019-02-25,20.57990264892578,20.884514804644738,20.55761343616188,20.77307015790276,5621700
2019-02-26,20.40159034729004,20.654195739219443,20.282717388391198,20.31986607372049,4437600
2019-02-27,20.661624908447266,20.69877359275561,20.29757630468993,20.349583045644206,6320900
2019-02-28,20.490745544433594,20.706203665686736,20.461028013582,20.691344191722223,6957700
2019-03-01,20.483320236206055,20.847368924583996,20.468460759028734,20.654199972512032,6730200
2019-03-04,20.334728240966797,20.773071449286686,20.163847099975587,20.490748488780678,8370000
2019-03-05,20.357013702392578,20.41645018289432,19.87409212118124,20.319866433483043,9636700
2019-03-06,19.91866683959961,20.409018101690776,19.91866683959961,20.334723572404542,6604200
2019-03-07,19.76264762878418,20.16384349214827,19.636344938690833,19.799794895309184,15427200
2019-03-08,19.81465721130371,19.92610044394343,19.480326096306975,19.591770746024277,7098200
2019-03-11,20.11183738708496,20.215850870300436,19.747788778753367,19.92609821444165,5827600
2019-03-12,20.698776245117188,20.713634303667043,20.20842488603219,20.23071268239577,11098000
2019-03-13,20.787925720214844,20.973664873720146,20.65419330295866,20.780495984025357,6605900
2019-03-14,21.107397079467773,21.16683355131079,20.750778248409674,20.832503928597795,8239600
2019-03-15,21.0405330657959,21.241131710590192,20.988526324644212,21.1148290176172,9792700
2019-03-18,21.36743927001953,21.449164977343823,21.070256812128125,21.144551363792672,6090700
2019-03-19,20.669052124023438,21.545741127674987,20.602185917502407,21.516022183853533,9896900
2019-03-20,19.658634185791016,20.654196306731826,19.614057179248476,20.602189562919282,13265600
2019-03-21,18.93053436279297,19.599195038270853,18.885957362315057,19.599195038270853,49773000
2019-03-22,18.291595458984375,18.87853054338845,18.187580552359243,18.841383273429305,17101900
2019-03-25,18.143007278442383,18.566492478262056,17.9572680562704,18.336176239550582,9234400
2019-03-26,18.559062957763672,18.633358930922483,18.202443987094778,18.299027760246755,9769900
2019-03-27,18.53676986694336,18.72250903828717,18.365888752328214,18.447614441184268,10826900
2019-03-28,19.03898048400879,19.061467983856385,18.62671966125759,18.634215494540122,11870900
2019-03-29,18.904052734375,19.323810695526493,18.874070839826228,19.218870490396824,10691100
2019-04-01,19.676118850708008,19.773561857859853,19.098952354629624,19.166413447921098,14375700
2019-04-02,19.653621673583984,19.96094364529588,19.53369121777855,19.60115227787958,8824400
2019-04-03,19.683603286743164,20.17082089969705,19.631133895612024,19.878490617861452,7998500
2019-04-04,20.050891876220703,20.11835293522568,19.6161436235685,19.6161436235685,9416200
2019-04-05,20.00592041015625,20.200807775519735,19.84101494655734,20.088371712271773,5612200
2019-04-08,20.14084243774414,20.170824339353057,19.923467574922796,19.983432807824556,7319200
2019-04-09,19.811033248901367,20.05089418422491,19.736076349191777,20.005920616272732,6073400
2019-04-10,20.02840232849121,20.035898159799945,19.646123509847573,19.826020601889926,6313800
2019-04-11,20.215795516967773,20.35821346440619,19.99842210952533,20.11835256115228,6802500
2019-04-12,20.732999801635742,20.95786907700738,20.36571255603061,20.538112429127796,9033200
2019-04-15,20.33572769165039,20.807955135916863,20.283258293328313,20.688024674128144,5983500
2019-04-16,20.78546714782715,20.845432377306803,20.268267579696584,20.33572721188783,8182300
2019-04-17,20.77047348022461,20.980352478007543,20.63555279916812,20.800456806915186,6068300
2019-04-18,20.61307144165039,20.85293240785832,20.448167384803476,20.785471332401823,7824900
2019-04-22,20.65804100036621,20.77797146016089,20.403188415881544,20.42567591322449,8936200
2019-04-23,21.250200271606445,21.347643240363396,20.455660566633654,20.568095201255964,11397100
2019-04-24,21.197731018066406,21.287678154515724,20.792964614992602,21.085294952978824,7744000
2019-04-25,21.182737350463867,21.385120532876854,20.965362503497957,21.107780457383075,7492100
2019-04-26,21.287675857543945,21.317659186247777,21.070302443176374,21.227710629820084,6924400
2019-04-29,21.550025939941406,21.77489520396288,21.295173344885647,21.32515667591993,6522700
2019-04-30,21.602489471435547,21.669950518253554,21.37012443777548,21.542524255339934,6268900
2019-05-01,21.36263656616211,21.834862640142603,21.197732517881505,21.587505852879666,10078100
2019-05-02,21.60999298095703,21.767402622693467,21.400113935203127,21.400113935203127,6301200
2019-05-03,21.722421646118164,21.872335413224484,21.632474529601282,21.707429983470803,5559800
2019-05-06,21.587499618530273,21.72242172346968,21.205222227446814,21.325152669685476,6461300
2019-05-07,21.047815322875977,21.43759002489016,20.91289320066462,21.28767623805891,6630400
2019-05-08,20.7929630279541,21.1452585732453,20.777971363128813,20.995346214043956,5807600
2019-05-09,20.860422134399414,20.92788319010515,20.45565722984871,20.55310018271049,5357400
2019-05-10,21.010339736938477,21.085295208325984,20.568095593269117,20.718007965728102,4444600
2019-05-13,20.298254013061523,20.86042870112233,20.26827210646738,20.463158073539727,8909800
2019-05-14,20.523117065429688,20.718004402826924,20.335725559818925,20.35821305517836,7171200
2019-05-15,20.238285064697266,20.38819885927229,19.960944973638647,20.245780897394408,7111300
2019-05-16,20.41818618774414,20.695526352522673,20.343229270532298,20.365716774601136,4422800
2019-05-17,20.448162078857422,20.68802298282557,20.19330951097032,20.200805342929797,7313900
2019-05-20,20.515626907348633,20.673035118376166,20.380704766648446,20.380704766648446,5004700
2019-05-21,20.553102493286133,20.688024619865523,20.4406678643646,20.56809415839137,4823200
2019-05-22,20.508134841918945,20.568100089949176,20.373212676429855,20.388204345858483,4767300
2019-05-23,20.253273010253906,20.388195114654042,20.11835090585377,20.283254905851916,8023700
2019-05-24,20.410682678222656,20.50063123099124,20.29075222765371,20.365709116680236,5542100
2019-05-28,20.2757625579834,20.530615147927474,20.25327648984261,20.403188852955434,7925500
2019-05-29,20.425678253173828,20.46315599002164,20.118356236032906,20.155833972880718,6506700
2019-05-30,20.155832290649414,20.613068076388142,19.960944930001492,20.470650114821606,4868100
2019-05-31,19.863502502441406,20.013416300748503,19.788545603287858,19.945955234478703,8431400
2019-06-03,19.915971755981445,20.2008076847263,19.706094155520947,19.811032955751198,6703600
2019-06-04,20.485641479492188,20.493137312062917,20.208301393110702,20.26826805367654,8037300
2019-06-05,20.365713119506836,20.500635260336423,20.110860504536287,20.43317418992163,7697200
2019-06-06,20.305747985839844,20.42567846059153,20.11835644032983,20.35072155645072,6160900
2019-06-07,20.11086082458496,20.290756538659302,20.05839142002378,20.260774634488936,5782400
2019-06-10,20.253273010253906,20.47814223113171,20.193307789374252,20.33572429541116,6921600
2019-06-11,20.545608520507812,20.71800839577194,20.38070447847482,20.403190548484226,6272200
2019-06-12,20.320741653442383,20.515629051524044,20.200811166882,20.425680471761673,7410200
2019-06-13,20.395694732666016,20.64305294045269,20.343225329687268,20.433173898853696,6341900
2019-06-14,20.530616760253906,20.598077829341943,20.215798914404402,20.41068628847162,5843800
2019-06-17,20.215795516967773,20.7105089873499,20.16332612309145,20.53061330990947,7111800
2019-06-18,20.897899627685547,20.920387122561863,20.163325284596887,20.2232905079167,8542700
2019-06-19,20.455659866333008,21.28018144512503,20.410684870276647,20.98785111917818,8696000
2019-06-20,20.463157653808594,20.613071472756843,20.058392630142936,20.55310623111437,8431700
2019-06-21,20.508134841918945,20.673038916581007,20.388204345858483,20.418186255031454,11605900
2019-06-24,20.37320327758789,20.732994599785474,20.31323805722163,20.53810727617421,6383800
2019-06-25,20.305747985839844,20.448165960738987,20.088373106799892,20.33572988968575,7386700
2019-06-26,20.43317222595215,20.598076254624928,20.35821532939765,20.410684728080632,5545100
2019-06-27,20.637351989746094,20.81128314956188,20.4709818000243,20.539042069931817,4031000
2019-06-28,21.098651885986328,21.136463956029854,20.591981686466987,20.796162537553062,8183300
2019-07-01,21.416257858276367,21.537253551298527,21.21963949651975,21.317949398589278,6262800
2019-07-02,20.95496368408203,21.491883405873516,20.90959065371656,21.35576287239447,5008500
2019-07-03,21.249895095825195,21.2574575090561,20.962529162582175,21.060839092201096,2300000
2019-07-05,21.43895149230957,21.65825571049311,21.34820397425864,21.41626425220112,2636100
2019-07-08,21.219648361206055,21.355768933317105,21.136464688991666,21.355768933317105,4645400
2019-07-09,21.370891571044922,21.393578811532016,21.007904377548723,21.03059017565293,4312400
2019-07-10,20.90203285217285,21.40114062343436,20.87178463938458,21.3860172382317,5723900
2019-07-11,21.212087631225586,21.29527275242811,20.871787616310364,21.030594001460837,5608600
2019-07-12,21.325519561767578,21.348205360966755,21.03815360459236,21.159149341597832,4309400
2019-07-15,21.03058624267578,21.363325162345824,20.97765080048836,21.363325162345824,5823400
2019-07-16,21.06084442138672,21.14402810320959,20.902036588119046,21.106217469870394,4920400
2019-07-17,20.856657028198242,21.00790239910271,20.76590951717901,21.00790239910271,5674500
2019-07-18,21.03058624267578,21.242329453808104,20.75834661965722,20.841530267787768,4296200
2019-07-19,21.12889862060547,21.31039220457097,20.947405036639964,21.03815110743132,4309900
2019-07-22,21.03814697265625,21.159142671519785,20.909588862315935,21.08351999913445,6180100
2019-07-23,22.11955451965332,22.149804175442828,21.249897109066623,21.370892847458705,9840300
2019-07-24,22.42960548400879,22.50522817841727,22.028806213311906,22.028806213311906,6981100
2019-07-25,22.35398292541504,22.68672191740419,22.278360230547104,22.429605620282974,6212000
2019-07-26,22.716970443725586,22.807716519152493,22.24811091274368,22.308608777155907,4967500
2019-07-29,22.51279067993164,22.837967257488746,22.49766585251435,22.664034626955758,4570600
2019-07-30,22.595972061157227,22.603534474101195,22.248109720031398,22.30104516825639,4783800
2019-07-31,22.452287673950195,22.6867166757323,22.293479907181116,22.588408204785804,5788600
2019-08-01,21.454076766967773,22.49010289970841,21.34820441996747,22.384231995091003,6189800
2019-08-02,21.33307647705078,21.51457149043314,21.075961666588256,21.484321840741853,4044900
2019-08-05,20.402925491333008,20.99278079759065,20.206307055913793,20.92472051446927,5917900
2019-08-06,20.61466407775879,21.007900859382932,20.183616677371138,20.584414428841864,4829500
2019-08-07,20.0701847076416,20.2138662223629,19.714758521246488,20.2138662223629,5502000
2019-08-08,20.297056198120117,20.45586257646823,20.123124990677017,20.26680653993014,4826700
2019-08-09,20.2214298248291,20.36511279038679,19.97187595958829,20.198742585304363,3661900
2019-08-12,19.722318649291992,20.0701823826597,19.692070444258867,19.934061854054185,5161900
2019-08-13,19.99456214904785,20.153368490232417,19.53326506628415,19.68451043707372,5811500
2019-08-14,19.291278839111328,19.533270343850532,19.21565613328454,19.43496183594391,9994800
2019-08-15,19.07196617126465,19.472765356104343,18.958532875142506,19.351769647923042,5107700
2019-08-16,19.412267684936523,19.57863642465786,19.17783867842404,19.20052447243267,5220500
2019-08-19,19.6013240814209,19.835753092960964,19.593761669128295,19.752569442507646,3345100
2019-08-20,19.21565055847168,19.51057743901099,19.177839937719416,19.412268959625465,4525300
2019-08-21,19.321523666381836,19.44251939752481,19.200527935238863,19.298837868281833,4808800
2019-08-22,19.49545669555664,19.57107794729925,19.283713440481733,19.46520704095326,4685800
2019-08-23,18.966094970703125,19.533262884231785,18.88290988182316,19.351769324988528,8413500
2019-08-26,19.21565055847168,19.21565055847168,18.950971886057637,19.162715112465417,3490700
2019-08-27,19.132469177246094,19.329087616580743,18.966100394293548,19.29127698848612,8431200
2019-08-28,19.487892150878906,19.608887871295547,19.003907826829582,19.0644056870379,5012700
2019-08-29,19.89625358581543,19.964313863086385,19.654262129911075,19.654262129911075,4482900
2019-08-30,20.002126693725586,20.259242986042594,19.941628827438226,20.100435185548957,4240600
2019-09-03,19.465206146240234,19.850880570408396,19.25346290089805,19.797945119668565,5528500
2019-09-04,19.624011993408203,19.729882884381524,19.41983118163162,19.684509851447633,5370200
2019-09-05,20.228988647460938,20.42560702796142,19.866001533790467,20.03993267879308,5282200
2019-09-06,20.236553192138672,20.38779711758387,20.100432649570084,20.349986496818254,5535000
2019-09-09,20.81884002685547,20.90958606768337,20.334855853704852,20.380230316501116,6194200
2019-09-10,21.113773345947266,21.26501871722882,20.781034394557498,20.871781905802983,6290700
2019-09-11,21.015466690063477,21.15158580518332,20.71297592122058,21.053277314977397,6311300
2019-09-12,21.196958541870117,21.257456402184403,20.629790560530154,20.864219588950164,5386800
2019-09-13,21.461639404296875,21.673382672353373,21.31039544915624,21.416266361992985,4536400
2019-09-16,21.559947967529297,21.58263520842283,21.113775659970244,21.144023872112037,4594500
2019-09-17,21.310400009155273,21.54482912733535,21.091094280057256,21.446520607577032,5711200
2019-09-18,21.39357566833496,21.51457138172337,21.06083673532549,21.16670762394468,4088000
2019-09-19,21.13646125793457,21.50701084276208,21.121336431847862,21.34820305361726,4468700
2019-09-20,21.045711517333984,21.287702939589387,21.007900898500072,21.2650171452421,8049600
2019-09-23,20.9625301361084,21.045715243128733,20.743225911758756,20.856659230724635,4794000
2019-09-24,20.758350372314453,21.083525496305015,20.660040439866126,20.97009217934246,5499500
2019-09-25,20.917152404785156,21.02302328641957,20.660036170202222,20.71297161101943,3293000
2019-09-26,20.71297264099121,20.89446620812482,20.614664166354,20.811282558011076,5249100
2019-09-27,20.964736938476562,21.140205642234854,20.697718523334256,20.903704282598316,4831500
2019-09-30,20.888442993164062,21.08679946232678,20.835039608222775,21.041025340253263,3654800
2019-10-01,20.19419288635254,21.102054652238497,20.186563624690805,20.995247899239985,4449800
2019-10-02,19.78985595703125,20.11027773192237,19.698306254862437,20.05687434529604,4184300
2019-10-03,19.89666175842285,19.91192028389454,19.423657654732185,19.72882234363356,4812800
2019-10-04,20.217084884643555,20.232343411146946,19.71356515109705,19.95006649136691,4576500
2019-10-07,20.05687141418457,20.30863123944018,20.0339836282039,20.209452288656884,3188100
2019-10-08,19.416032791137695,19.774599463292443,19.393144999459746,19.690679015606595,5921100
2019-10-09,19.576236724853516,19.675415668697674,19.50757482684843,19.63726936139883,4037800
2019-10-10,19.97295379638672,20.10264835825156,19.667790549390958,19.75170953285658,4585000
2019-10-11,20.484102249145508,20.70534505180048,20.423069601330365,20.59090901903873,5213500
2019-10-14,20.590906143188477,20.651938782479434,20.270484423127737,20.27811368493072,3674600
2019-10-15,20.888442993164062,21.03339607738549,20.52224710630971,20.674829453398907,3990400
2019-10-16,20.72823143005371,21.0410239107155,20.674828048740675,20.812151860764487,3897500
2019-10-17,20.65957260131836,20.91896173930354,20.56039508626907,20.865558350035982,5085900
2019-10-18,20.850297927856445,20.98762174785268,20.644312197862092,20.743491159029634,6307300
2019-10-21,21.376705169677734,21.39196369508415,21.033395623698716,21.033395623698716,6067100
2019-10-22,21.590316772460938,21.84970586062192,20.54513261292958,21.231750188300968,8416600
2019-10-23,21.567434310913086,21.651353297927106,21.34619003802794,21.445369006953424,4557900
2019-10-24,21.50640106201172,21.68186974969186,21.30804458479945,21.575062975474932,3222700
2019-10-25,22.162498474121094,22.31508080527014,21.7352699840899,21.834448935876665,9573400
2019-10-28,22.460037231445312,22.566844006134257,22.116727662612032,22.116727662612032,7465500
2019-10-29,22.60498046875,22.635497510256535,22.177752073586912,22.3455928916076,6889700
2019-10-30,22.337970733642578,22.58210132278625,22.170129862256484,22.5668427971815,8114000
2019-10-31,22.18539047241211,22.33797283253017,21.88022720730922,22.20064899945056,7915000
2019-11-01,22.551586151123047,22.55921541456128,22.28456775131778,22.391375984319815,5209800
2019-11-04,22.94829559326172,23.00169897399106,22.68890649674806,22.734680615211357,5990700
2019-11-05,23.154281616210938,23.383153666696625,22.96355442242853,23.070361185304115,4962700
2019-11-06,23.215316772460938,23.261090896485314,22.963556907627122,23.169542648436565,5428700
2019-11-07,23.276350021362305,23.566254754481722,23.215317369382785,23.398415325321345,5180900
2019-11-08,23.314495086669922,23.375527739182154,23.184800518189782,23.200059045101145,3597500
2019-11-11,22.9864444732666,23.16954388943756,22.93304108318892,23.08562344495364,4751500
2019-11-12,22.971179962158203,23.123760819377548,22.841485433198734,23.032212596072497,4307000
2019-11-13,22.7423095703125,22.879633378980635,22.482920477302233,22.696535452467444,4469300
2019-11-14,22.719423294067383,22.818600792161075,22.566840960703114,22.68890624534134,3676200
2019-11-15,22.94066619873047,22.97118324761871,22.620244461068822,22.765197533022015,4760900
2019-11-18,22.7728271484375,22.978812866228914,22.643132598916942,22.925408029846214,4022200
2019-11-19,22.7880859375,22.94066682067892,22.650762124045862,22.833860056940374,3151700
2019-11-20,22.70416259765625,22.85674346129053,22.528693949667055,22.696533336204613,3237700
2019-11-21,22.719423294067383,22.856745647935654,22.620244340840717,22.803342267798055,3398400
2019-11-22,22.963552474975586,23.032214375324934,22.780454559088284,22.780454559088284,4700900
2019-11-25,23.139026641845703,23.15428516892143,22.9254116281852,22.994073544892746,3717200
2019-11-26,23.0627384185791,23.12377107957406,22.94830236110523,22.994076493068096,4341000
2019-11-27,23.108509063720703,23.268719218895104,22.99407157558686,23.1695417116633,2803700
2019-11-29,23.032217025756836,23.26108908317019,22.97881364270259,23.02458776315865,1730900
2019-12-02,22.971179962158203,23.306858721120424,22.955921439896436,23.184793453291842,4450900
2019-12-03,22.498178482055664,22.71179345228765,22.353225414572066,22.498178482055664,6379900
2019-12-04,22.635499954223633,22.788082267965446,22.498176162882558,22.54395027495199,4206400
2019-12-05,22.7880859375,22.879634176380748,22.635503599188063,22.742310362926606,4209400
2019-12-06,23.07798957824707,23.222942647498083,23.009327674661485,23.14665148183266,4065800
2019-12-09,23.0627384185791,23.16954666667034,23.016964286616236,23.077996947611194,3146900
2019-12-10,23.22294807434082,23.352642649739764,22.99407452386035,23.047477915765803,3635300
2019-12-11,23.146650314331055,23.35263601469803,23.093246937598774,23.245827806100593,2939400
2019-12-12,24.02400016784668,24.062146484468137,23.13902599409358,23.22294643552759,4697800
2019-12-13,23.627286911010742,24.138435906295673,23.612029839685697,23.962967217425682,4613400
2019-12-16,23.589139938354492,23.955335809771707,23.550995080756756,23.833270519299305,5675100
2019-12-17,23.886674880981445,23.955336791577903,23.48233413539464,23.665432078607495,5872900
2019-12-18,23.80275535583496,24.115547850233625,23.80275535583496,23.92482064852063,4830000
2019-12-19,23.650175094604492,23.879047174757062,23.612030232956794,23.879047174757062,4860900
2019-12-20,23.764612197875977,23.993485743401223,23.573884970838236,23.840903379717727,9662600
2019-12-23,23.612030029296875,23.825643580894617,23.573883712845006,23.76461092970481,2862200
2019-12-24,23.619659423828125,23.695950606722647,23.543369696066883,23.695950606722647,905200
2019-12-26,23.741727828979492,23.795131224153344,23.627290319168797,23.627290319168797,2081800
2019-12-27,23.573883056640625,23.787498057425346,23.52047967022773,23.734094671012453,2729200
2019-12-30,23.48930549621582,23.766103025726515,23.45855102989441,23.704592626560096,2766600
2019-12-31,23.635393142700195,23.66614907541315,23.47392889552796,23.535439294430276,3404200
2020-01-02,23.850675582885742,23.850675582885742,23.496989758842197,23.796854177743384,4618500
2020-01-03,23.40472984313965,23.543128609250324,23.212509660546736,23.458551259621885,4245300
2020-01-06,23.21251106262207,23.27402146610619,22.981845949663843,23.27402146610619,3652200
2020-01-07,22.951086044311523,23.189438618033797,22.835754248415153,23.081795804066967,4057900
2020-01-08,23.00490951538086,23.189440698676545,22.9203321730907,23.035663979335066,4795400
2020-01-09,23.258642196655273,23.258642196655273,23.012600596491456,23.166375863332032,5780300
2020-01-10,22.88188934326172,23.22019725501743,22.851133411955054,23.204819289364096,3832100
2020-01-13,22.958778381347656,22.96646736440083,22.77424718764212,22.951089398294478,3959800
2020-01-14,22.866512298583984,23.06642146055832,22.828068849425822,22.98184411258206,5539300
2020-01-15,22.32060432434082,22.71273360594402,22.25140495308594,22.70504462396866,4408700
2020-01-16,22.597402572631836,22.605091555365906,22.335983025767508,22.466692799199674,3426000
2020-01-17,22.643535614013672,22.781932898430505,22.52820234388114,22.720422505404095,5281600
2020-01-21,22.31291389465332,22.62815480257274,22.31291389465332,22.62815480257274,6437600
2020-01-22,22.558963775634766,22.6050962150251,21.9592361974652,22.489764383287362,7553000
2020-01-23,22.574338912963867,22.65891479681787,21.982300393367723,22.41287319556327,5503600
2020-01-24,22.17452049255371,22.589715326446353,21.920789908918316,22.512828426242113,4796400
2020-01-27,21.913101196289062,22.036121997963882,21.69781406009631,21.782391411194112,4688600
2020-01-28,22.189899444580078,22.31292025019813,21.974612301486648,22.028433720629085,4751100
2020-01-29,21.890029907226562,22.289848166683946,21.8746534099577,22.074561073163046,3459300
2020-01-30,22.443626403808594,22.466691884548265,21.59016841987799,21.705500223146693,8450100
2020-01-31,21.874656677246094,22.297540479032104,21.73625791549109,22.18220866641079,7780200
2020-02-03,22.28216552734375,22.435942275991277,22.05150187089622,22.059190854980972,4578500
2020-02-04,22.666601181030273,22.835755862388837,22.58971282282397,22.705046093395154,4715700
2020-02-05,23.204818725585938,23.266329120181307,22.897266752609095,23.020287541799835,5655100
2020-02-06,22.805002212524414,23.427795189867307,22.78193526279927,23.36628479045719,4520600
2020-02-07,22.674293518066406,22.78193635556645,22.535894746124253,22.70504945250852,3666400
2020-02-10,22.605091094970703,22.666601489066977,22.351360536008144,22.605091094970703,3189900
2020-02-11,22.689668655395508,22.88957780476522,22.635847243358178,22.658912724789324,4473700
2020-02-12,22.789623260498047,23.10486422715768,22.697358398634687,22.920333036907422,2652700
2020-02-13,22.93570899963379,22.95108696410916,22.58971213155501,22.651222522933082,2838400
2020-02-14,22.758867263793945,22.981841887061282,22.635846478572635,22.835755621188124,1918000
2020-02-18,22.48206901550293,22.8049989325915,22.25140541752112,22.720421595620586,2790500
2020-02-19,22.789623260498047,22.86651162306654,22.497449242566027,22.543581673497705,3505200
2020-02-20,22.93570899963379,23.127929156005685,22.643535007218805,22.643535007218805,3588200
2020-02-21,22.605091094970703,22.835756172724334,22.420559912681885,22.743489848318188,3598900
2020-02-24,21.76701545715332,22.036124035647866,21.59786220583972,21.91310322259729,5932000
2020-02-25,20.813600540161133,22.02843200067979,20.72133567641335,21.797768374786763,6472500
2020-02-26,20.490671157836914,21.136531088252948,20.467605674515806,21.005821305513425,5840200
2020-02-27,19.368101119995117,20.444533577508892,19.368101119995117,20.060093309359456,8155600
2020-02-28,18.76068878173828,19.037486302952683,18.245538654213455,18.768377764719077,11606900
2020-03-02,19.775611877441406,19.78330086073582,18.4915809977462,18.59922529734441,10718100
2020-03-03,18.79144859313965,20.021658260095023,18.53002898391699,19.775615153484864,11051300
2020-03-04,19.35272789001465,19.383482356395525,18.591536148912052,19.052864876814002,8068700
2020-03-05,18.207096099853516,18.60691443534575,17.92260958168922,18.55309155183733,7761200
2020-03-06,17.06914710998535,17.807271661119167,16.80772763149468,17.26136722849184,11039000
2020-03-09,14.070515632629395,15.54676657330883,14.032072185852892,15.39299131967933,9538800
2020-03-10,14.808642387390137,15.077750924412008,13.63225439404949,14.754820973290471,14120200
2020-03-11,13.578434944152832,14.46264757953981,13.363147790088034,14.262738393591874,16402500
2020-03-12,12.225201606750488,13.224747296103002,11.448632735157952,12.348222389051811,15085900
2020-03-13,13.555363655090332,13.862917052934273,12.4251097575407,13.378521477896369,9912600
2020-03-16,10.602863311767578,11.517830891663746,10.541352923199517,11.43325429069808,14846100
2020-03-17,10.725885391235352,11.294856921204994,10.033893069192462,10.925794544985257,12165700
2020-03-18,8.9728364944458,10.226111937221207,8.842126736206168,10.056958003041386,11484600
2020-03-19,10.049271583557129,10.564421766027918,8.534576971348372,9.057415404358208,11965200
2020-03-20,9.926249504089355,10.510598999380663,9.311144810796494,10.241490466920736,14914800
2020-03-23,9.349590301513672,10.049271704022397,8.93439470369191,10.010828251080754,11559300
2020-03-24,11.079571723937988,11.233347730530031,9.995449960886777,10.080026581196941,11749600
2020-03-25,11.394811630249023,11.948405934261563,10.748951731111354,11.317924000942302,11039700
2020-03-26,13.317012786865234,13.470789505362719,11.310234529699827,11.571654071231464,11896400
2020-03-27,13.18630313873291,13.624564884046087,12.409733489493068,12.494310832105606,11708800
2020-03-30,12.397313117980957,13.162869078358513,12.123900860338649,13.084750864751854,9791000
2020-03-31,11.600509643554688,12.389499948676045,11.506767498302034,12.209829117754381,9932600
2020-04-01,10.514671325683594,10.975567140615471,10.272505462841417,10.936508034351831,9353400
2020-04-02,11.155237197875977,11.405215013298005,10.311563840178911,10.319375809877506,8708100
2020-04-03,10.499046325683594,11.350531627344301,10.272504426204264,11.131801697327463,7931600
2020-04-06,12.084837913513184,12.194202483822728,11.248975975487355,11.264599911240296,10118200
2020-04-07,12.389500617980957,13.545646106986512,12.295759212654636,12.975385705003777,8668800
2020-04-08,13.037881851196289,13.116000072703612,12.475432593319052,12.62385632019428,7163600
2020-04-09,13.920614242553711,14.334639788761976,13.6237667779007,13.748755340910515,10666200
2020-04-13,13.569082260131836,14.201836943667022,13.28785729412466,14.201836943667022,8256400
2020-04-14,13.397221565246582,14.061224113024478,12.92851379681625,13.944047543412125,9040400
2020-04-15,12.287945747375488,12.709783137498498,12.123898866759264,12.631664936737115,12250900
2020-04-16,11.53801441192627,12.303569489215409,11.303660558371712,12.272322358407493,10716500
2020-04-17,12.991007804870605,13.092561922474582,12.217641418023906,12.248888552290344,10250400
2020-04-20,13.030067443847656,13.233174185799868,12.264511549177948,12.498865424892774,8585600
2020-04-21,12.701972007751465,13.342538614357117,12.202017128821184,12.530113146704851,11306500
2020-04-22,12.889458656311035,13.319106682195551,12.748846141663362,13.21755402716184,8011200
2020-04-23,13.17068099975586,13.428470060712815,12.90507996846918,12.998820632463897,8536600
2020-04-24,13.373787879943848,13.59251709124027,13.108186846243045,13.280045725116093,8428200
2020-04-27,14.334632873535156,14.41275106022629,13.459711864559345,13.506583670562312,6439400
2020-04-28,14.514310836791992,15.256431742341622,14.475252469123578,15.053324952507184,6413600
2020-04-29,15.381420135498047,15.678267600422075,15.022076899030852,15.193937290812155,6646600
2020-04-30,14.600238800048828,15.084569040960147,14.490872705342248,15.07675707062532,6142300
2020-05-01,13.881552696228027,14.178400092897586,13.670633985710234,14.037787619219058,5343000
2020-05-04,13.779997825622559,13.881551935483118,13.365973886904095,13.67844520574278,5472600
2020-05-05,13.569082260131836,14.373695817348652,13.553458319802335,14.194024973502271,5493200
2020-05-06,13.108185768127441,13.88155289442014,13.045691500042604,13.725316479217605,7340500
2020-05-07,13.537833213806152,13.944046687510658,13.303480088966309,13.342538446446007,6359500
2020-05-08,14.13934326171875,14.248707868622125,13.803435980537218,13.904988616950206,5411600
2020-05-11,13.428472518920898,13.80343822350274,13.240989666629979,13.748755911165546,5716900
2020-05-12,12.725407600402832,13.670633547649523,12.709783661610123,13.545645017269479,8000000
2020-05-13,12.26451301574707,12.608231528237093,11.858300228258862,12.60041955761469,13376500
2020-05-14,12.75665283203125,12.78008873809661,11.63175541555585,11.936414744502136,9130300
2020-05-15,12.592606544494629,12.725407038406113,12.350440718835344,12.506676374910509,7132600
2020-05-18,13.959671020507812,14.115905944817177,13.186302408750104,13.303480464458216,10652600
2020-05-19,13.303479194641113,13.904985905288699,13.280043287740273,13.772185412812068,7012600
2020-05-20,13.826872825622559,13.912801526856827,13.592518165029986,13.600330136047852,7080200
2020-05-21,13.631575584411621,14.037787574890242,13.444091293445052,13.72531623991405,6655700
2020-05-22,13.75656509399414,13.889365607024613,13.451904217053078,13.779999514541249,5876400
2020-05-26,14.990828514099121,15.303299880446943,14.240895744883348,14.467438416723645,9212100
2020-05-27,16.38132667541504,16.389138645920823,15.38923026087661,15.717325572214499,9498300
2020-05-28,15.725136756896973,16.53756384610619,15.607960174025168,16.42038726323438,7863100
2020-05-29,15.147065162658691,15.553278729770181,15.11581876748613,15.350171946214436,10797600
2020-06-01,15.482970237731934,15.678265021739614,15.108004610032618,15.295487423882276,5417100
2020-06-02,15.787630081176758,16.053231114317096,15.576712840726135,15.787630081176758,7438100
2020-06-03,16.685985565185547,16.803162128765162,16.2563361787525,16.326642414896437,8661000
2020-06-04,17.740577697753906,17.74838966801483,16.389138132214402,16.646927190901017,8489700
2020-06-05,18.349899291992188,19.46698579021162,18.185852374621767,18.748300864153173,11003400
2020-06-08,19.34980583190918,19.474794363332038,18.84985021623692,19.115451218005703,12236600
2020-06-09,18.810791015625,19.068580036375604,18.349895267922292,18.615496257784216,8835800
2020-06-10,17.498409271240234,18.490506957091412,17.45935091730118,18.27177630108291,19357000
2020-06-11,15.428284645080566,16.795347841480112,15.3657903871301,16.068851161568023,10834700
2020-06-12,16.256336212158203,16.545373126897328,15.670451903075328,16.42038459349145,7169200
2020-06-15,16.76410484313965,16.904717336918704,15.303300579948521,15.404853219910576,10503700
2020-06-16,17.21718978881836,17.88119089776744,16.725046072560318,17.81088465258772,7253700
2020-06-17,16.779726028442383,17.44372853445215,16.77191405896217,17.248433767389326,8114200
2020-06-18,16.86565399169922,17.162501343127207,16.443816634954537,16.576617118746682,8145900
2020-06-19,16.2407169342041,17.27187328114129,16.21728102087148,17.23281342558692,31547000
2020-06-22,16.420391082763672,16.67818022103813,16.02980138901562,16.24853066392641,9928400
2020-06-23,16.467254638671875,17.014080580432218,16.459442669220348,16.795349905731918,8007800
2020-06-24,15.537652969360352,16.131349307991016,15.420476393705313,16.07666700535073,8176000
2020-06-25,16.01417350769043,16.084479754483652,15.334546952016288,15.443913052573008,6996900
2020-06-26,14.654919624328613,15.62358149843381,14.592425357934113,15.592333620246139,10954500
2020-06-29,14.853069305419922,15.178029616156376,14.646996655143868,14.96403092028448,6993400
2020-06-30,15.2810697555542,15.42373406961669,14.639073539447825,14.678703775358732,8561400
2020-07-01,14.6073637008667,15.304838881817467,14.583585570977922,15.304838881817467,7287900
2020-07-02,14.718330383300781,15.344474415014597,14.670775618784134,15.08292094256497,8235200
2020-07-06,14.9481782913208,15.36824806813532,14.750031713808017,15.146324868833586,5248900
2020-07-07,14.314105033874512,14.742102268194666,14.24277216148782,14.742102268194666,6953600
2020-07-08,14.37751579284668,14.536033666302853,14.044629467979496,14.274480233317101,6958000
2020-07-09,13.783077239990234,14.345814379392765,13.695893762531886,14.298259617893791,4676300
2020-07-10,14.575661659240723,14.599439792606837,13.791001399019802,13.814779532385916,6239600
2020-07-13,14.82136344909668,15.09876742663334,14.385440105453663,14.884770288496245,8050900
2020-07-14,14.385441780090332,14.829289707556468,14.242775996898741,14.813439129665104,7012600
2020-07-15,15.193877220153809,15.281062184221204,14.694548588990955,14.88476909189767,6096100
2020-07-16,15.185955047607422,15.502989299926652,14.868920795288194,14.908549509926136,4057100
2020-07-17,14.86892032623291,15.27313955209038,14.853068236182377,15.122547720087358,5026600
2020-07-20,14.62321662902832,14.908546645423526,14.607364541523511,14.789659012614,4655900
2020-07-21,15.344467163085938,15.376169820534514,14.718323427293099,14.718323427293099,6667900
2020-07-22,15.392027854919434,15.455434706064514,15.07499359919403,15.154252541060027,7207600
2020-07-23,15.384099006652832,15.455431890161874,14.47262512060633,15.067064808689478,7436200
2020-07-24,15.487136840820312,15.756614788770401,15.35239711097608,15.495061373394934,6641500
2020-07-27,15.392027854919434,15.431656569983144,15.098770223536825,15.384101809558977,4916800
2020-07-28,15.273138046264648,15.487136705632494,15.209731204052513,15.288990134752273,5393400
2020-07-29,15.851722717285156,15.915129547684774,15.0591365814209,15.193876284987347,7435000
2020-07-30,15.606023788452148,15.7249114243866,15.01951014100232,15.423727800831792,6124300
2020-07-31,15.740762710571289,15.756613285947125,15.217655929712869,15.566392775792995,9863300
2020-08-03,15.566390991210938,15.83587039430318,15.50298416176206,15.83587039430318,4496600
2020-08-04,15.447505950927734,15.685282734815303,15.360320978995126,15.629800427024717,3589800
2020-08-05,15.748684883117676,15.796239621032745,15.558462907981678,15.6614999371585,4210300
2020-08-06,15.669432640075684,15.907207942470698,15.590173702031178,15.629802415184178,3778500
2020-08-07,16.208391189575195,16.216315722612034,15.463359609819621,15.574321213196963,4213600
2020-08-10,16.668088912963867,16.874161513577018,16.35897925617501,16.398609474603457,4406500
2020-08-11,17.024755477905273,17.579566561581423,16.937572002047684,17.119866510895516,6483600
2020-08-12,16.8820858001709,17.476525462314076,16.50957082278694,17.476525462314076,4760100
2020-08-13,16.4382381439209,16.82660521320717,16.42238605658556,16.6918654943333,3882400
2020-08-14,16.612607955932617,16.77905186336907,16.20839027731205,16.351054540022517,3283300
2020-08-17,16.422388076782227,16.557127812231077,16.295574385976067,16.485794922185306,5230800
2020-08-18,15.91513442993164,16.454093409532558,15.875505715676857,16.454093409532558,4722300
2020-08-19,15.978537559509277,16.216312813154005,15.796243097599108,15.962685472802777,3847700
2020-08-20,15.677359580993652,15.86758013612821,15.582248547557079,15.804173284416692,4660000
2020-08-21,15.50299072265625,15.827951050072812,15.463362004381528,15.661508619232539,3985600
2020-08-24,16.248018264770508,16.31142510484642,15.542616979958684,15.693207280302532,6350700
2020-08-25,16.414459228515625,16.644309948679336,16.160831890223385,16.446163401671246,4829100
2020-08-26,16.097429275512695,16.406538997858878,16.081578696517916,16.374834816392163,4998900
2020-08-27,16.596759796142578,16.68394327298431,16.113281603816883,16.176688455946596,4499900
2020-08-28,16.73149299621582,16.8107503965481,16.57297517207524,16.786973781143622,4262900
2020-08-31,16.374834060668945,16.644313543744847,16.366908015668066,16.628461453743085,4149300
2020-09-01,16.525423049926758,16.707717518377837,16.137055982111665,16.184610732199285,3690300
2020-09-02,16.87416648864746,16.95342392539559,16.351058033329842,16.557130694700128,4807300
2020-09-03,16.73149299621582,17.51615305106188,16.60467934159856,16.953416135927025,6668100
2020-09-04,17.143640518188477,17.405193929309632,16.715644714416747,17.25460362502721,5521700
2020-09-08,16.64431381225586,17.048533043390695,16.580906962964423,16.818682269872667,5836900
2020-09-09,16.73941993713379,16.87415964136443,16.541273402190974,16.7869746822334,3383100
2020-09-10,16.351051330566406,17.199119766467714,16.319348671210722,16.874159571447002,4986300
2020-09-11,16.683944702148438,16.763203652034637,16.27972693003242,16.422391225741098,4125500
2020-09-14,17.642972946166992,17.761860600455122,16.858312613779088,16.945496087329825,6653600
2020-09-15,17.333864212036133,17.77771214660248,17.16742029173719,17.753934011777346,5842600
2020-09-16,17.47652816772461,17.872821337167238,17.278381583003295,17.46860363466561,12531300
2020-09-17,17.333864212036133,17.55578742345006,17.016828461321673,17.159494246795482,7367000
2020-09-18,17.230823516845703,17.413117976963154,17.096083804641896,17.28630430803465,10229200
2020-09-21,16.533349990844727,16.92964312380466,16.311425292161363,16.78697735406095,7945300
2020-09-22,15.938912391662598,16.62846168730078,15.835875316942436,16.446167184935607,8013700
2020-09-23,15.50299072265625,16.38276217635112,15.495064676653566,15.9864689466491,5745700
2020-09-24,15.542618751525879,15.92305983534451,15.312767985215567,15.606025598828984,4236800
2020-09-25,16.22423553466797,16.3114204819648,15.471279711131855,15.820016476843412,6909900
2020-09-28,16.913789749145508,17.056455508037548,16.469941897277774,16.580903482310152,6739300
2020-09-29,16.636384963989258,16.929642537386457,16.398609697144817,16.826605479812464,5726400
2020-09-30,16.89793586730957,17.135712610785625,16.739419550063587,16.771122208817562,5976100
2020-10-01,16.881881713867188,17.090597499233226,16.721330638622995,16.97821113411088,4869100
2020-10-02,17.57225227355957,17.700692555005453,16.472482172288093,16.472482172288093,6405300
2020-10-05,18.262615203857422,18.40711086583554,17.65252325946566,17.65252325946566,5647400
2020-10-06,18.077985763549805,18.96903995282838,17.97362708633569,18.55963754569241,6100600
2020-10-07,18.72821617126465,18.94495971845173,18.30275678580062,18.455280192835485,4474500
2020-10-08,19.033260345458984,19.12156360719769,18.712159663403,18.90482007263659,4256000
2020-10-09,18.768348693847656,19.20986339148755,18.64793615126534,19.201835684498253,5757800
2020-10-12,18.880735397338867,18.92890010900518,18.63990877675014,18.672019605280067,4613900
2020-10-13,18.559633255004883,18.79243061835872,18.366971361785115,18.72018279118342,6383300
2020-10-14,18.24656105041504,18.936928580384205,18.2224794591743,18.728212779902165,6537100
2020-10-15,18.78441047668457,18.880741462088594,18.182346028514367,18.21445686735873,5220500
2020-10-16,18.672019958496094,18.832569510797097,18.31880849362812,18.81651562735702,4284500
2020-10-19,18.50344467163086,18.912848633886156,18.479363076346306,18.78440835527221,3832200
2020-10-20,19.065372467041016,19.48280414747454,18.77638106810566,18.864684335809002,6650000
2020-10-21,18.86467933654785,19.258027785787256,18.848623922833134,18.97706417029382,5598100
2020-10-22,19.241973876953125,19.42660808685523,18.407112203165646,19.37041413445889,6607600
2020-10-23,19.603212356567383,19.73968031667431,19.097479052129113,19.5149091085192,6232500
2020-10-26,18.824546813964844,19.3463356348599,18.736243548644687,19.225923065596255,4478900
2020-10-27,18.391061782836914,18.864685935189442,18.38303407317156,18.72019022347117,4164800
2020-10-28,18.013763427734375,18.32683635887915,17.91743247062057,18.005735720380837,5165900
2020-10-29,18.543581008911133,18.688076687938626,17.74082859753947,17.941516700382387,3707800
2020-10-30,18.639911651611328,18.655967068352542,18.11009514818175,18.246563128224448,6116400
2020-11-02,19.3543643951416,19.450693843334495,18.63991358725426,18.90482186647818,4727500
2020-11-03,19.675464630126953,19.98853762584879,19.611244489180706,19.747712480082598,5485700
2020-11-04,18.543581008911133,19.225920864802788,18.198397227040722,19.2018377412553,6776500
2020-11-05,19.266056060791016,19.514908856193568,18.591743976173046,18.591743976173046,6100900
2020-11-06,18.63188362121582,19.514911622046206,18.415141623470745,19.498857736711273,4930500
2020-11-09,21.321104049682617,21.738535679531804,20.09289381529967,20.229361789245413,13913600
2020-11-10,21.144495010375977,21.337155372316058,20.927751529020217,21.20068742455078,9815600
2020-11-11,20.64679527282715,21.272942820252336,20.454134842341475,21.272942820252336,5980800
2020-11-12,19.956430435180664,20.28555888379009,19.635328165302013,20.28555888379009,6966300
2020-11-13,20.381885528564453,20.542436641358865,20.108949555491286,20.21330823814632,6518500
2020-11-16,21.072250366210938,21.425461848684407,20.799314429453528,21.425461848684407,7144400
2020-11-17,20.911701202392578,20.927756619241496,20.24541671445076,20.670876074174117,4995000
2020-11-18,20.6307430267334,21.36124779128573,20.622715316766666,20.951843769757097,5603800
2020-11-19,20.77522850036621,20.84747632863955,20.068807161961686,20.494266425001527,4843900
2020-11-20,20.301612854003906,20.638767457271758,20.15711714910112,20.422025431046563,5828600
2020-11-23,20.879589080810547,20.967892330428693,20.470185193210895,20.654817868659183,6031300
2020-11-24,21.883031845092773,22.051609123683058,21.28096751104956,21.353215353625046,6061300
2020-11-25,21.417434692382812,21.634178212057552,21.224774296381508,21.489682532274394,4899100
2020-11-27,21.096332550048828,21.441514778341517,20.89564446025771,21.353213060000883,2970700
2020-11-30,20.341747283935547,21.17660903896811,20.285554857199454,20.9277562072245,8550600
2020-12-01,21.03211212158203,21.24082638458482,20.702983781524853,20.79128549860185,5687400
2020-12-02,21.345190048217773,21.433493317112095,20.735097937308442,20.959869198526285,5976900
2020-12-03,21.5378475189209,21.674315492526397,21.144499014088275,21.369270244476375,5348400
2020-12-04,21.995418548583984,22.043583270644845,21.61812541870424,21.72248257169092,6907600
2020-12-07,21.97936248779297,22.051610334334924,21.5458769396701,22.011473322313332,4497700
2020-12-08,21.883031845092773,22.051609123683058,21.658260609176946,21.658260609176946,7063700
2020-12-09,22.260330200195312,22.565377058915523,22.0516143313681,22.083725171708814,5235600
2020-12-10,22.300460815429688,22.461010366617348,21.81880909960951,22.0596341919553,4580400
2020-12-11,21.947250366210938,22.12385534000895,21.666286724751032,21.95527807381021,4120500
2020-12-14,21.369272232055664,22.372712857448178,21.305052093275698,22.372712857448178,4671100
2020-12-15,21.74656867980957,21.866981267035126,21.337164658339383,21.586017542756082,3444600
2020-12-16,21.875003814697266,21.963307072350823,21.561930855567386,21.826839097399304,3229500
2020-12-17,21.778675079345703,21.947253903846004,21.465602088153748,21.947253903846004,3716300
2020-12-18,21.37729263305664,21.93119213731372,21.208715388485796,21.81077960103048,8719500
2020-12-21,21.810781478881836,22.011469567008785,21.329129761151442,21.594037976233867,6393000
2020-12-22,21.618122100830078,22.03555371096868,21.58601127029849,21.907113451099676,5442200
2020-12-23,22.260330200195312,22.380742789214704,21.730513583606676,21.770652134032566,3570300
2020-12-24,22.139915466308594,22.33257589630092,21.78670391242483,22.33257589630092,1477600
2020-12-28,22.099781036376953,22.50918507218063,22.067670195390388,22.300469199155472,2707500
2020-12-29,21.899089813232422,22.196107395204518,21.826841962238355,22.196107395204518,2782500
2020-12-30,22.11799430847168,22.22339462465823,21.89908417512168,21.89908417512168,2253100
2020-12-31,22.353124618530273,22.38555644513656,21.923413741039184,22.012598171337267,2503400
2021-01-04,22.07746124267578,22.66932818618767,21.753150694616846,22.50717368537554,4980400
2021-01-05,22.38555335998535,22.645001751340363,22.01259513758673,22.166643199866662,3476000
2021-01-06,24.53411293029785,24.696267407227175,22.936882749832836,22.993636894079824,10079600
2021-01-07,25.490829467773438,26.042156532116014,24.98814704429018,25.09354892093341,6308100
2021-01-08,25.280027389526367,25.539475784992018,24.809776786136272,25.539475784992018,5165000
2021-01-11,25.44217872619629,25.53136468105298,24.728695726645448,24.89085172703321,6048400
2021-01-12,25.79892349243164,25.871893545014636,25.336780857028934,25.474613006748545,5504200
2021-01-13,25.701627731323242,25.928644268153317,25.417855513851475,25.669195913813706,3931200
2021-01-14,26.382680892944336,26.60969743371765,25.677304314201344,25.782704630069784,5223500
2021-01-15,25.83946418762207,26.139452364057632,25.58812219915855,25.92864860783175,4431800
2021-01-19,26.001615524291992,26.261063890736878,25.75027511260279,25.904323160092282,4513500
2021-01-20,25.40164566040039,25.99351409956706,25.32867560004333,25.928650449085634,4872500
2021-01-21,24.8746395111084,25.68541654056338,24.631405474411228,25.39353631510056,4103400
2021-01-22,25.05300521850586,25.12597526123358,24.663832688247457,24.785448910648935,3559300
2021-01-25,24.64761734008789,24.793557428862346,23.885486624506964,24.52600111492058,4378500
2021-01-26,24.120616912841797,25.09354997832013,24.10440100091578,24.947609863854932,4283800
2021-01-27,23.058502197265625,23.585507026754062,22.904454108314194,23.585507026754062,8079700
2021-01-28,23.998998641967773,24.14493874412303,23.40713182450198,23.609826067176648,6342600
2021-01-29,23.455778121948242,24.185477089780864,23.293622108459058,23.92602870534565,5700300
2021-02-01,23.90981101989746,23.990889020623676,23.46388433555463,23.553068744562655,5180900
2021-02-02,24.582759857177734,24.996256337385418,24.22601752292188,24.29898758098409,5259600
2021-02-03,25.15841293334961,25.17462729939139,24.50168239596983,24.55033013339876,4286400
2021-02-04,26.017837524414062,26.228638211671953,25.247598653092812,25.255706609746518,5475500
2021-02-05,26.02593994140625,26.431328433284037,25.961079390997554,26.155664135092394,3717400
2021-02-08,26.407007217407227,26.447545449715914,26.02594102939403,26.02594102939403,3198500
2021-02-09,26.37457275390625,26.439436393401387,25.9772937870385,26.066479744910033,2942500
2021-02-10,26.439437866210938,26.909686907271666,26.317820081817114,26.609700290067302,3781200
2021-02-11,26.14755630493164,26.577267093248235,25.82324583834338,26.3583569483883,3566500
2021-02-12,26.358356475830078,26.56105070711808,25.98539983254859,26.09890810721091,3344300
2021-02-16,27.13670539855957,27.32318372517553,26.44754313807249,26.6421309661627,5104100
2021-02-17,27.185352325439453,27.50155486645611,26.869149784422795,27.161030004705513,3617400
2021-02-18,26.93401336669922,27.161029940664353,26.439438893816167,26.836717898255145,6140000
2021-02-19,28.00423240661621,28.133956575498257,27.079947316723125,27.185346077592932,5682200
2021-02-22,28.279903411865234,28.701507834725334,27.97991368666337,28.17450153293299,5521700
2021-02-23,28.442049026489258,28.579879585302848,27.817750576460497,28.490693650603344,6476200
2021-02-24,29.390657424926758,29.479843363006086,28.523126542848008,28.669066606456383,8045000
2021-02-25,28.62042808532715,29.87713184327027,28.555567532250343,29.79605537870705,8882500
2021-02-26,28.125852584838867,28.806905378099543,27.85829778723758,28.304224511818898,9869200
2021-03-01,29.187971115112305,29.293372987920115,28.555566064002857,28.669074345702633,8171500
2021-03-02,29.309589385986328,29.46363590044512,28.944739122406283,28.993383762304447,6892100
2021-03-03,29.115005493164062,29.714981907117295,29.017713107314872,29.49607171930473,9722400
2021-03-04,28.831228256225586,29.431201442263855,27.996125929310203,29.171753076484848,9923800
2021-03-05,29.812274932861328,30.30684946858653,28.55557102136552,30.169015750544947,8728600
2021-03-08,30.59873390197754,31.352753877502913,29.998757393249885,30.160913457192738,7269100
2021-03-09,29.76362419128418,30.387922878932155,29.35823567407398,30.05550441853455,8381000
2021-03-10,30.825735092163086,30.955459259751965,29.698755806321927,29.763616343682305,6583100
2021-03-11,30.81763458251953,31.458149199979676,30.404139644220503,30.51764793736655,7668300
2021-03-12,31.693275451660156,31.831106067511534,31.214916861752307,31.368963389974855,6929000
2021-03-15,31.150043487548828,31.7905579083374,30.752764583523156,31.587863706280366,8084200
2021-03-16,30.712236404418945,30.971684820460723,30.209552392077555,30.898714760144657,6586800
2021-03-17,31.27977752685547,31.652734197201703,30.87438903486119,31.141943831285666,7376500
2021-03-18,31.628406524658203,32.80403368601593,31.40949947634686,32.017582170890314,10517500
2021-03-19,31.06086540222168,31.814888196990598,30.68790566263498,31.05275590088906,27628800
2021-03-22,30.1771183013916,31.05275577683472,29.998746387209184,31.036539867102814,7546200
2021-03-23,29.46363067626953,30.331161653144797,29.309584189124614,29.836587282747676,6729100
2021-03-24,29.41499137878418,30.339276752174644,29.398775466091653,29.877134065479414,6075900
2021-03-25,30.590612411499023,30.704120683922607,29.09067636669862,29.366340639528087,5668900
2021-03-26,31.166261672973633,31.40949720751598,30.63925856482458,31.093291631184588,6891800
2021-03-29,30.144685745239258,30.7527684274167,29.70686547178307,30.582506018695447,6310400
2021-03-30,31.132905960083008,31.345251770248108,30.357032790006325,30.381536146867568,5788400
2021-03-31,30.585708618164062,31.312578082718762,30.561205264919757,30.92872440865334,6148100
2021-04-01,31.01856803894043,31.05940281396282,30.373368000908325,30.54487904079217,6138500
2021-04-05,31.22275161743164,31.729109788634972,30.96957097408283,31.663774757912424,6063600
2021-04-06,31.304420471191406,31.386090028478723,30.920566697854422,31.181913019766526,4109000
2021-04-07,31.36158561706543,31.614763080310247,31.15740863548426,31.402420390282966,3109900
2021-04-08,31.149234771728516,31.222738597824865,30.528538218965,31.083899768250088,3341200
2021-04-09,31.39424705505371,31.52492017986846,31.132900805424217,31.30441181308167,3549900
2021-04-12,31.729108810424805,31.77811241857665,31.36159265351565,31.369758363793864,3207700
2021-04-13,31.214580535888672,31.631100242121516,30.945065402360434,31.590265465509475,5205700
2021-04-14,31.484094619750977,31.925117713283765,31.08390942100356,31.165578979586392,4316400
2021-04-15,31.05939292907715,31.590254181898516,30.520365970047553,31.58208536019765,6049500
2021-04-16,31.1982364654541,31.655590808494708,31.002225235941843,31.230905522954945,5355500
2021-04-19,30.928726196289062,31.44325302725499,30.708214697303664,31.10023721693989,5577100
2021-04-20,29.760835647583008,30.912393696522997,29.483154828629715,30.781720553221064,5382600
2021-04-21,30.51220703125,30.52854156278199,29.303479737322768,29.728168210674497,5614500
2021-04-22,30.10385513305664,30.675551313513036,30.038517002493148,30.610213182949543,5515000
2021-04-23,31.312578201293945,31.55758992621312,29.989512394335925,30.103850991598662,6741600
2021-04-26,31.67193031311035,32.09661878086422,31.451418813575078,31.508591230930108,3979000
2021-04-27,32.0557861328125,32.09662090606133,31.647432169337183,31.688266942586015,4453500
2021-04-28,32.504974365234375,32.6519820390442,32.09662040809451,32.13745518070981,4880400
2021-04-29,33.248165130615234,33.32166893809049,32.74997300389322,32.82347681136847,7776600
2021-04-30,33.109336853027344,33.45235265320556,32.7989869989424,32.945994660588255,7236300
2021-05-03,33.05217361450195,33.58303194291767,32.80715872316296,33.476862146530785,4009000
2021-05-04,33.746376037597656,33.746376037597656,32.67648738127258,32.93783682090038,6043100
2021-05-05,33.9342155456543,34.236396622351904,33.41152294309834,33.787207861748726,3622500
2021-05-06,34.23640060424805,34.25273513941443,33.5667002398964,34.13839650874376,4983200
2021-05-07,34.58757400512695,34.612077357606466,33.264508244474555,33.313511833940574,4830900
2021-05-10,34.49774169921875,35.16744190143027,34.48957287586629,35.08576924537199,6068700
2021-05-11,33.99955749511719,34.96327325756543,33.754545699603604,34.26090382573088,5227200
2021-05-12,33.43601989746094,34.628415784722854,33.32985011490841,34.5140740631001,6785000
2021-05-13,34.28539276123047,34.48140400228134,33.15833513504718,33.191004194471155,6146900
2021-05-14,34.82442092895508,34.914259287589175,34.34256319077564,34.45690178703973,3680600
2021-05-17,35.03676986694336,35.05310128317435,34.47323942667994,34.61208138859026,4000600
2021-05-18,34.309898376464844,35.14294082940589,34.2853981358027,34.995933154446085,3379800
2021-05-19,34.04854965209961,34.05671847539748,33.33801468435379,33.83620697875362,4940600
2021-05-20,33.91787338256836,34.14655368136525,33.574857607612465,33.96687697134475,3347100
2021-05-21,34.23640060424805,34.595754146920456,34.00772334290671,34.08939601873863,5364100
2021-05-24,34.19556427001953,34.41607581150327,34.02405633180792,34.41607581150327,4091400
2021-05-25,33.69736862182617,34.72642238275878,33.599364540235214,34.30173387520651,5847000
2021-05-26,34.0322265625,34.154734029208655,33.52586839005988,33.8198838177652,4609900
2021-05-27,34.473243713378906,34.68558953670704,34.22823193803347,34.473243713378906,4671700
2021-05-28,34.416080474853516,34.481418621402945,33.90972230107265,34.47324979533712,4053900
2021-06-01,34.58757400512695,34.93059290040306,34.36706564126239,34.652912124414975,3459000
2021-06-02,34.43240737915039,34.68558796766758,34.1792267906332,34.628418659856216,3731400
2021-06-03,34.473243713378906,34.93060131205248,34.26090100554453,34.407908693850544,2999500
2021-06-04,34.33440399169922,34.53041216087993,33.975050489045124,34.45690831856375,4503200
2021-06-07,34.293575286865234,34.50591802698305,34.138398750342375,34.407913925043616,2638200
2021-06-08,34.040382385253906,34.13022074445645,33.36251339526606,33.90154043498822,5080000
2021-06-09,33.6075325012207,33.795374950901106,33.31351714850582,33.65653298301085,3713700
2021-06-10,32.994998931884766,34.187391664886775,32.905160568420065,34.138388071498774,4597000
2021-06-11,33.13383865356445,33.460523053844156,32.99499980851625,33.07666935083951,3625600
2021-06-14,32.292625427246094,33.20733724183453,32.08027966596218,32.98682577380563,3909200
2021-06-15,32.717315673828125,32.92965833155801,32.21095459336922,32.38246559958557,3632200
2021-06-16,33.11750411987305,33.338015622723674,32.16195738968033,32.59481157185378,5889500
2021-06-17,31.05939292907715,33.48501580245665,31.0103924608425,33.46051556833933,6222900
2021-06-18,30.144689559936523,30.76538621567757,29.973181642421782,30.63471307154822,11729100
2021-06-21,30.86339569091797,30.904230467320676,30.234530164736316,30.446872871326637,10710100
2021-06-22,30.994077682495117,31.190085911316284,30.536719956088017,30.798066338179325,6271700
2021-06-23,30.969554901123047,31.279904703595292,30.91238561060088,31.05122754150662,4411000
2021-06-24,31.51675796508789,31.655596812560614,30.847057736763645,31.124738547202483,3782700
2021-06-25,32.25996017456055,32.36613306772631,31.533090684296198,31.729098824224923,6591500
2021-06-28,31.590269088745117,32.24363493595665,31.45142709374723,32.121130592069925,3681900
2021-06-29,31.327085494995117,32.067290919880605,31.261288062830076,31.812330576332435,2795400
2021-06-30,31.44222640991211,31.598490597986615,31.26128661721966,31.277735974500256,3256500
2021-07-01,31.861669540405273,31.9356900617295,31.508016287122132,31.664280437742896,2916200
2021-07-02,31.614933013916016,31.96858627431572,31.483341321957525,31.943913812508942,2709400
2021-07-06,30.693796157836914,31.508022041096783,30.488183909653443,31.44222461572899,4090300
2021-07-07,30.48817253112793,30.80892701660197,30.315459060086948,30.430601374114268,3754700
2021-07-08,30.060508728027344,30.389489565534856,29.6657336054546,29.961815731732603,8073400
2021-07-09,31.318849563598633,31.35174512882037,30.43882652431671,30.67733741218384,4142400
2021-07-12,31.573820114135742,31.697188732792807,30.61977929368992,30.899412110237538,3587800
2021-07-13,30.899410247802734,31.6149400356606,30.808940351226454,31.590267568374017,4171400
2021-07-14,30.743144989013672,31.384654215283646,30.24967369870338,30.95698035197233,3631200
2021-07-15,31.06389808654785,31.277733439073533,30.34836835851157,30.570426820313916,3386300
2021-07-16,29.9371395111084,31.179035898973662,29.846669635274452,31.05566731603766,3583000
2021-07-19,28.481409072875977,29.42722351800438,28.25112122491064,29.19693880743292,7391000
2021-07-20,29.57526206970215,29.945364706919595,28.267568176462916,28.39915987665205,5561800
2021-07-21,30.331918716430664,30.619774599306275,29.821998099059844,29.846673701444765,7176300
2021-07-22,29.624608993530273,30.340138639680514,29.32852689515266,29.94536355430819,6109700
2021-07-23,29.427223205566406,30.18387789102937,29.254509674471567,29.813775226259107,4253300
2021-07-26,29.8713436126709,30.101628299283856,29.517690336861826,29.591710862900783,5476800
2021-07-27,29.920692443847656,30.052284144917614,29.131139100034257,29.328528220336015,4168300
2021-07-28,29.97826385498047,30.315467787736456,29.501241973943696,29.82199655176114,4898100
2021-07-29,30.134525299072266,30.53752661518357,29.92891308700175,30.36480997262537,4189500
2021-07-30,29.846670150756836,30.471729909524296,29.715078457469296,30.06050547582655,8250800
2021-08-02,29.673961639404297,30.743144719616513,29.64928603579891,30.126307965179393,6345100
2021-08-03,30.299015045166016,30.36480932017029,29.188710378799914,29.994709856310465,4375400
2021-08-04,29.912466049194336,30.422386633527474,29.690404466480285,30.085182705123234,3952900
2021-08-05,30.414165496826172,30.488186036832435,30.06051215428448,30.093410869263742,3516200
2021-08-06,31.030996322631836,31.310629071443252,30.800711636808387,30.85828280826425,4426100
2021-08-09,30.891178131103516,31.24483136693805,30.578646707888375,30.965198648775704,4638400
2021-08-10,31.3846492767334,31.51624097263065,30.800711322276427,30.882954955689645,4021300
2021-08-11,31.82054901123047,31.886346433727827,31.146141117601456,31.549142486913322,5230700
2021-08-12,31.97681427001953,32.0343854423153,31.647833453420642,31.902793743154458,2967600
2021-08-13,31.6478328704834,32.16597654899494,31.557362990715433,32.08372977766337,3649300
2021-08-16,31.42577362060547,31.7136326354875,31.121468387633048,31.433999867044427,4044900
2021-08-17,31.00632667541504,31.450449870455486,30.693795189565037,31.11324591956785,4718800
2021-08-18,30.850061416625977,31.392877645331026,30.685574122237927,30.825388949946575,4839500
2021-08-19,30.73491668701172,31.137918056950834,30.4470608066222,30.586875623556026,8430100
2021-08-20,30.940521240234375,30.998092402010325,30.438826998421355,30.603317376663938,5027700
2021-08-23,31.28595542907715,31.565588167345624,31.088566321960936,31.20370866053147,3650100
2021-08-24,31.614933013916016,31.76297405954349,31.253056645378525,31.294178460854287,3517600
2021-08-25,32.31401824951172,32.61832346607126,31.672505969805147,31.787651451983777,4573900
2021-08-26,31.91101837158203,32.511405723685364,31.77942666615382,32.40448961998313,4326900
2021-08-27,32.45383071899414,32.53607748605248,31.886342144561723,32.00970758905919,3724900
2021-08-30,31.771198272705078,32.53607591372083,31.771198272705078,32.53607591372083,3683100
2021-08-31,31.960369110107422,32.207103186242556,31.656063854120564,31.828777393675754,4716600
2021-09-01,31.639606475830078,32.083726445318355,31.417544922389336,32.083726445318355,3933600
2021-09-02,31.82054901123047,32.10018178205667,31.582041198162003,31.672507948005194,2787500
2021-09-03,31.672504425048828,32.026157688150555,31.49979091629499,31.976812764159998,4130000
2021-09-07,31.71363067626953,32.16597694326033,31.639610149860598,31.73008003073747,4058000
2021-09-08,31.598491668701172,31.7465327518488,31.32708510785999,31.590268558479284,5041800
2021-09-09,31.91101837158203,32.19887738416444,31.37642844088968,31.565591321355626,5211500
2021-09-10,31.795881271362305,32.198882700560226,31.656066433869594,32.05906472567327,4102700
2021-09-13,32.55253601074219,32.56898223139401,31.99327038675269,32.19888265623723,4823400
2021-09-14,32.059051513671875,32.873277146850725,31.95213229898531,32.57719509842205,5819700
2021-09-15,33.12001419067383,33.25160587571373,32.059054465255926,32.059054465255926,7590700
2021-09-16,33.22693634033203,33.62993453863506,33.16113892332299,33.26805815726592,5348200
2021-09-17,32.99664306640625,33.5394591174713,32.8650513915236,33.02131866240444,12714800
2021-09-20,31.69717788696289,32.14952410493556,31.137912445231624,32.14130099728946,9578000
2021-09-21,31.44222640991211,31.927471468810324,31.253063507276416,31.845227819801448,5393400
2021-09-22,32.11662673950195,32.45383064013841,31.647831149285256,31.88634206708487,3862800
2021-09-23,33.52301788330078,33.71218390305576,32.453834873809946,32.503182940362606,4801000
2021-09-24,34.139854431152344,34.213874961925,33.078897673269225,33.11179324675083,5565800
2021-09-27,35.85877227783203,35.93279280740923,34.542855238008244,34.542855238008244,9988400
2021-09-28,35.834102630615234,36.33579702192073,35.60381791489229,36.18775595112915,6864100
2021-09-29,35.892066955566406,36.04113439863622,35.57736866918063,35.892066955566406,5511100
2021-09-30,35.146732330322266,36.14879758461459,35.121888807695,36.107387501374745,5147000
2021-10-01,36.157073974609375,36.41380193213313,35.17157538262643,35.29579614208981,4893500
2021-10-04,36.0328483581543,36.7533419975037,35.91690772446,36.25644950562701,3907200
2021-10-05,36.413814544677734,36.761636582623865,35.95004866826965,36.297873865362355,4123900
2021-10-06,36.223331451416016,36.355835504515724,35.39518032975639,36.08254411797805,4084600
2021-10-07,36.31442642211914,36.71194175152155,36.16535896337972,36.65396826499319,3883900
2021-10-08,36.397239685058594,36.70365469241353,36.12394831912228,36.190201920250686,2764300
2021-10-11,36.016292572021484,36.8444436684114,36.00800929193598,36.728499861234404,3342000
2021-10-12,35.85066223144531,36.14879713585458,35.70987490029837,35.95831960092417,4122500
2021-10-13,35.370330810546875,35.83409653876635,34.71609071872267,35.79268961783412,4202500
2021-10-14,35.933475494384766,35.95003889537663,35.3868958982362,35.80925472566438,3260800
2021-10-15,36.107391357421875,36.50490671678513,35.883793311606,36.28958563386786,4113000
2021-10-18,36.48004913330078,36.803027502035064,35.90034282983517,35.90034282983517,4664400
2021-10-19,36.380680084228516,36.794755657088714,36.03285496027008,36.76162885306488,4724900
2021-10-20,37.75541305541992,37.76369317733445,36.24817813528742,36.45521593375778,4893100
2021-10-21,37.33305358886719,37.93760352061504,37.01835528222249,37.689155660074306,3869400
2021-10-22,37.6725959777832,37.821660273518894,37.3330541436966,37.6477492958724,2947800
2021-10-25,37.74713134765625,38.02869970896631,37.606344007855256,37.90447893059057,2428200
2021-10-26,37.0928955078125,37.75541588066495,37.0763321035979,37.75541588066495,2714400
2021-10-27,35.80924987792969,37.001786155590764,35.784403200232695,36.935532560592506,3692800
2021-10-28,36.430362701416016,36.44692294083234,35.92519010229628,35.92519010229628,3146000
2021-10-29,36.049415588378906,36.728499222884345,35.99144526537081,36.480054530114536,3726300
2021-11-01,36.827880859375,36.894131305395355,36.34755169935786,36.38067850194093,4087900
2021-11-02,36.43865203857422,36.720223567056316,36.23989436470319,36.720223567056316,4092400
2021-11-03,37.01836013793945,37.2088345392984,36.22333572553351,36.26474265467308,3532300
2021-11-04,36.42208480834961,37.00179120714585,36.01629254059424,37.00179120714585,6390800
2021-11-05,36.50490188598633,36.968664478628845,36.28958083156311,36.877567352461,2600900
2021-11-08,36.653961181640625,36.985222839077906,36.413799797101156,36.67880785939286,2266600
2021-11-09,36.513179779052734,36.620840299695345,36.173637976237295,36.45520945850953,4174100
2021-11-10,36.46349334716797,36.9189789972862,36.37239621714432,36.52974695414729,3359900
2021-11-11,36.68709182739258,36.85272267348456,36.4138036166146,36.57115118287188,3055900
2021-11-12,36.6125602722168,36.819598052302815,36.181921310540375,36.54630982534509,3428500
2021-11-15,36.95209503173828,37.217103086788285,36.587709745830836,36.67052357835451,3048000
2021-11-16,37.12601089477539,37.43242588061403,36.786465951553325,37.01006710094219,3155800
2021-11-17,36.60428237915039,37.09289169626101,36.46349503736631,37.05148476955252,4331400
2021-11-18,36.554595947265625,36.844450782455624,36.20677393601322,36.53803254304223,4077000
2021-11-19,36.065982818603516,36.198486879426405,35.3786189903179,36.115673026091855,3523100
2021-11-22,36.571144104003906,36.97693944042448,36.273009270575734,36.64567781236095,3670900
2021-11-23,37.134300231933594,37.2088339668967,36.64569089365238,36.91898230823248,2807300
2021-11-24,36.9355354309082,37.490398275129344,36.81131466935102,37.192263392759244,3474200
2021-11-26,35.17986297607422,35.883793399148914,34.36827517042438,35.527688126579086,5680900
2021-11-29,35.60221862792969,35.93347718592349,35.00594880073662,35.73472268295638,5629000
2021-11-30,34.90657424926758,35.31236656704845,34.53390557844609,35.14673569566711,9155400
2021-12-01,34.56702423095703,36.30614007237698,34.558740951811444,35.81753085458446,5277400
2021-12-02,36.38896179199219,36.711943406585675,34.89001017474676,34.96454390747664,6366500
2021-12-03,35.651912689208984,36.70366521505961,35.31237078394591,36.38896683776933,5418100
2021-12-06,36.0908317565918,36.69538176931039,35.875510669836785,36.198489140823106,4701300
2021-12-07,36.50490188598633,36.662249457183506,36.1819203043515,36.339271034694406,7327700
2021-12-08,36.4055290222168,37.175709955016366,36.38896561774143,36.76991760238215,3941800
2021-12-09,36.23161697387695,36.52146864600945,35.858948281744965,36.31443083473015,2995600
2021-12-10,36.239891052246094,36.50490231289983,35.74300165170508,36.38067838319169,3099800
2021-12-13,35.113609313964844,36.239892201518565,35.08048251043936,36.074264502182864,4213700
2021-12-14,35.709877014160156,36.008011936217656,35.12189045073895,35.20470430280117,5782500
2021-12-15,35.95832061767578,36.33098925872489,35.34549054941357,35.92519697336264,4360200
2021-12-16,36.049415588378906,36.80303294662985,35.92519482156684,36.37239400489421,5075400
2021-12-17,34.99766159057617,35.991443471262826,34.699529869601136,35.94175643067308,11255800
2021-12-20,34.10325622558594,34.492488181321555,33.43245282170767,34.46764150471078,5621300
2021-12-21,35.20470428466797,35.30408469806658,34.48421366283076,34.56703067399627,5457500
2021-12-22,35.362060546875,35.486281344297126,34.88173128456605,35.06392557842757,2333800
2021-12-23,35.6684684753418,36.05770051255577,35.55252782403869,35.61877827086369,2605600
2021-12-27,36.1901969909668,36.20676038899288,35.42829647749263,35.66846101015314,2347400
2021-12-28,36.25645065307617,36.49661520712674,36.01628925817104,36.14879329503593,3294500
2021-12-29,36.355831146240234,36.61255594132566,36.04113287317424,36.40551818573009,5400300
2021-12-30,36.355838775634766,36.8144585686534,36.32248721141087,36.32248721141087,2329400
2021-12-31,36.314144134521484,36.53928387531103,36.17239125007065,36.297466763253745,2572800
2022-01-03,37.2480583190918,37.30643071470587,36.68104354469384,36.68104354469384,4020900
2022-01-04,38.832366943359375,39.00747455683265,37.58159282275072,37.58159282275072,5534000
2022-01-05,38.71562576293945,39.44941408514927,38.61556473110084,39.09085860843782,5632100
2022-01-06,40.33329772949219,40.42502167957917,39.41606459038895,39.45775642746032,5831700
2022-01-07,40.691856384277344,40.816935085996896,39.983085556889236,40.24157687514716,5191200
2022-01-10,40.691856384277344,41.20050510597438,39.983085556889236,40.95868797912111,4560200
2022-01-11,40.90031814575195,41.058751589643094,40.35831786858879,40.925335794246244,4022100
2022-01-12,41.025386810302734,41.534035399858126,40.81692448218217,40.90864841549645,5511900
2022-01-13,41.308902740478516,41.82588851163543,41.11711774764423,41.34225748207141,5476900
2022-01-14,42.06769561767578,42.109387444315445,40.5250725849486,40.65848833872499,5695500
2022-01-18,41.37560272216797,42.226129417559335,41.11711146651873,42.092713652451835,6226900
2022-01-19,39.999752044677734,41.55071225572109,39.85799600924383,41.53403488797106,8122200
2022-01-20,38.87405776977539,40.69184969905773,38.799011197249676,40.18320106092602,6461300
2022-01-21,37.556575775146484,38.78233216603712,37.423160005359655,38.52384090132174,8255900
2022-01-24,37.9234733581543,38.04855205049396,36.16405047473837,36.92285336208687,7575500
2022-01-25,37.456520080566406,37.915139875586384,36.56430132079159,37.606613253321385,7688500
2022-01-26,37.3564567565918,38.24033836680657,36.605994119284965,37.87344255307651,9085900
2022-01-27,36.88115692138672,38.24033227289852,36.53094171596318,37.881776792555634,6219300
2022-01-28,37.08128356933594,37.10629803327356,36.04730892117979,36.839466481662235,6438900
2022-01-31,37.214698791503906,37.38146930400072,36.18072415873005,36.881157766510285,8487000
2022-02-01,38.30703353881836,38.382080098825845,36.98955337309886,37.14798358605579,7512400
2022-02-02,38.91575241088867,39.0324940061492,38.05688849292721,38.19030427805601,5988500
2022-02-03,38.50716781616211,39.55781672250098,38.432121238503385,39.040830954676025,5592200
2022-02-04,39.47443389892578,39.67455917061425,38.682276269020655,38.72396810619813,6470300
2022-02-07,40.29160690307617,40.450037160274675,39.29932716000128,39.549481369587525,6679100
2022-02-08,41.27554702758789,41.375608069128695,40.60846811584391,40.70852915738472,6839200
2022-02-09,41.017051696777344,41.4756714210537,40.9336680273906,41.16714484637995,3807300
2022-02-10,40.958675384521484,41.800864931245684,40.78356780066568,41.12544587523858,5784200
2022-02-11,40.47505187988281,41.542378126711434,40.19154294795857,40.458374509665724,5815300
2022-02-14,40.216556549072266,40.93366754858932,39.80797212062012,40.70019073233095,6695700
2022-02-15,41.17548751831055,41.258871192550316,40.60846962700693,40.625146998031546,3765100
2022-02-16,41.28388214111328,41.66745528023096,40.633480630986405,40.83360588534706,3690300
2022-02-17,40.183197021484375,40.98369477491574,40.00808943015485,40.883630567685145,4378400
2022-02-18,40.216556549072266,40.591789418689686,39.93304762323722,40.108155235431,6053200
2022-02-22,40.299949645996094,40.6501649246769,39.80797829198005,39.98308593132045,6662100
2022-02-23,39.33267593383789,40.708528760358874,39.14923122294939,40.53342114414948,8189700
2022-02-24,38.156944274902344,38.31537768475284,36.75608031466362,37.73168251247175,9082900
2022-02-25,40.09981918334961,40.17486575922395,38.390428489415314,38.58221347645349,7910900
2022-02-28,39.891353607177734,40.066461209794014,39.115873446010895,39.66621389772128,7889200
2022-03-01,37.07294845581055,39.632866197359064,36.82279423895605,39.44108119174117,7883800
2022-03-02,38.41544723510742,38.68227882775341,37.49821403299726,37.76504562564325,8510700
2022-03-03,38.60722732543945,38.82402995489856,38.07356420812947,38.507166286164605,4820400
2022-03-04,37.14799118041992,37.765041153393035,36.59765068815011,37.7066719482192,6965000
2022-03-07,35.00499725341797,37.097961018136964,34.98831988379627,36.89783576355964,8053700
2022-03-08,34.98832321166992,36.1807282155297,34.64644505411537,35.23847741802244,10090600
2022-03-09,37.30642318725586,37.86510075291609,36.080663563475426,36.23909380279333,8115800
2022-03-10,37.089622497558594,37.63162590281478,36.55595936794933,36.864482768339094,5723800
2022-03-11,36.68937301635742,38.08189996538171,36.65601827747609,37.41482109216999,6013300
2022-03-14,38.23199462890625,38.84070750459198,37.31476153939722,37.48986915415898,6822100
2022-03-15,38.18197250366211,38.723972814637534,37.57326270038491,38.37375752270422,7080400
2022-03-16,39.607845306396484,39.76627554250421,38.63224306462063,38.698949360551225,7007600
2022-03-17,38.98245620727539,39.082517236304646,38.14860687663849,38.95744174523877,8777800
2022-03-18,38.932430267333984,39.10754107196772,37.76504292811426,38.94910763829354,12154000
2022-03-21,38.74898147583008,39.54113583740843,38.415440453462296,39.17424325751022,4767700
2022-03-22,39.53279495239258,40.04978062469354,39.0908558438839,39.19091686864608,5956700
2022-03-23,38.090248107910156,39.282653231698234,37.923477559940785,39.10754558772803,5929500
2022-03-24,38.23199462890625,38.54052120449576,37.898456769486195,38.40710542455112,5306100
2022-03-25,38.99079895019531,39.09920026953106,38.22365898168562,38.38208923234308,5510100
2022-03-28,38.19029998779297,38.64891649884747,37.406482735824966,38.607224667093945,6335600
2022-03-29,38.47380828857422,39.207596603187895,38.13193018418878,39.02414872931377,5829000
2022-03-30,37.16448974609375,38.57452488241656,36.929484957273324,38.5325601989415,5780300
2022-03-31,36.12375259399414,37.55896594319186,36.08178790925799,37.06377497922478,7651900
2022-04-01,35.083011627197266,36.77841116882774,34.88997151327848,36.6693004255866,8393700
2022-04-04,34.973907470703125,35.166950822678636,34.0674579302091,34.83961853130768,6372600
2022-04-05,34.60460662841797,35.19212181905719,34.52067725905531,34.73889554041835,4755000
2022-04-06,34.394775390625,34.696926202529426,34.12619760264323,34.461921438470334,7166500
2022-04-07,33.941558837890625,34.45353639255163,33.28690069347856,34.26889111179735,6715800
2022-04-08,34.033878326416016,34.31085101142028,33.765300499460494,34.059059698862015,4278500
2022-04-11,33.98352813720703,34.81443993924528,33.73173357736433,34.06745752268738,3801800
2022-04-12,33.2617301940918,34.52069042488723,33.077081669030676,34.033890932162976,5726000
2022-04-13,33.1609992980957,33.37082592873885,32.774919066120376,33.00153221141901,5103800
2022-04-14,32.7413444519043,33.43797036873424,32.63223691447562,33.18617906449094,5266700
2022-04-18,32.79171371459961,33.06029161230625,32.48956277925436,32.7077843222042,8621700
2022-04-19,34.235313415527344,34.65496667180486,32.80010004746632,32.80010004746632,9287400
2022-04-20,34.13459777832031,35.14176633550734,34.07584657264029,34.33603277043795,8147400
2022-04-21,33.2617301940918,34.730517130019805,33.03511696834445,34.579441646188236,6927300
2022-04-22,32.25455093383789,33.28689760489206,32.20419138828632,33.28689760489206,8275900
2022-04-25,32.565093994140625,32.63224005597639,31.524355649289884,32.10347602497132,8095700
2022-04-26,31.683820724487305,32.61545146203566,31.675429068142833,32.111865635460745,5977500
2022-04-27,32.0531120300293,32.31329818098167,31.625067151185075,31.683818346287225,7068400
2022-04-28,32.69938278198242,32.74974232815268,31.977578628710972,32.615453406732435,6919500
2022-04-29,31.499176025390625,32.942784418064,31.423638302478633,32.690993075590896,5642500
2022-05-02,31.675439834594727,31.918836371717592,31.02917321859667,31.742582713273034,7723300
2022-05-03,32.153831481933594,32.330085069285374,31.67542705815017,31.85168064550195,5813500
2022-05-04,33.14421844482422,33.21136130672865,31.83489901983222,32.10347687085101,7213500
2022-05-05,31.876863479614258,32.82528081016399,31.255778404235173,32.766529605782196,6292900
2022-05-06,31.48239517211914,31.902048552295994,30.869701621265076,31.818119156941105,6481300
2022-05-09,30.8864803314209,31.25577726169325,30.48361357251502,31.146666513958202,6376600
2022-05-10,30.701833724975586,31.390064808213285,29.887705384343075,31.163451665922786,6269500
2022-05-11,30.097532272338867,31.507567479866754,30.03038621402788,30.550758560837178,7171100
2022-05-12,30.0303897857666,30.189860092372047,29.342158614723925,29.88770919743611,6472600
2022-05-13,30.18985939025879,30.550761483961065,29.87931364340761,30.29057528566157,5414800
2022-05-16,29.954845428466797,30.366106989210536,29.66108945772124,30.156280381049434,5365900
2022-05-17,31.205425262451172,31.272568137655462,30.643088074322048,30.701842492464905,4715300
2022-05-18,30.256999969482422,31.037555303763664,30.02199516404733,30.920052901046116,5689600
2022-05-19,29.921283721923828,30.408079920038592,29.652705846749996,29.938067037633974,5594000
2022-05-20,29.912883758544922,30.3996830753014,29.165901470563682,30.18985644601677,4521300
2022-05-23,30.894880294799805,31.205422872450395,30.29897011385828,30.676658763271664,4424600
2022-05-24,30.727012634277344,30.945230923746113,30.063959705902473,30.878088066102006,4677200
2022-05-25,31.423641204833984,31.616681358616322,30.584334517936377,30.693445283709327,4552600
2022-05-26,32.4056282043457,32.573490163992076,31.608286297300847,31.700610535191384,5313300
2022-05-27,32.825279235839844,32.90920860901694,32.28812356342554,32.41401762319119,3118700
2022-05-31,33.0938606262207,33.30368728339852,32.262945655048256,32.388842930035224,5320700
2022-06-01,32.51473617553711,33.26171847024602,31.994363825000313,33.26171847024602,3594800
2022-06-02,33.001529693603516,33.01831620697829,32.246152600238716,32.699378856257596,2771500
2022-06-03,32.665802001953125,33.00992068326455,32.5986591580214,32.72455639273044,3746800
2022-06-06,33.11064529418945,33.63101447845821,32.758134864929595,33.060285746666466,3475300
2022-06-07,33.202964782714844,33.236534607896104,32.57348493634029,32.850454403861065,3927500
2022-06-08,32.632240295410156,32.93439117248718,32.43920016876661,32.88403162574085,2829500
2022-06-09,31.524354934692383,32.68259565980013,31.50756841961396,32.64063097295426,3314300
2022-06-10,29.946462631225586,30.953631288665186,29.862533243814326,30.50040491256223,4238400
2022-06-13,28.905717849731445,29.392517209467556,28.69589120192117,29.1491175295995,6436400
2022-06-14,29.023229598999023,29.62752829531735,28.653932571675405,29.157518553925453,5553700
2022-06-15,29.14911651611328,29.711453577577203,28.62874734411268,29.30019195341998,6986700
2022-06-16,27.906938552856445,28.586777907808678,27.69711194719587,28.5028453445245,6182600
2022-06-17,28.53642463684082,28.88054021762882,28.074806643349696,28.22588208873961,9221700
2022-06-21,28.846961975097656,29.409298965089455,28.670708387874868,29.275010060295898,4126900
2022-06-22,28.92250633239746,29.09875996013464,28.35177755540975,28.637141943903607,4922400
2022-06-23,28.125167846679688,28.89733172329196,27.713909331212175,28.788220949071505,4241300
2022-06-24,29.560380935668945,29.627523802098864,28.20909673069635,28.217488388362305,5409300
2022-06-27,29.266620635986328,29.778598181089006,29.090367016042972,29.753420007297276,5084800
2022-06-28,29.241443634033203,30.206647556270912,29.21626545923247,29.795385891554638,3515700
2022-06-29,28.962055206298828,29.42768247006569,28.818135402565233,29.359956453458175,3219200
2022-06-30,28.445636749267578,28.792741131897913,27.556711206385877,28.377910718990584,5312900
2022-07-01,28.64882469177246,28.80121231482784,27.785295904295065,28.360981762613328,4771300
2022-07-05,28.530296325683594,28.547228639444082,27.50591556448863,28.081598084802163,5053600
2022-07-06,28.174728393554688,28.674220420629542,27.86995315947388,28.284786834641448,3821800
2022-07-07,28.716548919677734,28.89433662170681,28.394844606405965,28.513367588085988,3189100
2022-07-08,28.665760040283203,29.021329045342934,28.462575444885083,28.995932181984262,3606000
2022-07-11,28.394847869873047,28.6488261783074,28.05620797228764,28.411780187703258,3249500
2022-07-12,28.386375427246094,29.04672279597355,28.090067987727213,28.217058735811808,3232500
2022-07-13,27.97154426574707,28.208590211038704,27.497449145655008,28.115464095528765,5211900
2022-07-14,27.268871307373047,27.404326612318506,26.92176688660599,27.353532891407216,5845000
2022-07-15,28.564165115356445,28.70808495902857,27.53978097538742,27.7514300839705,5960900
2022-07-18,28.589563369750977,29.419227528332627,28.43717574577585,28.91973547852733,4925700
2022-07-19,29.351499557495117,29.597013321363683,29.038259751926944,29.063659843385025,9633500
2022-07-20,29.36842918395996,29.605478381958793,28.911269563231073,29.207577023843232,9594700
2022-07-21,28.995933532714844,29.461561016535327,28.51337372936329,28.885875070517727,6766200
2022-07-22,28.471040725708008,29.249907942588738,28.22552696970936,29.072123455628045,5103500
2022-07-25,28.962055206298828,29.148307403608854,28.581086270668415,28.589554041186982,5155100
2022-07-26,28.06467056274414,28.88586683403297,28.022338161232202,28.614956257802394,3934400
2022-07-27,28.564165115356445,28.741949591484047,28.030808457464534,28.233989793179195,4459400
2022-07-28,28.301721572875977,28.691155192190283,27.87842331809711,28.53876756210914,4132800
2022-07-29,28.88587188720703,28.987465793197522,28.352518413549156,28.352518413549156,3934100
2022-08-01,28.894336700439453,28.987462823301524,28.284786244985206,28.66575527964411,3348100
2022-08-02,28.521827697753906,28.919728985407893,28.344043252869223,28.71654445589073,3603000
2022-08-03,29.046724319458008,29.232973335706156,28.631890652864904,28.809675125900927,3323900
2022-08-04,28.606494903564453,29.105986939693757,28.58956258697424,29.01286081320215,2591100
2022-08-05,29.351499557495117,29.503887188205994,28.51337081809471,28.606496951252403,3256000
2022-08-08,29.199108123779297,29.630870820465137,28.902797477869473,29.461550912732182,3738800
2022-08-09,29.393829345703125,29.410761661995522,29.004392529996252,29.29223544794875,3078900
2022-08-10,30.612930297851562,30.841511747762684,29.825595269105307,29.86792444956823,7120500
2022-08-11,31.391796112060547,31.484919003421027,30.866904017979788,30.866904017979788,4745200
2022-08-12,31.7388973236084,31.7473618657888,31.273266765969908,31.7473618657888,3421100
2022-08-15,31.51878547668457,31.679637639718077,31.19707792110839,31.37486563020867,3066900
2022-08-16,31.848953247070312,32.05213778863682,31.37486136592968,31.47645202195857,3431100
2022-08-17,31.51878547668457,31.71350227283329,31.16321651750235,31.65424077963625,2439300
2022-08-18,31.586515426635742,31.637309147898872,31.332533902283146,31.552650792787496,2342800
2022-08-19,30.93463706970215,31.307138369301892,30.621394037585958,31.137818422389508,3580300
2022-08-22,30.054170608520508,30.367410355670792,29.84252151972811,30.3335489558907,2880800
2022-08-23,30.155759811401367,30.46053500127376,30.1049660994284,30.24888592269667,2663800
2022-08-24,30.155759811401367,30.265818236523874,29.800190909556004,30.07956601393327,2138000
2022-08-25,30.680652618408203,30.71451401740036,30.088034537677622,30.18962519367155,2081300
2022-08-26,29.588544845581055,30.9092331635737,29.588544845581055,30.849971673895002,2578900
2022-08-29,29.148317337036133,29.647809394082277,28.987465166956948,29.385363320207418,3234600
2022-08-30,29.097515106201172,29.410758075144614,28.77581082440712,29.266835018966248,3297300
2022-08-31,28.911273956298828,29.283775281885557,28.80121549870131,29.14831996080769,4954600
2022-09-01,28.64882469177246,28.902802987028345,28.208594139557952,28.868938353125095,3911200
2022-09-02,28.504892349243164,29.33455946271079,28.352508005217157,29.01285200419323,4021200
2022-09-06,28.166263580322266,28.733481637586923,27.81069140079816,28.682687918732825,3162700
2022-09-07,28.818147659301758,28.953602979635917,27.90382182491398,28.08160632731952,2663500
2022-09-08,29.901790618896484,29.910258393128913,28.437178939120113,28.589566580207563,3540800
2022-09-09,30.257362365722656,30.435146867596014,30.028780907809953,30.138836134964183,4265100
2022-09-12,30.917701721191406,30.98542775561154,30.342015895829526,30.477471194178847,3725400
2022-09-13,29.61394500732422,30.528270772081456,29.47002515333984,30.147301703432607,4095500
2022-09-14,29.61394500732422,29.95258489712527,29.072123767250005,29.61394500732422,5347900
2022-09-15,30.291221618652344,30.765316819430357,29.656274246123793,29.66474201961607,3548700
2022-09-16,29.65627098083496,30.0626368669694,29.343031215805933,30.0626368669694,8215000
2022-09-19,30.003379821777344,30.113438274797673,29.21604479153474,29.21604479153474,3564400
2022-09-20,29.7493953704834,29.89331843004496,29.427687851618266,29.732463055857995,3833600
2022-09-21,29.0043888092041,30.240421903913095,28.995924266898324,29.893317538219627,4903800
2022-09-22,28.115467071533203,29.199112713659872,27.946147137184433,29.080586498959335,4041800
2022-09-23,27.76836395263672,27.88688694334802,27.226542721094038,27.759899408804177,4188500
2022-09-26,27.167278289794922,27.89535170206414,27.057219854810082,27.40432424560018,5717300
2022-09-27,26.727048873901367,27.5905776147813,26.464604434331616,27.345063876494944,5274000
2022-09-28,27.548250198364258,27.700637822926314,26.71011826327295,26.87943820495404,4095600
2022-09-29,27.411399841308594,27.616666054339618,26.667315936438214,27.146266627148865,5304400
2022-09-30,27.334426879882812,28.069959560537054,27.231795399180992,27.368638460982066,6166600
2022-10-03,28.07851791381836,28.335098281839187,27.189036259589532,27.796277225177977,4744900
2022-10-04,29.335765838623047,29.34432036727814,28.463389883817992,28.480495678531433,4368300
2022-10-05,29.16470718383789,29.284447730531472,28.634440670294374,28.73707216200686,2853500
2022-10-06,28.67719841003418,29.21601935505698,28.506147041858053,28.908121672186805,6097900
2022-10-07,28.30944061279297,28.454838234601,27.66798800136174,28.40352085115169,3891100
2022-10-10,28.206806182861328,28.839707462704393,28.010094460603767,28.54036098419356,3537900
2022-10-11,27.72785186767578,28.121278547727318,27.52258889447998,28.044304117129858,3732300
2022-10-12,27.55680274963379,27.984437785412855,27.402853875745613,27.650882979520606,3804800
2022-10-13,29.378520965576172,29.635104556182263,26.838369845602525,27.18903201978679,7989000
2022-10-14,29.044967651367188,30.310766826489864,28.942336167599414,29.686420134458842,5503700
2022-10-17,29.703529357910156,30.139718923870145,29.455500252764,29.746292209205187,5595300
2022-10-18,29.81471824645996,30.81538276582948,29.49826920135123,30.370641891910783,5393000
2022-10-19,28.446279525756836,29.848925103876162,28.155487587470613,29.58379022224583,10514800
2022-10-20,26.641666412353516,28.232467875584874,26.49627041305457,28.121285098618692,9696700
2022-10-21,28.241016387939453,28.24956765257775,26.44494902374832,26.62455494451838,8258000
2022-10-24,29.395627975463867,29.53247104025355,28.258120611136352,28.42062073101285,4774700
2022-10-25,30.233789443969727,30.293658075534363,29.139045023821286,29.27588807633984,4477500
2022-10-26,30.370637893676758,30.5844554051469,30.019977305369572,30.242349344352455,3485800
2022-10-27,30.233789443969727,30.93511049595179,30.16536954900831,30.77261039064717,3984900
2022-10-28,30.772615432739258,30.798272489729232,30.23379439777601,30.524586339848653,2990900
2022-10-31,30.524581909179688,30.798268019334493,30.44760748678641,30.62721664743458,3583500
2022-11-01,30.618669509887695,30.892355686085843,30.490380950005388,30.729855538529623,2581300
2022-11-02,29.686426162719727,30.87525115077578,29.64366330768254,30.567356636950002,4689600
2022-11-03,29.02785873413086,29.3699679933078,28.60877831736459,29.335756414870964,4584500
2022-11-04,30.045639038085938,30.122613476338454,29.310106242027786,29.42984353206582,5836700
2022-11-07,29.968664169311523,30.370638885436474,29.70352927189584,30.191032952959596,3281700
2022-11-08,30.028533935546875,30.225245668362042,29.70353038182782,29.925902436381687,4372000
2022-11-09,29.489707946777344,29.84892302795839,29.29299624670515,29.59233942885936,3824000
2022-11-10,31.03775405883789,31.157491356018188,30.48182716467607,30.48182716467607,7301800
2022-11-11,31.516700744628906,31.816047226403395,31.11472603067495,31.11472603067495,7378200
2022-11-14,30.832487106323242,31.627888577198473,30.823935840684367,31.439728107177405,5523300
2022-11-15,31.17459487915039,31.76473005623092,30.746959841748044,31.482492628095507,5360700
2022-11-16,30.6101131439209,31.277222679423566,30.456164287636277,31.17459119609916,3825700
2022-11-17,30.21668815612793,30.24234520996599,29.79760445539639,30.122607941927225,3456200
2022-11-18,30.4732723236084,30.858144492673727,30.03708277780227,30.78117005886066,3217900
2022-11-21,30.627225875854492,30.72130285370787,30.370642215500734,30.396302539094172,2095700
2022-11-22,31.07196617126465,31.09762323177971,30.77261966066984,30.849594104811736,3016900
2022-11-23,31.07196617126465,31.140386086837054,30.781174189239334,30.8752511653268,2837600
2022-11-25,31.200239181518555,31.362739254760523,31.114713514042798,31.251556539561058,1016400
2022-11-28,30.43906593322754,30.98643832814779,30.370642752564095,30.918018410081174,3193300
2022-11-29,30.789724349975586,30.900910379210877,30.33643222996519,30.516038172316865,2764700
2022-11-30,31.09762191772461,31.174596358613893,29.831822538453757,30.59301241913856,5602200
2022-12-01,30.59300994873047,31.23446248347786,30.13116334068923,31.097619406568935,4550900
2022-12-02,30.14826774597168,30.41340262266945,30.00287341083159,30.114056162669485,4718600
2022-12-05,28.181154251098633,29.960114602652766,28.001548288880578,29.960114602652766,5829500
2022-12-06,27.57390785217285,28.32654314722989,27.488378889600696,28.129831427208416,6216400
2022-12-07,28.19826316833496,28.531818067262023,27.496941775053116,27.69365355486658,6659000
2022-12-08,28.06995964050293,28.42062019127939,27.847590887916184,28.326539974286394,4510800
2022-12-09,28.129831314086914,28.343648825762973,27.89890800996521,28.249568598610097,4616800
2022-12-12,28.454835891723633,28.557467387575215,27.74496016080882,28.12128108325867,6366900
2022-12-13,28.17259407043457,29.22457583287906,28.044305521412344,29.044969906690163,8321500
2022-12-14,27.616674423217773,28.360758553573284,27.37719655834493,28.24957251854649,5738600
2022-12-15,27.308774948120117,27.514037948028367,26.872586995069387,27.189037654407546,6405200
2022-12-16,27.026533126831055,27.368640810705248,26.744294083722583,26.992321542794578,7307700
2022-12-19,27.06929588317871,27.437063885123013,26.75284688841206,27.0265330345772,4009900
2022-12-20,27.10350799560547,27.342982562520564,27.01798066543659,27.120612156600732,3743700
2022-12-21,27.360088348388672,27.62522160368161,27.317325498963342,27.41140409395869,3454100
2022-12-22,27.479827880859375,27.48837914589816,26.81271664825997,27.07784990951307,3871500
2022-12-23,27.71930503845215,27.804830747202303,27.454170121172012,27.650885123971353,3294400
2022-12-27,28.052858352661133,28.069964146005137,27.573909189414923,27.762066391006016,3656800
2022-12-28,27.984437942504883,28.241018312893367,27.82193453993492,28.17259514073835,4185600
2022-12-29,28.347307205200195,28.442342646452516,27.99307400976554,28.226346715191475,3012300
2022-12-30,28.347307205200195,28.50282453937505,28.10538952101911,28.21770832810903,4620700
2023-01-03,28.200429916381836,28.86569781928605,28.079472715096806,28.675620333931548,5347800
2023-01-04,28.908897399902344,29.02985460558481,28.44234535298141,28.54602578285495,5727800
2023-01-05,28.623781204223633,28.88297565777647,28.364586750670792,28.80521699212699,5021300
2023-01-06,29.781522750854492,29.88519988440382,28.71018138472258,28.89161719239307,7190500
2023-01-09,29.565528869628906,29.997520801466443,29.5050502628386,29.91976212190221,3607400
2023-01-10,29.77288246154785,29.772882461547848,29.28041193432818,29.617365106021975,2802900
2023-01-11,29.65192413330078,30.01479904779805,29.63464406157837,30.01479904779805,5001400
2023-01-12,30.153038024902344,30.31719377176061,29.66056748849068,29.772883017260455,4210200
2023-01-13,29.92839813232422,29.99751841792778,29.029854194497666,29.660565265201978,4618800
2023-01-17,29.47048568725586,29.937037694508657,29.392727019380395,29.91111594132591,4747800
2023-01-18,28.26955223083496,29.20265306193445,28.243630474528878,29.185372989675987,8835100
2023-01-19,29.06441307067871,29.34088760937101,27.509242966575417,27.95851491590952,10245300
2023-01-20,29.902481079101562,29.971598072118258,29.05577731566721,29.05577731566721,6921500
2023-01-23,30.680065155029297,30.801025662893764,29.962960271221142,30.02343887723496,5919600
2023-01-24,30.369035720825195,30.870144674228744,30.369035720825195,30.67142877065173,6585800
2023-01-25,30.896059036254883,30.956540934029988,30.118475598830102,30.187592588544106,5329500
2023-01-26,31.120698928833008,31.336694893112107,30.80102582453426,31.103418856190256,5715200
2023-01-27,31.18981170654297,31.37125079684192,30.982457454539045,31.086134580541007,3644200
2023-01-30,30.930620193481445,31.241654896987207,30.878783273454967,30.921981805422607,3918700
2023-01-31,31.353979110717773,31.37989757518986,30.809668285942806,30.999745814304255,11324700
2023-02-01,31.777318954467773,32.01059494546748,30.870136742248604,30.930615336674133,5609300
2023-02-02,32.7017822265625,32.88322131117163,31.837798513355178,32.01923759796431,6805900
2023-02-03,32.52035140991211,32.85730458224681,32.33027390927743,32.33027390927743,4966600
2023-02-06,32.17475891113281,32.39075486616077,31.976039732170783,32.269794362842276,3962400
2023-02-07,32.65858459472656,32.75362333311669,31.950118194155564,32.17475581141158,5427500
2023-02-08,32.554908752441406,32.60674896519857,32.131555254515916,32.29571428032866,4917000
2023-02-09,32.19203186035156,32.805462804544895,32.10563480694557,32.67586392859958,3458200
2023-02-10,32.11427307128906,32.20067342020137,31.86372029903415,32.04515608799553,3994500
2023-02-13,32.356197357177734,32.40803428127012,31.889645265324372,31.967403947299932,2689100
2023-02-14,32.13155746459961,32.382113566404925,31.837802830443625,32.330273350082074,3047100
2023-02-15,32.053802490234375,32.31300030594912,31.72549096978007,31.855086581800304,2656800
2023-02-16,31.67364501953125,31.958761246921508,31.405808863119486,31.682283407102226,3508900
2023-02-17,31.9242000579834,32.01059711420584,31.466286431662457,31.604526994956654,3003300
2023-02-21,31.155256271362305,31.656365149574423,30.965178785228453,31.561326406507497,4290800
2023-02-22,31.04293441772461,31.27621041082016,30.82693849402535,31.250288658807605,3799600
2023-02-23,31.14661979675293,31.449016147613648,30.766468056746522,31.233020166643325,4656900
2023-02-24,31.371253967285156,31.405810815553924,30.680064268521924,30.818301549107222,3728300
2023-02-27,31.163896560668945,31.777324290468744,31.077499495792292,31.72548736987746,4663100
2023-02-28,31.362611770629883,31.647728011084197,31.26757302381178,31.440370445677726,5627400
2023-03-01,31.26757049560547,31.483566431513914,31.051574559697023,31.276212178710203,3807600
2023-03-02,30.775100708007812,31.068855319192373,30.351750509905543,31.06021693173246,4992500
2023-03-03,31.302127838134766,31.345326362287487,30.79237734312592,30.95653634907685,4431900
2023-03-06,31.241655349731445,31.6822856555256,31.241655349731445,31.397172703738036,4273000
2023-03-07,29.626007080078125,31.397173317749733,29.539606717364368,31.397173317749733,5971500
2023-03-08,29.10761260986328,29.798802276425445,28.995297090508032,29.669203389985892,6381500
2023-03-09,27.379648208618164,28.84841974022818,27.31916960379965,28.822501279830757,6313800
2023-03-10,26.239192962646484,27.24141420044001,25.48752621034205,26.550226060221952,16480000
2023-03-13,22.679574966430664,24.036029281708345,19.102682527630325,23.077006727222553,48287400
2023-03-14,22.791893005371094,25.573922028653943,21.53911742440416,25.185128640953423,41568400
2023-03-15,21.953828811645508,22.092066091498644,21.012086312697043,21.58231550407082,37870100
2023-03-16,22.86100959777832,23.223882844469323,20.588733024204416,21.798309963868334,37607400
2023-03-17,21.556394577026367,22.41173826619725,21.305838506018464,22.30805949421373,29977200
2023-03-20,22.645017623901367,23.526281612808926,22.117988556271918,22.195747240464854,22426200
2023-03-21,23.664514541625977,23.854592022550353,22.79189075060637,23.63859608362228,16433000
2023-03-22,22.377180099487305,23.699075907273752,22.32534153288342,23.638597304916168,10570600
2023-03-23,21.89335060119629,22.861011577560344,21.685994677689706,22.765974475902155,10006700
2023-03-24,22.014310836791992,22.152548138128314,21.349042794161807,21.54776035676156,11000000
2023-03-27,22.68821907043457,23.388045619180122,22.385824353743477,22.90421506122555,9563400
2023-03-28,22.757335662841797,22.904212989209235,22.411742438423847,22.549979728191026,5926400
2023-03-29,23.353483200073242,23.40532176775005,22.921491290957025,23.111567137717554,7051100
2023-03-30,23.02111053466797,23.948252067916062,22.951137620239546,23.799559416219925,7973300
2023-03-31,23.301002502441406,23.414709532579334,22.977378394510776,23.26601687890459,7367200
2023-04-03,23.09108543395996,23.642123642200087,22.863673025448197,23.56340389816578,8099900
2023-04-04,22.400102615356445,23.266018114525263,22.07647682195267,23.20479201886979,9332300
2023-04-05,22.540048599243164,22.627515165724787,21.84906455915292,21.962771596064833,7879200
2023-04-06,22.81119155883789,23.34473606859417,22.74996546787291,23.169802950163497,8396400
2023-04-10,22.994873046875,23.143564038771842,22.548795066326562,22.741220174915977,7407700
2023-04-11,23.204792022705078,23.379723486280202,22.94239232491341,23.108578633352867,5048200
2023-04-12,23.082334518432617,23.47593316882867,22.94238870235529,23.3272405307108,4466800
2023-04-13,23.239774703979492,23.39721416905211,22.758711154733852,23.35348172577006,5105500
2023-04-14,23.12607192993164,23.747081368889486,22.986126093876745,23.703348920729567,5790800
2023-04-17,23.895771026611328,23.92201149318271,22.671244280804647,23.029855649184768,8611000
2023-04-18,23.764572143554688,24.026970137375717,23.432201240162332,24.026970137375717,6875600
2023-04-19,24.50803565979004,24.63923465835666,23.624626622622316,23.82579853164352,7984200
2023-04-20,24.350601196289062,24.647986543881295,24.05321584869683,24.08820314525409,10302600
2023-04-21,24.035720825195312,24.473051997422093,23.860789357276214,24.473051997422093,8428600
2023-04-24,23.668363571166992,24.06196231007157,23.607137471400968,23.9919893862981,5078700
2023-04-25,22.443832397460938,23.3534819056489,22.330127043080335,23.187295616982677,9259100
2023-04-26,22.373859405517578,22.881163423770683,22.172687496343332,22.470072783072993,6691000
2023-04-27,22.601272583007812,22.93364350263182,22.487565556722817,22.513806024700703,5741400
2023-04-28,22.91615104675293,23.082335668949494,22.303886819682617,22.41759217530583,6460200
2023-05-01,22.583782196044922,23.152312404639098,22.45258317379797,22.872420712302645,7371400
2023-05-02,21.437971115112305,22.487564773377947,20.939413918900403,22.43508550753611,12006600
2023-05-03,20.956907272338867,22.023996313714694,20.869442379617347,21.534185907673432,8887800
2023-05-04,20.327152252197266,20.720750966137143,19.644915037463473,20.265926156314617,18801200
2023-05-05,21.79658317565918,21.892796556299654,20.956906554355577,21.446718611901776,12580600
2023-05-08,21.350505828857422,22.41759319525651,21.20181317656292,22.35636710342099,9239100
2023-05-09,21.577917098999023,21.700369276315687,20.904426787185788,21.088106721446575,5738700
2023-05-10,21.201814651489258,21.945277964681566,20.93066979666124,21.945277964681566,7405200
2023-05-11,20.694507598876953,20.843200240185634,20.239682852722662,20.808214619558406,11100700
2023-05-12,20.659526824951172,20.94816535305456,20.362141472567544,20.87819242709877,8802700
2023-05-15,21.1843204498291,21.24554821260668,20.668269555848344,20.781976589863604,5536100
2023-05-16,20.799470901489258,21.324266967219735,20.78197725442197,21.17557430371983,5322000
2023-05-17,22.10271644592285,22.172689362319343,21.333012697275528,21.35925316653143,8862700
2023-05-18,22.01524543762207,22.146444420835575,21.65663410497188,22.10271198252627,6754500
2023-05-19,21.954023361206055,22.207674552581423,21.411732018511646,22.050235076693177,7803000
2023-05-22,22.260154724121094,22.408847371978542,21.857809225330296,22.155194521045196,7438100
2023-05-23,22.67124366760254,23.134815221443944,22.312632308921984,22.478818589474294,6241100
2023-05-24,22.17268943786621,22.461327927520927,21.84906365575108,22.312635271136017,6580900
2023-05-25,21.910287857055664,22.23391361122184,21.63039621468804,21.927781501775087,5896900
2023-05-26,22.093965530395508,22.172685255296127,21.586661563416847,21.910285616198856,5100900
2023-05-30,22.260154724121094,22.26889987844874,21.586664397455824,22.216420611053707,5067100
2023-05-31,21.228050231933594,22.006498991451586,21.193062946061247,21.954019730928678,9193400
2023-06-01,21.682878494262695,21.945276508192617,21.009388145347103,21.394238343339538,6965600
2023-06-02,22.69748306274414,22.846175692374338,21.96276673613443,22.260151995394818,6776000
2023-06-05,22.295141220092773,22.88991183483316,22.08522247399956,22.872418188920584,4557700
2023-06-06,23.42345428466797,23.554653280832056,22.172687073446443,22.29513924742816,6517400
2023-06-07,23.720840454101562,23.85203945517922,23.143561846445397,23.607133429757994,5193200
2023-06-08,23.589643478393555,23.738336147773346,23.187299589651804,23.685856872782264,4532400
2023-06-09,23.099830627441406,23.580894213004644,23.073590158519703,23.484682496863538,4778700
2023-06-12,22.67124366760254,23.66835801434498,22.242659401576653,22.994869406753274,8789800
2023-06-13,23.301002502441406,23.46718880202751,22.531300433486535,22.74121917956514,5985200
2023-06-14,22.69748306274414,23.580890350698425,22.496309503866378,23.056094404507736,9039800
2023-06-15,23.405963897705078,23.580895360840444,22.478822305058284,22.575034025882644,6201600
2023-06-16,23.213539123535156,23.493430803228932,23.038605989583544,23.353484963382044,11161400
2023-06-20,23.344738006591797,23.40596410263955,22.723726886066036,23.02111221111454,5087800
2023-06-21,23.178552627563477,23.519670415400608,23.021113135242935,23.519670415400608,4742900
2023-06-22,22.42633628845215,23.222278686514112,22.40884431389811,23.222278686514112,5574900
2023-06-23,22.338871002197266,22.43508269948415,22.058977726739712,22.181431556091635,4680100
2023-06-26,22.706233978271484,22.837434666400224,22.48756838910499,22.505062036626963,5419600
2023-06-27,22.89866065979004,23.047353326475143,22.35636926708964,22.688741895343895,3801700
2023-06-28,23.029857635498047,23.073590081936498,22.47007431331357,22.767459620295547,4977600
2023-06-29,23.251300811767578,23.579034176096044,23.1361522558719,23.525887129257622,4620300
2023-06-30,23.21586799621582,23.55245918064706,23.171580482745558,23.525885658888694,3912400
2023-07-03,23.703039169311523,23.818187718387495,23.33101831077788,23.37530582439317,2272700
2023-07-05,23.50817108154297,23.74732601356906,23.21586741786384,23.472739720081147,3435000
2023-07-06,23.31329917907715,23.357588375597796,22.64897643640834,23.31329917907715,5113200
2023-07-07,23.60560417175293,23.92447967010902,23.304444354296695,23.304444354296695,5960400
2023-07-10,23.623321533203125,23.75618577048328,23.375307051342514,23.57903401726322,5470900
2023-07-11,23.968767166137695,24.066201721558436,23.61446199568997,23.80932941707114,4963100
2023-07-12,24.08391761779785,24.757098292398087,23.86247667310542,24.358503916167574,6974500
2023-07-13,24.28764533996582,24.57108950755017,24.07506221427756,24.252213974287525,5554600
2023-07-14,23.897905349731445,24.55337031596765,23.75618328619174,24.535656325120385,5171100
2023-07-17,24.19020652770996,24.26106755716783,23.747324671233237,23.880188890284213,4547200
2023-07-18,24.739383697509766,24.774813371696684,24.03962947061872,24.137064031188462,5588200
2023-07-19,25.244266510009766,25.33284322162115,24.62423121819034,24.801384641413105,8086300
2023-07-20,25.91744613647461,26.0857417129893,25.261981199395507,25.864300787376354,8613900
2023-07-21,25.005111694335938,25.99716789472235,24.99625385359155,25.97059437248919,6345200
2023-07-24,25.385990142822266,25.58085756885085,25.11140384035918,25.199980557448665,4800400
2023-07-25,24.827960968017578,25.660577758677878,24.792529603584146,25.43027895824191,5008800
2023-07-26,25.27083969116211,25.554283812946128,25.14683162078643,25.191120820727825,4609800
2023-07-27,25.3062686920166,25.70486303364067,25.235407663445677,25.29741085226271,4462400
2023-07-28,25.554283142089844,25.704863039017077,25.332842216576864,25.62514417067559,3366900
2023-07-31,25.775728225708008,25.802300059801578,25.456852700901493,25.660577979767673,4394800
2023-08-01,25.51885223388672,25.802296353237068,25.111401734685643,25.696005653210793,4257400
2023-08-02,25.129117965698242,25.25312434826895,24.68623609713399,25.16454763666405,4676900
2023-08-03,25.22654914855957,25.447990068099863,24.739379801354985,24.960820720895278,4886600
2023-08-04,25.21769142150879,25.563140406365175,25.07596936752776,25.235407100621455,2987000
2023-08-07,25.315128326416016,25.518853586817436,25.182264099609014,25.359415838864912,3204100
2023-08-08,24.845672607421875,24.872246128229936,24.083916928320566,24.128204440207053,4545200
2023-08-09,24.35849952697754,24.819097014412613,24.331926010197044,24.6596592926497,3203800
2023-08-10,24.544511795043945,24.739380894101323,24.296499035458506,24.553369634952027,3671200
2023-08-11,24.615375518798828,24.783669415539382,24.314215707475338,24.36736105963234,3541100
2023-08-14,23.729610443115234,24.35850186206773,23.525883507188198,24.35850186206773,5567900
2023-08-15,22.905855178833008,23.39302465196653,22.834994133841576,23.304447923362098,6929100
2023-08-16,22.799556732177734,22.905849116262395,22.569257974544406,22.87041775841413,4463000
2023-08-17,22.826133728027344,23.091862194531394,22.746414850184053,22.843849409650385,4020800
2023-08-18,22.666696548461914,22.879279664960475,22.498400947686225,22.764131110404747,3801200
2023-08-21,22.74641227722168,22.852702976016065,22.498397830934458,22.78184194699974,3475400
2023-08-22,22.03780174255371,22.83499048308195,21.931511036790152,22.68441057536665,7319500
2023-08-23,22.524974822998047,22.524974822998047,21.869509781180156,22.03780369512687,3874700
2023-08-24,22.781843185424805,22.976712292907955,22.40982234050095,22.436395861374184,4813700
2023-08-25,22.516115188598633,23.029858109619422,22.374393120003955,22.888136041024744,3358100
2023-08-28,22.852705001831055,23.003284913021663,22.65783757712688,22.71984077183001,2213300
2023-08-29,23.42845344543457,23.43730959680759,22.719841383905017,22.834991625279,4381300
2023-08-30,23.37530517578125,23.472739730383726,23.180437756036604,23.269014470269735,7771900
2023-08-31,23.51702880859375,23.605605528724546,23.393022414086886,23.47274129325856,5662500
2023-09-01,23.95990753173828,24.083915599205337,23.70303693594403,23.71189477572455,5152600
2023-09-05,23.977624893188477,24.15477832230472,23.76504179192517,23.827044985277762,5116300
2023-09-06,23.56131935119629,23.968769921688324,23.322162700102,23.827047837216266,6317400
2023-09-07,23.109577178955078,23.676465458106648,22.950139428078618,23.437308831791952,8314400
2023-09-08,23.393020629882812,23.446165982123684,22.905851240510856,23.136150019501688,6073600
2023-09-11,23.47273826599121,23.924477959883248,23.33101620784393,23.552457134881582,5069800
2023-09-12,24.331928253173828,24.411647121403966,23.481595911332615,23.534741260332645,7993200
2023-09-13,24.137062072753906,25.146832202326234,23.915621136306623,24.97853830703769,9180300
2023-09-14,24.376220703125,24.7128102109655,24.199067263549743,24.34964718035059,5508600
2023-09-15,24.305356979370117,24.544511900070827,24.0573425292632,24.199064589478517,7629500
2023-09-18,24.03076934814453,24.314215162030624,23.844759775037662,24.296499481888947,4866300
2023-09-19,23.835899353027344,24.11934344675011,23.729608662611337,24.075055940653453,5554700
2023-09-20,23.747323989868164,24.269924700672906,23.7207521604965,24.04848377878819,4885300
2023-09-21,23.36644744873047,23.933337408895532,23.36644744873047,23.605604071481654,5420700
2023-09-22,22.764131546020508,23.45502626549672,22.746415863608178,23.43731058308439,5692000
2023-09-25,22.950138092041016,22.958995932069644,22.622406458282974,22.764128519820545,3379000
2023-09-26,22.392108917236328,23.003284707677384,22.374393236204906,22.657837374866325,4788200
2023-09-27,22.020090103149414,22.524975233102737,21.887224172563393,22.50725955042987,5211900
2023-09-28,22.487262725830078,22.693897164152265,22.02907220155981,22.038056531084987,4934500
2023-09-29,22.75678825378418,23.071232967319137,22.62202672329372,22.71186831481597,4031400
2023-10-02,22.011106491088867,22.783741797899058,21.885329288058696,22.783741797899058,5098000
2023-10-03,21.507991790771484,21.89430936919396,21.373230283169246,21.840403395284632,4802700
2023-10-04,21.579862594604492,21.633766849646577,21.18456072593001,21.570878266499918,3491500
2023-10-05,21.840402603149414,21.89430857510361,21.364245179319013,21.472053696056452,3979500
2023-10-06,21.714628219604492,21.885327058891384,21.16659609607514,21.615802305240656,6454200
2023-10-09,21.867359161376953,21.95720074905832,21.4361215968093,21.552914461285045,3596900
2023-10-10,22.451326370239258,22.675929477240754,22.100946071664353,22.100946071664353,5157600
2023-10-11,22.451326370239258,22.864596978186583,22.30758051884516,22.514214966025964,3358300
2023-10-12,22.011106491088867,22.53218567825284,21.840407634415154,22.505232686066716,5517700
2023-10-13,21.804468154907227,22.370467181667006,21.714626577152426,22.244690000961626,5178900
2023-10-16,22.181798934936523,22.280623117210194,21.768528408823077,22.136877294279966,4784100
2023-10-17,22.738815307617188,22.891545470347157,21.984148822785038,21.984148822785038,5028000
2023-10-18,22.136878967285156,22.63100677033897,22.06500605038821,22.48726093654508,5349700
2023-10-19,22.388437271118164,22.990373652892934,22.02008832100375,22.23570709324738,9930100
2023-10-20,20.924022674560547,22.442338183155464,20.861132375997105,22.370465269811238,11661000
2023-10-23,20.68145179748535,21.22049952646374,20.65449881128151,20.870117560155766,6052500
2023-10-24,20.64551544189453,21.13964326374628,20.519738260936357,20.82519859776527,6391800
2023-10-25,20.69043731689453,20.762310237322026,20.205293818819733,20.483801171278085,5967700
2023-10-26,21.193552017211914,21.400186490751153,20.73536141485147,20.753330076964257,5424000
2023-10-27,20.564659118652344,21.238468413114983,20.447866261589837,21.238468413114983,4228700
2023-10-30,21.004878997802734,21.05878497004052,20.60059448753225,20.798244578314343,3576000
2023-10-31,21.30135726928711,21.409167511709214,20.816215462351806,21.01386557427572,4335300
2023-11-01,21.247453689575195,21.409168201626823,20.99589930512664,21.247453689575195,4281400
2023-11-02,22.505231857299805,22.532184848493372,21.579868102936196,21.615803710941808,5017800
2023-11-03,23.771989822387695,23.960657305872097,23.04427630285771,23.179037811869105,9013900
2023-11-06,23.466533660888672,23.90675555037272,23.205993231054954,23.763009697218163,5087200
2023-11-07,23.502470016479492,23.610280266574517,23.197009640393677,23.349739828436586,4517200
2023-11-08,22.900531768798828,23.574341065810277,22.80170585688974,23.574341065810277,6622500
2023-11-09,22.29859161376953,23.1610682587592,22.262656015087035,23.017322436858485,4971800
2023-11-10,22.514217376708984,22.559139031070647,22.136884048000525,22.36148717905113,3917900
2023-11-13,22.559133529663086,22.61303778816576,22.190784621654764,22.334530453385547,3413800
2023-11-14,23.96964454650879,24.31104052504557,23.313803866359905,23.331770813114435,5776500
2023-11-15,24.5356388092041,24.634464708038106,23.9247181865674,23.9247181865674,5320100
2023-11-16,24.37392807006836,24.652437152558285,24.167293625835722,24.53564257897588,3411200
2023-11-17,24.760244369506836,24.832117290366348,24.35595983226669,24.66142017431601,4667700
2023-11-20,24.859071731567383,24.921960326797777,24.47275411676843,24.706341551613978,3803200
2023-11-21,24.580564498901367,24.83211888123265,24.49072291367489,24.598531445078095,3425400
2023-11-22,24.427837371826172,24.75126472005328,24.293075833932715,24.697360447613082,2256600
2023-11-24,24.48173713684082,24.634467308623254,24.302053977007745,24.49970579554125,1000800
2023-11-27,24.427837371826172,24.427837371826172,24.185265575466396,24.337995775368558,2735700
2023-11-28,24.643451690673828,24.679387294565927,24.158308186238404,24.39189560908669,3930200
2023-11-29,25.52389907836914,25.65866061112956,24.841105370319035,24.86805836230546,5331300
2023-11-30,26.0090389251709,26.197704701280017,25.416086895134217,25.622721329992476,7949000
2023-12-01,27.473447799682617,27.53633638590057,25.847322032217445,26.00903651882672,8986900
2023-12-04,27.545324325561523,27.698054503649967,27.042213856276046,27.221895309942305,6002800
2023-12-05,27.051193237304688,27.482430703516783,26.970335998191747,27.428526448636614,5290400
2023-12-06,27.185958862304688,27.98554533327124,27.123070269790773,27.392593298732013,5015800
2023-12-07,27.680084228515625,27.74297281930728,27.132053856198645,27.311735299376863,4949100
2023-12-08,28.075387954711914,28.3089753881254,27.599228758109152,27.841800521298428,5397300
2023-12-11,27.751956939697266,28.093354592262678,27.707037007637087,27.940624424238273,5505900
2023-12-12,27.428529739379883,27.85976725732979,27.401576751913424,27.74297269189404,5637000
2023-12-13,29.063640594482422,29.126529190094633,27.37462598849538,27.446498913993004,6495500
2023-12-14,31.57021713256836,31.579203177476444,29.827297982144895,29.86323530743329,13105600
2023-12-15,31.471384048461914,31.75887573108097,30.94132061603843,31.507321365582094,17104200
2023-12-18,31.489351272583008,31.767860326820653,31.192876987774838,31.678017038112845,7848700
2023-12-19,31.55223846435547,31.98347594955004,31.399510021069652,31.660050406032276,7580600
2023-12-20,30.55500030517578,31.7409076743839,30.537035075385997,31.7409076743839,7053100
2023-12-21,30.90538787841797,31.183893528555657,30.63586141713833,30.797575923037584,4789800
2023-12-22,30.96827507019043,31.462401181548266,30.851480504068018,31.103034867558296,3450600
2023-12-26,31.40850257873535,31.489359847003954,30.842505128027096,31.058122225295392,2683000
2023-12-27,31.507326126098633,31.59716600530201,31.103039815340008,31.309674279245147,3142000
2023-12-28,31.579917907714844,31.634367289451106,31.398423430313187,31.461945978145884,3929000
2023-12-29,31.29861068725586,31.73419543852873,31.235084665666175,31.534551129383708,4063100
