Date,Close,High,Low,Open,Volume
2008-01-02,18.35909080505371,18.814888425609215,18.17889246670826,18.443890895237967,837800
2008-01-03,17.85030174255371,18.49689747660491,17.818501863970717,18.49689747660491,1218300
2008-01-04,17.46869468688965,17.659493865409285,17.288496361299956,17.58529463415774,1156800
2008-01-07,17.65949821472168,18.00929679482534,17.47929984475139,17.585298965195793,797067
2008-01-08,17.19310760498047,17.95630345207772,17.140107350491473,17.87150466231828,941767
2008-01-09,16.853904724121094,17.193102477709317,16.18610872554051,17.150703095473805,2104333
2008-01-10,17.065902709960938,17.45810069595432,16.398106722070384,16.652505707115182,1294867
2008-01-11,17.171894073486328,17.47929315737527,16.641897326183027,16.853896833815206,1199300
2008-01-14,16.769107818603516,17.35210516420136,16.48291024896833,17.1719053964992,990633
2008-01-15,16.525310516357422,16.72670931599407,16.408710501908633,16.504110146134263,1066000
2008-01-16,16.6101016998291,16.92810036838048,16.270904018608817,16.419303846550047,993667
2008-01-17,16.058900833129883,16.853895910533826,16.058900833129883,16.716096979440024,1243500
2008-01-18,15.963505744934082,16.270903550454637,15.687907805353706,16.154304940575145,1334400
2008-01-22,16.8009033203125,16.917503298189146,15.306312058601431,15.306312058601431,1739300
2008-01-23,18.041093826293945,18.348491631557593,16.292103896749385,16.408702506531434,2546433
2008-01-24,18.41210174560547,18.486301025292804,17.797304440554377,18.136503650851097,1674900
2008-01-25,18.3378963470459,19.04809171880582,17.945698359775417,18.54989460337219,2078567
2008-01-28,18.846691131591797,18.846691131591797,18.094095103734816,18.34849406477986,1095667
2008-01-29,18.708887100219727,18.878485912579745,18.284889395393908,18.496887573881043,1632367
2008-01-30,19.05869483947754,19.37669363208961,18.369699701905212,18.634698246464506,2275333
2008-01-31,19.662885665893555,19.896084249601348,18.549891629012098,18.78309021271989,2314900
2008-02-01,19.67348861694336,19.800688111753452,19.154091129086172,19.67348861694336,1227767
2008-02-04,18.93210220336914,19.200718860360748,18.856889867312685,19.082526875482056,1049333
2008-02-05,18.770938873291016,18.889130901851143,18.5130663500729,18.631258378633028,1632400
2008-02-06,18.68497657775879,19.093275100269548,18.641998289272713,18.910614983257204,861533
2008-02-07,18.942848205566406,19.1362525446049,18.53455106732187,18.609763410418477,1451700
2008-02-08,18.599016189575195,18.942845159518505,18.24444162502093,18.942845159518505,1181033
2008-02-11,18.72795295715332,18.94284572825608,18.34114432966245,18.57752692437745,950100
2008-02-12,18.975080490112305,19.22220732274718,18.68497400864574,18.792421764470003,1024167
2008-02-13,18.93210220336914,19.17922903594963,18.64199572196642,19.17922903594963,724233
2008-02-14,18.71721076965332,19.050295581878515,18.69572230838406,18.921360715497457,588033
2008-02-15,18.749446868896484,18.95359547070928,18.480830143747507,18.64200045208796,789567
2008-02-19,18.54529571533203,19.01806097724337,18.459339140214585,18.921360171800025,904167
2008-02-20,18.878385543823242,18.878385543823242,18.362641857050985,18.416364389237717,805800
2008-02-21,18.5560359954834,19.018055528441995,18.502312126735898,18.964333025949234,570533
2008-02-22,18.470083236694336,18.65274334844171,18.158488263205136,18.57752963794008,1344267
2008-02-25,18.4593448638916,18.545301465661556,18.051047589845442,18.276684694183235,1452800
2008-02-26,18.42710304260254,18.631251593720613,18.276677003420552,18.276677003420552,1149700
2008-02-27,18.513065338134766,18.652747191413113,18.1907260679869,18.308916723831164,1075733
2008-02-28,18.008054733276367,18.577521926372448,17.99731050748828,18.384119030914093,1015800
2008-02-29,17.546039581298828,17.997314936770167,17.449337426643208,17.986570708337837,1082167
2008-03-03,17.438594818115234,17.728701331759506,17.298914359556736,17.51380852878568,1317400
2008-03-04,17.331148147583008,17.470828603973136,17.051787234802756,17.234445977869438,1389633
2008-03-05,17.191465377807617,17.631996514163347,17.137741502000004,17.384869691209133,1180233
2008-03-06,16.901363372802734,17.1484916272996,16.815406788307953,17.127001798048266,1221000
2008-03-07,17.11624526977539,17.320393719103805,16.740182408710115,16.750926632489204,1677733
2008-03-10,17.105514526367188,17.53530161186752,16.97657963034702,17.16998265750501,1415733
2008-03-11,18.018808364868164,18.6957222166311,17.39561703226989,17.470829378853516,1471933
2008-03-12,17.44933319091797,18.362629274850494,17.438587598839185,18.09401269920831,1028333
2008-03-13,18.13699722290039,18.362635606797486,16.933594330455904,17.406359557308377,2030767
2008-03-14,18.244449615478516,18.534556204443515,17.846897963385633,18.319663345676798,2157067
2008-03-17,18.362634658813477,18.62050708424017,17.739443419450616,17.814657121036706,1149667
2008-03-18,19.609020233154297,19.609020233154297,18.58827726067029,18.63125555260244,1965667
2008-03-19,19.254436492919922,19.866883354020143,19.211458221243376,19.662734855738275,1719800
2008-03-20,20.39337921142578,20.414869039108286,19.189977552564276,19.189977552564276,1591533
2008-03-24,19.823917388916016,20.629767711493994,19.78093908759675,20.382640771088752,1704567
2008-03-25,20.0925235748291,20.275183650125733,19.662738055611992,19.86688658711657,1477333
2008-03-26,19.5875301361084,20.028061379588582,19.45859526207574,19.823912787884478,860967
2008-03-27,19.65199851989746,20.028061648278836,19.351147743941308,19.555296338384203,910667
2008-03-28,19.40485954284668,19.80241225261085,19.32964723728438,19.641242050509913,732500
2008-03-31,19.57677459716797,20.049539627648073,19.23294573250143,19.4048601648347,1607467
2008-04-01,20.060298919677734,20.318171444988714,19.1255137479364,19.70572556363062,2409133
2008-04-02,20.178491592407227,20.576044626182238,19.899130591919068,20.060299559120374,1164533
2008-04-03,20.1140079498291,20.350390467881134,19.877625431777066,20.1140079498291,840867
2008-04-04,19.81317138671875,20.31817082247683,19.74870325736619,20.08178813693593,877400
2008-04-07,20.178491592407227,20.264449559002713,19.899130591919068,19.985087192259027,632900
2008-04-08,20.189226150512695,20.25369425300009,19.823907358502407,20.071035540122384,989567
2008-04-09,19.598276138305664,20.24295598680145,19.53380801683056,20.178487865326343,954633
2008-04-10,19.43709945678711,19.641247985719943,19.2759292059836,19.555290063206463,1012967
2008-04-11,19.20072364807129,19.72721286425679,19.20072364807129,19.2222121115856,920367
2008-04-14,18.54529571533203,19.179231263407495,18.49157319744741,19.157742802755696,1237400
2008-04-15,19.082529067993164,19.10401889487338,18.695721747935124,18.813912380138508,808167
2008-04-16,19.694978713989258,19.93136137536873,19.222212024975008,19.222212024975008,956700
2008-04-17,19.931354522705078,20.10326900221501,19.157738681782966,19.576779969415647,1421367
2008-04-18,19.78093910217285,20.199981980675076,19.662748431893885,20.199981980675076,1241800
2008-04-21,19.53380012512207,19.791671140586626,19.43709798197734,19.66273631598171,582567
2008-04-22,20.242956161499023,20.36114680771986,19.25444586785336,19.469340063376688,1360800
2008-04-23,19.598276138305664,20.414870521983307,19.5123181875871,20.275190047539002,837467
2008-04-24,20.640512466430664,20.715724832223852,19.61976794653758,19.65200201277116,1718800
2008-04-25,20.619020462036133,20.769446544035933,20.328913896486394,20.640510292680492,1028500
2008-04-28,20.167734146118164,20.683477509037296,20.11401028141102,20.683477509037296,1706400
2008-04-29,20.210716247558594,20.371886505963147,19.90986555395506,20.156992372672114,1198767
2008-04-30,20.060298919677734,20.414873641980332,19.909874190749985,20.210725014860966,793533
2008-05-01,20.72646141052246,20.96284402017896,19.985079527224574,19.985079527224574,1284967
2008-05-02,20.350404739379883,20.952106364797583,20.167745951710963,20.86614840419987,1589733
2008-05-05,20.295955657958984,20.404840651433652,19.958416885590218,20.306844988024576,680433
2008-05-06,20.48105812072754,20.51372334039896,20.089075484670484,20.132630033919142,993700
2008-05-07,20.089086532592773,20.53551190845564,20.067310630523007,20.470181433184532,1113367
2008-05-08,20.33951187133789,20.535503214172763,20.001971686854603,20.208850976114643,1341000
2008-05-09,20.524616241455078,20.677054431573822,20.274183753189867,20.274183753189867,811100
2008-05-12,20.687944412231445,20.720609643000405,20.470177130125467,20.557283489155612,955733
2008-05-13,20.720605850219727,20.720605850219727,20.37217770881556,20.677052678676795,1377533
2008-05-14,20.807716369628906,20.89482272440192,20.655278171980317,20.742385911283876,1793433
2008-05-15,21.156145095825195,21.22147555583171,20.742386438804314,20.840380744283507,889333
2008-05-16,21.439228057861328,21.471893265353163,21.036357626971895,21.16701845693924,1825667
2008-05-19,21.439228057861328,21.667884510304177,21.23234887192291,21.406562850369493,986600
2008-05-20,21.297693252563477,21.635233489806406,21.05814870205532,21.221474846613276,1962300
2008-05-21,21.50457000732422,21.711449304227187,21.188807088556064,21.39568638545903,1818767
2008-05-22,21.98365592956543,21.994543874846794,21.504566953762996,21.504566953762996,1793400
2008-05-23,22.059873580932617,22.19053445807826,21.65700300457693,21.950989978154624,1390133
2008-05-27,22.419193267822266,22.451858490423017,21.994545374012485,22.05987581921399,1205200
2008-05-28,21.842098236083984,22.47362372758123,21.733214673880628,22.440959904996873,1626533
2008-05-29,22.255874633789062,22.430088751360064,21.83122798180926,21.84211593149159,1294267
2008-05-30,22.342985153198242,22.40831562844834,21.885671826447574,22.255877391354478,1239567
2008-06-02,22.310314178466797,22.538969398512442,22.048992344665432,22.244983720016457,980467
2008-06-03,21.755002975463867,22.48452588931488,21.580788899574323,22.353864986265123,1402700
2008-06-04,22.157869338989258,22.37563793006012,21.559008828737195,21.722333541377672,1517733
2008-06-05,22.321197509765625,22.538964736536602,22.157871397422266,22.212313896380138,1237567
2008-06-06,21.700557708740234,22.20142256201242,21.646115214696234,21.961878080373072,975300
2008-06-09,21.493677139282227,22.081649670355738,21.39568148668163,21.65700184241983,1066200
2008-06-10,21.50457000732422,21.84211020427756,21.177917757198284,21.39568638545903,1653533
2008-06-11,21.12346649169922,21.787657235198612,20.99280565441286,21.53722488675289,1331200
2008-06-12,21.254138946533203,21.755003917198273,21.090812810650917,21.275914841630534,1623533
2008-06-13,21.798555374145508,21.798555374145508,21.11258570106515,21.461015202870023,1548867
2008-06-16,21.820337295532227,21.950998221746957,21.188811331535234,21.678788420309818,1169000
2008-06-17,21.78766632080078,22.21231421906246,21.678782705833523,21.94010448937917,1471700
2008-06-18,21.885658264160156,22.10342684155546,21.417457276516803,21.72233217724619,1292367
2008-06-19,21.363019943237305,21.972769852376842,21.036367711723162,21.79855579041273,1600900
2008-06-20,21.602563858032227,21.820331083372228,21.156140076914046,21.363019356346122,2493767
2008-06-23,21.275911331176758,21.84210804730465,21.23235816363776,21.79855487976565,905267
2008-06-24,21.275911331176758,21.5807862730102,20.64438555600549,21.221470217885567,1477233
2008-06-25,20.981937408447266,21.52635715183118,20.66617296042227,20.74239277673958,1519767
2008-06-26,20.655271530151367,21.156137754896495,20.60082903752664,20.818597623495442,1266800
2008-06-27,20.143516540527344,20.96014558946764,19.94752523649446,20.65527068914873,1779233
2008-06-30,19.424884796142578,20.09996508888934,19.31600119059346,19.849531273143192,2311600
2008-07-01,19.31600570678711,19.51199568878705,18.281607750896864,19.130902287998214,2655567
2008-07-02,19.468441009521484,20.04552573226593,19.392222612157028,19.403110559057556,2087567
2008-07-03,18.869583129882812,19.642657931617993,18.76069810696297,19.566439523198568,1068400
2008-07-07,18.172725677490234,19.03290823606011,17.87873860249671,19.000243005505272,2434767
2008-07-08,19.45755386352539,19.501107037450602,17.878736425034283,18.074727784493387,1810267
2008-07-09,19.218000411987305,20.154400831758156,19.185335200569146,19.53376319934296,2160767
2008-07-10,19.065568923950195,19.457551597212333,18.74980602684255,19.196229815037576,1423833
2008-07-11,18.66269874572754,19.08734665179869,17.813405702645852,18.880467364197205,2148267
2008-07-14,17.59563636779785,18.91313181772308,17.41053436493856,18.847801373295034,1879267
2008-07-15,17.21455192565918,17.998516279305495,16.659244245647905,17.399654024152614,1938367
2008-07-16,18.728031158447266,18.73892049045836,17.22543348677923,17.301651888204606,1463133
2008-07-17,19.577327728271484,19.79509639243481,18.69536789205692,18.81514086502634,2100000
2008-07-18,20.0455322265625,20.143527934006773,18.728036228075048,19.609996210542675,1624900
2008-07-21,20.012863159179688,20.796827284108982,19.947532700058034,20.06730566995792,1411033
2008-07-22,20.74237823486328,20.829484557399645,19.33777528479661,19.729757889800343,1648033
2008-07-23,19.16356658935547,20.687941503350537,19.065570910827525,20.36128924159073,3196567
2008-07-24,17.41053581237793,18.967574508611357,17.214544462799893,18.967574508611357,2780033
2008-07-25,17.65007972717285,17.78074062240162,16.99677663555932,17.530306778369706,2860333
2008-07-28,17.22543716430664,18.05295596276678,17.09477622852184,17.650085205607237,2037767
2008-07-29,18.042070388793945,18.052959725399422,17.11655708012869,17.22544075446618,1934900
2008-07-30,18.20539093017578,18.510265954214656,17.69363657388166,18.15094841767467,1574900
2008-07-31,18.09650421142578,18.510262805554493,17.715410842335146,18.03117376134963,1873300
2008-08-01,18.346940994262695,18.48848987453315,17.68274977502501,18.129173699159022,1735800
2008-08-04,17.805377960205078,18.54588651510607,17.551172419190422,18.51272933172947,1575900
2008-08-05,18.203256607055664,18.280622873675938,17.69484710212772,17.739057601952254,1891433
2008-08-06,18.18114471435547,18.413244834796366,17.805365440816647,18.136935636065243,1181333
2008-08-07,17.551170349121094,18.457464714012357,17.407489706562977,18.048528041109286,1403633
2008-08-08,17.90484046936035,17.971154807833525,17.37432716695662,17.606427351612723,967167
2008-08-11,18.54587745666504,18.678506125391046,17.70589776190908,17.70589776190908,1173333
2008-08-12,17.661684036254883,18.446402579007984,17.56221255291593,18.28061677344306,1025900
2008-08-13,17.21959686279297,17.838528425867228,17.131177264992743,17.595376288643894,1423867
2008-08-14,17.639583587646484,17.650635508346774,17.15327940149171,17.175383242892288,923400
2008-08-15,17.860633850097656,18.004314468209124,17.672744135347696,17.672744135347696,892233
2008-08-18,17.495899200439453,18.081674761929374,17.440636798166693,17.90483563680905,756533
2008-08-19,17.13117790222168,17.506958747432368,16.987497280160923,17.385381971607494,1045600
2008-08-20,17.009601593017578,17.20854464688937,16.666979318525392,17.20854464688937,1259333
2008-08-21,16.821706771850586,17.17538226800062,16.65592094384854,16.876969182978435,887600
2008-08-22,17.40748405456543,17.40748405456543,16.7553940070502,16.943285098144933,1417033
2008-08-25,16.932228088378906,17.28590354065753,16.899070926891454,17.13117105730363,1015967
2008-08-26,17.10907745361328,17.164339895480502,16.722244576689555,16.954344864996703,699000
2008-08-27,17.319061279296875,17.518004254851302,17.08696254653141,17.08696254653141,821200
2008-08-28,18.004310607910156,18.004310607910156,17.296959591829893,17.606426012710394,1066367
2008-08-29,18.22536277770996,18.25851995156257,17.83852861430226,17.904842962007475,1319100
2008-09-02,18.048524856567383,18.61219540264934,17.750110294027728,18.435357611827197,1226467
2008-09-03,18.07061767578125,18.13693198254882,17.73904754732438,18.04851384377938,1748633
2008-09-04,17.716947555541992,18.214303598174027,17.551161739537516,18.07062302609728,998367
2008-09-05,18.44639778137207,18.490606849564156,17.57326130632846,17.63957561130706,1008367
2008-09-08,19.26428985595703,19.485336792584036,18.42430840493368,18.877457014168694,2241467
2008-09-09,18.22536277770996,19.26428568458254,18.21430944950453,19.12060506634852,2941367
2008-09-10,17.89378547668457,18.74481840409307,17.58431908538888,18.302723358616166,1220567
2008-09-11,17.949047088623047,18.004308088494305,17.462742981772983,17.628527386768102,1186233
2008-09-12,19.109546661376953,19.109546661376953,17.672739455366457,17.7832628703855,1591767
2008-09-15,18.60114288330078,19.894269802067157,17.263805464210478,17.650638207063203,2896833
2008-09-16,19.717426300048828,19.80584446429715,18.203251534827817,18.357985430334455,3147767
2008-09-17,18.755876541137695,19.861113818530328,18.722719366600643,19.452175801033956,2332867
2008-09-18,21.13213539123535,21.13213539123535,17.705900368140146,18.95481817350934,2501867
2008-09-19,22.65736198425293,24.315217739198268,19.96058340197239,23.02209086870887,2205900
2008-09-22,19.529542922973633,22.1047465097246,19.45217664748126,22.1047465097246,850000
2008-09-23,18.645355224609375,19.894273265884323,18.645355224609375,19.507440455679646,868900
2008-09-24,18.976919174194336,19.41901426697856,18.512720240268912,19.10954784256776,605167
2008-09-25,18.60114288330078,19.220074428636067,18.60114288330078,19.021132798705555,557933
2008-09-26,18.722707748413086,19.507426121919703,18.335875222447065,18.457450516719355,658233
2008-09-29,16.84381675720215,18.833243036903717,16.84381675720215,18.623248064136025,1118033
2008-09-30,18.556934356689453,18.711668313517098,17.086969496427507,17.407487928266423,761133
2008-10-01,18.50166130065918,18.85533667855889,17.672733843179913,18.85533667855889,680100
2008-10-02,18.656400680541992,18.789029347858513,18.125887416657463,18.446405759084687,545167
2008-10-03,17.296960830688477,19.949530141737274,17.296960830688477,18.800082550207755,799167
2008-10-06,17.551170349121094,17.893794068474488,16.213832651173398,17.573275603892373,789367
2008-10-07,16.58961296081543,17.650641260659253,16.57856103651334,17.208546018609155,769733
2008-10-08,16.390663146972656,17.462742838076803,15.937514800545376,16.33540074217479,873900
2008-10-09,14.66650390625,16.843821988588992,14.478612721492635,16.83276865659117,1798500
2008-10-10,16.390663146972656,16.567500874791953,12.986533021652543,14.58912589621458,2390667
2008-10-13,17.794321060180664,18.092735650723103,16.578560255829558,17.385383015675753,1843400
2008-10-14,17.385379791259766,18.512722185508757,17.175384846063636,18.214307650312396,1789833
2008-10-15,16.05909538269043,17.04275574324576,15.915414782194183,16.9985466520273,1055033
2008-10-16,16.269094467163086,16.302251645368948,14.677552724045764,16.103308576133774,990067
2008-10-17,15.418058395385742,16.30224871854424,15.384901223132754,16.29119679625384,839900
2008-10-20,15.307533264160156,15.572790612861104,14.998066825802928,15.506476275685866,1784633
2008-10-21,15.329639434814453,15.484371960620095,14.788072783731302,15.230167923061526,1195767
2008-10-22,14.832283020019531,15.617001847450073,14.56702704026836,14.920702616857799,926033
2008-10-23,14.788069725036621,15.130693281747275,14.169136939067792,14.843332133040823,772733
2008-10-24,15.075439453125,15.550691935205194,13.95914998136743,14.345982841397875,1066533
2008-10-27,14.390190124511719,15.694369067935884,14.357032949359636,14.987017871867314,933033
2008-10-28,16.224878311157227,16.324349802531056,14.301765622026025,14.721755426461248,946167
2008-10-29,15.59489631652832,16.302247393245256,15.351742802852504,15.926466606721261,829267
2008-10-30,16.302249908447266,16.302249908447266,15.473321947000795,15.79384036525317,792367
2008-10-31,17.308019638061523,17.540119914033966,15.959629900906249,16.291201723724022,865567
2008-11-03,16.202775955200195,17.285907823162457,15.95962384584615,17.285907823162457,970733
2008-11-04,17.020652770996094,17.13117620738676,16.158567718538137,16.324353575815003,1184933
2008-11-05,15.739882469177246,17.166696068147512,15.627535267908664,17.166696068147512,1293767
2008-11-06,15.560136795043945,15.975822996170203,15.369146571361313,15.672484069479207,895333
2008-11-07,15.26802921295166,15.650010979238205,14.852343131152399,15.593836643859447,1026600
2008-11-10,14.987161636352539,15.414082049210505,14.9422230214656,15.369143434323563,698833
2008-11-11,15.638776779174805,15.885941307499156,14.796170237809134,14.886048897460185,724533
2008-11-12,14.964692115783691,15.672481395391008,14.953457818828927,15.335439629592354,877767
2008-11-13,16.908306121826172,16.97571476322322,14.919754057759013,15.077039935303523,1449433
2008-11-14,15.739882469177246,17.043113146751555,15.672473862701663,16.739775846183605,957167
2008-11-17,15.605072975158691,16.099403476687236,15.571370083822188,15.650013020753118,665933
2008-11-18,15.44778823852539,16.15557758015524,14.908520508848595,15.571371230148625,939400
2008-11-19,14.155787467956543,15.818531705690093,14.088378840558015,15.402845646256706,1286200
2008-11-20,13.009842872619629,14.223195235276313,12.931198526361905,14.077143694268798,1721167
2008-11-21,12.560452461242676,13.481701737086158,11.583028856732327,13.155894345106883,2340533
2008-11-24,13.313177108764648,13.481698627320593,12.560449563977679,12.762675386244814,1695900
2008-11-25,14.020971298217773,14.065911339009698,12.796383043805928,13.425529329165641,1494200
2008-11-26,14.470366477966309,14.492836505772127,13.40306515722081,13.515412439103516,937867
2008-11-28,14.661352157592773,14.818638002304196,14.088378825324813,14.436656256983095,431900
2008-12-01,12.639090538024902,14.650109876963823,12.515507633716334,14.526528401227228,1504867
2008-12-02,13.695165634155273,13.706399931522558,12.549220159786177,13.0997235879497,1211467
2008-12-03,14.459129333496094,14.59394661665913,13.133427953823455,13.346888175973959,1116767
2008-12-04,14.178258895874023,14.874813829178429,13.908624359479349,14.290606143180884,1114733
2008-12-05,14.650120735168457,14.739999407514633,13.481706566106354,14.054678638022505,1415433
2008-12-08,13.919861793518066,14.886051481020111,13.481707001678592,14.863581455064338,1749667
2008-12-09,13.380587577819824,14.17825525758218,13.335648976143357,13.874916481978143,1963800
2008-12-10,13.032310485839844,14.009734022278007,12.380695747262685,14.009734022278007,1951467
2008-12-11,12.38070011138916,13.009846484692927,12.257117124795633,12.908733521636293,1526933
2008-12-12,13.122194290161133,13.212071530895217,11.98748305445268,12.200944715485347,1861067
2008-12-15,13.178364753723145,13.380590650565393,12.796382980323132,13.167130457867257,1172367
2008-12-16,14.065913200378418,14.099617521146156,13.122193647454667,13.22330660975788,1132833
2008-12-17,13.886157989501953,14.200729760876122,13.75134069972846,13.785045022171834,857267
2008-12-18,13.998504638671875,14.223199159356213,13.672695726534785,14.211964861893872,1081067
2008-12-19,13.627756118774414,14.301841060463614,13.212069999970444,13.998503622418525,1464333
2008-12-22,13.672691345214844,14.020968740673515,13.481701206691927,13.672691345214844,867933
2008-12-23,13.492935180664062,13.953559789543528,13.414292268346882,13.672691021062944,780633
2008-12-24,13.492935180664062,13.492935180664062,13.144657793462343,13.391822252582362,241200
2008-12-26,13.728870391845703,13.76257471359334,13.36935857891955,13.459235817864611,310033
2008-12-29,13.335652351379395,13.7513384506704,13.257009421398056,13.740102725978243,468633
2008-12-30,13.358118057250977,13.683926860041812,13.009842095648693,13.391822366899254,955533
2008-12-31,13.43676471710205,13.549111959122477,12.919965689520863,13.05478295137445,1058667
2009-01-02,13.63898754119873,13.717631886871336,13.200832921436087,13.470467412719263,727233
2009-01-05,13.470473289489746,13.616524893128638,13.178368653638822,13.549116240899435,1392133
2009-01-06,13.740102767944336,13.773807084978245,13.414295322331718,13.481703956399535,1169600
2009-01-07,13.234539985656738,13.751339058587208,13.189601370619727,13.594051763098449,983600
2009-01-08,13.616518020629883,13.616518020629883,13.234536326981734,13.234536326981734,860900
2009-01-09,13.661458015441895,13.942326810402228,13.380589220481562,13.650223720786704,1395333
2009-01-12,13.51540470123291,13.863682075673971,13.403057483671493,13.683926241861226,1408400
2009-01-13,13.481701850891113,13.571580491802301,13.066015815250365,13.481701850891113,1282900
2009-01-14,12.998608589172363,13.560346226684455,12.976139997958398,13.313181723322042,1085133
2009-01-15,13.717632293701172,14.110848319435906,12.751442956996767,13.26824193775895,1823333
2009-01-16,14.009735107421875,14.200725254950685,13.695162007289548,13.863683566034105,1906900
2009-01-20,13.874917030334473,14.369245954029369,13.683926894231991,13.829978426881967,2865867
2009-01-21,13.796282768249512,14.133326076920866,12.773919970044194,13.87492573074838,3222500
2009-01-22,13.650228500366211,14.043444665279422,12.908734793468225,13.70640142188349,3422300
2009-01-23,13.908620834350586,13.953559436169128,13.099718858754875,13.481700545643461,2768333
2009-01-26,14.065913200378418,14.39172068208461,13.717635695302762,13.785044336838238,1394033
2009-01-27,13.448005676269531,14.324316883960648,11.852669906223825,14.324316883960648,6158500
2009-01-28,14.852339744567871,14.886044052395434,13.829977645228263,14.301836526241788,2827000
2009-01-29,14.728763580322266,15.155684015362409,14.335546036768875,14.638884917305607,2168133
2009-01-30,14.886043548583984,15.67247546651421,14.7175220151497,14.762460614541403,2558867
2009-02-02,15.380378723144531,15.526430302379,14.560242162827112,14.717528039364876,2592667
2009-02-03,14.728763580322266,15.841003285144513,14.335546036768875,15.41408285010437,3623733
2009-02-04,13.766691207885742,14.522599173821433,13.400189184362906,14.396613784660254,3849367
2009-02-05,14.396623611450195,14.648593105417092,13.457464720877654,13.743793757492071,3754067
2009-02-06,14.637133598327637,14.682945815089857,14.316445168303865,14.40807105817242,1913333
2009-02-09,14.522607803344727,14.774577275046843,14.38516964489909,14.579872731800636,1601800
2009-02-10,13.64071273803711,14.6714973803991,13.56054097136367,14.556966077102107,2207867
2009-02-11,13.995758056640625,14.201915236006206,13.59489784543705,14.201915236006206,1361767
2009-02-12,13.571996688842773,13.743794410239742,12.930619499857329,13.675075321680954,1856667
2009-02-13,12.976430892944336,13.949949199586255,12.713007281449093,13.949949199586255,2136667
2009-02-17,12.587027549743652,13.13677889080813,12.426682498384162,12.598480247574653,1923700
2009-02-18,12.380863189697266,12.907708834630668,12.266331907671116,12.690098961877705,1578333
2009-02-19,11.854023933410645,12.7588234423004,11.854023933410645,12.483948508564492,2236533
2009-02-20,11.602051734924316,11.819661675071082,10.937768491465425,11.602051734924316,3550733
2009-02-23,11.075206756591797,11.945647253335755,11.02939379226954,11.602051841349743,2176000
2009-02-24,11.842567443847656,11.842567443847656,10.754517113916101,10.995033150049125,2527200
2009-02-25,11.854023933410645,12.140353020963294,11.224100086429322,11.71658646654269,2109033
2009-02-26,11.980003356933594,12.415223870961164,11.81965911032811,11.865472064289191,2061500
2009-02-27,11.281359672546387,11.94564343811074,11.201187920803317,11.59059544456942,3730367
2009-03-02,10.548359870910645,11.166830821415626,10.47964152367435,11.017939976811883,3216900
2009-03-03,10.605623245239258,10.834685794085983,10.227669165835664,10.811779684835727,2417067
2009-03-04,10.124591827392578,10.880500079185174,10.067326183136563,10.823234434929159,2962033
2009-03-05,9.047995567321777,10.067326709826776,8.956369657911974,9.929888573884284,3624000
2009-03-06,9.151073455810547,9.586293977603692,8.818932264312112,9.162526876548228,3008667
2009-03-09,9.40304183959961,9.44885478927669,8.796025171540196,9.0365411548715,3024733
2009-03-10,10.319293975830078,10.34220008429193,9.506119479627689,9.65501100505988,3467200
2009-03-11,9.780999183654785,10.548360280378779,9.609201488464448,10.433828969033431,2841967
2009-03-12,10.823234558105469,10.834687250183707,9.483214972037917,9.861169102235609,2878867
2009-03-13,10.846138000488281,11.121013465283855,10.628528166503616,11.040841727782981,2137300
2009-03-16,11.086658477783203,11.682222553512274,11.017939405935184,11.12101728553496,3835933
2009-03-17,11.338624000549316,11.338624000549316,10.708699878607243,11.109560749676927,2358233
2009-03-18,12.34650707244873,12.346507072448732,10.995033784451982,11.327175759218544,2823600
2009-03-19,12.266334533691406,12.63283529717457,11.899833042035956,12.54120937813149,4214767
2009-03-20,11.636407852172852,12.426675603636232,11.636407852172852,12.426675603636232,3055933
2009-03-23,13.10241413116455,13.10241413116455,11.842566898618829,12.552663008693104,2791800
2009-03-24,12.678645133972168,13.400193830912068,12.598473380166467,12.87334962903664,3357900
2009-03-25,12.976430892944336,13.331477512345373,12.220521052983258,12.82753858993439,2454633
2009-03-26,13.365832328796387,13.377286475039746,12.598471522319247,13.10241026670449,2134467
2009-03-27,13.05660343170166,13.446011068546104,12.98788435129707,13.11386836114236,1763967
2009-03-30,12.18616008758545,12.701552340955443,12.105987603288167,12.701552340955443,1935133
2009-03-31,12.793179512023926,12.896258130272606,12.357959650314816,12.357959650314816,1563967
2009-04-01,12.690107345581055,12.930622759828893,11.854025376110716,12.300699564354979,1757433
2009-04-02,12.96497631072998,13.446009829225169,12.793178625553129,13.056602228272487,1557433
2009-04-03,12.999334335327148,13.010788483902646,12.541207713605548,12.976428950864918,1158633
2009-04-06,12.220520973205566,12.758819430282493,12.02581789568608,12.598475890718749,1717467
2009-04-07,12.094536781311035,12.277787162077011,11.991458169065567,12.025817706480723,1738367
2009-04-08,11.739484786987305,12.31214258147449,11.487515415666707,12.151798369891196,1786900
2009-04-09,13.377287864685059,13.400193246863038,12.014361555842115,12.18615920389815,2830900
2009-04-13,14.06447696685791,14.247727305563757,12.747363610043887,12.747363610043887,1996767
2009-04-14,13.079506874084473,14.087386084549635,13.010789260253036,14.064479242376176,1879033
2009-04-15,13.514726638793945,13.58344570135025,12.644285665195516,12.999333669621656,1769100
2009-04-16,13.491823196411133,13.67507359058909,12.95352470840567,13.617807205257682,2212767
2009-04-17,14.075934410095215,14.37371758532799,12.907712924399195,13.50327636217529,2292800
2009-04-20,12.506851196289062,13.961403170490067,12.461038959973717,13.927043629167374,1989133
2009-04-21,13.331474304199219,13.377287981644207,12.083080720708276,12.312144010728344,1773367
2009-04-22,13.331474304199219,14.053024432343166,12.838989650591715,13.205490332086125,2460867
2009-04-23,12.77027416229248,13.64071388836783,12.38086653316807,13.423103956848992,2251533
2009-04-24,13.125322341918945,13.262760500946055,12.621383396382656,12.838993329394023,2248800
2009-04-27,12.999334335327148,13.342929665704444,12.609926779681008,12.884803043982844,1493567
2009-04-28,13.434560775756836,13.709437176314964,12.667199432658867,12.850449880915917,1381067
2009-04-29,13.629260063171387,13.801057746523098,13.136773856344657,13.629260063171387,2888533
2009-04-30,12.953521728515625,13.915587168890278,12.942069036621845,13.732336816868107,1688900
2009-05-01,12.518299102783203,13.045143198451555,12.461032743698205,12.896252412443369,1639567
2009-05-04,13.686527252197266,13.778153183932803,12.541211115399344,12.552665267081773,2672833
2009-05-05,12.999334335327148,13.675070847506241,12.976428950864918,13.549086863930821,1513900
2009-05-06,13.338956832885742,13.631734654388712,12.929068180610583,13.432646390990495,2234733
2009-05-07,12.91735553741455,13.84253289266621,12.858799386553338,13.5614672403088,1890667
2009-05-08,13.116443634033203,13.3506667459074,12.882222011303767,13.338954622369597,2308633
2009-05-11,13.245267868041992,13.819112835900468,12.893933910343966,12.999334097653374,2071967
2009-05-12,13.057891845703125,13.432647120175544,12.753401882192334,12.940781008573632,1726267
2009-05-13,12.72998046875,13.38580293646234,12.71826983190891,12.917358103932802,1930367
2009-05-14,12.940779685974121,13.327245557917603,12.729979307198622,12.952490321746671,1571967
2009-05-15,12.26153564453125,12.917358112688103,12.214691607990066,12.917358112688103,1411833
2009-05-18,13.163290023803711,13.233556813116497,12.402067465678451,12.413778100848962,1762867
2009-05-19,12.402067184448242,13.245267147936334,12.366933790588538,13.034466784778104,1490833
2009-05-20,12.097576141357422,12.940776718533188,12.039020742204572,12.542598812978135,1919300
2009-05-21,11.781377792358398,12.062444188484749,11.722822386236956,12.039022174950649,1615000
2009-05-22,11.734532356262207,11.91019930925196,11.593999538442748,11.839932528056059,1842867
2009-05-26,12.284954071044922,12.355220849885306,11.675976562048785,11.675976562048785,1206233
2009-05-27,11.886781692504883,12.542604233411721,11.851648288915401,12.273248387416565,1485533
2009-05-28,12.495759963989258,12.495759963989258,11.94533832285783,12.109293974636039,1337033
2009-05-29,12.95249080657959,12.95249080657959,12.261534976381801,12.495756635469698,1488233
2009-06-01,12.964200973510742,13.268690906277035,12.847090148205986,13.104734559534426,1714800
2009-06-02,13.09302043914795,13.174997846129173,12.858797361730039,12.98762027768157,1670267
2009-06-03,12.683134078979492,13.163289459260868,12.624577927348556,13.034466521330726,1445900
2009-06-04,12.566025733947754,12.753403393386986,12.320092649005339,12.753403393386986,2335767
2009-06-05,12.074156761169434,12.659712369415692,11.992178588837278,12.659712369415692,1555733
2009-06-08,12.308378219604492,12.343511612999663,11.99217767904797,12.003889058370493,922067
2009-06-09,12.437206268310547,12.507473088176917,12.039028118782948,12.343517423346304,1313500
2009-06-10,12.577731132507324,12.647997903348273,12.402064205404951,12.589441764599327,1187767
2009-06-11,12.811954498291016,12.96419869332448,12.519176741951378,12.601154156331754,1268433
2009-06-12,12.811954498291016,12.975910816196444,12.577732888877176,12.811954498291016,926833
2009-06-15,12.659710884094238,12.893932504254336,12.530887950604864,12.530887950604864,1306400
2009-06-16,12.659710884094238,12.893932504254336,12.554310708278772,12.706554910297308,1132633
2009-06-17,12.472334861755371,12.788533939900748,12.37864530839882,12.61286844721773,1113700
2009-06-18,12.601156234741211,12.659712391325144,12.425489998706793,12.472334775059448,790000
2009-06-19,12.50747013092041,12.718270540678038,12.413780563535303,12.718270540678038,1045300
2009-06-22,12.144421577453613,12.61286628566598,12.085865430497813,12.36693255325417,1315467
2009-06-23,12.062444686889648,12.437200641781608,11.945333869807895,12.179556248543818,1018400
2009-06-24,12.214692115783691,12.30838093733346,12.027313728111588,12.202980733875258,1479800
2009-06-25,12.624581336975098,12.729981544890224,12.003892216460596,12.167847847248815,1373767
2009-06-26,12.50747013092041,12.659714374919202,12.238114299976523,12.612870335799224,1075567
2009-06-29,12.542604446411133,12.648004658969493,12.202981787469518,12.648004658969493,765300
2009-06-30,12.519180297851562,12.671424536127898,12.390358078254843,12.472336260492327,1566967
2009-07-01,12.683134078979492,12.788532769283506,12.495754989418414,12.671421955166428,961867
2009-07-02,12.437206268310547,12.776828238234335,12.40207285837736,12.566027778635222,1293367
2009-07-06,12.26153564453125,12.612869641452804,12.191268845146938,12.402069243299872,1122000
2009-07-07,12.238117218017578,12.425494908320738,12.19127242315541,12.296672653165722,1075967
2009-07-08,12.12100601196289,12.366939890281746,11.96876172652831,12.355228505028018,1404100
2009-07-09,12.085869789123535,12.284958824684276,12.003892345136963,12.284958824684276,868100
2009-07-10,11.816510200500488,12.05073255004534,11.687688019936667,12.015599160384998,1722167
2009-07-13,12.308378219604492,12.343511612999663,11.828222091394647,11.851644850039696,2215300
2009-07-14,12.566025733947754,12.753403393386986,12.308382010648282,12.343515414864717,2143400
2009-07-15,12.999335289001465,13.104735485970469,12.67142406147958,12.729980222844041,1532533
2009-07-16,12.893935203552246,12.999335401432857,12.612869498349005,12.96420200213932,778567
2009-07-17,12.847090721130371,12.940780279039286,12.58944629831211,12.811957323057653,1159533
2009-07-20,12.940779685974121,13.046178386216937,12.847090132358922,12.917356925284087,1144467
2009-07-21,12.706554412841797,13.046176195521332,12.566020850589663,12.975910903539951,1721967
2009-07-22,12.566025733947754,12.729982116672872,12.355226053221774,12.577737861450075,1409667
2009-07-23,12.905644416809082,13.057888616340229,12.484043720435395,12.577733260455565,2077700
2009-07-24,13.198426246643066,13.198426246643066,12.718270742880343,12.800248184929915,1270867
2009-07-27,13.67857837677002,13.690289011561639,13.198422991431109,13.245267019742395,1449533
2009-07-28,13.854248046875,13.936225484697047,13.397513842025553,13.60831424426376,2235167
2009-07-29,12.109292030334473,12.847091972586853,11.804802798900953,12.296669675260064,6364667
2009-07-30,12.648000717163086,12.729978138333646,12.15613321185013,12.624577958623727,2598667
2009-07-31,12.811954498291016,12.85879852234485,12.425487949271373,12.589443522604466,1777400
2009-08-03,12.893935203552246,13.139868998607005,12.82366840496517,12.952491365423159,1896667
2009-08-04,13.198426246643066,13.26869305101275,12.776825420424961,12.776825420424961,1691433
2009-08-05,13.330167770385742,13.521796238330616,13.174469735363513,13.258306904540454,1859533
2009-08-06,13.294235229492188,13.713422531837075,13.078652666139693,13.425980636961194,1668200
2009-08-07,14.036797523498535,14.072727953659024,13.3421430480383,13.48586476868025,1992467
2009-08-10,13.48586654663086,14.07272980898055,13.354122633958587,13.988892635195672,1575267
2009-08-11,13.24633502960205,13.581685341348742,13.066682804929144,13.390056809340374,1174100
2009-08-12,13.414009094238281,13.473893675299765,13.150519678838434,13.282265148002438,1100100
2009-08-13,13.521796226501465,13.629587525175099,13.258306892941807,13.42598275407669,1230767
2009-08-14,13.378070831298828,13.569700769525127,13.174466115958378,13.473885800411978,1045600
2009-08-17,13.006797790527344,13.210402599271333,12.934936911458179,13.090634975132046,1239733
2009-08-18,12.863080024719238,13.198430390149133,12.839125883285519,13.102615347342688,1071600
2009-08-19,12.93493366241455,13.030747128488018,12.707374015366792,12.755281509867318,1222933
2009-08-20,12.982840538024902,13.018770968928926,12.851095117067615,12.946910107120878,1085633
2009-08-21,13.354122161865234,13.390052595492511,13.006795652086689,13.018771955653209,949500
2009-08-24,13.114583015441895,13.557724440946519,13.030745860056543,13.425980557187744,1531633
2009-08-25,13.090631484985352,13.306214064715496,12.994816497462766,13.21039907719291,1064200
2009-08-26,12.982840538024902,13.174468995203828,12.88702554797164,13.10260813339578,1443767
2009-08-27,13.01877212524414,13.090632993434804,12.779235390299354,13.090632993434804,998033
2009-08-28,12.92296028137207,13.198427517657935,12.767262203259941,13.102612495704568,958900
2009-08-31,12.743305206298828,12.887026175448986,12.69539770893955,12.755282271004607,1223900
2009-09-01,12.419929504394531,12.934931758239648,12.407952442166616,12.707372144691355,1818567
2009-09-02,12.300162315368652,12.539698252054363,12.288186013485804,12.407953601096784,1061700
2009-09-03,12.527718544006348,12.527718544006348,12.216322577370475,12.37202056068841,804667
2009-09-04,12.503769874572754,12.635514547141476,12.395978571162743,12.515746939884048,949567
2009-09-08,12.599583625793457,12.803189159434382,12.467838958315665,12.587607322408834,1259367
2009-09-09,12.875051498413086,12.910981935604841,12.52772419271409,12.611562133316164,1539800
2009-09-10,12.82714557647705,12.875052321486006,12.647493379033515,12.839121881997299,1132867
2009-09-11,12.899006843566895,12.946913590017294,12.743308013943084,12.87505270887769,849600
2009-09-14,13.01877212524414,13.054702559339473,12.671444849477227,12.827143651044953,899500
2009-09-15,13.150518417358398,13.186448857962985,12.81516814602493,13.054704924364843,1585633
2009-09-16,14.012850761413574,14.108665799847937,13.138545198511634,13.22238240531147,3015867
2009-09-17,13.629590034484863,14.024824869053889,13.605637423432658,13.893079416554892,1181300
2009-09-18,13.54574966430664,13.737378122297644,13.2702840414935,13.737378122297644,1664667
2009-09-21,13.557726860046387,13.713424897236733,13.366098389433061,13.437959256279022,1554633
2009-09-22,13.689473152160645,13.713425760665602,13.366099230993454,13.67749532498036,1942967
2009-09-23,13.342138290405273,13.857140431420005,13.342138290405273,13.72539658309474,1729700
2009-09-24,13.090631484985352,13.485864691563053,13.006794322732816,13.414003831653005,1826967
2009-09-25,13.150518417358398,13.246333433279966,12.994820349047862,13.102611670861622,1220933
2009-09-28,13.306218147277832,13.437962082249044,13.11458811343748,13.234357265319707,780133
2009-09-29,13.605639457702637,13.833198434290251,13.485870292822254,13.653546209897872,1451267
2009-09-30,13.677488327026367,13.893070830837134,13.354116094237241,13.653535730776522,1605333
2009-10-01,13.677488327026367,13.833187817285493,13.49783776344442,13.665512028901444,2227900
2009-10-02,13.330167770385742,13.665517970021194,13.258306904540454,13.521796238330616,1543700
2009-10-05,13.569706916809082,13.581683222275949,13.234356657385185,13.425985159494846,1127533
2009-10-06,13.414009094238281,13.761337227709838,13.25831101099221,13.701452646648352,1800033
2009-10-07,13.378070831298828,13.437955377360455,13.174466115958378,13.402024954308931,2022000
2009-10-08,13.641563415527344,13.677493847330839,13.414004521747753,13.485865385354744,1561100
2009-10-09,14.012850761413574,14.012850761413574,13.617617344826707,13.64156996223902,1310500
2009-10-12,13.593658447265625,14.036799989452577,13.545751706278015,14.024823684937633,1189633
2009-10-13,13.449933052062988,13.59365475895827,13.378072198615346,13.533771729703519,1264333
2009-10-14,13.47388744354248,13.641561756279165,13.342142035311554,13.641561756279165,1994533
2009-10-15,13.48586654663086,13.497844373548535,13.234355025276223,13.425983503753562,1684100
2009-10-16,13.497842788696289,13.605634080732411,13.222375645850338,13.354121065981461,1247033
2009-10-19,13.437958717346191,13.593656748292226,13.306214815364026,13.545750013292134,1168200
2009-10-20,13.23435115814209,13.485862606004003,13.198420733743628,13.485862606004003,1317867
2009-10-21,13.162490844726562,13.473886853560986,13.162490844726562,13.246327997423924,987433
2009-10-22,13.150518417358398,13.270287567992362,12.875052721341913,13.186448857962985,2531467
2009-10-23,13.12656021118164,13.22237366334058,12.970862209227842,13.22237366334058,1314233
2009-10-26,13.006797790527344,13.17447215973675,12.88702864346009,13.162495854201211,1086867
2009-10-27,13.174473762512207,13.31819553813539,12.934938485092337,13.006799372903929,1936433
2009-10-28,13.162490844726562,13.521793580398423,13.114582594961737,13.28225842328385,2239267
2009-10-29,13.31818962097168,13.473887634412044,13.162491607531315,13.282259193029482,1893433
2009-10-30,12.92296028137207,13.330171459549694,12.910983974725939,13.294241016683195,2024167
2009-11-02,12.887022018432617,13.114580844191023,12.647486893295511,13.006791103928354,1856233
2009-11-03,12.671445846557617,12.910981838886949,12.611562038841265,12.851097269706669,2475200
2009-11-04,12.745041847229004,12.941307944036152,12.695974933081144,12.916774876908296,2189667
2009-11-05,13.014910697937012,13.051710696414538,12.732777636240066,12.8677107040269,1400967
2009-11-06,12.978109359741211,13.07624241892033,12.855443230740368,12.941309365062512,866833
2009-11-09,13.50557804107666,13.50557804107666,13.051712625910604,13.051712625910604,1574600
2009-11-10,13.6650390625,13.714106755782359,13.370640701727163,13.481040671936075,1601833
2009-11-11,14.008502960205078,14.020770661529413,13.6405046759395,13.775436912235007,1582033
2009-11-12,14.045309066772461,14.351975217224128,13.885842918103148,14.0330429198855,2344067
2009-11-13,14.131179809570312,14.253845984141497,13.996245925692484,14.094379801220454,1665133
2009-11-16,14.094378471374512,14.413310807124398,14.020778461619171,14.217044634371785,1548433
2009-11-17,14.290644645690918,14.364244655454314,14.05757846803513,14.106644621282431,999833
2009-11-18,14.364241600036621,14.376507745793093,14.143441617712798,14.32744160298265,1317033
2009-11-19,14.082107543945312,14.315173668294856,13.996241405455383,14.241575235149583,1651033
2009-11-20,13.824508666992188,14.033040933475824,13.775440966820584,14.033040933475824,1283867
2009-11-23,13.947176933288574,14.229309233442091,13.910376932417705,13.97170922734601,1360867
2009-11-24,14.155709266662598,14.266109269547876,13.836776964850504,13.99624311575655,1233300
2009-11-25,14.14343547821045,14.40103534576711,14.118901637562807,14.167969318858091,1234167
2009-11-27,14.033038139343262,14.266104209506677,13.849038199797363,13.922638175615722,447833
2009-11-30,14.33970832824707,14.364242180536053,13.983976048872252,14.14344218928908,1072933
2009-12-01,14.229308128356934,14.425574264497456,14.131175840178972,14.351974268471686,848333
2009-12-02,14.450108528137207,14.462374674562781,14.069842391097966,14.30290853189174,1734500
2009-12-03,14.364241600036621,14.719973865035298,14.32744160298265,14.450107739901034,1385000
2009-12-04,15.124775886535645,15.161575888586963,14.486909704241045,14.535975853714547,2590567
2009-12-07,16.43730354309082,16.756235793220597,16.020237453037165,16.31463741302433,6833967
2009-12-08,15.517311096191406,15.885309625559131,15.382377210240366,15.873043475849057,19814400
2009-12-09,15.93437385559082,15.946640002615569,15.566373847001188,15.6154399948849,5272933
2009-12-10,15.922106742858887,16.15517290373346,15.848506738394835,15.946640597608496,3154667
2009-12-11,16.069303512573242,16.15516964721101,15.946637383121509,15.97117123292564,2028733
2009-12-14,16.535438537597656,16.59677239259137,16.20424008802884,16.400506240310104,3920200
2009-12-15,16.572240829467773,16.62130854415941,16.253308482896827,16.47410851965438,2639833
2009-12-16,17.062902450561523,17.062902450561523,16.559970209161143,16.670370197729692,2253267
2009-12-17,17.075176239013672,17.430910214669844,16.90344388645018,16.90344388645018,3004633
2009-12-18,17.614898681640625,17.663964812959392,16.989298878243535,17.210098808854273,4019633
2009-12-21,17.394105911254883,17.78663824295801,17.173305889752562,17.68850438013981,2558033
2009-12-22,17.614898681640625,17.614898681640625,17.320498774159642,17.36956490547841,1616133
2009-12-23,17.872499465942383,17.872499465942383,17.57810107829998,17.651699505372278,1429300
2009-12-24,17.970638275146484,18.04423828237237,17.73757210552613,17.82343826069472,450467
2009-12-28,17.651702880859375,18.16690288737658,17.602636733500255,17.982902885049008,1071733
2009-12-29,17.76210594177246,17.946105975793976,17.651705921359554,17.72530593496816,909933
2009-12-30,17.798904418945312,17.811172126682443,17.578105956879806,17.68850440802014,669800
2009-12-31,17.798904418945312,17.970638289201634,17.786638270993016,17.958370581464504,905600
2010-01-04,17.68850326538086,17.93383712707259,17.467704817578458,17.897037125808065,2407900
2010-01-05,17.73757553100586,17.786641692037158,17.47997545596755,17.7498416813174,1888167
2010-01-06,17.749835968017578,17.786635966892188,17.541303680917874,17.70076982277964,1354200
2010-01-07,18.228239059448242,18.375437520244418,17.66397283381576,17.72530513586794,1785100
2010-01-08,18.289566040039062,18.326366034477147,18.068766073410554,18.130099917402177,1322200
2010-01-11,18.215967178344727,18.510367152066515,18.031967194768608,18.46130100970773,1195667
2010-01-12,17.811166763305664,18.093298999745425,17.47996683026253,17.602632952202235,2140900
2010-01-13,18.03196907043457,18.154636778768108,17.835702920799502,17.835702920799502,1130733
2010-01-14,18.203702926635742,18.289569074643364,18.007436776996304,18.01970292391605,1139167
2010-01-15,17.88477325439453,18.191439450692357,17.847973248447396,18.09330558157168,1116167
2010-01-19,17.995162963867188,18.01969680916614,17.786630738070706,17.946096833053456,908000
2010-01-20,18.019704818725586,18.044238674929566,17.62717247817112,17.860238652861888,1325400
2010-01-21,18.461301803588867,18.76796793614161,17.921569535078813,18.007435677845272,4117067
2010-01-22,18.26503562927246,18.718901792864116,18.17916947934559,18.449035636104853,2888600
2010-01-25,18.007436752319336,18.399969051060292,17.93383675133232,18.387702904157358,1538567
2010-01-26,18.387699127197266,18.633031373571256,17.99516534930075,18.0196991978519,2324900
2010-01-27,18.31410026550293,18.633032517323016,17.982900308762048,18.39996640102611,2538133
2010-01-28,18.277301788330078,18.510367923984283,18.044235652675876,18.387701783079642,1867267
2010-01-29,18.436771392822266,18.547171408322384,18.289571372155436,18.326371377322143,1880967
2010-02-01,18.559432983398438,18.70663296779249,18.350900712029873,18.522632987299925,1560300
2010-02-02,18.829301834106445,18.866101835545518,18.46130337950048,18.633035679692984,1745500
2010-02-03,18.49261474609375,18.891645821751094,18.405325409986762,18.866705784919304,1608633
2010-02-04,18.118526458740234,18.517557629914744,18.093586415938482,18.36792054432207,1841800
2010-02-05,18.742013931274414,18.77942320401584,18.13099633836746,18.23075492754759,1902267
2010-02-08,18.729541778564453,18.953995794366936,18.542495444055103,18.804360312368193,1850967
2010-02-09,18.816829681396484,18.96646675013264,18.56743403829998,18.9290574829486,1452700
2010-02-10,18.729541778564453,18.816829539465903,18.542495444055103,18.816829539465903,1655667
2010-02-11,19.21586799621582,19.253277277394552,18.60485026549964,18.717078109035835,1863567
2010-02-12,19.45278549194336,19.565013292653322,19.05375436871376,19.165982169423724,2451967
2010-02-16,19.801944732666016,19.801944732666016,19.45279198686244,19.602429104436723,1320800
2010-02-17,19.54007911682129,19.92664112895986,19.527609885981082,19.901702667279444,1394733
2010-02-18,19.577489852905273,19.652308414736755,19.440323546620444,19.515142108451926,1031133
2010-02-19,19.47772979736328,19.602426852480043,19.377971201904423,19.565017577384108,1099400
2010-02-22,19.71465301513672,19.752062287077752,19.490197383490518,19.577485156149944,1029000
2010-02-23,19.377967834472656,19.71465125182848,19.353029379148467,19.627363486976204,1475067
2010-02-24,19.415374755859375,19.540071774231585,19.26573769956928,19.415374755859375,1614900
2010-02-25,19.365501403808594,19.502667684729257,19.190924263280703,19.20339507835279,1230067
2010-02-26,19.315614700317383,19.465251732784942,19.165977667849823,19.40290244072067,1383667
2010-03-01,19.490192413330078,19.5525417125352,19.290676875725666,19.36549540052839,979133
2010-03-02,19.614887237548828,19.689705754003477,19.21585620686294,19.577477979321504,1384233
2010-03-03,19.265743255615234,19.652305233975692,19.215864751003615,19.639836004225057,1248633
2010-03-04,19.24080467224121,19.50266800897313,19.22833385696179,19.32809245115185,950533
2010-03-05,19.45278549194336,19.49019475884668,19.25326993032856,19.328088464135202,1092900
2010-03-08,19.702186584472656,19.702186584472656,19.452790874243494,19.465261690400915,812667
2010-03-09,19.939115524291992,19.95158475737031,19.540082624081368,19.58996272761363,1147500
2010-03-10,20.375545501708984,20.437893220207417,19.964043582941176,19.9765143951278,1440333
2010-03-11,20.737173080444336,20.749642310472236,20.238383266409905,20.375551139153245,1318000
2010-03-12,20.363082885742188,20.886811184950517,20.250855053281292,20.762114121863696,1877367
2010-03-15,20.799516677856445,20.82445513104928,20.32566703988849,20.350605493081325,1209967
2010-03-16,20.999042510986328,21.01151174368674,20.73717752501154,20.76211757602181,1189367
2010-03-17,21.298303604125977,21.48534832135166,21.023969555172048,21.048908005144288,1609800
2010-03-18,20.911745071411133,21.747216575019184,20.886805031897193,21.27336692351533,1703733
2010-03-19,20.4129581451416,21.148672761557133,20.350608830716464,20.4129581451416,2754267
2010-03-22,20.575061798095703,20.699758825204842,20.101212143715745,20.263318437518496,1219300
2010-03-23,20.69976234436035,20.71223315911753,20.36308047248745,20.612474569105082,1462533
2010-03-24,20.437896728515625,20.924217261448813,20.412958271078857,20.637413901663408,1297900
2010-03-25,20.225914001464844,20.674825309003584,20.21344477145847,20.5625974821189,1739933
2010-03-26,20.38802146911621,20.550127810661,20.213445896870805,20.313202913694123,1134200
2010-03-29,20.78704833984375,20.89927614939552,20.525185036498478,20.774579111763174,1335800
2010-03-30,20.7496395111084,20.836928866354693,20.687291783771208,20.762110325062952,1170533
2010-03-31,20.624940872192383,20.8618657060493,20.562593149687746,20.724699448052082,999800
2010-04-01,20.7496395111084,21.13620144591277,20.624942470825125,20.77457955340861,1245333
2010-04-05,21.036441802978516,21.061380256534274,20.787046168160053,20.874335512431298,979300
2010-04-06,21.136205673217773,21.235964276761752,20.886811542771646,20.961630099027328,1303333
2010-04-07,21.123729705810547,21.41053302292008,20.974092641019936,21.073851212749915,1200367
2010-04-08,21.622526168823242,21.68487390828399,21.0613870000213,21.07385781640081,1151400
2010-04-09,21.734750747680664,21.734750747680664,21.447945798040614,21.684870660850848,1086100
2010-04-12,22.02155303955078,22.196130163737582,21.634991106289533,21.759688146075025,1292267
2010-04-13,21.884384155273438,22.034019633762334,21.72227627876191,21.946731874908306,804200
2010-04-14,22.445526123046875,22.545284714595052,22.146251934011364,22.22107048127024,1114800
2010-04-15,22.445526123046875,22.694920223503786,22.345767531498698,22.470466167336173,1028767
2010-04-16,21.896852493286133,22.445520648967765,21.797093926067365,22.408111384461805,1758200
2010-04-19,21.909320831298828,21.959200905690203,21.485349712623567,21.734745327754727,1252500
2010-04-20,22.358238220214844,22.38317667875432,21.89685770992636,22.034023988720524,1027000
2010-04-21,21.597578048706055,22.358232553553602,21.51029029472281,22.196126271696546,2110067
2010-04-22,21.360658645629883,21.834508385029018,21.123733775930315,21.834508385029018,2568667
2010-04-23,20.624940872192383,21.28583687863767,20.5501223366998,21.198549115765918,2896600
2010-04-26,20.31319236755371,20.83692198359999,20.23837385097567,20.737163432959814,1614600
2010-04-27,20.400487899780273,20.500244895158083,19.51513624135573,20.26332004912472,2666400
2010-04-28,20.587533950805664,20.949157442103598,20.487776949185438,20.587533950805664,1653267
2010-04-29,20.612468719482422,20.936681270198704,20.587528682654806,20.7870442204501,1344767
2010-04-30,20.53765869140625,20.886811423400903,20.52518946063797,20.674826572294137,1468600
2010-05-03,21.03147315979004,21.044134578582433,20.613628629111226,20.866866665248093,1043167
2010-05-04,20.221105575561523,20.955498348552357,20.14513385387116,20.77823046125887,1687067
2010-05-05,20.19577407836914,20.486999446489065,19.701959669892105,20.107140970701064,1519767
2010-05-06,19.258804321289062,20.284421224260267,18.233187418317858,20.00585870802416,2752133
2010-05-07,19.385427474975586,19.701975929354614,18.96758280677384,19.436074776862593,2764500
2010-05-10,20.42369270324707,21.398661886699195,20.081821625839325,20.23376343243852,2082833
2010-05-11,20.297073364257812,20.487002631680834,20.094482682355792,20.284411949778818,1503700
2010-05-12,20.600969314575195,20.65161660496623,20.221110611521606,20.385715512828718,1505733
2010-05-13,20.63895606994629,20.9681658866781,20.550321295400614,20.61363161864061,1336067
2010-05-14,20.24643898010254,20.562987423893766,20.119818314547132,20.487015668579982,1515700
2010-05-17,20.360389709472656,20.4363598289786,19.980531061702457,20.37305112771563,1550967
2010-05-18,20.23377227783203,20.7402500180507,20.14513911605706,20.664278276515482,1908200
2010-05-19,20.524986267089844,20.638943815228597,19.96786154955424,20.132466360183287,2040067
2010-05-20,19.385427474975586,20.41104459596753,19.372766052016008,19.98053850480621,2710600
2010-05-21,19.486713409423828,19.625995440209635,18.86627980969499,19.22081398527489,1862933
2010-05-24,19.625993728637695,20.259090300529234,19.58800786992229,20.195779999320944,1818367
2010-05-25,19.550025939941406,19.600673225057314,18.980239554755013,19.195491724033737,1813333
2010-05-26,19.80325698852539,20.094482397799208,19.663976601085928,19.663976601085928,1876133
2010-05-27,20.461685180664062,20.499671047121442,19.967870526766315,20.170461277856276,1310033
2010-05-28,20.32240867614746,20.62629405656127,20.259098349784992,20.44902771882392,1555667
2010-06-01,19.81592559814453,20.246431516199234,19.81592559814453,20.18312120676105,1102500
2010-06-02,20.550321578979492,20.550321578979492,19.879238905578397,19.95521065049538,1167600
2010-06-03,20.15778923034668,20.727576972282524,19.8918898941574,20.65160527335774,1281200
2010-06-04,19.68930435180664,20.043838502265178,19.600669606656105,19.803260319768434,1482567
2010-06-07,19.727296829223633,19.99319632373515,19.62600063366086,19.777944121980816,975300
2010-06-08,19.92987823486328,19.96786408907392,19.423400715403993,19.71462452432045,948633
2010-06-09,19.76527976989746,20.183122690758285,19.701969455804285,20.094489539066373,859900
2010-06-10,20.32240867614746,20.32240867614746,19.866578190454028,20.094493433300745,905667
2010-06-11,20.309738159179688,20.385709878793968,20.094486026971158,20.15779471995113,1026067
2010-06-14,20.031185150146484,20.512338527424422,20.018523727601902,20.423705349515043,1064533
2010-06-15,20.385717391967773,20.42370326577464,20.081832011561325,20.221112475487516,1176467
2010-06-16,20.347728729248047,20.46168633504932,20.09449067861073,20.221109703929386,1165533
2010-06-17,20.5123348236084,20.638955466385525,20.360392950362886,20.436363081961463,1383933
2010-06-18,20.43635368347168,20.575635682452678,20.360383586811043,20.52498841466305,1496800
2010-06-21,20.360389709472656,20.63895218115477,20.271754951627546,20.575641869843704,679633
2010-06-22,20.15778923034668,20.5123232886465,20.107141967745974,20.43635158972172,775833
2010-06-23,20.018516540527344,20.19578283270372,19.866573084348698,20.15779696865906,1006800
2010-06-24,19.80325698852539,20.23376278523867,19.701962454032614,19.96786342465944,1240100
2010-06-25,19.739952087402344,20.05650038589812,19.651318950235023,19.90455694501248,1560633
2010-06-28,19.841251373291016,19.90456169210839,19.625999187398858,19.841251373291016,779167
2010-06-29,19.372753143310547,19.70196280128588,19.309442850601002,19.537357972298214,1431567
2010-06-30,19.33477210998535,19.701967713121263,19.30944766457845,19.398080808430564,1288767
2010-07-01,19.67664337158203,19.701967817122615,18.9042662981467,19.29678634876152,1845767
2010-07-02,19.28411865234375,19.828582024293148,19.271457237662766,19.828582024293148,1014433
2010-07-06,19.39807891845703,19.651318517708578,19.258798507409367,19.56268377244421,2386933
2010-07-07,20.018516540527344,20.031177958526207,19.398081297813892,19.398081297813892,1455500
2010-07-08,20.13247299194336,20.233767550291002,19.891896403307737,20.13247299194336,1009400
2010-07-09,20.47433853149414,20.47433853149414,19.993185485999227,20.11980445427986,668067
2010-07-12,20.5123348236084,20.6262924360788,20.360392950362886,20.44902611226819,691267
2010-07-13,21.37333869934082,21.487296268501844,20.66427045348184,20.66427045348184,1534300
2010-07-14,21.52528953552246,21.664571593575495,21.183416710340893,21.360684637858547,1543667
2010-07-15,21.67722511291504,21.816505510157743,21.183408989850868,21.588591986483525,1386500
2010-07-16,21.03147315979004,21.613920964914467,21.006148712157085,21.550612260904334,1209033
2010-07-19,21.120100021362305,21.29736627185435,20.86686045059807,21.03146689611628,753767
2010-07-20,21.09477424621582,21.18340736585239,20.66426845220559,20.892183568454698,1293500
2010-07-21,20.626279830932617,21.322686500424876,20.575632570802366,21.259376217726537,1483367
2010-07-22,21.056795120239258,21.158091296503343,20.816218512916173,20.89219024260221,930300
2010-07-23,21.2973690032959,21.386002139909344,20.841540293535388,21.056792426746316,901667
2010-07-26,21.905141830444336,21.93046466265699,21.208734963735385,21.208734963735385,1129533
2010-07-27,22.03175926208496,22.234349955684525,21.867154424163296,21.968448965939224,1647467
2010-07-28,21.626575469970703,21.841827554843903,21.322688658340272,21.664561321424507,1672400
2010-07-29,21.867158889770508,21.930467588797136,21.373342665112997,21.765862717260646,1457533
2010-07-30,21.8544864654541,21.930458159659985,21.487291016823903,21.664558839986746,1065467
2010-08-02,22.234350204467773,22.25967464521897,21.968449211747267,22.10773122080725,849100
2010-08-03,22.39896011352539,22.550903572324692,22.09507319592679,22.221693818291605,1479867
2010-08-04,22.424644470214844,22.514548149335546,22.219149646598513,22.373269539464996,1279633
2010-08-05,22.309059143066406,22.52739693974048,22.244841279447385,22.411805765103107,883267
2010-08-06,22.116409301757812,22.42465246362134,21.821010693724112,22.142096776289197,1105433
2010-08-09,22.18061637878418,22.309050422690582,21.833842990422173,22.18061637878418,1408833
2010-08-10,22.06502914428711,22.270523977437147,21.718255694712056,21.96228091114821,1954833
2010-08-11,21.178831100463867,21.8338459565598,21.165986551139056,21.78247265864365,1174800
2010-08-12,20.90911102294922,21.19166651110554,20.80636283038005,21.050387950463822,850300
2010-08-13,20.793535232543945,20.96049973944695,20.742161914988017,20.90912642189102,877533
2010-08-16,20.66509246826172,20.844899820974504,20.536658411591493,20.74215322888938,1409400
2010-08-17,21.06324005126953,21.178831196953265,20.67793623232374,20.870588141796635,1077500
2010-08-18,21.037548065185547,21.191669559646993,20.857740743732094,21.08892135229691,616333
2010-08-19,20.716466903686523,21.076083262018226,20.677936521253564,20.98617958071723,676367
2010-08-20,20.613725662231445,20.677941894220538,20.356855834890627,20.626568582003635,1109133
2010-08-23,20.459604263305664,20.832063637962793,20.446759710298064,20.755002852429847,1985467
2010-08-24,20.472440719604492,20.780683764417457,20.16419767479153,20.27978881659639,1331867
2010-08-25,20.18988609313965,20.43391130409937,19.920173416189737,20.382538005246726,1201633
2010-08-26,20.035770416259766,20.459604746704905,20.010084575894012,20.215579464461044,807433
2010-08-27,20.408226013183594,20.408226013183594,19.843114766192706,20.177045327143976,1115900
2010-08-30,20.035770416259766,20.446760193393825,19.971554182217183,20.39538687953412,703900
2010-08-31,20.408226013183594,20.433913481911507,19.958705925776467,20.010080863232293,1166900
2010-09-01,20.66509246826172,20.767839060346844,20.356849425751072,20.588031707634055,1082267
2010-09-02,20.600873947143555,20.793525842388952,20.485282809996317,20.652248874627382,987500
2010-09-03,21.127456665039062,21.165987047661968,20.600875857944544,20.690781172816475,766700
2010-09-07,21.050392150878906,21.153140363950552,20.87058481941283,21.10176707397845,868533
2010-09-08,21.165990829467773,21.29442654991069,20.896279736044907,21.011870904566717,904967
2010-09-09,21.332950592041016,21.589818690242616,21.127454153726685,21.358636421984652,791233
2010-09-10,21.307266235351562,21.551291454157727,21.255892934847047,21.422857386332552,479133
2010-09-13,21.808162689208984,22.052187942696296,21.49992120924649,21.564137435721673,920033
2010-09-14,21.5384578704834,21.872386918154486,21.461397069770303,21.85954399574513,702400
2010-09-15,21.487070083618164,21.576975386182287,21.307262744744943,21.487070083618164,668433
2010-09-16,21.230205535888672,21.49991822237306,21.20451806899042,21.44854328857656,716467
2010-09-17,20.960491180419922,21.384325368290348,20.806369657557948,21.320107522721973,1056767
2010-09-20,21.204517364501953,21.2558922965916,20.96049215302319,21.050395834488477,909133
2010-09-21,20.986181259155273,21.320110178196146,20.921963405588404,21.281579792681594,855900
2010-09-22,20.652246475219727,20.986175299430364,20.52381080455958,20.973332385615308,1007267
2010-09-23,20.562339782714844,20.96048641521686,20.52380941075893,20.549496869771968,883600
2010-09-24,20.999027252197266,21.011871804668605,20.69078575606275,20.780689457721646,729733
2010-09-27,20.652246475219727,21.08892187620561,20.588028639889654,20.973332385615308,808333
2010-09-28,20.729307174682617,20.793525014918085,20.549499835027337,20.793525014918085,927300
2010-09-29,20.549501419067383,20.729308772582954,20.53665850328131,20.70362294101081,974100
2010-09-30,20.870588302612305,21.07608312992424,20.70362385749184,20.716466773846427,1496000
2010-10-01,20.986181259155273,21.165988636137943,20.83205971709707,21.114615333161158,981167
2010-10-04,20.896272659301758,21.14029783249676,20.652247486106756,20.90911557374545,1023633
2010-10-05,21.15314292907715,21.29442153504182,20.703622912773668,21.101769632875286,1166233
2010-10-06,21.178831100463867,21.281577696296168,21.02470957358772,21.101770337025794,665467
2010-10-07,21.07608985900879,21.255898911020225,20.832064571594028,21.19168104248866,725000
2010-10-08,21.037548065185547,21.15313918603163,20.8834265707241,21.11460881241627,606600
2010-10-11,21.06324005126953,21.12745626567536,20.69078078170707,21.076082967525156,1196400
2010-10-12,21.281585693359375,21.29443024751083,20.973344156905668,21.06324787032432,597467
2010-10-13,21.29442596435547,21.448545885018525,21.07608655210884,21.384329659690916,730167
2010-10-14,21.38432502746582,21.64119313939003,21.217360591402322,21.217360591402322,935067
2010-10-15,21.21736717224121,21.602669459633976,21.12746183536758,21.53845322829925,910467
2010-10-18,21.345792770385742,21.51275719176772,21.204514178061,21.3072623936724,1767767
2010-10-19,21.37148666381836,21.576983172583777,21.06324516692643,21.07608808630123,964933
2010-10-20,21.589820861816406,21.641194159998513,21.204517042631366,21.461386799797296,832733
2010-10-21,21.525598526000977,21.82099860349237,21.3714770304624,21.692562935125313,880400
2010-10-22,21.641193389892578,21.705411235180783,21.538446797184626,21.57697717773202,482467
2010-10-25,21.551294326782227,21.846692885467302,21.49992101943004,21.769632107875022,530833
2010-10-26,21.564130783081055,21.808155961285397,21.53844495366639,21.53844495366639,1193833
2010-10-27,21.551294326782227,21.589824715578366,21.217365379301015,21.474233549189947,1182900
2010-10-28,21.66689109802246,21.795325216190623,21.44855162732101,21.71826441866404,954867
2010-10-29,21.74394416809082,21.93659609344179,21.654040480636315,21.666883397950432,765900
2010-11-01,21.962284088134766,21.98797155841729,21.705415917821515,21.82100708440088,1151667
2010-11-02,22.077877044677734,22.167780748263514,21.97513042147345,22.090719964296238,1026000
2010-11-03,22.142091751098633,22.219152524075422,21.96228273644349,22.077873895908677,1040167
2010-11-04,22.585193634033203,22.611257423890134,22.129057425634155,22.350609582369444,1442800
2010-11-05,22.363645553588867,22.611261545314825,22.11602956186291,22.54610040163681,1631833
2010-11-08,22.259380340576172,22.42880158301195,22.20724945278181,22.324541464581582,780367
2010-11-09,22.06389808654785,22.41577253547509,22.037832637414514,22.32454594924645,622733
2010-11-10,22.441843032836914,22.4679084878336,21.99874024084763,22.089966847597438,731800
2010-11-11,22.16815185546875,22.41576776953302,22.10299073222772,22.27241197267608,770700
2010-11-12,21.82931137084961,22.19421932870836,21.738084795674546,22.116024647941593,899167
2010-11-15,21.95962905883789,22.337568803924334,21.90749983882963,21.90749983882963,658633
2010-11-16,21.790212631225586,22.024796658462268,21.607759492591537,21.881439200542612,1036600
2010-11-17,21.75111961364746,22.116027620553442,21.685956818530467,21.88144354672273,769100
2010-11-18,22.102985382080078,22.25937469145702,21.998725290109473,21.998725290109473,715700
2010-11-19,22.06389808654785,22.181190121909832,21.933574155198553,22.024800741427192,768533
2010-11-22,22.155136108398438,22.25939630158816,22.011778549907508,22.011778549907508,776900
2010-11-23,22.050859451293945,22.337572697046475,21.933569100122817,21.94660099310665,748733
2010-11-24,22.155136108398438,22.32455747231713,22.050875915208714,22.155136108398438,655467
2010-11-26,22.024803161621094,22.285451052960966,22.024803161621094,22.10299786045483,279000
2010-11-29,22.194215774536133,22.20724766685751,21.86840520923593,21.959631769802012,465300
2010-11-30,21.894479751586914,22.28545159816162,21.8684142989517,22.050867495921448,925000
2010-12-01,21.98571014404297,22.194228829631022,21.842352615549128,22.1030022154036,942367
2010-12-02,22.33757209777832,22.441832210326858,22.05085885971768,22.05085885971768,1737233
2010-12-03,22.546096801757812,22.67642072546421,22.1942207163078,22.324544640014196,2077733
2010-12-06,22.806743621826172,22.806743621826172,22.350609080821354,22.480932998657227,1124733
2010-12-07,22.572153091430664,23.028287501407945,22.54608930964559,23.002223719622876,771067
2010-12-08,22.741579055786133,22.741579055786133,22.572157810133515,22.611255148142455,839200
2010-12-09,22.98918914794922,23.054351913826537,22.715509508443613,22.780670617162958,909067
2010-12-10,23.158615112304688,23.158615112304688,22.832804553557814,23.01525767102013,568267
2010-12-13,23.028297424316406,23.262881504412775,22.83281234806153,23.21075226122206,771400
2010-12-14,23.028297424316406,23.19772036471407,22.897973487760233,23.067394770999133,1105500
2010-12-15,23.2368221282959,23.484438151967577,22.911011396395367,22.911011396395367,1168867
2010-12-16,23.862367630004883,23.97965964070271,23.262875683268767,23.31500491341502,1518600
2010-12-17,23.588693618774414,23.90147241138843,23.43230422246741,23.836309610540887,1630400
2010-12-20,23.432302474975586,23.74508124426375,23.393205128814564,23.74508124426375,623300
2010-12-21,23.914499282836914,24.057856751710034,23.497462085101773,23.588688661389114,793400
2010-12-22,24.566123962402344,24.76161069405028,23.99269732100756,24.018762770946868,1302833
2010-12-23,25.152576446533203,25.165608338928404,24.461857977897388,24.579149980928932,3167067
2010-12-27,24.931020736694336,25.191670147108734,24.865859626959235,25.035280832291697,1106167
2010-12-28,24.670379638671875,25.074384925216854,24.657346087482445,24.996190246714054,922100
2010-12-29,24.72250747680664,24.904962268736313,24.683410139761595,24.69644203305716,641600
2010-12-30,24.800703048706055,24.931026957854613,24.748573816478313,24.761605710245647,464000
2010-12-31,24.566123962402344,24.839805386709454,24.566123962402344,24.76161069405028,617500
2011-01-03,24.72250747680664,24.917994162031878,24.566118128626453,24.683410139761595,1054100
2011-01-04,24.500967025756836,24.891938898954397,24.201220100097107,24.87890700032885,1156567
2011-01-05,24.72250747680664,24.72250747680664,24.344567656810085,24.42276233090018,1087367
2011-01-06,24.474895477294922,25.074387522186658,24.409732686074157,24.813738014462217,1050833
2011-01-07,24.279403686523438,24.657343488004035,23.992690447959145,24.527019589958133,1158033
2011-01-10,23.95359230041504,24.33153208907736,23.719008297593646,24.266370970843564,1444933
2011-01-11,24.05786895751953,24.162127481269838,23.862382154038514,24.031803498002276,730600
2011-01-12,24.08391761779785,24.540053758190695,23.96662560945326,24.448825535817136,1219467
2011-01-13,23.92753028869629,24.188178095258447,23.79720472825687,24.162112651738894,862067
2011-01-14,24.357603073120117,24.37063496830058,23.914500408239924,23.979663198459413,776000
2011-01-18,24.461856842041016,24.461856842041016,24.018754292438416,24.37062862803595,1315867
2011-01-19,23.79720115661621,24.3836611190988,23.679909164119692,24.34456378826663,1342433
2011-01-20,23.823272705078125,24.07088864479048,23.47139663735917,23.797207258786848,1735900
2011-01-21,23.862367630004883,24.305470229143893,23.797204849453305,24.25334099899764,789833
2011-01-24,23.888431549072266,24.149079340327056,23.81023688026418,23.86236610708349,1831067
2011-01-25,24.34457015991211,24.34457015991211,23.810240936795783,23.901467513561332,1139433
2011-01-26,23.65384864807129,24.553085724230378,23.45836196691533,24.34456715005013,2890233
2011-01-27,24.123008728027344,24.227268816478027,23.13254534495636,23.380161190724106,1736100
2011-01-28,23.81024169921875,24.227278912493865,23.81024169921875,24.17514967512412,926400
2011-01-31,23.875410079956055,24.031799496701993,23.745086118387466,23.875410079956055,894567
2011-02-01,24.266380310058594,24.448833499922443,23.940569622022704,23.940569622022704,1313433
2011-02-02,24.527027130126953,24.657351068237414,24.149087212458987,24.149087212458987,1142500
2011-02-03,24.21002960205078,24.632681094024196,24.1439895716628,24.632681094024196,948233
2011-02-04,24.289281845092773,24.553440358496772,24.104372397231344,24.302490862417297,746633
2011-02-07,24.645885467529297,24.672301812404562,24.315688714192408,24.315688714192408,779333
2011-02-08,24.84401512145996,24.96288620810191,24.540234575242735,24.63268930503037,790867
2011-02-09,24.47418785095215,24.817591999101563,24.381733146368514,24.76476097926346,781433
2011-02-10,24.500614166259766,24.553445207586957,24.196831899824243,24.47419780586191,620067
2011-02-11,24.923269271850586,24.923269271850586,24.289289971155657,24.460993818073035,1000033
2011-02-14,24.711936950683594,24.976093804074594,24.672313254728113,24.94967744694817,674700
2011-02-15,24.777971267700195,24.896842336105323,24.65910019929507,24.672309215429888,512733
2011-02-16,24.962888717651367,25.055343456733592,24.77797756001845,24.98930339769288,658800
2011-02-17,24.857223510742188,25.081758354823034,24.725145079824944,24.976094602408217,614500
2011-02-18,24.896846771240234,24.896846771240234,24.619480895551533,24.857223074713275,505367
2011-02-22,24.579853057861328,24.79117882947266,24.513813019465566,24.698722439825,964267
2011-02-23,24.540231704711914,24.910052260071954,24.46098432288704,24.65910109798112,1008200
2011-02-24,24.157201766967773,24.60626969735328,23.985499668769684,24.487398626415818,884067
2011-02-25,24.606266021728516,24.61947335670377,24.210030857260364,24.22323819223562,614333
2011-02-28,24.645885467529297,24.751549167562818,24.3685197244754,24.751549167562818,841133
2011-03-01,24.091154098510742,24.69871487603199,24.05153042350132,24.69871487603199,1112200
2011-03-02,23.853422164916992,24.21003539124485,23.708134735108857,24.104371653250922,1509000
2011-03-03,24.025121688842773,24.196823775104043,23.853419602581507,23.959081649757074,912867
2011-03-04,23.443979263305664,24.07795668947945,23.35152453688895,23.998709301274197,1402567
2011-03-07,23.20623016357422,23.60246698618624,22.92886606721354,23.496803273667123,1540667
2011-03-08,23.37793731689453,23.470393715279425,23.140196851032506,23.29868993511782,1777167
2011-03-09,23.66851234436035,23.708136038352688,23.20623703409528,23.33831545424698,833267
2011-03-10,23.259063720703125,23.470389474097676,23.113776320543735,23.391142106641244,998333
2011-03-11,23.338315963745117,23.404356014996804,23.10057547406924,23.206237540710017,760733
2011-03-14,23.298683166503906,23.351515858651762,23.08735743631532,23.17981380784026,1747100
2011-03-15,23.325105667114258,23.457184073398736,22.704335646055966,22.80999937876438,1027733
2011-03-16,23.087358474731445,23.404347924005588,23.04773479357218,23.31189322778986,1220500
2011-03-17,23.24586296081543,23.43077411036282,23.0477444718248,23.33831769585493,966500
2011-03-18,23.232650756835938,23.523223920024808,23.11377968833121,23.496807567201078,1198767
2011-03-21,23.285486221313477,23.58926845855023,23.206238827205485,23.417564651670673,831633
2011-03-22,23.166610717773438,23.44397654432353,23.15340338109373,23.219443423428338,598933
2011-03-23,22.981698989868164,23.20623208832619,22.90245161877289,23.14019373205871,1083067
2011-03-24,22.84962272644043,23.08736318240528,22.704335306075436,22.98170113074713,1064667
2011-03-25,22.783584594726562,22.942079364970002,22.757168239863265,22.90245567240914,1393667
2011-03-28,23.02132225036621,23.16660797504651,22.783580141469894,22.796787476585965,901100
2011-03-29,22.942081451416016,23.193030967301105,22.849626720188525,22.955288790314707,598033
2011-03-30,22.66472053527832,23.074164925370813,22.585473125617277,23.03454122054029,1561333
2011-03-31,22.796789169311523,22.955283920344414,22.638294418278633,22.651503433843352,926533
2011-04-01,22.942081451416016,23.126990913870998,22.823210362922815,22.99491248647911,997600
2011-04-04,22.836416244506836,23.04774205074169,22.73075418112352,22.942079987358373,590133
2011-04-05,23.02132225036621,23.193024324746492,22.770372806353826,22.796787476585965,1101267
2011-04-06,23.04773712158203,23.16660817706678,22.7703730049188,23.140193506604298,1082300
2011-04-07,22.955278396606445,23.113773109500688,22.876031040159322,23.008109407748673,739733
2011-04-08,22.796789169311523,23.113778671377304,22.71754179379508,22.981700272005885,802133
2011-04-11,22.84962272644043,22.955284778098576,22.73075165872399,22.743958995314248,609633
2011-04-12,22.638294219970703,22.78358163363415,22.638294219970703,22.730750610241966,628900
2011-04-13,22.598674774169922,22.94207898435476,22.57225841974488,22.770376879262344,848867
2011-04-14,22.40054702758789,22.585456393497005,22.162804974732644,22.585456393497005,1033033
2011-04-15,22.47979736328125,22.61187573924831,22.334509974090118,22.413757335563886,665867
2011-04-18,22.55904769897461,22.58546236996997,22.176018174862964,22.321305583209014,1231433
2011-04-19,21.502412796020508,22.2288463302684,21.33071075179002,22.2288463302684,4226200
2011-04-20,21.343914031982422,21.59486338428151,21.211835690688254,21.59486338428151,2083233
2011-04-21,21.383556365966797,21.462803775804186,20.97411197496319,21.37034902415013,1917733
2011-04-25,21.449588775634766,21.476003449837012,21.21184663100596,21.42317242196442,972800
2011-04-26,21.594879150390625,21.60808816979082,21.4099696734725,21.568464470527154,1000000
2011-04-27,21.872234344482422,21.91185802436063,21.59486858533497,21.59486858533497,1198300
2011-04-28,22.01753044128418,22.030739460455433,21.832620967570893,21.885452005850627,794033
2011-04-29,21.92507553100586,22.057153965394704,21.75337339835352,22.03073928619798,712433
2011-05-02,21.898656845092773,22.043942592497583,21.806200446415417,22.043942592497583,646533
2011-05-03,22.12318992614746,22.149606279921528,21.832616752505146,21.845824089658127,1017500
2011-05-04,22.123186111450195,22.23045079427406,21.989106536606084,22.190226751329398,1224633
2011-05-05,21.801406860351562,22.06956787599355,21.747775339189293,22.06956787599355,950467
2011-05-06,21.707534790039062,22.042734526395336,21.707534790039062,21.98910304595426,872967
2011-05-09,21.667306900024414,21.787978988241242,21.53322737031029,21.68071434152171,810533
2011-05-10,21.747766494750977,21.895255249110257,21.653910944657593,21.653910944657593,859433
2011-05-11,22.02933692932129,22.096375883609614,21.72095194288474,21.787992602087847,1006033
2011-05-12,22.069568634033203,22.17683168004199,21.868448291622514,22.002527951591183,766667
2011-05-13,21.801406860351562,22.13660685121756,21.720958726150496,22.109791943094084,969267
2011-05-16,21.787988662719727,22.069556993583234,21.694133120736716,21.76117206290409,606533
2011-05-17,21.98910903930664,21.98910903930664,21.72094815418327,21.774581354156634,957033
2011-05-18,21.935474395751953,22.082961412223028,21.85502631225346,22.05614481608545,699000
2011-05-19,22.082962036132812,22.09636948212328,21.80139373593294,21.97569735346619,677133
2011-05-20,21.84161949157715,22.082963767816867,21.814804597493463,21.98910822869512,510133
2011-05-23,21.84161949157715,22.09637121485871,21.694132459373606,21.694132459373606,864633
2011-05-24,21.747766494750977,21.94888674846153,21.68072584187592,21.90866269771942,601500
2011-05-25,21.54665184020996,21.828220268573848,21.466203717820278,21.667324023794485,752067
2011-05-26,21.385753631591797,21.586873919097265,21.345529574090705,21.560059017373145,750800
2011-05-27,21.653907775878906,21.747763312237705,21.452787551599783,21.466194998246934,1066733
2011-05-31,21.720947265625,21.841619403256903,21.372340004631344,21.720947265625,1928467
2011-06-01,21.238262176513672,21.680725012843265,21.171221526202128,21.66731756474678,1545000
2011-06-02,21.184629440307617,21.399157121878307,20.996916653361726,21.224853487159276,1377800
2011-06-03,21.104175567626953,21.318703190453327,20.594672250300057,21.037134939593837,1136767
2011-06-06,21.01032066345215,21.278481500231088,20.9164651377909,21.05054470372328,833333
2011-06-07,20.99691390991211,21.211441563452688,20.983506464351525,21.1578100762961,650067
2011-06-08,20.795793533325195,21.117585863484173,20.76897864242143,20.970097143856567,645333
2011-06-09,20.768980026245117,20.90305960444025,20.648307894395195,20.86283556049028,895367
2011-06-10,20.768980026245117,20.916467050785464,20.59467640410001,20.728755982295144,976400
2011-06-13,20.903053283691406,20.943277315478277,20.648301650679166,20.782381188330795,699433
2011-06-14,20.98350715637207,21.13099417714525,20.91646651652971,21.037138645297382,584600
2011-06-15,20.728763580322266,20.970106227570742,20.621498855500192,20.80921169771008,719200
2011-06-16,21.157814025878906,21.224854676024965,20.675125436622224,20.76898268780962,1140767
2011-06-17,21.31871223449707,21.533239948332604,21.198040075793074,21.31871223449707,1209867
2011-06-20,21.2248592376709,21.586874052503063,21.131001966311704,21.265083295420574,1042867
2011-06-21,21.050548553466797,21.305300286801803,20.970100458212112,21.278485391659903,2552667
2011-06-22,20.715349197387695,21.06395818641449,20.701941749510926,21.02373413786965,1194333
2011-06-23,20.2326602935791,20.6751230783477,20.12539560656329,20.621491587296976,1902167
2011-06-24,20.031543731689453,20.326519543745757,19.99131967982202,20.246071440010887,2576333
2011-06-27,19.964500427246094,20.08517256683277,19.910868933512386,20.018133625894247,1508200
2011-06-28,19.77678680419922,20.018131052345133,19.64270723464512,20.018131052345133,1814700
2011-06-29,20.192434310913086,20.192434310913086,19.790193904355377,19.91086602632269,1261033
2011-06-30,20.098575592041016,20.246062581076938,19.99131093235804,20.246062581076938,1976167
2011-07-01,20.849430084228516,20.876244979452707,20.125397224714394,20.125397224714394,2575500
2011-07-05,20.51424217224121,20.862849651993187,20.433794030003757,20.862849651993187,1268800
2011-07-06,20.742162704467773,20.782386747013405,20.42037036410274,20.514227599985393,846567
2011-07-07,20.9700984954834,21.01032253934591,20.661715295813703,20.849428068810198,886533
2011-07-08,20.634897232055664,20.755569355068847,20.594674895965483,20.70193786870106,648033
2011-07-11,20.380157470703125,20.500829664354807,20.313118499728997,20.460605599804246,742133
2011-07-12,20.33992576599121,20.47400706740575,20.27288682019851,20.326518317815584,927133
2011-07-13,20.48741912841797,20.701946872102745,20.286298835927568,20.460602521114264,792933
2011-07-14,20.21925163269043,20.56785886095456,20.111986952116865,20.55445141522571,752533
2011-07-15,20.246074676513672,20.313115341981295,20.044954385025747,20.246074676513672,633400
2011-07-18,19.884057998657227,20.205848730052782,19.843833944118433,20.15221722563932,837567
2011-07-19,20.044946670532227,20.111987310198604,19.830419010479822,19.964498584898287,826067
2011-07-20,20.21925163269043,20.35333120472169,20.08517035574491,20.111986952116865,1013700
2011-07-21,20.111988067626953,20.219252754149945,19.817012310831664,20.165619558431274,1716200
2011-07-22,19.347734451293945,20.018134106252866,19.320917851326374,19.924278563738095,2468233
2011-07-25,19.092985153198242,19.294103711397366,18.798009335602863,19.24047220953858,1564933
2011-07-26,18.891864776611328,19.186840592434947,18.865048173385656,19.052760986135976,1129700
2011-07-27,18.44940185546875,18.905273921712173,18.422586954752273,18.838234965006134,1708167
2011-07-28,18.20806121826172,18.55666860506783,18.181244609693927,18.43599642388532,1479400
2011-07-29,18.14101791381836,18.355545636449538,17.966714245737702,18.08738640938926,1265767
2011-08-01,18.22146224975586,18.435989927964258,18.073973511973218,18.435989927964258,1182567
2011-08-02,18.03375244140625,18.30191336210039,17.95330433568948,18.167833754210676,1542100
2011-08-03,17.59656524658203,18.143042784225813,17.41896043771875,18.11571829932215,2301800
2011-08-04,17.35065460205078,17.842485034877186,17.3369932246516,17.48727532486122,2586000
2011-08-05,17.2686767578125,17.582902224534813,17.09107196559765,17.52825499705425,3101567
2011-08-08,15.683895111083984,17.022765371130586,15.683895111083984,16.708539867386957,4126167
2011-08-09,16.981781005859375,16.981781005859375,15.752206842647192,16.10741650018683,4098467
2011-08-10,16.18939208984375,16.831502944028454,16.17573071120306,16.74953119777468,3266100
2011-08-11,17.487276077270508,17.555584704410126,16.257701679505363,16.257701679505363,2856633
2011-08-12,16.940797805786133,17.81516071171345,16.831501573942884,17.569247230174312,3363600
2011-08-15,17.815162658691406,17.815162658691406,17.09108003805999,17.09108003805999,2509833
2011-08-16,17.760517120361328,18.07474102863545,17.58291222711052,17.760517120361328,2546800
2011-08-17,17.70586395263672,18.020087756041768,17.55558187022271,17.96544051571142,1224867
2011-08-18,16.73586654663086,17.364315899288943,16.612908951293115,17.350652786115102,1690733
2011-08-19,16.394323348999023,17.05009565756518,16.394323348999023,16.585589620878938,1161133
2011-08-22,16.380647659301758,16.940786342613205,16.230365659357872,16.858814658498993,1141933
2011-08-23,16.667558670043945,16.708544541249164,16.24403857999158,16.462631051222576,1718733
2011-08-24,17.063756942749023,17.104742816208816,16.61291233469128,16.69488408161087,1156000
2011-08-25,16.70854377746582,17.596569788182194,16.517277545387802,17.22769870140183,1486700
2011-08-26,17.077409744262695,17.13205696902723,16.394313354492187,16.66755121551881,1263867
2011-08-29,17.760517120361328,17.760517120361328,17.26868658163137,17.296011079518046,1149333
2011-08-30,17.6102294921875,17.81515881937292,17.446287767643653,17.678539846984137,1127967
2011-08-31,17.500934600830078,17.828821516676552,17.432624247627245,17.787835652195742,1540200
2011-09-01,17.063756942749023,17.63755743398132,17.05009382679254,17.623896055229665,1134800
2011-09-02,16.489953994750977,16.954459961291043,16.47629261659545,16.74953060293443,1215133
2011-09-06,16.366994857788086,16.503615575458117,16.107418273742372,16.312347613042828,1034633
2011-09-07,16.790517807006836,16.872489556854298,16.407983553453647,16.626574307311913,1635633
2011-09-08,16.339672088623047,16.776853520582392,16.27136172985239,16.667557293990264,1453600
2011-09-09,16.230375289916992,16.571923597321657,16.05277044801929,16.271361156293732,2430467
2011-09-12,17.009103775024414,17.009103775024414,16.066430654222835,16.244035483184813,2042567
2011-09-13,16.981781005859375,17.22769618594269,16.858823415817717,17.063752732553812,1380300
2011-09-14,17.664880752563477,17.77417524970956,17.009106820868123,17.104741677376836,1840600
2011-09-15,17.760517120361328,17.828827496475498,17.623898105338018,17.733192622474654,2263967
2011-09-16,17.6102294921875,17.774172953935835,17.336991547409937,17.705864336343687,1380267
2011-09-19,17.391643524169922,17.596572907151728,17.186715878393077,17.323334887979293,1012700
2011-09-20,17.227693557739258,17.541917303994673,17.227693557739258,17.541917303994673,1470500
2011-09-21,16.216716766357422,17.39164224717502,16.189392271564515,17.25502324762016,2410600
2011-09-22,15.779537200927734,16.121085610149503,15.629255067011735,15.957142095770246,3093700
2011-09-23,16.503618240356445,16.503618240356445,15.711225246179014,15.75221112065724,2259700
2011-09-26,16.858827590942383,16.872488969706595,16.326011235475423,16.585587855224386,2365467
2011-09-27,16.83150291442871,17.26868440221015,16.70854529526428,17.241361644976816,1697300
2011-09-28,16.13473892211914,16.790510914499436,16.121077548487524,16.530934392273643,1868367
2011-09-29,16.872493743896484,16.872493743896484,16.35334035750049,16.47629801278459,2251767
2011-09-30,16.2576961517334,16.790510558520296,16.18938581061522,16.626567129599977,1832133
2011-10-03,15.57460880279541,16.367000189969783,15.57460880279541,16.14840940256978,2024700
2011-10-04,16.2576961517334,16.2576961517334,15.205726974297448,15.424317633789826,2233333
2011-10-05,16.62657356262207,16.72220842463063,15.943476835958464,16.24403932620226,1895167
2011-10-06,17.13206672668457,17.145729843560567,16.39432269196359,16.599252073054124,2402700
2011-10-07,16.47629165649414,17.145726942381692,16.448967164570586,17.145726942381692,1594467
2011-10-10,17.118396759033203,17.118396759033203,16.69487682965313,16.831495769439332,1655600
2011-10-11,17.022768020629883,17.077415263054395,16.763191447607817,16.981782154510373,1373300
2011-10-12,17.541921615600586,17.74685095144262,17.050091209579705,17.077415700093496,1940900
2011-10-13,17.35065460205078,17.432626340855183,16.88615039843205,17.39164047145298,1467200
2011-10-14,17.36431121826172,17.63754908721717,17.077410239815695,17.555577379089733,1414267
2011-10-17,16.804182052612305,17.255024969862948,16.763196174934517,17.20037771202757,1520667
2011-10-18,17.582904815673828,17.705862398528,16.80417519480169,16.872483804917813,2005433
2011-10-19,16.612903594970703,17.705858487446687,16.53093189117481,17.692195378678097,2972500
2011-10-20,16.653892517089844,16.872483188442448,16.38065461220015,16.749525610080816,1923133
2011-10-21,16.95445442199707,16.995440280277652,16.653892040340875,16.899807190024358,2115300
2011-10-24,17.2686767578125,17.35064846763536,16.87248131847137,17.00910025577479,1217000
2011-10-25,17.241363525390625,17.41896841559685,17.07742001529103,17.173053150447462,2070433
2011-10-26,17.582904815673828,17.637552051207585,17.33698964996548,17.569243441091462,1451767
2011-10-27,18.429948806762695,18.525581924122676,17.815160758295654,18.11572322514465,2264500
2011-10-28,18.429948806762695,18.648539533816084,18.143047717478076,18.416285691993643,1410267
2011-10-31,18.184030532836914,18.539240187480253,18.129383294554334,18.388959847902065,1475167
2011-11-01,17.282352447509766,17.85615309673855,17.227705180251142,17.596576405753467,2151600
2011-11-02,17.73319435119629,17.85615199786531,17.432631793962628,17.651222586750272,1751167
2011-11-03,17.92820930480957,18.03965017158888,17.44065152717864,17.81676666670962,1592400
2011-11-04,17.579959869384766,17.774982342608258,17.42672640786235,17.733191559585897,932800
2011-11-07,17.84463119506836,17.84463119506836,17.496375319709994,17.57995687150168,1061600
2011-11-08,18.137168884277344,18.192889335301576,17.74712218446532,17.928214978784972,987000
2011-11-09,17.008819580078125,17.81677232022529,16.869517566741152,17.774981539092078,2403233
2011-11-10,16.980945587158203,17.398853081466225,16.86950476955597,17.30134015191445,2039133
2011-11-11,17.03667640686035,17.245630281703477,16.92523552115798,17.17598017096973,1634933
2011-11-14,16.70234489440918,17.05060061433384,16.590902284652405,16.980948761820834,1711633
2011-11-15,16.883447647094727,16.980958881668865,16.590912172051056,16.632702954200152,1096067
2011-11-16,16.632699966430664,17.050607712851907,16.618770298656933,16.744142622583304,1050267
2011-11-17,16.590906143188477,16.980952711069776,16.50732460926244,16.869511846715465,1431600
2011-11-18,16.618772506713867,16.78593562749253,16.549120615949036,16.730213406352203,1010200
2011-11-21,16.284442901611328,16.632698740861052,16.186931691738398,16.39588554955239,1190667
2011-11-22,16.117284774780273,16.395890594701815,16.01977353490234,16.29837758350254,822100
2011-11-23,15.769026756286621,16.075491878005227,15.755097087083401,16.019771429871238,1468900
2011-11-25,15.852604866027832,15.991906841723608,15.68544178666461,15.76902332634622,434833
2011-11-28,16.131214141845703,16.395888485361795,15.95011958510001,16.32623659651183,1067333
2011-11-29,16.047630310058594,16.186932296700526,15.922257990684598,16.14514152357586,720933
2011-11-30,16.771997451782227,16.771997451782227,16.298369390200875,16.465532443855523,1507500
2011-12-01,16.479469299316406,16.730212190947444,16.43767852215773,16.688421413788767,1240433
2011-12-02,16.590906143188477,16.74413954582641,16.4933949440483,16.646626575365634,1460000
2011-12-05,16.521257400512695,16.79986135556414,16.423744422056018,16.79986135556414,1618867
2011-12-06,16.57697296142578,16.688413802139642,16.159065380448233,16.326228412839253,1396400
2011-12-07,16.43767547607422,16.479466245488602,16.11727898679036,16.423744038722287,1552533
2011-12-08,16.21478843688965,16.49339412660848,16.15906800747409,16.326231067041284,1895900
2011-12-09,16.758073806762695,16.869516472999567,16.214793687254712,16.270515906033694,1450200
2011-12-12,16.71628189086914,16.73021155895549,16.437677901216375,16.576979896042758,1196400
2011-12-13,16.646631240844727,17.036677918042717,16.493399566581818,16.77200357687134,1498700
2011-12-14,16.50732421875,16.827720681660413,16.465533452775624,16.493394553865397,1438833
2011-12-15,16.71628189086914,16.9252357687692,16.61877067162277,16.646630007795466,1683867
2011-12-16,16.674488067626953,16.99488277429992,16.618767634144838,16.799860371452194,3621767
2011-12-19,16.36802864074707,16.813795804143933,16.284447076195,16.716284569273604,1405233
2011-12-20,16.744140625,16.785931394656465,16.563046108941496,16.604836878597965,1887567
2011-12-21,16.883447647094727,16.939168099519772,16.54912138990196,16.730214188774294,1544200
2011-12-22,17.16204833984375,17.23170022030783,16.813792480165162,16.994885243786683,1371033
2011-12-23,17.273494720458984,17.357076286517245,17.036679692853493,17.217774266860573,768500
2011-12-27,17.23169708251953,17.301347178979842,17.148115549710692,17.175976651087165,717533
2011-12-28,16.925235748291016,17.245630513136142,16.89737464083106,17.245630513136142,951900
2011-12-29,17.23169708251953,17.27348784892395,16.911300616312122,16.925232052660647,576633
2011-12-30,17.23169708251953,17.329208280356315,17.12025444833422,17.162045214738637,765067
2012-01-03,17.552095413208008,17.733188181365815,17.42672308802469,17.468513863085796,1105700
2012-01-04,17.87248992919922,17.900349261882575,17.426721121737323,17.468511892083104,3412600
2012-01-05,18.039649963378906,18.234674134972735,17.579953293408852,17.78890713035916,1672333
2012-01-06,18.137168884277344,18.52721558408937,17.928214978784972,18.52721558408937,1823967
2012-01-09,18.401838302612305,18.485419842379926,18.192884453193248,18.220745556889366,1902633
2012-01-10,18.415771484375,18.666516151545082,18.29039915078996,18.624725373683404,1368167
2012-01-11,18.429697036743164,18.485419242326603,18.137163428373114,18.373976602480393,1351733
2012-01-12,18.569002151489258,18.65258192339899,18.262537083417577,18.49935027502355,1300000
2012-01-13,18.555072784423828,18.582933892383984,18.220748345506955,18.40184111894547,1306967
2012-01-17,18.262535095214844,18.736161426864115,18.262535095214844,18.69437065979852,1173500
2012-01-18,18.332181930541992,18.332181930541992,17.956065093882103,18.192879988885835,1573100
2012-01-19,18.123231887817383,18.499348802414634,18.109302222161407,18.471487699782024,1933700
2012-01-20,18.29039764404297,18.44363107401958,18.03965299752901,18.123234546366998,2547967
2012-01-23,18.16503143310547,18.527218857048855,18.15110176071894,18.346124259416406,1961333
2012-01-24,18.23468017578125,18.34612107819262,18.10930783207755,18.137168943341,2236967
2012-01-25,17.92820930480957,18.27646511330604,17.78890733567511,18.192883577561236,2680667
2012-01-26,17.71925926208496,18.067515145200876,17.62174803992955,18.025724368374128,1839900
2012-01-27,17.6914005279541,17.74712275208173,17.440657604664803,17.663541187211546,1839033
2012-01-30,17.83070945739746,17.88642992626758,17.48245342714612,17.593894364886356,1869867
2012-01-31,17.67746353149414,18.039648981616565,17.663533866895747,17.942137786786763,1632767
2012-02-01,17.85856056213379,17.97000321975058,17.77497901175143,17.85856056213379,1355667
2012-02-02,18.067516326904297,18.109307106464367,17.872493869838056,17.97000509837118,2586400
2012-02-03,18.024900436401367,18.394204362065757,17.98228830604513,18.29477665994603,2845067
2012-02-06,17.72661781311035,18.09592359260109,17.712414369868874,17.98229062826516,4284767
2012-02-07,17.81184196472168,17.939678371437072,17.712414250432378,17.740822942858472,2031367
2012-02-08,17.95388412475586,18.067517102946997,17.897068538727748,17.92547723480926,1952767
2012-02-09,17.925477981567383,18.095926552887356,17.840253695907396,18.039109158357373,1462767
2012-02-10,17.72661781311035,17.854454220687757,17.684005677251218,17.84025077744628,1205567
2012-02-13,17.755022048950195,17.925470549601595,17.627185673461646,17.882858424438748,1193900
2012-02-14,17.499353408813477,17.65559850649281,17.414129138467416,17.442537830627657,1390333
2012-02-15,17.81184196472168,17.826047214002067,17.51355882185378,17.55617095742558,1505667
2012-02-16,18.195350646972656,18.209554089698475,17.81184143816387,17.81184143816387,1587167
2012-02-17,18.394207000732422,18.394207000732422,18.195351567966966,18.294779284349694,1411100
2012-02-21,18.337390899658203,18.46522730543197,18.181147607802266,18.451023862390883,3556033
2012-02-22,18.0675106048584,18.422611050556192,18.010695039264345,18.351590238962928,1299433
2012-02-23,18.181154251098633,18.351601048276,17.92548134612959,18.039112544247832,1263933
2012-02-24,18.294776916503906,18.380001178411522,18.1385336404296,18.223757902337216,1470267
2012-02-27,18.50783920288086,18.564654780449835,18.195350817049516,18.26637164361172,1098633
2012-02-28,18.593067169189453,18.72090359873855,18.465230739640358,18.578863723506778,1144167
2012-02-29,18.479433059692383,18.806126739574196,18.422617474287463,18.64988162204204,1271800
2012-03-01,18.55045509338379,18.664086271527925,18.42261866337038,18.593067236721595,1353100
2012-03-02,18.50783920288086,18.635675607012043,18.42261493346007,18.564654780449835,1258900
2012-03-05,18.52204132080078,18.635674273944865,18.40841017379121,18.465225747295996,5073767
2012-03-06,18.266376495361328,18.465231972738266,18.20955909656638,18.422619826709617,1884033
2012-03-07,18.451021194458008,18.507836764541743,18.266369237085062,18.308979560047057,1187233
2012-03-08,18.266376495361328,18.635680556852854,18.20955909656638,18.536252818164385,1271300
2012-03-09,18.451021194458008,18.578857581747222,18.223757107988657,18.308979560047057,1548100
2012-03-12,18.493635177612305,18.5646541958033,18.280574510770133,18.46522648665515,937100
2012-03-13,18.834522247314453,18.834522247314453,18.42260634131771,18.564646122061365,1520533
2012-03-14,18.664085388183594,18.93396348730675,18.621475052997486,18.777718367084656,1204300
2012-03-15,19.24645233154297,19.459511236551112,18.550454610520475,18.64988234034227,2205267
2012-03-16,19.75779151916504,19.87142447338056,19.203835608467525,19.47371184282804,3767867
2012-03-19,19.644161224365234,19.942444355635217,19.530528265213853,19.743588934788562,1727533
2012-03-20,19.573135375976562,19.843011552799975,19.530523252997384,19.55893193702822,1371000
2012-03-21,19.5305233001709,19.72937867046461,19.487911177088794,19.629950985317752,1342533
2012-03-22,19.26065444946289,19.47371514592185,19.175430170879306,19.445306451015707,1240533
2012-03-23,19.360078811645508,19.41689438546013,19.1328147102525,19.232242415961718,1182733
2012-03-26,19.502120971679688,19.573141802006447,19.36008111716091,19.530529665037342,1050200
2012-03-27,19.374286651611328,19.573143914305735,19.374286651611328,19.55894046916147,939867
2012-03-28,19.672563552856445,19.672563552856445,19.33166836663203,19.3884839299804,1125833
2012-03-29,19.445295333862305,19.54472299998732,19.147010529353448,19.54472299998732,1246933
2012-03-30,19.75779151916504,19.928240047421053,19.47371184282804,19.573139548932534,1977933
2012-04-02,19.573135375976562,19.75778730684162,19.502114568966547,19.672563060883263,1298667
2012-04-03,19.700979232788086,19.71518267713482,19.487918536912886,19.573142815262965,1258233
2012-04-04,19.743589401245117,19.828813671088486,19.48791659171501,19.587344304487388,1390200
2012-04-05,19.360078811645508,19.57313947111849,19.246447664016266,19.51632389730387,2084133
2012-04-09,19.033384323120117,19.147015454741002,18.919751385364957,19.104403328849603,1033033
2012-04-10,18.735103607177734,19.147019711618015,18.7209001641009,19.033388554733985,1256933
2012-04-11,19.033384323120117,19.033384323120117,18.834527133582156,18.933956631418273,735600
2012-04-12,19.17543601989746,19.17543601989746,18.9623752584493,19.076008266600116,650633
2012-04-13,18.692487716674805,19.118608984723004,18.692487716674805,19.10440373836519,1043667
2012-04-16,18.862939834594727,18.933960661575505,18.735103429710115,18.791919007613945,838500
2012-04-17,19.388490676879883,19.672570398611345,18.90555370502854,18.933962399655616,2414133
2012-04-18,18.933961868286133,19.388490132754356,18.664083792239932,19.388490132754356,2986500
2012-04-19,18.52204132080078,18.820326242436302,18.294777220647127,18.720898537269303,2246500
2012-04-20,18.635679244995117,18.7493104223157,18.465230672879247,18.635679244995117,1132833
2012-04-23,18.52204132080078,18.607265584125216,18.436817057476347,18.52204132080078,899267
2012-04-24,18.735103607177734,18.820327877908092,18.49363604419817,18.536248179563348,906667
2012-04-25,18.891345977783203,19.019180559285648,18.720897460934065,18.877140730622834,931533
2012-04-26,19.047592163085938,19.161225127090628,18.7919193486764,18.891348869481014,1079767
2012-04-27,19.345870971679688,19.360074410370736,18.976567116639554,19.161219044159623,1451433
2012-04-30,19.161224365234375,19.388488478072972,19.10440698242376,19.360079786667665,909833
2012-05-01,19.047592163085938,19.289061534295392,19.03338871988586,19.175428570290705,1466800
2012-05-02,19.132822036743164,19.189637632314057,18.820333551900415,19.004985592107236,1482533
2012-05-03,18.857831954956055,19.190701694041156,18.814414002876298,19.176229656777764,1541467
2012-05-04,18.669692993164062,18.91572689244946,18.467075217026032,18.857836887962907,1530833
2012-05-07,18.90125846862793,19.074930355614104,18.597332666402128,18.61180655051125,1895300
2012-05-08,18.872310638427734,18.97362045581822,18.684166726587197,18.814420628697622,935600
2012-05-09,18.597333908081055,18.74205987680224,18.45260793935987,18.669697812586918,876633
2012-05-10,18.582857131958008,18.814418991012587,18.55391120946741,18.698637141340264,1016233
2012-05-11,18.713111877441406,18.75652984301536,18.351296111088512,18.452604083997684,1141933
2012-05-14,18.51049041748047,18.756526120331216,18.51049041748047,18.53943633554814,1469633
2012-05-15,18.29340362548828,18.58285733265011,18.2499875017186,18.539439368590344,1217000
2012-05-16,18.23551368713379,18.539439436668214,18.221041645824087,18.409185544010604,1142867
2012-05-17,18.177621841430664,18.5828555196902,18.177621841430664,18.322347760746947,1384133
2012-05-18,18.061843872070312,18.33682372978052,18.018425902942898,18.2934057606531,1045367
2012-05-21,18.018421173095703,18.192093004016403,17.94605913707196,18.018421173095703,1083467
2012-05-22,18.163156509399414,18.30788248216427,18.032902581823866,18.076320557682383,1023933
2012-05-23,18.29340362548828,18.32234954829149,17.84475378392411,18.061841763932872,1146233
2012-05-24,18.35129737854004,18.35129737854004,18.09078956710407,18.336823495488964,902100
2012-05-25,18.38024139404297,18.48155121385343,18.293405457228445,18.336823425635707,664500
2012-05-29,18.496023178100586,18.5249691036794,18.35129723078705,18.4526052098775,911100
2012-05-30,17.97500991821289,18.35129963895541,17.96053787366951,18.307881665034753,904867
2012-05-31,17.873695373535156,18.061839244789763,17.772387418288805,17.98947720830944,1096567
2012-06-01,17.077699661254883,17.685549152252754,17.034281709020064,17.642131200017936,2210100
2012-06-04,16.74483299255371,17.034286705789558,16.60010705608085,17.005340782378934,2472033
2012-06-05,17.019811630249023,17.06322959217476,16.672469775133123,16.701413856223617,1269733
2012-06-06,17.280315399169922,17.338205388231867,16.94744566170177,17.092171554501423,981533
2012-06-07,17.396102905273438,17.642136819445156,17.396102905273438,17.410574947198192,1251700
2012-06-08,17.584245681762695,17.64213568603277,17.265847897842196,17.367155865387343,691267
2012-06-11,17.121122360229492,17.75791794269528,17.121122360229492,17.728972019750437,1083933
2012-06-12,17.497411727905273,17.497411727905273,17.121123897291266,17.179013908087974,1409967
2012-06-13,17.497411727905273,17.728973611382376,17.309267812598268,17.38162986602159,1124967
2012-06-14,17.671079635620117,17.714497594048268,17.425043924430643,17.468461882858794,867900
2012-06-15,17.859222412109375,17.90264036787155,17.526352644792517,17.67107855056986,1142733
2012-06-18,17.815811157226562,17.902647101411635,17.613193340697922,17.786865229068063,917867
2012-06-19,17.9171085357666,17.989472393167528,17.757910625889643,17.888164465037704,839533
2012-06-20,18.134199142456055,18.221035039410307,17.873691451593295,17.931581436132987,898300
2012-06-21,17.772384643554688,18.351290046464165,17.772384643554688,18.163146204583732,889967
2012-06-22,17.97500991821289,18.090791795431475,17.801339862820775,17.888175810662084,566767
2012-06-25,17.70002555847168,17.83027944732675,17.598717591681083,17.80133536555232,739933
2012-06-26,17.671079635620117,17.815805550284004,17.555297799715095,17.700023714378986,714967
2012-06-27,18.047372817993164,18.061844861731835,17.598721059190343,17.743447017448258,690300
2012-06-28,18.03289794921875,18.04736999069023,17.65660830834926,17.960534061281127,945867
2012-06-29,18.134199142456055,18.30787093636456,18.01841733308724,18.293397060012566,975667
2012-07-02,18.38024139404297,18.510495299264754,18.13420746659533,18.307879340224382,768500
2012-07-03,18.409181594848633,18.467071587958902,18.336817723243524,18.409181594848633,438233
2012-07-05,18.365758895874023,18.582848614323087,18.2789230084944,18.380230930340886,733167
2012-07-06,18.568382263183594,18.59732634097639,18.2355106462481,18.2355106462481,616500
2012-07-09,17.931583404541016,18.35129089932237,17.78685750716004,18.336817021381528,1931600
2012-07-10,17.9171085357666,18.1052523566618,17.815800607636778,18.06183441027911,864000
2012-07-11,18.10525131225586,18.11972518707472,17.743435726701335,17.902635467684156,754267
2012-07-12,17.772384643554688,17.989474399681935,17.757912606576053,17.96052848543512,873200
2012-07-13,18.19209098815918,18.19209098815918,17.80133125217733,17.80133125217733,638000
2012-07-16,18.061843872070312,18.192097779452563,17.960535890869775,18.163153693561156,674833
2012-07-17,18.35129737854004,18.3947153471127,18.076317524343278,18.177625504249395,798367
2012-07-18,18.38024139404297,18.467077330857492,18.206571360704192,18.322351382930044,610833
2012-07-19,18.307880401611328,18.524970256233274,18.177626488838158,18.423660430549447,583600
2012-07-20,18.206562042236328,18.481541754645672,18.090780238979555,18.249979988421455,873700
2012-07-23,17.9171085357666,18.018416463896425,17.728964714871402,18.003944428531977,851600
2012-07-24,17.888168334960938,18.01842036199836,17.728968550353382,17.946058329231985,843367
2012-07-25,18.32234764099121,18.380237640281372,17.280318452318866,18.134203763080773,2487367
2012-07-26,18.307880401611328,18.553914343322617,18.148680561458438,18.496024328853558,1154067
2012-07-27,18.394710540771484,18.553908490414333,18.221038711859432,18.409182579750887,1006433
2012-07-30,18.51049041748047,18.5973263313937,18.42365450356724,18.452600421634912,845500
2012-07-31,18.785478591918945,18.814424522920365,18.481554597711778,18.51049868842259,1068767
2012-08-01,18.770998001098633,18.85783391428038,18.64074413132601,18.814415957689505,1164433
2012-08-02,18.684165954589844,18.799947809556393,18.496022050523084,18.640747989013654,992767
2012-08-03,18.905540466308594,19.023606802225626,18.684163740675945,18.84650729835008,985333
2012-08-06,18.743196487426758,19.038366073847264,18.72843866492642,18.964573208084506,722900
2012-08-07,19.12691307067871,19.200704045569523,18.8022279019207,18.861261057159382,1487433
2012-08-08,19.200706481933594,19.25974152129336,18.816988109247145,18.96457195438575,842000
2012-08-09,19.31877326965332,19.36304860761645,19.18594725576394,19.21546477328278,844567
2012-08-10,19.34829330444336,19.407326470531164,19.244982918001554,19.363051126807683,487733
2012-08-13,19.33353042602539,19.37780576246774,19.112153743813646,19.304014786150628,776400
2012-08-14,19.422082901000977,19.584426441896145,19.333532219900047,19.43684072230767,706633
2012-08-15,19.45159912109375,19.52539009932919,19.363048445907022,19.392564086549093,656100
2012-08-16,19.46636390686035,19.58443214156653,19.422088553424402,19.436846379026075,769600
2012-08-17,19.613941192626953,19.628700889892876,19.422082017842587,19.56966585408977,1004133
2012-08-20,19.56966781616211,19.717253543836662,19.525392473185843,19.643460679999386,783200
2012-08-21,19.45159912109375,19.732008966974973,19.318773108313657,19.62870047146721,1114300
2012-08-22,19.363054275512695,19.51063815304668,19.33353674935357,19.407329626435974,559100
2012-08-23,19.34829330444336,19.407326470531164,19.28925826172504,19.34829330444336,510167
2012-08-24,19.422082901000977,19.48111606285814,19.333532219900047,19.333532219900047,539567
2012-08-27,19.436845779418945,19.56967183562925,19.33353725013233,19.481121131489047,1133900
2012-08-28,19.45159912109375,19.55490761660152,19.392564086549093,19.45159912109375,475100
2012-08-29,19.46636390686035,19.52539708589798,19.392571025590126,19.407330727822725,568533
2012-08-30,19.45159912109375,19.495874458687116,19.363048445907022,19.43683942414246,575967
2012-08-31,19.56966781616211,19.702493845090917,19.451601485979047,19.55490999404685,1028467
2012-09-04,19.791046142578125,19.80580396589508,19.49587841645523,19.613944756252135,913733
2012-09-05,19.732013702392578,19.82056439883028,19.643463005954874,19.76152935011801,856300
2012-09-06,20.027179718017578,20.20428109567044,19.835320517770494,19.923871206596925,1255933
2012-09-07,20.086217880249023,20.160008881307505,19.982907476157816,20.07145817873266,724200
2012-09-10,20.012426376342773,20.17476809112029,19.968151022016006,20.071459556568147,576967
2012-09-11,20.10097312927246,20.16000629788054,19.95338926943697,19.95338926943697,518000
2012-09-12,20.24855613708496,20.29283148083564,20.086214461086144,20.100972283459534,609733
2012-09-13,20.307588577270508,20.381381439760595,19.93862801808097,20.23379759141087,1961700
2012-09-14,20.83889389038086,20.853651713081547,20.32234945292071,20.440415787787316,1697000
2012-09-17,20.366628646850586,20.809380301224174,20.366628646850586,20.691313944043582,848733
2012-09-18,20.381383895874023,20.602760633391437,20.30759102449133,20.366626072249755,867433
2012-09-19,20.440412521362305,20.5879963546766,20.381379363362637,20.42565470101995,678333
2012-09-20,20.219036102294922,20.4256549729903,20.16000294350922,20.33710429649661,914433
2012-09-21,20.18952751159668,20.45517963384607,20.14525215788845,20.41090428013784,1477900
2012-09-24,20.83889389038086,20.83889389038086,20.10097272925763,20.14524807399025,1597267
2012-09-25,20.61751365661621,21.01599169136945,20.60275583642802,20.824132522402042,1436533
2012-09-26,20.528968811035156,20.883171609162712,20.425660287124877,20.647037035954597,926667
2012-09-27,20.824146270751953,20.912695126972338,20.573251902127858,20.602769438622303,1039433
2012-09-28,20.897932052612305,20.98648276324197,20.58800456540847,20.77986568952675,1174833
2012-10-01,20.79462242126465,21.03075701163821,20.63227883477794,20.942206305669263,1422167
2012-10-02,21.193098068237305,21.266889063315492,20.868410934022823,20.927445982042194,1558767
2012-10-03,21.4587459564209,21.4587459564209,21.163578254777665,21.25212894059673,1289333
2012-10-04,21.916255950927734,21.945773470051712,21.50302006634393,21.532537585467907,1961000
2012-10-05,22.049083709716797,22.16715191888722,21.8424666894567,21.960533021996607,1686833
2012-10-08,22.004806518554688,22.06383967986881,21.812947336811014,22.004806518554688,935800
2012-10-09,22.063831329345703,22.211416991719645,21.871972220215167,22.034315698174638,1718733
2012-10-10,21.90150260925293,22.063844306063043,21.827709734665124,22.004811132371252,1306767
2012-10-11,21.85722541809082,22.10811779261328,21.812950072395022,22.034326800874016,959033
2012-10-12,21.32592010498047,21.753915715540824,21.13406090965434,21.739156016694626,1894867
2012-10-15,21.28163719177246,21.488256012449966,21.252121557839835,21.340672212897363,1396433
2012-10-16,21.016000747680664,21.429236780695657,20.97172539140652,21.399719250969213,1422500
2012-10-17,21.399717330932617,21.488268035535913,20.942205982692553,21.104549566675555,1658167
2012-10-18,21.252132415771484,21.38495846621996,21.08978883967975,21.355440940576703,1374967
2012-10-19,21.443984985351562,21.473502501833533,20.986473801347177,21.281641459646043,1344367
2012-10-22,21.591569900512695,21.665362757114142,21.31116004803567,21.39971072530529,1402100
2012-10-23,21.591569900512695,21.680120577782315,21.31116004803567,21.41446854597346,1651300
2012-10-24,20.54372787475586,21.591576631342978,20.425661519344594,21.54730127890603,3413533
2012-10-25,20.51420783996582,20.587998827169688,20.263313604233414,20.528965662080495,1608800
2012-10-26,20.425655364990234,20.57323920310199,20.337104686797115,20.543721684827513,1087467
2012-10-31,20.455177307128906,20.52896830382849,20.160007690438405,20.381384433798598,1217933
2012-11-01,20.80937385559082,20.897924534363447,20.36662233835802,20.528963998354282,1588900
2012-11-02,20.425655364990234,20.927441915874468,20.425655364990234,20.927441915874468,1561433
2012-11-05,20.290393829345703,20.45572388160508,20.155124307811665,20.350512979643053,1244367
2012-11-06,20.245304107666016,20.380573629994032,20.18518495701579,20.335483789218024,1258300
2012-11-07,19.599014282226562,20.17015091130348,19.50883461330357,20.155121603534006,2198067
2012-11-08,19.3435001373291,19.704218694474473,19.32847083449886,19.583978538375202,1217500
2012-11-09,19.37356185913086,19.59901099360909,19.17817324630064,19.283384116492318,1150600
2012-11-12,19.22325897216797,19.493797875825944,19.103020733532652,19.38858893923196,842700
2012-11-13,18.84752082824707,19.463747373947083,18.817462208700398,19.463747373947083,893600
2012-11-14,18.832487106323242,19.268354188013234,18.727278140252015,18.90763745989005,1509633
2012-11-15,18.712247848510742,19.072966505630962,18.63709940237935,18.862548563079486,1420367
2012-11-16,18.86255645751953,19.01285532383904,18.66716582903502,18.86255645751953,921533
2012-11-19,19.072965621948242,19.22326441840041,18.952727349247663,19.012846485597954,907267
2012-11-20,19.148109436035156,19.29840818115531,18.937689663945157,19.01283999208135,824800
2012-11-21,19.042903900146484,19.298413558077836,18.967755462224673,19.19320459829564,431467
2012-11-23,19.388595581054688,19.388595581054688,19.087996059187322,19.10302727753014,235633
2012-11-26,19.3435001373291,19.403619259802515,19.178170161586657,19.3435001373291,425133
2012-11-27,19.072965621948242,19.38859443230482,19.05793631564889,19.29841477220294,771067
2012-11-28,19.148109436035156,19.163138737201503,18.937689663945157,19.04289859441404,622467
2012-11-29,19.3435001373291,19.373558742989584,19.14811155592617,19.223259981229827,727967
2012-11-30,19.553922653198242,19.659133531388026,19.283385582410947,19.343504719124468,1073300
2012-12-03,19.538890838623047,19.64409979215438,19.403621365017337,19.629070487693518,678300
2012-12-04,19.463741302490234,19.59901078171471,19.34350303950363,19.508831128898393,940900
2012-12-05,19.674163818359375,19.734282958069297,19.388595515796,19.43368534836669,836067
2012-12-06,19.433683395385742,19.76434149729044,19.388593567346337,19.6891911468405,881733
2012-12-07,19.448715209960938,19.53889487767321,19.3885960685371,19.418654683672496,733500
2012-12-10,19.493804931640625,19.553924072718505,19.35853543085062,19.40362526444729,1228733
2012-12-11,19.37356185913086,19.64410082050474,19.328473943387966,19.614042210009476,1311633
2012-12-12,19.268356323242188,19.463744970784482,19.268356323242188,19.358535993054492,782167
2012-12-13,19.37356185913086,19.46374151292215,19.268352900091937,19.343503248635596,683133
2012-12-14,19.163148880004883,19.433687911105263,19.148119570883722,19.418656690830854,653000
2012-12-17,19.463741302490234,19.478772518728107,19.08799338613982,19.103024602377698,851067
2012-12-18,19.929668426513672,20.00481877256631,19.463740867753764,19.553920518555856,1238800
2012-12-19,19.809429168701172,20.03487828435382,19.538890229917993,19.659130395316936,1836700
2012-12-20,19.89960479736328,20.034874239444864,19.71924554125451,19.79439395719836,855067
2012-12-21,19.764341354370117,19.839489793123843,19.599011349036907,19.65913239342323,1804033
2012-12-24,19.493804931640625,19.76434393322064,19.388595956966075,19.68919357350851,473900
2012-12-26,19.463741302490234,19.59901078171471,19.433682692319948,19.49380182381325,501133
2012-12-27,19.583984375,19.6591347338532,19.23829692881191,19.448714875756046,673633
2012-12-28,19.448715209960938,19.583984711529347,19.373564849816358,19.43368590239324,745233
2012-12-31,19.689189910888672,19.704221126726782,19.37356113442584,19.418650959634817,868567
2013-01-02,20.155120849609375,20.30541965514125,19.944702904095355,20.170150156816664,1042900
2013-01-03,20.230268478393555,20.290387610264162,20.15511813019074,20.185178651702415,1054667
2013-01-04,20.064939498901367,20.305417949786328,20.01984966991338,20.215238291810362,1288033
2013-01-07,19.89960479736328,20.079964053472057,19.79439395719836,20.01984302733433,909400
2013-01-08,19.89960479736328,20.01984302733433,19.77936465624003,19.974753213307135,874467
2013-01-09,19.974756240844727,20.034877276094893,19.86954729588568,19.989787455233515,782000
2013-01-10,20.155120849609375,20.20021068238424,19.989792736870214,20.14009154240209,764900
2013-01-11,20.305419921875,20.36554097379991,20.079972666192198,20.21524025514067,793967
2013-01-14,20.215242385864258,20.36554312036547,20.1851837678866,20.32045328224575,538733
2013-01-15,20.215242385864258,20.32045328224575,20.17015254774454,20.215242385864258,769400
2013-01-16,20.32044792175293,20.395596358026303,20.155117921876606,20.17014722690074,874767
2013-01-17,20.51584243774414,20.560932276949643,20.305422551067377,20.42566275933314,809533
2013-01-18,20.395599365234375,20.696198888107624,20.320450917880816,20.62104852960106,863467
2013-01-22,20.33547592163086,20.440684872352826,20.17014593236554,20.380565744962073,1462500
2013-01-23,19.959735870361328,20.290394067609572,19.94470656039884,20.275364757647083,1284867
2013-01-24,19.689189910888672,20.07996903308402,19.53889113057631,20.049908512560474,1491200
2013-01-25,19.644102096557617,19.83949072208,19.55392243690838,19.764342279807554,762933
2013-01-28,19.824462890625,19.839492197966965,19.59901372473044,19.59901372473044,729967
2013-01-29,19.869552612304688,20.00482211108235,19.734283113527024,19.869552612304688,1061533
2013-01-30,19.629077911376953,19.97476542278375,19.38859939329135,19.83949589801934,2704100
2013-01-31,20.064939498901367,20.0950000219443,19.553922074088504,19.568953291186393,2020700
2013-02-01,20.079973220825195,20.155121671077477,19.824463520969424,20.155121671077477,1761533
2013-02-04,19.974756240844727,20.125055006665146,19.914637116747056,20.09499640019256,1175767
2013-02-05,20.350507736206055,20.425658088079775,20.14008980880417,20.17014842063139,1670567
2013-02-06,20.50081443786621,20.590994130444216,20.26033589470939,20.38057612186459,1357167
2013-02-07,20.240524291992188,20.66921928844065,20.194592615700035,20.6232876121485,1170700
2013-02-08,20.347698211669922,20.378319979132147,20.22521503549099,20.286456623580456,902133
2013-02-11,20.485492706298828,20.531424382866824,20.271146180204784,20.271146180204784,1447967
2013-02-12,20.822322845458984,20.883564427506496,20.393627877456826,20.623286243678482,1626733
2013-02-13,20.97543716430664,21.021368858113732,20.71515886395689,20.807022251571073,1457933
2013-02-14,20.822322845458984,20.9448079563888,20.715149590167144,20.898876283144467,577467
2013-02-15,20.80702018737793,20.96012516926733,20.74577858398926,20.94481525512903,603400
2013-02-19,21.051986694335938,21.051986694335938,20.791708442722587,20.822328268303394,910300
2013-02-20,20.607986450195312,21.051991544938183,20.607986450195312,20.990749932830553,697067
2013-02-21,20.516117095947266,20.699843825708776,20.40894381919811,20.56204877838764,638067
2013-02-22,20.7304630279541,20.837638248325362,20.56204816194518,20.715153116544688,828067
2013-02-25,20.271148681640625,20.96012196834417,20.271148681640625,20.852948692072093,1039167
2013-02-26,20.516117095947266,20.56204877838764,20.301768595613773,20.37832204862613,828667
2013-02-27,20.531429290771484,20.577360978319156,20.36301440098696,20.439565915676145,994667
2013-02-28,20.66922378540039,20.898882216827463,20.439565353973315,20.48549704025873,1313133
2013-03-01,20.50081443786621,20.592677843974624,20.286467788170622,20.531436222181036,1481967
2013-03-04,20.66922378540039,20.68453369855041,20.363013841387854,20.516118813394122,1292367
2013-03-05,20.607986450195312,20.914196457569204,20.577364670723625,20.7151597580926,989500
2013-03-06,20.37832260131836,20.71515429940481,20.34770082991587,20.66922261571869,1575967
2013-03-07,20.85295295715332,21.051989638606457,20.485499424110262,20.684536105563396,2417000
2013-03-08,21.296960830688477,21.43475592381904,20.92950724900697,21.051992425179414,1868500
2013-03-11,21.235719680786133,21.37351477693249,21.174478064777485,21.205097899363874,1211867
2013-03-12,21.38881492614746,21.450056514187626,21.20508821519198,21.235709982629555,832267
2013-03-13,21.495990753173828,21.511302612134514,21.235712512864733,21.342885791413465,890133
2013-03-14,21.756277084350586,21.77158700079962,21.495996823702416,21.572550299619117,1055000
2013-03-15,21.77157974243164,21.8634431041713,21.61847478847725,21.832821334646376,1453933
2013-03-18,21.710344314575195,21.832827533782112,21.58785914853261,21.603171011060226,1146533
2013-03-19,21.6337890625,21.878757427594458,21.58785737236757,21.81751582302972,597100
2013-03-20,21.740955352783203,21.771577118617728,21.618472183114864,21.64909200211451,678233
2013-03-21,21.710344314575195,21.832827533782112,21.58785914853261,21.603171011060226,597667
2013-03-22,21.695024490356445,21.817509611449154,21.587851226172173,21.71033634726488,825267
2013-03-25,21.649099349975586,21.878757804595065,21.61847952058335,21.786894422747274,654100
2013-03-26,21.802213668823242,21.86345529518617,21.587865056298682,21.78690180210536,612033
2013-03-27,21.9246883392334,21.955310113846217,21.679719982837184,21.71034175745,644700
2013-03-28,21.97061538696289,21.98592724445275,21.710337171655592,21.955305476308055,1026500
2013-04-01,21.786893844604492,22.016552293129692,21.69503046519441,22.016552293129692,556433
2013-04-02,21.419445037841797,21.894071910429606,21.35820147910833,21.832828351696136,966167
2013-04-03,20.898881912231445,21.45006019278779,20.82232845392639,21.434750279860904,1600467
2013-04-04,20.837642669677734,20.86826249899351,20.500808972519934,20.82233080818431,1388900
2013-04-05,20.791706085205078,20.80701599625953,20.378320965219164,20.62328927626579,942000
2013-04-08,20.97543716430664,20.97543716430664,20.638605391999846,20.776400473421123,699867
2013-04-09,21.051986694335938,21.12854015195855,20.776396583096886,21.02136492191983,819867
2013-04-10,21.22041130065918,21.28165292110405,20.975440925207668,21.11323603133564,889867
2013-04-11,21.189775466918945,21.22039723025531,20.990738872319376,21.205085375169766,772267
2013-04-12,20.883567810058594,21.12853807159653,20.76108462612473,21.113226213478466,774700
2013-04-15,20.37832260131836,20.883569175030416,20.37832260131836,20.807017666777043,924800
2013-04-16,20.47018814086914,20.577361431897618,20.347702989096998,20.516119829429265,946033
2013-04-17,20.209909439086914,20.485499591115925,20.17928960897408,20.36301637699342,911267
2013-04-18,20.209909439086914,20.317084684988586,20.102736140020827,20.286462908040168,532133
2013-04-19,20.50081443786621,20.54674614092042,20.148672679008005,20.332399491224827,547000
2013-04-22,20.63859748840332,20.791704373684784,20.30176584508695,20.562045992597504,660300
2013-04-23,20.745779037475586,20.88357216140327,20.500808724895126,20.76108895194855,1203300
2013-04-24,20.39364242553711,20.715164367609447,20.14867397576072,20.715164367609447,1985100
2013-04-25,20.50081443786621,20.699853115658474,20.42426289733324,20.516126303441652,905633
2013-04-26,20.454877853393555,20.562051142464725,20.34770261748698,20.485497680650802,867667
2013-04-29,20.54673957824707,20.669224729548283,20.439566287630658,20.516119750548345,878167
2013-04-30,20.745779037475586,20.74577903747559,20.54674041514952,20.607983966712396,1152433
2013-05-01,20.454877853393555,20.791709581071096,20.424256079300903,20.74577789334982,1007867
2013-05-02,20.66922378540039,20.69984555853578,20.531428726544146,20.562050499679536,883067
2013-05-03,20.731616973876953,20.934409002541173,20.591222034747634,20.794016046979568,1120667
2013-05-06,20.731616973876953,20.840814360022673,20.606822794807147,20.747217733936463,926800
2013-05-07,21.090404510498047,21.090404510498047,20.825213411135767,20.85641294740418,1391667
2013-05-08,21.121604919433594,21.121604919433594,20.981209962591926,21.059207822026618,758767
2013-05-09,21.028005599975586,21.137202985972518,20.981207286996245,21.137202985972518,772500
2013-05-10,21.043611526489258,21.09040985095818,20.918815333382717,21.01241198232057,588533
2013-05-13,21.043611526489258,21.184006499896036,20.99681320202033,21.043611526489258,776133
2013-05-14,21.0592098236084,21.2620018971315,20.981211956760365,21.0592098236084,1066333
2013-05-15,21.277597427368164,21.355595282303664,20.950011197201903,20.99680951344963,1126767
2013-05-16,21.29319953918457,21.44919327538285,21.246401219968288,21.27759877706716,867833
2013-05-17,21.495994567871094,21.558391674267423,21.30880126511386,21.464795022888808,919500
2013-05-20,21.698789596557617,21.77678747781603,21.464797936350895,21.464797936350895,699667
2013-05-21,21.714384078979492,21.761182401752713,21.5583903309248,21.69878529924446,584300
2013-05-22,21.34000015258789,21.83918095551472,21.262002284319493,21.76118308724632,1191367
2013-05-23,21.277597427368164,21.324395743615895,20.96560997476186,21.059206607257323,1262467
2013-05-24,21.106006622314453,21.262000361173442,21.043609523484456,21.215202041158946,1017100
2013-05-28,21.0592098236084,21.433596410769912,21.012411500213208,21.371197323864227,1148033
2013-05-29,20.80961799621582,21.059208375977015,20.80961799621582,21.01241005579879,1656233
2013-05-30,20.825220108032227,20.934415544734797,20.684825125028212,20.872018435700234,1627600
2013-05-31,20.40402603149414,20.85640829689272,20.40402603149414,20.825208767581103,1643967
2013-06-03,20.49762725830078,20.59122389283285,20.279236433437884,20.513228019768054,1125000
2013-06-04,20.388427734375,20.62241927351885,20.326030651792472,20.45082680052502,865733
2013-06-05,20.216840744018555,20.419632805082898,20.13884288196241,20.372834484562816,896100
2013-06-06,20.388427734375,20.51322388310755,20.201234503059922,20.263633569209944,861533
2013-06-07,20.622421264648438,20.747217425430264,20.326032614305234,20.46642755134691,975500
2013-06-10,20.903213500976562,20.934411057021855,20.62242359516151,20.747219770046392,952433
2013-06-11,20.66922378540039,20.84081829346734,20.622425463524685,20.74722164971593,688167
2013-06-12,20.482023239135742,20.82521015007724,20.372827854646943,20.80961137616952,654667
2013-06-13,20.63802719116211,20.66922673805889,20.388436766693,20.419636313589777,680500
2013-06-14,20.8408203125,20.87201787439413,20.56003035404319,20.591227915937313,1763533
2013-06-17,21.0592098236084,21.074808603550743,20.84081897014295,20.903216073480486,1363033
2013-06-18,21.230806350708008,21.35560056921816,20.981213946551026,21.059211820796126,1113300
2013-06-19,21.199604034423828,21.32439823662877,21.106007390986083,21.277599914909896,1098400
2013-06-20,21.106006622314453,21.262000361173442,20.91881334225646,21.106006622314453,1479067
2013-06-21,21.261999130249023,21.417992860077042,21.152803717726197,21.230801574424152,1771467
2013-06-24,21.16840171813965,21.293197887559135,20.934410140208,21.13720416346064,1690933
2013-06-25,21.495994567871094,21.573992438542692,21.168406288045936,21.262002939424555,1138900
2013-06-26,21.651988983154297,21.76118441855588,21.433598112351124,21.667587764335007,795733
2013-06-27,21.901575088500977,21.93277462828899,21.714381816908745,21.776780896484766,737933
2013-06-28,21.83917999267578,21.948375416582813,21.6363879244004,21.88597831485995,1040000
2013-07-01,22.041975021362305,22.2135695536068,21.823584144216618,21.839182925850345,1168467
2013-07-02,22.0263729095459,22.29156207506701,21.948375046033068,21.995173367427153,939033
2013-07-03,22.13556671142578,22.13556671142578,21.885976343448448,21.995171757519547,385033
2013-07-05,22.463157653808594,22.463157653808594,22.057571521173585,22.22916603566689,653167
2013-07-08,22.697147369384766,22.69714736938477,22.463155770857174,22.494353328282187,1154600
2013-07-09,22.759538650512695,22.97792943093956,22.65034326029926,22.75953865051269,1377233
2013-07-10,22.74394989013672,22.91554243837324,22.463159920038752,22.75954867173049,1190433
2013-07-11,22.47875213623047,23.02473115179939,22.32275841514903,23.00913237476158,1222033
2013-07-12,22.775148391723633,22.790749157528555,22.291566306708322,22.431961297541974,1164300
2013-07-15,22.697147369384766,23.009134845042897,22.55675241026821,22.86873988592634,840600
2013-07-16,22.681543350219727,22.806339512704064,22.46315254533177,22.7595411997184,736900
2013-07-17,22.853134155273438,22.884331703208137,22.69714046489777,22.75953754433456,424633
2013-07-18,23.165128707885742,23.211927027843817,22.837540468179235,22.86874000934062,886467
2013-07-19,23.258729934692383,23.274328716565332,23.04033905419751,23.22753038737809,771267
2013-07-22,23.305522918701172,23.352321237155106,23.165127963339362,23.28992414040584,688033
2013-07-23,23.50831413269043,23.570713210782976,23.274322548763053,23.367919182334003,1155567
2013-07-24,23.087133407592773,23.664310056749745,22.697148059380517,23.523917076933223,2532467
2013-07-25,23.274324417114258,23.430320141300346,22.946738156886745,22.946738156886745,1038867
2013-07-26,23.165128707885742,23.336723208921345,23.133931150292366,23.2431265690052,836200
2013-07-29,23.165128707885742,23.35232198771803,23.11833038792767,23.165128707885742,1060000
2013-07-30,23.180734634399414,23.399125520477686,23.118335538175526,23.3055288597103,1154533
2013-07-31,23.664306640625,23.67990740112768,23.243123794840304,23.2899221092128,2426800
2013-08-01,24.47547721862793,24.553475071893526,23.804702027960772,23.835901565980574,3875433
2013-08-02,24.63147735595703,24.740674775678894,24.397485718793497,24.49108237365891,2795900
2013-08-05,24.171815872192383,24.66317753640641,24.12426467838203,24.631476068706537,1074067
2013-08-06,24.409563064575195,24.425412784986776,24.124256004297685,24.155957460599023,1032633
2013-08-07,24.4254207611084,24.568074337830684,24.266917458798808,24.40957103552109,1153233
2013-08-08,24.409563064575195,24.694870124852706,24.377861608273857,24.457114241288114,737800
2013-08-09,24.36202049255371,24.488822331589247,24.219366912029557,24.377870218563427,772467
2013-08-12,24.441267013549805,24.552221123330707,24.251064287093733,24.266914010428767,727467
2013-08-13,24.251062393188477,24.615620109773726,24.14010829207262,24.520517746233505,872133
2013-08-14,24.409563064575195,24.441262505398353,24.140105724709265,24.298610990737778,981733
2013-08-15,24.393726348876953,24.409578094527266,24.124270858574693,24.235223000729775,1344300
2013-08-16,24.63147735595703,24.710730021609034,24.425422843836646,24.504675509488646,1653433
2013-08-19,24.330318450927734,24.64732707199385,24.235216066155786,24.599775879607876,869467
2013-08-20,24.568077087402344,24.631478012326017,24.219368977103535,24.33032109958973,702500
2013-08-21,24.171815872192383,24.5680751487857,24.14011440449251,24.5680751487857,624900
2013-08-22,24.441267013549805,24.44126701354981,24.203513101610078,24.235212548280145,525400
2013-08-23,24.36202049255371,24.59977646009396,24.235216638039276,24.58392471860535,504633
2013-08-26,24.140117645263672,24.441274574666103,24.092566445069647,24.36202391799551,665000
2013-08-27,23.395137786865234,24.013303061770838,23.379288067027026,24.013303061770838,852800
2013-08-28,23.7121524810791,23.7121524810791,23.252490331013625,23.45854682008365,888033
2013-08-29,23.52194595336914,23.72800041138426,23.395142124717577,23.648747766542225,713967
2013-08-30,23.220792770385742,23.52194964326246,23.109840662584592,23.506099917999094,799500
2013-09-03,23.078134536743164,23.664598438817013,22.903779532135957,23.47439371214675,1553033
2013-09-04,23.189088821411133,23.28419119376584,23.04643526287907,23.10983818810126,885033
2013-09-05,23.23664665222168,23.3000475800951,23.109844796474842,23.252496380320245,621600
2013-09-06,23.03058624267578,23.347592816553927,22.85623121620775,23.268342180823712,731333
2013-09-09,23.062288284301758,23.10983947312319,22.983035631106464,23.0305868199279,684033
2013-09-10,23.36344337463379,23.36344337463379,23.141537171757587,23.15738891048495,723100
2013-09-11,23.632896423339844,23.648746145030096,23.220787535566465,23.44269170114341,673433
2013-09-12,23.90235137939453,23.91820109948966,23.61704432481339,23.66459550057691,895833
2013-09-13,23.886503219604492,24.060858228664216,23.807252591786984,23.949906140432635,628300
2013-09-16,23.949909210205078,24.108412501634657,23.775554178797456,24.09256076165661,557233
2013-09-17,24.330318450927734,24.34617019204229,23.9816103785902,24.029161570976175,691133
2013-09-18,24.155960083007812,24.40956571451581,24.092557163522017,24.26691216889036,881367
2013-09-19,23.759700775146484,24.203511131713192,23.648746674396012,24.203511131713192,1560333
2013-09-20,23.775554656982422,23.93405795159989,23.696302001934317,23.759704932164297,1343633
2013-09-23,23.64875030517578,23.949909178617084,23.585349391783314,23.728002958525394,734733
2013-09-24,23.791406631469727,23.902360762124427,23.569502401118186,23.632903321864493,743767
2013-09-25,24.092559814453125,24.155962740915218,23.759703520180935,23.838954155040618,754067
2013-09-26,24.282760620117188,24.298612356898193,23.997453543798628,24.155958818738913,815867
2013-09-27,23.949909210205078,24.251066068564885,23.918207745727685,24.14011195063335,673300
2013-09-30,23.949909210205078,23.997458383703123,23.68045180084397,23.69630152534332,938000
2013-10-01,24.5363826751709,24.552234422570923,23.870667733279596,23.96577015576116,1681133
2013-10-02,24.155960083007812,24.457116896390957,24.108408901132663,24.42541543664806,720633
2013-10-03,24.34617042541504,24.457122536886242,24.029161801310206,24.07671299415199,741633
2013-10-04,24.504671096801758,24.55222228453436,24.266915158138747,24.31446634587135,632967
2013-10-07,24.171815872192383,24.409571841244155,24.171815872192383,24.393720099654765,505667
2013-10-08,24.092559814453125,24.346167489344257,24.092559814453125,24.171812464791433,671867
2013-10-09,24.108417510986328,24.266920835350412,24.01331511327205,24.092565767714536,647300
2013-10-10,24.774127960205078,24.789977685234394,24.377868710642034,24.409570176179432,846433
2013-10-11,24.774127960205078,24.805829425742477,24.346169260583398,24.789977685234394,1307833
2013-10-14,24.821672439575195,24.86922361728519,24.56806683028129,24.615618007991284,736600
2013-10-15,24.694883346557617,24.964338815212532,24.66318187328323,24.742434548729573,566067
2013-10-16,25.02773094177246,25.0435826805728,24.710724382465383,24.742425844587512,646133
2013-10-17,25.20208740234375,25.29718977867354,24.885078809418207,25.011882649684157,1075567
2013-10-18,25.075281143188477,25.26548587749995,24.821675502599334,25.233784416621877,954967
2013-10-21,25.011890411376953,25.106992817218938,24.91678800553497,25.027740140524187,649433
2013-10-22,25.05942726135254,25.1228281571075,24.964324909981023,25.059427261352536,643400
2013-10-23,25.043581008911133,25.18623254024233,24.58391890847625,25.059430731174952,936000
2013-10-24,25.42399787902832,25.455699350789548,25.059440023430408,25.09114149519164,897233
2013-10-25,25.487396240234375,25.59834834823213,25.29719147482177,25.471544499464123,618933
2013-10-28,25.503246307373047,25.67759933435244,25.392294197888084,25.392294197888084,520533
2013-10-29,25.804399490356445,25.82024921359111,25.519092379261206,25.614194749626286,804467
2013-10-30,25.598346710205078,25.89950356434454,25.566645246171937,25.836102651756935,665133
2013-10-31,25.693449020385742,25.86780203342047,25.519093991872353,25.598346644010924,983733
2013-11-01,25.645896911621094,25.74099928458215,25.471541889366293,25.677596358955714,827800
2013-11-04,25.836105346679688,25.88365653995005,25.503246993787165,25.66175029952874,853433
2013-11-05,25.61073875427246,25.75561433050624,25.16001542161371,25.75561433050624,1515067
2013-11-06,25.836101531982422,25.836101531982422,25.594642237437547,25.723419163279925,639967
2013-11-07,25.82000732421875,26.077563267096206,25.675131722561556,25.932689712311692,1072300
2013-11-08,26.238534927368164,26.27072813774845,25.755616302939064,25.771712908129206,919867
2013-11-11,26.447797775268555,26.56047810020186,26.190241869618557,26.286825590096356,841300
2013-11-12,26.415607452392578,26.512191190906634,26.190246760441635,26.367315583135554,786933
2013-11-13,26.576581954956055,26.57658195495605,26.254637496782696,26.27073410562948,580367
2013-11-14,26.753643035888672,26.88241995321853,26.608767468738435,26.673155927403364,635867
2013-11-15,26.479999542236328,26.882431158664676,26.479999542236328,26.882431158664676,613600
2013-11-18,26.19023895263672,26.528279889786745,26.158043700439123,26.528279889786745,720700
2013-11-19,26.302921295166016,26.415601616246395,26.222434181895846,26.367309757658756,566233
2013-11-20,26.109758377075195,26.38341092515785,25.94878616956348,26.35121771177911,992133
2013-11-21,26.415607452392578,26.512191190906634,26.04537115267056,26.222439975364473,700767
2013-11-22,26.51218605041504,26.51218605041504,26.27072675094685,26.39950572628734,517167
2013-11-25,26.60877227783203,26.721452612578805,26.496091943085258,26.560480413387335,464167
2013-11-26,26.56048011779785,26.737550967748657,26.54438351211961,26.60877198170511,719700
2013-11-27,26.43169403076172,26.640960082721286,26.33511237576683,26.640960082721286,497467
2013-11-29,26.59266471862793,26.689248407735132,26.41559393964083,26.576566072528916,402100
2013-12-02,26.624868392944336,26.94681483226578,26.383409075171382,26.576576529389744,869167
2013-12-03,26.415607452392578,26.753650537191767,26.238538629698663,26.624871536882104,769433
2013-12-04,26.270721435546875,26.463888836037537,25.964873733727316,25.99706898276641,827433
2013-12-05,26.158056259155273,26.28683528290145,25.964888746972576,26.28683528290145,611267
2013-12-06,26.383405685424805,26.479989400124886,26.06146133433938,26.27072536723213,592267
2013-12-09,26.367307662963867,26.54437847934229,26.28682260295998,26.479987975092598,582000
2013-12-10,26.302921295166016,26.544380588104197,26.190240974085633,26.302921295166012,573067
2013-12-11,25.93269157409668,26.528288583394588,25.93269157409668,26.38341297133634,595000
2013-12-12,26.061458587646484,26.190237542631625,25.91658303086522,25.948778281329513,532233
2013-12-13,26.125852584838867,26.286826824442297,26.013172254614457,26.1419512369227,357533
2013-12-16,26.28683090209961,26.31902411751617,26.109760029817302,26.141955292106665,530600
2013-12-17,26.25463104248047,26.28682629913227,25.948783268341924,26.28682629913227,616667
2013-12-18,26.463886260986328,26.479982860503625,26.077551497597057,26.28681752568075,493267
2013-12-19,26.302921295166016,26.4316982201515,26.190240974085633,26.415601616246395,639067
2013-12-20,26.657060623168945,26.68925587750604,26.383406078484395,26.47998979462338,1019967
2013-12-23,26.753643035888672,26.866323350270346,26.657059324455183,26.769739638836857,506100
2013-12-24,26.866334915161133,26.93072340154275,26.769751162152172,26.785847772029307,238067
2013-12-26,26.818042755126953,27.05950213509657,26.818042755126953,26.898529897407844,491333
2013-12-27,26.96291160583496,27.13998245559598,26.834132619929445,26.882424483784945,461700
2013-12-30,26.96291160583496,27.027300075351448,26.866327878123958,26.882424483784945,435033
2013-12-31,27.123889923095703,27.188278407140334,26.995112955006448,27.04340482975817,458267
2014-01-02,26.753643035888672,27.123879231802256,26.673155927403364,27.027295520368767,551100
2014-01-03,26.785842895507812,26.914621891699145,26.705357813901852,26.80194154932717,377667
2014-01-06,26.657060623168945,26.962908375318296,26.64096401943655,26.88242126291171,522000
2014-01-07,27.075592041015625,27.1721757690898,26.769744251071593,26.89852323746134,625967
2014-01-08,27.445825576782227,27.526310638271916,26.94681041743185,27.12387919020691,854733
2014-01-09,27.67119026184082,27.79996924472459,27.445829600384833,27.445829600384833,952433
2014-01-10,27.365346908569336,27.993139178678735,27.252666559607057,27.68729134756808,1095433
2014-01-13,27.268760681152344,27.365344413420107,27.123885082750697,27.26876068115234,710567
2014-01-14,27.333148956298828,27.381440822083935,27.156080146335196,27.268760484209565,707400
2014-01-15,27.526308059692383,27.71947546416781,27.365335904920194,27.42972435745467,596500
2014-01-16,27.445825576782227,27.526310638271916,27.268754757134975,27.526310638271916,421700
2014-01-17,27.397541046142578,27.55851325903165,27.28485865493476,27.510221390477653,562867
2014-01-21,27.655088424682617,27.687281629158782,27.413629156750865,27.574601319747998,692100
2014-01-22,27.91264533996582,27.944840592519554,27.62289420759877,27.687282665834054,516967
2014-01-23,27.735580444335938,27.89655469460948,27.62290010664255,27.7999709631944,615900
2014-01-24,27.02730369567871,27.60680613956951,27.011207087861575,27.57461087706242,978533
2014-01-27,26.930715560913086,27.284855203217095,26.914618955722325,27.091689800310572,733500
2014-01-28,26.91461944580078,27.188271973388886,26.850230976992847,26.96291130912486,878567
2014-01-29,26.335119247436523,27.365342940338696,25.369281976750077,27.365342940338696,1883700
2014-01-30,26.31902313232422,26.31902313232422,25.916591579698856,26.109759052458667,1020933
2014-01-31,26.061458587646484,26.302917848948592,26.029263337182186,26.06145858764648,778067
2014-02-03,24.99904441833496,26.013171452842446,24.934655952601645,25.98097619653958,2061767
2014-02-04,25.143924713134766,25.401480671204116,24.87027010046103,25.063437580731243,1483567
2014-02-05,25.160018920898438,25.272699258016758,24.918559593593034,25.176115527094595,1031400
2014-02-06,25.11094093322754,25.225452870113322,24.980070742542118,25.160017774770612,823033
2014-02-07,25.11094093322754,25.372683394742552,25.029147584085194,25.258171457856765,759833
2014-02-10,25.20909881591797,25.290894258830857,24.94735631079906,25.1927405593932,699900
2014-02-11,25.503562927246094,25.519921185703442,25.160024938628393,25.192743535687857,851467
2014-02-12,25.683502197265625,25.896169893237147,25.470836581438242,25.519913422024878,852400
2014-02-13,25.503562927246094,25.667151752253886,25.3399741022383,25.552639782762906,993300
2014-02-14,25.765296936035156,25.781655189078595,25.519912739663148,25.519912739663148,556600
2014-02-18,25.798011779785156,25.928881945435695,25.61806270183595,25.928881945435695,827367
2014-02-19,25.16002655029297,25.847102571540095,25.160026550292972,25.71623025506377,906367
2014-02-20,25.487199783325195,25.56899314007831,25.029149913016898,25.241815552777112,718133
2014-02-21,25.748931884765625,25.781648382214705,25.389035851821028,25.63441790326325,1174867
2014-02-24,26.05976104736328,26.141554402378155,25.683504541804144,25.71622313189669,858667
2014-02-25,26.010684967041016,26.108838660060158,25.92888952947693,26.027043222496076,561033
2014-02-26,26.35422134399414,26.370579598487964,26.010683438613942,26.07611853673351,657533
2014-02-27,26.108835220336914,26.403294180456296,25.994321206805036,26.305142580512577,744267
2014-02-28,26.141551971435547,26.37057792049724,25.92888635597091,26.09247513093262,1139733
2014-03-03,25.879806518554688,26.07611385783376,25.79801318061767,25.9616019366356,1044100
2014-03-04,26.190629959106445,26.38693732971655,26.07611801963196,26.174271704937013,828300
2014-03-05,26.370588302612305,26.40330482239868,26.15792260342107,26.22335772313877,555233
2014-03-06,26.403301239013672,26.43601983450452,26.157919053338674,26.41966157683143,1282400
2014-03-07,26.452375411987305,26.632324548737266,26.43601715597166,26.50145226017871,642100
2014-03-10,26.321500778198242,26.583243231164722,26.30514252493287,26.468731298018906,819467
2014-03-11,26.174270629882812,26.370577992429993,26.125193789246016,26.33785940529075,696633
2014-03-12,26.22334861755371,26.288783714550252,26.043399500632937,26.19063002898333,932967
2014-03-13,25.97796630859375,26.337862488682163,25.896172951386244,26.305145977856913,759700
2014-03-14,26.108835220336914,26.22334715372468,25.896169606861317,25.896169606861317,571000
2014-03-17,26.35422134399414,26.419656442113705,26.15791396949117,26.15791396949117,370667
2014-03-18,26.63232421875,26.714119658103673,26.321504877437146,26.37058172502046,663033
2014-03-19,26.566884994506836,26.795908860941637,26.45237098114533,26.648678341028933,577400
2014-03-20,26.501447677612305,26.73047362295105,26.33785890530983,26.53416626413044,1152167
2014-03-21,26.566884994506836,26.959497634129935,26.50144782111623,26.55052466108713,1362467
2014-03-24,26.321500778198242,26.812267097456356,26.28878219152339,26.648678324370316,765400
2014-03-25,26.321500778198242,26.583243231164722,26.27242393825802,26.403294124669205,854967
2014-03-26,26.108835220336914,26.46873135394426,26.07611663359293,26.419654513900344,1154700
2014-03-27,25.89617347717285,26.256069664568464,25.78165944652628,26.05976227505369,730633
2014-03-28,26.010684967041016,26.108838660060158,25.71622388798358,25.96160812053144,854733
2014-03-31,26.288780212402344,26.30514054458015,26.059756363352513,26.10883319959804,618933
2014-04-01,26.30513572692871,26.32149397596664,26.043391261460425,26.30513572692871,1062733
2014-04-02,26.174270629882812,26.51780851434038,26.10883553574846,26.370577992429993,1040800
2014-04-03,26.370588302612305,26.386946562505493,26.15792260342107,26.206999463245584,606667
2014-04-04,26.239715576171875,26.599611849256277,26.141561858044774,26.58325358961673,950867
2014-04-07,25.732587814331055,26.01069069922114,25.56899898329592,25.91253698457109,1546233
2014-04-08,26.04340934753418,26.092486208873392,25.667154797363548,25.73258991910083,855000
2014-04-09,25.961610794067383,26.108841348757952,25.863457090940337,26.092481011473712,681433
2014-04-10,25.55263900756836,26.059765805809068,25.55263900756836,25.977970355714227,1275900
2014-04-11,25.56899070739746,25.683502644043568,25.356325087870648,25.47083702451675,1000133
2014-04-14,25.765296936035156,25.89616920081492,25.58534783198099,25.748938682991714,766500
2014-04-15,26.092479705810547,26.108840042276118,25.568994702091125,25.76530209852203,727000
2014-04-16,26.468727111816406,26.583239026851416,26.076112454389207,26.174266118746008,1094800
2014-04-17,26.5832576751709,26.68141140838315,26.321515079986643,26.501462204112276,617000
2014-04-21,26.41965675354004,26.64868063973032,26.305144810444897,26.55052695132183,654733
2014-04-22,26.468727111816406,26.534162194673016,26.076112454389207,26.436008530316215,782967
2014-04-23,26.517803192138672,26.63231510392694,26.370572699777885,26.50144286178055,581333
2014-04-24,26.157917022705078,26.665043772649362,26.092479836803264,26.566890073941146,847267
2014-04-25,25.92888832092285,26.206991131562756,25.798018123093485,26.174272542033272,903133
2014-04-28,25.683502197265625,26.092475175439564,25.63442535667899,25.96160498730462,997867
2014-04-29,25.60170555114746,25.961601642365096,25.601705551147457,25.716217471047646,1253067
2014-04-30,25.20909881591797,25.863456118787504,22.493517985146692,25.863456118787504,2744633
2014-05-01,25.192739486694336,25.552635675926638,25.143662639065184,25.30725143778088,718167
2014-05-02,25.29088592529297,25.454474677070493,25.110936842237006,25.22544876046689,880000
2014-05-05,25.029146194458008,25.307246894332405,24.980069355639696,25.307246894332405,1109400
2014-05-06,24.71832847595215,25.094582877320033,24.620174792091973,25.045506035389945,1182467
2014-05-07,25.06186294555664,25.225451716504267,24.881915921557475,24.91463242766055,1329067
2014-05-08,25.194902420043945,25.510877919482468,25.045229481154365,25.045229481154365,978000
2014-05-09,25.294689178466797,25.394471156658163,25.17827546080875,25.211536825089933,636200
2014-05-12,25.54414939880371,25.61067002645038,25.344585401211084,25.361215029459593,617067
2014-05-13,25.411102294921875,25.74370749893445,25.32794993659257,25.57740489692816,802867
2014-05-14,24.92881965637207,25.39446812750327,24.912187918889288,25.361206767189636,855667
2014-05-15,24.912195205688477,25.045238571206166,24.546328593830523,24.829044952560906,856933
2014-05-16,24.64609718322754,24.91218165487551,24.529685623378686,24.878922417576643,906100
2014-05-19,24.912195205688477,25.06186819890117,24.579589963873087,24.66274233165321,908500
2014-05-20,24.8622989654541,24.995342302918097,24.76251699101913,24.945451315700613,581567
2014-05-21,25.228166580200195,25.31131893400652,24.978713748085628,24.978713748085628,669867
2014-05-22,25.411102294921875,25.477622912793926,25.2115383266534,25.261429318720516,817267
2014-05-23,25.52751350402832,25.57740449531205,25.36121090463331,25.36121090463331,488867
2014-05-27,25.560771942138672,25.643922174986336,25.361207999861012,25.610662927708088,580000
2014-05-28,25.477624893188477,25.560777257981275,25.27806090940775,25.51088626203609,555300
2014-05-29,25.46099281311035,25.577404420882875,25.36121083083325,25.477622438605774,648200
2014-05-30,25.411102294921875,25.610666263190346,25.32794993659257,25.477622912793926,560733
2014-06-02,25.61067008972168,25.677190717532685,25.278062721361383,25.444367462867845,458767
2014-06-03,25.72707748413086,25.81022984120288,25.5607748846391,25.57740451019259,466500
2014-06-04,25.826854705810547,25.826854705810547,25.57739979523151,25.64392039983529,407033
2014-06-05,26.109569549560547,26.176092270569622,25.810225763627503,25.810225763627503,562333
2014-06-06,26.25924301147461,26.425545587933552,26.10957005826596,26.10957005826596,571933
2014-06-09,26.47544288635254,26.52533388265371,26.242619646715386,26.259249273931612,629433
2014-06-10,26.442184448242188,26.52533470154283,26.24262045687656,26.52533470154283,461800
2014-06-11,26.292503356933594,26.392285321884728,26.126200786899005,26.34239433940916,511367
2014-06-12,26.225980758666992,26.35902195872272,26.043046465275676,26.275871737350826,522833
2014-06-13,26.30913543701172,26.44217877425778,26.192723838578985,26.225985201553527,588300
2014-06-16,26.209354400634766,26.34239774264174,26.076313173279967,26.259245389555858,502367
2014-06-17,26.52533721923828,26.7581626028147,26.159470571891983,26.17610231585279,853367
2014-06-18,26.508691787719727,26.591844113997176,26.209345950702705,26.591844113997176,663867
2014-06-19,26.25924301147461,26.591850279044486,26.026419827362485,26.5752185411422,1017233
2014-06-20,26.159469604492188,26.40892460815159,26.076319346374174,26.342403978726644,1269433
2014-06-23,26.242624282836914,26.27588565779794,26.04306026237648,26.159471902760774,623433
2014-06-24,26.092945098876953,26.47544130456522,26.05968373177922,26.209356711740465,692033
2014-06-25,26.325769424438477,26.37566041583567,25.87675050186374,26.10957371861578,647000
2014-06-26,26.425556182861328,26.442187927431863,26.092950896590374,26.29251491421408,492767
2014-06-27,26.54197120666504,26.741535233840807,26.35903681020294,26.392298186283217,751433
2014-06-30,26.575225830078125,26.591857572542093,26.309141211832898,26.49207557636856,608933
2014-07-01,26.72490119934082,26.941094838712093,26.625119194299813,26.708271570051572,1004233
2014-07-02,26.49207305908203,26.69163703246645,26.375661446158574,26.65837566535159,547033
2014-07-03,26.75815200805664,26.824672613603074,26.641740419687405,26.641740419687405,327733
2014-07-07,26.72490119934082,26.841312833671083,26.625119194299813,26.75816257257208,476833
2014-07-08,26.49207305908203,26.708266658697696,26.32577045281247,26.675005291582835,594767
2014-07-09,26.675016403198242,26.675016403198242,26.37567243308071,26.508713727654445,818500
2014-07-10,26.675016403198242,26.708277784168303,26.30914967114059,26.34241105211065,1006067
2014-07-11,26.62510871887207,26.69163143916177,26.425544787306823,26.541958490487836,864867
2014-07-14,26.72490119934082,26.841312833671083,26.65838056753107,26.75816257257208,574767
2014-07-15,26.89119529724121,26.941086283919482,26.70826308918895,26.874565673232485,671933
2014-07-16,25.99315643310547,26.974344306515345,25.793592511103213,26.9078237040652,3911300
2014-07-17,25.793601989746094,26.09294798275326,25.594037994407984,25.926645358189035,1909833
2014-07-18,26.009788513183594,26.142831845309345,25.79359494879978,25.976529266141178,811700
2014-07-21,25.943275451660156,26.009796079748675,25.727081824382992,25.893384451930608,642933
2014-07-22,25.87674903869629,26.09294261764231,25.776967061543946,25.993160640489968,1226367
2014-07-23,26.442184448242188,26.52533470154283,26.04305646551093,26.27588182698835,1632167
2014-07-24,26.591848373413086,26.82467154084058,26.408914072161338,26.408914072161338,1557167
2014-07-25,26.691625595092773,26.724884833303665,26.408909382391414,26.65836424223042,1280500
2014-07-28,26.558589935302734,26.774783504446543,26.50869894898862,26.758153880559195,737033
2014-07-29,26.575225830078125,26.758160194613787,26.458814206093194,26.52533483199136,1058000
2014-07-30,26.7082576751709,26.841298869576175,26.591846101403366,26.69162805453315,641000
2014-07-31,26.40891456604004,26.808042420124877,26.37565532130089,26.60847849308246,1116200
2014-08-01,26.25924301147461,26.608479902294782,26.12620179616825,26.425545587933552,1233567
2014-08-04,26.342391967773438,26.525324143946314,26.142828055838137,26.359021588884136,731900
2014-08-05,26.25924301147461,26.35902498028037,26.12620179616825,26.259243011474606,690100
2014-08-06,26.32684326171875,26.41133119689388,26.107169473450412,26.15786309402432,858600
2014-08-07,26.107162475585938,26.428221270272175,26.005775261614335,26.428221270272175,629200
2014-08-08,26.19165802001953,26.191658020019535,25.938189932026887,26.124067246112148,609033
2014-08-11,26.276142120361328,26.377529332490003,26.140958454632607,26.36063003135424,485233
2014-08-12,26.140960693359375,26.343735134982442,25.988879862142074,26.19165430376514,597000
2014-08-13,26.41132354736328,26.512710759146252,26.191651971390662,26.225448424875474,636267
2014-08-14,26.51271629333496,26.580307065741824,26.293044671508714,26.411329060388706,419433
2014-08-15,26.360639572143555,26.614107694203756,26.157865074495398,26.529617603959608,597467
2014-08-18,26.52960777282715,26.563404226135237,26.36062980362962,26.411323409256024,540067
2014-08-19,26.58030891418457,26.631002534183022,26.478921674187664,26.546514599966976,576933
2014-08-20,26.563405990600586,26.66479320858801,26.411325163619455,26.59720244615359,793467
2014-08-21,26.968952178955078,26.9858493307144,26.529606895170254,26.630994103068954,843133
2014-08-22,26.833770751953125,27.036545184625265,26.799976445622143,26.98585157645723,561233
2014-08-25,26.968952178955078,27.01964578290443,26.867564971056378,26.952052878524373,395533
2014-08-26,27.121023178100586,27.15481746939206,26.968942421277127,27.002736712568606,459033
2014-08-27,27.0196475982666,27.154829118766354,26.968953990911313,27.12103481297718,441067
2014-08-28,26.850664138793945,26.968950640375102,26.78307338694133,26.9520513409085,366600
2014-08-29,26.952062606811523,27.070349157836198,26.867574668847794,26.952062606811523,447733
2014-09-02,27.13793182373047,27.17172827801415,26.93515739537139,27.03654460955093,758633
2014-09-03,26.93515968322754,27.306912117238433,26.884466071831888,27.205524894447127,564467
2014-09-04,26.918264389038086,27.171732463530994,26.833774314649833,26.901365084957327,756167
2014-09-05,26.850664138793945,26.98584779117044,26.6478918832361,26.867563438260547,498400
2014-09-08,26.918264389038086,26.935161544447,26.71548992944376,26.833774314649833,659800
2014-09-09,26.71548843383789,26.985853648603932,26.69859127937493,26.85066996688505,571100
2014-09-10,26.952062606811523,26.98585907120031,26.715493802106494,26.732390959964807,458300
2014-09-11,27.34070587158203,27.408296630537208,26.850666960310427,26.850666960310427,1110933
2014-09-12,27.357593536376953,27.62795862710492,27.154819181163294,27.306899947573537,722667
2014-09-15,27.5772762298584,27.69556060217891,27.306911029409388,27.4251954017299,1041767
2014-09-16,27.492794036865234,27.780056450685443,27.45899757402142,27.492794036865234,1130200
2014-09-17,27.61107063293457,27.813845055364066,27.357602604897703,27.475886968424426,657467
2014-09-18,27.763154983520508,27.94903012862523,27.64487060493826,27.66176775940094,1037233
2014-09-19,27.644868850708008,28.01662126599929,27.594175241865035,27.89833474625129,992967
2014-09-22,27.239322662353516,27.695563038196916,27.23932266235352,27.54348434536365,675933
2014-09-23,27.13793182373047,27.425194164791478,27.070341063834615,27.20552258362632,836033
2014-09-24,27.306903839111328,27.34070028602022,27.087232305881138,27.154823051027876,701100
2014-09-25,26.985849380493164,27.222420248916976,26.83376856836458,27.222420248916976,832167
2014-09-26,27.002750396728516,27.07034331090668,26.799978100209106,27.0196496996089,561733
2014-09-29,26.884469985961914,27.03655084229044,26.783082748409562,26.833776367185738,574200
2014-09-30,26.816877365112305,26.985855366514198,26.7154901345368,26.88446813593869,756800
2014-10-01,26.495811462402344,26.799973073135103,26.445117860613554,26.799973073135103,1141067
2014-10-02,26.42821502685547,26.58029581188522,26.191646349256526,26.445114324306115,1095167
2014-10-03,26.445117950439453,26.614095907418964,26.428218650671592,26.52960585459356,715700
2014-10-06,26.157861709594727,26.512717034831052,26.12406739678211,26.512717034831052,1034033
2014-10-07,25.819908142089844,26.14096703633921,25.803010984078462,26.03957979092655,714933
2014-10-08,26.107162475585938,26.15785608257174,25.70161576837104,25.853696589328443,1433100
2014-10-09,25.650924682617188,26.157858653630278,25.650924682617188,26.090267887229544,1204833
2014-10-10,25.583332061767578,25.921290195001404,25.566434907140998,25.65092497761739,930533
2014-10-13,25.414352416992188,25.73541122605177,25.380558109936402,25.600229700485425,1158667
2014-10-14,25.566438674926758,25.9550904779886,25.48195074067093,25.515745054904436,1224000
2014-10-15,25.110200881958008,25.346769701139273,24.687754720272352,25.346769701139273,1668000
2014-10-16,25.312965393066406,25.39745545869857,24.806031445288312,24.92431581823604,1370733
2014-10-17,25.32986068725586,25.634020148324563,25.245370634993215,25.532635093749185,795833
2014-10-20,25.397451400756836,25.44814500230211,25.211574145533735,25.329860648253565,770700
2014-10-21,25.73542022705078,25.73542022705078,25.414361305700393,25.549545027219043,1256467
2014-10-22,25.921297073364258,26.19166236249123,25.66782894334762,25.938194232474594,1886733
2014-10-23,26.00577735900879,26.259245414380274,25.93818659380029,26.191654649171774,1208167
2014-10-24,26.276142120361328,26.276142120361328,25.95508333151102,26.022674090039644,1189267
2014-10-27,26.20855712890625,26.25925075028153,26.022681949644966,26.225456435146093,1152867
2014-10-28,26.563405990600586,26.563405990600586,26.225450029756917,26.29304079219133,920233
2014-10-29,26.597196578979492,26.647890176790515,26.326831440211087,26.52960368278405,1251467
2014-10-30,26.630992889404297,26.647892189064844,26.428218482848013,26.512708535136895,1048700
2014-10-31,26.952062606811523,26.968961913341996,26.664800179859395,26.816881046600695,1342833
2014-11-03,26.93515968322754,27.070343363173183,26.867568917590567,26.985853294623194,1266967
2014-11-04,26.884469985961914,27.053447998991825,26.749288435006786,26.952060761439476,1077600
2014-11-05,26.9531307220459,27.107639381682375,26.781455161218656,27.038969593946117,843100
2014-11-06,27.193485260009766,27.210652165623603,26.901634766732027,26.95313766654729,1192067
2014-11-07,27.31365394592285,27.365156838159226,27.073308570802073,27.14197836612609,809400
2014-11-10,27.39950180053711,27.45100470964048,27.26215998193673,27.330829799749843,731067
2014-11-11,27.382333755493164,27.4681726682712,27.296497025689355,27.43383666656514,600233
2014-11-12,27.57118034362793,27.57118034362793,27.244995945905476,27.29649886043925,808200
2014-11-13,27.382333755493164,27.622681401487135,27.330830844421186,27.622681401487135,694700
2014-11-14,27.227811813354492,27.43382115821097,27.193475831058578,27.313648494634776,477533
2014-11-17,27.296493530273438,27.296493530273438,27.107648819533697,27.227823718628965,873633
2014-11-18,27.227811813354492,27.365151376592145,27.210642730720036,27.347984476930687,745500
2014-11-19,27.176315307617188,27.210649114995643,27.021806625493607,27.193482211306417,721067
2014-11-20,27.296493530273438,27.313660437441065,27.073315005198438,27.12481790967528,624833
2014-11-21,27.262144088745117,27.519658484137118,27.141971431886475,27.296480069121674,647767
2014-11-24,27.416662216186523,27.468165113092518,27.26215352546854,27.279320430112662,673267
2014-11-25,27.36515235900879,27.468158126621468,27.2964825749247,27.41665524281513,761267
2014-11-26,27.55399513244629,27.55399513244629,27.3136476299299,27.399486491465666,502233
2014-11-28,27.279325485229492,27.588342923929304,27.26215857740418,27.536840017479335,301867
2014-12-01,26.884458541870117,27.313648497231338,26.867291642207025,27.313648497231338,662567
2014-12-02,27.004648208618164,27.141990041317552,26.85013946544675,26.93597838375566,849467
2014-12-03,27.05613899230957,27.14197787213237,26.901630318412565,27.021805186759167,781400
2014-12-04,26.987470626831055,27.073309511197778,26.884464838780385,27.073309511197778,632067
2014-12-05,27.382333755493164,27.39950284783331,27.073318472035528,27.073318472035528,868267
2014-12-08,27.502490997314453,27.553993875291503,27.210640627786905,27.36514926171805,1071133
2014-12-09,27.46816062927246,27.536830419613125,27.15914329827956,27.296485061934163,843067
2014-12-10,26.83296012878418,27.41665882724389,26.781457238244403,27.382322839226248,641767
2014-12-11,27.07331657409668,27.244992204643438,26.884471852413395,26.884471852413395,782900
2014-12-12,26.729963302612305,27.0389807493761,26.695629486065727,26.85013602647353,872100
2014-12-15,26.472448348999023,26.901638512901545,26.403778534007355,26.81580178990548,960367
2014-12-16,26.472448348999023,26.64412616093928,26.197766906058295,26.386611626002953,1289100
2014-12-17,27.02180290222168,27.021802902221683,26.489607131450548,26.575443821042956,999000
2014-12-18,27.48532485961914,27.48532485961914,27.159140658488564,27.193476641808175,1587100
2014-12-19,27.58833885192871,27.67417774433364,27.399496344801076,27.46816614894079,2188000
2014-12-22,27.502490997314453,27.67416652958034,27.34798236338331,27.60549675326855,826433
2014-12-23,27.708507537841797,27.794346417802124,27.53683196089454,27.60550393805216,557867
2014-12-24,27.6226749420166,27.708511651747784,27.50250223860872,27.69134474639629,499900
2014-12-26,27.725671768188477,27.897347315071237,27.55399622130572,27.55399622130572,354233
2014-12-29,27.914527893066406,28.137706431669418,27.708516262671598,27.72568535385389,554000
2014-12-30,27.77718162536621,27.966024119463455,27.742845634178728,27.82868452066065,677333
2014-12-31,27.46816062927246,27.98318951426063,27.46816062927246,27.897350639104843,697400
2015-01-02,27.36515235900879,27.760006346208666,27.038968155893006,27.588330794511897,1042533
2015-01-05,26.987470626831055,27.39949377903372,26.832961944755052,27.210649106616327,1390833
2015-01-06,26.661285400390625,27.09047544084574,26.506776723869976,26.970302753431934,1715667
2015-01-07,27.004648208618164,27.073320216455045,26.678463811803294,26.85013946544675,1430800
2015-01-08,27.46816062927246,27.485327531114308,27.124809494595866,27.210646186778376,1054533
2015-01-09,27.02180290222168,27.519662687371927,26.97030001527695,27.468159800427195,1802600
2015-01-12,27.02180290222168,27.21064536570355,26.781455368821874,27.05613670486936,1235367
2015-01-13,26.83296012878418,27.382322839226248,26.678451457164847,27.107641484005214,1076367
2015-01-14,26.403776168823242,26.764296485439594,26.180597652861554,26.6097877783183,1584300
2015-01-15,26.18058967590332,26.54110988267285,26.180589675903324,26.472437911782233,938733
2015-01-16,26.523942947387695,26.523942947387695,26.12908890615567,26.180591797009704,941733
2015-01-20,26.36944007873535,26.66128837833464,26.28360118786714,26.55828258248226,727933
2015-01-21,26.420942306518555,26.592620098085025,26.18059689108357,26.335105593709116,614333
2015-01-22,27.46816062927246,27.46816062927246,26.55827772110888,26.609780609607697,1228167
2015-01-23,27.07331657409668,27.46817074265163,26.95314166803728,27.46817074265163,861533
2015-01-26,27.262144088745117,27.347982948200077,26.798620360012393,27.176307412263036,880133
2015-01-27,26.987470626831055,27.24498509695772,26.901631742464325,26.95313463648966,1102733
2015-01-28,26.43810272216797,27.124807114232027,26.438102722167972,27.124807114232027,1112567
2015-01-29,26.6269474029541,26.695619375988226,25.871573163364854,26.678450291243063,1830167
2015-01-30,26.523942947387695,26.86729628073906,26.36943645779896,26.36943645779896,1341167
2015-02-02,27.176315307617188,27.176315307617188,26.472441694729707,26.661286367205253,1516333
2015-02-03,27.502490997314453,27.588327671960982,27.210640627786905,27.27931040409869,1234733
2015-02-04,27.48532485961914,27.63983351009779,27.347985292286825,27.433821976126257,1287700
2015-02-05,27.5899715423584,27.71205053258782,27.45045332998248,27.50277321402395,1111467
2015-02-06,27.8690128326416,28.078292388691835,27.642294052787918,27.729494607009585,1102133
2015-02-09,27.78180694580078,27.973645008309802,27.642286540483813,27.816685383928817,657733
2015-02-10,28.025968551635742,28.043409990584415,27.729490700731155,27.956209448646764,634767
2015-02-11,27.938762664794922,28.025960965527705,27.81668149560694,27.99108253227511,765800
2015-02-12,28.427082061767578,28.60148088925789,27.90388336169523,28.043403754248324,1019167
2015-02-13,28.54916763305664,28.63636595820178,28.357327326053873,28.496847750928787,914967
2015-02-17,28.688692092895508,28.81077332286881,28.49685396168444,28.63637219936478,658000
2015-02-18,28.461973190307617,28.74101188225937,28.35733340362541,28.601493645084695,827867
2015-02-19,28.479402542114258,28.584040066769795,28.09572422637243,28.374762799857262,723733
2015-02-20,28.81076431274414,28.82820353259973,28.27012632120366,28.5317257070461,826400
2015-02-23,28.584047317504883,28.775887632839446,28.374769997506288,28.723567748439294,889200
2015-02-24,28.828205108642578,28.863085767862408,28.566605708498454,28.60148636771828,824233
2015-02-25,28.688692092895508,28.77589265464752,28.618932974055337,28.741011986426233,628333
2015-02-26,28.828205108642578,28.845644329451577,28.58404492930745,28.636364809336275,788767
2015-02-27,28.96772575378418,29.037484855165925,28.75844623203711,28.77588545298208,1148200
2015-03-02,29.089797973632812,29.124676407415212,28.863079283641888,28.96771902019175,642733
2015-03-03,29.159564971923828,29.159564971923828,28.88052633793436,28.98516610288065,769233
2015-03-04,28.985177993774414,29.072376355267334,28.81077905318573,29.037497897711305,815100
2015-03-05,29.211883544921875,29.229322765763865,28.706126182087562,28.950284144282804,848433
2015-03-06,28.985177993774414,29.490935586762454,28.741017702867982,29.159576934363102,1184633
2015-03-09,29.40372657775879,29.40372657775879,29.002606720292935,29.072365827747067,1110633
2015-03-10,28.653806686401367,29.142124834945342,28.65380668640137,29.124683396267507,881200
2015-03-11,28.75844955444336,28.810769440924542,28.51428934499715,28.688688227400384,1030433
2015-03-12,29.49091339111328,29.595553120232406,28.84563580074574,28.897955665305304,1438700
2015-03-13,29.264205932617188,29.438604808786373,28.96772806488978,29.368845701839106,776567
2015-03-16,29.35140037536621,29.473479341535985,29.24676062790596,29.368839594075734,885333
2015-03-17,29.508352279663086,29.508352279663086,29.142115449407097,29.316514256805352,1110600
2015-03-18,29.386287689208984,29.490927468276737,29.21188879663015,29.386287689208988,1060000
2015-03-19,29.246763229370117,29.33396154827547,29.037483715834455,29.33396154827547,970833
2015-03-20,29.49091339111328,29.52579404002005,29.26419471722224,29.43859352655372,1544167
2015-03-23,29.35140037536621,29.578119088996235,29.316519720345607,29.490918560245504,993833
2015-03-24,29.31651496887207,29.4385939152559,29.159555373120916,29.351395618239398,651200
2015-03-25,28.950286865234375,29.403726608160163,28.880527757708116,29.403726608160163,1172933
2015-03-26,29.00261116027832,29.089811721146976,28.60149345900773,28.915412817012044,705200
2015-03-27,28.950286865234375,29.089807297888935,28.758448765136652,28.985167527798524,502100
2015-03-30,29.49091339111328,29.630433769139174,29.05491525898399,29.05491525898399,829600
2015-03-31,29.1770076751709,29.333967341319966,29.037489450328753,29.194449116477816,1219467
2015-04-01,29.124683380126953,29.177003260927737,28.81076631292412,29.07236349932617,732033
2015-04-02,29.31651496887207,29.31651496887207,29.05491564262015,29.05491564262015,556733
2015-04-06,29.508352279663086,29.61299200762227,28.967716642008845,29.124674016346468,1346800
2015-04-07,29.421171188354492,29.665329217959574,29.403731962697687,29.438610414011297,756000
2015-04-08,29.769956588745117,29.85715711585886,29.29907995161514,29.40371969711103,1225900
2015-04-09,29.752519607543945,29.83972014121456,29.473481004440337,29.717638950555358,1014967
2015-04-10,29.64787483215332,29.752514567792552,29.456034577614282,29.752514567792552,1342567
2015-04-13,29.71763801574707,29.82227776581955,29.56067839063835,29.66531814071083,903333
2015-04-14,29.63043975830078,29.92691757233085,29.47348013289605,29.71763807179121,810900
2015-04-15,29.71763801574707,29.874597640855793,29.54323917149348,29.66531814071083,683433
2015-04-16,29.665311813354492,29.769951541108217,29.560672085600768,29.68275324638088,731600
2015-04-17,29.264205932617188,29.630445124893892,29.107246278784316,29.525805355671977,1063600
2015-04-20,29.508352279663086,29.6304334406829,29.33395347226483,29.33395347226483,525400
2015-04-21,29.595579147338867,29.944377072743617,29.49093932619682,29.665338288899193,859733
2015-04-22,29.64787483215332,29.700194699972936,29.31651640849618,29.665314048892753,598733
2015-04-23,29.64787483215332,29.839715086692355,29.508354445433902,29.560674313253518,721767
2015-04-24,29.473482131958008,29.682761646692192,29.368842374590916,29.682761646692192,786833
2015-04-27,29.246763229370117,29.59556094019505,29.142123472602286,29.543241061811134,842400
2015-04-28,29.508352279663086,29.52579371272372,29.124674016346468,29.316514256805352,1013967
2015-04-29,29.839725494384766,29.92692382609685,29.351407296949997,29.386285742593994,1012367
2015-04-30,29.979244232177734,30.415242551107138,29.769964684275276,29.85716523510201,1491700
2015-05-01,29.71763801574707,30.24083676610947,29.71763801574707,30.031557265964512,1087833
2015-05-04,30.066436767578125,30.08387598605349,29.682758437909328,29.700197656384695,798000
2015-05-05,30.031564712524414,30.310603376040294,29.944364159974754,30.083884600533775,933033
2015-05-06,30.32803726196289,30.32803726196289,29.961800327954947,30.101318526357467,1202533
2015-05-07,29.95646095275879,30.34573559937104,29.8326013492793,30.204180159717772,1464000
2015-05-08,30.115711212158203,30.168794222959,29.832602571203115,30.06262820135741,856100
2015-05-11,30.39881706237793,30.451900068305488,29.991846600284212,30.080319026812568,1051700
2015-05-12,30.55805778503418,30.66422376807005,30.080310861372755,30.398808810480368,1208833
2015-05-13,30.681934356689453,30.6996279470214,30.398825661638718,30.575768314801937,1197467
2015-05-14,30.681934356689453,30.85887700985267,30.628851335745694,30.73501737763321,862067
2015-05-15,30.416515350341797,30.71731984708718,30.29265573401022,30.699624009077226,577000
2015-05-18,30.858871459960938,30.947343895604952,30.363430770238963,30.381124357388764,1101467
2015-05-19,31.33661460876465,31.389697613464026,30.876561151387627,30.947339990951612,1675033
2015-05-20,31.28353500366211,31.354311600970203,31.018119951322436,31.265839166874493,905500
2015-05-21,31.124284744262695,31.336616777756962,30.965035719141994,31.26583793329396,1073767
2015-05-22,31.088895797729492,31.3189214208855,31.071202211316695,31.212755402513896,714633
2015-05-26,30.965024948120117,31.124273917846896,30.699609998575482,31.10658033785945,902800
2015-05-27,31.354312896728516,31.40739590939018,30.982731808096894,31.088897833420216,813033
2015-05-28,31.354312896728516,31.40739590939018,31.106593670939137,31.318923471638225,863467
2015-05-29,31.38970947265625,31.478179680614897,31.08890491573187,31.336626447901832,1216133
2015-06-01,31.318923950195312,31.49586882840296,31.177370747566307,31.442785814930183,863300
2015-06-02,31.655109405517578,31.74358182725578,31.283530634090294,31.336613637143785,1130467
2015-06-03,31.902843475341797,32.15056275443208,31.655121946303474,31.708204970386827,1068833
2015-06-04,31.690502166748047,31.93822362377506,31.58433614944324,31.761278761635456,780900
2015-06-05,32.04439926147461,32.04439926147461,31.672818089351388,31.7612882970344,1120333
2015-06-08,32.00899887084961,32.16824789010128,31.814360430670703,31.973609449922368,822700
2015-06-09,32.20363998413086,32.25672299866301,31.796671706016113,32.00900376414472,794167
2015-06-10,32.575218200683594,32.78755024000605,32.23902655507218,32.274415978275066,1000533
2015-06-11,32.55753707885742,32.769869199472204,32.41598158179814,32.592924265661026,1175800
2015-06-12,32.610595703125,32.62828928328486,32.43365315168655,32.50442972227261,710300
2015-06-15,32.610595703125,32.66367869355119,32.22132118998177,32.32748717083416,851667
2015-06-16,32.82294464111328,32.858331819735525,32.45136351594525,32.522140123137525,860467
2015-06-17,32.433677673339844,32.982199322527734,32.29212217519734,32.92911854191615,1184633
2015-06-18,32.68138885498047,32.769861300560486,32.39828017905127,32.557529231126644,938267
2015-06-19,32.59291076660156,32.78754921320081,32.57521718052794,32.699076782938,1287233
2015-06-22,32.85832595825195,32.91140896666381,32.6990769330164,32.840632372097126,894000
2015-06-23,33.05297088623047,33.123747494673864,32.91141541939586,32.91141541939586,793333
2015-06-24,32.64598083496094,33.14142129817197,32.64598083496094,32.78753621728401,868200
2015-06-25,32.64598083496094,32.87600861247923,32.5221212816448,32.822925625351395,970067
2015-06-26,32.80523681640625,32.98217939471454,32.752153817919066,32.80523681640625,842467
2015-06-29,32.2921142578125,32.7167783981725,32.2921142578125,32.53983350639066,955900
2015-06-30,32.522151947021484,32.80526072866651,32.3629028354808,32.62831802138194,1141800
2015-07-01,32.80523681640625,32.92909864617431,32.592904822457506,32.76984965071276,1018033
2015-07-02,32.433677673339844,32.91142269843064,32.34520520575724,32.91142269843064,756700
2015-07-06,32.46906280517578,32.48675864754117,31.84976232114319,32.115177457142345,924033
2015-07-07,32.32748794555664,32.4867369206516,31.99129641478284,32.39826451783885,926367
2015-07-08,31.778974533081055,32.062083162001365,31.49586590416075,31.796668119280017,1566333
2015-07-09,31.973613739013672,32.23902880670381,31.796671110536114,32.115169191764274,789533
2015-07-10,32.2921142578125,32.4513633104475,32.09747577683159,32.38058670370342,794133
2015-07-13,32.46906280517578,32.55753526715822,32.327509565941675,32.55753526715822,774067
2015-07-14,32.55753707885742,32.592924265661026,32.256732491337054,32.36289855164445,933700
2015-07-15,32.71677780151367,32.76986081809059,32.48675214632959,32.592915929535714,901633
2015-07-16,32.80523681640625,32.91140281338062,32.73446023507232,32.91140281338062,761500
2015-07-17,32.522151947021484,32.80526072866651,32.345209239736924,32.76987353717875,915500
2015-07-20,32.6636962890625,32.75216648746617,32.433670623286005,32.504447231998505,696833
2015-07-21,32.3098030090332,32.9114097011444,32.256719999436704,32.7521606723549,1120467
2015-07-22,32.9644889831543,33.01757198674824,32.30979935547816,32.50443778530498,1162633
2015-07-23,32.80523681640625,33.247594387150464,32.699070819431874,33.01756881035499,1254633
2015-07-24,32.610595703125,32.9113978155757,32.52212330243247,32.73445526413725,883167
2015-07-27,32.575218200683594,32.663690633717096,32.32749898810568,32.48674801759753,1058833
2015-07-28,32.82294464111328,32.858331819735525,32.45136351594525,32.73447219466211,1001400
2015-07-29,33.21221923828125,33.2653022559749,32.68138906134477,32.84063811442571,954967
2015-07-30,33.58379364013672,33.58379364013672,33.05296578383358,33.088352957618646,1050900
2015-07-31,33.672264099121094,33.81381953579944,33.33607246820078,33.58379166995371,1195867
2015-08-03,33.353763580322266,33.7430381898824,33.08834856245237,33.65456801722387,1534833
2015-08-04,33.353759765625,33.748266515748966,33.26410048798072,33.31789696664254,932500
2015-08-05,33.46135711669922,33.8379325167794,33.42549203281924,33.51515360242496,1152567
2015-08-06,33.15652084350586,33.622755658983266,32.99513134272006,33.4434347515065,1003833
2015-08-07,32.63648223876953,33.15651575488699,32.439229954874634,33.048922770875706,1477700
2015-08-10,33.120643615722656,33.1744400962755,32.762001932162526,32.81579841271537,907600
2015-08-11,32.9951286315918,33.03099144202696,32.70821474716616,32.869604234690996,901700
2015-08-12,32.61854934692383,32.833735305130624,32.06265304828581,32.797870218699956,1290533
2015-08-13,32.8337516784668,32.959276123287,32.528903992258044,32.58270050863666,500967
2015-08-14,33.353759765625,33.353759765625,32.6723392227007,32.851660058177394,662600
2015-08-17,33.353759765625,33.53308060110169,32.9413216160098,33.17443893014831,768700
2015-08-18,33.13858413696289,33.47929451417916,33.12065273190588,33.42549801881928,895233
2015-08-19,32.600616455078125,33.13857904584016,32.58268277258745,33.030986071650055,1508167
2015-08-20,32.008853912353516,32.45715719482398,31.97299110907646,32.349564224615996,1122767
2015-08-21,31.65020751953125,32.008849180413456,31.381225133775562,31.66813891851894,1453033
2015-08-24,30.161842346191406,30.484621235934718,25.57121684824735,29.408693883645263,2156567
2015-08-25,29.85700035095215,31.166045171122576,29.85700035095215,31.166045171122576,1653300
2015-08-26,30.75360107421875,30.843260349307602,30.0004503944192,30.55634656468475,1404600
2015-08-27,31.488826751708984,31.632282543456135,30.98672692021657,31.130184992152415,1001033
2015-08-28,31.632280349731445,31.757807009040697,31.255707212369312,31.291570017724638,1041167
2015-08-31,31.66814613342285,31.775739112237865,31.38123228331234,31.488825262127357,769433
2015-09-01,30.50255012512207,31.18397064946407,30.377025771730242,31.16603925046183,1193067
2015-09-02,30.95085906982422,30.968792752333556,30.466692965653497,30.91499626518253,700867
2015-09-03,31.30950355529785,31.43502793383606,30.89706305411726,31.0584525180329,728867
2015-09-04,31.201915740966797,31.29157504895957,30.84327166842898,30.93293325661066,859400
2015-09-08,32.17025375366211,32.2419816635616,31.417104999244525,31.524698004188345,1419367
2015-09-09,31.65020751953125,32.47508607578601,31.614342441367803,32.403355919459116,951600
2015-09-10,31.84746742248535,32.22404285327773,31.48882567518979,31.614350058724376,786433
2015-09-11,31.883337020874023,31.919202112754043,31.50676153679514,31.82954052314847,1781767
2015-09-14,32.17025375366211,32.1881851610897,31.72195032645925,31.901271241302563,567533
2015-09-15,32.49303436279297,32.56476227621186,32.17025533212408,32.24198324554297,729367
2015-09-16,32.58268356323242,32.63648005163289,32.18817674169184,32.43922778095687,709000
2015-09-17,32.008853912353516,32.85166399219045,31.919194623972466,32.582681566670495,951733
2015-09-18,31.327434539794922,31.57848557370933,31.25570665018587,31.52468908645542,1753267
2015-09-21,31.84746742248535,32.04472197962995,31.524690761994798,31.524690761994798,1186000
2015-09-22,31.560556411743164,31.70401449169798,31.363304117017723,31.506759916783714,917600
2015-09-23,32.40336990356445,32.88753840687405,31.721949085699197,31.721949085699197,2179533
2015-09-24,32.56475067138672,32.636478559244544,32.026788092170335,32.15231246596865,1017667
2015-09-25,32.51095962524414,33.03099088955584,32.45716313030233,32.92340017986103,1128867
2015-09-28,32.18818664550781,32.45716917027198,32.04473081909308,32.367509848810094,1006333
2015-09-29,32.0985221862793,32.385436073373874,31.901267606295526,32.20611517896337,933933
2015-09-30,32.38542938232422,32.47509095109922,32.026787667601035,32.27783641186958,1065800
2015-10-01,32.40336990356445,32.54682799794143,31.955066493896357,32.385438496838226,824167
2015-10-02,32.38542938232422,32.38542938232422,31.273636874418564,31.865398211919075,1031433
2015-10-05,33.04892349243164,33.0847863010926,32.51095856062983,32.56475505381001,991900
2015-10-06,33.013057708740234,33.156515780930874,32.779940336595565,32.99512630478717,757433
2015-10-07,33.31789779663086,33.371694276632816,32.90545735655315,33.12064327656096,1087400
2015-10-08,33.49723815917969,33.60483118189014,33.15652768065976,33.28205211375878,496967
2015-10-09,33.192378997802734,33.730343924910045,33.04892320403327,33.60481953531458,649000
2015-10-12,33.42548751831055,33.497217676382476,33.0130493702435,33.13857372658719,433333
2015-10-13,33.192378997802734,33.658616028025314,33.174447593628734,33.2641091748762,454667
2015-10-14,32.654415130615234,33.192377757430584,32.56475355271835,33.192377757430584,772533
2015-10-15,33.120643615722656,33.15650869615395,32.708205451609686,32.851661212958454,668700
2015-10-16,33.066856384277344,33.389635357878674,32.99512848354,33.13858428501469,732133
2015-10-19,33.10271453857422,33.299966794317946,32.923393684210374,33.030984372677985,753400
2015-10-20,33.33583068847656,33.46135505403609,33.10271335809792,33.26410280532659,560833
2015-10-21,32.90546417236328,33.69447785569731,32.90546417236328,33.317904697871064,1209100
2015-10-22,33.2282600402832,33.62276708284769,32.94134603479901,33.06687048466275,979033
2015-10-23,33.98139190673828,34.07105348588186,33.35376769329925,33.44342927244283,1091633
2015-10-26,33.78413772583008,34.053120167952244,33.64067966330207,33.99932367952781,753367
2015-10-27,33.694480895996094,33.98139478126176,33.53309140799874,33.622752994726895,898033
2015-10-28,34.357975006103516,34.393840101793884,33.73035065275178,33.73035065275178,1450833
2015-10-29,30.233579635620117,32.833738206619195,29.96459716409188,32.36750344276279,8686367
2015-10-30,29.623882293701172,29.910796126352974,28.8886651699956,29.390762666994913,14925467
2015-11-02,29.372833251953125,30.00045744584667,28.97832642034673,29.803205170137776,4732400
2015-11-03,29.21145248413086,29.659755939050807,29.067996655462476,29.372842001524756,2998567
2015-11-04,29.083965301513672,29.37535102632281,28.901849512973946,29.3025051740525,2750167
2015-11-05,29.229663848876953,29.247874735833065,28.865429899657006,29.138604782639906,2231533
2015-11-06,29.429975509643555,29.66672618197246,29.338918805677782,29.484610458313846,3114833
2015-11-09,28.810789108276367,29.46640869511384,28.592249245997206,29.3935605305356,2663867
2015-11-10,28.95648193359375,29.193232669439475,28.719731197748022,28.774366161076088,2599467
2015-11-11,29.21144676208496,29.41177575487837,28.992906884756852,29.102176823420905,1525133
2015-11-12,28.86542510986328,29.247869882578243,28.86542510986328,29.065754096051837,1284833
2015-11-13,28.446552276611328,29.138593501761797,28.410128201072283,28.847207844631463,1528300
2015-11-16,28.574037551879883,28.646883398663217,28.11874695696054,28.373710894293783,1743867
2015-11-17,28.246219635009766,28.665088343799113,28.155162931679904,28.628664273030935,1665233
2015-11-18,28.810789108276367,28.829002307284817,28.045901906027094,28.37371169944583,2320233
2015-11-19,29.065750122070312,29.102171884959148,28.756151243149894,28.9564802019487,1901567
2015-11-20,29.065750122070312,29.156806845019954,28.737940361705476,29.138595963575536,1381333
2015-11-23,28.992904663085938,29.2842926876802,28.865423849655798,29.029328745092158,843033
2015-11-24,29.138607025146484,29.24787698674906,28.792586251981145,28.84722123278243,1374300
2015-11-25,29.429975509643555,29.448186387291297,29.04753086895152,29.28428385700749,1270633
2015-11-27,29.429975509643555,29.466399580666103,29.08395493997407,29.375340560973264,538000
2015-11-30,29.8670654296875,29.994546248770003,29.575679707901266,29.81243046211959,2527133
2015-12-01,30.35877799987793,30.41341296776583,29.739584784785567,29.958122340609286,2133867
2015-12-02,30.213085174560547,30.650164901440434,30.158450208700565,30.376990072140508,1270633
2015-12-03,30.158451080322266,30.559106736299075,30.012757061908943,30.358777750446738,1408433
2015-12-04,30.704790115356445,30.72300099295001,30.08559480417771,30.158440630279014,1569533
2015-12-07,30.376983642578125,30.650158414058147,30.049173916802093,30.650158414058147,1362133
2015-12-08,29.666748046875,30.14025205624046,29.55747806900057,30.122038849442205,1571433
2015-12-09,29.885276794433594,30.15845163666803,29.557466983752267,29.612101952199154,2218667
2015-12-10,30.19487762451172,30.55910922663535,29.721373762877334,29.885278678551384,1596667
2015-12-11,29.484617233276367,29.939907804902905,29.37534731082779,29.83063788245433,1189467
2015-12-14,29.81243133544922,29.867066304617612,29.24787075928511,29.593891458775634,1594300
2015-12-15,30.850492477416992,30.941551528450393,30.103816132417865,30.158451099892332,2086333
2015-12-16,30.868709564208984,31.050827702871292,30.376997073860064,30.959768633540136,1455267
2015-12-17,30.376983642578125,30.959754944583974,30.140232945871205,30.92333086981087,1643433
2015-12-18,29.429975509643555,30.413402269981724,29.411764631995812,30.37698051468624,3947700
2015-12-21,29.848854064941406,29.88527815080177,29.59389241110289,29.59389241110289,1398800
2015-12-22,29.703161239624023,29.958122883906086,29.539256332987872,29.83064206176505,1823867
2015-12-23,30.2495059967041,30.37698679806139,29.739580475547406,29.867061276904696,1465167
2015-12-24,30.158451080322266,30.322355982639305,30.012757061908943,30.176661964225982,308000
2015-12-28,30.158451080322266,30.158451080322266,29.666736373371148,30.067392029347957,912533
2015-12-29,30.468050003051758,30.522684974646893,30.12202928819191,30.249512432399253,1025633
2015-12-30,29.994548797607422,30.358780401859445,29.97633791211324,30.358780401859445,1071200
2015-12-31,29.721364974975586,30.176655500875558,29.612095063501403,29.88526984218686,1000767
2016-01-04,29.01112937927246,29.338939300284604,28.829013528397496,29.22966932661389,1776400
2016-01-05,29.193233489990234,29.429984232490447,29.011117712353744,29.011117712353744,1725500
2016-01-06,28.86542510986328,29.065754096051837,28.701520207271155,28.77436837446401,1953200
2016-01-07,28.20979881286621,28.756145998094237,28.20979881286621,28.391914541275554,2090433
2016-01-08,27.790945053100586,28.482986583093272,27.790945053100586,28.428353919310204,1850533
2016-01-11,27.863784790039062,28.027687363161935,27.51776412993047,27.954841517804248,2039233
2016-01-12,28.228008270263672,28.228008270263675,27.71808286694596,28.082314305432753,1762033
2016-01-13,27.299219131469727,28.37370498976779,27.06246844189557,28.319070037117815,1830633
2016-01-14,27.57240104675293,27.71809507575676,26.989629562193656,27.39028524729416,1546833
2016-01-15,27.062471389770508,27.06247138977051,26.497910922799754,26.880353317281244,2755933
2016-01-19,26.916780471801758,27.572397734233757,26.84393462391548,27.49955188634748,2205267
2016-01-20,27.02604866027832,27.262799387451313,26.079043435858747,26.406853203818706,2894033
2016-01-21,26.843936920166016,27.40849749996504,26.807512835243255,27.098898567441474,2141467
2016-01-22,27.062471389770508,27.29922210513357,26.916777394924594,27.135317229329726,1262667
2016-01-25,26.425065994262695,27.098896460717068,26.37043102898997,26.971415646989964,1932767
2016-01-26,27.080684661865234,27.22637635384777,26.479700064186133,26.479700064186133,2465667
2016-01-27,27.53597640991211,28.064112868084038,26.352220363062372,26.425066212117308,2147800
2016-01-28,27.809154510498047,28.209810201032244,27.42670970543829,27.66346047951831,1897600
2016-01-29,28.19159698486328,28.24623195698567,27.663460464832234,27.809154495734624,2047133
2016-02-01,28.19159698486328,28.20981018605612,27.663460464832234,27.95484621090895,1734867
2016-02-02,27.645248413085938,27.954845031566354,27.40849764911951,27.790940122113913,1963000
2016-02-03,27.954843521118164,28.11874842171454,27.299226234460484,27.8273627036747,2999133
2016-02-04,28.212665557861328,28.433652873413866,27.881184584532527,27.991678242308794,1704133
2016-02-05,28.323156356811523,28.63622246946527,27.973260589724383,28.01009258581943,1851800
2016-02-08,28.415224075317383,28.48888569706863,27.641768851116737,27.918002859759824,1738600
2016-02-09,28.470470428466797,28.691457631899407,27.88117043875961,28.0100812018691,1532000
2016-02-10,27.89959144592285,28.74670839529696,27.881174281990987,28.59938279214715,1702333
2016-02-11,27.107728958129883,27.512871554096243,26.997235309987996,27.29188425781247,1801867
2016-02-12,27.80751609802246,28.138996989951234,27.255050286469157,27.42078839077223,1950033
2016-02-16,28.6362247467041,28.857209715862805,27.918015986537352,28.04692447062872,1752267
2016-02-17,28.58096694946289,29.059771044698458,28.52572014296179,28.85719864030745,1903900
2016-02-18,28.56255531311035,28.765127756699606,28.231076751622812,28.636219297139927,1673000
2016-02-19,28.470470428466797,28.728287271364376,28.28631520615986,28.70987245163189,1713933
2016-02-22,28.728290557861328,28.801952186878808,28.470473685469678,28.76512254320055,1068933
2016-02-23,28.341567993164062,28.783542529897836,28.13899789160201,28.728295712806116,872567
2016-02-24,28.120590209960938,28.212666700729834,27.56812189869963,28.010096547708677,980300
2016-02-25,28.341567993164062,28.415231977060618,28.08375107451029,28.19424470869373,1401000
2016-02-26,28.378402709960938,28.617804826458276,28.231079411344858,28.433649532357368,1401267
2016-02-29,27.862764358520508,28.396815373220413,27.715441071129504,28.396815373220413,1487433
2016-03-01,28.912452697753906,28.949284691878702,27.78910380605514,27.973259093356074,1866567
2016-03-02,29.11502456665039,29.1334393925112,28.691467180221387,29.004530928162566,1190533
2016-03-03,29.317588806152344,29.317588806152344,28.89403150452775,29.059771929075026,948033
2016-03-04,29.538591384887695,29.64908505865666,29.280774373868265,29.372850874234253,1061200
2016-03-07,29.372840881347656,29.464919692049882,29.170270776128756,29.35442605587178,879933
2016-03-08,28.728290557861328,29.26234146614473,28.7098757360222,29.170265015288123,1393533
2016-03-09,28.599390029907227,29.059779436479033,28.544143207452144,28.912453796044947,794700
2016-03-10,28.783546447753906,29.00453374620035,28.4152358447843,28.783546447753906,627033
2016-03-11,29.243928909301758,29.243928909301758,28.930865205484395,29.041358828399026,1043500
2016-03-14,28.949289321899414,29.22552346786124,28.70988717595313,29.096614980299687,1084867
2016-03-15,28.93086814880371,28.9676977990814,28.580972421197327,28.69146605535317,817500
2016-03-16,28.56255531311035,28.912451041435983,28.359985211182487,28.912451041435983,1010800
2016-03-17,28.415224075317383,28.74670488568909,28.231068850108905,28.48888569706863,2195400
2016-03-18,28.525724411010742,29.078190217021312,28.470477596243555,28.562554059748006,4351433
2016-03-21,28.85721206665039,29.18869305988455,28.341575746617934,28.378407748642406,1381700
2016-03-22,29.207101821899414,29.299178287955257,28.673048483797846,28.838788932691987,1211800
2016-03-23,29.04136085510254,29.2991777654548,29.04136085510254,29.207101301040982,934367
2016-03-24,28.875619888305664,28.91244953674233,28.617800640942633,28.82037307398939,882533
2016-03-28,28.74671173095703,28.986113814901394,28.709879740480478,28.875620185133027,557467
2016-03-29,29.299175262451172,29.317590085428513,28.562551901763186,28.728292333542566,1221033
2016-03-30,29.391254425048828,29.77797976233417,29.336007613770757,29.372837260182045,1330400
2016-03-31,29.280773162841797,29.55700733583941,29.078200655422844,29.35443482842045,1667867
2016-04-01,29.096599578857422,29.35441641751265,28.986105978959277,29.05976759833782,1326800
2016-04-04,28.986116409301758,29.24393334072964,28.912452421755365,29.0781928812425,851667
2016-04-05,28.26790428161621,28.783540422838723,28.249489457820797,28.709878785995855,1030967
2016-04-06,28.26790428161621,28.525723523058076,28.083749018678432,28.26790428161621,2221467
2016-04-07,27.42078971862793,28.06533670914437,27.255051606298963,28.06533670914437,1561900
2016-04-08,27.678613662719727,27.954847799405915,27.531288009266486,27.586534836603725,1325067
2016-04-11,27.770689010620117,28.157414411882485,27.531284561035736,27.733857016454476,1480233
2016-04-12,27.89959144592285,28.046914707411638,27.78909782897575,27.86275945972014,972633
2016-04-13,28.58096694946289,28.69146056246509,28.06533086933961,28.06533086933961,1351800
2016-04-14,28.838794708251953,29.409677810442368,28.452066916715456,28.56256057144017,2043967
2016-04-15,28.801958084106445,29.00453053245761,28.599387977416725,28.930868888357846,976667
2016-04-18,28.967702865600586,29.05978169072239,28.544145421696243,28.801962385378417,1019767
2016-04-19,29.372840881347656,29.391258048484957,28.93086867829668,29.041362314474778,1936500
2016-04-20,28.599390029907227,29.243934730775436,28.599390029907227,29.243934730775436,1712000
2016-04-21,28.102174758911133,28.673057934943667,28.046927924402755,28.599396269486537,1570967
2016-04-22,28.120590209960938,28.28633070333933,28.010096547708677,28.083758208656192,1725100
2016-04-25,28.120590209960938,28.175837041087068,27.77069439338277,28.175837041087068,1224400
2016-04-26,28.396820068359375,28.452066895680886,28.083756274645346,28.175835100735142,1350967
2016-04-27,28.083757400512695,28.452068036313673,28.010095741684886,28.341574377240995,1469233
2016-04-28,27.770689010620117,28.08375276521273,27.641778201871137,27.991673950629387,1330200
2016-04-29,27.678613662719727,27.936430629185622,27.531288009266486,27.715445661498492,1369567
2016-05-02,27.825937271118164,27.954845744877044,27.641779632420743,27.807520102251434,1533567
2016-05-03,27.181385040283203,27.641774365988063,27.107723403835564,27.531280740486,1428133
2016-05-04,26.995079040527344,27.181380004160406,26.678365270300386,27.013708426207067,1877467
2016-05-05,26.90194320678711,27.181396001175155,26.827423251265852,27.05098548677629,1331900
2016-05-06,27.162752151489258,27.218642680628047,26.69699853164781,26.715627918378935,1397533
2016-05-09,27.2745361328125,27.293167892104098,26.995085801843103,27.050976341826157,1130500
2016-05-10,27.703044891357422,27.777564858885672,27.293181516531465,27.311810916176764,1661567
2016-05-11,27.721656799316406,27.945218929785984,27.572616958300397,27.684398023535184,1515400
2016-05-12,27.852079391479492,28.038382827366256,27.591258371552577,27.870711156436126,1346267
2016-05-13,27.404953002929688,27.98248787805271,27.2745401444902,27.87070678164527,1062633
2016-05-16,27.609880447387695,27.66577098954621,27.311798345524263,27.34905949661193,976933
2016-05-17,27.53536605834961,27.647147165173546,27.23728389646793,27.498104899759486,2034467
2016-05-18,28.28057098388672,28.299200377612664,27.49810328214882,27.53536443854701,2182700
2016-05-19,28.001121520996094,28.299203700341806,27.68440994573708,28.11290263436906,1437767
2016-05-20,28.28057098388672,28.336461534010855,28.038379389664232,28.038379389664232,1304300
2016-05-23,28.07563591003418,28.33645924586767,28.01974536442315,28.29919809247828,1212833
2016-05-24,28.597278594970703,28.63453974625218,28.13152486420914,28.243305949107594,1611600
2016-05-25,28.895360946655273,29.063032575443597,28.69043053521132,28.727689317866947,1550067
2016-05-26,28.802202224731445,29.044393708765245,28.709050560589876,28.87672213467756,1028033
2016-05-27,29.137550354003906,29.137550354003906,28.7276871924931,28.764948341338016,986700
2016-05-31,29.323856353759766,29.34248574537664,29.044403634776494,29.193443505603547,1528300
2016-06-01,29.379745483398438,29.41700426483878,28.98851169565342,29.32385494229201,1122533
2016-06-02,29.43562889099121,29.43562889099121,29.08165633941516,29.249325553155103,814533
2016-06-03,28.98850440979004,29.118914849946197,28.448230894182164,29.044394936849155,1478267
2016-06-06,29.17481803894043,29.342489692887636,28.95125583367749,29.025778148062706,838100
2016-06-07,28.876731872558594,29.212075133819223,28.85810248102612,29.137552829797286,954767
2016-06-08,28.78358268737793,29.04440603631048,28.76495329422069,28.876734391056605,1100100
2016-06-09,28.802202224731445,28.895351519927786,28.410968551860183,28.690421175339655,792400
2016-06-10,28.653169631958008,28.876731805613474,28.410978066813257,28.50412976215171,956667
2016-06-13,28.0570068359375,28.820842721984874,27.98248689725989,28.44824065965069,1414367
2016-06-14,27.721656799316406,28.112890527638168,27.591246346191006,27.945218929785984,1647600
2016-06-15,27.703044891357422,28.131537665828677,27.684415491712123,27.777564858885672,1079367
2016-06-16,27.572620391845703,27.703030861210774,27.25590654459241,27.609879172266663,1056700
2016-06-17,27.852079391479492,27.963860505432912,27.535367814575867,27.60988776756262,3286833
2016-06-20,28.26194190979004,28.46687473605602,28.16879256335266,28.280573674234738,1859167
2016-06-21,28.224672317504883,28.3550827739784,28.01973956966453,28.261931094242673,1184300
2016-06-22,28.16878890991211,28.448241650872788,28.11289836171997,28.28057000629638,1367933
2016-06-23,28.76494789123535,28.802209039497217,28.429604663715875,28.429604663715875,1243167
2016-06-24,27.516735076904297,27.98248887216638,26.99509073145292,27.70303612121987,2650667
2016-06-27,26.827415466308594,27.181388113499768,26.547962753013984,27.14412696207849,3433300
2016-06-28,27.293170928955078,27.330429713792235,26.734265466936368,27.255909775171784,1952100
2016-06-29,27.628511428833008,27.703031359962402,27.330426966423634,27.53535973821184,1490233
2016-06-30,27.926589965820312,27.926589965820312,27.442204552801417,27.79617714176969,1839533
2016-07-01,27.81481170654297,27.852070486650717,27.404948542736896,27.833441096596843,1913200
2016-07-05,27.367685317993164,27.68439913856301,27.218645470974366,27.51672753395762,1677867
2016-07-06,27.330425262451172,27.367686410165692,27.05097494590238,27.125494872385673,1675500
2016-07-07,27.330425262451172,27.62850970627585,27.23727594658349,27.330425262451172,1836300
2016-07-08,27.442211151123047,27.81481558680091,27.442211151123047,27.665773338740532,1328033
2016-07-11,27.665771484375,27.777552570691345,27.51673161525055,27.57262215840872,957167
2016-07-12,28.038372039794922,28.150153110741343,27.814809897902087,27.926590968848505,1292267
2016-07-13,27.721656799316406,28.094261139747555,27.665766266699013,27.852067252441806,1395800
2016-07-14,27.852079391479492,28.13153217636304,27.740298277526076,28.07564161938633,1952967
2016-07-15,27.9638614654541,28.112903745490932,27.83345095101355,28.038383789945854,945167
2016-07-18,27.907960891723633,28.001112579437294,27.8148115729558,27.945222040598264,909200
2016-07-19,27.907960891723633,27.98248318947289,27.758921034116774,27.87070211179483,817167
2016-07-20,27.53536605834961,27.926599932233387,27.51673666352777,27.926599932233387,2224567
2016-07-21,27.2745361328125,27.66576991269387,27.237277352121044,27.553988832727764,1078000
2016-07-22,27.516735076904297,27.647145571030567,27.23728232595779,27.330431663642422,1003700
2016-07-25,27.34906005859375,27.535361079968354,27.293169515286767,27.498099928115025,1038633
2016-07-26,27.386322021484375,27.516734883640996,27.237282134657217,27.36769262786755,1413467
2016-07-27,26.585220336914062,27.442205384089092,26.32439704985747,27.367685460192497,3030033
2016-07-28,26.529333114624023,26.73426352316691,26.26850979499694,26.49207196354988,2183733
2016-07-29,26.920568466186523,27.032349566762843,26.45481467010062,26.45481467010062,1446033
2016-08-01,26.883310317993164,26.976459658057934,26.697009268917252,26.939200869610573,1491100
2016-08-02,26.771528244018555,26.90193873674835,26.697008300879567,26.771528244018555,1237900
2016-08-03,26.95783233642578,26.97646173208174,26.75290187737058,26.80879006433846,1318133
2016-08-04,27.070934295654297,27.184041838831785,26.901269385225998,26.976675213047006,1328600
2016-08-05,27.33485221862793,27.52336796140382,27.240593148686123,27.240593148686123,1079700
2016-08-08,27.070934295654297,27.561075772152915,27.0709342956543,27.353706749260088,1210633
2016-08-09,26.863576889038086,27.05209273866215,26.656207776475256,26.995537744064023,1267233
2016-08-10,26.976682662963867,27.052088511609053,26.769313582803715,26.769313582803715,1012167
2016-08-11,26.8447208404541,27.033236653682515,26.61850090573656,26.957830807812876,1465367
2016-08-12,26.788171768188477,26.825873500888726,26.656208512410164,26.675061775869437,688467
2016-08-15,26.901264190673828,26.995520857972398,26.731599313007298,26.788154272229473,1825033
2016-08-16,27.070934295654297,27.165190981153547,26.807010302618703,26.86356527276147,870600
2016-08-17,26.99553108215332,27.18404688525578,26.99553108215332,27.01438434043951,1307967
2016-08-18,27.089792251586914,27.297158931707347,27.03323726662522,27.10864311420459,1244433
2016-08-19,27.165197372436523,27.16519737243652,26.995532422090353,27.146346510323152,1483667
2016-08-22,27.14634895324707,27.297160657942936,27.07094310089914,27.127495692328466,1573400
2016-08-23,27.014385223388672,27.316010997632766,26.995531964486275,27.25945601514271,980633
2016-08-24,27.05208396911621,27.221748897909865,26.93897401658711,27.05208396911621,1279267
2016-08-25,27.165197372436523,27.278307339333967,27.052087405539076,27.052087405539076,1232067
2016-08-26,27.504518508911133,27.579924330445426,27.221743681772722,27.25944779109379,1785600
2016-08-29,27.862703323364258,27.90040743832251,27.48567176221458,27.504522621139603,895900
2016-08-30,28.39055061340332,28.428254730574324,27.86270495855101,27.88155581858234,1313133
2016-08-31,28.484817504882812,28.57907422794855,28.126634286484197,28.371707519516725,1387900
2016-09-01,28.428258895874023,28.560219729644874,28.08892898294152,28.503664744156122,1183500
2016-09-02,28.956106185913086,28.97495704972062,28.447111289130262,28.447111289130262,1399267
2016-09-06,28.560218811035156,28.974954558910213,28.503663827365436,28.824140470088093,1229367
2016-09-07,29.03150749206543,29.069209213776595,28.296292756287798,28.371700993927032,1370200
2016-09-08,29.069204330444336,29.201167525590293,28.974947644892133,29.125759300618874,1526700
2016-09-09,28.63562774658203,29.182324382970325,28.635627746582028,29.050363539205716,1123067
2016-09-12,28.974945068359375,28.993795924371938,28.409395416904232,28.447099526037185,1192367
2016-09-13,28.65447425842285,28.786437479252207,28.447107592162745,28.65447425842285,1241300
2016-09-14,27.9381103515625,28.67332504350273,27.90040863209931,28.59791681035973,1030333
2016-09-15,27.655330657958984,27.900403777368005,27.598775691496577,27.862699667357106,1787500
2016-09-16,27.221752166748047,27.56108206508271,27.221752166748047,27.52337794400933,1724667
2016-09-19,27.1086483001709,27.52338413686065,26.976687442385323,27.35371914951814,1361333
2016-09-20,27.014385223388672,27.297157738730366,26.95783024089862,27.18404777375026,1008833
2016-09-21,27.127487182617188,27.297152095008904,26.97667552522993,27.14634043762165,992233
2016-09-22,27.18404769897461,27.39141676657058,27.0709401314142,27.14634597549066,1301800
2016-09-23,27.843854904174805,27.91926074359031,27.052085200432504,27.052085200432504,1398933
2016-09-26,27.297161102294922,27.63649103904758,27.108645269801958,27.63649103904758,1358200
2016-09-27,27.353710174560547,27.429118408932407,27.108639405622856,27.240600220111098,1225833
2016-09-28,27.18404769897461,27.542230851832063,27.127492716640123,27.50452673123955,1773067
2016-09-29,26.580791473388672,27.18404291403302,26.467681528629335,27.18404291403302,2618233
2016-09-30,26.825864791870117,26.995529725266945,26.69390397604204,26.769309814071175,947167
2016-10-03,26.50539207458496,26.76931374499655,26.50539207458496,26.750462881998214,965733
2016-10-04,26.524229049682617,26.90126289199811,26.42997238693435,26.524229049682617,1269500
2016-10-05,26.6750545501709,26.882421215178535,26.637350430574738,26.6750545501709,857133
2016-10-06,26.637348175048828,26.863568079253554,26.54309147970239,26.788162243554744,834433
2016-10-07,26.411123275756836,26.750453067887104,26.335717454319393,26.54308645965717,1002667
2016-10-10,26.524229049682617,26.769299728778577,26.44882324006251,26.561933153046407,824567
2016-10-11,26.50539207458496,26.599651183794084,26.24146800706465,26.5242429375833,1361300
2016-10-12,26.486536026000977,26.712753529017867,26.448831910277367,26.56194186033994,717933
2016-10-13,26.184911727905273,26.467686644460013,26.10950588252688,26.392280799081618,1278100
2016-10-14,26.241464614868164,26.486537787709885,26.166058775513704,26.354574572454062,928367
2016-10-17,26.1095027923584,26.37342681560918,26.1095027923584,26.279167722210687,1166500
2016-10-18,26.260316848754883,26.42998177851918,26.16605775540528,26.35457354499617,754633
2016-10-19,26.863576889038086,26.995537744064023,26.298026943056808,26.316880205995574,1167867
2016-10-20,26.448829650878906,26.920120270176742,26.35457056817612,26.807010329776617,1011067
2016-10-21,26.373432159423828,26.467688874812403,26.298023910582405,26.335728035003118,802967
2016-10-24,26.59964942932129,26.901275202943488,26.448835343955906,26.65620201458617,754533
2016-10-25,27.089792251586914,27.089792251586914,26.543095661696317,26.543095661696317,1014867
2016-10-26,27.44796371459961,27.523369536603997,26.750453269012386,27.052078954137805,1438567
2016-10-27,27.127487182617188,27.523371978197865,27.03323049602717,27.523371978197865,1231200
2016-10-28,26.618492126464844,27.259447597729356,26.561937161438337,27.165188523649228,1351333
2016-10-31,27.070934295654297,27.184041838831785,26.6373453921904,26.750455332475937,1149000
2016-11-01,26.769304275512695,27.240594860624594,26.524233554791767,27.20289314796468,1657633
2016-11-02,26.373432159423828,26.73161295153978,26.279173046926452,26.656204702698354,1111967
2016-11-03,26.297082901000977,26.716920120110366,26.22074952296136,26.507000297258504,1232000
2016-11-04,26.316179275512695,26.678766042330828,26.22076311016853,26.239845857918247,739133
2016-11-07,26.678762435913086,26.7550982697841,26.411594297150327,26.545178366531704,1459067
2016-11-08,26.56426239013672,26.77418230349175,26.39251282214946,26.583347562820602,1230267
2016-11-09,28.243610382080078,28.434445095487032,26.335258394820478,26.335258394820478,3103300
2016-11-10,28.33901596069336,29.407692869283302,28.090930683091074,28.453517231370434,3550100
2016-11-11,29.006954193115234,29.102372779423657,28.1863645425637,28.31994862211913,1775167
2016-11-14,29.65578842163086,29.961124440360468,29.21686834969361,29.40770305807524,1798133
2016-11-15,29.674884796142578,29.808468899790775,29.102378028227616,29.57946619262479,1262033
2016-11-16,29.31229591369629,29.560381353394163,29.178709392893367,29.445880007903497,1157900
2016-11-17,29.999290466308594,30.151959679370986,29.21686651252652,29.369533298994092,1381300
2016-11-18,30.28554344177246,30.40004474385285,29.865706143009294,29.961122277013086,1367800
2016-11-21,30.28554344177246,30.438210226816448,29.999290186571482,30.380959575776252,882967
2016-11-22,30.400062561035156,30.43822806636719,30.13289189072984,30.34281187644089,913567
2016-11-23,30.400062561035156,30.53364668288971,30.285561191846625,30.40006256103516,719633
2016-11-25,30.552717208862305,30.5527172088623,30.34279973375298,30.361882478782395,366100
2016-11-28,30.113792419433594,30.495461820435313,30.037459024552223,30.361877772744197,1171533
2016-11-29,30.400062561035156,30.57181461481796,30.228310507252356,30.247393259918372,953600
2016-11-30,30.495473861694336,30.838977914186746,30.47639111208781,30.724476563355942,1279133
2016-12-01,30.934377670288086,31.048878951365076,30.55270592449999,30.686292370152717,1510733
2016-12-02,30.686307907104492,30.838974741441827,30.533638646171582,30.686307907104492,1528833
2016-12-05,30.97255516052246,31.067973740630997,30.72446976415463,30.78172042690069,1332633
2016-12-06,31.62139320373535,31.659561118692967,31.01072112398434,31.125222442262046,1557333
2016-12-07,32.2320671081543,32.27023502527261,31.468728178550236,31.545061586191586,1882867
2016-12-08,32.6900749206543,32.957245507834045,32.27023750645366,32.365656093288315,1977500
2016-12-09,32.5183219909668,32.72824190536554,32.30840450316345,32.72824190536554,1294000
2016-12-12,32.09847640991211,32.57556435569533,32.02214301803333,32.36564692138,968167
2016-12-13,32.38473129272461,32.46106468844548,31.96489397636746,32.155728678967094,1423033
2016-12-14,32.174827575683594,32.63283057201711,32.00307554208505,32.174827575683594,1591733
2016-12-15,32.59465408325195,32.76640363235642,32.28931561983373,32.403816936966784,1876767
2016-12-16,32.78549575805664,33.09083185965374,32.46107448182522,32.61374374592159,2616967
2016-12-19,33.014495849609375,33.16716267512736,32.632823932623545,32.74732526505975,1425267
2016-12-20,31.96489715576172,33.739665162315205,31.79314517836024,33.43432912246651,9523800
2016-12-21,30.400062561035156,31.430572457135746,30.228310507252356,31.10615352883238,3978700
2016-12-22,30.361879348754883,30.552714059161502,30.132876725628936,30.34279660569272,1888567
2016-12-23,30.13287925720215,30.47638322075009,30.018377936019505,30.342799154902067,1040667
2016-12-27,30.247385025024414,30.323718441502816,30.018382348993654,30.209219530082994,908567
2016-12-28,30.247385025024414,30.380969110510506,30.075633018001344,30.285552946561396,947200
2016-12-29,30.113792419433594,30.361877772744197,29.88478980819461,30.22829372505308,1074667
2016-12-30,30.361879348754883,30.60996471494299,29.98020992794164,30.247378037191908,1225633
2017-01-03,30.38096809387207,30.8580561774395,30.075632011580367,30.629055935667335,1121333
2017-01-04,30.953472137451172,31.029805544896025,30.476384094379114,30.476384094379114,1530100
2017-01-05,30.609973907470703,30.76264317760134,30.34280571798675,30.724475253419747,1388867
2017-01-06,30.361879348754883,30.89621799385042,30.34279660569272,30.80079942534961,794133
2017-01-09,30.094711303710938,30.304628757627572,29.9611248222058,30.151961959614564,946067
2017-01-10,30.247385025024414,30.342803615569085,29.922966185044544,30.056550270530632,819233
2017-01-11,30.28554344177246,30.380959575776252,30.056540837611678,30.228292790732265,904267
2017-01-12,29.961124420166016,30.2282949529962,29.655788401642212,30.209212210149392,1197100
2017-01-13,30.01837730407715,30.552715982815617,29.884793241041322,30.190129282235425,1028833
2017-01-17,29.770294189453125,29.980214098720484,29.522208788751946,29.751211443736217,1115800
2017-01-18,30.037477493286133,30.05656024709091,29.579471989200577,29.884808183058826,1476567
2017-01-19,29.942041397094727,30.228294670092705,29.732123947959504,30.075625448962132,1577200
2017-01-20,30.171045303344727,30.38096276144028,29.88479201812802,29.9229599316886,1549767
2017-01-23,30.57179832458496,30.648131721170866,29.922958387117436,30.056542437791503,2418633
2017-01-24,30.800804138183594,30.87713997530239,30.438217404953082,30.724470727660158,1743433
2017-01-25,28.73978042602539,30.380961833481003,28.5298605477466,30.380961833481003,4385133
2017-01-26,28.873371124267578,28.911539045446098,28.472616444977483,28.62528570309603,1812667
2017-01-27,28.98787498474121,29.178709754055824,28.682538868518677,28.720706793019897,1175200
2017-01-30,28.911537170410156,28.968787835167223,28.5107825171107,28.816118586949923,1329467
2017-01-31,28.98787498474121,29.04512565819517,28.720706793019897,28.892456386786026,1324000
2017-02-01,28.587114334106445,29.484039747563994,28.49169818256132,29.255039527898543,1462200
2017-02-02,28.49169921875,28.568032628081248,28.186363154829667,28.47261404647069,1223767
2017-02-03,28.897066116333008,28.954976166848454,28.53030328124976,28.761943483311548,1561567
2017-02-06,28.839155197143555,29.12870544099915,28.6268199880119,28.70403256819217,1690500
2017-02-07,28.568910598754883,28.897065913004248,28.54960561235641,28.819853331041525,1151100
2017-02-08,28.375873565673828,28.588211220060455,28.260053473198134,28.568908689495693,1086933
2017-02-09,28.588214874267578,28.684732448515597,28.375877192739495,28.414484713347477,1664567
2017-02-10,28.839155197143555,28.877762714505526,28.491694904516844,28.6268199880119,2257367
2017-02-13,29.148012161254883,29.341044866718022,28.819856807421946,28.839159341605054,1777300
2017-02-14,29.534080505371094,29.611293097898898,29.032192517580224,29.14801263364396,1589767
2017-02-15,29.553377151489258,29.70780230577634,29.45685958915215,29.6305897286328,1373067
2017-02-16,29.534080505371094,29.707808224922637,29.495472981835164,29.630595632394833,1365400
2017-02-17,29.321744918823242,29.476172569541266,29.167319722649452,29.321744918823242,1749000
2017-02-21,29.591983795166016,29.688498900114958,29.341038631394376,29.341038631394376,1632800
2017-02-22,29.630590438842773,29.649895424499057,29.45686029519802,29.55337785984854,1417967
2017-02-23,29.862234115600586,29.881536648966044,29.514773787758863,29.630593897039436,1061033
2017-02-24,29.727108001708984,29.727108001708984,29.379647714440328,29.418255231206942,990867
2017-02-27,29.978052139282227,29.97805213928223,29.630591835613618,29.727109404813923,1137200
2017-02-28,29.495471954345703,29.862234824256475,29.32174178630208,29.785022234418413,1601833
2017-03-01,29.707807540893555,30.09387540373139,29.6112924160921,29.920145233635964,1914000
2017-03-02,28.916370391845703,29.82362626826183,28.87776532553686,29.649898560784266,1766533
2017-03-03,28.954986572265625,29.244536928897208,28.89707650093931,28.993594104664712,1829133
2017-03-06,28.356569290161133,28.85845469030945,28.33726676078417,28.819849631555524,2114767
2017-03-07,28.144229888916016,28.723327774398363,28.08631985491348,28.626812687422827,2182567
2017-03-08,27.89329719543457,28.395185198509743,27.83538713563913,28.35657767379807,2277133
2017-03-09,27.912595748901367,28.18284099593678,27.854685702458983,27.931898279534305,1706400
2017-03-10,27.796781539916992,28.144241892120178,27.700263957234746,27.9898142507374,1499100
2017-03-13,27.77747344970703,28.086328697993434,27.77747344970703,27.873991021614508,1475467
2017-03-14,27.77747344970703,27.970508593521988,27.56513822787192,27.6616557997794,1694333
2017-03-15,27.680959701538086,27.89329493387602,27.66165716801935,27.83538487877587,1984367
2017-03-16,27.71956443786621,28.009112229729364,27.68095692016407,27.758169501024664,1318300
2017-03-17,27.77747344970703,28.009113658649923,27.70026086490734,27.77747344970703,3003467
2017-03-20,27.294893264770508,27.719568660556384,27.294893264770508,27.70026367149262,1354367
2017-03-21,26.986042022705078,27.44932251470585,26.90882942555302,27.294894865857525,2772100
2017-03-22,26.735090255737305,26.96673042388645,26.580665113333463,26.908820381849164,2254567
2017-03-23,26.831621170043945,27.179081595267334,26.619283425337006,26.677193496207572,2114967
2017-03-24,26.831621170043945,27.082563992301523,26.696498489527496,26.850923708819266,1653867
2017-03-27,27.0439395904541,27.06324457173176,26.387626681504315,26.542054259010236,1764967
2017-03-28,27.236988067626953,27.430020793510767,26.870222697540143,26.928132760759713,1367667
2017-03-29,26.850910186767578,27.275583007772674,26.831607657712965,27.179067907956235,1034867
2017-03-30,27.487926483154297,27.545836537159857,26.850915889093113,26.850915889093113,1319167
2017-03-31,26.966733932495117,27.46861939242238,26.966733932495117,27.391406811174424,1476233
2017-04-03,26.754398345947266,27.101856183971563,26.657880779830496,27.02464360380435,1452867
2017-04-04,26.56136703491211,26.908827377466768,26.503456977819667,26.657884614914188,1604833
2017-04-05,26.233211517333984,26.812309630099605,26.194603994665343,26.638581914450725,2547800
2017-04-06,26.426240921020508,26.522758488365323,26.020870574533472,26.252510772526065,1632267
2017-04-07,26.329729080200195,26.406944132687237,26.136696358071053,26.175303884314577,1413900
2017-04-10,26.445541381835938,26.580666456446355,26.175296141702113,26.406936321555964,1056400
2017-04-11,26.619277954101562,26.619277954101562,26.17530247171017,26.34903264861396,1687667
2017-04-12,26.48415184020996,26.638579462124046,26.32972421829588,26.619274475294922,1865333
2017-04-13,25.924354553222656,26.3683299474537,25.90504956770401,26.349027416478666,1865000
2017-04-17,26.252513885498047,26.271818873982376,25.847143490942976,25.924358535792315,987067
2017-04-18,26.156005859375,26.252521009812625,26.001578182312283,26.13670086565175,1347667
2017-04-19,26.098087310791016,26.445545175876735,26.00156973715707,26.194602429881105,1000800
2017-04-20,26.503454208374023,26.542061727249415,26.19460142100219,26.291118990918786,1072100
2017-04-21,26.657882690429688,26.735095276130814,26.406939945993155,26.484152531694278,959733
2017-04-24,26.715795516967773,27.25628858207716,26.61927793391306,27.082558405305132,1720667
2017-04-25,26.52275848388672,27.0053414114419,26.52275848388672,26.928126375761607,2088500
2017-04-26,25.654104232788086,26.271812161026542,25.190826354788452,26.271812161026542,3409733
2017-04-27,25.847145080566406,25.88575260536548,25.461079650752286,25.67341735533095,1939300
2017-04-28,25.654104232788086,25.88574439905959,25.557589133203873,25.80853182848354,1611300
2017-05-01,25.576894760131836,25.769927437224098,25.383862083039574,25.769927437224098,1314367
2017-05-02,25.538286209106445,25.692713817255225,25.461073632303837,25.57689372477953,1242200
2017-05-03,25.40316390991211,25.518984003864308,25.19082870736214,25.480376487699044,1587367
2017-05-04,25.637840270996094,25.833399186915237,25.364055799376068,25.44227886841042,1869133
2017-05-05,25.89206886291504,25.89206886291504,25.618284372763352,25.73562022759026,1258733
2017-05-08,25.950733184814453,26.028956248275424,25.71606150776519,25.97028832901311,1052267
2017-05-09,25.57917022705078,26.08762386362326,25.500944677834767,25.97028802646556,1204633
2017-05-10,25.657394409179688,25.87250846224458,25.42272272462422,25.48139064576309,1011067
2017-05-11,25.500944137573242,25.579169685131976,25.168494263780577,25.579169685131976,1399667
2017-05-12,25.26627540588379,25.4422791783551,25.129384411739398,25.383611254197998,1340500
2017-05-15,25.442276000976562,25.657392524909806,25.031603069830602,25.227161963709573,1524933
2017-05-16,25.442276000976562,25.559611834637195,25.364052940758228,25.481388774418857,1004967
2017-05-17,25.03160285949707,25.442275787192262,24.777373564257754,25.442275787192262,1461267
2017-05-18,25.20760154724121,25.598721778431504,24.85559657183572,24.914264482180965,1432000
2017-05-19,25.403165817260742,25.54005679486476,25.148939005520063,25.227162066055747,1251467
2017-05-22,25.520503997802734,25.65739498799278,25.305387453218533,25.442278443408576,1151033
2017-05-23,25.696508407592773,25.794289119159004,25.461839175834037,25.52050710544042,1119900
2017-05-24,25.403165817260742,25.79428360660544,25.324940270058793,25.716060546069752,1071600
2017-05-25,25.344499588012695,25.598726416683643,25.305386811807,25.55961364047795,771667
2017-05-26,25.442276000976562,25.481388774418857,25.246717107097595,25.266272250485617,867500
2017-05-30,25.344499588012695,25.540058495708315,25.266274035601306,25.344499588012695,882600
2017-05-31,25.26627540588379,25.40316888669474,24.836044790953874,25.383611254197998,1503767
2017-06-01,25.540054321289062,25.55960946286249,25.070711030198712,25.26626990593102,1200867
2017-06-02,25.324941635131836,25.618281236285174,25.148940361106227,25.30538649061041,830767
2017-06-05,25.540054321289062,25.872504161367385,25.40316335694305,25.422718498516478,1044567
2017-06-06,25.442276000976562,25.559611834637195,25.227161963709573,25.422720857588544,845133
2017-06-07,25.48139190673828,25.77473152694886,25.42272398269617,25.46183676094643,1015300
2017-06-08,25.931169509887695,26.165841132239475,25.383603219955468,25.422715985902688,1410900
2017-06-09,26.73296546936035,26.791633381329174,26.02895301240053,26.02895301240053,1612500
2017-06-12,26.9676456451416,27.28054044569918,26.772086705626464,26.811199488196223,1601033
2017-06-13,26.928529739379883,27.241424474753988,26.69385806618273,27.14364378203307,1305933
2017-06-14,26.674304962158203,26.8307535997271,26.087628166275,26.75253052427602,1321667
2017-06-15,26.14629364013672,26.67430245819992,25.931177094506154,26.615637022118676,2084033
2017-06-16,25.98984146118164,26.204957977378786,25.833395346371134,26.087622147937825,2532400
2017-06-19,25.364059448242188,26.204965643000207,25.266278732882647,26.14629771111786,1868567
2017-06-20,25.148942947387695,25.364057019244573,24.992494315128162,25.324944239513027,1060700
2017-06-21,24.972942352294922,25.266279534344605,24.933829567577046,25.168501302550368,979933
2017-06-22,24.777374267578125,25.09027148803656,24.718706349575456,24.953378021586133,1118667
2017-06-23,24.83604621887207,24.992494854508024,24.660044922948337,24.875158999447734,1756467
2017-06-26,24.93382453918457,25.227164148743565,24.6795977064556,24.816488695360974,1100367
2017-06-27,25.051162719726562,25.422725430937703,24.953382011863972,25.01204993924819,1810567
2017-06-28,25.403165817260742,25.65739262900142,25.012045541249783,25.051158314850756,1777767
2017-06-29,25.89206886291504,26.087627792070986,25.637842006345636,25.85295608241717,1730000
2017-06-30,25.676952362060547,26.009404780426927,25.520506213025417,25.98984714679751,1196833
2017-07-03,26.224515914916992,26.361406901631756,25.676949481391517,25.71606225759563,824500
2017-07-05,26.028947830200195,26.283174569228123,25.794276229046552,26.244061806814003,994100
2017-07-06,25.89206886291504,26.165850866400024,25.833400935501583,25.989847084159663,935300
2017-07-07,25.89206886291504,25.970291937244077,25.676952300176808,25.911624009830625,801400
2017-07-10,25.618276596069336,25.970284053694538,25.618276596069336,25.872503375465556,988767
2017-07-11,25.520503997802734,25.69650527852337,25.305387453218533,25.637839842727484,1014700
2017-07-12,25.442276000976562,25.637837381521784,25.266272250485617,25.461833631030835,951300
2017-07-13,25.559608459472656,25.716057045916436,25.461830268777977,25.48138540958373,737867
2017-07-14,25.461835861206055,25.540058928275865,25.227164173330145,25.383610307469773,845867
2017-07-17,25.500944137573242,25.54005691135261,25.24671732467304,25.42272107668078,806767
2017-07-18,25.30538558959961,25.500944487850063,25.20760489714123,25.422721425883143,801733
2017-07-19,25.28582191467285,25.403157711368845,24.99248242293288,25.34448981302085,838200
2017-07-20,25.4227237701416,25.50094683932156,25.227164853858433,25.324943068666748,732000
2017-07-21,25.442276000976562,25.540056691249173,25.246717107097595,25.422720857588544,607233
2017-07-24,25.57917022705078,25.598725371021622,25.364053696706225,25.422721615285074,640933
2017-07-25,26.048507690429688,26.361402386470964,25.89206158574205,25.911616727161505,2128000
2017-07-26,24.972942352294922,25.755178153316706,24.933829567577046,25.755178153316706,2545633
2017-07-27,25.16849136352539,25.5204988269778,24.777371130800724,25.012042773102326,2056533
2017-07-28,25.28582191467285,25.30537705190036,24.99248242293288,25.18804125520437,1737833
2017-07-31,25.676952362060547,25.794288217170244,25.246721722213888,25.46183828547057,1689367
2017-08-01,25.716062545776367,25.85295353402516,25.618281847503535,25.774730467406773,1079900
2017-08-02,25.716062545776367,25.774730467406773,25.481390859254738,25.716062545776364,962900
2017-08-03,25.47832489013672,25.81512899362922,25.39907479112131,25.67644509920496,883233
2017-08-04,25.517934799194336,25.676432399596823,25.45849851394764,25.577371084441033,1002967
2017-08-07,25.06226921081543,25.557570963917573,25.04245542761155,25.537757180713694,1434300
2017-08-08,25.101882934570312,25.517936966635972,24.963199096959794,25.062260420529654,1197700
2017-08-09,24.864145278930664,25.121701748782275,24.705647633280268,25.02264040534645,1170600
2017-08-10,24.388652801513672,24.804706881878566,24.368841542193476,24.765081844003777,1216333
2017-08-11,24.210342407226562,24.487712616665313,24.111281078305385,24.329214994238278,1336367
2017-08-14,24.7254638671875,24.844336495524924,24.329223452219495,24.40847103136607,904400
2017-08-15,24.487707138061523,24.864136072969234,24.408457084961398,24.824511046419172,1071833
2017-08-16,24.388652801513672,24.566961693098627,24.349027763638883,24.408464060833868,649700
2017-08-17,23.9329833984375,24.547155295136182,23.893358348648647,24.349035084662237,1387100
2017-08-18,23.65560531616211,23.97259805261715,23.615980279392357,23.87353923954426,1996700
2017-08-21,23.576356887817383,23.65560443918464,23.497109336450126,23.63579318115138,1084333
2017-08-22,23.69522476196289,23.754661043476162,23.53672717151625,23.615974707122703,1005833
2017-08-23,23.734851837158203,23.853724423057955,23.437672891643043,23.59616799335323,901700
2017-08-24,23.69522476196289,23.89334486059589,23.63578848044962,23.774472297569343,806833
2017-08-25,24.012226104736328,24.150909971994277,23.65560828672904,23.675419547984564,968500
2017-08-28,23.79429054260254,24.19053337552137,23.675417944650338,24.051846998420817,761600
2017-08-29,23.754657745361328,23.833905269964994,23.477287630398422,23.576348925578042,992300
2017-08-30,23.79429054260254,23.873540620726992,23.63579542482259,23.75466802277479,820733
2017-08-31,23.873538970947266,23.972597782905662,23.734852603430628,23.893350229492086,916667
2017-09-01,24.012226104736328,24.131098710738755,23.853728456988208,23.91316475998942,480400
2017-09-05,23.615985870361328,24.091476347231097,23.57636334344547,23.81410858188035,998033
2017-09-06,23.754657745361328,23.89334154322609,23.615971428263183,23.67540770152428,742200
2017-09-07,23.18012046813965,23.75467230147527,23.140497941175074,23.75467230147527,1179867
2017-09-08,23.239559173583984,23.437681905771015,23.120686541965842,23.140500326725657,1446600
2017-09-11,23.71504020690918,23.913160340553393,23.477295038842453,23.5565425884533,1049800
2017-09-12,24.230154037475586,24.269779073499517,23.794288718149456,23.794288718149456,989267
2017-09-13,24.66602325439453,24.705648296679804,24.170721562384728,24.210346604669997,1917067
2017-09-14,24.349029541015625,24.705647350217138,24.249970717949374,24.64621104868355,1009167
2017-09-15,24.349029541015625,24.448090883316464,24.230156937948458,24.269781978715706,1671567
2017-09-18,24.40846824645996,24.547152123951992,24.309409413637727,24.368845721025,922900
2017-09-19,24.428285598754883,24.646217078203676,24.34903549783241,24.408471813906665,1045700
2017-09-20,24.566965103149414,24.606587627289663,24.13109970296344,24.428281230189047,871500
2017-09-21,24.84433364868164,25.082078878113926,24.547152111891283,24.566965893833864,1095333
2017-09-22,24.88395881652832,25.06226773948531,24.666024848724827,24.80471124607016,747400
2017-09-25,25.101882934570312,25.260380548435265,24.784890226074513,24.804704002328947,1021933
2017-09-26,25.339637756347656,25.438699117684113,25.14151755290981,25.240578914246267,944700
2017-09-27,25.537748336791992,25.597184627350398,25.280191917450274,25.557562113134207,923900
2017-09-28,25.498130798339844,25.617003402653726,25.260385589712072,25.597189622445004,832533
2017-09-29,25.537748336791992,25.834929789584017,25.438689532017396,25.4981258225758,1056000
2017-10-02,25.696256637573242,25.755692952849223,25.33963874591735,25.517947691745295,1015167
2017-10-03,25.656627655029297,25.755689005050325,25.41888494960143,25.696252698884663,826267
2017-10-04,25.399070739746094,25.69625226556296,25.37925947776988,25.617004698423376,1026067
2017-10-05,25.735872268676758,25.79530856220022,25.24057066239266,25.399065765632393,1075333
2017-10-06,25.696256637573242,25.795318002778266,25.57738400702128,25.71606790292018,637600
2017-10-09,25.379261016845703,25.755690132629965,25.339635971255557,25.755690132629965,737233
2017-10-10,25.537748336791992,25.577373370242302,25.280191917450274,25.4981258225758,1233300
2017-10-11,25.438692092895508,25.577375945081528,25.1613218692891,25.478317130334815,1060300
2017-10-12,25.379261016845703,25.517944897558873,25.31982470807793,25.41888606243585,593667
2017-10-13,25.30001449584961,25.399073335087486,25.00283293966598,25.319825759850186,730367
2017-10-16,25.35944366455078,25.51793877038494,25.260382333978722,25.300007370054402,701967
2017-10-17,25.200950622558594,25.458507105804355,25.121703055229453,25.399070800498816,944800
2017-10-18,25.220754623413086,25.418877263547646,25.200943367093235,25.24056839896695,880133
2017-10-19,25.28019905090332,25.339635358233195,25.062267603516997,25.121703910846872,857567
2017-10-20,25.458499908447266,25.67643380603387,25.399063619944922,25.557561229029183,784133
2017-10-23,25.181142807006836,25.478324374208942,25.042456396155796,25.43869932550363,900767
2017-10-24,25.30001449584961,25.458509646324213,25.10189177890386,25.22076440137731,1237000
2017-10-25,24.76508140563965,25.6170008106099,24.58677251721092,25.359444367068743,1774300
2017-10-26,25.200950622558594,25.379259538475218,24.70564891809067,24.76508522339621,1639633
2017-10-27,25.458499908447266,25.53774745337238,24.983012119662547,25.062259664587664,1265800
2017-10-30,24.84433364868164,25.399071677612028,24.804711123266145,25.280199062895885,1239167
2017-10-31,24.88395881652832,25.06226773948531,24.74527493841783,24.76508620122366,935000
2017-11-01,24.745269775390625,25.161321322914173,24.666019702232916,24.963201178488532,939867
2017-11-02,24.96320152282715,25.002826559952585,24.56696122851019,24.666020042472255,1067367
2017-11-03,24.943389892578125,24.96320115122876,24.705644711833248,24.883953597391905,829100
2017-11-06,24.923309326171875,25.083976426488178,24.842977052872182,24.92330932617187,1474067
2017-11-07,24.481475830078125,25.063889229062788,24.461393401956247,24.923307124776265,1077933
2017-11-08,24.200313568115234,24.541727642233063,24.079813882257906,24.461395369567146,1341233
2017-11-09,24.09990119934082,24.300733198591843,23.979401489046722,24.09990119934082,1411600
2017-11-10,24.340896606445312,24.38106146744242,24.1199796560932,24.160147070807312,1726600
2017-11-13,25.666385650634766,25.726635484117903,24.160142367272908,24.260559607650297,3290100
2017-11-14,26.0479679107666,26.20863498976298,25.545886800263222,25.606136635672293,2994067
2017-11-15,25.586061477661133,25.967643025756967,25.485644205544414,25.82706088776741,2113200
2017-11-16,25.425382614135742,25.726631737682066,25.405300190471362,25.70654931401769,1634100
2017-11-17,25.52580451965332,25.606136782754646,25.30488760397892,25.42538727548921,904233
2017-11-20,25.98772430419922,26.04797415404921,25.485643073355003,25.626225205099256,1509433
2017-11-21,25.84714126586914,26.148390504552825,25.72664157039567,26.148390504552825,1131633
2017-11-22,25.78688621520996,26.0479679848193,25.76680378792204,25.847136050790315,935167
2017-11-24,25.606138229370117,25.90738742516488,25.565970818691902,25.867220014486666,460833
2017-11-27,25.545888900756836,25.78688826220912,25.505721489275853,25.565971329638927,905133
2017-11-28,26.16847038269043,26.168470382690433,25.545889534727085,25.60613937658537,1230167
2017-11-29,27.072216033935547,27.11238344726959,26.228720783655934,26.30905305660711,1732233
2017-11-30,26.791048049926758,27.37346141626614,26.710715788225322,27.192711912150493,1914767
2017-12-01,26.630373001098633,26.831207425807975,25.726628304769758,26.81112245110757,1700133
2017-12-04,27.373470306396484,27.634552157005583,27.212805730814296,27.212805730814296,2088267
2017-12-05,27.09229850769043,27.614462064076356,26.99188126051621,27.41363012344459,1693167
2017-12-06,26.77097511291504,27.03205697128246,26.750890125082382,26.931639693271546,831800
2017-12-07,26.831220626831055,27.011967612052135,26.55005382613273,26.73080336507086,1419033
2017-12-08,26.811132431030273,27.032049358956264,26.610300485280934,27.032049358956264,1008033
2017-12-11,26.489803314208984,26.811134968563632,26.429553469410177,26.529970728647186,2587200
2017-12-12,26.570133209228516,26.750882727433485,26.449633530425206,26.550050780666883,1083167
2017-12-13,26.208641052246094,26.63038744394976,26.16847363477648,26.509887745258094,1297200
2017-12-14,25.887304306030273,26.329138194138416,25.84713944617821,26.208638507148365,1173800
2017-12-15,26.349225997924805,26.63039028909974,25.827062283618517,25.94755944146674,2303300
2017-12-18,26.630373001098633,26.81112245110757,26.489790946774725,26.590208159129396,1881200
2017-12-19,26.710718154907227,26.811132852502045,26.449633812240414,26.610300903595622,1451833
2017-12-20,26.630373001098633,26.89145468876183,26.57012318442899,26.851289846792593,1023200
2017-12-21,26.811132431030273,26.91154968076331,26.57013307464437,26.710717735013976,896533
2017-12-22,26.670549392700195,26.811131494442133,26.55004971871664,26.811131494442133,679900
2017-12-26,26.509883880615234,26.891465352939054,26.509883880615234,26.610301132791736,620567
2017-12-27,26.309049606323242,26.590216355354286,26.228717343907196,26.550048947287973,794767
2017-12-28,26.369300842285156,26.38938327052679,26.088136632035425,26.30905100384354,1218033
2017-12-29,26.14838218688965,26.529963583270906,26.128297208221593,26.36929652250792,1200533
2018-01-02,26.248798370361328,26.63037978862087,26.047966448179956,26.28896577628418,1374767
2018-01-03,26.42955780029297,26.489807654964626,26.16847594795492,26.248808236277995,1292133
2018-01-04,26.409467697143555,26.7508817386556,26.369300287788217,26.570132227131577,1078933
2018-01-05,26.248798370361328,26.590214936414462,26.088133854102807,26.570129956594815,1295100
2018-01-08,26.14838218688965,26.309046693936338,26.06804737965001,26.268881844032816,984100
2018-01-09,26.369300842285156,26.750882301176485,26.288968575601906,26.30905100384354,1435433
2018-01-10,27.21279525756836,27.915708251078115,26.770964014186536,26.931628527934617,3588800
2018-01-11,27.674713134765625,27.714880546168427,27.19271441279918,27.393546362379602,1330500
2018-01-12,27.3935489654541,27.755048041280418,27.092302289315867,27.71488317977774,1545800
2018-01-16,27.23288345336914,27.574297532708773,27.212801023324733,27.51404768885861,1254300
2018-01-17,27.493967056274414,27.594384320495266,27.011968273961692,27.313217512907144,1153333
2018-01-18,27.554214477539062,27.895628549133,27.53413204795027,27.614464320022332,2142467
2018-01-19,27.91571044921875,28.056292548247143,27.554211434245786,27.554211434245786,1396633
2018-01-22,28.076372146606445,28.11653955101721,27.71487572177493,27.95587248709049,1140900
2018-01-23,27.93580436706543,28.096471513266323,27.835389635192815,27.935804367065426,1108633
2018-01-24,27.875534057617188,28.076365927754516,27.73495200389263,27.99603369044274,932533
2018-01-25,28.016132354736328,28.036217340996124,27.61446838158204,27.955882503391457,1306433
2018-01-26,28.116540908813477,28.1366233351305,27.815291745475754,27.975958817161363,1390467
2018-01-29,28.31737518310547,28.538292105791843,28.036210976468283,28.07637583243549,1991933
2018-01-30,27.99604606628418,28.397709984117093,27.99604606628418,28.13662818215401,2037467
2018-01-31,28.437877655029297,28.939958833727662,28.317377967844337,28.317377967844337,2721600
2018-02-01,28.518207550048828,28.51820755004883,27.734962202389273,28.43787528319786,1762667
2018-02-02,27.955875396728516,28.538291329578723,27.89562556069976,28.478041493549966,1820433
2018-02-05,27.15255355834961,28.03621630975971,27.011968874571103,27.734967064116002,1881367
2018-02-06,27.33329200744629,27.35337443109597,26.469712038484257,26.59021168781459,2079233
2018-02-07,27.3935489654541,27.694798195309364,27.112384720067208,27.33330167320008,1666100
2018-02-08,26.61029815673828,27.51404311038618,26.610298156738278,27.51404311038618,1507667
2018-02-09,27.293132781982422,27.433714897073266,26.670551925189393,26.991883568418555,2180567
2018-02-12,27.33380889892578,27.63887424990932,27.08975661813895,27.557524351669258,2008133
2018-02-13,27.53718376159668,27.53718376159668,27.110094874524993,27.252457836882222,1329433
2018-02-14,28.167646408081055,28.208322641484042,27.37447925221842,27.455829132958314,1832300
2018-02-15,28.533729553222656,28.53372955322266,28.167651149176788,28.269340456767257,1320200
2018-02-16,28.818450927734375,28.940477043154328,28.350685876001958,28.4930488153032,1623033
2018-02-20,28.655750274658203,28.9201393211689,28.533724163027728,28.716763330473444,1495267
2018-02-21,28.71676254272461,28.940475350532985,28.554060202991828,28.655749488583062,1304833
2018-02-22,28.289670944213867,28.85912524976087,28.208321068011706,28.777775373558708,1084033
2018-02-23,28.61507797241211,28.61507797241211,28.289675825391754,28.371025715630246,946933
2018-02-26,28.61507797241211,28.676091036607573,28.269338999348726,28.63541738452152,1366133
2018-02-27,28.49306297302246,28.777791579167868,28.391376217023485,28.676102237101496,1994700
2018-02-28,27.69988250732422,28.757438758897358,27.598193212642407,28.61507581519577,4401333
2018-03-01,28.045629501342773,28.289681809751116,27.51685122383598,27.618540547695105,1473600
2018-03-02,28.777790069580078,28.798126902499593,27.618544043957144,27.90327004909937,1589533
2018-03-05,28.96082305908203,29.184535931003573,28.26934244266387,28.57440780079934,2104333
2018-03-06,29.204864501953125,29.265874964860604,28.71676011016738,29.08283840400669,1465100
2018-03-07,29.326900482177734,29.367576727475313,28.940485203084652,28.940485203084652,1148033
2018-03-08,29.042171478271484,29.428586716849566,28.879469100207075,29.387910475816824,990833
2018-03-09,29.44891929626465,29.4692587068803,29.12351717314233,29.306556352286044,902333
2018-03-12,29.40825080871582,29.550613777681072,29.286224667869423,29.387911394530324,1767767
2018-03-13,29.24554443359375,29.46925985663089,29.18453137149874,29.448920445221688,1071267
2018-03-14,28.798114776611328,29.387905957541925,28.737101717476015,29.286219249693847,1293167
2018-03-15,28.818450927734375,28.940477043154328,28.635414340670554,28.92014021927304,1338000
2018-03-16,28.69643211364746,29.123521001728488,28.696432113647457,28.85913190356408,5024067
2018-03-19,28.635408401489258,28.737095085871296,28.310003770483142,28.716758266208004,1103533
2018-03-20,28.57440757751465,28.879470347199614,28.533731334725537,28.73710737653774,1217967
2018-03-21,28.635408401489258,28.859121175982196,28.371016815538592,28.65574522115255,1175267
2018-03-22,27.4151611328125,28.16765486732539,27.39482430303654,28.126981207773465,2417233
2018-03-23,26.45928382873535,27.415153347771568,26.377933946665454,27.415153347771568,1705400
2018-03-26,27.02874183654785,27.13043114245919,26.621989785035442,26.74401591770246,1947533
2018-03-27,26.174560546875,27.150766986822735,26.011858180517187,27.130430160802902,2518600
2018-03-28,26.33725929260254,26.520298477790153,26.072870220464743,26.255909405652357,1966267
2018-03-29,26.499967575073242,26.540643820672248,26.235578443846858,26.418617669942094,1763500
2018-04-02,25.99151611328125,26.49995734978044,25.56442475052349,26.459281119876795,2304500
2018-04-03,25.95084571838379,26.1948979805487,25.767806521760104,26.011858783925014,1652867
2018-04-04,26.011856079101562,26.11354537311834,25.564427840346866,25.625440899543698,2224767
2018-04-05,26.215234756469727,26.29658723441206,25.97118508084204,26.194897930017362,1358000
2018-04-06,25.544090270996094,26.11354461153675,25.137338278923952,25.99151849670189,2433533
2018-04-09,25.523759841918945,26.052538081305713,25.503420426973246,25.62544657238046,1178700
2018-04-10,25.849157333374023,25.950844045342738,25.605105086943066,25.80848109694677,1125700
2018-04-11,25.76780128479004,25.889827391072277,25.48307542750876,25.54408848064988,1243533
2018-04-12,26.154220581054688,26.194894228211503,25.828815887403724,25.88982894420502,1372367
2018-04-13,25.78814125061035,26.33725615468331,25.666115141690586,26.27624310022343,1100900
2018-04-16,25.808481216430664,25.950844165485716,25.58476838021076,25.869494278320868,1005433
2018-04-17,25.381391525268555,25.971185359376893,25.21869173977185,25.971185359376893,1362367
2018-04-18,25.3000431060791,25.564432212459998,25.3000431060791,25.4627454871186,1107367
2018-04-19,25.60511016845703,25.808486218822143,25.32038162909245,25.32038162909245,1797467
2018-04-20,25.70679473876953,25.828820875940053,25.56443177409278,25.605108015171812,1250767
2018-04-23,26.154220581054688,26.154220581054688,25.70678977380113,25.788142240246906,1458033
2018-04-24,26.357603073120117,26.581315945833975,26.113550785747393,26.235576929433755,2862867
2018-04-25,24.48653793334961,25.62544691499999,24.405188030679376,25.42207086529102,4617933
2018-04-26,24.201810836791992,24.36451063444057,23.835732412982704,24.36451063444057,2653233
2018-04-27,24.34416961669922,24.384845852144448,24.018767491336046,24.100117376160288,1275633
2018-04-30,24.161136627197266,24.425525760171166,24.100123551428915,24.405188930270675,1837600
2018-05-01,24.120464324951172,24.22215106624367,23.83573575998473,24.07978807679396,1158233
2018-05-02,24.28315544128418,24.303492265039655,23.957753330866122,24.120455679108197,1668400
2018-05-03,24.14079475402832,24.364507594398372,23.85606626456986,24.161131579680234,2107867
2018-05-04,24.445859909057617,24.608559685340172,23.896742345454783,23.97809223359606,1111000
2018-05-07,24.157052993774414,24.54901178727418,24.03327625654643,24.466494836844376,1676800
2018-05-08,23.82697868347168,24.260194569959435,23.682570764809633,24.21893741305553,2080600
2018-05-09,24.115785598754883,24.260190872240667,23.84760362709108,23.992008900576863,1287800
2018-05-10,24.177671432495117,24.28081954463426,23.930118061893538,24.115783089844722,878833
2018-05-11,24.09516143798828,24.34271487969928,24.09516143798828,24.21893815884378,836500
2018-05-14,24.383974075317383,24.466493644893582,24.095163451299975,24.23956876330868,2236433
2018-05-15,24.610897064208984,24.817190725951676,24.322083839236235,24.322083839236235,2072800
2018-05-16,24.69341278076172,25.002854569626624,24.590264643418053,24.63152442298874,1586300
2018-05-17,24.89970588684082,24.9615942432581,24.693412239838562,24.817188952673124,1046933
2018-05-18,24.817190170288086,25.106000765628057,24.796561591525567,24.982226669886764,1302133
2018-05-21,24.75530433654785,24.940969433851933,24.734675755680655,24.899709648951102,1009800
2018-05-22,24.858449935913086,25.002855233495552,24.714042015164456,24.77593037458068,1590333
2018-05-23,24.71403694152832,24.982221526052797,24.67277979249812,24.92033317934186,1171367
2018-05-24,24.590267181396484,24.672786749054758,24.09516289127868,24.63152696522562,1110533
2018-05-25,24.52838134765625,24.631529506286977,24.363347441647054,24.50775276519676,716267
2018-05-29,23.86823272705078,24.528373383067084,23.82697557552838,24.3427109548847,2189733
2018-05-30,24.09516143798828,24.34271487969928,23.847607996277286,24.07453023573489,1593067
2018-05-31,23.90949249267578,24.115786119706954,23.74445601715137,24.115786119706954,1776700
2018-06-01,23.95075798034668,24.40460511733819,23.847609830644167,24.177680237259228,1422900
2018-06-04,24.260196685791016,24.260196685791016,23.950757489359763,24.053903013781394,1080000
2018-06-05,24.177671432495117,24.342707887284654,24.074523320355972,24.218931201983864,1036233
2018-06-06,24.52838134765625,24.59026971820136,24.157053747552236,24.260199283016327,1070533
2018-06-07,24.590267181396484,24.755303693546665,24.507750236904577,24.610898384894238,1001833
2018-06-08,24.73467254638672,24.879077840053558,24.549007473172455,24.610895830910543,1034000
2018-06-11,24.52838134765625,25.02348831201712,24.50775276519676,24.755306247377195,1087367
2018-06-12,24.487117767333984,24.631523053050813,24.383969635727134,24.549006121664906,875767
2018-06-13,23.84760856628418,24.54900912684151,23.84760856628418,24.487120764934502,2395733
2018-06-14,23.806350708007812,24.198309490708564,23.806350708007812,23.888870279330646,2018833
2018-06-15,23.723831176757812,23.785719536928173,23.41438937590599,23.785719536928173,3366733
2018-06-18,23.785724639892578,23.90950138678824,23.476282772653423,23.55879972952828,1652100
2018-06-19,23.95075798034668,23.971386561020616,23.55879658537698,23.55879658537698,1295433
2018-06-20,23.661941528320312,24.074528824882083,23.641312950442043,23.992011890202942,1271433
2018-06-21,23.70319938659668,23.84760466637568,23.435017403245435,23.641311034810556,1273933
2018-06-22,23.53816032409668,23.90949039405937,23.414383634109114,23.84760204906559,1920467
2018-06-25,23.414386749267578,23.5794232322634,23.12557618298227,23.414386749267578,1315100
2018-06-26,23.208093643188477,23.435018484597094,23.125576711388053,23.435018484597094,998133
2018-06-27,22.960548400878906,23.35250724546502,22.93991981637445,23.331878660960562,1036867
2018-06-28,22.939912796020508,23.104946667884285,22.774876300990634,23.022429731952396,799800
2018-06-29,22.77487564086914,23.22872271008908,22.774875640869144,23.104945998195824,1330500
2018-07-02,22.754249572753906,22.836766515394547,22.465436338762203,22.54795590456915,1297967
2018-07-03,22.836769104003906,23.063694000946104,22.79551193959013,22.79551193959013,702867
2018-07-05,23.18746566772461,23.249354023972366,22.44480539275152,22.89865246417973,3677800
2018-07-06,23.249357223510742,23.331874168808255,22.898655615455127,23.166837655046834,1360467
2018-07-09,24.074527740478516,24.157047294606738,23.228721984408786,23.373129892550207,2463567
2018-07-10,23.82697868347168,24.19830621143745,23.600053827835698,24.115789274463516,1617567
2018-07-11,23.785724639892578,24.0332781336839,23.68257647642394,23.765096056465556,1190667
2018-07-12,23.579418182373047,23.992005366751936,23.22871671480218,23.992005366751936,1935233
2018-07-13,23.558794021606445,23.785718876990458,23.393760147841828,23.517536864748354,1360500
2018-07-16,23.70319938659668,23.785716314589557,23.55879148365183,23.620679835437954,887067
2018-07-17,23.70319938659668,23.82697609016892,23.620679835437954,23.70319938659668,712900
2018-07-18,23.744455337524414,23.930120383487996,23.55879029156083,23.682566988869883,1106700
2018-07-19,23.579418182373047,23.76508320229315,23.3731245901836,23.641306522346415,1573733
2018-07-20,23.53816032409668,23.620677243033203,23.26997837017881,23.55878889803942,1424233
2018-07-23,23.806350708007812,24.03327559439587,23.51754007787736,23.538168659124825,1230800
2018-07-24,23.53816032409668,23.80634227801455,23.311238141229847,23.80634227801455,1520067
2018-07-25,21.702152252197266,23.992018113001905,21.45460007236931,23.992018113001905,5504033
2018-07-26,21.764036178588867,22.424178250288833,21.64025945817118,21.805294648200395,2200233
2018-07-27,22.09410285949707,22.11473143383292,21.68151432220365,21.7021428965395,1842967
2018-07-30,22.34166717529297,22.42418413617503,22.11474225390869,22.11474225390869,1441333
2018-07-31,22.21788215637207,22.34165886322831,21.88781050089445,22.34165886322831,1874267
2018-08-01,22.176626205444336,22.382919878071007,22.0322208969223,22.321031513966368,2111000
2018-08-02,22.176626205444336,22.321031513966368,22.052849477235057,22.135366421652453,1739500
2018-08-03,22.135364532470703,22.321029608938705,22.052847595095862,22.135364532470703,1352267
2018-08-06,22.051523208618164,22.21921524323263,21.904793178092195,22.156330563664977,1841967
2018-08-07,22.156322479248047,22.240169132310154,22.00959250226103,22.11439981906566,2198933
2018-08-08,22.638442993164062,22.701327660688218,22.009596317922508,22.13536565297082,2440367
2018-08-09,22.470748901367188,22.91094155921478,22.386903569289803,22.596518232180784,1562900
2018-08-10,22.240177154541016,22.428829859759137,22.030562445321852,22.240177154541016,1303867
2018-08-13,22.219209671020508,22.36593966474901,22.09344167612357,22.19824900488643,871600
2018-08-14,22.51267433166504,22.617480337077527,22.156326983235004,22.21921165264059,1096400
2018-08-15,22.240177154541016,22.512677875763316,22.156330471234657,22.470753867761225,1247867
2018-08-16,22.554595947265625,22.680365287635862,22.26113592999857,22.34498126844698,1010367
2018-08-17,22.743253707885742,22.84806239727427,22.428830305115845,22.5545996662238,776500
2018-08-20,22.785173416137695,22.869018752585735,22.596519410083218,22.72228874745287,1121933
2018-08-21,23.162477493286133,23.41401345989803,22.722284887274526,22.785169545276183,2132533
2018-08-22,22.994792938232422,23.246331666006753,22.97383226604981,23.16248631188056,1390500
2018-08-23,22.743253707885742,22.994792430101658,22.344984952842434,22.93190774954768,1835767
2018-08-24,22.5755615234375,22.848060899509626,22.47075284091952,22.806136893423332,910067
2018-08-27,22.827091217041016,22.952860534936125,22.575555246645568,22.617476575680755,929933
2018-08-28,22.889978408813477,22.97382640695136,22.722287743327847,22.93190240788242,1083567
2018-08-29,22.869020462036133,22.95286580475158,22.491712421723545,22.889981131366145,1619167
2018-08-30,22.722288131713867,22.889978800065787,22.680364131928332,22.80613346588983,1485433
2018-08-31,22.5755615234375,22.70133087630087,22.47075284091952,22.70133087630087,1370700
2018-09-04,22.722288131713867,22.827094133085037,22.428825464005335,22.512673463576412,1007233
2018-09-05,22.827091217041016,23.03670852379605,22.68036123462831,22.70132456454068,1113233
2018-09-06,23.09959602355957,23.12055669065493,22.764212023058274,22.785172690153633,2092933
2018-09-07,22.931903839111328,23.20440318657904,22.827095167595175,23.183442518433903,1194433
2018-09-10,22.931903839111328,23.099597180458122,22.848058501135547,23.03671251062748,912433
2018-09-11,22.869020462036133,23.015750478137008,22.8061357886507,22.869020462036133,945867
2018-09-12,22.827091217041016,22.869015211470977,22.617476575680755,22.80613055252342,1673567
2018-09-13,22.722288131713867,23.015748134027284,22.59651879775237,22.910942132656114,2598333
2018-09-14,22.80613899230957,22.97383236669233,22.65940895559701,22.785178320035136,994600
2018-09-17,22.61747932434082,22.910941990224977,22.575557990211014,22.848057323635164,854600
2018-09-18,22.324016571044922,22.59651587086679,22.30305457386732,22.55459187651159,1294667
2018-09-19,22.554595947265625,22.638443951109284,22.303058599222776,22.32402060018369,1166267
2018-09-20,23.015748977661133,23.162481649591392,22.53363495673376,22.61748029398304,1044067
2018-09-21,23.05767822265625,23.204408262559973,22.84806349916581,23.015754211799834,1965700
2018-09-24,22.072481155395508,22.99478784258774,22.009596487387167,22.973827175050012,2219800
2018-09-25,22.051523208618164,22.34498460236793,22.051523208618164,22.13536989227431,1123233
2018-09-26,21.758056640625,22.1772872938136,21.758056640625,22.114402629200434,1655767
2018-09-27,21.50652313232422,22.009599205829126,21.48556112949986,21.7580605027278,1455500
2018-09-28,21.737096786499023,21.799981453462088,21.317866117644453,21.464596118759896,1836767
2018-10-01,21.50652313232422,21.883829854278464,21.44363845654889,21.883829854278464,1074133
2018-10-02,21.527482986450195,21.82094435137882,21.317868296943043,21.485560315088303,1135467
2018-10-03,22.00959587097168,22.135365203465984,21.611327206538085,21.632287873488774,1384433
2018-10-04,22.135366439819336,22.449789788616958,21.98863509948124,21.98863509948124,1431733
2018-10-05,22.072481155395508,22.303057827193566,21.967673819614134,22.219211158949918,1021400
2018-10-08,22.407865524291992,22.44978952543861,22.009596842282306,22.03055884285562,937300
2018-10-09,22.135366439819336,22.512674458376484,22.135366439819336,22.324020449097908,1602233
2018-10-10,22.030555725097656,22.57555566859707,22.030555725097656,22.19824770785961,2164867
2018-10-11,21.21306610107422,22.00960371377608,21.192104093956477,22.00960371377608,2436367
2018-10-12,20.6470947265625,21.50651797864635,20.22786543211858,21.401709322337943,2417267
2018-10-15,20.6470947265625,20.919595367187956,20.584210065856425,20.668056724363666,1303300
2018-10-16,20.709978103637695,20.814786753449926,20.37459415579112,20.709978103637695,1132700
2018-10-17,20.772865295410156,21.254980612209177,20.563250635600586,20.730942629987744,1432733
2018-10-18,20.6470947265625,21.17113267731482,20.500364740046614,20.689018722164832,1702233
2018-10-19,20.563251495361328,20.814790163807785,20.353635494090096,20.563251495361328,1371533
2018-10-22,19.661907196044922,20.709983295325742,19.557099852656375,20.605175951937195,2137633
2018-10-23,19.72478675842285,19.913440727265357,19.305556160783063,19.515172125951622,3513600
2018-10-24,19.054025650024414,19.724793778828545,18.61383289938612,19.640948429076932,4385200
2018-10-25,19.137868881225586,19.36844556656453,18.67671551054769,18.865369525651644,2486367
2018-10-26,19.45229148864746,19.59902149515328,18.823446128612684,19.20075281155451,2270700
2018-10-29,19.599018096923828,19.99728804416508,19.38940345748938,19.38940345748938,3597567
2018-10-30,20.227869033813477,20.26979170418297,19.57806164594686,19.682868988219422,3079567
2018-10-31,20.081132888793945,20.563248147252445,20.081132888793945,20.39555617315761,3489500
2018-11-01,20.563251495361328,20.75190549669617,20.018251491293192,20.185943492691642,2616000
2018-11-02,20.563251495361328,20.835750831046617,20.248828159803256,20.75190549669617,1713333
2018-11-05,20.669906616210938,20.84055583908684,20.22195257568663,20.62724464954183,1923700
2018-11-06,20.755233764648438,20.84055770562852,20.32860999114927,20.520590892653836,1305967
2018-11-07,20.968542098999023,20.989873759419762,20.221951614865354,20.755230919589234,1782000
2018-11-08,20.861886978149414,21.18185511065455,20.797893351648387,20.861886978149414,1606267
2018-11-09,20.477922439575195,20.90454610627452,20.28594294232986,20.755228568839343,1855400
2018-11-12,20.1579647064209,20.541925228533753,20.093971060035447,20.435269603291285,1762100
2018-11-13,20.45659637451172,20.7339012050089,20.115297912946026,20.157959881591857,2233500
2018-11-14,20.115297317504883,20.520589398141862,19.73133554245964,20.4779260745594,3710400
2018-11-15,20.264616012573242,20.52059054355803,19.77399861358559,19.923317542059905,2224300
2018-11-16,20.09396743774414,20.477927890641364,20.09396743774414,20.17929138007703,2638233
2018-11-19,20.45659637451172,20.584583636648734,20.05130428187752,20.05130428187752,2945900
2018-11-20,20.52058982849121,20.819226318833895,20.2432836441876,20.435264535736366,4834100
2018-11-21,20.307279586791992,20.819228689210064,20.179292311187474,20.541922473333717,2859233
2018-11-23,20.52058982849121,20.776562994356713,20.051304108838355,20.285946968664785,1203233
2018-11-26,21.096527099609375,21.160520717848577,20.691235088227277,20.71256539017417,1813333
2018-11-27,21.03253746032715,21.437829548382823,20.883219893653806,20.883219893653806,2599867
2018-11-28,21.800464630126953,21.885789942074535,20.840561312665823,21.011210580361162,2585133
2018-11-29,22.52572250366211,22.97367796769839,21.587150958709465,21.62981293178922,5322867
2018-11-30,22.67503547668457,23.122990849631336,22.44039263815987,22.483055958763924,13032500
2018-12-03,22.333736419677734,22.93100932930918,21.949776038457156,22.93100932930918,4412033
2018-12-04,21.82179069519043,22.312406705291277,21.565816181259915,22.013770224438836,3198867
2018-12-06,21.949777603149414,22.0351015356366,21.224517396011073,21.45916024465001,3256867
2018-12-07,21.437833786010742,22.184425835555267,21.28851618982171,21.92845126357431,3427567
2018-12-10,20.797897338867188,21.62981328666986,20.71257203510807,21.39517039658191,3460267
2018-12-11,20.477922439575195,21.18185223553867,20.45659213776974,20.989871382094087,2593467
2018-12-12,21.0752010345459,21.203188304990448,20.47792800993775,20.755234214634143,2090033
2018-12-13,20.264616012573242,21.117863545056153,20.24328434959132,21.075200219092313,2465467
2018-12-14,20.09396743774414,20.43526591947492,20.008642139211638,20.072635774061112,2494433
2018-12-17,19.816661834716797,20.30727787490946,19.688674569901472,20.008641375740222,2407200
2018-12-18,19.710006713867188,20.221955820850546,19.326046239829353,19.965981267358867,2851067
2018-12-19,19.091400146484375,20.02997154347096,19.04873818013029,19.646009777685833,3010533
2018-12-20,19.070070266723633,19.304713137890495,18.89942102916588,18.89942102916588,1719500
2018-12-21,18.728769302368164,19.32604223253658,18.622113712595105,19.091399392556088,3916200
2018-12-24,18.686107635498047,18.96341244456727,18.366139504880156,18.600782348600134,1482967
2018-12-26,19.475366592407227,19.475366592407227,18.5154645928243,18.686113867332374,2566267
2018-12-27,19.219390869140625,19.390040121543464,18.57945447738035,19.11273389971411,3080167
2018-12-28,19.646013259887695,19.9019878157819,19.112733839241237,19.219390808330285,2865000
2018-12-31,20.072633743286133,20.136627371661284,19.304711558983776,19.667341667709817,3912800
2019-01-02,20.392606735229492,20.477930689223033,19.624684368288623,19.710008322282167,2464767
2019-01-03,20.648582458496094,21.096536632385842,20.264620575562137,20.392607869873455,2056733
2019-01-04,21.20319366455078,21.28851898514815,20.776569773963853,20.94721905895863,2196367
2019-01-07,21.096527099609375,21.35250157256618,20.861884284798727,21.22451433608778,2166067
2019-01-08,21.4164981842041,21.651141031810944,21.032536421102296,21.651141031810944,2345633
2019-01-09,21.544483184814453,21.800457682884925,21.309840346982988,21.544483184814453,2108433
2019-01-10,21.672470092773438,21.75779537618723,21.203184424496012,21.309840011613723,1926567
2019-01-11,21.565820693969727,21.757801619590172,21.331177792500213,21.651146001867623,2037400
2019-01-14,21.69379997253418,21.92844278741865,21.352501579283906,21.480487459603314,1909100
2019-01-15,21.60848045349121,21.75779938794732,21.480493182871584,21.693805752637505,1508100
2019-01-16,21.69379997253418,21.92844278741865,21.52315077590904,21.757793590793515,1778367
2019-01-17,22.163087844848633,22.184419505159916,21.608476882549848,21.608476882549848,1872167
2019-01-18,22.54705047607422,22.63237576959312,22.120428077078312,22.269745645486974,1157233
2019-01-22,22.52572250366211,22.653709779101046,22.39773522822317,22.39773522822317,1597267
2019-01-23,22.5897159576416,22.781696869238477,22.461728683243685,22.525722320442643,2092800
2019-01-24,22.611045837402344,22.781696437498645,22.397734621581424,22.525721893553833,837400
2019-01-25,22.82435417175293,22.952341427567532,22.611042982861573,22.781693561414016,1109667
2019-01-28,23.165658950805664,23.186989259310113,22.611046518095833,22.611046518095833,1256400
2019-01-29,23.186988830566406,23.33630641213526,23.08033186521762,23.186988830566403,2403067
2019-01-30,24.381528854370117,24.40285915718418,23.35763092091712,23.35763092091712,3824667
2019-01-31,24.786828994750977,24.89348325612696,24.253549550672513,24.381536834243306,4052033
2019-02-01,25.53341293334961,25.53341293334961,24.7441591304867,24.85081607610556,2532367
2019-02-04,25.27744483947754,25.57608273545051,25.085463916151948,25.55474971348134,2509167
2019-02-05,25.213451385498047,25.46942595183196,25.12812743418658,25.277445027081527,1684733
2019-02-06,25.661407470703125,26.024036306472187,25.36276956559957,25.512089874351133,3558600
2019-02-07,25.576078414916992,25.91737687237422,25.469421460287034,25.81071991774426,4670833
2019-02-08,25.554746627807617,25.661403587576427,25.1067939065366,25.490752994426163,1534167
2019-02-11,25.576385498046875,25.706215089524722,25.403281210371777,25.706215089524722,1765567
2019-02-12,25.857685089111328,25.965877345294068,25.684580780950988,25.74949558437196,2231533
2019-02-13,26.095699310302734,26.22552887912554,25.836040172657125,25.857677516980072,2210567
2019-02-14,25.771129608154297,26.03078878831795,25.74949226028833,25.879321850370157,1709567
2019-02-15,26.07406234741211,26.117337036691058,25.857677895246944,25.94423277669005,2079667
2019-02-19,26.50682830810547,26.593380446462625,25.922595183448202,26.0307874199768,2163900
2019-02-20,26.50682830810547,26.723210029719798,26.18225434996254,26.52846565483404,1922633
2019-02-21,26.48519515991211,26.57174731198985,26.29045075415472,26.48519515991211,1553033
2019-02-22,26.701566696166992,26.744844131363664,26.44190758787146,26.658289260970317,1137000
2019-02-25,26.59337615966797,26.917950065490285,26.485186692022147,26.78812050316136,1354200
2019-02-26,26.48519515991211,26.658299464067586,26.31208810431333,26.398640256391065,1447067
2019-02-27,26.91795539855957,26.96123284505762,26.48519193935099,26.528466634406065,1087933
2019-02-28,27.06942367553711,27.155978572822345,26.853041935210232,26.939594081052363,1972533
2019-03-01,27.372356414794922,27.480545893828527,26.939590244332354,27.242526838800423,1456000
2019-03-04,27.285799026489258,27.523818035678868,26.91794771486597,27.350711050542817,1555400
2019-03-05,27.199256896972656,27.285811805799767,26.917960321893233,27.24253435138621,1126033
2019-03-06,26.788129806518555,27.32908558694564,26.701577652054365,27.242533432481455,1357767
2019-03-07,26.441919326782227,26.809768059212793,26.16062275172765,26.788130707729664,2271467
2019-03-08,26.441919326782227,26.57174893856795,26.030793139941927,26.138985400244522,1668067
2019-03-11,26.0091552734375,26.203899687259845,25.61966644579281,25.814410859615155,3069833
2019-03-12,25.987516403198242,26.247175633940383,25.879326891351383,26.030793858803115,1233833
2019-03-13,25.987516403198242,26.138986122093524,25.900964243432043,26.138986122093524,1653000
2019-03-14,26.030794143676758,26.24717592118205,25.836049718488923,26.052431495994213,1942267
2019-03-15,26.030794143676758,26.225538568864593,25.922601879202322,26.009156791359302,3981300
2019-03-18,26.420276641845703,26.44191398896091,26.030787885114513,26.074065330787842,945667
2019-03-19,25.87932586669922,26.506833815185153,25.857685764031814,26.506833815185153,1485733
2019-03-20,25.078699111938477,25.922588431875106,25.05706177084538,25.77112154133912,2819800
2019-03-21,25.35999870300293,25.72784730450307,24.90559522349129,24.94887266249704,2406200
2019-03-22,24.88396644592285,25.33837008186126,24.68922203052068,25.16526301768929,1918367
2019-03-25,24.64594268798828,25.143623739693044,24.559390538256547,24.75413493873538,2244400
2019-03-26,25.273447036743164,25.295084380918876,24.819043548955403,24.840680893131115,1393033
2019-03-27,25.230173110961914,25.403280142805276,24.970513938918334,25.360002696983702,1471333
2019-03-28,25.48983383178711,25.533111280238256,25.230174643966443,25.273452092417585,1395367
2019-03-29,25.035432815551758,25.836047809463103,24.970518011952368,25.836047809463103,1701200
2019-04-01,25.511470794677734,25.511470794677734,25.143622118453994,25.208536914427953,1372333
2019-04-02,25.230173110961914,25.641299216216606,25.165258317951018,25.403280142805276,1615233
2019-04-03,25.38164520263672,25.598029724278774,25.27345569325918,25.46820011187094,1991100
2019-04-04,25.55474853515625,25.64130068029847,25.31672669671128,25.33836679657915,1221600
2019-04-05,25.598020553588867,25.727847368041754,25.489828331528543,25.55474311447624,1086033
2019-04-08,25.619661331176758,25.619661331176758,25.381639511319452,25.424916956232472,1752533
2019-04-09,25.403276443481445,25.68457292175086,25.27344687636594,25.5980207941547,1298800
2019-04-10,25.68457794189453,25.706215290162035,25.273451816153525,25.424918756912195,769200
2019-04-11,25.836040496826172,25.87931793745764,25.51146657069668,25.836040496826172,1218967
2019-04-12,25.96587371826172,26.22553289567521,25.489832810151306,25.94423637062492,1430400
2019-04-15,25.771129608154297,25.987511341143,25.662940117381453,25.987511341143,1028100
2019-04-16,25.836040496826172,26.052422197098302,25.51146657069668,25.836040496826172,1802600
2019-04-17,24.689218521118164,25.598025663814298,24.537751581149827,25.57638556421664,3544867
2019-04-18,24.62430763244629,24.905604208862787,24.53775547465125,24.68922243865344,1278100
2019-04-22,24.47283935546875,24.77577326722064,24.29973229772243,24.624306311344696,1652467
2019-04-23,24.49447250366211,24.602664740122687,24.10498375413548,24.451197810232173,3351167
2019-04-24,24.62430763244629,24.732499893272706,24.083351831201185,24.364648407617683,1861967
2019-04-25,24.256454467773438,24.602665787161307,24.256454467773438,24.537750992810896,1338900
2019-04-26,24.559389114379883,24.710856055489653,24.213177784081957,24.29972992879567,1022467
2019-04-29,24.710851669311523,24.883958679455514,24.49446997021347,24.602662195483788,1827200
2019-04-30,25.16526222229004,25.857684954205602,24.88396565941455,25.36000663153692,2638400
2019-05-01,24.62430763244629,25.40328530693212,24.62430763244629,25.05707392430847,2530833
2019-05-02,24.862323760986328,25.0137906899905,24.40792022253097,24.689216733950957,1670667
2019-05-03,25.078699111938477,25.230166002474466,24.948869562495588,24.992146996123935,2073033
2019-05-06,24.992151260375977,25.12198083197086,24.710852020958644,24.710852020958644,954300
2019-05-07,24.537748336791992,24.90559696399894,24.42955610743794,24.79740748608757,1238500
2019-05-08,24.321365356445312,24.645936524632695,24.278087916680473,24.537747052384415,820667
2019-05-09,24.343006134033203,24.429558274327967,23.93188002832941,24.169899102000745,757733
2019-05-10,24.45119857788086,24.51611337150664,24.06170981612617,24.299728891792068,824133
2019-05-13,23.967885971069336,24.429230119356056,23.945918133259532,24.165604891763646,1259067
2019-05-14,24.16560935974121,24.407266794203846,23.901984083407143,23.96789040249066,1262033
2019-05-15,23.44063377380371,24.055758327981096,23.001260289449213,23.945916353626714,2089667
2019-05-16,23.17700958251953,23.44063338946291,22.408104600772152,23.39669771782894,3325533
2019-05-17,23.001262664794922,23.484574664884004,22.93535635598874,23.001262664794922,1432533
2019-05-20,22.60582160949707,23.023227215858046,22.49597685267862,22.781571264978844,1559833
2019-05-21,22.759607315063477,22.759607315063477,22.386138686735404,22.64976392949273,2731400
2019-05-22,22.4959774017334,22.825508886763348,22.342196973208846,22.759602589757357,1387333
2019-05-23,22.34220314025879,22.5618899264288,22.122514957354255,22.32023390294798,1825067
2019-05-24,22.364168167114258,22.605824145099014,22.32022970076484,22.386136003554707,802833
2019-05-28,22.012670516967773,22.342202077279122,21.96873344117108,22.342202077279122,1149900
2019-05-29,22.60582160949707,22.693695738870904,21.83691529543844,21.9687278862333,2063433
2019-05-30,21.8149471282959,22.71566462265918,21.661165309139147,22.693695392284194,2052233
2019-05-31,21.8149471282959,22.078570909125347,21.397540131575617,21.507384886716476,1856100
2019-06-03,22.232358932495117,22.298265245277967,21.683140590461022,21.771014743015176,1779900
2019-06-04,22.4959774017334,22.69369629275137,22.298259907449566,22.452040335974118,1548167
2019-06-05,22.5838565826416,22.737637036038212,22.276294279114015,22.430074732510626,1264067
2019-06-06,22.38613510131836,22.649760301852844,22.034635765095185,22.6058232340085,1917767
2019-06-07,22.18842124938965,22.36417235422362,22.100547093707185,22.342203116935742,1192067
2019-06-10,22.34220314025879,22.517952848541704,22.188421272552162,22.386140218145886,974367
2019-06-11,22.803543090820312,23.06716831855883,22.386137411390553,22.386137411390553,1831200
2019-06-12,21.41951560974121,22.737639088569953,21.265735142462805,22.60582785807467,5052567
2019-06-13,21.1998233795166,21.573290531690038,20.672573006125152,21.353603807266357,4315000
2019-06-14,21.177858352661133,21.419514356194984,20.606670800338215,21.133921278400727,1869733
2019-06-17,21.1339168548584,21.529353233902047,21.046041327996413,21.111947623959374,1317200
2019-06-18,21.002107620239258,21.639200054078582,20.9362013137408,21.13392023323618,1884667
2019-06-19,21.068012237548828,21.221792675892548,20.870293333906133,21.068012237548828,1762967
2019-06-20,20.958168029785156,21.221791827367205,20.694542835468937,21.221791827367205,2654533
2019-06-21,21.02407455444336,21.265731932375804,20.804387806712036,20.848324876911445,2150300
2019-06-24,21.089981079101562,21.375575530226026,20.958169867122148,21.068013242138807,1334967
2019-06-25,21.529356002807617,21.705105682400763,20.958169893313467,21.155887409896824,2528700
2019-06-26,21.41951560974121,21.727077941032515,21.37557853290945,21.595265313802745,2070333
2019-06-27,21.617229461669922,21.705103594646978,21.39754133575896,21.507386097081522,855433
2019-06-28,21.924793243408203,22.012667382488814,21.705105102238164,21.749043568512725,1561633
2019-07-01,22.210386276245117,22.23235550936828,21.8588869266801,22.05660583458577,1195300
2019-07-02,22.18842124938965,22.29826603909451,21.880858911031982,22.144484171548417,1722300
2019-07-03,22.4959774017334,22.4959774017334,22.18841514795016,22.18841514795016,948933
2019-07-05,22.430072784423828,22.649760923140054,22.210386042441847,22.539917552149063,1210300
2019-07-08,22.298261642456055,22.43007284999,22.03463643391967,22.38613578081202,1396767
2019-07-09,22.430072784423828,22.430072784423828,22.03463636950941,22.12251050760851,1139500
2019-07-10,22.430072784423828,22.561885388306717,22.23235527533374,22.47401125020762,1093000
2019-07-11,22.671733856201172,22.935359123233365,22.342203669145484,22.891422044306186,1870633
2019-07-12,23.11110496520996,23.308823882371694,22.7815748333414,22.957324516351495,1391833
2019-07-15,23.045196533203125,23.24291543212214,22.913385330657974,23.15504129709204,1363933
2019-07-16,23.17700958251953,23.264885115990136,22.91338577557615,23.04519698068073,1065433
2019-07-17,23.286853790283203,23.440634233476075,22.957323670555226,23.155042580432575,1361467
2019-07-18,23.242918014526367,23.462606169978454,23.04519909363979,23.26488724909188,1259033
2019-07-19,23.308822631835938,23.352759701047624,23.00126035388563,23.198979260439593,1233933
2019-07-22,23.330793380737305,23.352761218403394,23.08913738926995,23.308824146336878,1189933
2019-07-23,23.52851104736328,23.57244672035611,23.17701029934377,23.374729208217072,1147433
2019-07-24,23.94591522216797,23.989850892446338,23.48457112996659,23.550477428852503,1180067
2019-07-25,23.484573364257812,23.967885337580036,23.41866705910166,23.94591750035086,2061700
2019-07-26,23.880008697509766,23.94591499577257,23.41866460967014,23.484570907932945,1151867
2019-07-29,23.989850997924805,24.121663596276182,23.79213489386611,23.836070564337657,2064133
2019-07-30,24.604978561401367,24.692855500123088,23.770167197826026,23.923947650385966,3813400
2019-07-31,25.329952239990234,25.813264311097548,24.05576434699685,24.2974217792851,4662300
2019-08-01,25.461755752563477,25.98900611154347,25.24206903414454,25.439787918762036,3050767
2019-08-02,25.373886108398438,25.483728090286974,25.044354575795467,25.417821783766378,2106467
2019-08-05,25.132225036621094,25.28600546480819,24.868599849175627,25.04435090529536,1802633
2019-08-06,25.329952239990234,25.373890716806965,24.934514329047197,25.19813960300922,1169300
2019-08-07,25.30797576904297,25.395849899244762,24.84663169691415,24.84663169691415,1281300
2019-08-08,25.747350692749023,25.769318528194503,25.24207092322425,25.32994505847456,1938700
2019-08-09,25.61359977722168,25.858811173187036,25.546723426579415,25.635890949240956,796000
2019-08-12,25.323806762695312,25.63589455317674,25.190054042607603,25.346097937848317,690567
2019-08-13,25.457551956176758,25.814227700395808,25.12317305217091,25.323802095325007,1673067
2019-08-14,24.900253295898438,25.502140504947068,24.85567094791426,25.190052730719053,1343700
2019-08-15,24.81109046936035,25.056304768103068,24.632755374443125,24.922552029622537,965933
2019-08-16,25.658184051513672,25.680478059794556,24.967129321083995,24.967129321083995,886533
2019-08-19,25.925691604614258,25.992567965783074,25.702771345579833,25.85881524344544,887267
2019-08-20,25.34609603881836,25.81423052405085,25.279219683785144,25.81423052405085,957533
2019-08-21,25.524429321289062,25.65818202205646,25.412970627039183,25.457552970905365,679900
2019-08-22,25.836515426635742,26.037144443039804,25.613595242159214,25.680471580960564,748333
2019-08-23,25.43526840209961,26.126323257271107,25.36839203435446,25.836526608570512,1216467
2019-08-26,25.591312408447266,25.6804827888221,25.39068330448164,25.63589759863468,1093967
2019-08-27,25.190053939819336,25.76964716811115,25.12317758004837,25.76964716811115,1130500
2019-08-28,25.145471572875977,25.34610067467108,25.056304028050977,25.056304028050977,1248467
2019-08-29,25.34609603881836,25.591307450883722,25.30151085726801,25.323804865335497,1259533
2019-08-30,25.72506332397461,25.769648511006928,25.45755787095063,25.569019421238945,844033
2019-09-03,25.546722412109375,25.635889931230043,25.27921702016305,25.591304754377546,2071800
2019-09-04,25.814231872558594,25.836523047205926,25.591308787746208,25.769646688679163,867533
2019-09-05,26.594451904296875,26.63903424980066,25.881106030391052,26.059441081575244,2262867
2019-09-06,27.062583923339844,27.10716910406037,26.393823220039337,26.393823220039337,2724100
2019-09-09,28.110307693481445,28.199475199029933,27.084871458630204,27.19633013191984,2821067
2019-09-10,28.533870697021484,28.734496972952613,27.97656855711548,28.11032129745974,3420033
2019-09-11,29.3140926361084,29.358674992421296,28.533870220195254,28.64532894556272,2311300
2019-09-12,29.29179573059082,29.849097806146215,29.024293115375578,29.20262819218574,2515567
2019-09-13,28.712200164794922,29.425546083707722,27.887392705921187,29.425546083707722,4283733
2019-09-16,28.623035430908203,28.8682468743682,28.33323880018958,28.444697516458675,1471433
2019-09-17,28.55615997314453,28.60074516181745,28.110319424755644,28.511574784471613,1698400
2019-09-18,28.28865623474121,28.645329262111968,28.043444768554867,28.444700152731183,2063333
2019-09-19,27.998855590820312,28.48928128795378,27.95427040577733,28.288652207137613,1521933
2019-09-20,27.82051658630371,28.132607200107135,27.553013990366868,28.043439668128183,3908333
2019-09-23,28.221771240234375,28.288647589590223,27.57530175285074,27.68676044538757,1263567
2019-09-24,28.110307693481445,28.37781021012691,27.931969847800577,28.28864270457842,1334633
2019-09-25,28.533870697021484,28.600747067193616,28.08802728434552,28.08802728434552,1245233
2019-09-26,28.444690704345703,28.75678127124473,28.244061661607255,28.645319747084155,861200
2019-09-27,28.26636505126953,28.689914448357925,28.221779859886713,28.578452887193507,1325233
2019-09-30,27.97657012939453,28.44470191232312,27.820523367166242,28.377825538392543,1303067
2019-10-01,27.8651065826416,28.22177960674919,27.75364502247695,28.177194415766284,1046400
2019-10-02,28.04343032836914,28.288641668290715,27.419252143227233,27.642172316224244,1417633
2019-10-03,28.310943603515625,28.422405149701344,27.88739426334569,27.93197944873695,2012267
2019-10-04,28.533870697021484,28.578453054079393,28.19948884616083,28.288656394861913,797733
2019-10-07,28.51156997680664,28.62303151240158,28.355526094641398,28.578446331246685,708933
2019-10-08,28.26636505126953,28.533870530395937,28.199488681487928,28.400117790832734,1039700
2019-10-09,28.444690704345703,28.556152228506278,28.288646838188345,28.466984709928404,802800
2019-10-10,28.95741081237793,29.02428716110844,28.44469119391588,28.578443891376903,953033
2019-10-11,29.0242919921875,29.33637978182051,29.0242919921875,29.33637978182051,1394433
2019-10-14,28.91283416748047,29.135754450839947,28.84595779901411,29.002001713907223,628567
2019-10-15,29.0242919921875,29.09116835204955,28.868245262786164,29.001997982510265,975433
2019-10-16,29.0242919921875,29.22492107177365,28.84595408769376,29.001997982510265,1015000
2019-10-17,29.1357479095459,29.247209443493897,28.845951322782565,29.11345673659012,876800
2019-10-18,29.1357479095459,29.314085796945786,29.04658038313823,29.11345673659012,930233
2019-10-21,29.49241065979004,29.581580989972874,29.091155512301583,29.314075668591517,1064233
2019-10-22,29.40325927734375,29.559303188801298,29.247215365886206,29.47013564433772,1030400
2019-10-23,29.603885650634766,29.737638372298775,29.358671382722456,29.358671382722456,1111300
2019-10-24,29.78221893310547,29.849092448968424,29.425543174329793,29.47012835282286,1282100
2019-10-25,30.04972267150879,30.072016678916455,29.71534374082376,29.8045112667008,1106367
2019-10-28,30.04972267150879,30.161184204793493,29.648467387769845,30.09430785173958,2189300
2019-10-29,30.51786231994629,30.740782589747425,29.982851404755554,29.982851404755554,3299800
2019-10-30,26.393823623657227,29.915970751487578,25.99256549479009,29.915970751487578,7055167
2019-10-31,25.970279693603516,26.817378473386697,25.83652695631299,26.2823675242246,2917500
2019-11-01,26.05944061279297,26.237778495353577,25.90339673716774,26.193193316067305,1466833
2019-11-04,26.683626174926758,26.750502544671846,26.08173884722095,26.260076778069603,2516600
2019-11-05,27.040294647216797,27.174047364176904,26.549868963224668,26.728206864033066,2244167
2019-11-06,27.151758193969727,27.374678460498295,26.88425274030146,26.99571429085823,2092933
2019-11-07,26.9030704498291,27.26479205276182,26.722208211008862,27.1969690725427,2101233
2019-11-08,27.355226516723633,27.40044280300979,26.790035874333853,26.857858866408957,953567
2019-11-11,27.31001091003418,27.468263587253375,27.12914865413508,27.219578344730614,730767
2019-11-12,27.31001091003418,27.513476995197124,27.174364936786862,27.332617614006057,1304900
2019-11-13,27.31001091003418,27.423047304601592,26.56395805717393,26.88046341161232,1107500
2019-11-14,27.445648193359375,27.536080739501998,27.15174960516442,27.35521852192418,770267
2019-11-15,27.49086570739746,27.603904957824735,27.400436031880172,27.558688682712315,889567
2019-11-18,27.694334030151367,27.71694072986142,27.264789487415417,27.423042134800767,1084333
2019-11-19,27.603910446166992,27.807379412566235,27.536087457367245,27.762163128463694,656100
2019-11-20,27.87519645690918,27.89780315678545,27.400435636554906,27.558688285103827,1517000
2019-11-21,27.445648193359375,27.965625272203457,27.423041494177433,27.943018573021515,1309667
2019-11-22,27.174358367919922,27.513470344356527,26.609167907582457,27.513470344356527,1783633
2019-11-25,27.03872299194336,27.35522839353677,26.970899995214992,27.196975692740065,1457667
2019-11-26,26.83524513244629,27.287396378056005,26.83524513244629,26.993497780938938,1438167
2019-11-27,26.925683975219727,27.016113680192817,26.6770015678666,26.880467685378935,1130500
2019-11-29,26.948278427124023,27.174356898802483,26.79002579671485,26.79002579671485,461500
2019-12-02,26.677001953125,27.083937068734947,26.631785662631216,26.97090065456328,1179233
2019-12-03,26.58656883239746,26.6317851219733,26.270063429492,26.47353242052057,1468333
2019-12-04,26.58656883239746,26.925683817445076,26.563962124963776,26.654391829406983,1261600
2019-12-05,26.51874542236328,26.925683398082434,26.496138715281692,26.699607703141268,2407167
2019-12-06,26.857860565185547,27.016113265134287,26.74482415438293,26.81264715074788,1727000
2019-12-09,26.925683975219727,27.129152967440547,26.722214982998903,26.79003798040584,2397233
2019-12-10,26.541351318359375,26.925679658916888,26.224843089628457,26.90307295497469,2311467
2019-12-11,26.65439224243164,26.767431530768608,26.31527725212925,26.586569244371162,1149600
2019-12-12,27.196979522705078,27.219586233228593,26.654395472469727,26.699611768225626,1026167
2019-12-13,26.948278427124023,27.242179865364584,26.90306503255408,27.129140629525356,908000
2019-12-16,27.06132698059082,27.287402655403397,26.812644600709437,26.970897285607425,1119967
2019-12-17,27.174358367919922,27.24218133814871,26.925673185511915,27.016102854247855,989367
2019-12-18,27.174358367919922,27.355217705391798,27.061319125969494,27.219571764934223,820900
2019-12-19,27.106536865234375,27.310005786936518,27.106536865234375,27.242182813035804,686500
2019-12-20,27.016111373901367,27.196973643116323,26.857858685030934,27.151757357135523,3327767
2019-12-23,26.81264305114746,27.106541698889576,26.72221048668219,27.038718712894624,860433
2019-12-24,26.767423629760742,26.92567628695385,26.676993950608633,26.88046001002396,533900
2019-12-26,26.857860565185547,26.9256835615505,26.74482415438293,26.790037568820598,442333
2019-12-27,26.65439224243164,26.903077526889565,26.541355828803187,26.88046794439706,584233
2019-12-30,26.699604034423828,26.903072994325306,26.518741778497613,26.609174343814736,2277833
2019-12-31,27.174358367919922,27.33261100688465,26.722204274825547,26.722204274825547,1218900
2020-01-02,26.81264305114746,27.242187670879474,26.33788214918281,27.174364684884523,1606800
2020-01-03,26.993501663208008,27.242186896355108,26.473527368502154,26.541350352568823,1592733
2020-01-06,26.79003143310547,27.016107077641102,26.631778769401308,26.857854413936938,1549933
2020-01-07,26.066591262817383,26.812644139031853,26.021374978750163,26.676998161538314,2222533
2020-01-08,26.36048698425293,26.56395592781389,26.089195059504988,26.292664003065944,1634333
2020-01-09,26.179630279541016,26.4283126527078,26.066591007832777,26.383096369082885,1300200
2020-01-10,26.021373748779297,26.29266569094303,26.021373748779297,26.1118063126392,766633
2020-01-13,26.179630279541016,26.270059972082745,25.930945031666134,26.134413995916102,881200
2020-01-14,26.428314208984375,26.473530495271927,26.111808829096308,26.157022240675595,1133833
2020-01-15,26.315271377563477,26.450917343403113,26.066589023329392,26.315271377563477,1029667
2020-01-16,26.51874542236328,26.699607703141268,26.36049272337531,26.405709012246913,1061633
2020-01-17,26.45092010498047,26.676998654788584,26.202237724782997,26.609175664787784,1241800
2020-01-21,26.58656883239746,26.79003782342603,26.383099841368892,26.450922838378414,931633
2020-01-22,26.60917091369629,26.812639847369123,26.450915382145645,26.631777614757382,1530067
2020-01-23,26.722211837768555,26.767428122287345,26.202237501989153,26.563959154015016,1529800
2020-01-24,26.60917091369629,26.90306952632116,26.33787900213251,26.767423570539272,1364900
2020-01-27,26.292667388916016,26.76742831836247,26.2700606838451,26.337883673766022,1876533
2020-01-28,26.51874542236328,26.677000996059682,26.157023735515732,26.33788601629372,1326600
2020-01-29,25.094463348388672,26.767428529850648,25.004033652682352,26.563959558480285,2788967
2020-01-30,25.004039764404297,25.049256060663748,24.212773265471785,24.642318018455406,3074900
2020-01-31,25.004039764404297,25.388368221128466,24.823177454075402,24.845787039559575,2553167
2020-02-03,25.162282943725586,25.546614129359387,25.071853260220845,25.162282943725586,1265567
2020-02-04,25.388362884521484,25.41097246525315,25.071857501361134,25.32053989174308,1287100
2020-02-05,25.795297622680664,25.840513903794005,25.388359716784393,25.59182866973253,1440467
2020-02-06,25.52400779724121,25.953552441880174,25.50140109216806,25.908339031733867,1472967
2020-02-07,25.546955108642578,25.684674779200382,25.225611156444593,25.5010504975602,816733
2020-02-10,26.097837448120117,26.16669729304876,25.68467837854825,25.822398068405537,1185867
2020-02-11,26.006025314331055,26.442136692994225,25.937165469349726,26.074885159312384,1210333
2020-02-12,26.212604522705078,26.419184078077098,26.02898019703397,26.074887737779765,1269033
2020-02-13,25.84535026550293,26.21260179731714,25.77649042087178,26.166697180000195,855867
2020-02-14,25.684682846069336,25.8224025598812,25.546963132257467,25.799450247131308,658833
2020-02-18,25.615819931030273,25.70763208972515,25.501055462325656,25.615819931030273,985033
2020-02-19,25.569915771484375,25.753543031796834,25.40924374287115,25.569915771484375,1181133
2020-02-20,26.143739700317383,26.189647232334973,25.455144231986385,25.638768522745792,829933
2020-02-21,26.32737159729004,26.419183759016793,25.845352640576593,26.028979882686098,1514433
2020-02-24,26.419179916381836,26.48803975732533,25.868304107489486,25.960116255862285,2521933
2020-02-25,25.707630157470703,26.465088436074552,25.45514601037321,26.350321057340256,2530367
2020-02-26,25.822399139404297,25.937166525263994,25.386287742986827,25.66172713412541,2517067
2020-02-27,25.386289596557617,26.051932894640327,25.294477432359745,25.59286915499489,2488167
2020-02-28,24.81245231628418,25.248563636513346,24.192715253817873,24.881312152039065,3990367
2020-03-02,25.707630157470703,25.799445227920412,24.399296049447013,24.789502802219072,2459600
2020-03-03,26.281461715698242,27.015967700043536,25.40923896035993,25.615818494833068,3518967
2020-03-04,26.947111129760742,27.038923294464773,26.143745202968173,26.533952010608466,2011333
2020-03-05,26.90119743347168,27.22254431440036,26.41917857140637,26.648713308636324,2376433
2020-03-06,26.993011474609375,27.268450843722636,26.12078875152114,26.281460743951996,3001333
2020-03-09,25.041990280151367,26.602811661533067,24.26157958946052,25.707633576842714,3375200
2020-03-10,25.27151870727539,25.983069448377837,24.422249738922524,25.54695808043191,2160233
2020-03-11,23.55002784729004,24.97312792118468,23.251634695897252,24.766548383911495,3541900
2020-03-12,22.24169158935547,23.458213549869434,20.910403709030867,21.943299905982254,2501033
2020-03-13,24.33043670654297,24.353390474627673,22.24169196865435,23.11391472528303,1832333
2020-03-16,23.0221004486084,23.13686635979301,20.107039299746088,20.703822621637173,2305500
2020-03-17,25.432193756103516,25.59286575174823,22.90733622715983,23.412307441083,2306733
2020-03-18,24.146812438964844,24.514065454481116,22.26464711900378,24.146812438964844,2075033
2020-03-19,24.16976547241211,24.353391244914153,22.44827221346155,23.7795601585973,2026767
2020-03-20,22.677804946899414,24.192720182827102,22.471226856874342,24.192720182827102,2557300
2020-03-23,21.323564529418945,22.90733814762153,20.19885462830328,22.264647192506285,2014067
2020-03-24,21.53014373779297,22.379414285350208,21.162892161297748,22.287600661562383,1802067
2020-03-25,21.759675979614258,22.425319246313663,20.95631155445515,21.621956280482525,3356333
2020-03-26,23.297544479370117,23.412310413591403,21.805582956509323,21.920348890730608,1867800
2020-03-27,21.805580139160156,23.022102095249004,21.576048300373817,22.65485056945972,2137700
2020-03-30,21.85148811340332,22.172833591217838,20.956311529443447,21.759675953643725,2025100
2020-03-31,21.5530948638916,21.92034639532309,21.254703177019497,21.644908476413406,1613633
2020-04-01,19.854557037353516,21.0940314207028,19.602071406721034,20.726779859660642,2261200
2020-04-02,19.4873046875,20.52020101538282,18.98233340886005,19.693884244942172,1873333
2020-04-03,18.982332229614258,19.395491318831777,18.79870645418245,19.28072539160289,1691767
2020-04-06,20.520198822021484,20.61201243529136,19.51025637269223,19.57911621781267,1583133
2020-04-07,21.18584442138672,21.805581594947075,20.88745125984971,21.27765657929969,1317933
2020-04-08,22.103975296020508,22.12692906723843,20.84154706559609,21.36947212898378,837500
2020-04-09,24.26157569885254,24.422249149089286,22.287596977336936,22.540082576856566,1329133
2020-04-13,23.57298469543457,24.674740980379692,23.45821875018216,24.674740980379692,1100633
2020-04-14,23.527070999145508,24.307481509355814,23.297539182884925,24.10090199912467,873267
2020-04-15,22.700759887695312,23.274591025949157,22.19578860277817,22.540086410133647,1247600
2020-04-16,22.60894012451172,22.99914536769208,22.287594715970695,22.746659793790393,1228400
2020-04-17,23.34345054626465,23.572982414560432,22.861431579784266,23.34345054626465,1882600
2020-04-20,22.884382247924805,23.504119375768497,22.58599056772744,22.907336015373765,966667
2020-04-21,22.264646530151367,22.723711692909443,22.08102075691372,22.218740451673938,802600
2020-04-22,22.60894012451172,23.022099132347744,22.51712798454437,22.79256732310172,871433
2020-04-23,22.058063507080078,22.884380085914373,21.96624990528618,22.563034668627274,1299833
2020-04-24,22.471229553222656,22.585995496858143,22.14988403544641,22.264649979081895,695300
2020-04-27,23.320493698120117,23.50411946038943,22.40236488677356,22.585990649042873,859933
2020-04-28,23.618886947631836,24.077950625758046,23.50411956877244,23.940232397916887,1168733
2020-04-29,25.546955108642578,26.69461708418739,24.215667392129923,24.904264285591275,1807067
2020-04-30,24.92721939086914,26.02897383142017,24.67473235649925,25.776486797050275,1586267
2020-05-01,24.58292579650879,24.858365198835877,24.238626543599928,24.445206095345245,951867
2020-05-04,24.146812438964844,24.330438217059,23.756607113266778,24.146812438964844,913533
2020-05-05,24.100910186767578,24.835413415791532,23.94023815266666,24.422255714297606,955367
2020-05-06,23.733654022216797,24.537016957363033,23.595934328345347,24.307485107129228,1164100
2020-05-07,23.126893997192383,24.457099590258803,22.940198761690787,24.060371658422216,1923000
2020-05-08,23.33692741394043,23.710317896470222,23.243579051447036,23.38360085332618,1205100
2020-05-11,23.243574142456055,23.476944257541344,22.706825993575194,23.080216397245767,1204700
2020-05-12,21.936710357666016,23.313587821618825,21.913372898245143,23.150230056837987,1355500
2020-05-13,20.723188400268555,22.05339386310833,20.489819749668726,21.960045512635382,1354733
2020-05-14,21.003231048583984,21.16658880010881,20.209775297322064,20.37313453256852,1226633
2020-05-15,20.76986312866211,21.189926992669665,20.6998522373739,20.839874019950315,1999333
2020-05-18,22.146745681762695,22.240094053107878,21.329953738310945,21.493311533512482,1319767
2020-05-19,21.446638107299805,22.216756607571927,21.423302127235882,22.100072256086218,926533
2020-05-20,22.05339813232422,22.333440270511744,21.726681068003785,21.75001704734826,1134100
2020-05-21,21.913372039794922,22.1700781484811,21.56331758080391,21.89003458128829,969367
2020-05-22,21.16659164428711,21.913374064562433,21.049907308415854,21.89003660389945,802167
2020-05-26,23.19690704345703,23.383602296242206,21.890038790238837,22.123408969011788,1543933
2020-05-27,24.690462112426758,24.737135538743672,23.523616068453535,24.037028209104037,1591500
2020-05-28,23.80366325378418,24.947172018560988,23.68697892819009,24.807150234359398,1206233
2020-05-29,23.4536075592041,23.710313655492484,23.150228031878274,23.43027158554619,1475800
2020-06-01,23.64030647277832,24.153718745834297,23.476948696679532,23.570295573386883,661967
2020-06-02,23.66364097595215,24.10704229419323,23.47694576215178,23.967020512912537,570767
2020-06-03,24.130382537841797,24.5737839072676,23.920349841675307,24.223729413656788,802900
2020-06-04,24.293737411499023,24.457096650251525,23.78032520465686,24.01369533377163,1516500
2020-06-05,25.530595779418945,25.880650248823745,25.087194440654027,25.343902040698705,920200
2020-06-08,26.720779418945312,26.790790316523207,25.437250253275465,25.97399848974355,1184633
2020-06-09,26.97748374938965,27.047494638447226,25.950659354840695,26.114017106827287,1486667
2020-06-10,25.273893356323242,26.907477066432875,25.273893356323242,26.907477066432875,1994567
2020-06-11,24.247058868408203,24.55043834021773,23.710309316673285,24.0603636947007,1809567
2020-06-12,24.970510482788086,25.13387122560451,23.943687424961798,25.08719630373643,1805033
2020-06-15,23.94368553161621,24.293738515615285,23.54695762943988,24.060369859615903,2495767
2020-06-16,24.620454788208008,25.227215352877447,24.527107922087595,24.92383581240357,1520667
2020-06-17,24.013696670532227,24.643793235146266,23.96702175187804,24.643793235146266,922400
2020-06-18,24.503772735595703,24.80715230419781,23.663643444009868,23.75699180250688,1264200
2020-06-19,24.48043441772461,24.783815459423995,23.92034873752246,24.737140539949152,3458733
2020-06-22,24.387083053588867,24.64378912852258,24.03702864062403,24.247061288402932,853233
2020-06-23,24.503772735595703,25.157206793909335,24.503772735595703,24.783816327364924,1288533
2020-06-24,23.64030647277832,24.340415466692704,23.61697049546241,24.177056206872063,1136667
2020-06-25,24.317079544067383,24.410426426680292,23.476950181941454,23.570297064554367,903333
2020-06-26,22.70683479309082,23.920354817152965,22.70683479309082,23.89701735148406,1758933
2020-06-29,23.383596420288086,23.71031340149346,22.846848259803377,23.056879439082714,1337000
2020-06-30,23.80366325378418,23.967021012871566,23.220240142092027,23.220240142092027,1157300
2020-07-01,22.870180130004883,23.640298272450895,22.77683328567761,23.616962303229748,1108467
2020-07-02,22.846853256225586,23.593634243026205,22.823515793992346,23.383601534092808,754967
2020-07-06,22.846853256225586,23.57029678079296,22.706831450269988,23.266917190370453,937500
2020-07-07,22.0067195892334,22.660152082700815,21.866697810732653,22.636816108765114,1654100
2020-07-08,22.543474197387695,22.543474197387695,21.843366588744498,21.936714962300556,1102167
2020-07-09,21.796688079833984,22.380111198777794,21.656666293891995,22.380111198777794,1002933
2020-07-10,22.613481521606445,22.66015495912409,21.75001476705997,21.86670058643682,810767
2020-07-13,23.150224685668945,23.663636804035438,22.263422205530713,22.753496869890945,2034700
2020-07-14,23.103557586669922,23.500284027342282,22.706829662275748,22.98687176841378,2315400
2020-07-15,24.527109146118164,24.527109146118164,23.54695810060905,23.61696899555411,1537267
2020-07-16,24.597116470336914,24.783811668514232,24.083702820697354,24.340410387377904,1101500
2020-07-17,23.500280380249023,24.667126511948894,23.45360695042307,24.410420422323785,951767
2020-07-20,22.800172805786133,23.476944209304907,22.776836832930652,23.336922437285743,987967
2020-07-21,23.780332565307617,23.803670030559164,23.103562393956096,23.103562393956096,1142200
2020-07-22,23.500280380249023,23.663639610222226,23.15022743097201,23.45360695042307,789200
2020-07-23,24.107046127319336,24.153719567260293,23.336927691544982,23.476949495089755,985667
2020-07-24,24.153715133666992,24.480432120726178,24.013694839545884,24.153715133666992,903667
2020-07-27,23.756988525390625,24.060368052143573,23.59362929148561,23.943683732909488,656833
2020-07-28,23.897010803222656,24.15371692034936,23.68697960464389,23.73365303947009,1236833
2020-07-29,25.85732078552246,26.160700412931757,24.177060392926837,24.270408769518525,2038633
2020-07-30,25.110532760620117,25.530598163125983,24.830490642671418,25.390576362290695,1435033
2020-07-31,24.57378387451172,25.390575713552412,24.363751178625197,25.390575713552412,916433
2020-08-03,23.92034912109375,24.550445706890216,23.850338224480613,24.550445706890216,1195333
2020-08-04,23.36026382446289,23.920349523058054,23.336926363959076,23.827001164764617,1131600
2020-08-05,23.54695701599121,23.920347449351294,23.430272691031398,23.54695701599121,1115800
2020-08-06,23.61817169189453,23.80806635614395,23.499487715382223,23.5232236051955,596700
2020-08-07,24.448955535888672,24.47269292950994,23.452007641019836,23.499482428262375,976333
2020-08-10,24.56764030456543,25.2085363713668,24.37774567671077,24.401483071123234,841167
2020-08-11,24.971168518066406,25.469641758749443,24.94743263131625,25.089852479262515,973867
2020-08-12,24.59137725830078,25.422167938069055,24.377745239861937,25.374693150094874,603933
2020-08-13,24.021696090698242,24.448958666553548,23.831801444857163,24.330274701546433,657567
2020-08-14,24.164113998413086,24.615113906464504,23.73684997448125,23.831798038404415,990900
2020-08-17,23.38079833984375,24.164115774630986,23.309587663954,24.164115774630986,1117633
2020-08-18,22.834854125976562,23.736854098803565,22.73990604555599,23.736854098803565,1419633
2020-08-19,22.716169357299805,23.333328126428167,22.668696070181806,22.929801413053692,1686967
2020-08-20,22.004060745239258,22.668692702754754,21.98032485978051,22.550008748015923,1321133
2020-08-21,21.600534439086914,22.051535888982745,21.50558787742871,21.932850423187407,945500
2020-08-24,21.956586837768555,22.05153490433552,21.505586917159203,21.719218935073627,1980700
2020-08-25,21.932849884033203,22.40758720809938,21.766692650641634,22.24142997470781,804033
2020-08-26,21.458114624023438,21.93285045121796,21.434377229004355,21.83790388943841,779733
2020-08-27,21.624271392822266,21.932849975637325,21.505587438597118,21.505587438597118,1459400
2020-08-28,21.624271392822266,21.885376695776934,21.481850044092745,21.814166021412174,1516500
2020-08-31,21.481849670410156,21.719219083879704,21.24448176608894,21.62427101666222,1776800
2020-09-01,21.10206413269043,21.41064276443129,21.07832673442244,21.36316947704391,1942933
2020-09-02,21.458114624023438,21.624271861711843,21.007113173551218,21.14953452536893,1548833
2020-09-03,21.648012161254883,22.24143353401605,21.52932667938378,21.576801475791658,1344700
2020-09-04,21.932849884033203,22.40758720809938,21.576798022844834,22.07527123216789,1362733
2020-09-08,20.888427734375,21.71921839130393,20.603586560102134,21.291954366172202,2260833
2020-09-09,21.1495361328125,21.220746814133634,20.556114794568725,20.912168201174392,1710967
2020-09-10,20.698537826538086,21.315696611378634,20.674800427800466,21.244485924314393,1297233
2020-09-11,20.746007919311523,20.76974531439282,20.318745371886894,20.651061357283115,901167
2020-09-14,21.220746994018555,21.41064164276845,20.793484411618422,20.864695093543197,759367
2020-09-15,20.91217041015625,21.339433034066897,20.888433010825622,21.291959744554305,939633
2020-09-16,21.173276901245117,21.386908979227055,20.722276853826855,20.888434130602533,1089333
2020-09-17,21.43437957763672,21.505590261348352,20.722274249668928,20.79348493338056,934533
2020-09-18,21.291954040527344,21.576796719592032,21.22074337076117,21.458112773031164,1984967
2020-09-21,20.72226905822754,21.125795661783883,20.50863706061274,20.888426272495824,1321033
2020-09-22,20.461166381835938,20.959639597018402,19.938955771969216,20.7222716867693,1603467
2020-09-23,19.986431121826172,20.84095780001869,19.96269372468386,20.41369370634817,796800
2020-09-24,19.464218139648438,20.152585974155542,19.39300746585138,20.057639415191694,1736000
2020-09-25,19.511695861816406,19.582906551827676,19.155642411760066,19.345538591222574,1256367
2020-09-28,20.247535705566406,20.43743034824195,19.79653574056843,19.86774642021532,747400
2020-09-29,19.844011306762695,20.27127543379557,19.630379243246256,20.081379260126308,771033
2020-09-30,19.630374908447266,20.176322891605167,19.440480285859365,19.86774431854337,1749933
2020-10-01,19.511695861816406,19.74906382242151,19.298063791782603,19.41674928123384,1442300
2020-10-02,20.12885093688965,20.295008176649706,18.965744221975616,19.179376252365753,1743767
2020-10-05,20.6747989654541,20.79348444159886,20.31874706446538,20.38995774649283,977567
2020-10-06,20.556116104125977,21.17327487850996,20.484905418268262,20.86469624589227,1160600
2020-10-07,20.746007919311523,21.05458801877484,20.60358807626891,20.67479724321602,1085767
2020-10-08,20.651058197021484,21.054584796760942,20.55611014037472,20.769742135968816,1167700
2020-10-09,20.08137321472168,20.912163819685937,20.057637332020082,20.793479878733383,1974100
2020-10-12,19.915224075317383,20.128856161153813,19.77280268475976,20.057645465875,1304100
2020-10-13,19.131900787353516,19.915216633568836,19.108163394747635,19.867743357505304,2197200
2020-10-14,19.701587677001953,19.938957112356476,19.10816635233835,19.203114428309853,1980667
2020-10-15,20.200057983398438,20.271268647397402,19.345531524558975,19.582899398456775,1249367
2020-10-16,20.247535705566406,20.342482272329946,19.701587664656426,20.12885174253775,1173867
2020-10-19,19.511695861816406,20.342485233082954,19.511695861816406,20.31874934251166,1057533
2020-10-20,19.772796630859375,20.081375209823197,19.65411267811547,19.701585957383365,1457667
2020-10-21,19.725324630737305,19.98642994736536,19.55916587880212,19.677851348390867,1392300
2020-10-22,20.72226905822754,20.86469038997074,19.82026779357,19.8914784594416,1438733
2020-10-23,20.81722068786621,21.1258008183467,20.484904669066985,20.864695482800776,936367
2020-10-26,20.532377243041992,20.769745155444866,20.223797145940196,20.55611312879325,997100
2020-10-27,19.772796630859375,20.532376644887375,19.72532335159148,20.50863925067926,1730833
2020-10-28,19.17937469482422,20.12884930224205,19.131901417197813,19.820269224799695,1781400
2020-10-29,19.44047737121582,19.70158262677111,18.775845537229973,19.060688182980503,1312867
2020-10-30,19.725324630737305,19.915219269271486,19.393008636015374,19.44048191836181,1472133
2020-11-02,19.986431121826172,20.128852486383014,19.654115107576388,20.03390440696228,1051300
2020-11-03,19.915224075317383,20.295013444038503,19.86775078151444,20.24754015023556,1086000
2020-11-04,18.728376388549805,19.796535036093395,18.657165711437003,19.48795493222179,2516667
2020-11-05,19.55320167541504,19.84431683044545,18.728376431082864,19.06801026449135,1706033
2020-11-06,18.94671058654785,19.8443145149002,18.801153026017115,19.8443145149002,1578500
2020-11-09,21.73656463623047,22.24601624953143,20.13543407918996,20.305251797750696,4280667
2020-11-10,21.37266731262207,22.003414729257507,21.275628418011514,21.66378245407283,1460433
2020-11-11,20.669143676757812,21.469708932499074,20.499327505410218,21.469708932499074,1343667
2020-11-12,20.644882202148438,21.008774607746126,20.232469575232926,20.305248364828664,1455067
2020-11-13,21.033035278320312,21.372669124681394,20.838959015025555,20.838959015025555,1526667
2020-11-16,21.85786247253418,22.10045743734949,21.421189685009214,21.663786192205695,1349200
2020-11-17,21.80933952331543,21.85785974412689,21.396926900703868,21.639523377618243,1471967
2020-11-18,21.785083770751953,22.415831299007753,21.760823657210892,21.93064136723596,1417400
2020-11-19,22.197490692138672,22.197490692138672,21.493963005643696,21.712299343767732,1183300
2020-11-20,22.00341796875,22.124716990466887,21.833601806156175,21.930640715053457,1379067
2020-11-23,22.537126541137695,22.68268257080677,22.100453824987728,22.318790183062713,1114233
2020-11-24,23.67732810974121,23.919923061994552,22.901021486244552,22.925281598422323,2101633
2020-11-25,23.410470962524414,23.65306589319454,22.949538126441645,23.531768427859475,1106067
2020-11-27,23.240657806396484,23.50751289909195,22.87676533947426,23.289176493509864,472133
2020-11-30,23.507505416870117,24.38084921883994,22.998055508379704,23.046574180050037,2855667
2020-12-01,24.16251564025879,24.4051121110579,23.75010457042409,23.84714192483898,1741100
2020-12-02,24.283811569213867,24.50214636016695,23.774360124768272,23.968436351382536,1282367
2020-12-03,24.647705078125,24.76900253268179,24.211033933244387,24.38085006114773,1100733
2020-12-04,25.181419372558594,25.229939596495164,24.57493045478112,24.841785516907965,1209333
2020-12-07,24.890302658081055,25.132897578193262,24.696226413515113,25.060118793683422,977300
2020-12-08,24.744749069213867,24.86604654878047,24.45363388434911,24.6477101601319,1139733
2020-12-09,24.890302658081055,25.2056763627031,24.769003655644067,24.841782440153906,1080800
2020-12-10,24.550678253173828,24.7204944538557,24.28382312182983,24.57493682905325,1229300
2020-12-11,24.671968460083008,24.98734219225851,24.138258355302458,24.16251692400456,1386933
2020-12-14,24.599185943603516,25.2056747473981,24.599185943603516,25.10863586014342,1016233
2020-12-15,24.769006729125977,24.817526953073795,24.45363298537053,24.817526953073795,1081300
2020-12-16,24.866043090820312,24.938821876915625,24.308072911549882,24.938821876915625,1498567
2020-12-17,25.011606216430664,25.011606216430664,24.526414715526677,24.76900969478804,1401700
2020-12-18,24.720489501953125,25.399757253375565,24.47789453746561,25.132902175486834,3266267
2020-12-21,24.793264389038086,24.817524498612663,24.28381442701935,24.574928030009662,980600
2020-12-22,24.599185943603516,24.914559628014846,24.55066727116657,24.841780848169034,817367
2020-12-23,25.181419372558594,25.20567948452688,24.696229472241477,24.79326683535247,832000
2020-12-24,25.326976776123047,25.375495457327045,24.817526767528392,25.108640397133453,887667
2020-12-28,25.424015045166016,25.957723609826363,24.914563506929507,25.399754933980127,1300867
2020-12-29,25.035863876342773,25.472536673953527,24.84178759153173,25.472536673953527,912867
2020-12-30,25.424015045166016,25.763648889863347,25.035860978096903,25.060121089282795,949067
2020-12-31,25.593830108642578,25.787906362738806,25.157158922521308,25.521051320558872,780067
2021-01-04,25.472530364990234,25.78790405689968,25.011599109928486,25.763645491294845,787900
2021-01-05,25.7393856048584,25.957720409085326,25.47253058424252,25.47253058424252,715800
2021-01-06,26.685516357421875,27.243485134380702,26.224584958029233,26.273105189193632,2099833
2021-01-07,26.612733840942383,27.097923745858527,26.612733840942383,27.097923745858527,1243633
2021-01-08,26.418655395507812,26.709770565391445,26.103281656387917,26.709770565391445,1285067
2021-01-11,26.51569366455078,26.685509804783834,26.151799732078633,26.200319951328872,1054300
2021-01-12,26.831069946289062,27.073664896239958,26.539954772443124,26.806811376722617,781500
2021-01-13,26.588470458984375,26.855323932962857,26.345875550432584,26.709766370879457,829567
2021-01-14,27.00088119506836,27.26773775084371,26.612728728745516,26.879585284520864,957467
2021-01-15,26.564208984375,27.04940188944714,26.49143020285226,26.903844326401664,1422033
2021-01-19,26.976627349853516,27.097923281623448,26.564213161454205,26.73403240155152,811367
2021-01-20,26.855323791503906,27.243476260094525,26.63698744952888,27.0251399181195,928800
2021-01-21,26.442914962768555,27.049403823911128,26.418653310684782,26.855326031050282,755533
2021-01-22,26.78254508972168,26.78254508972168,26.200317927501864,26.200317927501864,680767
2021-01-25,26.758296966552734,26.831075775826736,26.370144345345675,26.685518157278736,959433
2021-01-26,26.588470458984375,27.049401710661265,26.467171462327666,26.976622929619566,951800
2021-01-27,25.71512794494629,26.636990550773195,25.71512794494629,26.321616826123144,1587667
2021-01-28,25.98198127746582,26.467171087701853,25.90920249745426,26.07901862256071,1340500
2021-01-29,25.37549591064453,26.442917712868798,25.37549591064453,26.030503516933553,1613567
2021-02-01,25.472530364990234,25.666606601733033,25.06011778351898,25.569569254552047,1075633
2021-02-02,25.618093490600586,25.884947024480635,25.302719730214022,25.763651085357818,1027600
2021-02-03,25.52105140686035,25.812166560179605,25.42401405067458,25.52105140686035,1395900
2021-02-04,26.162155151367188,26.162155151367188,25.521046165155894,25.595020339246215,1434067
2021-02-05,25.669004440307617,26.01421686366159,25.34845060709145,25.644347417884873,1488167
2021-02-08,25.84160614013672,26.112844305207656,25.718316350143517,25.718316350143517,1074667
2021-02-09,26.630661010742188,26.630661010742188,25.890919207776896,25.915577790447266,1035967
2021-02-10,26.359426498413086,26.82792868746243,26.260795283726324,26.82792868746243,1102600
2021-02-11,26.40874481201172,26.679981447951377,26.112848019764876,26.581350229012404,1238667
2021-02-12,26.655323028564453,26.77861439734195,26.384083271425858,26.384083271425858,789533
2021-02-16,26.729293823242188,27.22245296477138,26.704636806794536,26.975873394006786,1992733
2021-02-17,27.321090698242188,27.46903595075144,26.606005778060442,26.63066593300344,1709367
2021-02-18,27.54300880432129,27.690957185060277,27.123823815847214,27.197798006216708,1544433
2021-02-19,28.455358505249023,28.60330689845691,27.567671281431565,27.616985322214287,3086600
2021-02-22,29.836204528808594,29.86086468169064,28.529329301521656,28.726594847430594,1854200
2021-02-23,30.896495819091797,30.921152833067893,29.934831513446582,30.08277986816123,2540567
2021-02-24,31.5869197845459,31.685550973866103,30.87183817497371,31.06910055361412,1813033
2021-02-25,31.833511352539062,32.622567436070916,31.46364033356158,31.80885432975062,3398667
2021-02-26,30.107450485229492,31.636248591855857,30.107450485229492,31.438983005175302,1762600
2021-03-01,30.00881004333496,30.896500300375024,29.934835855248288,30.77320894175407,2074100
2021-03-02,29.589630126953125,30.058132353128816,29.515655926218543,29.934840973427832,1804833
2021-03-03,29.95949935913086,30.600606970635422,29.737576770049316,29.885525162770342,1918033
2021-03-04,29.76223373413086,30.37868432416056,29.540311145468586,30.05813051901389,1602933
2021-03-05,30.181419372558594,30.575947341002745,29.712917214066817,30.329367752653848,1521400
2021-03-08,31.093765258789062,31.660898599770395,30.40334056151945,30.649920138666577,1896867
2021-03-09,30.427997589111328,30.945816896099686,30.255392198591686,30.723894335961816,1694633
2021-03-10,31.217063903808594,31.29103811519752,30.42800773928037,30.452664764599852,1270867
2021-03-11,30.50196647644043,31.069099719084374,30.427992302580012,30.7732030236427,1294267
2021-03-12,30.748546600341797,31.291022840575557,30.47731004793939,31.044443301456386,1571733
2021-03-15,31.019800186157227,31.414328252596434,30.871851769313732,31.093774394578976,1618533
2021-03-16,30.37868309020996,30.92115946198408,30.329369051685767,30.82252824950598,920033
2021-03-17,30.37868309020996,30.82252824950598,30.058129298083852,30.649922843811876,1539433
2021-03-18,30.427997589111328,31.734872797414702,30.329366385304308,30.822525539768836,2259167
2021-03-19,29.95949935913086,30.47731873365446,29.786893946099607,30.230735988832848,3223133
2021-03-22,29.836204528808594,30.058127092170093,29.589624947994537,29.836204528808594,1242200
2021-03-23,29.34304428100586,29.836203424378986,29.170438894368203,29.688255054281175,1190133
2021-03-24,29.19509506225586,30.25539063865938,29.17043804643275,29.638940159647465,1117500
2021-03-25,30.107450485229492,30.280055913931143,28.899206213457663,29.145785845235757,1004233
2021-03-26,30.77322006225586,31.24172237763071,30.477326338411714,30.501983364874402,1295333
2021-03-29,30.37868309020996,31.069107848416085,30.08278631734595,30.773211075552073,1116600
2021-03-30,31.24170684814453,31.463629382288364,30.403337010839927,30.625256409554687,1385733
2021-03-31,31.118431091308594,31.46364197002229,31.0691139077365,31.09377406723771,1124467
2021-04-01,31.315685272216797,31.315685272216797,30.60060354441637,30.89650029672813,955233
2021-04-05,31.118431091308594,31.61159038530825,30.723903029022804,31.4883021295235,819500
2021-04-06,31.044450759887695,31.1923991459896,30.600605601581986,30.94581954762966,980400
2021-04-07,30.921159744262695,31.192399500340755,30.723897317505692,31.044451112558132,952933
2021-04-08,30.77322006225586,30.797880224149175,30.156769317243622,30.62527163261847,1613033
2021-04-09,30.822532653808594,31.266377876526676,30.6745842462359,31.06911228795303,1004767
2021-04-12,31.118431091308594,31.315693554736328,30.797877236665787,31.0691139077365,1127567
2021-04-13,30.822532653808594,31.01979824238224,30.5512928614486,30.94582403859589,1288267
2021-04-14,31.118431091308594,31.315693554736328,30.82253426073667,30.82253426073667,1530233
2021-04-15,31.069108963012695,31.143083158882504,30.64992394337033,31.093769118589183,1391433
2021-04-16,30.945823669433594,31.537614157234557,30.871849466529707,31.340351706444277,1558033
2021-04-19,30.206069946289062,31.069099889097252,30.132095772023852,31.019785863206387,2245633
2021-04-20,29.392358779907227,30.206074828341283,29.343044746045987,30.082783472829348,1849067
2021-04-21,29.564970016479492,29.638944209485857,28.923859298614406,29.293730263646243,2456000
2021-04-22,28.874540328979492,29.54030481690653,28.825223163587825,29.490990786944035,1745800
2021-04-23,29.564970016479492,29.712918402492225,28.578648488204493,28.87454526022996,1831433
2021-04-26,30.896495819091797,31.537603265902582,30.156754045518554,30.280045386257108,6706933
2021-04-27,31.41431999206543,31.611582405698847,30.822526480306102,31.266371614125596,3827800
2021-04-28,30.60060691833496,31.6115855099142,29.984156328194214,31.6115855099142,3573700
2021-04-29,30.304706573486328,31.118422636473518,30.08278401085346,30.945817244013334,2892700
2021-04-30,29.490995407104492,30.181420153606258,29.417021215142526,30.107445961644295,3581667
2021-05-03,29.836204528808594,30.03347007471753,29.36770238463304,29.86086468169064,2470900
2021-05-04,29.441675186157227,29.88552029198175,29.219752633244966,29.836203123969245,2334667
2021-05-05,29.589630126953125,29.688261349455896,29.121127900777438,29.44168172548396,2247433
2021-05-06,29.439559936523438,29.839757465370294,28.8892879367981,29.839757465370294,2622967
2021-05-07,29.68967056274414,29.78971910794142,28.814238636174665,29.13939879343025,1872100
2021-05-10,29.414539337158203,30.18992288326578,29.414539337158203,29.789725436966158,1891300
2021-05-11,28.889280319213867,29.63964929526019,28.789228578018573,29.214440526882584,2823667
2021-05-12,28.038862228393555,29.389529056184035,27.988836353109942,29.2394546108199,2498533
2021-05-13,28.789228439331055,28.96431739533616,27.96382225160772,28.01384494147799,2694633
2021-05-14,29.414539337158203,29.539602430589717,28.76421888448214,28.91429332440532,1326500
2021-05-17,30.264951705932617,30.314977565522398,29.414531175820606,29.414531175820606,2834867
2021-05-18,29.8897762298584,30.415036808715307,29.864764881503678,30.33999958316432,2273167
2021-05-19,29.614635467529297,29.78972122921355,29.3144866300785,29.464561048803898,2974500
2021-05-20,29.614635467529297,29.664661333933143,29.189423554311954,29.514586915207744,2498667
2021-05-21,29.71468162536621,30.014830438630256,29.439547333531426,29.73969296630959,1657667
2021-05-24,29.564607620239258,29.78971923324444,29.364510529003045,29.78971923324444,1687767
2021-05-25,29.16441535949707,29.98982475158533,29.16441535949707,29.63965000993118,1713233
2021-05-26,29.71468162536621,29.73969296630959,29.08937265789475,29.239447064526768,1472067
2021-05-27,30.064855575561523,30.264952659252113,29.86475531138513,29.9898183740561,1746033
2021-05-28,29.939802169799805,30.06486527280915,29.664667795860797,30.039850743915185,1333967
2021-06-01,30.465059280395508,30.565107843117357,30.139899066184654,30.214936283347658,1446267
2021-06-02,30.365005493164062,30.565105785624453,30.06485982520285,30.565105785624453,1810367
2021-06-03,30.23995018005371,30.665158992858505,30.089875733066904,30.36501009888489,2383600
2021-06-04,30.039852142333984,30.289978359996585,29.864766334359743,30.23995248036667,1098800
2021-06-07,30.014841079711914,30.4150385791163,30.014841079711914,30.21494141965761,1188100
2021-06-08,30.264951705932617,30.339988905074435,29.764705831977647,29.989817429403093,1463967
2021-06-09,29.839746475219727,30.114880783505225,29.78972060985597,30.064858098627536,1068667
2021-06-10,29.264461517333984,30.26495660777408,29.239450173731,30.26495660777408,1452333
2021-06-11,29.314489364624023,29.489575142640817,29.13940358660723,29.364515235694434,1058533
2021-06-14,29.014333724975586,29.514582777423424,28.78922212844691,29.28947118089475,1355700
2021-06-15,29.58963394165039,29.86476834693872,28.864272950326118,29.38953359013299,1940200
2021-06-16,29.414539337158203,29.98982575035926,29.289479424213276,29.589628304059637,1860667
2021-06-17,28.48907470703125,29.614632743957436,28.28897762079049,29.614632743957436,2728733
2021-06-18,27.438562393188477,28.339008997975746,27.413551047662096,28.11389734677893,3323467
2021-06-21,28.313993453979492,28.364019323720118,27.613647180042463,27.66367304978309,2329200
2021-06-22,27.813749313354492,28.339009848579582,27.763723440313726,28.313995321815923,1624567
2021-06-23,27.688682556152344,28.063868603082486,27.638659870219083,27.888782841343797,1367733
2021-06-24,28.063871383666992,28.13890860048775,27.61364808274244,27.763722516383957,1068533
2021-06-25,28.41404914855957,28.63915764251054,28.038863024496642,28.038863024496642,1701967
2021-06-28,27.863780975341797,28.26398172752061,27.6886951340683,28.26398172752061,1732300
2021-06-29,27.488584518432617,28.238953406337828,27.388532788989767,27.98883044370276,1648000
2021-06-30,27.56362533569336,27.738711114422916,27.363525031083547,27.388536376477358,1224400
2021-07-01,28.339008331298828,28.53910545177551,27.663673393595673,27.813747824196373,2552567
2021-07-02,27.98883628845215,28.364022400995747,27.938810413284106,28.33901105365507,1603267
2021-07-06,27.638662338256836,28.013845238203388,27.36352481911052,27.96382254780327,1947067
2021-07-07,27.838760375976562,28.08888337765872,27.11340271695234,27.38853706465676,4018733
2021-07-08,27.438562393188477,28.01384560370048,27.288487959057264,27.513599610254083,4666833
2021-07-09,28.339008331298828,28.58913132213787,27.86377051407235,27.888785039496724,3942200
2021-07-12,28.889280319213867,28.939303009325116,27.81374795501243,28.03885960197225,3917000
2021-07-13,28.01384925842285,28.76422152697343,27.738714880278888,28.739210178184035,4227000
2021-07-14,28.038862228393555,28.389033813918726,27.7887392129489,27.988836353109942,2488900
2021-07-15,28.58912467956543,28.614136018692133,27.63865562692305,27.7637155030422,2415367
2021-07-16,27.913801193237305,28.83925928121122,27.763726736782782,28.76422205298396,2161267
2021-07-19,27.313499450683594,27.63866284669816,26.96332788949534,27.463573885617556,3246500
2021-07-20,27.93880844116211,28.339009053284038,27.213450795103235,27.38853657510254,3068133
2021-07-21,27.93880844116211,28.364020398859235,27.91379709558691,28.138908747223073,2938867
2021-07-22,27.613649368286133,27.938809596151657,27.338515014125534,27.863772375837566,2355433
2021-07-23,27.53860855102539,28.038857681274976,27.513597207683077,27.81374604973559,1379833
2021-07-26,27.88878631591797,28.138909318204703,27.538611568327312,27.538611568327312,1678267
2021-07-27,27.513601303100586,27.963824633195394,27.33851551267038,27.513601303100586,1782900
2021-07-28,30.1649112701416,30.61513458593155,28.263972621899452,28.514095626065014,6476600
2021-07-29,29.664663314819336,30.590118051442573,29.5646115753306,30.515080837069195,3685367
2021-07-30,29.464567184448242,29.889776005724112,29.289481386304463,29.639652982592025,1947867
2021-08-02,29.539596557617188,29.989819787874723,29.389522147531345,29.514585216098197,2262300
2021-08-03,30.28997230529785,30.390020864071882,29.239451306468354,29.53960016327678,2205900
2021-08-04,30.139902114868164,30.565110934811194,29.76471599110267,29.88977591203331,1668767
2021-08-05,30.698043823242188,31.02785700798304,30.317488907772542,30.444341621595264,2023433
2021-08-06,30.901010513305664,31.078601749060574,30.72341927755075,31.00249075859435,1748067
2021-08-09,31.00248908996582,31.180080316162346,30.571195651203023,30.77415613085658,2164767
2021-08-10,31.40842056274414,31.43378982208742,30.74879401182364,30.97712702391137,1583600
2021-08-11,31.890438079833984,31.915810551041453,31.154700934769537,31.433772310070832,1978367
2021-08-12,32.19488525390625,32.245626975568086,31.738219436943535,31.96655234542489,1718833
2021-08-13,31.991933822631836,32.37248555120015,31.94119208668993,32.37248555120015,1182500
2021-08-16,32.04267501831055,32.24563875309123,31.53527052035754,31.814342026431955,1902067
2021-08-17,31.966564178466797,32.37248842402838,31.61138167335009,31.788972925908443,1942333
2021-08-18,31.180072784423828,32.01729343225525,30.74877944984259,31.8650714962859,2761667
2021-08-19,30.64730453491211,31.10396719580107,30.266749629172608,31.02785621465317,2067500
2021-08-20,31.230815887451172,31.2815576103529,30.495078648365247,30.57118961971883,1236167
2021-08-23,31.433778762817383,31.535262216484636,31.15470733022812,31.28156003431305,1043133
2021-08-24,31.712860107421875,31.788971100719646,31.33230514093302,31.509896383294834,1391400
2021-08-25,31.712860107421875,32.19489532297477,31.636749114124104,31.915823831548913,1147033
2021-08-26,31.230815887451172,31.763592686926227,31.20544663899932,31.763592686926227,1249067
2021-08-27,31.788965225219727,31.890445455527352,31.20544986845293,31.332299349837875,1656567
2021-08-30,31.433778762817383,31.915817102741148,31.28156003431305,31.915817102741148,1060733
2021-08-31,31.763595581054688,31.966556039158217,31.433779191139394,31.484520918664433,1344867
2021-09-01,31.611379623413086,32.04267309822899,31.306935652484718,31.788970864454992,1737200
2021-09-02,31.839710235595703,31.966559730057032,31.43378282052312,31.636746528059412,1504267
2021-09-03,31.712860107421875,32.01730408061296,31.586007376592605,31.839712838251142,1600600
2021-09-07,31.611379623413086,32.118784090961086,31.586007141836436,31.66211813456853,1567900
2021-09-08,31.180072784423828,31.66210783966081,31.103961816439153,31.50988590369146,1612133
2021-09-09,31.383039474487305,31.94118555165854,30.926373622438604,31.20544827402332,2204333
2021-09-10,31.332304000854492,31.763600689181388,31.281565491168156,31.484525981911183,1713267
2021-09-13,32.423213958740234,32.423213958740234,31.35766374997303,31.56062415831082,2025633
2021-09-14,32.09341049194336,32.524703908389114,31.81433581436196,32.423223673813375,2030200
2021-09-15,32.651554107666016,32.70229260804891,32.04266629508539,32.220257498421994,1308767
2021-09-16,32.16952896118164,33.03211922082207,32.144156477133905,32.77841373634017,1494133
2021-09-17,32.27100372314453,32.448594951236046,32.11878174878075,32.22026198969037,3229200
2021-09-20,31.763595581054688,31.81433408258141,31.205449482272495,31.484520918664433,1931200
2021-09-21,31.687484741210938,31.99192865569469,31.459151805348124,31.865075949327014,1266200
2021-09-22,31.58599853515625,32.16951706243579,31.560629286491242,31.966553395121586,1714000
2021-09-23,32.14414596557617,32.44858986659791,31.585999889035723,31.611372364786327,1750733
2021-09-24,32.19488525390625,32.423218162387606,32.04266331491868,32.11877428441246,1186667
2021-09-27,33.31118392944336,33.56488613607611,32.52470483068282,32.5500773095451,1513567
2021-09-28,32.95600509643555,33.641000806800946,32.95600509643555,33.463409565298726,1680733
2021-09-29,32.87989044189453,33.2350728853447,32.72766847298772,33.10822339525474,1833167
2021-09-30,32.651554107666016,33.26044192024664,32.57544313109344,32.9052562875752,1775200
2021-10-01,33.996185302734375,34.07229629294792,32.77840945931777,32.80378194005483,2215500
2021-10-04,34.19914627075195,34.478220980769414,33.74248354908527,33.970813296919175,2431767
2021-10-05,34.072296142578125,34.55433133647024,33.94544341744912,34.503589601218884,1945633
2021-10-06,34.02155685424805,34.02155685424805,33.05748639712528,33.84396560709365,2642133
2021-10-07,34.4274787902832,34.605070025587814,34.14840730994721,34.249887554978585,1262067
2021-10-08,34.68117141723633,34.88413507712414,34.22450882798513,34.35135829266682,967400
2021-10-11,34.73191833496094,35.16321496699974,34.73191833496094,34.833398567088366,1073967
2021-10-12,34.884132385253906,35.06172355770303,34.57968853191388,34.757279704363,1040667
2021-10-13,35.0109977722168,35.087108763173745,34.3513681085903,34.8587757903029,1737633
2021-10-14,35.315433502197266,35.340805979584246,34.985620330152074,35.264694999420094,1284133
2021-10-15,35.137840270996094,35.87357755296546,35.087101771135025,35.74672807731458,1678400
2021-10-18,35.391544342041016,35.82284096992734,35.16321462845223,35.26469485960262,1595133
2021-10-19,35.79747009277344,35.822839342909205,35.08710205498777,35.61987566382834,1581467
2021-10-20,35.7721061706543,35.89895890366331,35.46766219223187,35.59451492524088,1280467
2021-10-21,35.79747009277344,35.89895031931475,35.18858228152908,35.670617390098116,1407033
2021-10-22,35.59449768066406,36.35560725798302,35.56912843675258,35.79746130994827,1578467
2021-10-25,35.442283630371094,35.87357700256396,35.34080340620774,35.82283850348137,1574633
2021-10-26,35.36618423461914,35.59451723324141,35.087112720302514,35.41692597631272,2360867
2021-10-27,32.52470016479492,33.79321424198036,31.205447589160872,33.61562304541395,7357667
2021-10-28,32.09341049194336,32.65155662110765,31.33230066762909,32.524703908389114,4036567
2021-10-29,31.535261154174805,32.4485896244254,31.30692823011261,32.220256700363215,2919000
2021-11-01,31.91581916809082,32.16952136668009,31.63674449144369,31.763597203737564,2181933
2021-11-02,31.535261154174805,32.04266550142534,31.408408454363087,32.01729625186226,2104600
2021-11-03,32.32174301147461,32.55007595574701,31.205450767919615,31.256189271536737,2387300
2021-11-04,31.833192825317383,32.39888756825283,31.730340127409573,32.32174722741489,1488733
2021-11-05,31.85890007019043,32.604591001843616,31.80747536430248,32.244601712489015,1652033
2021-11-08,32.32173538208008,32.32173538208008,31.781756463735388,32.01317413181047,1721567
2021-11-09,32.398887634277344,32.60459630014049,31.9617612150571,32.32174729328221,1239067
2021-11-10,31.96175765991211,32.630305027754446,31.85890170360717,32.527452341077456,1545000
2021-11-11,32.373172760009766,32.65601847524733,31.7303377249094,31.858902770152632,999233
2021-11-12,31.96175765991211,32.50173671718724,31.756049016930184,32.32174369809553,1398900
2021-11-15,32.16745376586914,32.39887469644129,32.0388887619693,32.06460110882386,933733
2021-11-16,32.03889083862305,32.29602413271628,31.93603490528397,32.21888381752559,1291767
2021-11-17,32.090328216552734,32.141756203544674,31.39606837511842,31.884622807842018,1492667
2021-11-18,31.884611129760742,32.19317239944146,31.678902526764492,31.987463796445205,1493367
2021-11-19,31.807477951049805,31.936042995853043,31.39606392234895,31.49891661211715,1213433
2021-11-22,32.29602813720703,32.52744911147376,32.03889481123099,32.244600164160765,1346200
2021-11-23,32.4503173828125,32.73316313542374,32.37317703762243,32.47602974133302,1347633
2021-11-24,32.810298919677734,32.91315487871889,32.218891868517304,32.476025226864095,1356267
2021-11-26,31.884611129760742,32.013176145709494,31.42176922523967,31.96175144718092,1603233
2021-11-29,31.396060943603516,32.32174160294817,31.164639961360415,32.24460127553381,1640233
2021-11-30,30.804649353027344,31.26749129762251,30.624656353338427,31.06178594644306,3085700
2021-12-01,30.290388107299805,31.627486206928573,30.290388107299805,31.241784517648334,2391533
2021-12-02,31.318918228149414,31.601763894016862,30.444662340657068,30.650367684992034,2423367
2021-12-03,30.958921432495117,31.47319120736068,30.701788179875685,31.31891060186368,2012233
2021-12-06,31.576051712036133,32.064605994475514,31.11320978036908,31.37034309697494,1404500
2021-12-07,31.524621963500977,31.83318323388228,31.370341328310325,31.704618217641624,1391933
2021-12-08,31.653194427490234,31.78176273032883,31.267492788602212,31.62748207477362,1638000
2021-12-09,31.498905181884766,31.65318579536619,31.267484261662634,31.627473449661576,1579800
2021-12-10,31.70462417602539,31.83318921642782,31.13892949722206,31.550343511840126,2362300
2021-12-13,31.03607177734375,31.756047079410983,30.984647071956793,31.47320139089944,2185200
2021-12-14,30.547515869140625,31.49891210483525,30.41895084273418,31.01035781131005,3582433
2021-12-15,30.187530517578125,30.70179717346296,30.00753424535354,30.598944496211526,2467767
2021-12-16,30.521806716918945,30.933220729871476,30.23895774384837,30.521806716918945,2177200
2021-12-17,30.058963775634766,30.521805751679654,29.776118081137,30.44466542233884,2903433
2021-12-20,29.6989803314209,29.853261003503196,29.26185067064501,29.673264706321774,2200933
2021-12-21,30.521806716918945,30.54751907096975,29.904684062676186,29.904684062676186,1687167
2021-12-22,30.753223419189453,30.95892876213582,30.316093843580347,30.44466213514243,1158900
2021-12-23,30.984643936157227,31.113208956240964,30.856075646446065,30.856075646446065,742133
2021-12-27,31.42177391052246,31.47320188634675,30.80465127914223,31.087500241734105,882300
2021-12-28,31.498905181884766,31.65318579536619,31.241771915958022,31.267484261662634,1008633
2021-12-29,31.396060943603516,31.60176630362333,31.24178028877478,31.576053951027788,949700
2021-12-30,31.396060943603516,31.678906631037698,31.26749264137032,31.47320127101788,940000
2021-12-31,31.396060943603516,31.678906631037698,31.164639961360415,31.26749264137032,971567
2022-01-03,31.93604278564453,32.090323454095355,31.473204049920085,31.73033740746212,2597333
2022-01-04,32.373172760009766,32.78458679011863,32.14175175501827,32.14175175501827,3319633
2022-01-05,32.4503173828125,33.247433193233675,32.4503173828125,32.604598073192626,3110167
2022-01-06,33.453125,33.60740562765602,32.60458481751907,32.93885842089805,2375167
2022-01-07,33.761695861816406,33.838836197593814,33.01600812905352,33.45313451870677,2292900
2022-01-10,33.73597717285156,34.19881910062222,33.29884759563678,33.915970165997656,2113633
2022-01-11,33.941688537597656,34.07025685243922,33.3759938376253,33.86454820261833,2136200
2022-01-12,34.14739227294922,34.3016729207039,33.91597130131719,33.94168365273377,1816333
2022-01-13,34.19881820678711,34.89307781067014,34.12167788750817,34.301670875949895,2066533
2022-01-14,34.09596633911133,34.22453464313662,33.735980319244966,33.94168568213209,1790700
2022-01-18,33.684547424316406,34.533090913778366,33.58169475789376,34.12167697846046,1722767
2022-01-19,32.70744705200195,33.813124117262895,32.68173469640969,33.813124117262895,1702833
2022-01-20,32.03889083862305,32.964571351284135,31.93603490528397,32.784578372381596,2129167
2022-01-21,31.11320686340332,31.910322358888532,31.03606654869097,31.75604172946383,2165433
2022-01-24,31.498905181884766,31.627473449661576,30.238947928328777,30.59893711632772,3219533
2022-01-25,31.344633102416992,31.653194413389958,30.67608577506074,31.26749277467375,1930367
2022-01-26,30.881792068481445,32.42459866993372,30.547518394709403,32.14174970312485,4165133
2022-01-27,30.084674835205078,31.216064103801077,29.621836148690488,31.087499073513346,3816567
2022-01-28,30.187530517578125,30.21324286948407,29.364699290683667,29.904681568102106,2714767
2022-01-31,29.9818172454834,30.00752959340326,29.441835051776295,29.930389280016527,3195100
2022-02-01,30.23895835876465,30.41895464966434,29.54469862825154,29.90468467079493,3650900
2022-02-02,29.647554397583008,30.367529827128195,29.493273714849874,30.110396445782413,3068667
2022-02-03,29.46755599975586,30.007535021513466,29.338987697645337,29.724689334349158,3822733
2022-02-04,29.832965850830078,30.093971005555797,29.258753182889244,29.571960696104355,2727600
2022-02-07,30.01565933227539,30.224465379232885,29.702451921268903,29.93735747952377,1944367
2022-02-08,30.276676177978516,30.40718042294418,29.911269602251956,30.35497806118575,2325600
2022-02-09,30.537668228149414,30.746474266606132,30.146162299189577,30.27666316922306,2418300
2022-02-10,30.01565933227539,30.77257502963471,29.83295611547478,30.407168596033493,2483967
2022-02-11,30.276676177978516,30.485482306151415,29.806864878735098,29.885166761942333,2403433
2022-02-14,29.91126251220703,30.56377694464434,29.80685781343784,30.35497086596599,2177867
2022-02-15,30.642080307006836,30.850883077030968,30.120066744226133,30.14616957962429,1929100
2022-02-16,30.903085708618164,31.007487094574987,30.407174976747974,30.511576362704798,1686133
2022-02-17,30.276676177978516,30.74648747722193,30.250576656529706,30.64208607256589,2341700
2022-02-18,30.224470138549805,30.66817849477148,30.146168273468327,30.276669169364094,2455367
2022-02-22,29.937362670898438,30.32887200254735,29.75465942241565,30.093966403558003,1419133
2022-02-23,29.493661880493164,30.30278026736612,29.467559039107584,30.120073653110875,1523300
2022-02-24,29.232654571533203,29.36315882719852,28.39743662808622,28.841148442259424,3637067
2022-02-25,30.146175384521484,30.172274906085132,29.36315654900372,29.441458432555496,2692367
2022-02-28,30.12006950378418,30.38107464965736,29.545856855318988,29.571959693108653,2042333
2022-03-01,29.12824821472168,29.98956885443653,28.893342585708538,29.91126697809882,3383967
2022-03-02,30.407180786132812,30.4854826702753,29.284854886377445,29.44145865466242,2519833
2022-03-03,30.35496711730957,30.615972194279923,30.093962040339214,30.589872682240774,1903100
2022-03-04,29.571958541870117,29.832963677582345,29.10214730627188,29.75466180498264,2243933
2022-03-07,29.049943923950195,29.93736400906779,29.023844406960347,29.519755142928965,3518867
2022-03-08,29.18045425415039,29.806866025037802,29.07604952661837,29.310955185274004,3486733
2022-03-09,29.519756317138672,29.806860972027938,29.20654882536101,29.78076145399993,2503833
2022-03-10,28.919448852539062,29.28485543953218,28.632340832306543,29.128251668289153,2235700
2022-03-11,28.945541381835938,29.545853480664125,28.86723951513138,28.945541381835938,2355267
2022-03-14,28.632333755493164,29.31094771724502,28.3452291250828,29.31094771724502,2338867
2022-03-15,28.815040588378906,28.919445302297824,28.423531208334254,28.6062377982621,2196367
2022-03-16,29.571958541870117,29.676359932382937,28.89334120638588,29.10214730627188,2430933
2022-03-17,28.945541381835938,29.38924974725501,28.86723951513138,29.206546497897754,2124533
2022-03-18,29.049943923950195,29.15434531076984,28.397429448321986,28.736736444631017,3812133
2022-03-21,28.423526763916016,29.441450992865345,28.319125385182236,29.12824353780401,2197533
2022-03-22,28.76283836364746,29.07604251412281,28.345229510820182,28.632334145137623,2868667
2022-03-23,28.240829467773438,28.76284310907691,28.214729947309504,28.684541228824425,3407467
2022-03-24,28.266931533813477,28.4757343295342,28.005923060871673,28.423531971173716,3200733
2022-03-25,28.632333755493164,28.632333755493164,28.188625392546204,28.371328640885533,2336967
2022-03-28,28.52793312072754,28.58013215370039,28.005919558977737,28.58013215370039,2426333
2022-03-29,29.076047897338867,29.18045261902056,28.762843688876064,28.89334461268704,2091400
2022-03-30,28.632333755493164,29.180446819371255,28.31912629041997,29.02384308683466,2120867
2022-03-31,27.979825973510742,28.81504386672339,27.979825973510742,28.580138211970915,2125533
2022-04-01,27.640512466430664,28.240824564906227,27.327304999796418,28.13642318231485,2805167
2022-04-04,27.718820571899414,27.87542434046411,27.092405497640623,27.640518687617064,2046267
2022-04-05,27.2229061126709,27.901520140012128,27.092401883323546,27.61441382242233,1764600
2022-04-06,26.753097534179688,27.353411406904225,26.64869447218962,27.170706463279203,2584633
2022-04-07,26.518190383911133,26.80529671379762,26.152782176834666,26.700895317164505,2847500
2022-04-08,26.1005802154541,26.596490974038897,26.04837951966365,26.38768653144689,2374667
2022-04-11,26.178882598876953,26.59649149219691,25.917877455409542,26.048380027143246,2007667
2022-04-12,25.839576721191406,26.5703931464789,25.735173663537346,26.25718563294703,2241833
2022-04-13,26.335487365722656,26.4137892436727,25.604670944475803,25.761274700375886,1927433
2022-04-14,26.20498275756836,26.59649045753903,26.0744785314813,26.33548532422525,1296600
2022-04-18,26.283283233642578,26.439886978973664,26.10057997037643,26.126681147741674,1668733
2022-04-19,26.961902618408203,27.066305682797815,26.46599179627597,26.46599179627597,1538900
2022-04-20,27.666616439819336,27.90152207764141,27.118504944331487,27.118504944331487,2338633
2022-04-21,26.987998962402344,27.97982042890626,26.88359591672451,27.823216690104566,2360867
2022-04-22,26.257183074951172,26.987999429041952,26.20498238092473,26.88359638155892,2668100
2022-04-25,26.283283233642578,26.335485588373064,25.526367343782564,26.10057997037643,2999367
2022-04-26,25.44806480407715,26.231081850778107,25.44806480407715,25.91787602775581,3509933
2022-04-27,25.578571319580078,26.28328660452078,25.134861204045446,25.709073904283112,5493700
2022-04-28,25.030458450317383,25.76127487656244,24.79555281486069,25.73517369725715,4523733
2022-04-29,24.116933822631836,25.317561357238684,24.038631954747473,25.108756929357078,4168533
2022-05-02,24.63895034790039,24.899957176327792,24.169140711819697,24.22134141373302,4239033
2022-05-03,24.717248916625977,25.08265709988948,23.777628111009843,24.247439343532996,4597533
2022-05-04,25.056560516357422,25.160963584757372,24.35184519780681,24.691152266103312,3087100
2022-05-05,24.74335289001465,25.004358053514384,24.377944665456802,24.899956651886633,3482900
2022-05-06,24.583885192871094,24.902811811762852,24.185226919256394,24.716770720832272,2897133
2022-05-09,24.185230255126953,24.530734703158867,23.946036947697348,24.291539705997863,3327667
2022-05-10,23.8397274017334,24.371271274504913,23.201875768246413,24.291539609102617,4810233
2022-05-11,23.680261611938477,24.4775764934358,23.653685519385004,23.999188240429895,3511767
2022-05-12,24.37126922607422,24.424423101964315,23.54737654598712,23.65368598749856,3767800
2022-05-13,24.238380432128906,24.690192540767303,24.052339356933793,24.450997596829737,2773733
2022-05-16,24.26496124267578,24.557310112235804,24.185229579183837,24.291539027083548,2302367
2022-05-17,25.434354782104492,25.487510346868078,24.66361768007593,24.743349337490088,2829067
2022-05-18,25.48751449584961,25.514090592826367,24.955970589805,25.221741697961555,3290233
2022-05-19,25.939327239990234,26.311407812542217,25.24831997961326,25.30147386434025,4806167
2022-05-20,25.11543083190918,26.178516823105873,24.610464774874337,26.072209068851848,3214267
2022-05-23,25.248313903808594,25.593816605988856,24.955965073564265,25.514084953219392,2409633
2022-05-24,25.779863357543945,25.912748911451242,24.90281667407799,25.24831945218326,2747500
2022-05-25,25.72670555114746,26.15193993470414,25.487510576747617,25.779859426659236,2422467
2022-05-26,26.337980270385742,26.470865808705483,25.833014210931946,25.91274587187005,2396400
2022-05-27,26.337980270385742,26.444289714880313,25.939323655426517,26.258248609447637,1756067
2022-05-31,26.524023056030273,26.816371934745586,25.93932529859965,26.33798193881249,2158133
2022-06-01,26.3114070892334,26.603755981792368,25.80643928414837,26.52402431202797,2399233
2022-06-02,26.949262619018555,26.949262619018555,26.12536970655664,26.31141085924081,2042633
2022-06-03,25.64697265625,26.603750817979794,25.514085439281878,26.178514765197875,2986367
2022-06-06,26.019054412841797,26.497442672126883,25.85959109650302,26.0456305057441,2295667
2022-06-07,25.965900421142578,26.098785962900852,25.67355155338184,25.912746542385538,1140800
2022-06-08,25.567241668701172,25.779858855771156,25.301468917565288,25.70012719940351,1453933
2022-06-09,24.90281105041504,25.62039423125183,24.90281105041504,25.514084798294363,1738500
2022-06-10,24.50415802001953,24.849660793858142,24.211809129141134,24.58388968932559,2081867
2022-06-13,24.02576446533203,24.42442103537363,23.89287725225373,24.105494427555467,3181833
2022-06-14,24.185230255126953,24.318117491148442,23.653688069966588,23.653688069966588,3030167
2022-06-15,24.158653259277344,24.663619330197662,23.892880486871526,24.344692679203213,2534133
2022-06-16,23.148719787597656,23.839726978918243,22.989258149352622,23.759995314930045,3528833
2022-06-17,22.989259719848633,23.494225833116065,22.590601372673568,23.175299155376013,3945100
2022-06-21,23.015832901000977,23.49422285701154,22.98925680771012,23.46764507398942,2820967
2022-06-22,23.04241180419922,23.17529734630734,22.69690905677183,22.75006293566881,1965267
2022-06-23,23.22844886779785,23.22844886779785,22.670328971693614,22.98925559217099,2232100
2022-06-24,24.238380432128906,24.34468816961381,23.148715139657,23.255024566872926,2881267
2022-06-27,24.185230255126953,24.477579132857713,23.972613043116528,24.318117491148442,1427800
2022-06-28,24.02576446533203,24.66361599123725,23.99918668477015,24.477574906766286,1457633
2022-06-29,24.078922271728516,24.23838560169727,23.919458941759764,24.158653936712895,1356800
2022-06-30,24.26496124267578,24.663619560135515,23.520800176571846,23.68026350355574,2718000
2022-07-01,24.690196990966797,24.743350869289785,23.680263164442035,23.999189813842627,1736500
2022-07-05,25.14200210571289,25.22173375098395,24.10549240692007,24.39784289940127,1614667
2022-07-06,24.557310104370117,25.115431748634975,24.344692898370145,25.035700085168568,1867567
2022-07-07,24.955968856811523,25.03570052166806,24.663619982248015,24.74335164710455,1966200
2022-07-08,24.637042999267578,25.035701336525722,24.47757966436432,24.796506334170836,1224133
2022-07-11,24.318115234375,24.61046408497516,24.238383576053938,24.424422985648928,1033667
2022-07-12,24.663616180419922,24.90281113811829,23.972609088090557,24.15865017398855,1402300
2022-07-13,24.26496124267578,24.63704177572775,24.10549791569189,24.504156233151623,1714167
2022-07-14,24.185230255126953,24.185230255126953,23.733419735686923,23.972613043116528,1477800
2022-07-15,24.876235961914062,24.92938983927969,24.211806580784167,24.45100156352644,1253100
2022-07-18,24.743349075317383,25.24831510710244,24.663617418748036,24.955966262925237,1584867
2022-07-19,25.540666580200195,25.593820460140527,24.929391046826545,24.982546616498258,1182200
2022-07-20,25.407779693603516,25.593819108434932,25.088853051342475,25.540665231301855,1313767
2022-07-21,25.274898529052734,25.434360188042554,24.90281794527999,25.354630203413436,1343467
2022-07-22,25.03569984436035,25.43435646812653,24.87623651896135,25.115431507059856,1798300
2022-07-25,25.328046798706055,25.59381786115069,25.088851828667156,25.24831514202642,1519567
2022-07-26,24.955968856811523,25.381203276225467,24.902814976817623,25.03570052166806,2414367
2022-07-27,26.949262619018555,27.215033763159685,25.24832290321284,25.43436236616529,3978633
2022-07-28,28.17180633544922,28.304693569363288,26.949256963344492,27.055566412529473,3238933
2022-07-29,28.22496223449707,28.464157230657882,27.879457787909875,28.171806664418185,2672767
2022-08-01,28.278118133544922,28.597043128128497,27.932615352024584,28.17180867552939,1937667
2022-08-02,27.40106773376465,28.251536523885722,27.40106773376465,28.198382646935976,2293333
2022-08-03,27.40106773376465,27.77314825187544,27.18845053623438,27.666838808244663,2992233
2022-08-04,27.427644729614258,27.71999528678303,27.374490850916,27.533954176742114,1408100
2022-08-05,27.535736083984375,27.616803158695472,26.833157060531356,27.427647796391152,1800033
2022-08-08,27.860002517700195,28.076180796446625,27.616801309848366,27.616801309848366,1244367
2022-08-09,27.860002517700195,27.860002517700195,27.535734240564427,27.778935448416252,1090167
2022-08-10,28.5896053314209,28.85982947696225,28.10320461829814,28.13022583022967,1763367
2022-08-11,28.77876091003418,29.021962112977302,28.697693842386474,28.75173798147421,1189933
2022-08-12,29.103029251098633,29.13005046169183,28.751738051097174,28.994937536597003,1085400
2022-08-15,29.18409538269043,29.265162447933736,28.832802475926556,29.048982461930148,1183700
2022-08-16,29.589433670043945,29.778592487217118,29.15707704062607,29.2111229078277,1303767
2022-08-17,29.34623146057129,29.45431974271359,28.88685024835358,29.157072671741595,1221233
2022-08-18,29.427295684814453,29.589429829309125,29.103030831889708,29.454320332939968,1083500
2022-08-19,29.021963119506836,29.373252612808727,28.967917260512493,29.18409726042533,1627267
2022-08-22,28.265336990356445,28.64364941897073,28.238315778476185,28.64364941897073,920600
2022-08-23,27.995113372802734,28.508536993080664,27.968090444039394,28.40044871409174,961333
2022-08-24,27.941068649291992,28.346402264076616,27.805957444363788,27.99511278765684,1412167
2022-08-25,28.076183319091797,28.238317472227436,27.80596087588733,27.968093310990575,887967
2022-08-26,27.238492965698242,28.23831915768977,27.21147003255192,28.103207928023146,1162233
2022-08-29,26.779109954833984,27.10337823861636,26.72506581354768,27.022311167670768,1313067
2022-08-30,26.698040008544922,26.860174132974482,26.508884675398498,26.80612999750866,1085767
2022-08-31,26.45484161376953,26.83315401345067,26.42781868592368,26.806131085604815,1371767
2022-09-01,26.373779296875,26.535911739045655,25.887376816265622,26.31973343145231,1639867
2022-09-02,26.373779296875,26.995291286943687,26.292712216773435,26.616978819147217,1276767
2022-09-06,25.400972366333008,26.508886676179664,25.238838229666236,26.508886676179664,2103500
2022-09-07,26.10354995727539,26.10354995727539,25.265858107382282,25.42799223549477,1410700
2022-09-08,26.481863021850586,26.508885949898758,25.69821700680753,25.887372349048206,1333467
2022-09-09,26.83315086364746,26.88719499496305,26.616970902321196,26.67101675166874,1121000
2022-09-12,27.103378295898438,27.373600720933343,26.88720001226406,27.049334154497913,1121400
2022-09-13,25.968441009521484,26.94124414456371,25.8063068673424,26.8061329320919,2178400
2022-09-14,25.887374877929688,26.184620243368133,25.617152443179226,26.02248609530492,1796233
2022-09-15,25.94141960144043,26.45484498780056,25.806308381043504,25.887375456888133,2117800
2022-09-16,25.644174575805664,25.995465815222456,25.31990798607869,25.61715336218065,4519067
2022-09-19,25.779285430908203,26.02248492402419,25.346927149522777,25.40097300846612,1493433
2022-09-20,25.536083221435547,25.69821735586247,25.265859091379944,25.56310443181857,1781300
2022-09-21,25.292882919311523,26.07653069090058,25.265859989935258,25.80630655123472,2017800
2022-09-22,24.374126434326172,25.455019667675522,24.2660381418107,25.319908443014963,2870800
2022-09-23,24.07687759399414,24.130923450520125,23.563453983222594,24.022833455500344,3393667
2022-09-26,23.455366134643555,24.347102167223476,23.37429906640609,23.9687897547927,3048233
2022-09-27,23.266210556030273,23.752612996534257,22.941942262360953,23.617500062150487,1961867
2022-09-28,23.860700607299805,24.04985767926577,23.320254039152836,23.455366969713786,2249533
2022-09-29,23.239185333251953,23.563453594935705,22.968962927203595,23.509409457332467,1847800
2022-09-30,23.05003547668457,23.563459201149414,23.02301254243758,23.347280881271196,2444067
2022-10-03,23.968791961669922,23.995813174882187,22.887898764337486,23.32025535605751,2874267
2022-10-04,24.806480407714844,24.887545753867304,24.320078022607273,24.347100950012848,1938633
2022-10-05,24.347105026245117,24.509237463726652,23.75261426804889,24.293059162385518,2619400
2022-10-06,23.67154312133789,24.509233250780216,22.941939546938265,24.07687672241667,6308633
2022-10-07,22.833850860595703,23.401318579048297,22.80682793380002,23.401318579048297,3649300
2022-10-10,22.75278663635254,23.509411500689758,22.75278663635254,23.0230090658877,2418333
2022-10-11,22.887895584106445,23.18514091436632,22.590650253846576,22.698740245773863,2703700
2022-10-12,22.644695281982422,22.88789648486597,22.563628214354573,22.860873556312615,1848333
2022-10-13,23.266210556030273,23.482388845799044,22.077229103285866,22.347451535988746,2609667
2022-10-14,23.077054977416992,23.725589840559536,22.91492083212328,23.293233265131175,2538433
2022-10-17,23.698564529418945,23.80665452143276,23.428342126432625,23.428342126432625,2450967
2022-10-18,23.509410858154297,24.347102772063575,23.18514257714883,24.157945702132967,4031800
2022-10-19,23.131099700927734,23.563456287217587,22.86087554597231,23.23918798848402,2943067
2022-10-20,22.4014949798584,23.37429803786965,22.23936085051783,23.18514098096161,4169533
2022-10-21,22.941938400268555,23.023005460038892,22.347447773974107,22.50958189351478,2720567
2022-10-24,23.590478897094727,23.698567183180106,22.995988169528143,23.023009382033322,2447500
2022-10-25,24.184967041015625,24.239011178284855,23.347275182197873,23.509409312037715,2815300
2022-10-26,23.4283447265625,24.374124960011567,22.96896521607708,23.50941180006183,6739467
2022-10-27,23.64452362060547,24.293058507136134,23.563456545035088,23.725590696175846,4606200
2022-10-28,25.02265739440918,26.238659858986022,24.617322094195536,24.887544482316603,16985933
2022-10-31,25.15777015686035,25.752260822214186,24.887546033860875,24.914568961570467,8492933
2022-11-01,25.15777015686035,25.59012669202093,24.887546033860875,25.5090596269243,10127133
2022-11-02,24.482213973999023,25.319905887595585,24.428169833195707,25.076704676932273,7941600
2022-11-03,24.02283477783203,24.374124274426652,23.806656493925168,24.320080132958005,7714900
2022-11-04,24.491165161132812,24.794205379037802,24.050379708093864,24.188124943227823,6738167
2022-11-07,24.5462703704834,24.794212920050196,23.967739506353766,24.656467643021827,3857933
2022-11-08,24.71156120300293,25.097248964038048,24.353423193301012,24.518718198248337,3086800
2022-11-09,23.995283126831055,24.573815636787227,23.85753787496917,24.573815636787227,2593733
2022-11-10,26.640005111694336,26.695102873390066,24.62891841877441,24.62891841877441,6295533
2022-11-11,27.714414596557617,28.210297838541155,26.750194359686866,26.750194359686866,5901400
2022-11-14,27.053232192993164,27.714412125384488,26.88793896142103,27.576666889978195,3454600
2022-11-15,27.273632049560547,28.04500762177415,27.1634347885903,27.604220329419206,3704333
2022-11-16,26.640005111694336,27.273635501537157,26.529807836776612,27.273635501537157,2074567
2022-11-17,26.061466217041016,26.447153959224643,25.841073471725494,26.226761213909118,2681267
2022-11-18,25.785974502563477,26.58489969909604,25.5655817676814,26.447152707209703,2560867
2022-11-21,25.84107780456543,25.8686275591714,25.620685022296083,25.675782779981883,1554900
2022-11-22,25.978822708129883,26.116567966877692,25.758428192302194,25.923723203409963,1610067
2022-11-23,26.061466217041016,26.08901596702765,25.75842597329144,26.006368468593596,1684233
2022-11-25,26.061466217041016,26.226761213909118,25.978820470132806,26.061466217041016,935133
2022-11-28,25.565584182739258,25.923722191813486,25.427838929366548,25.703329436111968,2781300
2022-11-29,25.51048469543457,25.675777937316294,25.234992455913414,25.53803269331862,4248700
2022-11-30,25.7584285736084,25.89617558592129,24.849307750583797,25.372740792489534,24533300
2022-12-01,25.317644119262695,25.951274447762536,25.09725134229016,25.64823416048454,5046000
2022-12-02,24.931955337524414,25.20744761150997,24.794210076294647,25.069700598754178,4185833
2022-12-05,23.499401092529297,24.821759432564487,23.389203834390532,24.821759432564487,5071400
2022-12-06,23.774890899658203,23.774890899658203,22.920867867079703,23.554498141496968,5889567
2022-12-07,23.664695739746094,23.99528400602224,23.471850978852867,23.582048235295563,4298500
2022-12-08,23.4167537689209,23.94018680821732,23.279008508820684,23.85753930185199,3043000
2022-12-09,23.802440643310547,24.1054809046219,23.52695013358239,23.52695013358239,3371667
2022-12-12,23.940187454223633,24.077932718040792,23.389204647428944,23.91263945237584,2570133
2022-12-13,24.656463623046875,25.069699386758266,24.243226107809544,24.436070865428945,4534533
2022-12-14,24.380970001220703,24.959502490254216,24.215676755879826,24.684010244967737,3204167
2022-12-15,24.022836685180664,24.215681469571894,23.885091411487604,24.05038644052975,2783233
2022-12-16,24.022836685180664,24.243229473394795,23.692246627096377,23.774894141617448,4972833
2022-12-19,23.96773338317871,24.298321613284266,23.63714340154738,24.022831129608676,4238600
2022-12-20,23.829992294311523,24.16058058203033,23.7473447845003,23.940187806375764,3513500
2022-12-21,24.07792854309082,24.408518520150782,23.96773305175467,23.99528104882583,3333167
2022-12-22,23.692243576049805,23.967735839484686,22.948417792674952,23.829990583530225,4429433
2022-12-23,23.747343063354492,23.857538567432048,23.49940055189105,23.637145807750976,1770600
2022-12-27,23.829992294311523,23.912639804122747,23.416754745255407,23.7473447845003,2126500
2022-12-28,23.4167537689209,23.94018680821732,23.4167537689209,23.829991300747555,2442767
2022-12-29,23.885087966918945,23.940185718145052,23.41675270268219,23.471850453908296,2048967
2022-12-30,23.692243576049805,23.885088335606817,23.47185081621748,23.692243576049805,2409600
2023-01-03,23.802440643310547,24.16057865626234,23.69224338850372,23.85753839495099,2859300
2023-01-04,24.07792854309082,24.57381350868076,23.96773305175467,23.99528104882583,4309367
2023-01-05,24.10548210144043,24.325874870470475,23.692244564805325,23.940187086786388,3532867
2023-01-06,25.207447052001953,25.31764255792944,24.10548148357116,24.243226741743513,3989100
2023-01-09,25.290096282958984,25.482939307254323,24.95950623956571,25.234996774709366,2430200
2023-01-10,25.234994888305664,25.262544640371033,24.87685686908575,25.20744688776627,1795433
2023-01-11,25.620685577392578,25.7859806055574,25.207449758506705,25.23499776218339,2054300
2023-01-12,26.033918380737305,26.19921337863498,25.62068088599312,25.8410736326814,2254533
2023-01-13,26.640005111694336,26.640005111694336,25.45539185031542,25.758432166931332,2527433
2023-01-17,26.529804229736328,26.667551242536717,26.199215952983064,26.47470647553179,1889933
2023-01-18,26.171661376953125,26.639996580197476,26.144111629164975,26.474701596519974,3108600
2023-01-19,25.896175384521484,25.951273138102522,25.48293785384867,25.896175384521484,2417067
2023-01-20,26.667551040649414,26.695099041780118,25.868625728864757,25.97882298796561,1886467
2023-01-23,26.887941360473633,26.998136858020484,26.529801614631733,26.667548613854077,2081033
2023-01-24,26.695096969604492,26.99813721920118,26.502253970554726,26.860391969661936,2490133
2023-01-25,27.053232192993164,27.10833168837624,26.30940652057862,26.47470150367645,1283033
2023-01-26,27.08078384399414,27.301176586439137,26.750193854563733,27.163431341351743,1937700
2023-01-27,27.218528747558594,27.383823740199766,27.02568575716109,27.218528747558594,2140233
2023-01-30,26.640005111694336,27.053240951701707,26.584907349998605,26.970595184921244,3459433
2023-01-31,27.52157211303711,28.017457147347724,26.144116019764514,27.135884336859743,5081000
2023-02-01,27.962356567382812,28.182749309844226,27.21852909110899,27.356276087732468,3963267
2023-02-02,28.678632736206055,28.76128023412804,28.072552252462042,28.182749500199968,3187500
2023-02-03,28.230533599853516,28.454585241843922,28.06249442320967,28.426579899472728,3325633
2023-02-06,27.894454956054688,28.034488788868934,27.502364141503925,28.006481666185252,3429533
2023-02-07,28.230533599853516,28.370565653521997,27.642398262204225,27.67040360457542,2083233
2023-02-08,27.754425048828125,28.230535487621673,27.586385860947544,28.118510549437477,2681133
2023-02-09,26.97024154663086,27.92246236022552,26.886221958336968,27.86644989489765,2078233
2023-02-10,26.690176010131836,26.970240102377964,26.60615642633718,26.77419559392649,2547900
2023-02-13,27.25030517578125,27.334324757111006,26.550143185102623,26.606155645787787,1925067
2023-02-14,26.83020782470703,27.22229861883027,26.49412949242881,27.05425945269116,2456467
2023-02-15,26.88622283935547,26.942237087123004,26.4661266647243,26.606158722934687,1528667
2023-02-16,26.522140502929688,26.88622422921858,26.41011556281202,26.662172568378928,2229333
2023-02-17,26.298086166381836,26.60615739126708,26.186059457058047,26.522137804425274,2187233
2023-02-21,25.569913864135742,26.186056238167644,25.54190852570042,26.102036661653848,2193033
2023-02-22,25.317859649658203,25.681943333471636,25.149820478481505,25.51390416229494,2531267
2023-02-23,25.28984832763672,25.597919496763698,25.037789612731785,25.48589280771579,2233267
2023-02-24,25.009790420532227,25.12181535649952,24.813744111683082,24.953776171944327,2394667
2023-02-27,24.981782913208008,25.513905802404576,24.953775789343474,25.205834562311605,1890933
2023-02-28,24.869754791259766,25.23384025848238,24.841749449583958,25.0097886220553,2264833
2023-03-01,24.617698669433594,24.869755656303774,24.225607846897084,24.785736067145653,3173700
2023-03-02,23.945539474487305,24.393642716487054,23.833514554289366,24.365637376739574,4581900
2023-03-03,24.169591903686523,24.309625729522494,24.00155273716661,24.085572320426564,4873700
2023-03-06,24.11358070373535,24.449659054364353,23.973548651174653,24.225607414146403,2900233
2023-03-07,23.385412216186523,24.057568936949593,23.385412216186523,24.057568936949593,3843433
2023-03-08,23.44142723083496,23.63747176040691,23.27338804514228,23.44142723083496,3393367
2023-03-09,21.957077026367188,23.27338122085007,21.957077026367188,23.245374104578868,7604067
2023-03-10,20.640775680541992,21.677014197136575,20.16466532184546,21.172898498907532,12824267
2023-03-13,17.924144744873047,18.316235466811012,16.27176228951993,17.364014887732566,16117633
2023-03-14,18.12019157409668,20.640775369010676,17.78411325994709,20.640775369010676,9615033
2023-03-15,19.492507934570312,19.66054708772587,17.64408081106701,18.008166236438694,16771700
2023-03-16,19.212448120117188,20.02463694665728,18.316241479001246,19.04440892975687,9611367
2023-03-17,18.316240310668945,18.988395248631363,17.89614236156481,18.73633647916888,17569767
2023-03-20,24.11358070373535,26.018022316494157,23.749497010956702,25.541911913304457,34908567
2023-03-21,25.737957000732422,26.046028235429823,24.98178247567593,25.849983713624294,10997667
2023-03-22,24.53367805480957,26.18605908444283,24.393644224996414,25.76596293681571,8283900
2023-03-23,24.11358070373535,25.513904790550654,24.0295611160781,24.841749869896805,7197767
2023-03-24,25.065799713134766,25.233838876402455,23.609463265821518,23.805507769231134,6256100
2023-03-27,24.757728576660156,25.849981360354104,24.64570187396671,25.541910153702172,5119700
2023-03-28,25.205833435058594,25.289853022290455,24.589690982427715,24.729723034279434,4210767
2023-03-29,25.59792137145996,25.73795340757241,25.09380390473041,25.59792137145996,3881667
2023-03-30,25.12181282043457,25.99001399925471,24.8977611905139,25.849981953129802,3274333
2023-03-31,25.317859649658203,25.48589704023079,24.56168337936307,25.233840064069856,7031800
2023-04-03,24.281618118286133,25.48589581970582,24.1975985367215,25.345863777299442,4796133
2023-04-04,24.617698669433594,24.813743190399755,23.805509901106472,24.477664833767264,4996033
2023-04-05,24.53367805480957,24.645702981935155,23.97354807736929,24.05756766301554,4357300
2023-04-06,24.673709869384766,24.729722332414912,24.113579897271027,24.44965823666009,3914167
2023-04-10,24.617698669433594,25.03779483462002,24.19760072364298,24.53367908027547,3128800
2023-04-11,25.37387466430664,25.5139067274982,24.813744630936114,25.233842601115082,4673167
2023-04-12,24.925769805908203,25.653937201642123,24.757730628245245,25.457892681438125,3272800
2023-04-13,25.14982032775879,25.37387196111694,24.757729524231,24.897761572504333,3531367
2023-04-14,24.309627532958984,25.597924937512,24.281620409593238,25.541912471384705,5032000
2023-04-17,25.48589515686035,25.541909396849288,23.833514250474305,24.225605027376957,4060700
2023-04-18,25.28984832763672,25.541907042541652,25.09380206695383,25.373867899271694,3145867
2023-04-19,25.990013122558594,26.102038043438064,24.95377281110143,25.45789029687108,4469667
2023-04-20,25.569913864135742,26.130043780693086,25.28984979615903,25.345862253633587,4578700
2023-04-21,25.2618465423584,25.59792489983592,25.03779489757478,25.485898187142016,3853633
2023-04-24,25.625930786132812,25.8499824201009,25.12181327425154,25.26184532290608,5047400
2023-04-25,25.065799713134766,25.513902961445915,24.645701804965547,25.233838876402455,6260133
2023-04-26,25.233842849731445,25.62593369889346,24.86975734512109,24.925771595433027,4969867
2023-04-27,25.737957000732422,25.76596412410644,24.953775352301918,25.48589823217886,6934267
2023-04-28,29.938932418823242,30.218996558814606,25.121817102862025,25.457895495335162,17076200
2023-05-01,29.99494171142578,30.72310906723737,29.434811743460195,30.21899156188712,6666400
2023-05-02,28.370563507080078,30.190985408854534,27.250305381883827,29.9949409046717,9529533
2023-05-03,27.418344497680664,29.18275215464482,27.306317795055687,28.650629323535252,5996433
2023-05-04,26.60615348815918,26.942231786223907,25.317856313250864,26.578146369785827,7815000
2023-05-05,28.687881469726562,28.71639708987245,27.34759293142744,28.00347757745598,6129067
2023-05-08,28.431230545043945,29.22970055901704,28.060512971787904,29.14415007087363,3021933
2023-05-09,28.573816299438477,28.944535714439226,27.889414154361187,28.31716662818965,4501433
2023-05-10,28.2601318359375,29.17266984499324,28.03199778693563,29.14415240897491,3865800
2023-05-11,27.80385971069336,28.374195657112054,27.718309228078155,28.003476294763505,3534800
2023-05-12,28.773433685302734,28.801949307162175,27.803862655021696,28.23161511339515,3538733
2023-05-15,29.400802612304688,29.628936651361347,28.801949173363802,29.03008502546864,4387700
2023-05-16,29.03008460998535,29.80003720741291,29.001567175618348,29.600418792940193,2500733
2023-05-17,31.93879508972168,31.96731433809239,30.370374220996663,30.65554132202881,13313400
2023-05-18,31.36846160888672,31.539562598659277,30.712576898822924,31.311426736930365,4848567
2023-05-19,31.140317916870117,31.88175656148065,30.598499460863724,31.568070283742426,6714600
2023-05-22,31.083290100097656,31.339941548416245,30.484436720687615,31.254391065643382,4290133
2023-05-23,30.48444175720215,31.568078967295182,30.455926133598624,31.05477598585219,4029300
2023-05-24,30.113723754882812,30.427406488737557,29.628938216387553,30.085206318601347,3134067
2023-05-25,29.5719051361084,30.227789852687085,29.372286708374858,30.085206297476425,3251133
2023-05-26,29.885587692260742,30.056688672336655,29.144150716281164,29.57190316647095,2844067
2023-05-30,30.113723754882812,30.142239378116003,29.514870284309968,29.94262276329057,2532967
2023-05-31,29.315250396728516,29.85706893424978,29.058598937992734,29.8000358811023,3759800
2023-06-01,30.113723754882812,30.398890865504363,29.37228672899919,29.657455652669018,2769400
2023-06-02,30.7410888671875,31.026255940875,30.28482082406829,30.54147227821586,3283567
2023-06-05,30.14223861694336,30.99774355330076,29.971139442720105,30.940708682178116,3086900
2023-06-06,30.997739791870117,31.39697296299419,30.113719340271363,30.256302874679676,4447633
2023-06-07,31.539562225341797,31.653628341807856,30.76960778047884,31.339945615002073,4080400
2023-06-08,30.912189483642578,31.425492386076474,30.655538032425632,31.368457521551807,3520367
2023-06-09,31.22587776184082,31.254397012255314,30.71257839363683,30.940710640372675,2768833
2023-06-12,31.31142234802246,31.59659304173548,30.541471628066105,31.02625528040544,3189700
2023-06-13,31.539562225341797,31.938795446021242,31.140325378565887,31.39697686018687,3019867
2023-06-14,30.912189483642578,31.539558489029773,30.3133360974697,31.339941902337493,4097500
2023-06-15,31.22587776184082,31.33994751130543,30.655543518904526,30.74109401795464,2802267
2023-06-16,30.370370864868164,31.368457421233664,30.22778551706051,31.140321589960624,9960467
2023-06-20,30.598506927490234,30.741092293273116,30.313339822020946,30.313339822020946,2695533
2023-06-21,30.45592498779297,30.855158207608824,30.17075607114821,30.541475481481577,2068033
2023-06-22,29.743003845214844,30.42740413248841,29.714486411141724,30.284822401267203,3042200
2023-06-23,29.857072830200195,30.085206885606656,29.34377165879774,29.48635521679574,2780400
2023-06-26,30.427400588989258,30.855152985030422,30.370369353580998,30.45591983278923,2179600
2023-06-27,31.425491333007812,31.45400695126657,30.199268982538467,30.45592042515502,2508667
2023-06-28,31.9102783203125,32.02434443140554,31.168843159063307,31.311424891405533,3092733
2023-06-29,31.93879508972168,32.33803193204382,31.767694103883105,32.16693094620525,2491567
2023-06-30,32.0528678894043,32.50913601981081,32.0528678894043,32.22396889156884,2583467
2023-07-03,32.48060989379883,32.76578058777769,32.10989234294151,32.19544282591597,1535367
2023-07-05,31.967309951782227,32.566159693951214,31.938790707324706,32.16692653250522,2139467
2023-07-06,32.02434158325195,32.0813764467741,31.1403211421865,31.511042315936507,2152033
2023-07-07,32.39506149291992,32.680228547211264,32.13841005622896,32.13841005622896,2761767
2023-07-10,32.6517219543457,32.6517219543457,32.16693813683168,32.338039160918335,2713700
2023-07-11,33.19352722167969,33.3075969423044,32.53764264551855,32.76577846067221,3042233
2023-07-12,33.39314651489258,34.04903107328163,33.27907679735874,33.59276308143329,3285900
2023-07-13,33.13650131225586,33.62128501147688,32.96540032991989,33.56425376809579,2389700
2023-07-14,32.936885833740234,33.59277053770995,32.480614114521806,33.56425491504498,3408800
2023-07-17,33.64979934692383,33.763865443130506,32.62319360277624,32.68022846392749,2348100
2023-07-18,34.077552795410156,34.220138154827126,33.592769100365814,33.67831959079674,2260667
2023-07-19,34.562339782714844,34.70492151465831,33.90645148704754,34.10607171352245,3066833
2023-07-20,34.67641067504883,34.67641067504883,33.99200666383903,34.33420866944393,2378533
2023-07-21,34.41975402832031,34.933056960037014,34.39123840747924,34.84750647141757,2239200
2023-07-24,34.904541015625,35.18970809968088,34.33420322141704,34.50530419706981,2898567
2023-07-25,34.505306243896484,35.04712482357174,34.334205258094144,34.87602383776941,2797200
2023-07-26,35.303775787353516,35.760043867472724,34.876023329086635,34.876023329086635,4331300
2023-07-27,37.10032653808594,39.01095267000262,36.72960900905321,38.668750758250624,8439400
2023-07-28,38.953922271728516,40.550862292112086,38.355068857560624,38.83985616344289,5363933
2023-07-31,39.55277633666992,40.00904440341574,39.12502389094063,39.29612486923235,3892500
2023-08-01,38.811344146728516,39.210577375847166,38.469142164000225,39.18206175265199,3124200
2023-08-02,38.355072021484375,38.6687583777662,37.98435441940331,38.55469226007122,2311700
2023-08-03,38.782814025878906,38.89688011278127,37.61362666336697,38.15544510877261,2383167
2023-08-04,38.81170654296875,39.30263048635869,38.20527259548576,38.725073121899754,2370967
2023-08-07,38.840576171875,39.129356638398875,38.6095562050513,39.04272323284094,1854067
2023-08-08,38.32078552246094,38.46517210675551,37.54108474808194,37.82986158866784,3198867
2023-08-09,37.51220703125,38.34966094522344,37.483326777667024,38.060884113370186,2713200
2023-08-10,37.33893966674805,38.06088357211287,37.22342599805213,37.97425015658923,2851067
2023-08-11,36.76137924194336,37.33893652077132,36.732502663200655,37.136793125579864,2567467
2023-08-14,36.241580963134766,36.73250114140365,36.12606730895704,36.414847772405224,2510567
2023-08-15,34.82657241821289,35.83729309704401,34.82657241821289,35.66402627530194,4340933
2023-08-16,34.62442398071289,35.05758730006792,34.59554373329226,34.82656735267802,3827600
2023-08-17,34.075748443603516,35.2597358215801,33.873601391171604,34.94207879061282,3270900
2023-08-18,33.98911666870117,34.30677004287794,33.613702794497804,33.70033620054532,2269333
2023-08-21,34.65330123901367,34.711058062997225,34.017990863178255,34.220134239126814,2823767
2023-08-22,33.90248489379883,34.913205564984395,33.844728062989574,34.6533053343373,2786500
2023-08-23,34.45116424560547,34.508917408292646,33.61370666667532,33.87360691475744,1813433
2023-08-24,34.36453628540039,35.086480309581084,34.335656027475075,34.393412871328515,1660633
2023-08-25,34.162384033203125,35.02871443569071,33.70033674548092,34.50891399100041,1997600
2023-08-28,34.56666946411133,34.9420796576637,34.24901609725782,34.42227923336221,1598600
2023-08-29,34.508914947509766,34.913205417473655,34.33564812781043,34.624428608640216,1632833
2023-08-30,34.508914947509766,34.76881517705876,34.39340495837566,34.4222815376601,2080233
2023-08-31,35.46187973022461,35.57738971048051,34.48003571805925,34.508912295124205,3893200
2023-09-01,35.577388763427734,36.01055576785176,35.46187878624665,35.66402216431254,2114000
2023-09-05,34.68217849731445,35.2597357325246,34.36452513914548,35.17310233084287,2980067
2023-09-06,34.2490119934082,34.99983229054675,34.01798838629099,34.624422141977476,1833600
2023-09-07,33.931365966796875,34.27789965355174,33.78697570665006,33.87360912833878,2560533
2023-09-08,34.306766510009766,34.6244235234708,33.815846374292306,34.075746565670656,2316800
2023-09-11,34.53779983520508,35.144230113564646,34.364532992246104,34.65330983984545,1650500
2023-09-12,34.508914947509766,35.17310564702265,34.39340495837566,34.624428608640216,1902800
2023-09-13,33.729217529296875,34.73993818417897,33.469317302842114,34.68218135430136,2469267
2023-09-14,34.306766510009766,34.50890987930544,33.98911316854454,34.13349971575753,1987367
2023-09-15,33.75809860229492,34.04687544613384,33.32493150053815,33.84473202264628,6120967
2023-09-18,33.26716995239258,33.70033327300518,33.2382897048881,33.61369987448349,1995833
2023-09-19,33.46931457519531,33.52707140036591,33.122780968163724,33.38268117343741,2176267
2023-09-20,32.689613342285156,33.729214143755144,32.689613342285156,33.729214143755144,2333233
2023-09-21,32.025428771972656,32.920639415841755,32.025428771972656,32.429715554625176,2790967
2023-09-22,32.14093017578125,32.429706896578075,32.08317703481902,32.16980674626237,2644100
2023-09-25,32.545230865478516,32.574107445136704,31.650020176110683,31.765530166739836,2409333
2023-09-26,32.5163459777832,33.613699912295154,32.11205923222443,32.34307918054491,4552033
2023-09-27,32.776248931884766,32.92063916573294,32.25644849642673,32.66073894800393,2328633
2023-09-28,32.574100494384766,32.94951063782075,32.34307689042652,32.776243852850975,2781400
2023-09-29,32.747371673583984,33.20941527150451,32.28532807566345,32.40083805714456,2468767
2023-10-02,31.852170944213867,32.83401527162539,31.043593478815982,32.68962499594828,4596600
2023-10-03,31.043581008911133,31.765524753304412,30.69704742408303,31.67889135709739,4176133
2023-10-04,31.476749420166016,31.505625996215173,30.69704881887527,31.043582419448935,2835100
2023-10-05,32.22757339477539,32.285330225359694,31.274609558110647,31.303486137404622,4358100
2023-10-06,31.62114143371582,32.40084216966919,31.18797803018274,31.70777484882175,2887000
2023-10-09,31.563390731811523,31.881044163961313,31.245733627664876,31.592267315098724,1753300
2023-10-10,31.59225845336914,32.083182263527014,31.159091465581554,31.650015275739428,3256233
2023-10-11,31.53449821472168,31.881031767410175,31.10133494585649,31.53449821472168,2088367
2023-10-12,30.668174743652344,31.592261972539212,30.46602951483452,31.563385394135324,2203833
2023-10-13,30.321640014648438,31.04358382452102,30.321640014648438,30.928073843100314,2374367
2023-10-16,31.01470947265625,31.01470947265625,30.523785590398344,30.697052410960385,1835833
2023-10-17,31.36124038696289,31.707770325960297,30.783683144641785,30.812559721559225,3215067
2023-10-18,30.235010147094727,30.985830622144984,30.17725514962892,30.928077460677446,2387033
2023-10-19,30.235010147094727,31.072464036342822,30.090621735431082,30.235010147094727,2823433
2023-10-20,29.166528701782227,30.11949613072186,29.10877371202765,30.032862728090983,3779267
2023-10-23,29.166528701782227,29.541940725182027,28.90663032988762,28.935506906765898,3553867
2023-10-24,29.77296257019043,29.946229375743115,29.282040566457162,29.282040566457162,3653867
2023-10-25,29.166528701782227,29.628574127812904,28.964385319642197,29.3109189301657,3992833
2023-10-26,28.502344131469727,29.628576624579424,27.54937845822278,29.3686763947853,6926467
2023-10-27,26.769678115844727,28.762242898098794,26.365389476257075,28.06917744566205,6428400
2023-10-30,27.63600730895996,27.924785925608276,26.33650996003552,27.058453747659318,4542933
2023-10-31,27.376113891601562,27.924790975661363,27.26060205685292,27.722645723850828,3610767
2023-11-01,27.40498924255371,27.49162265572497,26.798557186353136,27.37611266216212,3900267
2023-11-02,28.560102462768555,28.560102462768555,27.69377009823936,27.69377009823936,3694800
2023-11-03,28.501333236694336,29.55911458781596,28.413184635091767,29.088989958008398,4133567
2023-11-06,28.442567825317383,28.765778738418298,28.266270623969756,28.64824664815015,3461433
2023-11-07,28.266267776489258,28.471946578602402,28.119352211426715,28.354416368283182,2576767
2023-11-08,27.884292602539062,28.383800714674223,27.707997270117115,28.383800714674223,2273433
2023-11-09,26.944046020507812,28.031210952506065,26.855897411529067,27.88429535880191,2553633
2023-11-10,27.32602310180664,27.35540659526736,26.56207095292234,27.237874489533922,2926400
2023-11-13,26.591449737548828,27.237871579752856,26.29762230676854,27.002809261506776,3612900
2023-11-14,26.738359451293945,27.237867503351787,26.150704677681393,26.47391555041188,4502500
2023-11-15,27.44354820251465,28.060586462813877,26.708977866482304,26.7971264562549,3831200
2023-11-16,26.65021324157715,27.737378032443704,26.503299535054158,27.384783642301226,3694333
2023-11-17,27.26725196838379,27.32601707423338,26.650211818581486,26.826509004239288,2240467
2023-11-20,27.32602310180664,27.472936832891357,27.03219563963721,27.179109370721925,1941367
2023-11-21,26.65021324157715,27.208488315339117,26.503299535054158,27.061572740706996,2033867
2023-11-22,26.826509475708008,27.032190151959902,26.562065560682807,26.826509475708008,2051500
2023-11-24,26.944046020507812,27.00281113712385,26.70898368593429,26.885280903891775,570533
2023-11-27,27.032188415527344,27.120337004243144,26.620828957556597,26.7383591637717,1757167
2023-11-28,27.149723052978516,27.179106543382584,26.50330120896302,26.94404422447779,2700867
2023-11-29,28.119348526000977,28.47194284696435,27.326013171942158,27.384778269399796,3296367
2023-11-30,27.649227142333984,28.35441586414724,27.561078552107325,28.14873519758205,2790267
2023-12-01,29.14775276184082,29.235901356463945,27.414166225064807,27.561079926733658,2944833
2023-12-04,28.8833065032959,29.294665982073735,28.677627697961498,28.82454139721593,2191633
2023-12-05,28.354419708251953,28.6776306268655,28.17812250389743,28.618863646674505,1875167
2023-12-06,28.207504272460938,29.14775541120123,28.119355669825623,28.64824728563752,2257267
2023-12-07,28.853925704956055,28.883309194788662,28.266270853177673,28.442568055954876,1456567
2023-12-08,28.618864059448242,29.11837218962079,28.29565313617298,28.765779643935485,3703700
2023-12-11,29.059608459472656,29.382819398127687,28.325037974519464,28.501335189805726,3157000
2023-12-12,29.000839233398438,29.52972893618725,28.589479745403104,28.912690638248787,3084933
2023-12-13,31.116405487060547,31.2339357158531,28.942075705195936,29.059607802097798,5757767
2023-12-14,33.261348724365234,33.76085871731718,32.32109945509137,32.32109945509137,7309967
2023-12-15,32.203575134277344,33.29074018577773,32.05665952442409,33.202591567109614,9816433
2023-12-18,30.969491958618164,31.880357775778396,30.73442776336014,31.733445922933438,4231633
2023-12-19,31.028257369995117,31.26331969939092,30.76381154888384,30.9694922546735,3507833
2023-12-20,29.852941513061523,31.29270073631772,29.823559891760254,30.881341225117264,3630967
2023-12-21,29.559114456176758,30.146771174873734,29.265285162773665,30.08800419532759,4593833
2023-12-22,29.617881774902344,29.97047620601966,29.412202935490143,29.676646890718782,3215100
2023-12-26,30.264301300048828,30.44059850189972,29.58849598232347,29.676644583248915,2183733
2023-12-27,30.02924156188965,30.381835995825604,29.85294434492167,30.381835995825604,1856433
2023-12-28,30.61689567565918,30.61689567565918,29.941090358553883,29.941090358553883,1734133
2023-12-29,30.058622360229492,30.616895585189322,30.02923887066506,30.49936349504079,1760733
