Date,Close,High,Low,Open,Volume
2008-01-02,7.5027289390563965,7.801788599795549,7.445015320064051,7.7912955329356475,4420600
2008-01-03,7.3873066902160645,7.586680085308624,7.376813616980208,7.539460004844448,2743700
2008-01-04,7.093494892120361,7.182687781701575,6.978068063895822,7.124974617769914,6865800
2008-01-07,7.3768157958984375,7.502735714088934,7.030535270332656,7.062015500060919,5612300
2008-01-08,6.951834678649902,7.549954974527933,6.946587890881209,7.397801631764384,4744200
2008-01-09,6.94133996963501,6.988560051120059,6.595060039226161,6.930846896172298,7741500
2008-01-10,6.637033939361572,6.894121017529983,6.138600645557861,6.558334129946686,12528800
2008-01-11,6.547841548919678,6.726228344385465,6.327481949042175,6.479635303934535,7679600
2008-01-14,6.469144344329834,6.589818019635598,6.3747041202089285,6.390444491136722,5320400
2008-01-15,6.3589630126953125,6.479636664527604,6.280263174810916,6.374702880199919,6207000
2008-01-16,6.521606922149658,6.673760237693531,6.343220172816609,6.358960032945662,6672200
2008-01-17,5.954967498779297,6.453400784936408,5.9077474137103065,6.327480891659887,8836400
2008-01-18,5.592947483062744,6.248780921514965,5.493261020576937,5.954967821290645,11176800
2008-01-22,5.8238019943237305,6.070395043366694,5.299135166019296,5.299135166019296,11508500
2008-01-23,6.243535995483398,6.353716066008935,5.488015869280694,5.535235970986117,10073800
2008-01-24,6.3537163734436035,6.427169924135245,6.133356221730056,6.264522954875673,9333400
2008-01-25,6.159587860107422,6.584568170893045,6.075641255596985,6.432414825127571,7267100
2008-01-28,6.600306987762451,6.605553774802857,6.0441605708694,6.0441605708694,7275800
2008-01-29,6.799679756164551,6.810172828902934,6.516359787172741,6.64752644874971,6629600
2008-01-30,6.762953758239746,7.004300453656091,6.6580200208195714,6.783940405651553,7403900
2008-01-31,7.056768417358398,7.098741721671092,6.547841477115408,6.6317885861020525,9179800
2008-02-01,7.403048038482666,7.413541614189172,7.072507909146193,7.214168179016638,7088300
2008-02-04,6.894120216369629,7.4082933122324235,6.862639996045255,7.4082933122324235,6551100
2008-02-05,6.76820182800293,6.888875457684894,6.699995581215489,6.794435269269554,7138900
2008-02-06,6.6999945640563965,6.888874411851024,6.647527689488402,6.867887762096066,5419900
2008-02-07,6.804927825927734,6.957081162034314,6.574074177817699,6.647527702282019,8331700
2008-02-08,6.610801696777344,6.825914998752837,6.437661697608716,6.747214680719036,5846200
2008-02-11,6.437662124633789,6.631788788082723,6.43241533634459,6.631788788082723,4238400
2008-02-12,6.55308723449707,6.768200510354361,6.469140639075802,6.495374075235243,7152200
2008-02-13,6.679006576538086,6.7157335842753945,6.479633679043604,6.652773642904326,3985200
2008-02-14,6.505866050720215,6.699993145297647,6.453399687623445,6.663266140732707,3680000
2008-02-15,6.66851282119751,6.689499466174988,6.421919367441328,6.495372875043044,4510500
2008-02-19,6.537347316741943,6.804927462617632,6.48488044487414,6.77869402668373,4399100
2008-02-20,6.663268089294434,6.731474831591142,6.400934696012281,6.47963501421367,4329500
2008-02-21,6.474385738372803,6.747212102360409,6.453399094989141,6.694745744081778,5523400
2008-02-22,6.673760890960693,6.679007177943161,6.4009339534251435,6.484880549478795,6326600
2008-02-25,6.878383636474609,6.883630426139229,6.537350314056771,6.689503711800923,5184900
2008-02-26,6.915104866027832,6.962324932696522,6.663264677248473,6.831158303221707,3807800
2008-02-27,6.894120216369629,7.124973330757569,6.794433268976718,6.899366502789418,4356000
2008-02-28,6.5583343505859375,6.841654374516802,6.547840775451623,6.804927862269105,5263400
2008-02-29,6.411428451538086,6.663268275971045,6.400934875339419,6.479635195745659,9259400
2008-03-03,6.526852607727051,6.60030611550206,6.248779436029157,6.411426310259147,8095500
2008-03-04,6.364205837249756,6.4638922698253705,6.138599041998294,6.458645984166378,10106300
2008-03-05,6.107120990753174,6.458647744108315,6.0966274158536455,6.390441008344955,8217300
2008-03-06,5.8972554206848145,6.107122466124788,5.897255420684815,6.086135811616922,7892500
2008-03-07,6.023173809051514,6.107120905999158,5.750347370145519,5.771334019292134,8879300
2008-03-10,5.8972554206848145,6.191069084156252,5.839542245878511,5.970708961643003,6513700
2008-03-11,6.348467826843262,6.37994755140148,5.954967767337139,6.128107753490937,6365900
2008-03-12,6.211683750152588,6.699821168291885,6.200955719463344,6.361879760757359,6500300
2008-03-13,6.388697147369385,6.426246001808488,5.932745091181736,6.099033313610426,8507100
2008-03-14,6.147310733795166,6.538893107854263,6.045392194875536,6.217044686346397,9610200
2008-03-17,5.482156276702881,6.099032740715393,5.171035910836517,5.884467147554013,20385100
2008-03-18,5.793277263641357,5.970294024867877,5.508977694332825,5.707451017175747,14061900
2008-03-19,5.696722984313965,6.034664243328119,5.653809857286596,5.8469189289097585,10841900
2008-03-20,6.029302597045898,6.034666868148753,5.584078326809905,5.793280295735813,11941100
2008-03-24,6.259960174560547,6.377971562820142,6.00784509877663,6.034665938594489,8988500
2008-03-25,6.458431720733643,6.587171101104854,6.286779213572029,6.394062030548038,10375800
2008-03-26,6.0990376472473145,6.431614839980323,6.013211340937524,6.377973654319272,15117600
2008-03-27,5.911291122436523,6.265324795463103,5.846920898645328,6.265324795463103,8002800
2008-03-28,5.739636421203613,6.115126558746868,5.7235441255907915,6.115126558746868,6856000
2008-03-31,5.7664570808410645,5.8898321960893325,5.6699022869494895,5.793277913762596,7574700
2008-04-01,6.152677536010742,6.1580412949046766,5.905926722115242,6.029301873280499,7379700
2008-04-02,6.061484336853027,6.302870774853617,6.007842678824113,6.136582044215792,6077300
2008-04-03,6.045393466949463,6.1365834885580135,5.911289801878516,6.002479823487066,6858900
2008-04-04,5.943474292755127,6.099034521098243,5.943474292755126,6.072213686232559,5067400
2008-04-07,6.125855445861816,6.211681709439619,5.954202918706211,5.954202918706211,4843100
2008-04-08,5.927379608154297,6.077575506693165,5.857645670227226,6.018570103015492,5560200
2008-04-09,5.659173488616943,6.034663563594302,5.643081195685494,6.02393502726349,5985900
2008-04-10,5.66990327835083,5.83082779245336,5.557256169635552,5.680631818021299,5281600
2008-04-11,5.315867900848389,5.632352554827132,5.30513987628144,5.567982872731164,10688500
2008-04-14,4.82236909866333,5.310506501964141,4.806276797336116,5.294414200636926,12719900
2008-04-15,4.988656520843506,5.074482785978595,4.881373689424645,4.881373689424645,15265000
2008-04-16,5.342690944671631,5.5465286116015395,4.784819623650556,4.800911922955162,27867600
2008-04-17,5.3856024742126465,5.433879869262298,5.047661220429909,5.047661220429909,14983400
2008-04-18,5.1978583335876465,5.498250797361323,5.171038007242709,5.4928865274663625,11648700
2008-04-21,5.0583906173706055,5.19785804596772,4.918922677208585,5.160309181910601,9654600
2008-04-22,5.128125190734863,5.18713062856113,4.988657234165545,5.02620610263999,8349200
2008-04-23,4.892102241516113,5.192494713274228,4.865281402893343,5.128125007518549,6340800
2008-04-24,5.063755035400391,5.133489014570345,4.881374449377017,4.961836457576594,9059000
2008-04-25,5.1978583335876465,5.235407711287439,4.924287219288773,5.015477761243376,9085600
2008-04-28,5.160308361053467,5.256863152201135,5.085210133320299,5.2139500253721325,6665400
2008-04-29,5.144217491149902,5.19249490009487,5.095940082204934,5.171038330737658,6027000
2008-04-30,5.0369343757629395,5.144217216828004,5.010113537605438,5.138852946883516,9515100
2008-05-01,5.28904914855957,5.337326556976401,5.036934589261617,5.036934589261617,9898500
2008-05-02,5.272956371307373,5.439245150596555,5.235407506640263,5.337326072835952,6534000
2008-05-05,5.213951110839844,5.235407678721287,5.12276056945248,5.203222571116657,6442600
2008-05-06,5.278321743011475,5.299778314667415,5.058391755646833,5.192495456387714,8225800
2008-05-07,5.074482440948486,5.27295579346977,5.058390145221046,5.197857560800288,8693800
2008-05-08,5.0369343757629395,5.138852946883516,4.999384997716462,5.122760648614991,7643000
2008-05-09,4.91892147064209,5.117394793005162,4.881372615795362,4.967198862053471,8149300
2008-05-12,4.999383926391602,5.0154767327765155,4.865280275906292,4.918921940726347,6324800
2008-05-13,4.999383926391602,5.069117886031742,4.918921940726347,5.036933296391572,6564700
2008-05-14,5.047661781311035,5.0852106431598285,4.92965041491713,4.999384380896943,4502400
2008-05-15,5.042296886444092,5.074481986581993,4.940378340542896,5.047661155061211,6646000
2008-05-16,5.042296886444092,5.074481986581993,4.977927197733103,5.05302542367833,7381900
2008-05-19,5.031569004058838,5.1173952581175675,4.983291608259597,5.074482131088203,6762300
2008-05-20,4.92428731918335,5.010113592984071,4.854553343829028,4.98865702453389,8570600
2008-05-21,4.8170037269592285,4.994021047368267,4.800911429309287,4.913558535988719,7106200
2008-05-22,4.951108455657959,4.977929298497559,4.800912451947243,4.8170047530249915,4820300
2008-05-23,4.9081950187683105,4.9779290013628055,4.843825306734546,4.929651589446233,10704400
2008-05-27,5.1013031005859375,5.117395395763588,4.9296500762865865,4.9296500762865865,9225400
2008-05-28,4.8491902351379395,5.149582776945187,4.763363940783031,5.106669629767732,10611100
2008-05-29,4.881374359130859,4.924287497585925,4.790183812022605,4.8545535197052025,5291000
2008-05-30,4.779454231262207,4.924286425695534,4.779454231262207,4.876009027551092,4913700
2008-06-02,4.666806697845459,4.774089510478669,4.5917089847846135,4.774089510478669,6608600
2008-06-03,4.5648884773254395,4.715084425658843,4.495154516279435,4.672171297563585,11457700
2008-06-04,4.511247158050537,4.661443117924411,4.45224173027702,4.559524558758358,6655500
2008-06-05,4.500518321990967,4.5487952024558655,4.39323500122954,4.511246347128238,8395900
2008-06-06,4.3235015869140625,4.430784396805213,4.318137318528308,4.4200558600337025,6027100
2008-06-09,4.11966609954834,4.350324401008412,4.05529637669193,4.323504066825387,9633600
2008-06-10,4.039202690124512,4.253768359473594,4.01238185356465,4.125028957864145,14265200
2008-06-11,3.77873158454895,4.106367215382018,3.7732708648507,4.106367215382018,13461600
2008-06-12,3.6258342266082764,3.9807728772816646,3.620373768182035,3.844258031667392,17114500
2008-06-13,3.565769672393799,3.66952077801868,3.358266940380967,3.6585995953012436,17914800
2008-06-16,3.6422176361083984,3.713205447817076,3.5220843762350187,3.5821510061717086,7871800
2008-06-17,3.3309645652770996,3.696824655073693,3.330964565277099,3.63129754476488,16834100
2008-06-18,3.014249324798584,3.249054885797092,2.7903649466283436,3.2326732417454602,22579700
2008-06-19,2.806746482849121,3.074315842434366,2.697534658762201,3.0633946600256743,27701200
2008-06-20,3.6422176361083984,3.756890174905028,3.12346085098519,3.2545152926305576,44925900
2008-06-23,3.167145252227783,3.7514287594526916,3.1398421726607566,3.7405075797021734,27658600
2008-06-24,3.150763988494873,3.3255031601613774,3.0470126297286537,3.1289216245842497,23731900
2008-06-25,3.287277936935425,3.5985319226976418,3.1835266083480187,3.216290144683814,18026700
2008-06-26,3.3418853282928467,3.445636703370176,3.249055136887786,3.298200593603773,14704300
2008-06-27,3.336422920227051,3.5057012985834555,3.2927382110229986,3.3255017429260376,14307400
2008-06-30,3.150763988494873,3.330963620948275,3.1234609034158356,3.29820007508234,14267200
2008-07-01,3.292739152908325,3.3255026941833483,3.0579333831984394,3.188987808680012,14721500
2008-07-02,3.1343822479248047,3.4674787054089578,3.085237056767919,3.35280615874034,23883300
2008-07-03,2.9978671073913574,3.1780669958173964,2.9378007382975215,3.167145814129289,9398300
2008-07-07,2.905036449432373,3.1234600272697035,2.8012851197689197,3.003327059459172,11660400
2008-07-08,3.3746492862701416,3.391031193944873,2.8722745163811436,2.9323409036314523,12512700
2008-07-09,3.025169849395752,3.4620175882380586,3.025169849395752,3.3364238828495063,9766200
2008-07-10,3.123459815979004,3.2654353923505806,2.965102602568507,3.0797751033666496,9420000
2008-07-11,3.0797762870788574,3.1453036415642575,2.910497830453087,2.976024924556961,11303500
2008-07-14,2.550097942352295,3.1889876079552506,2.5500979423522945,3.139842168945342,19229000
2008-07-15,2.533716917037964,2.88865577158499,2.386280809503852,2.5500988224891112,17901700
2008-07-16,3.1070778369903564,3.1616837217461433,2.5391761147673755,2.5664789269545705,18026400
2008-07-17,4.357554912567139,4.510451690368383,3.210829990392937,3.6804409828494364,34971200
2008-07-18,3.838798761367798,4.231961523854847,3.8224168602559905,4.215579622743039,23094100
2008-07-21,3.8060343265533447,4.155512568879855,3.75688915214918,3.9862341673067525,14727700
2008-07-22,4.313870429992676,4.346633971237402,3.494781117730072,3.685901905181717,14618600
2008-07-23,4.166433334350586,4.570517170203114,3.986233771855192,4.341172177797554,17078100
2008-07-24,3.8005738258361816,4.363014918407035,3.7623495702669096,4.281106208500857,19245700
2008-07-25,3.8224151134490967,3.9862330081780324,3.576688531737058,3.811493937825925,13429000
2008-07-28,3.511162042617798,3.85517954615191,3.4729380491460704,3.7623494013524104,11534200
2008-07-29,3.9152462482452393,3.9207067072772763,3.500240946553086,3.522083303444101,13709700
2008-07-30,3.9152462482452393,4.08998510337336,3.7459678521491555,3.953470242613799,8338900
2008-07-31,3.8333377838134766,3.9643922027752154,3.7077440849833168,3.8224166039317877,12192300
2008-08-01,4.0080766677856445,4.073603742914754,3.7459681068877546,3.860640618554422,6320300
2008-08-04,3.991694927215576,4.068143184566577,3.816955792888971,3.898864770241488,11296600
2008-08-05,4.242883205413818,4.25926510845979,4.024459306962788,4.068144034576691,13092400
2008-08-06,4.286566734313965,4.341172628561119,4.095445974258205,4.1555125881207955,8173100
2008-08-07,3.9807727336883545,4.368474902078317,3.9589303800084745,4.253802415068249,12401700
2008-08-08,4.281105995178223,4.352093522867587,3.953470130353478,3.958930849611889,7433200
2008-08-11,4.423081874847412,4.548675301832426,4.166433780481352,4.166433780481352,6712900
2008-08-12,4.128208637237549,4.423080924537234,4.0845239310839325,4.39577785300053,9973200
2008-08-13,3.887943983078003,4.139131400111049,3.85518044090606,4.095446677215126,12238700
2008-08-14,4.259264945983887,4.270186127470758,3.8224171657460246,3.8278778866802132,9948700
2008-08-15,4.352095127105713,4.444925566047213,4.188277394689448,4.188277394689448,8206800
2008-08-18,3.991694927215576,4.1828157007838085,3.827877232892004,4.150052161919094,15432600
2008-08-19,3.8770229816436768,3.986235054315393,3.827877796303829,3.904326064906981,10374200
2008-08-20,3.8824832439422607,3.926167963699346,3.729586464410993,3.887943703721162,17125000
2008-08-21,3.8060343265533447,3.8497193021302394,3.707743717363574,3.707743717363574,9573300
2008-08-22,4.100906848907471,4.100906848907471,3.8606406447553416,3.8824830032799484,9464800
2008-08-25,3.8224151134490967,4.079062870784306,3.8224151134490962,4.03537816829162,7999300
2008-08-26,3.8715615272521973,3.9698521330786933,3.8060341963197675,3.8224160941482332,7437500
2008-08-27,3.849719762802124,3.909786123192917,3.745968421606927,3.8606409429078568,8743000
2008-08-28,4.029918670654297,4.029918670654297,3.8278767433057017,3.931627806250116,6617500
2008-08-29,3.9971559047698975,4.0954465276973,3.8497198401880537,3.98623472444463,6574400
2008-09-02,4.292027950286865,4.346633850848994,4.09544644788173,4.177355428915659,9929600
2008-09-03,4.417619228363037,4.42854014210302,4.128207723576248,4.226498290668065,8472800
2008-09-04,4.128208637237549,4.406698769157546,4.100905826082233,4.248341839541381,6198000
2008-09-05,4.559597969055176,4.559597969055176,4.068144005738082,4.128210635972151,9135200
2008-09-08,4.832627773284912,5.105657579215969,4.581440330997819,4.794403246335706,17572200
2008-09-09,4.630584716796875,4.96914209480804,4.614203076171485,4.778021044714283,17967700
2008-09-10,4.471367359161377,4.726557067436997,4.2328203084300995,4.515748131986655,14588400
2008-09-11,4.60451078414917,4.615605715491445,4.243916521493817,4.282749574782787,8986800
2008-09-12,4.77094030380249,4.920725357166226,4.449179270143247,4.5046550002902235,7755000
2008-09-15,4.54903507232666,4.820867535265257,4.438083100623226,4.543487341476305,9385800
2008-09-16,4.998391151428223,4.998391151428223,4.316035873357776,4.321583339602713,11818300
2008-09-17,4.515750408172607,5.042772747916365,4.4436314837145,4.870796769737676,14556000
2008-09-18,5.8249831199646,6.102363268534343,4.127416642461412,4.709914795739678,24761500
2008-09-19,7.073195457458496,7.489265778485467,5.83053222563253,7.073195457458496,20688100
2008-09-22,5.442199230194092,6.657124155850013,5.031676171830546,6.379743982689597,6912400
2008-09-23,5.020580291748047,6.096814927548756,5.015032562358106,6.069076809659643,4625700
2008-09-24,5.159271240234375,5.297961324493037,5.048319278639582,5.1870093628982445,4411600
2008-09-25,5.120439052581787,5.569795280849603,5.081605987703878,5.436652890644631,4254200
2008-09-26,5.175915241241455,5.420010148959158,4.73765448276644,4.787583010666007,5628100
2008-09-29,4.132965564727783,5.547604926899261,4.132965564727783,4.992844434209335,4930700
2008-09-30,4.432535648345947,4.721011321965538,4.304941005133197,4.438083379544962,6629200
2008-10-01,5.436650276184082,5.6197211069431905,4.465819888617659,4.57677182709885,7507700
2008-10-02,5.125986099243164,5.586437200615353,5.1037957038418815,5.442199895037393,4219400
2008-10-03,5.947032451629639,6.2466030875461245,5.2147482634531475,5.547604760720718,6781700
2008-10-06,6.046887397766113,6.462957646118663,5.220294631346945,5.597531825819341,8071900
2008-10-07,5.164817810058594,5.87491073376998,5.125984235430702,5.697387635107275,5322800
2008-10-08,4.571225643157959,5.159271909481158,4.549035247960522,4.959557823643475,6214400
2008-10-09,3.7668235301971436,4.815320997841596,3.766823530197143,4.7653924714212685,9877100
2008-10-10,4.099678993225098,4.798676910444676,3.334109896180864,3.472799986414071,10587300
2008-10-13,3.74463152885437,4.898532757643166,3.4173229105714804,4.798675747574331,12076200
2008-10-14,5.61972188949585,5.758411964175232,4.393701608167684,4.426987194347097,15991700
2008-10-15,4.77094030380249,5.414462371120977,4.7432021741985935,5.375628778051194,12922000
2008-10-16,5.259129047393799,5.39227196343807,4.754297099952588,5.076058133026344,12764500
2008-10-17,5.131534099578857,5.575342559949187,5.081605575041338,5.1204386367657255,14744500
2008-10-20,5.159271240234375,5.403365555742919,4.948462248673926,5.259127741139346,4864500
2008-10-21,5.414461135864258,5.5697938855232785,5.109342837952801,5.181461746845378,6873800
2008-10-22,5.092700481414795,5.5420560950333195,4.937367193367726,5.064962356473481,6199600
2008-10-23,4.671082496643066,5.270223671736695,4.438083091988796,5.220295152302104,6677200
2008-10-24,4.438082218170166,4.6766293066962135,4.033107205180926,4.1717972744987435,5872000
2008-10-27,5.087152481079102,5.331246803696086,4.4325350950152265,4.4325350950152265,11146900
2008-10-28,6.102362632751465,6.113458091487369,5.003937612805285,5.187008449462982,9197000
2008-10-29,5.586435794830322,5.996958800040131,5.519864625378614,5.8860063218933245,10250300
2008-10-30,5.547603130340576,6.01914960804379,5.453293834799934,5.874911799680376,5873500
2008-10-31,5.242486000061035,5.691842184779765,5.103795891440051,5.558699807478208,6984500
2008-11-03,5.342341423034668,5.375626742708058,5.131532458547601,5.270222524994833,4427600
2008-11-04,5.952578067779541,6.052435096157351,5.342342024181322,5.51986515991016,10423300
2008-11-05,5.569793224334717,5.897101876199888,5.536507374543074,5.852721095851455,6156400
2008-11-06,5.4089155197143555,5.736224338377584,5.3700824493851265,5.4477485900435845,6443900
2008-11-07,5.259129047393799,5.519866618698676,5.053867735195769,5.408914629545797,5288400
2008-11-10,4.876345157623291,5.325701430775999,4.843059292216805,5.325701430775999,4724600
2008-11-11,4.809772968292236,4.942915344458616,4.693273256881461,4.754296713692525,4305000
2008-11-12,4.388154983520508,4.870796501488094,4.34377419076906,4.809773043720049,4624300
2008-11-13,4.676630973815918,4.721011769493582,4.016465712254247,4.499107262044449,7997900
2008-11-14,4.321584224700928,4.62115487013236,4.299393826115667,4.554583674376579,6891500
2008-11-17,4.12186861038208,4.371510884514239,4.066392637640591,4.288296793136853,3978100
2008-11-18,4.155155181884766,4.299393009834433,3.883322718560133,4.027560546509799,5716500
2008-11-19,3.74463152885437,4.27165363821435,3.7446315288543697,4.02755937134235,6254500
2008-11-20,3.4838948249816895,3.8611317364132045,3.4173233874688003,3.633680096457619,8698900
2008-11-21,3.47279953956604,3.6558703927931364,2.918039250014685,3.5282755156151118,11334900
2008-11-24,4.005369663238525,4.071941107156362,3.4672522330608384,3.5227282158837414,9129400
2008-11-25,4.205084323883057,4.221727254390714,3.8222995675109823,4.138513130913236,6747800
2008-11-26,4.304940700531006,4.3271310946961865,3.933251201468672,4.044203172294578,4402100
2008-11-28,4.438082218170166,4.4436299479174295,4.216178054355595,4.299392148852348,2105700
2008-12-01,3.661418914794922,4.42144066733041,3.6558714478542114,4.299393484800418,4598900
2008-12-02,3.8944177627563477,4.022012657649192,3.617037579470197,3.8833225660061164,6118400
2008-12-03,4.243917465209961,4.277203060229482,3.617038097683008,3.622585829118125,6213800
2008-12-04,4.094131946563721,4.482464133184292,3.9776322376714734,3.9831797042932853,5485800
2008-12-05,4.404797077178955,4.404797077178955,3.9554412390482123,3.999822023377618,5458100
2008-12-08,4.449176788330078,4.582319101287155,4.28274836807321,4.532390601663121,5361000
2008-12-09,4.393703460693359,4.554583993991387,4.277203727680245,4.438084260978273,6409800
2008-12-10,4.480029582977295,4.553379988272512,4.305116622729812,4.434890789242258,4872700
2008-12-11,4.158416748046875,4.513885278283334,4.101993235878039,4.367183877595832,4872800
2008-12-12,4.124563217163086,4.231768039790268,3.9157960584384224,3.9552926570006153,4996200
2008-12-15,3.9327220916748047,4.214839897274241,3.853729181440544,4.124562285577944,4647600
2008-12-16,4.4631028175354,4.4631028175354,4.034283967964051,4.090707465401273,5145100
2008-12-17,4.372824668884277,4.513883529170867,4.118918827987786,4.254335204719668,5120100
2008-12-18,4.361541271209717,4.519527360215299,4.299475278845184,4.395395375486234,5128300
2008-12-19,4.124563217163086,4.519528395639318,4.079424401119761,4.237410526319967,9242900
2008-12-22,3.881941080093384,4.152774184961492,3.842444490345439,4.1471316996909975,3916500
2008-12-23,3.9157967567443848,4.01171689246622,3.8085919149993113,4.01171689246622,3648100
2008-12-24,4.079423427581787,4.079423427581787,3.9214373400843248,3.9214373400843248,1384000
2008-12-26,3.9609320163726807,4.2204802903868535,3.887581358705986,4.045567369907454,1858500
2008-12-29,3.9722185134887695,3.9778609985056446,3.8085902146783215,3.9440066265013844,2418200
2008-12-30,4.023000717163086,4.034285420714163,3.865014598399449,3.9665771994076997,3142100
2008-12-31,4.322044372558594,4.36154095924709,3.9835030849593522,4.0342843722662085,5196000
2009-01-02,4.502601623535156,4.513886328594699,4.203556535884378,4.446178098237441,4066300
2009-01-05,4.3953962326049805,4.513885755202942,4.220483191876693,4.474389157987436,5473800
2009-01-06,4.344614505767822,4.513885312610114,4.288190993169902,4.440534611708553,6697200
2009-01-07,4.0342817306518555,4.288187462833789,4.022997037422621,4.259975864284857,5080900
2009-01-08,3.9609320163726807,4.085063670921542,3.8085884876294385,3.955289802962828,6821800
2009-01-09,3.746523141860962,4.017356156275515,3.7183115320761977,4.017356156275515,7206300
2009-01-12,3.3910560607910156,3.735239580604403,3.328990069903152,3.7070279622361,11696100
2009-01-13,3.3346335887908936,3.458765619064714,3.165363005301962,3.4023420912350697,14798700
2009-01-14,2.792966842651367,3.159720132355226,2.5729149764484798,3.159720132355226,22783700
2009-01-15,2.4205706119537354,2.8437472961281434,2.268227016412888,2.747827204667519,19836300
2009-01-16,2.572913408279419,2.651906289454447,2.3472191930166475,2.5390593163472643,15245400
2009-01-20,2.149738311767578,2.7929670322924736,2.138453606812706,2.5559882282401563,12889200
2009-01-21,2.6011269092559814,2.623696317961357,2.2738702139794627,2.335935953394958,13427000
2009-01-22,1.8055534362792969,2.115882901610689,1.6249981330086307,2.036889880759903,25916800
2009-01-23,1.8450502157211304,1.8958313661864346,1.670137229594179,1.7491301303179858,19727800
2009-01-26,1.754772424697876,2.031247837508229,1.754772424697876,1.873261906548632,15526800
2009-01-27,1.7660571336746216,1.8789041231225272,1.7378452517884222,1.8055535799813884,8036200
2009-01-28,2.082029342651367,2.307723630647033,1.8901891574977772,1.9748245491272134,26909400
2009-01-29,1.9353289604187012,2.082030272797348,1.8901900019392128,2.059460860819757,9448500
2009-01-30,1.624998927116394,1.9861097101260745,1.6024293854695462,1.9635403030035041,10951900
2009-02-02,1.1397559642791748,1.608071495134445,1.088974738637016,1.608071495134445,27837000
2009-02-03,1.0212661027908325,1.29209912174989,0.9930543580084745,1.1961790549656626,21271800
2009-02-04,0.812499463558197,1.1341137841033793,0.7730029338315602,1.0833325508154572,23676400
2009-02-05,1.0099819898605347,1.1228291688753833,0.7222217573610288,0.8463536408249336,32742000
2009-02-06,1.33159601688385,1.433158467132597,1.0438359205447423,1.1059018474162812,27202100
2009-02-09,1.472654938697815,1.7209186487885928,1.4388008331011428,1.5967867937432039,25655600
2009-02-10,1.1059017181396484,1.5121513371210036,0.9874122291212233,1.500866636692986,39848900
2009-02-11,1.0607631206512451,1.2695303337866457,0.9874124818340577,1.1510408144426747,22947400
2009-02-12,1.0212661027908325,1.0494779148352957,0.9422731501381248,1.0212661027908325,13660900
2009-02-13,0.9535582065582275,1.0494782353771814,0.942273437936475,0.9986970119967349,10649700
2009-02-17,0.7391483187675476,0.8576377706129495,0.7335059703236808,0.8519954221690828,21728800
2009-02-18,0.7391483187675476,0.8237836799497485,0.6996518796604797,0.8181413315058816,17824100
2009-02-19,0.581162691116333,0.767360475908904,0.581162691116333,0.7335063026456504,20466800
2009-02-20,0.767360508441925,0.8181417368586621,0.5642356620371097,0.5698780132765102,32323200
2009-02-23,0.6545132994651794,0.9197040566428575,0.6375862470314027,0.9197040566428575,16080200
2009-02-24,0.7955722808837891,0.8181417535643716,0.6375863084303804,0.6770828351747995,21991500
2009-02-25,0.9366307854652405,0.9761272947599061,0.6827248848981756,0.7786448828107863,24643300
2009-02-26,1.1171867847442627,1.1736103053781004,0.9366313169295554,1.0269090844679802,35572100
2009-02-27,0.8237838745117188,1.0325510180278894,0.8181415247352369,0.8576379731706094,21312000
2009-03-02,0.7222214341163635,0.8124991638274945,0.7109367347180007,0.7617179492727476,10958400
2009-03-03,0.677082896232605,0.8294265310694061,0.6714405443691782,0.8124994754791259,12097300
2009-03-04,0.665798008441925,0.7842875113114204,0.6488709558211766,0.7730028095642547,18725500
2009-03-05,0.5980896353721619,0.6601555523515193,0.5924472853978673,0.6432285024286356,10203300
2009-03-06,0.5755201578140259,0.6657978124827474,0.5755201578140259,0.6319437172052674,10325500
2009-03-09,0.6093741655349731,0.6432282522114261,0.5755200115964291,0.5868047071552468,8974300
2009-03-10,0.7560760378837585,0.773003096794208,0.6601559028669056,0.6940100879499576,17314400
2009-03-11,0.7105972170829773,0.8470318881843355,0.6821733555067908,0.8356623435538609,16943000
2009-03-12,0.9550429582595825,0.9550429582595825,0.6537496509041996,0.7105974613671419,22994800
2009-03-13,0.8868257999420166,1.0118909977085686,0.8356628199385027,1.0005214465966767,16612000
2009-03-16,1.0005210638046265,1.0516840920014097,0.8868254606490735,0.9379884888458567,21871800
2009-03-17,0.9891514778137207,1.0005210241248004,0.8811406523227799,1.0005210241248004,9973700
2009-03-18,1.1483254432678223,1.1596949913765566,0.9550429221157787,0.9834668601554672,22823600
2009-03-19,1.0232605934143066,1.2790757756518198,0.99483671439586,1.262021448240752,16912600
2009-03-20,1.0005210638046265,1.1028471201981929,0.9152493953218839,1.0630536387633962,21404400
2009-03-23,1.1881189346313477,1.2051732578420506,1.0687386043885698,1.1426407394028062,15868500
2009-03-24,0.9891514778137207,1.1369557153934406,0.9891514778137207,1.09716223553682,21329300
2009-03-25,0.9209344983100891,1.051684468404711,0.8640866763861837,1.0005214218964094,21833400
2009-03-26,0.90388023853302,0.9834671679720212,0.8868258432641906,0.9720976163047171,16816500
2009-03-27,0.9550429582595825,0.9720973488359637,0.8640865021795877,0.8754560507186052,12577100
2009-03-30,0.8186083436012268,0.8925104800845717,0.8186083436012268,0.8640865397338343,10862000
2009-03-31,0.9436736702919006,0.9436736702919006,0.8356628615789587,0.8925106877389735,13369100
2009-04-01,1.0801085233688354,1.1085324728959425,0.8811411477506049,0.9323042026850938,29635100
2009-04-02,1.1142168045043945,1.2790753884398132,1.068738544074552,1.2392819698605722,26127500
2009-04-03,1.1426405906677246,1.1596949116585031,1.034629823291613,1.0971623335911342,14839000
2009-04-06,1.1028469800949097,1.1596947066830303,1.0687382763742017,1.1142165254125338,9107200
2009-04-07,0.9948363900184631,1.05736897123748,0.9948363900184632,1.0346298754370562,11875200
2009-04-08,0.9720970392227173,1.045999148956338,0.9379883367014437,1.023259991352878,7346900
2009-04-09,1.2222274541854858,1.2222274541854858,1.0573688285723526,1.1312709477203633,21075800
2009-04-13,1.625847339630127,1.7111191105891368,1.1483257746526039,1.1824344288219104,45029900
2009-04-14,1.4723572731018066,1.9896720566143806,1.4666725012186204,1.8475526239990678,48717700
2009-04-15,1.739543080329895,1.7622821843024556,1.3472931301959723,1.5235214570548186,23422800
2009-04-16,1.8816616535186768,1.9839877046071883,1.7622812831713603,1.9044007458637502,32644400
2009-04-17,2.2113795280456543,2.273912049778856,1.8304992163362654,1.9328252965263155,43864600
2009-04-20,1.7679669857025146,2.0919996285753304,1.7679669857025146,1.9896735236925596,28224100
2009-04-21,1.9612492322921753,1.989673106709451,1.3074994430162088,1.3643473273864848,38118400
2009-04-22,1.9044010639190674,2.256857460738731,1.8134446793480865,1.8873467418120085,39821500
2009-04-23,1.9726186990737915,2.126107750005737,1.8589230706519788,2.0465207694497525,19636800
2009-04-24,1.8418689966201782,2.052205822533252,1.8248146703733672,2.0465210471176483,29974000
2009-04-27,1.6883796453475952,1.9100859853878276,1.6826948708731204,1.7509121645668182,24611700
2009-04-28,1.5803685188293457,1.6826945770372,1.5519446514204114,1.6315314801654275,24553500
2009-04-29,1.671325445175171,1.7054340945373436,1.6201623355961867,1.6485863456003889,23394800
2009-04-30,1.5860532522201538,1.790705363462831,1.5689989322058788,1.7736509079128684,18894000
2009-05-01,1.5292054414749146,1.6372162649699489,1.495096803171961,1.6087922641818069,13411600
2009-05-04,1.6599558591842651,1.711118832111664,1.512151579636058,1.5746841021028788,31666600
2009-05-05,1.7054340839385986,1.8191297166416498,1.5974232260939136,1.665640659930034,28878500
2009-05-06,1.9612492322921753,2.080629640380458,1.7509122905328853,1.7907058502527957,44015900
2009-05-07,2.2113795280456543,2.4160315528900345,1.9669339447444256,2.3705533552658875,64928100
2009-05-08,2.956085205078125,3.2346395390387723,2.5865747577469156,2.6149984923493275,90459900
2009-05-11,3.2460081577301025,3.513192596066575,2.990193264193665,3.172105980994214,78293900
2009-05-12,2.9447145462036133,3.4392903777190944,2.7059541271097842,3.3483337565168063,59996700
2009-05-13,2.5069875717163086,2.8082809923444936,2.478563838004736,2.7116397013680684,36894700
2009-05-14,2.683215379714966,2.7798566592786904,2.41603090480764,2.41603090480764,31957600
2009-05-15,2.6320528984069824,2.836704759392364,2.569520249792415,2.7059550948540716,22015600
2009-05-18,2.836705207824707,2.9162923263050575,2.7343792611561146,2.7855423700261333,26375500
2009-05-19,2.620683193206787,2.89923723391255,2.6206831932067867,2.813965494753366,24771800
2009-05-20,2.7400643825531006,2.802596774797913,2.614999055920544,2.7798576737868057,24575900
2009-05-21,2.4444549083709717,2.5297263705816366,2.3421287200039855,2.4728786387507373,34975100
2009-05-22,2.410346746444702,2.506988056093264,2.3478143575544754,2.4956185061976366,15979000
2009-05-26,2.4160308837890625,2.4615090688183794,2.3193896050660814,2.3591831525024163,20747700
2009-05-27,2.290966272354126,2.4558248572177885,2.25117271801512,2.4558248572177885,23830100
2009-05-28,2.290966272354126,2.336444465272183,2.1602161966433,2.3080204591626914,18697400
2009-05-29,2.228433609008789,2.342129090663764,2.228433609008789,2.342129090663764,24793300
2009-06-01,2.2966508865356445,2.347813988560654,2.251172694100706,2.330759530861848,21203600
2009-06-02,2.3591830730438232,2.4387698941645994,2.1659005221077248,2.234117932889782,35760100
2009-06-03,2.2511730194091797,2.467194735763023,2.2056948204023596,2.3478143278343966,35610500
2009-06-04,2.3023362159729004,2.353499056256404,2.160216567625793,2.211379678980756,107648400
2009-06-05,2.319389820098877,2.3932920131587405,2.262542083541824,2.3932920131587405,34922400
2009-06-08,2.3534979820251465,2.3705524350496145,2.2511720770923436,2.273911167077411,23374600
2009-06-09,2.347813606262207,2.3876068826274675,2.313704967489971,2.3705526987770313,19968300
2009-06-10,2.296527147293091,2.36491002086907,2.2452398562464135,2.36491002086907,18882700
2009-06-11,2.3535125255584717,2.5130725401929834,2.3193210938510767,2.347813817742567,44578300
2009-06-12,2.3649094104766846,2.427593830940264,2.342115125167986,2.342115125167986,24840800
2009-06-15,2.5757570266723633,2.718221464589484,2.50737416168719,2.6726328879327013,85743300
2009-06-16,2.450387954711914,2.6669336508692,2.4047991153705564,2.6555365089661853,43247100
2009-06-17,2.3364169597625732,2.473182975058442,2.239541224736309,2.4560871212479416,40879500
2009-06-18,2.4674830436706543,2.50167446261715,2.3421145075335046,2.3535116471823363,26685400
2009-06-19,2.5871543884277344,2.5871543884277344,2.478881373896959,2.5187715176912575,41458600
2009-06-22,2.3421151638031006,2.575756727936031,2.319320878118391,2.5187710137242574,29527800
2009-06-23,2.37060809135437,2.433292518307301,2.342115367633469,2.4218953744730722,28483500
2009-06-24,2.4902780055999756,2.5529624267161415,2.387703720642964,2.4218951489619682,34265300
2009-06-25,2.5130722522735596,2.5130722522735596,2.404799261740165,2.4218951114998855,16145900
2009-06-26,2.4845805168151855,2.5301691052784956,2.450389075467703,2.4845805168151855,12915500
2009-06-29,2.4674830436706543,2.518770307955019,2.421894485075327,2.495976028657356,12576700
2009-06-30,2.382005453109741,2.490278465305098,2.3364168736020896,2.467484175551272,25420900
2009-07-01,2.3649094104766846,2.4104979810940823,2.342115125167986,2.393402131247901,14798600
2009-07-02,2.279431104660034,2.3706082618930395,2.256636815351783,2.3193212468141553,16115700
2009-07-06,2.2281439304351807,2.30222536991294,2.176856644162821,2.2338425027027005,22899400
2009-07-07,2.136967658996582,2.2395421446705464,2.136967658996582,2.2338435696811456,21310100
2009-07-08,1.9375168085098267,2.165459874539704,1.8577366470873122,2.1597613012855748,43876900
2009-07-09,2.0913777351379395,2.1711577344849498,2.0343918854539873,2.1483634489572325,41920800
2009-07-10,2.2053494453430176,2.2281438696559923,2.1312680078860478,2.1768565847826444,28481000
2009-07-13,2.3535125255584717,2.364909669460937,2.262335238474079,2.347813817742567,30349400
2009-07-14,2.3307182788848877,2.393402435589992,2.2908281386576266,2.382005291486396,20071500
2009-07-15,2.382005453109741,2.399101306289795,2.325019728725177,2.3364168736020896,27292300
2009-07-16,2.3478145599365234,2.364910417059256,2.290828822409798,2.3592117074418684,17749900
2009-07-17,2.239541530609131,2.3364172788665223,2.188254233902275,2.3250201320127117,23676700
2009-07-20,2.211047410964966,2.23954026195892,2.1654587135100076,2.2167459811637564,16629600
2009-07-21,2.1141724586486816,2.1711581842734358,2.0742824507113538,2.159761039148485,24465100
2009-07-22,2.233842372894287,2.2623352325761688,2.0400906553281466,2.074282222811077,27684400
2009-07-23,2.1255698204040527,2.2110485534175552,2.062885379963564,2.1483641129770663,59141700
2009-07-24,2.0913777351379395,2.1255691634295153,2.0685834496102222,2.08567916375601,17771300
2009-07-27,2.233842372894287,2.2509380887034163,2.091377938620206,2.1198707983020877,26461300
2009-07-28,2.2851290702819824,2.2965262112325218,2.1711573890473144,2.216746088714109,26829300
2009-07-29,2.2167465686798096,2.2794308574800577,2.1882535742695755,2.2794308574800577,21106600
2009-07-30,2.35921049118042,2.387703481119293,2.2395405040686613,2.2566362165131983,33249100
2009-07-31,2.3307182788848877,2.3877039994028686,2.285129702470503,2.3136224268648187,33938800
2009-08-03,2.376307249069214,2.3934028321927854,2.336417102231889,2.3706085402084267,22078600
2009-08-04,2.5130722522735596,2.518770959436571,2.3079236855327925,2.336416406159909,34714300
2009-08-05,2.581456184387207,2.6783317907968667,2.530168890847847,2.5586616203579595,30993000
2009-08-06,2.501675844192505,2.6840304510102015,2.4902786982494862,2.672633305067183,30559500
2009-08-07,2.66693377494812,2.8321924760951376,2.564359493048723,2.6042496274298097,37976400
2009-08-10,2.7182228565216064,2.76381145652314,2.6327440956539854,2.6555383956547525,20347000
2009-08-11,2.5187716484069824,2.706824688556297,2.484580211264324,2.706824688556297,26886500
2009-08-12,2.5472633838653564,2.575756372908593,2.450387818922772,2.4845792427370865,17811500
2009-08-13,2.649839401245117,2.7068251393056655,2.5415663630653587,2.6213463963501265,22691100
2009-08-14,2.6156466007232666,2.6612351675083645,2.5415650438328368,2.64983802581209,16481600
2009-08-17,2.393402576446533,2.490278442893114,2.393402576446533,2.4446898637957504,21043900
2009-08-18,2.473182201385498,2.5130720615824944,2.4446892111911067,2.4560863529230046,14817600
2009-08-19,2.4845805168151855,2.5586618372033536,2.3991017775817687,2.3991017775817687,19246200
2009-08-20,2.5757570266723633,2.5928528787833325,2.5016754537404164,2.50737416168719,20684500
2009-08-21,2.632742404937744,2.678330975662833,2.592852541417949,2.6156468267804933,26483000
2009-08-24,2.5130722522735596,2.6954268055502215,2.484579531646443,2.684029662953512,27575600
2009-08-25,2.5244698524475098,2.6099485732810828,2.507374271318413,2.5643599946310074,13497700
2009-08-26,2.5130722522735596,2.5814553795831285,2.4731823890497338,2.5073738168398614,12137400
2009-08-27,2.5130722522735596,2.524469394870269,2.416196404336874,2.5016751096768504,16497200
2009-08-28,2.558661460876465,2.615647459803546,2.5187715877027657,2.5472643154369248,17315600
2009-08-31,2.5985512733459473,2.6327427052904446,2.456086837712533,2.490278269657031,14390900
2009-09-01,2.4218955039978027,2.6384415201585343,2.4218955039978027,2.5529628009656813,20475500
2009-09-02,2.239541530609131,2.399101722427189,2.2053499541829913,2.393403013135576,35129700
2009-09-03,2.319321632385254,2.342115925482898,2.268034337050851,2.307924485836432,18162300
2009-09-04,2.3421151638031006,2.3421151638031006,2.2965265924336817,2.3307180209607457,16939300
2009-09-08,2.325019359588623,2.3934022179931533,2.307923780852153,2.3820050749257318,14167000
2009-09-09,2.325019359588623,2.3307317959803573,2.2678934974880716,2.307881505619526,18194400
2009-09-10,2.3364453315734863,2.342157769986697,2.290744734679626,2.3307326207632317,19632000
2009-09-11,2.3135950565338135,2.359295653890039,2.3021699071947572,2.3478705045509827,29787600
2009-09-14,2.3364453315734863,2.3364453315734863,2.2621817254224412,2.290744734679626,17468900
2009-09-15,2.484971761703491,2.542097496101861,2.3135945585083815,2.3307321426293983,38916600
2009-09-16,2.5935111045837402,2.7249004456704506,2.467834473821114,2.4963972082504733,53049400
2009-09-17,2.57637357711792,2.7134753592560745,2.559235718152137,2.582086015175163,35582700
2009-09-18,2.484971761703491,2.542097496101861,2.3992830239074423,2.4678341775824744,109976900
2009-09-21,2.519247055053711,2.6106484971442687,2.4164207391484274,2.444983740876159,44686300
2009-09-22,2.5649478435516357,2.616361141784865,2.530672402195148,2.5877984101862888,29420200
2009-09-23,2.496397018432617,2.5877984698889533,2.496397018432617,2.5877984698889533,19651000
2009-09-24,2.3878579139709473,2.519247241318451,2.3707203295847905,2.5135348039887297,25510900
2009-09-25,2.35929536819458,2.4221335457515685,2.3135947763724016,2.3650078059738453,23517200
2009-09-28,2.3992834091186523,2.3992834091186523,2.3250200786760944,2.37072067353214,24210000
2009-09-29,2.5135345458984375,2.5649475661748,2.4792591082485407,2.496396690875007,42160400
2009-09-30,2.690624713897705,2.7706007431243886,2.5420975300797295,2.5935108279239505,89526000
2009-10-01,2.5535221099853516,2.702049260816058,2.5078215320057287,2.679198971826246,37664800
2009-10-02,2.5420970916748047,2.5935103806523943,2.4164204959925195,2.4621210762406234,26164300
2009-10-05,2.6449241638183594,2.6620617484149816,2.582085718037754,2.6449241638183594,24044500
2009-10-06,2.57637357711792,2.7134753592560745,2.524960272617598,2.6963375002902916,33336700
2009-10-07,2.616360902786255,2.633498758097492,2.5535224631743447,2.5535224631743447,22820800
2009-10-08,2.616360902786255,2.633498758097492,2.5592351724104137,2.6277860488614233,18766600
2009-10-09,2.59922456741333,2.610649718972191,2.559236400758767,2.582086703876489,15211900
2009-10-12,2.616360902786255,2.6677741963229966,2.5706603184855816,2.6106484659471554,15247100
2009-10-13,2.587798833847046,2.639211868100351,2.5820861231538794,2.6106491318256344,18774400
2009-10-14,2.6734869480133057,2.6734869480133057,2.6049360634891956,2.656349363080779,18386500
2009-10-15,2.7249021530151367,2.724902153015137,2.6163630404232614,2.662063662062537,23720200
2009-10-16,2.616360902786255,2.6677741963229966,2.6049357567110865,2.656349050247828,15715700
2009-10-19,2.519247055053711,2.639211226475028,2.5078219088420126,2.622073643355967,19015500
2009-10-20,2.496397018432617,2.564947902727119,2.4678342861750746,2.52496002308716,16005900
2009-10-21,2.4621214866638184,2.5535226623961393,2.4564090493790434,2.4849717805968985,17893000
2009-10-22,2.5249600410461426,2.5249600410461426,2.3878579990849893,2.4278461514063676,27788600
2009-10-23,2.3992834091186523,2.5306727555283,2.37072067353214,2.519247606814288,19394300
2009-10-26,2.3364453315734863,2.427846525361207,2.3135950331265565,2.4107086653274874,21155000
2009-10-27,2.307882308959961,2.3821459146812223,2.25646913775191,2.3478704672091886,32866900
2009-10-28,2.1764931678771973,2.330732832611894,2.1707805927462283,2.3021700931555835,29543600
2009-10-29,2.325019359588623,2.3364445047690388,2.1879173450266887,2.262180924897864,24758000
2009-10-30,2.1764931678771973,2.3021700931555835,2.1022296911746006,2.2964573818260803,29790100
2009-11-02,2.0622410774230957,2.2450437139769166,2.0165404863838927,2.2336185662171157,27857900
2009-11-03,2.1822049617767334,2.2050552541201833,1.9994024868306501,2.0165402060882376,28656700
2009-11-04,2.1079418659210205,2.2793192234970405,2.090804143783269,2.239331205175621,26107600
2009-11-05,2.1536426544189453,2.18220552724973,2.096516908757377,2.1422175052866317,25912700
2009-11-06,2.210767984390259,2.2279058410648225,2.1022290880418253,2.113654235025871,27848200
2009-11-09,2.2507565021514893,2.2793193742704636,2.205055770562612,2.245043927727694,22444800
2009-11-10,2.1707801818847656,2.2450437807300974,2.147929885685743,2.2393312066803417,15412500
2009-11-11,2.2050557136535645,2.2450438697866146,2.1822054165481153,2.210768287929927,11240400
2009-11-12,2.1422183513641357,2.227907139898131,2.1422183513641357,2.1993441195877494,14379400
2009-11-13,2.1707801818847656,2.1993430521335435,2.1307921635364764,2.16506760783501,15589600
2009-11-16,2.1593546867370605,2.2164805542519432,2.113654101683944,2.182204979263619,26799800
2009-11-17,2.1764931678771973,2.1822057430081663,2.1079422663055696,2.142217717091383,24766100
2009-11-18,2.239330768585205,2.279318779110375,2.14792946547205,2.170779757200718,30491600
2009-11-19,2.187917947769165,2.2279061031153016,2.1479299286215396,2.2050556702610042,22501000
2009-11-20,2.1593546867370605,2.2050552717901772,2.1365043942105024,2.182204979263619,18678800
2009-11-23,2.1707801818847656,2.216480910481319,2.1593550337852543,2.1993430521335435,19312700
2009-11-24,2.1479289531707764,2.182204382588766,2.119366095322451,2.182204382588766,15119900
2009-11-25,2.125079870223999,2.187918193072674,2.119367295419574,2.187918193072674,10565800
2009-11-27,2.050816297531128,2.102229607871065,2.050816297531128,2.06224144734033,8150400
2009-11-30,2.1822049617767334,2.187917534862596,2.0565282176892743,2.0679533638609993,27762000
2009-12-01,2.1822049617767334,2.2221931095762564,2.1307918040039717,2.2164805364903937,22746200
2009-12-02,2.210767984390259,2.2221932675728,2.1593548229620536,2.1879176904221675,20224700
2009-12-03,2.102228879928589,2.2336181934365307,2.0965163070020907,2.2279056205100325,26952600
2009-12-04,2.1079418659210205,2.170780180426108,2.085091569737352,2.1593550323342736,24144300
2009-12-07,2.102228879928589,2.147929463340575,2.0908037340755925,2.1136540257815852,21730200
2009-12-08,2.1650681495666504,2.1764933005249008,2.085092092858895,2.096517243817146,21075200
2009-12-09,2.1307921409606934,2.1822053068637706,2.1250795669714626,2.1650675848960783,19767800
2009-12-10,2.125079870223999,2.170780468659399,2.113654720615149,2.1593553190505492,10134600
2009-12-11,2.1307921409606934,2.147929862928386,2.1022292710145396,2.1307921409606934,9132500
2009-12-14,2.2221930027008057,2.227905575511924,2.136504274335547,2.1593545655800215,14036100
2009-12-15,2.1307921409606934,2.2393311829545857,2.1079418450037704,2.1879178808530013,20517100
2009-12-16,2.0735132694244385,2.1537044529649836,2.06778533749759,2.136520657184439,16600100
2009-12-17,2.107880115509033,2.1708873403390285,2.062056542704424,2.0677844722344236,14433200
2009-12-18,2.1307921409606934,2.1537038623853304,2.079240767755261,2.113608349892216,19867400
2009-12-21,2.1422479152679443,2.147975845393074,2.1078803345171653,2.1365199851428143,8908600
2009-12-22,2.1365201473236084,2.1422480778835387,2.119336355643817,2.1365201473236084,4617300
2009-12-23,2.107880115509033,2.1479756222190303,2.1021521859790333,2.1307918336290315,9401100
2009-12-24,2.1307921409606934,2.1307921409606934,2.113608349892216,2.1193362802483753,2183900
2009-12-28,2.119335889816284,2.1594313949228523,2.096424172612531,2.1307917484181607,7041100
2009-12-29,2.1136083602905273,2.1250642210592052,2.090696638753172,2.119336290674866,6456400
2009-12-30,2.107880115509033,2.1136080450390327,2.0849683973890345,2.1136080450390327,6394800
2009-12-31,2.0906972885131836,2.1078810850066882,2.079241424184181,2.102153152842187,10417400
2010-01-04,2.107880115509033,2.142247692689031,2.0906963269190344,2.125063904099032,10462800
2010-01-05,2.153702974319458,2.159430902313742,2.090695766382333,2.107879550365185,21226600
2010-01-06,2.2109832763671875,2.2281672048584915,2.1307922473760823,2.1479760393027476,18761000
2010-01-07,2.457284688949585,2.491652274506936,2.1937995932139347,2.205255455066385,66130600
2010-01-08,2.417189359664917,2.5031084716311316,2.3656381109886504,2.4229174279230175,29869600
2010-01-11,2.4801955223083496,2.543202876442951,2.4114603758683435,2.4687396645683486,28307500
2010-01-12,2.411461591720581,2.5317482952034096,2.3770940011725346,2.440101387075285,25239200
2010-01-13,2.4687399864196777,2.485923911834556,2.3369974686697077,2.411460690252132,26868200
2010-01-14,2.5260190963745117,2.5489308131525275,2.4458280876514564,2.468739804429472,24295600
2010-01-15,2.451556444168091,2.526019395963433,2.41718859179579,2.52029160265421,17671600
2010-01-19,2.4630119800567627,2.497379554780864,2.4114604814060088,2.4458280561301096,15203200
2010-01-20,2.457284688949585,2.526019860064287,2.4229171033922334,2.434372965244684,20893700
2010-01-21,2.594755172729492,2.720769646716313,2.5031080094279816,2.5088360766283846,63969900
2010-01-22,2.686401844024658,2.7895045870680297,2.4343726434560504,2.5317475928949733,61227600
2010-01-25,2.749408721923828,2.8295997299839213,2.6634896481519825,2.7322247979177767,34705900
2010-01-26,2.634850263595581,2.858239670620774,2.634850263595581,2.783776717031875,45439900
2010-01-27,2.7952327728271484,2.806688633653109,2.6634902367639635,2.6749460975899244,34009000
2010-01-28,2.8582403659820557,2.9155199531645475,2.818144982709488,2.9097918851945725,40498900
2010-01-29,2.743680953979492,2.8926074010973406,2.7150411685709104,2.8926074010973406,27561700
2010-02-01,2.8066885471343994,2.829600268080047,2.737953384297457,2.778048759387711,18652800
2010-02-02,2.8238718509674072,2.8295999170578603,2.7608647627477643,2.7952323399028125,35142400
2010-02-03,2.6978578567504883,2.8066886726748392,2.652034412809556,2.795232811689606,41303100
2010-02-04,2.600482702255249,2.6806737229981743,2.5546592618307202,2.669217862892042,35832300
2010-02-05,2.652034282684326,2.6864018639537393,2.520291751253614,2.6119386346387157,25099500
2010-02-08,2.6233937740325928,2.7093128401562434,2.5947542674108304,2.6806730604052995,17834600
2010-02-09,2.6634902954101562,2.7093137397229663,2.6176668510973466,2.6692180893846214,17433300
2010-02-10,2.6978578567504883,2.720769578720955,2.6405785518243223,2.6405785518243223,14027800
2010-02-11,2.743680953979492,2.755136813517078,2.6806735899581535,2.720769234904321,16127900
2010-02-12,2.680673837661743,2.7322253469090354,2.6463062558733026,2.6978577651205944,13711900
2010-02-16,2.7608654499053955,2.760865449905395,2.692130005358365,2.7093139347774455,14918600
2010-02-17,2.7264976501464844,2.7952328161680082,2.7093137220764683,2.7665930270944044,12692100
2010-02-18,2.703585147857666,2.7494088564054397,2.686401496140318,2.7264971386961627,11941600
2010-02-19,2.778048038482666,2.778048038482666,2.6978570359825107,2.7035848281679282,11149600
2010-02-22,2.8238718509674072,2.8353277100190897,2.7952323399028125,2.8124159919157243,16529800
2010-02-23,2.755136251449585,2.835327251853147,2.749408459413921,2.8009596802516206,13714300
2010-02-24,2.800959825515747,2.829599606566933,2.76659225213184,2.7837761753883905,12362900
2010-02-25,2.749408721923828,2.7723204385124265,2.7207689396234778,2.72649700533523,10031300
2010-02-26,2.755136251449585,2.7723201738149386,2.726496745012903,2.749408459413921,9186500
2010-03-01,2.749408721923828,2.7952321551010244,2.7207689396234778,2.7837762968067254,7019800
2010-03-02,2.7665915489196777,2.789503258685251,2.743679839154104,2.7723196129256333,11973800
2010-03-03,2.755136251449585,2.7895038230511116,2.7322245370485674,2.7723201738149386,10153200
2010-03-04,2.755136251449585,2.7723201738149386,2.7436803942490764,2.766592108650094,5681800
2010-03-05,2.841055154800415,2.841055154800415,2.7608641589755707,2.7837758720683836,14761100
2010-03-08,2.841055154800415,2.8811507892774197,2.800959520323411,2.863966867893228,12788000
2010-03-09,2.8811519145965576,2.9441590136464977,2.7780488922798,2.8238723363631273,21012700
2010-03-10,3.007166624069214,3.1159974489539004,2.9498873144270874,2.972799038283938,39935500
2010-03-11,3.093085289001465,3.219099752447303,3.0300779207139183,3.0358059874351744,54603100
2010-03-12,3.133180618286133,3.2190997059594144,3.0930852443333854,3.196187985663773,26892500
2010-03-15,3.09881329536438,3.121725017564062,3.018622267665492,3.110269156464221,22332300
2010-03-16,3.1734142303466797,3.1734142303466797,3.1102901840915815,3.14472140742117,18207300
2010-03-17,3.305400848388672,3.3340933987653147,3.2135839757322873,3.236538125487621,32758400
2010-03-18,3.1561989784240723,3.334093797099037,3.138983227233232,3.334093797099037,32948700
2010-03-19,3.052905321121216,3.1848918360517495,3.035689569767196,3.1619376833364465,37237600
2010-03-22,3.1389825344085693,3.167675355515302,2.9496106812821963,2.9783035023889286,22213500
2010-03-23,3.144721269607544,3.1791524914282254,3.0873358999064084,3.1561983435477714,24917400
2010-03-24,3.144721269607544,3.1791524914282254,3.12176712172709,3.133244195667317,20073200
2010-03-25,3.1561989784240723,3.2652313396058408,3.150460303482098,3.2021072834195365,25154200
2010-03-26,3.1389825344085693,3.242276471484789,3.09881291322117,3.2193223240534117,23286100
2010-03-29,3.1275060176849365,3.184891670118479,3.087336389343542,3.1791529954210964,14392400
2010-03-30,3.1045517921447754,3.1561987686495336,3.0701205656866244,3.1389830186029264,11651500
2010-03-31,3.0930752754211426,3.15619933881528,3.052905640780875,3.0701211203023857,16615500
2010-04-01,3.0930752754211426,3.15619933881528,3.052905640780875,3.1447222612559016,11268500
2010-04-05,3.1734142303466797,3.184891304789876,3.093074435609268,3.1102901840915815,17259300
2010-04-06,3.357046365737915,3.3570463657379155,3.15619748932598,3.179151630993918,37087600
2010-04-07,3.3800010681152344,3.471817923653465,3.3340927771636175,3.374262668563781,35276600
2010-04-08,3.3857405185699463,3.4718187206827955,3.270969491207793,3.3742634431972367,29871500
2010-04-09,3.362786054611206,3.443125574737266,3.3398319060037607,3.443125574737266,21108300
2010-04-12,3.4603400230407715,3.4890325612034387,3.3570461194773578,3.3800002594614647,24430800
2010-04-13,3.265230417251587,3.3742627476341713,3.196367979210483,3.3742627476341713,51725500
2010-04-14,3.3742637634277344,3.4144333942269376,3.316878381118097,3.345570935455372,31518700
2010-04-15,3.299661636352539,3.414432366423843,3.2881845633454088,3.3857398207235194,24467800
2010-04-16,3.190629720687866,3.3054007393122022,3.0356890781347965,3.3054007393122022,45066500
2010-04-19,3.150460958480835,3.2250621064260083,3.0184746909957214,3.1561996346159127,33650200
2010-04-20,3.3455700874328613,3.3570471609856236,3.1389824898481256,3.202106531205826,37734900
2010-04-21,3.7816996574401855,3.902209073818722,3.506249601951393,3.534942150743642,118063900
2010-04-22,3.953855037689209,4.005501999024193,3.7644832109742445,3.8333456436642344,54644000
2010-04-23,4.114535808563232,4.177659864836004,4.034196274711122,4.074365904819636,55055600
2010-04-26,3.936640501022339,4.246521795338305,3.930901826784798,4.154704922982985,40319800
2010-04-27,3.8333468437194824,3.9366407987263248,3.7644843894716336,3.844823919427457,35501300
2010-04-28,3.8620386123657227,3.9825480111210494,3.7989145764379337,3.890731430596989,29130000
2010-04-29,3.9423787593841553,3.994025731118415,3.8735163128285026,3.9309016849582137,18829200
2010-04-30,3.8792548179626465,4.039933852930138,3.862039070255759,3.9309015138132555,28582700
2010-05-03,3.94811749458313,3.971071643790645,3.879255046960586,3.9251633453756156,13053800
2010-05-04,3.8276078701019287,3.925163135843721,3.8046537221197454,3.902208987861538,22622400
2010-05-05,3.758744955062866,3.9423781159051474,3.707097991758477,3.7472678825102235,42628900
2010-05-06,3.575110673904419,3.8562990216687894,3.248013773166849,3.7415283233231134,50405100
2010-05-07,3.448864459991455,3.661190484435391,3.362786260622682,3.557896535738842,38180200
2010-05-10,3.7243130207061768,3.7702215790902187,3.5980652376462054,3.7243130207061768,33560400
2010-05-11,3.718576431274414,3.8505629509660637,3.632498218669409,3.655452372212731,32663800
2010-05-12,3.884996175765991,3.942381589084903,3.8390878451108623,3.8677804149527004,37676400
2010-05-13,3.8792548179626465,3.988286883444502,3.85056199632951,3.9079473659607564,29913000
2010-05-14,3.7472691535949707,3.839085765160577,3.695622172771774,3.8218700136744825,33066600
2010-05-17,3.730051279067993,3.7989136985476337,3.6038035100219843,3.75300541889454,22873800
2010-05-18,3.534942626953125,3.7874385679690725,3.4890343237929655,3.7874385679690725,33016500
2010-05-19,3.529203414916992,3.655451219597556,3.4488639028475427,3.5005105952175417,29417700
2010-05-20,3.357046365737915,3.454601604644129,3.305399683802531,3.3972162504742838,45452700
2010-05-21,3.5808513164520264,3.5808513164520264,3.2250616549395046,3.2652315613561185,38619300
2010-05-24,3.4431262016296387,3.598066869757569,3.4316491252362766,3.598066869757569,21195200
2010-05-25,3.4201722145080566,3.437387693114434,3.2480157866336854,3.2537544619258774,31690200
2010-05-26,3.448864459991455,3.540681060046119,3.4316487106636795,3.50624983502562,16251900
2010-05-27,3.5808513164520264,3.5865899917837285,3.4832962985289933,3.5464200853671146,15180400
2010-05-28,3.534942626953125,3.626759506908515,3.5005113995830053,3.603805355328435,13165500
2010-06-01,3.402956008911133,3.5923281637980624,3.3972176080185323,3.494772885908297,14126400
2010-06-02,3.540680408477783,3.540680408477783,3.431648079159853,3.471817971109091,13098000
2010-06-03,3.506249189376831,3.586588699630759,3.4603408978031576,3.5693729534731307,12740600
2010-06-04,3.3455700874328613,3.471818170148263,3.3168775403684654,3.414432528749434,17932500
2010-06-07,3.1963679790496826,3.3914782201563294,3.1791522327227697,3.362785674458148,17001800
2010-06-08,3.282447099685669,3.282447099685669,3.0988138638982843,3.23080038893802,20253100
2010-06-09,3.276707172393799,3.357046675648233,3.2652301005003084,3.3053999889450143,18792500
2010-06-10,3.3914794921875,3.3972181676605255,3.3054015491729785,3.351309858416752,18081800
2010-06-11,3.506249189376831,3.511987589006039,3.28818453076688,3.3283544227113455,15897600
2010-06-14,3.4890332221984863,3.5865884724301846,3.4718177507664127,3.5636343280974305,13577000
2010-06-15,3.6154894828796387,3.621237610473906,3.4775377096469384,3.5350176151605632,13169800
2010-06-16,3.529269218444824,3.5867491195753676,3.5005294049224465,3.56375715912315,11437300
2010-06-17,3.46604323387146,3.558011122635569,3.4143111593986846,3.540767006449334,12376800
2010-06-18,3.4775381088256836,3.5005300736703293,3.431553905050551,3.471789980571602,9631900
2010-06-21,3.4775381088256836,3.5465140033596207,3.4487980157269558,3.5177739102608934,10427600
2010-06-22,3.4258060455322266,3.5177739047671834,3.4200579172871213,3.47753810339481,14987900
2010-06-23,3.3625781536102295,3.471790128312704,3.3510821706986986,3.43730217957811,12883700
2010-06-24,3.299349069595337,3.3913171779571143,3.293601216995969,3.328089154849473,10764100
2010-06-25,3.4487977027893066,3.454545830521814,3.299349670773912,3.368325833134918,13915100
2010-06-28,3.408561944961548,3.454546148800837,3.3683261434702008,3.4487980205387356,9919200
2010-06-29,3.2361228466033936,3.345334838349177,3.2188787325021035,3.345334838349177,20768900
2010-06-30,3.1843903064727783,3.3280902310395493,3.178642452014752,3.2418702214823156,13381100
2010-07-01,3.1211626529693604,3.241870626617126,2.98895869488304,3.1326586374079146,23668500
2010-07-02,3.0694308280944824,3.184390671283611,3.023446890818831,3.144154589124473,12859500
2010-07-06,3.057934522628784,3.1671464992318685,3.017698444695272,3.161398370633142,12537500
2010-07-07,3.3108463287353516,3.339586148634312,3.080926399114422,3.080926399114422,16188200
2010-07-08,3.2591140270233154,3.4315537558612137,3.2073819713290312,3.391317956175285,20838100
2010-07-09,3.3970658779144287,3.420057842218505,3.224626145633853,3.2591140920899684,9543200
2010-07-12,3.408561944961548,3.443049892276634,3.339586050331375,3.3855699800848233,11026800
2010-07-13,3.540767192840576,3.558011309934567,3.4602952859358207,3.4602952859358207,13404100
2010-07-14,3.471790075302124,3.546514100129047,3.414310161622125,3.5350181173930473,15680900
2010-07-15,3.5235226154327393,3.558010568346532,3.3970665139962795,3.4775386782143487,15875300
2010-07-16,3.2936017513275146,3.5120256672544183,3.2763576425603125,3.500529686104887,21951700
2010-07-19,3.316594123840332,3.36832618245462,3.2016342981261854,3.322342252168961,15870400
2010-07-20,3.3453335762023926,3.3510814293436426,3.167145743450975,3.2016336845558504,19932600
2010-07-21,3.2591140270233154,3.477537957637149,3.2476180451007886,3.402813938097812,23191900
2010-07-22,3.3625781536102295,3.431554051079418,3.3280902048756356,3.3913182479319843,20907600
2010-07-23,3.4832847118377686,3.4832847118377686,3.3050969112518698,3.3568289506136844,21301000
2010-07-26,3.6269872188568115,3.6499791921866533,3.437303301842646,3.47753939221284,17988500
2010-07-27,3.655726671218872,3.7074584649509577,3.535018695700851,3.6327347019855245,21655900
2010-07-28,3.558009386062622,3.6557253572247976,3.517773317323551,3.6269852689703477,11909500
2010-07-29,3.4832847118377686,3.6212367254406934,3.47178873354467,3.575252538182557,14894700
2010-07-30,3.4832847118377686,3.529268625010163,3.3970647375966583,3.4200566941828554,12296200
2010-08-02,3.6154894828796387,3.6442295726793557,3.5350176151605632,3.552261449771746,21543700
2010-08-03,3.6097419261932373,3.6787178184813407,3.5982459441452197,3.6212379082412545,11340300
2010-08-04,3.6097419261932373,3.6672218364333236,3.581001834030278,3.6384817442703645,8707300
2010-08-05,3.6097419261932373,3.6154897801743298,3.5407657598193016,3.563757723915336,8914700
2010-08-06,3.5924975872039795,3.6039935685195994,3.5062775902939207,3.5637574968720216,10801100
2010-08-09,3.6384809017181396,3.649976881104067,3.5522609192808,3.6039929635603576,13908500
2010-08-10,3.517773151397705,3.6154891179508266,3.4947811915129443,3.5867490310519856,16218400
2010-08-11,3.299349069595337,3.4775371596337576,3.2993490695953365,3.43730109509512,20166500
2010-08-12,3.2476179599761963,3.2993497402286893,3.230373850501484,3.270609923218598,14959100
2010-08-13,3.253366470336914,3.2993504061021754,3.230374502454283,3.247618615409195,9625600
2010-08-16,3.190138101577759,3.2706099741800485,3.1613980100340284,3.2361220287790675,12644700
2010-08-17,3.167146921157837,3.2591147983025213,3.1613987917933475,3.241870684294946,11775800
2010-08-18,3.1613986492156982,3.2246266989440593,3.1211625677365813,3.178642762445572,12591300
2010-08-19,3.098170518875122,3.195886518434847,3.0809266801798025,3.149902583132829,13762500
2010-08-20,3.098170518875122,3.1269106154818203,3.0291946159220955,3.0924226640053067,11129700
2010-08-23,3.086674213409424,3.1441541265473765,3.0521862655266525,3.1211621612921956,16993900
2010-08-24,2.988957166671753,3.029193228677512,2.954469230989281,2.977461188110929,16991700
2010-08-25,2.983210325241089,2.988958179426183,2.896990319777944,2.9372263954169693,14750400
2010-08-26,2.977461576461792,3.0694296910295518,2.977461576461792,3.0119495166425327,10933000
2010-08-27,3.1269099712371826,3.138405952694143,2.994706047439231,3.0119498825817623,13479100
2010-08-30,3.011949062347412,3.115413141369834,2.9947052319008374,3.1096650151638134,10033700
2010-08-31,3.0464391708374023,3.1039190983070695,2.994707099071745,2.994707099071745,11586800
2010-09-01,3.1441538333892822,3.1728939243214804,3.080926071875757,3.121161870277851,13098100
2010-09-02,3.2648613452911377,3.2648613452911377,3.1326574378292444,3.1613975249632236,12620000
2010-09-03,3.287853956222534,3.356830124181344,3.2246261905485625,3.3510819959823435,10087400
2010-09-07,3.149902105331421,3.247618090068833,3.1384061232497156,3.2361221079871276,10282200
2010-09-08,3.316594123840332,3.356830199883205,3.218878134940385,3.247618228411844,20518400
2010-09-09,3.368326425552368,3.4373023259589623,3.3165943632044907,3.3740742802099857,18302400
2010-09-10,3.3625781536102295,3.43730217957811,3.3510821706986986,3.3683262821089217,11190500
2010-09-13,3.4947824478149414,3.523522545045253,3.448798511515147,3.483286463739993,16229100
2010-09-14,3.489032745361328,3.5350166573124273,3.431552581336719,3.4832846193245732,13017800
2010-09-15,3.4947919845581055,3.5293368466948216,3.4199446459928073,3.4429745540839516,13766300
2010-09-16,3.3911561965942383,3.5063059801104646,3.3335814421051677,3.466003514699073,34740400
2010-09-17,3.3393383026123047,3.442972837348181,3.3393383026123042,3.437215225927176,12751500
2010-09-20,3.454489231109619,3.483276751184121,3.3508546530100602,3.368126945424251,20366400
2010-09-21,3.408428430557251,3.4890330790461155,3.3911558686120364,3.460245841854836,15099800
2010-09-22,3.327824831008911,3.4257017977560498,3.310552263619331,3.3969145514909425,12855800
2010-09-23,3.2414612770080566,3.3738833268097124,3.2299463280921756,3.281763460944623,13092400
2010-09-24,3.3623688220977783,3.3681261600473045,3.2990364574245463,3.3105514078616727,11225500
2010-09-27,3.304793357849121,3.391155611963019,3.287521071749164,3.391155611963019,9814700
2010-09-28,3.2932796478271484,3.333582121451731,3.2184325890074095,3.3163098288541533,15220400
2010-09-29,3.247218608856201,3.304793353340914,3.235703659959259,3.276006118367576,10832200
2010-09-30,3.2760066986083984,3.3508540169643752,3.2529767967354957,3.264491747671947,9614600
2010-10-01,3.2875211238861084,3.3450958693624417,3.258733613878921,3.299036072981375,11581400
2010-10-04,3.2817649841308594,3.3508549842313617,3.2760076442697468,3.281764984130859,11350400
2010-10-05,3.419945240020752,3.4429751521120804,3.3047954050259025,3.3105530203178386,20134400
2010-10-06,3.3911561965942383,3.471761127417022,3.3796412456964244,3.437216000185495,12453300
2010-10-07,3.3969130516052246,3.43145789659318,3.350853258287951,3.425700285159509,10269600
2010-10-08,3.3738858699798584,3.4199457003623968,3.339340997192955,3.3969157851711276,7599700
2010-10-11,3.350853204727173,3.396912997308217,3.333580645240272,3.373883101017695,8717300
2010-10-12,3.419945240020752,3.4314601960664164,3.3105530203178386,3.3278255916554387,8221500
2010-10-13,3.3854000568389893,3.4832773113877975,3.3854000568389893,3.4544897866834954,14289900
2010-10-14,3.299036979675293,3.3623693543742927,3.2529771706353356,3.3566117409752394,20604100
2010-10-15,3.2760066986083984,3.333581453290655,3.1896444293159703,3.333581453290655,21973400
2010-10-18,3.304793357849121,3.3220659184871155,3.2299463271859112,3.264491173923863,8987200
2010-10-19,3.299036979675293,3.3738843066342823,3.241462218375346,3.2702494617562605,16961000
2010-10-20,3.224189281463623,3.287521648870151,3.126312061254831,3.2817640361340636,27209900
2010-10-21,3.235704183578491,3.3853988180011805,3.235704183578491,3.3393390149597626,37946100
2010-10-22,3.2760066986083984,3.316309164155021,3.2529767967354957,3.258734134934678,14831900
2010-10-25,3.2529778480529785,3.3163102359406564,3.2472202334549283,3.310552621342606,14655200
2010-10-26,3.235704183578491,3.2529767469880637,3.183887042425937,3.2299468454673548,14718200
2010-10-27,3.2817649841308594,3.2875225985301366,3.206917918707409,3.206917918707409,10891400
2010-10-28,3.258735418319702,3.304795240205208,3.2357055073769487,3.304795240205208,8836900
2010-10-29,3.258735418319702,3.2702503737910784,3.224190551905572,3.2472204628483254,8625400
2010-11-01,3.224189281463623,3.2702490851999757,3.1666145267931824,3.2587341342658873,15263200
2010-11-02,3.2011606693267822,3.2472204916204026,3.1723734176623677,3.2357055360469977,15711000
2010-11-03,3.247218608856201,3.247218608856201,3.183886527192036,3.201158813268431,9912200
2010-11-04,3.379641056060791,3.408428568959068,3.2529766032921272,3.2760065037955206,21447200
2010-11-05,3.419945240020752,3.5120648883860657,3.3163106356097747,3.3393405477011027,19343100
2010-11-08,3.4314584732055664,3.4717609363995026,3.402670960275888,3.4141859105401453,12013200
2010-11-09,3.3681273460388184,3.500549459963539,3.368127346038819,3.437217072989585,14111400
2010-11-10,3.5178215503692627,3.523578889562786,3.3566119348786043,3.419944313236163,14085700
2010-11-11,3.5466089248657227,3.586911398843976,3.466004251447359,3.4832768187346512,15817600
2010-11-12,3.3969130516052246,3.529335094661399,3.3969130516052246,3.5005475865690907,11854600
2010-11-15,3.419945240020752,3.4602477234496805,3.402672668683152,3.4372175368201443,8817700
2010-11-16,3.327824831008911,3.4084295049046145,3.2817647428160788,3.391156937515034,12529900
2010-11-17,3.2702503204345703,3.3450976670464265,3.2644929800619145,3.322067756479423,7691400
2010-11-18,3.3163092136383057,3.419943773612719,3.2932790368836793,3.333581503031663,12749000
2010-11-19,3.2932796478271484,3.322067168207299,3.2644924019851382,3.270249741338284,6310500
2010-11-22,3.304793357849121,3.316308581299809,3.2587335621985187,3.2702485111111694,7769000
2010-11-23,3.2069172859191895,3.293279288562098,3.2011596726560034,3.2529770938722367,11210600
2010-11-24,3.235704183578491,3.2817639866199086,3.1954019931862914,3.2817639866199086,7774700
2010-11-26,3.195403814315796,3.2414636436077027,3.195403814315796,3.195403814315796,2175000
2010-11-29,3.3335821628570557,3.3450971162445113,3.1838877688201332,3.1896451082447888,15097500
2010-11-30,3.3623688220977783,3.3969136734091574,3.2702489440626934,3.293278844936946,12972300
2010-12-01,3.4717605113983154,3.4717605113983154,3.396913206574161,3.4429730019927067,16067900
2010-12-02,3.5984256267547607,3.632970479827036,3.4775185037327536,3.4832761165138435,24356100
2010-12-03,3.6905462741851807,3.6963038885875834,3.5063070059189414,3.5408518687188613,17137600
2010-12-06,3.7193331718444824,3.742363076506086,3.5869110827712043,3.6617584101904743,16941700
2010-12-07,3.6905462741851807,3.7941811371231062,3.6502440715210236,3.7538786599207836,15059700
2010-12-08,3.736605167388916,3.811452488885415,3.66751545887127,3.6790304102908777,17825800
2010-12-09,3.869028329849243,3.892058513678209,3.771151352632466,3.771151352632466,22278000
2010-12-10,3.938117504119873,3.949632456343809,3.8229677073423924,3.880542468462074,15283700
2010-12-13,3.8344833850860596,3.869028248294076,3.673274023448647,3.7481213643351015,74638200
2010-12-14,3.627213716506958,3.8056956229392758,3.5984261971147875,3.788423056396347,161746100
2010-12-15,3.6099398136138916,3.725089299479554,3.6041824765896235,3.667514556546723,53046800
2010-12-16,3.6041741371154785,3.6676076789221765,3.5753406340278886,3.661840868313993,40036000
2010-12-17,3.592641592025757,3.690675194412809,3.592641592025757,3.6849083825186413,35637900
2010-12-20,3.7656424045562744,3.788709104050119,3.684908681351069,3.690675493712904,42711800
2010-12-21,3.8636746406555176,3.904041490773273,3.7656413331866885,3.806007908327774,34433400
2010-12-22,3.9501750469207764,3.9732417408462397,3.8925083121071182,3.93287516396502,52057400
2010-12-23,3.967473268508911,3.9732398016875523,3.8694397296830894,3.950173119019894,28012200
2010-12-27,4.013608932495117,4.019375468976335,3.921342148981985,3.950175381341486,16869700
2010-12-28,4.013608932495117,4.0366756283734,4.007842121037194,4.019375468976335,11671600
2010-12-29,4.013608932495117,4.025142280434259,3.973242077219769,4.025142280434259,14410000
2010-12-30,3.9732422828674316,4.013609140232093,3.950175585795259,4.013609140232093,7763200
2010-12-31,3.9617080688476562,3.996308106897113,3.955941533327743,3.9617080688476562,7805200
2011-01-03,4.100108623504639,4.105875159203848,4.013608388203163,4.013608388203163,23817500
2011-01-04,4.146241188049316,4.186608029857816,4.030907472157865,4.186608029857816,33345300
2011-01-05,4.140476226806641,4.175076274526409,4.0770429434754325,4.100109641955278,27155900
2011-01-06,4.123176097869873,4.221209698130298,4.094342588977964,4.186609652446039,24483300
2011-01-07,4.088574409484863,4.169307816977862,4.019374070942826,4.163541007525772,29418500
2011-01-10,4.152008056640625,4.18084155667733,4.042441416445072,4.065508106483782,26212500
2011-01-11,4.105876445770264,4.23274357062638,4.100109908264124,4.186610170670248,22115500
2011-01-12,4.1635422706604,4.209675935343317,4.140475575807289,4.175075618086956,20455700
2011-01-13,4.105876445770264,4.169310008198321,4.0712763958031655,4.157776658209289,24320100
2011-01-14,4.180842399597168,4.209675905447135,4.094342157023957,4.094342157023957,22712700
2011-01-18,4.146241188049316,4.203907908506736,4.128941034423784,4.175074410789719,15225500
2011-01-19,4.036675453186035,4.157775738779751,4.007841947101172,4.105875537817675,35861900
2011-01-20,3.9501750469207764,3.9963084347717026,3.840608113286485,3.938641699958045,35920300
2011-01-21,4.048207759857178,4.088574603002599,4.007840916711757,4.019374261185217,19156400
2011-01-24,3.9847753047943115,4.065509012906355,3.95017526202202,4.053975665315591,18623800
2011-01-25,3.979010581970215,4.025143993359139,3.9386437095164952,3.967477229122984,23638300
2011-01-26,4.0770416259765625,4.105874852270524,3.9790080516284676,3.9790080516284676,24677500
2011-01-27,4.209676265716553,4.209676265716553,4.071275810759591,4.082809159091279,24710200
2011-01-28,4.0770416259765625,4.290408655453799,4.0712748157317815,4.209675236863399,25089200
2011-01-31,4.175074100494385,4.186607718705293,4.100107506959633,4.134707536662578,25003500
2011-02-01,4.1635422706604,4.261575861274473,4.152008923233844,4.203909124141693,31967100
2011-02-02,4.157774448394775,4.221207977108563,4.140474295117703,4.146241104535597,16968200
2011-02-03,4.2442755699157715,4.2500421055867665,4.134708642400197,4.140475178071192,12743900
2011-02-04,4.301941394805908,4.301941394805908,4.226974522046776,4.250041209822415,17081000
2011-02-07,4.359608173370361,4.359608173370361,4.26157461150605,4.319241331727229,16592500
2011-02-08,4.2673420906066895,4.376909013707423,4.255808744752752,4.3596088574381895,19530000
2011-02-09,4.25004243850708,4.307709174617598,4.157775660730253,4.290409291272787,23201100
2011-02-10,4.255807399749756,4.284640617783838,4.20967403091397,4.238507248948052,11114600
2011-02-11,4.342309951782227,4.348076488516502,4.21544284390757,4.238509540798105,16086000
2011-02-14,4.3711419105529785,4.405741945797597,4.307708375116193,4.33654187530836,11228000
2011-02-15,4.382674217224121,4.440340928968536,4.348074190177472,4.359607532526355,11214200
2011-02-16,4.348075866699219,4.417275947474535,4.336542519903333,4.405742600678649,11691600
2011-02-17,4.238509654998779,4.32500990815727,4.1866097230850645,4.32500990815727,31405500
2011-02-18,4.1635422706604,4.238509166421361,4.152008923233844,4.232742630196429,21354700
2011-02-22,3.9559414386749268,4.1116417436604085,3.9386412825758055,4.1116417436604085,26782500
2011-02-23,3.9386422634124756,4.042442675903225,3.8521420113290916,3.955942423819841,23374200
2011-02-24,3.9328742027282715,3.996307458031185,3.852140518744649,3.927107393168035,19125900
2011-02-25,4.002074241638184,4.0309074643225395,3.955940865361923,3.9963074321153442,17206300
2011-02-28,3.944408893585205,4.025142330156489,3.898275501258757,4.019375518627329,19964500
2011-03-01,3.7829411029815674,3.9674749159233498,3.782941102981568,3.9617081053736087,21278000
2011-03-02,3.8002421855926514,3.8463755813244487,3.754108789860854,3.788708836659702,14398500
2011-03-03,3.8636746406555176,3.9098083014943823,3.8290746012588714,3.857908104911078,18084300
2011-03-04,3.8348405361175537,3.8636737582076965,3.748340319893911,3.8579072237803107,14638000
2011-03-07,3.7656424045562744,3.8579092025316535,3.7483422424475163,3.840609040422896,14017400
2011-03-08,3.9501750469207764,3.9501750469207764,3.7771748424798024,3.7829413784728274,15775000
2011-03-09,3.9040420055389404,3.955942208965522,3.8636751500986324,3.9271087015114867,11787100
2011-03-10,3.8175418376922607,3.8636752305985445,3.7944751412391184,3.846375345747044,13717900
2011-03-11,3.9040420055389404,3.9271087015114867,3.7771751776899376,3.7829417141947212,9381700
2011-03-14,3.852142095565796,3.8925089540812228,3.7944753512414193,3.8752087932955464,15010300
2011-03-15,3.8290765285491943,3.8636765853610977,3.7541098762784735,3.7541098762784735,15286200
2011-03-16,3.759769916534424,3.8579510774236168,3.7482189001330486,3.8464003364136303,15299000
2011-03-17,3.829076051712036,3.852177543922755,3.7828730672905984,3.8117497948582417,11639900
2011-03-18,3.863729476928711,3.9445847245041827,3.8406279776214336,3.9041572384122443,19761400
2011-03-21,3.840625286102295,3.9272559854893876,3.7713208367491813,3.9157052439305353,17222700
2011-03-22,3.7944233417510986,3.8579522997382036,3.759771107742275,3.829075575759922,11205300
2011-03-23,3.7308926582336426,3.7828711267394084,3.713566410267931,3.7828711267394084,9656800
2011-03-24,3.753994941711426,3.765545684362573,3.684690485804542,3.7482194326901386,9937800
2011-03-25,3.805973768234253,3.857951977206276,3.7655460275747217,3.7713215371224202,10762800
2011-03-28,3.7944233417510986,3.8637278097687457,3.7944233417510986,3.8348508103989882,11883200
2011-03-29,3.8348512649536133,3.8464020109923602,3.7886482807986255,3.8001990268373724,7330200
2011-03-30,3.89837908744812,3.915705337897887,3.846400611490228,3.8695020951623116,8318600
2011-03-31,3.8348512649536133,3.9041560165776037,3.829076029629994,3.8926049951473485,9343500
2011-04-01,3.933030366897583,3.9965595694100813,3.904153656949242,3.933030366897583,18718500
2011-04-04,3.892604351043701,3.9907858138228596,3.8810536069162396,3.9619090911999364,10098800
2011-04-05,3.8868284225463867,3.9388068995331196,3.869502171753671,3.869502171753671,8986400
2011-04-06,3.961907386779785,3.961907386779785,3.8810519372802577,3.8983781837133975,9367800
2011-04-07,3.9272565841674805,3.985010300765823,3.8926040788170315,3.9503580708068173,11230600
2011-04-08,3.8868284225463867,3.9850098677918098,3.869502171753671,3.967683616999094,8682000
2011-04-11,3.829076051712036,3.9157067851979868,3.829076051712036,3.9099312744495522,9176700
2011-04-12,3.8464014530181885,3.8983799403481,3.7886477312024365,3.800198475565587,12048000
2011-04-13,3.7770957946777344,3.8983787099061242,3.7655450539603343,3.8926032018517334,17004100
2011-04-14,3.753994941711426,3.771321193383861,3.719342713757984,3.771321193383861,10585400
2011-04-15,3.76554536819458,3.8001975932385035,3.7366683762956083,3.7713208767309365,9889800
2011-04-18,3.707792043685913,3.748219506060572,3.684690557931413,3.7308935294404133,8984500
2011-04-19,3.7193429470062256,3.7655459205083055,3.6789152074961833,3.7308936903817456,14874900
2011-04-20,3.6962409019470215,3.8059730851354057,3.661588677054595,3.7944223435045967,28271400
2011-04-21,3.857952117919922,3.857952117919922,3.684690956041288,3.7424446766674992,25924900
2011-04-25,3.7944233417510986,3.8579522997382036,3.771321852411883,3.84062632042953,11103600
2011-04-26,3.840625286102295,3.840625286102295,3.759770095190329,3.811748294509463,15600000
2011-04-27,3.9099302291870117,3.9214809722044492,3.8232995188605114,3.840625771082386,15351600
2011-04-28,3.9561328887939453,3.9734591396473604,3.875277694057978,3.8868284361631162,15000000
2011-04-29,3.9214813709259033,3.967684347693398,3.8983798825421556,3.967684347693398,10537800
2011-05-02,3.9099302291870117,3.9445824582393243,3.8810532339476995,3.9330317152218868,9381100
2011-05-03,3.9561328887939453,3.9734591396473604,3.8695021853097016,3.9099299203733926,13900000
2011-05-04,3.9041552543640137,3.967684207478523,3.8695027476215205,3.9561334636948438,14790400
2011-05-05,3.840625286102295,3.909929735455408,3.8175238029845904,3.881052743862577,13100000
2011-05-06,3.8348512649536133,3.8926049951473485,3.7944237915137533,3.8868297598237294,10767200
2011-05-09,3.875279664993286,3.8926056492671393,3.8059751771147656,3.8348519093683717,8280900
2011-05-10,3.875279664993286,3.9272581685979544,3.857953405327879,3.8752796649932866,10884600
2011-05-11,3.869502544403076,3.950358022033921,3.85217656733321,3.869502544403076,12100000
2011-05-12,3.840625286102295,3.892603485421429,3.8232990360683154,3.8521760276611468,10900000
2011-05-13,3.800198554992676,3.840626298804408,3.765546321178966,3.834850788806386,13361000
2011-05-16,3.7482187747955322,3.869501689040481,3.7424435421793527,3.7770957640505696,13630000
2011-05-17,3.7944233417510986,3.8001985763901645,3.7135678536723677,3.7366693430115836,15699300
2011-05-18,3.7770957946777344,3.800197276112534,3.7539943132429343,3.794422043449525,9697000
2011-05-19,3.7944233417510986,3.829075575759922,3.777097087050949,3.8059740864207066,16035700
2011-05-20,3.6789162158966064,3.8117499388208747,3.6789162158966064,3.7770976991960468,11616900
2011-05-23,3.667363405227661,3.6904648853085154,3.621160445065953,3.626935952781849,10800000
2011-05-24,3.673140048980713,3.7020167703171563,3.6615893053678454,3.6789152830914214,7388500
2011-05-25,3.707792043685913,3.7539950151949135,3.6615890721769127,3.667364305919821,10321900
2011-05-26,3.707792043685913,3.7251180203060716,3.678915048797071,3.7020165345515714,6545800
2011-05-27,3.77132248878479,3.7886484710170496,3.7193439913049655,3.7251192269185447,6496600
2011-05-31,3.811749219894409,3.811749219894409,3.7655462424422232,3.80597398540862,7591000
2011-06-01,3.667363405227661,3.800197053388255,3.6558126651872342,3.7828710810232975,16570100
2011-06-02,3.6038360595703125,3.678916046325904,3.5749593322430515,3.667365300316698,19057500
2011-06-03,3.569182872772217,3.6442628395698353,3.5229799010172007,3.528755410182295,12163100
2011-06-06,3.499878168106079,3.5691826208468536,3.4652259417356923,3.528755161110443,21833300
2011-06-07,3.586509943008423,3.655814416450253,3.5056547239929547,3.5229807046576633,22912200
2011-06-08,3.6384873390197754,3.6673640565536822,3.557631868985441,3.557631868985441,24451400
2011-06-09,3.6442627906799316,3.7020165045989026,3.592284310457143,3.6384875569837503,13953900
2011-06-10,3.580733060836792,3.650037783121218,3.5172041222138732,3.6211607925534244,16914600
2011-06-13,3.586509943008423,3.603835923673132,3.54608219580494,3.5980606885820614,11131300
2011-06-14,3.6327109336853027,3.6904646298902866,3.598058715962313,3.6269357017604777,12288700
2011-06-15,3.6616370677948,3.707913638030735,3.56329921812838,3.6037913549998812,29330200
2011-06-16,3.655851125717163,3.6963429700481902,3.615359005556133,3.6558511257171626,8019900
2011-06-17,3.7079107761383057,3.742618177026897,3.6732033752497144,3.6905572136089617,9604600
2011-06-20,3.655851125717163,3.702127676855481,3.6327128501480037,3.6847738322636103,9368400
2011-06-21,3.702126979827881,3.702126979827881,3.632712166189658,3.6732040028969797,11144900
2011-06-22,3.6442818641662598,3.719481119297124,3.6442818641662598,3.6789892763412726,6383400
2011-06-23,3.592219829559326,3.6037889644439804,3.5575124249053633,3.5980042590866868,12895100
2011-06-24,3.5285894870758057,3.603789002535881,3.5285894870758057,3.5922198675289416,10523800
2011-06-27,3.655851125717163,3.667420263501742,3.5285903342567857,3.540159472041365,14333000
2011-06-28,3.6963424682617188,3.713696310497768,3.6211432207854135,3.6732041958336303,13487400
2011-06-29,3.7831108570098877,3.783110857009888,3.6442812323779394,3.736834315465905,12445000
2011-06-30,3.794679880142212,3.8178181502297304,3.7484033399671746,3.7831107450984525,8950700
2011-07-01,3.8351731300354004,3.8351731300354004,3.771542730476904,3.794681007438172,6871200
2011-07-05,3.806248664855957,3.835171637718231,3.754187424035828,3.8178177988348843,10673000
2011-07-06,3.7831108570098877,3.840956533939867,3.765757291845867,3.7946799923958836,8404700
2011-07-07,3.8988025188446045,3.8988025188446045,3.8120341345105886,3.829387701045405,13287600
2011-07-08,3.7773261070251465,3.852525342744452,3.77154140190755,3.846740913456777,12470800
2011-07-11,3.6616370677948,3.7310519231487023,3.6327143493123986,3.7194827805897184,13482200
2011-07-12,3.5806491374969482,3.7021251388724523,3.569080007643558,3.6674177493122815,20959200
2011-07-13,3.5806491374969482,3.6732021763240703,3.5748644346553466,3.615356527057119,17655300
2011-07-14,3.5806491374969482,3.615356527057119,3.557510877790168,3.598002694362127,14527700
2011-07-15,3.551729202270508,3.6037904689001725,3.534375630613985,3.6037904689001725,11005700
2011-07-18,3.522805690765381,3.5748666697403966,3.499667416592044,3.5517283955670598,12346700
2011-07-19,3.6211442947387695,3.6211442947387695,3.5054526224567053,3.5401600413923107,19687000
2011-07-20,3.6500661373138428,3.70212739124302,3.5922204528536357,3.62692786352976,19025800
2011-07-21,3.522805690765381,3.6616353358054035,3.441821455328716,3.6442817680903934,53767800
2011-07-22,3.551729202270508,3.569083049757079,3.4765299320421623,3.493883503698685,16213500
2011-07-25,3.4823145866394043,3.534375856597805,3.464960738043249,3.5112375756896417,24792000
2011-07-26,3.5054516792297363,3.522805521943089,3.470744269633003,3.4880981123463557,15007300
2011-07-27,3.4707446098327637,3.528590298163977,3.4244680591677934,3.4823137474990067,21117900
2011-07-28,3.4880974292755127,3.5690813691422147,3.476528295008841,3.476528295008841,18768200
2011-07-29,3.4996674060821533,3.5170209737450486,3.436037014381573,3.4533905820444684,24825200
2011-08-01,3.4707446098327637,3.5632977111627047,3.4533907654184004,3.557513280244583,15104400
2011-08-02,3.314561128616333,3.464959918966864,3.3029919908970613,3.441821643528321,36555200
2011-08-03,3.3897595405578613,3.4128978083435197,3.2451452289825418,3.355052138879374,24106200
2011-08-04,3.1525914669036865,3.378189961853837,3.1468070386338707,3.337697860645634,30924200
2011-08-05,3.117884874343872,3.279853045141581,3.0484700622148306,3.210438233012539,24419400
2011-08-08,2.8517935276031494,3.1178838272303637,2.793947870255897,2.9790542495969574,34700500
2011-08-09,3.025332450866699,3.0600398644955904,2.8170876932633497,3.0137633129904025,20320000
2011-08-10,2.724534034729004,2.9559170209066803,2.724534034729004,2.950132315233013,29184800
2011-08-11,2.9674861431121826,3.007977979326418,2.7592414289034473,2.7823796998344235,23754200
2011-08-12,2.869148015975952,3.036900598392174,2.8633633110092274,3.0079776252183783,16850000
2011-08-15,2.99062442779541,2.99062442779541,2.909640479164591,2.9154249090089612,13489500
2011-08-16,2.921208620071411,2.9848387058444787,2.915423916366666,2.944346883230682,14485600
2011-08-17,2.9501330852508545,3.0426864693773656,2.9212103768232107,2.9617022237879156,14725300
2011-08-18,2.7418878078460693,2.8749330142919733,2.718749535058083,2.8749330142919733,23616600
2011-08-19,2.6377663612365723,2.759242467252669,2.6377663612365723,2.6956120603323206,18851200
2011-08-22,2.6204113960266113,2.7418871616182665,2.6088422623593157,2.7187488942836744,11549200
2011-08-23,2.7476723194122314,2.7476723194122314,2.585704145534333,2.64355009923855,12102400
2011-08-24,2.846010684967041,2.846010684967041,2.7129654610493135,2.718749892090951,10932400
2011-08-25,2.7939484119415283,2.9964083898244103,2.7476718770917157,2.9038553201247854,18880000
2011-08-26,2.834441661834717,2.8865026466376897,2.7245347092928585,2.782380401201727,12321800
2011-08-29,2.9617016315460205,2.96170163154602,2.88071767798069,2.8922868142043083,10939300
2011-08-30,2.8517935276031494,2.955915986658056,2.84600909978335,2.932777723719155,15781300
2011-08-31,2.9038548469543457,2.9385622424362867,2.8633627476438175,2.8865010112984453,17848400
2011-09-01,2.799734354019165,2.9327795884249523,2.7881652151938803,2.903856603446727,14538900
2011-09-02,2.6898272037506104,2.7765958766128893,2.66668892776467,2.7708111697014006,11629200
2011-09-06,2.6435508728027344,2.68982742864374,2.5799204706063366,2.5972740411316986,10036300
2011-09-07,2.8749332427978516,2.8807179493696133,2.701396183094857,2.71296532040839,12112000
2011-09-08,2.782379627227783,2.8691482788696767,2.7534569272337786,2.8286561678821425,12283500
2011-09-09,2.6609041690826416,2.7881649603593344,2.6609041690826416,2.74767284025675,12506000
2011-09-12,2.7071800231933594,2.74767213287129,2.6146269448780095,2.626196079667428,23880400
2011-09-13,2.7881643772125244,2.8113026479088985,2.6840418832488964,2.7245339948825236,11235000
2011-09-14,2.9096407890319824,2.9443481992842755,2.793949145694362,2.817087419195891,17684300
2011-09-15,2.991273880004883,2.9971046785293445,2.897978601244191,2.967950129824968,11488700
2011-09-16,2.9737813472747803,3.0145980548601177,2.9038100868779795,2.9912743013945176,13089300
2011-09-19,2.8921473026275635,2.927132921847939,2.8454998103337297,2.874654353996883,12152100
2011-09-20,2.93296480178833,3.0145979356909156,2.886317018660076,2.9038099720883044,14120400
2011-09-21,2.717219114303589,2.9446260718488886,2.717219114303589,2.9271331220219405,16296200
2011-09-22,2.6705710887908936,2.7172185750166116,2.6297546773638656,2.658909217234464,19999400
2011-09-23,2.682234525680542,2.734713117331087,2.647248890593883,2.6647418471577686,13719800
2011-09-26,2.903809070587158,2.9096398678923276,2.7172188301251445,2.72304990547129,17416500
2011-09-27,2.886317014694214,3.0145979315487925,2.8513313859268914,2.9737812256330516,12647700
2011-09-28,2.822176456451416,2.9213025303742004,2.810514581757031,2.892147704617726,13463100
2011-09-29,2.909639596939087,2.9329636181106986,2.82217569921958,2.9271325433075583,16340600
2011-09-30,2.7988526821136475,2.897978477111799,2.7988526821136475,2.8629928533405065,12893700
2011-10-03,2.7230496406555176,2.868823173641008,2.7113877691383164,2.781358998241524,15165300
2011-10-04,2.862992763519287,2.862992763519287,2.635586077119846,2.682233574018089,18827100
2011-10-05,2.8979787826538086,2.9096406584737835,2.8046837760940075,2.8396694035539327,12074000
2011-10-06,3.0670764446258545,3.0787383206189127,2.828007569706583,2.897978825664931,22349800
2011-10-07,2.8921473026275635,3.090399422917344,2.874654353996883,3.090399422917344,15803700
2011-10-10,3.0612454414367676,3.0612454414367676,2.950457477810319,2.950457477810319,13870700
2011-10-11,3.055413007736206,3.0962296955950106,2.9912728557250055,3.026258469015007,9623500
2011-10-12,3.1603708267211914,3.2594968920527494,3.0903995846192687,3.1020614583029222,13068600
2011-10-13,3.055413007736206,3.1428771799816797,2.9912728557250055,3.119553437788345,16525000
2011-10-14,3.0495829582214355,3.1195542019413027,2.979611714501569,3.1078923279879915,11873500
2011-10-17,2.9271323680877686,3.0262584094798157,2.9213015716746127,3.0262584094798157,11081100
2011-10-18,3.1020615100860596,3.166201677396356,2.909640174032155,2.9679498214647957,17258900
2011-10-19,3.055413007736206,3.1487082545504825,3.0320892655428713,3.0962296955950106,27282000
2011-10-20,2.8454999923706055,2.921302311217926,2.810514370912074,2.9096401593574117,46766800
2011-10-21,2.8571619987487793,2.897978419990251,2.804683425105725,2.8863165456296858,42481600
2011-10-24,3.0145978927612305,3.0262597688669564,2.851331349240011,2.862993225345737,22116100
2011-10-25,2.921302556991577,3.026259430197354,2.9154714805707425,3.0204283537765195,17219600
2011-10-26,3.020427942276001,3.0437516886996776,2.932964032207709,2.9912733982669004,17948200
2011-10-27,3.148710250854492,3.18952668655026,3.090400858402599,3.18952668655026,37282300
2011-10-28,3.189525604248047,3.212849631355373,3.10206168426991,3.1370473078693686,19361400
2011-10-31,3.020427942276001,3.1487088256472116,3.0145971446905766,3.125385079223535,15516900
2011-11-01,2.8979787826538086,2.9854429903241475,2.8571623563044213,2.9096406584737835,21761500
2011-11-02,3.0729072093963623,3.1078928369861,2.9562884507639025,2.9562884507639025,17768300
2011-11-03,3.090399980545044,3.1370474812558915,3.0145976528693987,3.1195545294688056,13877200
2011-11-04,3.0612454414367676,3.1020621474173735,3.0087668591818546,3.0554143642790828,14308000
2011-11-07,3.113722562789917,3.125384433592687,3.043751059932363,3.0554129307351334,8938400
2011-11-08,3.2011873722076416,3.218680322445508,3.0903997068515294,3.1428780014831057,13011800
2011-11-09,2.985442876815796,3.1253856593758393,2.973781001439212,3.1253856593758393,19790600
2011-11-10,3.0145978927612305,3.0729072732898595,2.991274140549779,3.0612453971841336,14263500
2011-11-11,3.0962307453155518,3.107892620365965,3.043752168568176,3.0670761967100355,11016100
2011-11-14,3.0379199981689453,3.1020604210015557,3.00876518468842,3.0787366814334987,12551100
2011-11-15,3.0379199981689453,3.0612437377370023,2.979610649248803,3.0145962586008883,10206900
2011-11-16,3.0145978927612305,3.090400226468977,2.991274140549779,3.0029360166555046,13979500
2011-11-17,2.9621193408966064,3.096231056474574,2.9504574646742205,3.0204287220085355,17508900
2011-11-18,3.0087671279907227,3.0204290053069234,2.956288819088362,3.0029363283531656,10551900
2011-11-21,2.8921473026275635,2.973780414141773,2.874654353996883,2.9446258704786197,20161500
2011-11-22,2.8163444995880127,2.921301617064942,2.8046826285395694,2.8921468004233644,14060900
2011-11-23,2.7347123622894287,2.804683613144003,2.7172194105552676,2.7930217380015736,16630300
2011-11-25,2.752204656600952,2.810514302316355,2.717219035996308,2.758035732388891,2656800
2011-11-28,2.822176456451416,2.8863166282500208,2.781359756000556,2.8571620805345708,10562600
2011-11-29,2.833838701248169,2.8688243299004843,2.781360119249165,2.804683871684042,11360000
2011-11-30,3.0612454414367676,3.0612454414367676,2.915471848987398,2.9446266786936963,24972300
2011-12-01,3.020427942276001,3.06124463753793,2.979611525055062,3.0379208911142532,8379500
2011-12-02,3.0379199981689453,3.107891216873116,3.032088924256477,3.0612437377370023,13117800
2011-12-05,3.1020615100860596,3.1195541818830477,3.0612448124914122,3.1078923080047205,9163000
2011-12-06,3.0670764446258545,3.1078928715810297,3.055414290591741,3.1020620726050283,7801900
2011-12-07,3.090399980545044,3.1020618557227557,2.991273902513975,3.0437522017931604,8698900
2011-12-08,2.9737813472747803,3.0670766391782553,2.9737813472747803,3.055414484404382,9624500
2011-12-09,3.0670764446258545,3.0670764446258545,3.008766786619509,3.008766786619509,8451900
2011-12-12,2.9971041679382324,3.032089787247902,2.9796114973038907,3.014597116613561,11144100
2011-12-13,2.944624900817871,3.032088781046587,2.9154700887143696,3.020426911813365,10881500
2011-12-14,2.93296480178833,2.967950430603724,2.897978894931874,2.9271337246319002,11392800
2011-12-15,2.985442876815796,3.0437522536987136,2.9562883273948573,2.973781001439212,14996500
2011-12-16,2.991319417953491,3.050087914525896,2.9560583200100488,3.0207035261245454,16730900
2011-12-19,2.944305419921875,3.008950643584199,2.920797734681499,2.997196941079197,11282900
2011-12-20,3.0971031188964844,3.1088568197559834,2.9971965214755762,2.9971965214755762,15342500
2011-12-21,3.1793782711029053,3.1911319691756783,3.0500875923024022,3.0559643012236553,16219000
2011-12-22,3.2969162464141846,3.343931048892123,3.1793789599890117,3.2028863612279808,17405600
2011-12-23,3.320422887802124,3.3321765857318733,3.24990070022363,3.326299596651867,10072300
2011-12-27,3.261655330657959,3.314546846348339,3.2440246386076037,3.3027931450582164,8925900
2011-12-28,3.21463942527771,3.296915593551927,3.1852553196628657,3.291038604290795,11612200
2011-12-29,3.2969162464141846,3.3204236476531537,3.1499948485554636,3.1499948485554636,11807100
2011-12-30,3.226393699645996,3.296916182220091,3.226393699645996,3.2910391919096154,7551600
2012-01-03,3.3086702823638916,3.385069484248683,3.296916580553182,3.3086702823638916,12481800
2012-01-04,3.3380537033081055,3.373314801414882,3.2675315070945525,3.2910389058324037,10223300
2012-01-05,3.4026999473571777,3.426207351327527,3.26753223441249,3.3204240334609554,12469200
2012-01-06,3.408576488494873,3.4379605994635996,3.3674383968622688,3.4144531985964894,10175000
2012-01-09,3.4438376426696777,3.455591343283691,3.373315158755274,3.396822840213627,14953500
2012-01-10,3.4673445224761963,3.5084823283237476,3.437960135244844,3.4967286294772637,12244700
2012-01-11,3.4908530712127686,3.4908530712127686,3.4027001606822203,3.4320845576025287,13863100
2012-01-12,3.5084831714630127,3.5084831714630127,3.4555916540583804,3.5084831714630127,12156200
2012-01-13,3.5084831714630127,3.514360162413723,3.4203305490451745,3.4614683647787383,11434300
2012-01-17,3.520235538482666,3.5907580020017567,3.4790977383459625,3.5261125272051927,23837000
2012-01-18,3.5437445640563965,3.549621274788943,3.4967294770442594,3.514360169702605,18767800
2012-01-19,3.4026999473571777,3.5319909494244577,3.3615618502938864,3.5261139583166905,31401100
2012-01-20,3.479097843170166,3.4967282494084535,3.308669088305366,3.3439301810121953,27785200
2012-01-23,3.4203295707702637,3.5084821679748956,3.4085758724609616,3.5084821679748956,20288100
2012-01-24,3.4203295707702637,3.461467374737686,3.3615607989934797,3.3850684758423566,21263600
2012-01-25,3.4908530712127686,3.5084834851806517,3.3909464579601725,3.414453863404268,17878500
2012-01-26,3.314546585083008,3.5084827811984036,3.3027928847193575,3.5026060711317393,24180400
2012-01-27,3.34980845451355,3.3850698439226647,3.3086706339202245,3.3145473453348204,13106900
2012-01-30,3.3262994289398193,3.355683812397763,3.285161628374998,3.355683812397763,9927700
2012-01-31,3.361560821533203,3.3909452076186217,3.314546027980753,3.338053424756978,19457000
2012-02-01,3.3909451961517334,3.420329582137785,3.3556841011066356,3.373314508514048,16582600
2012-02-02,3.3968238830566406,3.4262080034975906,3.36156249015884,3.3850701788341784,9719200
2012-02-03,3.4614665508270264,3.467343538697952,3.4262054642920896,3.4262054642920896,15160000
2012-02-06,3.43208384513855,3.4908523465490755,3.43208384513855,3.4379605551644428,7172100
2012-02-07,3.484976053237915,3.520237161135945,3.420330828873382,3.4438382341387346,16279400
2012-02-08,3.555497169494629,3.555497169494629,3.473221002764151,3.490851689986472,16231800
2012-02-09,3.5437445640563965,3.5790056691427345,3.4967294770442594,3.573128678179835,11384600
2012-02-10,3.473221778869629,3.4908524700315997,3.449714377473887,3.4908524700315997,9091800
2012-02-13,3.4673445224761963,3.5143593178621324,3.437960135244844,3.4967286294772637,8560400
2012-02-14,3.4026999473571777,3.490852852361167,3.3791925433868286,3.4438380444204686,19762700
2012-02-15,3.408576488494873,3.46146800033071,3.402699498162934,3.4085764884948735,10211900
2012-02-16,3.484976053237915,3.484976053237915,3.402700134809179,3.420330828873382,12049600
2012-02-17,3.579005241394043,3.584881951424228,3.46734494851733,3.508482759419585,18568900
2012-02-21,3.5319902896881104,3.6142661882161136,3.514359599888385,3.6083891982061025,16512400
2012-02-22,3.496729612350464,3.5496214121418,3.4790991992402613,3.537867709991543,13886600
2012-02-23,3.5319902896881104,3.531990289688111,3.4732215105092297,3.496728910088659,7476000
2012-02-24,3.473221778869629,3.537867272823083,3.467345068635858,3.537867272823083,9088500
2012-02-27,3.4555907249450684,3.4908518204775354,3.4203296294126018,3.449713735574519,12081200
2012-02-28,3.520235538482666,3.5319895159277195,3.4320829494867326,3.4614670524086284,13058400
2012-02-29,3.437960624694824,3.5554979101233064,3.4262069241750086,3.5261135187086046,15823800
2012-03-01,3.4673445224761963,3.5143593178621324,3.4438371247832285,3.461467532937812,11564000
2012-03-02,3.4555907249450684,3.4908518204775354,3.437960037063697,3.467344423455891,9625900
2012-03-05,3.361560821533203,3.443836990480265,3.3498071231450908,3.4379600011710716,14110100
2012-03-06,3.267530918121338,3.3321763931132145,3.2263928376300988,3.3262994043729317,17454500
2012-03-07,3.34980845451355,3.3733158606327027,3.2851632278010716,3.291039939215667,8219500
2012-03-08,3.408576488494873,3.4085764884948735,3.3556846964287135,3.390945797729379,6278600
2012-03-09,3.4438376426696777,3.4614680534755338,3.3909458497914566,3.4085765408276396,6817100
2012-03-12,3.4144527912139893,3.4673445769695657,3.402699092182782,3.4262064902451965,6039500
2012-03-13,3.579005241394043,3.590758941684733,3.4497142579661357,3.4614679582568253,15125600
2012-03-14,3.667158842086792,3.684789537391038,3.5613755109525025,3.6260210200942105,22067800
2012-03-15,3.8150274753570557,3.8446014454450217,3.6494140325716304,3.7026470659146575,21273000
2012-03-16,3.8031980991363525,3.8741755738401076,3.755879970692711,3.8682606667655057,13825600
2012-03-19,3.838686227798462,3.8919192568312764,3.7677090437802137,3.832771603482737,17208100
2012-03-20,3.838686227798462,3.862345571176136,3.779538574449922,3.820942072813029,16473200
2012-03-21,3.791367292404175,3.8800888944277987,3.791367292404175,3.874174271379929,15736200
2012-03-22,3.7558798789978027,3.803198006286234,3.732220815353587,3.7677094108199105,12163500
2012-03-23,3.7263057231903076,3.8031975293727855,3.7085612866631203,3.7913679990340774,15195100
2012-03-26,3.791367292404175,3.815026348672048,3.755878708002365,3.797282197490242,11093100
2012-03-27,3.7558798789978027,3.8091129132164308,3.744050347175695,3.797283381394323,10423500
2012-03-28,3.820941686630249,3.8209416866302495,3.744049604029505,3.773623568733862,9597200
2012-03-29,3.7854526042938232,3.8031967551706516,3.7322195875869517,3.7854526042938232,10089500
2012-03-30,3.8150274753570557,3.820942382189961,3.7381356607972487,3.820942382189961,9037000
2012-04-02,3.8800909519195557,3.8860058601421152,3.7677102340360533,3.8150283716631392,14636400
2012-04-03,3.8446006774902344,3.8919187945486136,3.80319718404504,3.8860041709354287,11279700
2012-04-04,3.8446006774902344,3.874174641670834,3.7617939726380705,3.797282560431855,14042500
2012-04-05,3.797283172607422,3.8505162038991263,3.791368266002446,3.832771766122468,7911800
2012-04-09,3.7499639987945557,3.7617935266566946,3.7203900381201125,3.7381344709324167,8829700
2012-04-10,3.643497943878174,3.7558785989053503,3.637583321002107,3.7381344482389585,10153800
2012-04-11,3.7440502643585205,3.7558797959189634,3.69081723131739,3.6967321381167513,9749600
2012-04-12,3.8031980991363525,3.8150276312472626,3.7322209064708898,3.755879970692711,5650600
2012-04-13,3.6789865493774414,3.7854525821689196,3.6730719264657985,3.7854525821689196,9723400
2012-04-16,3.7440502643585205,3.7558797959189634,3.661243543435424,3.738135639597439,10390000
2012-04-17,3.7558798789978027,3.8091129132164308,3.7558798789978027,3.791368474464126,11089400
2012-04-18,3.7854526042938232,3.915577411530606,3.7381344925713567,3.8209411880856727,27550700
2012-04-19,3.8150274753570557,3.874175415532988,3.767709348846934,3.803197943729525,21040900
2012-04-20,3.874173879623413,3.9155770828864003,3.8091113404467873,3.850514825747944,18976400
2012-04-23,3.8031980991363525,3.844601602543685,3.755879970692711,3.785453941989133,17306300
2012-04-24,3.8682596683502197,3.886004102955813,3.809112023061942,3.8209415521195975,19299300
2012-04-25,3.9392380714416504,3.9510676041892285,3.874175782349122,3.8978348478442792,17091300
2012-04-26,3.9569811820983887,3.962895805465803,3.8860040094601374,3.933322124552305,15341500
2012-04-27,3.9806406497955322,3.9865552737723684,3.9274076238127953,3.9747257437804535,11778200
2012-04-30,3.9569811820983887,3.9865548630118868,3.9037481616005936,3.9806402396444724,10643000
2012-05-01,4.004299640655518,4.039788230018643,3.9510666155917105,3.9569815215046833,11390600
2012-05-02,3.9747252464294434,3.9865547749411476,3.921492509145876,3.9628957179177386,9939800
2012-05-03,3.9333231449127197,4.010215242903511,3.9214936130709277,3.9747263653398486,10693700
2012-05-04,3.838686227798462,3.9333227551943835,3.820942072813029,3.9155783181706925,13440000
2012-05-07,3.90374755859375,3.9274066124852505,3.809111343027749,3.8445999238649993,7937200
2012-05-08,3.8800909519195557,3.8860058601421152,3.8209432798856984,3.8682614175127843,8938300
2012-05-09,3.797283172607422,3.84460129729415,3.773624110264058,3.8268568595174917,14520000
2012-05-10,3.8446006774902344,3.8919187945486136,3.82685624257423,3.8919187945486136,10836100
2012-05-11,3.8682596683502197,3.891918726465531,3.7736234358889753,3.785452964946631,8219900
2012-05-14,3.773622751235962,3.838685008229632,3.761793224324552,3.8031964274954024,9021100
2012-05-15,3.7854526042938232,3.844600243946906,3.7736230763632066,3.791367227240035,14249100
2012-05-16,3.767709970474243,3.838687171949819,3.7263067439659876,3.7972839454415634,15200500
2012-05-17,3.6789865493774414,3.7677081493576092,3.6730719264657985,3.7617935264459668,14548700
2012-05-18,3.643497943878174,3.726304920448634,3.6198388882975254,3.678986527249147,9416900
2012-05-21,3.6849026679992676,3.726306170170328,3.6434991658282074,3.649414072726195,8662100
2012-05-22,3.7026453018188477,3.7440485017698393,3.66715644180636,3.673071345821157,9993700
2012-05-23,3.7558798789978027,3.7736243177501074,3.613925497132509,3.684902688065156,12728500
2012-05-24,3.838686227798462,3.8386862277984615,3.73222045177109,3.779538574449922,16978200
2012-05-25,3.820941686630249,3.8741747102827997,3.8091121571561524,3.832771216104346,12328200
2012-05-29,3.909663438796997,3.9155780627268646,3.856430413236989,3.874174849103072,10486500
2012-05-30,3.8031980991363525,3.8741755738401076,3.773624409878223,3.8682606667655057,12716700
2012-05-31,3.8682596683502197,3.9037482555231864,3.7440494722257265,3.8209415521195975,14550300
2012-06-01,3.6139252185821533,3.7854535578009774,3.5547775640305357,3.7736240268906536,25631600
2012-06-04,3.45422625541687,3.619839680736767,3.448311349207748,3.5843510895967894,22884000
2012-06-05,3.4897143840789795,3.5784359911901307,3.466055326454434,3.483799478653736,16483600
2012-06-06,3.6080100536346436,3.6080100536346436,3.507458907081116,3.5311179672068587,10776800
2012-06-07,3.6080100536346436,3.6671577039489995,3.554777309370845,3.6494135498738145,16479000
2012-06-08,3.6849026679992676,3.6849026679992676,3.5606924435243714,3.6020959456954316,9572300
2012-06-11,3.5902669429779053,3.7440508784885638,3.5843520352083327,3.7381362527573168,9827400
2012-06-12,3.6789865493774414,3.6967309821887513,3.554776647851035,3.5961798543471066,11139600
2012-06-13,3.6257541179656982,3.708560819914853,3.6080096836717717,3.655327799071289,10876200
2012-06-14,3.6971988677978516,3.721013330401156,3.6198017223917183,3.6436161849950226,12038600
2012-06-15,3.7507808208465576,3.768641522378654,3.691244392030952,3.70910537745378,13293100
2012-06-18,3.7388737201690674,3.7805488811012857,3.715058977491132,3.732919963526898,7568800
2012-06-19,3.7686407566070557,3.8400841159999204,3.7507800587041764,3.768640756607055,16257600
2012-06-20,3.7567331790924072,3.792454855451767,3.6852898263736886,3.7626869337642916,12987700
2012-06-21,3.703150510787964,3.7805476179315227,3.6912432853728503,3.7507796963390634,10595100
2012-06-22,3.7388737201690674,3.768641651707689,3.703151748097535,3.715058977491132,6820400
2012-06-25,3.6614770889282227,3.709106013029601,3.6376626268775336,3.691245024546194,6550300
2012-06-26,3.6852896213531494,3.738872274856595,3.649567946981063,3.6614751717717584,9130200
2012-06-27,3.667428493499756,3.715057390731084,3.6614750232911497,3.6971966962146463,11117600
2012-06-28,3.6852896213531494,3.691243091803181,3.625753497399672,3.649567946981063,16335500
2012-06-29,3.810316562652588,3.810316562652588,3.7567338959437038,3.7626876517516696,10338400
2012-07-02,3.857945680618286,3.869852908982604,3.7686413259405445,3.8103167671610154,8644100
2012-07-03,3.875805139541626,3.8996195868965775,3.840083184618592,3.8579441620801087,4217600
2012-07-05,3.8222248554229736,3.8936682416817177,3.8162710979560206,3.863900022128517,9590900
2012-07-06,3.798408269882202,3.8400834132897574,3.774593821109136,3.780547291357091,9436900
2012-07-09,3.810316562652588,3.828177262295081,3.7805483513941627,3.7924555791193924,8711400
2012-07-10,3.780547618865967,3.8698519514467127,3.744825942611798,3.834130275192544,8011200
2012-07-11,3.8460378646850586,3.857945091230279,3.7686407501957864,3.780547976741007,9186400
2012-07-12,3.7388737201690674,3.8162705692820764,3.738873720169068,3.8043633398884795,13607700
2012-07-13,3.857945680618286,3.869852908982604,3.744826869211909,3.744826869211909,8784000
2012-07-16,3.8817594051361084,3.8996203862588517,3.83413050066301,3.8400839717768154,7208300
2012-07-17,3.9412975311279297,3.947251289146668,3.8400859159358394,3.911529592706661,8574400
2012-07-18,3.929388999938965,3.9948788970403166,3.905574543518603,3.929388999938965,12763900
2012-07-19,3.89962100982666,4.042507746094218,3.8519918138467655,3.9591571499381426,19656700
2012-07-20,3.7686407566070557,3.887713306152505,3.762687285269654,3.863898569130875,13790600
2012-07-23,3.6912431716918945,3.738872355776136,3.6674287215950927,3.7329186013066162,15148000
2012-07-24,3.7507808208465576,3.774595278816507,3.6852909194838306,3.768641522378654,18579900
2012-07-25,3.7388737201690674,3.768641651707689,3.715058977491132,3.7626881789562616,12594800
2012-07-26,3.816269874572754,3.834130857357128,3.7507802667749943,3.7984091756790708,11128800
2012-07-27,3.810316562652588,3.8698527012787354,3.7924555791193924,3.8400844900203106,11461900
2012-07-30,3.7567331790924072,3.8162693063580067,3.7448259536392876,3.7865013846705313,5866700
2012-07-31,3.703150510787964,3.762686921754177,3.6912432853728503,3.7388724709239503,10471200
2012-08-01,3.709105968475342,3.744827661122282,3.6912449802064833,3.7091059684753422,10898900
2012-08-02,3.667428493499756,3.703150166423252,3.6376605746754858,3.6793357178075876,14832200
2012-08-03,3.762688398361206,3.798410088624953,3.7091057210202063,3.721012951108122,10078600
2012-08-06,3.780547618865967,3.828176520538192,3.774594148102262,3.7984085989383747,9034400
2012-08-07,3.786501884460449,3.8281770371018533,3.7805481290027143,3.7865018844604497,6048900
2012-08-08,3.7924556732177734,3.8281773572797886,3.7507805170907775,3.762687745111449,5115500
2012-08-09,3.810316562652588,3.828177262295081,3.774594879476899,3.7805483513941627,5310500
2012-08-10,3.8400847911834717,3.8460385474583685,3.7924558765472,3.7984096328220964,6013900
2012-08-13,3.8400847911834717,3.840084791183472,3.7865024041630284,3.816270333865336,4434700
2012-08-14,3.8341314792633057,3.881760395892917,3.816270493581833,3.8638994102114443,6626700
2012-08-15,3.8519904613494873,3.8698514390570034,3.816268789825065,3.816268789825065,7874200
2012-08-16,3.8519904613494873,3.8817586628984775,3.828176013666539,3.8519904613494873,11767500
2012-08-17,3.8817594051361084,3.8877131601405774,3.846037726781285,3.8698521790178337,4224300
2012-08-20,3.857945680618286,3.899621121838757,3.8519919244907688,3.8638991528550863,6674900
2012-08-21,3.8460378646850586,3.9115277526291092,3.840084109467111,3.857945091230279,15032800
2012-08-22,3.875805139541626,3.911526810574054,3.840083184618592,3.840083184618592,8630500
2012-08-23,3.893667221069336,3.893667221069336,3.857945537303371,3.8638990093190118,9326600
2012-08-24,3.89962100982666,3.9174817099147505,3.8638990418690615,3.8638990418690615,6291300
2012-08-27,3.8817594051361084,3.929388309609206,3.881759405136108,3.923434838495401,4577800
2012-08-28,3.89962100982666,3.923435465871253,3.8698527978255646,3.8698527978255646,6617800
2012-08-29,3.9412975311279297,3.959158521293337,3.899622360559992,3.899622360559992,7200100
2012-08-30,3.893667221069336,3.9472498886636362,3.875806521131707,3.9115282048976714,6015900
2012-08-31,3.923436164855957,3.935343394999601,3.887714474425025,3.911528934712313,7857500
2012-09-04,3.9115285873413086,3.9353430455137066,3.88771412916891,3.9174820599390405,5849300
2012-09-05,3.8638994693756104,3.917482143349751,3.857945996651117,3.899621441285531,6158100
2012-09-06,3.93534255027771,3.953203249713994,3.8936671117752155,3.8936671117752155,10403700
2012-09-07,3.988924980163574,4.000832207893677,3.9472498250535657,3.9472498250535657,6390000
2012-09-10,3.98297119140625,4.030600098537874,3.971063964623344,3.971063964623344,8124600
2012-09-11,4.05441427230835,4.066321498269537,3.977017161615299,3.977017161615299,12599200
2012-09-12,4.137763977050781,4.18539315469134,4.084181613527377,4.096088836964867,19815700
2012-09-13,4.221597671508789,4.245549975232284,4.113812019219077,4.155728693502185,16675300
2012-09-14,4.311419486999512,4.329383860972876,4.227586408036564,4.227586408036564,16837100
2012-09-17,4.233575820922852,4.335373017012269,4.221599663410325,4.329385081023064,7704300
2012-09-18,4.221597671508789,4.263514060257914,4.1437525416404375,4.221597671508789,8785600
2012-09-19,4.215611934661865,4.257528633622529,4.149742917876293,4.16770729901205,13542100
2012-09-20,4.179683208465576,4.191659366663249,4.137766512006655,4.185671144797345,7965300
2012-09-21,4.1557297706604,4.245551075672031,4.149741550410399,4.245551075672031,6878900
2012-09-24,4.173693656921387,4.203634185644017,4.10782495058607,4.137765193774657,8338700
2012-09-25,4.083873748779297,4.197647389016637,4.077885527198011,4.173694788225615,6894700
2012-09-26,4.077883720397949,4.113812177364372,4.0539314157536674,4.083871939326017,6861600
2012-09-27,4.131777763366699,4.143753919209858,4.071896984150908,4.083873139994067,6586900
2012-09-28,4.131777763366699,4.149741854364398,4.083873139994067,4.107825451680383,6687100
2012-10-01,4.14974308013916,4.197648003196301,4.131778983835125,4.161719239519905,8564800
2012-10-02,4.137763977050781,4.191656798690526,4.11979989352684,4.179680647829912,5794400
2012-10-03,4.203634738922119,4.215610894880652,4.143753959129455,4.161718050300214,6662800
2012-10-04,4.311419486999512,4.317407706835312,4.209622319597237,4.221598473734802,13121100
2012-10-05,4.30543327331543,4.341361750086531,4.281480955468029,4.317409432239129,8385400
2012-10-08,4.2814788818359375,4.30543118808261,4.263514509383927,4.287466815630599,4403600
2012-10-09,4.251538276672363,4.311419041168085,4.245550342989795,4.287466735369796,11664700
2012-10-10,4.23956298828125,4.281479674742677,4.221598898036401,4.26351529896376,6653500
2012-10-11,4.2814788818359375,4.30543118808261,4.25153835626059,4.2695027287126015,6977600
2012-10-12,4.14974308013916,4.239564418261826,4.11980282445438,4.227588258881081,14467500
2012-10-15,4.185670375823975,4.22159912935045,4.14974190783158,4.185670375823975,8273300
2012-10-16,4.131777763366699,4.227587010111965,4.113813386834923,4.197646763271109,9169100
2012-10-17,4.221597671508789,4.233573823370536,4.119800237916943,4.137764322942572,12299100
2012-10-18,3.958122968673706,4.185669907146676,3.9102183500478174,4.173693752490204,40617500
2012-10-19,3.8623132705688477,4.000039185633615,3.844349182166595,3.970098943118514,22917600
2012-10-22,3.8683009147644043,3.9401578287487222,3.8383603911706072,3.9102175906889203,13001600
2012-10-23,3.802432060241699,3.826384365697237,3.7605156684615095,3.802432060241699,25569000
2012-10-24,3.760516405105591,3.86231358046558,3.7545281848016776,3.8563256456957267,17166000
2012-10-25,3.7844696044921875,3.8263860143324657,3.760517288716564,3.7964457623799994,12056200
2012-10-26,3.790456771850586,3.8383613936853376,3.7605165259709006,3.8383613936853376,15965900
2012-10-31,3.8323733806610107,3.86231362593084,3.802432849857118,3.802432849857118,14098000
2012-11-01,3.814408779144287,3.844349308174801,3.796444690153216,3.8263849336496834,14524700
2012-11-02,3.802432060241699,3.8563248902836613,3.772491821189279,3.8443487375558925,16601500
2012-11-05,3.814408779144287,3.832373153669405,3.7605162266370273,3.7784803156280984,9027900
2012-11-06,3.934170961380005,3.934170961380005,3.8323734962181586,3.8323734962181586,12993700
2012-11-07,3.7186012268066406,3.862315145942078,3.7186012268066406,3.862315145942078,15572300
2012-11-08,3.6826722621917725,3.802433845704457,3.6826722621917725,3.730576895596846,11774500
2012-11-09,3.6886589527130127,3.7425517898578593,3.6527304897944624,3.676682798406829,8207700
2012-11-12,3.6946489810943604,3.718601301430938,3.664708437906548,3.7006369184114143,6226900
2012-11-13,3.646742820739746,3.730575906982596,3.62877844520639,3.6706951310948464,9024800
2012-11-14,3.550934076309204,3.6826720978275937,3.5389579184924527,3.652731560518653,13083600
2012-11-15,3.5329692363739014,3.57488563711493,3.479076394810791,3.5329692363739014,17465900
2012-11-16,3.5988378524780273,3.610814006499001,3.5329688625956543,3.5509329508600977,14063500
2012-11-19,3.658719301223755,3.6946477699509006,3.6407549240931383,3.65273108033552,11448000
2012-11-20,3.676684617996216,3.694649001113076,3.6227920397140005,3.652732297529857,14332300
2012-11-21,3.658719301223755,3.688659549062666,3.6227908324966096,3.676683392820284,6008900
2012-11-23,3.730576515197754,3.7305765151977544,3.6766836653453185,3.6946480438075002,2794600
2012-11-26,3.778480291366577,3.784468511347848,3.670694901510098,3.694647210367093,20392200
2012-11-27,3.6946489810943604,3.790458262440671,3.694648981094361,3.7724941649553285,13773100
2012-11-28,3.6886589527130127,3.7305756355516757,3.670694864020758,3.7006351070191963,10926300
2012-11-29,3.6886589527130127,3.7305756355516757,3.670694864020758,3.71261126132538,10295500
2012-11-30,3.6946489810943604,3.7066251412626494,3.670696660757783,3.7006369184114143,9844500
2012-12-03,3.664707660675049,3.712612291188325,3.65273150304673,3.700636133560006,11172200
2012-12-04,3.5988378524780273,3.6886588648683123,3.5868614129230187,3.6587186225828954,17964700
2012-12-05,3.6527304649353027,3.694647147488696,3.6168020022612684,3.6168020022612684,11408500
2012-12-06,3.6886589527130127,3.6886589527130127,3.6227902467960242,3.6467425554083914,7706600
2012-12-07,3.7006349563598633,3.7006349563598633,3.640754187266797,3.68865880254125,10350900
2012-12-10,3.7365646362304688,3.7724933949359474,3.6766838476115424,3.694648226964282,9893800
2012-12-11,3.7485387325286865,3.7784789653255113,3.736562296769223,3.7425505146489546,12646000
2012-12-12,3.7425525188446045,3.8024333020392986,3.7245881411191477,3.7605168965700613,15484500
2012-12-13,3.6946489810943604,3.730577461599227,3.658720500589494,3.7066251412626494,16847700
2012-12-14,3.712728261947632,3.7428641589999816,3.688619659264638,3.6946469536339936,11223100
2012-12-17,3.8031368255615234,3.803136825561524,3.712729394229864,3.712729394229864,9162500
2012-12-18,3.8573806285858154,3.8694349313746326,3.797109114641728,3.81519042512633,12474200
2012-12-19,3.8573806285858154,3.9236794376229356,3.8272447279151476,3.9236794376229356,12364500
2012-12-20,3.851353406906128,3.881489308151237,3.815190497850349,3.851353406906128,9774200
2012-12-21,3.839298725128174,3.839298725128174,3.7308100086636036,3.7790272159811904,15105100
2012-12-24,3.8151919841766357,3.845327897162124,3.7910833687471914,3.845327897162124,2289100
2012-12-26,3.8212170600891113,3.851352668156486,3.7910811646245377,3.821217060089111,5133800
2012-12-27,3.8212170600891113,3.833271360795501,3.760945269159964,3.821217060089111,6252000
2012-12-28,3.78505539894104,3.821218312916609,3.7790281029131316,3.7790281029131316,4408100
2012-12-31,3.851353406906128,3.8573807021140514,3.7669732857759772,3.7669732857759772,6685600
2013-01-02,3.959843873977661,3.9779251914393168,3.9055993467979775,3.9718981814178846,9507900
2013-01-03,4.008059501647949,4.020113804269859,3.9357336859164875,3.965869298772641,10460000
2013-01-04,4.032169818878174,4.0562784343580764,3.99600689565832,4.008061203398271,11162200
2013-01-07,4.038195610046387,4.044222905795596,3.9960056893910383,4.038195610046387,9202200
2013-01-08,4.008059501647949,4.044222409513679,3.971896593782218,4.03216810689177,10895100
2013-01-09,3.9658684730529785,4.056275867592519,3.9538141729408522,4.002031373389358,10451100
2013-01-10,4.020113468170166,4.03819477689273,3.989977570436266,4.020113468170166,11404300
2013-01-11,3.9718971252441406,4.0381956548371365,3.9538155251932348,4.026141350602294,10120400
2013-01-14,3.9718971252441406,3.9839514294789837,3.9417612209583917,3.9718971252441406,3947500
2013-01-15,4.002030372619629,4.014084669717391,3.941758887130816,3.941758887130816,10025900
2013-01-16,4.050248146057129,4.050248146057129,3.983949646141368,3.989976651862276,11739600
2013-01-17,4.219009876251221,4.237091473604226,4.098466851888653,4.1346297591974235,35543800
2013-01-18,4.219009876251221,4.279281388432505,4.1647653715894455,4.261200078476739,11525900
2013-01-22,4.267227649688721,4.273254945401663,4.237092033315842,4.249146337344449,13144800
2013-01-23,4.2370924949646,4.279282419962851,4.219010893252984,4.279282419962851,12819200
2013-01-24,4.212983131408691,4.26722764315298,4.188874523388403,4.249146330836402,8350500
2013-01-25,4.176821231842041,4.243120063667347,4.170794222074657,4.219011449803117,7989400
2013-01-28,4.182847023010254,4.206955628194398,4.158738417826111,4.194901325602325,8029600
2013-01-29,4.152710437774658,4.200927640188737,4.134629130567977,4.164764738378178,15664800
2013-01-30,4.200929164886475,4.219010766052943,4.134630631203128,4.158739241160218,10290700
2013-01-31,4.1949028968811035,4.206957203988339,4.146685668452159,4.182848589773867,7149300
2013-02-01,4.267227649688721,4.28530924943027,4.194901825517079,4.2310647376029005,9893900
2013-02-04,4.231064319610596,4.279281530961582,4.225037311890347,4.249145917565841,12837700
2013-02-05,4.291335582733154,4.309417179630529,4.249145668968002,4.267226978468144,10672500
2013-02-06,4.285308837890625,4.303390148498458,4.261200232148681,4.267227239885543,5287100
2013-02-07,4.303390026092529,4.3094173210552,4.249145808414707,4.2973630185271015,8097500
2013-02-08,4.33955192565918,4.33955192565918,4.273253420853481,4.309416320037637,10740500
2013-02-11,4.291335582733154,4.333525783895539,4.285308575365518,4.333525783895539,6325900
2013-02-12,4.351607322692871,4.351607322692871,4.291335808854486,4.291335808854486,13159900
2013-02-13,4.297364234924316,4.363662773896474,4.2792826323154305,4.357635764625061,9643200
2013-02-14,4.32147216796875,4.327499176293414,4.267227656060385,4.2792819601069905,11092500
2013-02-15,4.279280662536621,4.327497864102547,4.273253656039476,4.291334962928103,12188700
2013-02-19,4.303390026092529,4.321471623583298,4.273254413470904,4.291335723564431,11956700
2013-02-20,4.225038051605225,4.321472491190831,4.219010755432474,4.297363881294429,14155900
2013-02-21,4.13463020324707,4.231064633093958,4.116548603952143,4.225037624927162,19455500
2013-02-22,4.206955432891846,4.206955432891846,4.158738224761982,4.170792526794448,12689100
2013-02-25,4.098467826843262,4.261201092142777,4.098467826843262,4.243119490488471,9527800
2013-02-26,4.098467826843262,4.152712057011561,4.068331919885189,4.104494835796491,12172000
2013-02-27,4.2370924949646,4.255173809278904,4.104494848805584,4.110522145175225,15476000
2013-02-28,4.2370924949646,4.27325541099052,4.212983596883343,4.231065198594958,11466100
2013-03-01,4.261199951171875,4.279281260587455,4.182846843978413,4.219009750206804,6962600
2013-03-04,4.345580101013184,4.357634403187257,4.231064086660874,4.237091381446527,10125000
2013-03-05,4.3274993896484375,4.369689599590265,4.285309467103902,4.357635294949356,16411800
2013-03-06,4.351607322692871,4.369688920543011,4.33352601223998,4.351607322692871,8205300
2013-03-07,4.423933029174805,4.435987330859318,4.339552629985987,4.357634226211369,11209000
2013-03-08,4.435988426208496,4.496259949513511,4.41187981688649,4.4721513401915045,8971800
2013-03-11,4.460097789764404,4.478179106114941,4.3937989592186435,4.417907572617585,8650000
2013-03-12,4.4480414390563965,4.478177048258186,4.42393283673608,4.4480414390563965,8429700
2013-03-13,4.5022873878479,4.5022873878479,4.435988849583436,4.442015858790514,7831100
2013-03-14,4.544704437255859,4.544704437255859,4.502287091821441,4.520466036706057,12371000
2013-03-15,4.550763130187988,4.575001525136318,4.514405248821035,4.544703386978676,14791900
2013-03-18,4.502286911010742,4.538644510375335,4.4174525124933615,4.471989056012506,7654200
2013-03-19,4.5325846672058105,4.550763609805215,4.490167327103527,4.5325846672058105,11007400
2013-03-20,4.544704437255859,4.562883382140474,4.520466036706057,4.544704437255859,8106800
2013-03-21,4.514404773712158,4.56288184745141,4.496226123886314,4.520464516283726,7950800
2013-03-22,4.471987247467041,4.532583221902015,4.4477488576930515,4.514404285099324,22775200
2013-03-25,4.45380973815918,4.496227078331082,4.435631084474428,4.490167334473171,9011100
2013-03-26,4.526525497436523,4.532585242053018,4.459870040322241,4.490167896571134,9384400
2013-03-27,4.490167140960693,4.5083460828064785,4.4598692898103565,4.484107686308418,5233500
2013-03-28,4.4659271240234375,4.520463640828012,4.4598676715698025,4.496225253124728,6387300
2013-04-01,4.441689968109131,4.508345697250608,4.42957077089654,4.484107302825426,6307300
2013-04-02,4.405333518981934,4.459870065054716,4.399274063276362,4.4416911200489455,6672300
2013-04-03,4.356855869293213,4.435630800740107,4.326557729830724,4.405332661277618,8478500
2013-04-04,4.393213272094727,4.3992730153013015,4.332617284751278,4.356855679688657,6662600
2013-04-05,4.3689751625061035,4.387153815424202,4.302319427602626,4.326557824123076,10482500
2013-04-08,4.45380973815918,4.471988680788421,4.350796404130622,4.3810945455311945,8691800
2013-04-09,4.478048324584961,4.502286723149993,4.441690726737413,4.471988869415955,6412800
2013-04-10,4.514404773712158,4.5447029086811375,4.502285577513452,4.502285577513452,8118900
2013-04-11,4.526525497436523,4.550764186957975,4.490167896571134,4.520466041764555,12434300
2013-04-12,4.478048324584961,4.526525121715025,4.453809926019929,4.502286723149993,8137100
2013-04-15,4.332616806030273,4.471987705993018,4.332616806030273,4.441689571196776,11352000
2013-04-16,4.375036239624023,4.405334390982742,4.332619174455321,4.3992749340777495,13484200
2013-04-17,4.2477827072143555,4.3568554794188605,4.199305630623463,4.326557342667608,18631200
2013-04-18,4.156890392303467,4.235665061988663,4.132651987947319,4.211426657632515,15942300
2013-04-19,4.24172306060791,4.253842257794727,4.144769483113383,4.187186528795013,10057600
2013-04-22,4.229604244232178,4.259902384399328,4.199306104065029,4.241723442510142,7030700
2013-04-23,4.278080940246582,4.2902001382494825,4.2235444047612924,4.247783089711566,13094400
2013-04-24,4.3023200035095215,4.3023200035095215,4.253843203979535,4.284141348158035,12601400
2013-04-25,4.308380126953125,4.356856930747862,4.302320382006512,4.32655878390388,7702000
2013-04-26,4.308380126953125,4.332618528850494,4.272022524107072,4.314439582955196,5792700
2013-04-29,4.320498943328857,4.3386775986615085,4.308379743458919,4.332618143198797,4769700
2013-04-30,4.344736576080322,4.350796030473341,4.302319239551326,4.326557635012334,7918100
2013-05-01,4.278080940246582,4.356855871737673,4.278080940246582,4.332617475731872,7256800
2013-05-02,4.314438343048096,4.344736481184832,4.272021296390017,4.284140493855819,5344200
2013-05-03,4.405333518981934,4.411393263632033,4.344737517203581,4.362916173264822,8021700
2013-05-06,4.441689968109131,4.453809165321722,4.39927292233729,4.417451573683949,7332400
2013-05-07,4.52046537399292,4.526524828769774,4.4356309845055755,4.447750183003768,9494700
2013-05-08,4.52046537399292,4.532584572491112,4.4719885800001515,4.5144056302715825,6294400
2013-05-09,4.502286911010742,4.54470425474169,4.496227455588901,4.532585054953493,7159400
2013-05-10,4.538644313812256,4.544704057916172,4.502286716022267,4.538644313812256,6820300
2013-05-13,4.538644313812256,4.556823257179501,4.502286716022267,4.538644313812256,6254000
2013-05-14,4.659836769104004,4.665896224489308,4.532585027622976,4.532585027622976,10846300
2013-05-15,4.665896415710449,4.732552161347606,4.641658015286851,4.65377721549865,10673300
2013-05-16,4.599239826202393,4.659835812336297,4.587120628975612,4.6537760692506795,12217500
2013-05-17,4.690133571624756,4.6961933145949875,4.63559732961491,4.653775980636709,6756800
2013-05-20,4.6840739250183105,4.714372060734899,4.659835532022815,4.66589498579947,6312900
2013-05-21,4.659836769104004,4.696194368249367,4.635598369673762,4.665896224489308,8932300
2013-05-22,4.581062316894531,4.732552474023098,4.556823914869524,4.659837267948077,12329900
2013-05-23,4.556822299957275,4.575001239505789,4.502285770256178,4.544703103239748,8727300
2013-05-24,4.568942546844482,4.575002291068297,4.508346549328874,4.508346549328874,5387900
2013-05-28,4.6174187660217285,4.653776359973341,4.605299568037858,4.6174187660217285,10122400
2013-05-29,4.671955585479736,4.690134239088581,4.562882796993196,4.562882796993196,11202200
2013-05-30,4.78102970123291,4.817387307488364,4.665897136951691,4.665897136951691,15903100
2013-05-31,4.696194171905518,4.7931477655729395,4.696194171905518,4.774969111232548,9132800
2013-06-03,4.67801570892334,4.720433054980175,4.611360250905568,4.696194654074707,9069400
2013-06-04,4.6174187660217285,4.7143726388371645,4.605299568037858,4.690133953924952,8473300
2013-06-05,4.550763130187988,4.647716709981307,4.526524446295199,4.593180176875335,11802900
2013-06-06,4.5750017166137695,4.593180369113617,4.508345983243893,4.532584379206671,8927200
2013-06-07,4.653777122497559,4.659836866954623,4.581061922679906,4.611360067076188,7544400
2013-06-10,4.732553005218506,4.738612750877193,4.659837790981719,4.665897247695829,7180100
2013-06-11,4.653777122497559,4.708313666833058,4.64165792252795,4.678015522436777,6278800
2013-06-12,4.599239826202393,4.708312601243421,4.599239826202393,4.684074206789859,12027900
2013-06-13,4.715137481689453,4.727337049537705,4.587041873852483,4.599241441700736,11088100
2013-06-14,4.593141555786133,4.721236865862295,4.593141555786133,4.709037298671202,9668000
2013-06-17,4.611439228057861,4.684636606869765,4.57484053865191,4.611439228057861,9004700
2013-06-18,4.648038864135742,4.66023842975576,4.593140964275954,4.605340529895972,6196600
2013-06-19,4.5565409660339355,4.648037833322758,4.5565409660339355,4.648037833322758,10601200
2013-06-20,4.580940246582031,4.666337184445436,4.501642944564327,4.513842507116242,17656900
2013-06-21,4.672438144683838,4.709036842713406,4.587041182614845,4.641939375089496,15523400
2013-06-24,4.641939640045166,4.696837544792719,4.611440577849382,4.654139206751357,12196300
2013-06-25,4.745634078979492,4.7700332019882925,4.654137222266247,4.690735906779447,11143300
2013-06-26,4.794432640075684,4.855430451606314,4.763933588880114,4.837130962716871,12042500
2013-06-27,4.806632995605469,4.831032124244233,4.782233866966704,4.824932196654264,12628000
2013-06-28,4.800533294677734,4.824932424468529,4.757834962974129,4.788333729782337,8345700
2013-07-01,4.898129463195801,4.953027646725348,4.818832442482682,4.849331207107559,11313700
2013-07-02,5.0140275955200195,5.032326802830162,4.910331117893693,4.916431047570844,19237800
2013-07-03,5.00182580947876,5.02622493706759,4.971326754562451,4.977426681889931,5710300
2013-07-05,5.184821128845215,5.184821128845215,5.05062559556962,5.068925383098972,11280400
2013-07-08,5.172618865966797,5.282415213218307,5.1543196686652095,5.245816818615133,11212500
2013-07-09,5.160421371459961,5.215319563984194,5.087223975334715,5.19702036038318,9543800
2013-07-10,5.044523239135742,5.178718110644945,4.977425221660224,5.166518841289979,18709000
2013-07-11,4.989627838134766,5.123822784018759,4.946928917425096,5.111623507902595,11777100
2013-07-12,5.0811238288879395,5.0811238288879395,4.977427376729315,4.995726579545199,8727000
2013-07-15,5.105523586273193,5.142122578116416,5.075024523357381,5.111623515200604,7801000
2013-07-16,5.038424491882324,5.129921069465137,4.983526312644216,5.111621870292785,11603100
2013-07-17,5.026226043701172,5.093324095634372,5.026226043701172,5.06892496267354,8497500
2013-07-18,5.123822212219238,5.178720402918637,4.953028293604244,4.98352735307293,17055500
2013-07-19,5.1116228103637695,5.136021940987797,5.075023823567147,5.123822084815203,9639400
2013-07-22,5.20311975479126,5.20311975479126,5.117723082723045,5.148221561763865,7787700
2013-07-23,5.160421371459961,5.221419492424929,5.154321443019225,5.221419492424929,9614900
2013-07-24,5.23971700668335,5.258016204384499,5.1360205835084916,5.178718905384843,14558200
2013-07-25,5.221418857574463,5.258017260326642,5.1909198008002315,5.221418857574463,11688000
2013-07-26,5.245819568634033,5.245819568634033,5.172621577613073,5.178721507151703,6571300
2013-07-29,5.166520118713379,5.239717498103992,5.123821211111392,5.209218444594304,13214100
2013-07-30,5.14822244644165,5.209220578447694,5.136023169073222,5.160422305531379,10220500
2013-07-31,5.215319633483887,5.258017969695649,5.142122236383208,5.154321511706053,15758100
2013-08-01,5.312915325164795,5.355613654643514,5.233618012046382,5.24581786716665,10463600
2013-08-02,5.312915325164795,5.337314453684222,5.2580171405658085,5.2824162690852345,7132000
2013-08-05,5.32511568069458,5.349515395893446,5.276317413739305,5.3129164048163755,7664400
2013-08-06,5.27021598815918,5.325113580542078,5.239716937910236,5.319014235869089,7548100
2013-08-07,5.197018623352051,5.264116068610174,5.16041964666153,5.245816871125413,6942800
2013-08-08,5.245819568634033,5.282417982423214,5.184821436690333,5.2580188459899935,8360000
2013-08-09,5.215319633483887,5.264117898217672,5.197020429639017,5.239718765850779,8651600
2013-08-12,5.23971700668335,5.264116130858551,5.184818831858895,5.190918758332947,6623000
2013-08-13,5.23971700668335,5.251916277910447,5.166519634157745,5.233617080209298,5943000
2013-08-14,5.251917362213135,5.282416419159175,5.22141888698822,5.22141888698822,7866800
2013-08-15,5.166520118713379,5.2458174251501415,5.129921138157542,5.2031185175481545,7845200
2013-08-16,5.221418857574463,5.245817986649624,5.160420744026,5.17871994540209,8324500
2013-08-19,5.154319763183594,5.2214177907214925,5.129920639093722,5.178718887273464,8558000
2013-08-20,5.227519512176514,5.245819299854779,5.136022900670261,5.142122829896349,6996000
2013-08-21,5.172618865966797,5.239716892274273,5.1543196686652095,5.221417694972685,7231800
2013-08-22,5.258017063140869,5.306815319461161,5.178719751190118,5.178719751190118,6809400
2013-08-23,5.245819568634033,5.294617841500473,5.215320502662183,5.294617841500473,4856100
2013-08-26,5.154319763183594,5.251916259543078,5.154319763183594,5.233617061905926,6031700
2013-08-27,4.989627838134766,5.123822784018759,4.9652287041812,5.099423650065193,12061900
2013-08-28,5.007925987243652,5.0628241724941505,4.971327003169614,5.007925987243652,10951800
2013-08-29,5.038424491882324,5.068923544983613,4.989626239608684,5.001825511816567,8081500
2013-08-30,5.026226043701172,5.062825034003028,5.0018269107403395,5.062825034003028,6340600
2013-09-03,5.026226043701172,5.154321637175845,4.995726982069828,5.081124238293349,8365500
2013-09-04,5.11772346496582,5.11772346496582,4.995727212805842,5.032326204798085,9762500
2013-09-05,5.166520118713379,5.184819318130767,5.1055220116940045,5.1055220116940045,10048500
2013-09-06,5.197018623352051,5.209217894434892,5.081122348599567,5.209217894434892,21305200
2013-09-09,5.227519512176514,5.233619441402602,5.129922971444172,5.184821171036432,13302200
2013-09-10,5.312915325164795,5.319015252724929,5.227518084486248,5.276316341525101,15560600
2013-09-11,5.251917362213135,5.331214677584391,5.209219031521353,5.30071562063835,12195000
2013-09-12,5.190919876098633,5.288516393814989,5.172620092735967,5.2580173365983445,7663600
2013-09-13,5.227734088897705,5.240005460220661,5.184782826369629,5.190918804610653,8462800
2013-09-16,5.24000883102417,5.282959536022571,5.227737451807257,5.276824138993849,7351900
2013-09-17,5.313634395599365,5.319770372630158,5.227733057804174,5.258411772640184,9325200
2013-09-18,5.252279758453369,5.3565885092618055,5.252279758453369,5.319773793719852,13384700
2013-09-19,5.111155033111572,5.276823005654271,5.105019052241247,5.258415063043298,16297500
2013-09-20,5.141833782196045,5.166377117796724,5.092747110994688,5.105018486215388,13323200
2013-09-23,5.049795627593994,5.141833571189007,5.037524252876878,5.141833571189007,8450100
2013-09-24,5.068201541900635,5.111152213984176,5.025250284658074,5.043658217115894,8346400
2013-09-25,5.129562854766846,5.141834817618055,5.031389492594757,5.068204795988988,8644600
2013-09-26,5.074336528778076,5.154101879887481,5.055928599913838,5.123423168764898,6150100
2013-09-27,5.049795627593994,5.105018276719151,5.031388272938693,5.049795627593994,6262400
2013-09-30,5.068201541900635,5.086608889199436,4.970028242761672,4.988435590060472,7881900
2013-10-01,5.1234259605407715,5.147969293907945,5.074339293806423,5.092746647541998,7877800
2013-10-02,5.1234259605407715,5.1418333142763455,5.0682033141748235,5.092746647541998,8633400
2013-10-03,5.098882675170898,5.123426008769106,5.068203361883332,5.092746695481539,10374500
2013-10-04,5.184783935546875,5.197055894654255,5.0988825624320855,5.0988825624320855,5597000
2013-10-07,5.068201541900635,5.166374841039598,5.068201541900635,5.123424168956057,7976400
2013-10-08,4.963893890380859,5.0988825134697136,4.95775791088609,5.080474574985407,9876500
2013-10-09,4.982300758361816,5.000708109893783,4.933214097503801,4.957757427932808,16739400
2013-10-10,5.141833782196045,5.154105157416746,5.043660439793331,5.0497958348240415,12802600
2013-10-11,5.203190803527832,5.209326782508961,5.074338755879109,5.141832769194035,8204800
2013-10-14,5.24000883102417,5.246144813212362,5.1541068358679,5.172514782432474,5938300
2013-10-15,5.160240173339844,5.252278103513204,5.154104194296452,5.2338701663830305,7314500
2013-10-16,5.276822090148926,5.313636798664996,5.166376794282231,5.203191502798301,14650400
2013-10-17,5.448624610900879,5.460895983511547,5.215462679706659,5.319771980113525,19338900
2013-10-18,5.460895538330078,5.552933458623189,5.381130159965464,5.485438866709753,25049200
2013-10-21,5.448624610900879,5.503847250546768,5.424081280520391,5.4731679412813685,9196700
2013-10-22,5.460895538330078,5.491574845094448,5.417944859955423,5.448624166719793,7581700
2013-10-23,5.417946815490723,5.479305451166041,5.411810834891328,5.442490152728986,6872800
2013-10-24,5.491578578948975,5.503850544062366,5.417948543747142,5.44249188881442,8361700
2013-10-25,5.47930383682251,5.552933826844017,5.473167858030932,5.4977111880381,12258300
2013-10-28,5.516119956970215,5.546799273653956,5.467033284339946,5.479305245077161,8009600
2013-10-29,5.516119956970215,5.559071234391171,5.4915766206550805,5.559071234391171,5009100
2013-10-30,5.473167896270752,5.534526514296945,5.460895938601854,5.522254556628047,8703800
2013-10-31,5.399539470672607,5.491576839227757,5.399539470672607,5.479305463161419,9794400
2013-11-01,5.430217266082764,5.448624617600976,5.393401977887182,5.448624617600976,10457400
2013-11-04,5.387266159057617,5.448624779486915,5.381130765142025,5.42408144834703,8081600
2013-11-05,5.36885929107666,5.4179459577823375,5.3381799780958055,5.36885929107666,8083800
2013-11-06,5.430217266082764,5.460895990226734,5.362722668584057,5.387265998994726,10515600
2013-11-07,5.344317436218262,5.479306099582823,5.344317436218262,5.448626778114598,7896700
2013-11-08,5.534527778625488,5.534527778625488,5.301365796084353,5.307501191161246,14150300
2013-11-11,5.460895538330078,5.534526108628208,5.430216816724814,5.534526108628208,9148400
2013-11-12,5.405674934387207,5.48544033408942,5.356587679337692,5.467032979170391,9048700
2013-11-13,5.47930383682251,5.4854392304549435,5.3320432716203525,5.387265910426269,10201200
2013-11-14,5.52225399017334,5.52225399017334,5.45475998539516,5.503846640717307,6086200
2013-11-15,5.497712135314941,5.5467988037871,5.479304780927693,5.5467988037871,8646400
2013-11-18,5.460895538330078,5.540661501853798,5.454760145104489,5.522254151858818,6887200
2013-11-19,5.442488670349121,5.485439352527703,5.417945339795766,5.442488670349121,12108900
2013-11-20,5.411809921264648,5.479304526144861,5.374995214202005,5.467032567017834,13229200
2013-11-21,5.509983062744141,5.528391000796916,5.424081692467979,5.436353066010631,6255900
2013-11-22,5.608158111572266,5.608158111572266,5.479305444928242,5.509984177571658,8867200
2013-11-25,5.620429039001465,5.6695157095042426,5.595885703750076,5.626565019104129,6123400
2013-11-26,5.602022171020508,5.632701489042522,5.589750209747974,5.614293547133721,4626800
2013-11-27,5.669517993927002,5.675653976502042,5.589751975929994,5.608159923655116,9696600
2013-11-29,5.626564979553223,5.669515669651422,5.5958856644148245,5.644972334572556,3430800
2013-12-02,5.589749336242676,5.687923255603431,5.583613941724502,5.626564629147863,7711600
2013-12-03,5.528389930725098,5.602019913206831,5.473167297574025,5.583612563876169,12810400
2013-12-04,5.595885276794434,5.608157236063435,5.479304589535043,5.497711943279321,13513600
2013-12-05,5.528389930725098,5.626563240700743,5.522253952561848,5.595883935043583,8316600
2013-12-06,5.669517993927002,5.669517993927002,5.58361657851446,5.595887958505035,10959200
2013-12-09,5.706331729888916,5.724739087376097,5.669516429755211,5.681788391519561,11708200
2013-12-10,5.792233467102051,5.816776806935389,5.675652749183543,5.706332070265059,18720800
2013-12-11,5.706331729888916,5.822912440853519,5.700195749006741,5.816776459971344,10157300
2013-12-12,5.786097049713135,5.804504405049223,5.687923707708296,5.694059102714141,12030000
2013-12-13,5.743144512176514,5.79223117239655,5.7001938307737685,5.786095778738405,6803500
2013-12-16,5.835183620452881,5.865862935592067,5.767689010114819,5.78609695029389,7881800
2013-12-17,5.792006015777588,5.847519954272091,5.7488277237235135,5.847519954272091,7425200
2013-12-18,5.872195720672607,5.884531959819877,5.71182049399195,5.822848999326606,10362700
2013-12-19,5.890697479248047,5.909202123003233,5.8290145490614,5.859856014154723,6164100
2013-12-20,5.896866321563721,5.940044022903741,5.866024854212823,5.940044022903741,10779200
2013-12-23,5.940042018890381,5.952378248717585,5.890695923077839,5.933873609850847,5185500
2013-12-24,5.958547592163086,5.9832206439385285,5.9153698986190495,5.9153698986190495,2230600
2013-12-26,5.952381134033203,6.001727253765438,5.946213310255785,5.983222605928887,5579100
2013-12-27,5.927704334259033,5.958545786696224,5.921536514373018,5.95237737855843,3418400
2013-12-30,5.909201622009277,5.946211494633898,5.89686538996905,5.927706264195604,3452100
2013-12-31,5.952381134033203,5.970886370121902,5.909203426330535,5.909203426330535,4262600
2014-01-02,5.884529113769531,5.95854827761073,5.878360703053093,5.921538989816143,7039100
2014-01-03,5.921539306640625,5.970885418508292,5.909202484547681,5.915370895594153,6096500
2014-01-06,5.909201622009277,6.044903703963595,5.909201622009277,5.952379316528027,9729600
2014-01-07,5.995559215545654,6.044905333512934,5.933876273960492,5.933876273960492,11770300
2014-01-08,6.014062881469727,6.038735936427726,5.970885182356235,6.014062881469727,9013700
2014-01-09,6.026398181915283,6.088080509614659,6.001724544933273,6.044902821399908,10238300
2014-01-10,6.038736343383789,6.051073165820194,5.970885584739771,6.007894875544846,9661800
2014-01-13,5.964717388153076,6.06340961818733,5.946212742084677,6.04490497211893,6751200
2014-01-14,6.026398181915283,6.0325660029089025,5.940042217233898,5.970883675209527,8115700
2014-01-15,6.1065874099731445,6.11275582150241,6.001726766984029,6.044905059436789,13932200
2014-01-16,5.940042018890381,5.983219705663389,5.816676779359027,5.946210427929914,23518000
2014-01-17,5.940042018890381,5.995556523742456,5.872191284211103,5.970883475836185,11801900
2014-01-21,6.088079929351807,6.088079929351807,5.95854628880169,5.9770509265226135,10448400
2014-01-22,6.100417137145996,6.112753366998961,6.032565814073166,6.081911909988753,7914700
2014-01-23,6.014062881469727,6.075745812990742,5.964716771553728,6.075745812990742,9554600
2014-01-24,5.810510158538818,5.977053136097781,5.810510158538819,5.964716902474027,9801100
2014-01-27,5.761163711547852,5.8660243383684705,5.724153836330922,5.816678230247239,10298100
2014-01-28,5.767331600189209,5.822845525612641,5.748826370129441,5.779667831977097,9215600
2014-01-29,5.674807548522949,5.8166780460683185,5.66247131600926,5.730322065464529,16892500
2014-01-30,5.711818695068359,5.7426601656015475,5.631631106982919,5.717987106825421,14176400
2014-01-31,5.594618320465088,5.674805866924295,5.594618320465088,5.637796592098087,11000500
2014-02-03,5.378731727600098,5.59462082958134,5.341721847923612,5.563779949478364,31464000
2014-02-04,5.465088367462158,5.526771318104274,5.384900766928294,5.391069179642948,16996400
2014-02-05,5.452750205993652,5.502096313792074,5.397235687657426,5.415740331018833,13264600
2014-02-06,5.569946765899658,5.582283586312899,5.446581503027125,5.458918323440366,11014100
2014-02-07,5.569946765899658,5.650134333829799,5.526769070957266,5.6069566388874055,10808400
2014-02-10,5.569946765899658,5.600788228680785,5.514432250544025,5.5576105337383925,7357100
2014-02-11,5.631629943847656,5.643966176561779,5.557610782806911,5.5761154260040975,5712100
2014-02-12,5.625462532043457,5.717986940959091,5.606957885561173,5.637799355199718,7096700
2014-02-13,5.60695743560791,5.625462080605214,5.5514429123639415,5.60078902452479,6460600
2014-02-14,5.625462532043457,5.674808648164286,5.594621062404913,5.606957885561173,4511500
2014-02-18,5.588451862335205,5.643965788105919,5.582283452276695,5.625461146182348,9712800
2014-02-19,5.45891809463501,5.582283352336806,5.440412864790778,5.55144189084837,11170500
2014-02-20,5.520602226257324,5.545275285828502,5.4095737523130945,5.45891987145545,12283500
2014-02-21,5.619292736053467,5.64396578803524,5.532937348243242,5.532937348243242,10825300
2014-02-24,5.717986583709717,5.754995874362013,5.606957535248691,5.61312594644143,11593200
2014-02-25,5.73032283782959,5.748827483220279,5.674808313405451,5.7118181924389,8376800
2014-02-26,5.767331600189209,5.798172473784907,5.699480266473975,5.761163190169286,9565200
2014-02-27,5.810510158538818,5.847519447662124,5.742659402978063,5.77350028116347,10420500
2014-02-28,5.878360748291016,5.915370624622442,5.810509994644098,5.810509994644098,10610400
2014-03-03,5.872195720672607,5.903036612666935,5.822848999326606,5.859858893273031,11803100
2014-03-04,5.977053642272949,5.983222053733229,5.915371292426436,5.9400443500154605,8562100
2014-03-05,5.952381134033203,6.001727253765438,5.9215402503896675,5.9770541938993205,9245800
2014-03-06,5.983221054077148,6.020230928403248,5.952379590180731,5.970884821469779,10814400
2014-03-07,6.044903755187988,6.112754502614128,5.96471618736511,5.989389239906613,13465600
2014-03-10,6.044903755187988,6.07574521792786,5.995557650104982,6.038735344989619,7253000
2014-03-11,5.989390850067139,6.069578439447284,5.958549379035986,6.05724161573397,6946800
2014-03-12,5.977053642272949,5.977053642272949,5.9092028809661565,5.977053642272949,8656600
2014-03-13,5.927704334259033,6.020228691570605,5.896863470073621,6.001723467157224,8285300
2014-03-14,5.933907508850098,6.008313804010723,5.9153060828921085,5.921506755320995,8564600
2014-03-17,5.983512878417969,6.020716328954651,5.9587107751697745,5.989713552062213,6630000
2014-03-18,6.0455169677734375,6.064118392871491,5.9835114290084075,6.002113445435102,5770400
2014-03-19,6.07651948928833,6.113722337966891,5.99591252871329,6.02071462494187,7724300
2014-03-20,6.206730365753174,6.250133884387006,6.033115108560663,6.033115108560663,13705300
2014-03-21,6.132322788238525,6.268733987009759,6.113720777319156,6.206729057930598,14938600
2014-03-24,6.138525485992432,6.181929605325928,6.0889212850359105,6.163327586470693,7057200
2014-03-25,6.175728797912598,6.188129552217372,6.101322498097833,6.157127370791083,9033100
2014-03-26,6.126123905181885,6.243933718732331,6.113722560950975,6.212931540812336,12531400
2014-03-27,6.020715236663818,6.212931945461548,6.0021138104345795,6.144725730406542,11010300
2014-03-28,6.1137213706970215,6.138523463001589,6.020713672387022,6.033114422875044,9027100
2014-03-31,6.181928634643555,6.206730731227407,6.126123769497731,6.138524522125344,5255000
2014-04-01,6.299738883972168,6.318340309872339,6.181929064832854,6.2129318355522525,11499600
2014-04-02,6.281135082244873,6.349340678965982,6.243931653187986,6.33073926010176,8433100
2014-04-03,6.324542999267578,6.330743673654673,6.2501366806090015,6.299740893048052,5272700
2014-04-04,6.237733840942383,6.38034575626708,6.212931743002059,6.355543658326757,9988000
2014-04-07,6.126123905181885,6.225332293714605,6.076519710915525,6.212931540812336,8416100
2014-04-08,6.138525485992432,6.181929605325928,6.082721203412884,6.119924058465916,7772200
2014-04-09,6.11992073059082,6.175725574153669,6.070316556607931,6.150923487162225,8045700
2014-04-10,5.840900421142578,6.132325552288195,5.822298993167374,6.101322778110367,23297200
2014-04-11,5.834700107574463,5.902906333234289,5.642483960219319,5.772695146726804,18919100
2014-04-14,5.809897422790527,5.933907923388178,5.747892468156057,5.909105823268648,9296300
2014-04-15,5.87190055847168,5.927705408666175,5.741689438460681,5.834697127899194,13229900
2014-04-16,5.7726945877075195,5.921507188925632,5.6858869413325985,5.896705088722613,20778600
2014-04-17,5.710687160491943,5.741689923365892,5.592877371165159,5.64248155523207,27894000
2014-04-21,5.7292914390563965,5.778895647862432,5.673486556317403,5.723090765123438,7625300
2014-04-22,5.809897422790527,5.840900195772117,5.685886922192876,5.7168896951744665,9516800
2014-04-23,5.859499931335449,5.865700602407316,5.766492230571609,5.797494994602403,7812800
2014-04-24,5.785093784332275,5.871901407331604,5.766492362021188,5.871901407331604,10052800
2014-04-25,5.679687023162842,5.791296784571415,5.679687023162841,5.791296784571415,11027800
2014-04-28,5.623879432678223,5.7292884695901884,5.580475920301003,5.7292884695901884,18352100
2014-04-29,5.611478805541992,5.679684410962111,5.574275371740143,5.6734837401070495,22319900
2014-04-30,5.679687023162842,5.704489126661548,5.586679282874891,5.586679282874891,11595500
2014-05-01,5.630079746246338,5.7106866864967065,5.611478326597321,5.6920852668476885,9491700
2014-05-02,5.667286396026611,5.766494812278742,5.630082944267659,5.642484291963578,8506200
2014-05-05,5.648681640625,5.692085745225125,5.586676706141065,5.679684403531227,6987900
2014-05-06,5.5928778648376465,5.648682133342268,5.580476522062018,5.605278616284706,9044900
2014-05-07,5.673485279083252,5.679685951620294,5.580477556342352,5.611480327698879,10477100
2014-05-08,5.704486846923828,5.760291705326295,5.6424819086210745,5.6486819885213615,13287000
2014-05-09,5.7292914390563965,5.735492112989354,5.6362836953772835,5.69828866072042,10450200
2014-05-12,5.840900421142578,5.840900421142578,5.729290670633887,5.741692016836512,8896600
2014-05-13,5.809897422790527,5.871902968753708,5.803696749928466,5.853300950167527,7423600
2014-05-14,5.679687023162842,5.809898214363247,5.679687023162841,5.791296784571415,6905600
2014-05-15,5.605278968811035,5.654883160376111,5.51227125745867,5.642482408149146,11553300
2014-05-16,5.580476760864258,5.623880279779162,5.5308725702961965,5.6052788561482885,9208000
2014-05-19,5.654882907867432,5.654882907867432,5.530872434492208,5.537073105993115,6563600
2014-05-20,5.5928778648376465,5.6424820532830235,5.5432730850637,5.636281381895209,9931500
2014-05-21,5.642483234405518,5.673485415177035,5.605279789619525,5.636282561719737,5571300
2014-05-22,5.617679119110107,5.667283300138712,5.5928770285958045,5.661082629678016,8721900
2014-05-23,5.642483234405518,5.661084661134168,5.599079116933744,5.605279789619525,5803800
2014-05-27,5.685885906219482,5.735490097595098,5.648682467023469,5.673484562711276,8805300
2014-05-28,5.710687160491943,5.797494778273297,5.648681634744046,5.685885068458488,9315300
2014-05-29,5.7292914390563965,5.735492112989354,5.667286473713259,5.7292914390563965,9149100
2014-05-30,5.747892379760742,5.778894560936847,5.716889607255935,5.716889607255935,5962600
2014-06-02,5.8036956787109375,5.809896350428509,5.710687968261782,5.754091487627574,5490800
2014-06-03,5.809897422790527,5.871902968753708,5.760293222551467,5.772694568275587,6359700
2014-06-04,5.840900421142578,5.859501849117781,5.791296218989545,5.797496892090858,7502600
2014-06-05,5.90290641784668,5.915307173662456,5.803697414676575,5.822299435393408,6084900
2014-06-06,5.927706718444824,5.9525088138639,5.896703951338831,5.921506046757906,5998700
2014-06-09,6.026916027069092,6.026916027069093,5.927707630134406,5.946309056727487,6237300
2014-06-10,6.020715236663818,6.026915909183124,5.958709694128118,6.020715236663818,5254100
2014-06-11,5.9091057777404785,5.9959134231543585,5.896705023440614,5.983512077525788,13722500
2014-06-12,5.878102779388428,5.946308995070313,5.847100599164317,5.92770756867011,7067100
2014-06-13,5.884336948394775,5.959138368259965,5.859403339927751,5.890570499127561,10214300
2014-06-16,5.84693717956543,5.890570848353541,5.828237120722546,5.871870789510657,7095700
2014-06-17,5.909269332885742,5.984070737257455,5.828235568000376,5.828235568000376,13582400
2014-06-18,5.9529032707214355,5.984070421822755,5.909269021394004,5.934203217846229,8966900
2014-06-19,5.9529032707214355,5.984070421822755,5.90303606674491,5.977836872709699,5535200
2014-06-20,5.996537208557129,6.033937910536416,5.965370055985054,5.965370055985054,8547200
2014-06-23,6.02147102355957,6.033938122812593,5.965370265848988,5.984070914728523,7891500
2014-06-24,5.9529032707214355,6.058871227787544,5.940436172495323,5.984070421822755,5626000
2014-06-25,5.96536922454834,5.990302824238025,5.859401277251201,5.921735573707368,6702900
2014-06-26,5.971604824066162,5.990304881640083,5.8718703910531,5.9529047664922405,5751400
2014-06-27,5.959136962890625,5.984070565477448,5.921736261778401,5.946669864365225,6577900
2014-06-30,5.946669578552246,5.984070277866891,5.927969526126898,5.9653696309775945,4461600
2014-07-01,6.009005546569824,6.065105719411944,5.95290477926359,5.959138329956308,6796400
2014-07-02,5.977839469909668,6.058873860194634,5.965372366266956,6.009006634552227,5374500
2014-07-03,6.046403408050537,6.058870504788965,5.996536210024611,6.0152362606683605,3903300
2014-07-07,6.02147102355957,6.065104682017128,6.009004518770558,6.033938122812593,5195500
2014-07-08,5.977839469909668,6.021473143730718,5.915505140624549,6.015239591909363,8333400
2014-07-09,6.027705192565918,6.052638799170018,5.977837979357718,6.002771585961818,7192800
2014-07-10,5.96536922454834,6.0027699213148225,5.890568425479285,5.927969122245766,7788500
2014-07-11,5.996537208557129,6.027704361129203,5.921736399062544,5.946670002227405,7305600
2014-07-14,6.00277042388916,6.058871176503893,5.984070371172235,6.04017052932301,6105000
2014-07-15,6.083805084228516,6.102505137885845,6.002770725761441,6.002770725761441,8823600
2014-07-16,6.00277042388916,6.108738380058332,5.990303325768572,6.090038327341407,7633900
2014-07-17,5.797069072723389,6.00277147191509,5.790835522574776,5.971604315636092,12546900
2014-07-18,6.07757043838501,6.096270488668616,5.959135993970333,6.071336890135848,16464400
2014-07-21,6.0713372230529785,6.146138022752927,6.040170074562022,6.146138022752927,10101400
2014-07-22,6.133673667907715,6.15860727653888,6.090040001419207,6.133673667907716,14017600
2014-07-23,6.146137237548828,6.18977147764721,6.121203640834255,6.171070834263402,7802200
2014-07-24,6.214706897735596,6.239640501765604,6.15237259042857,6.171072644835073,9856400
2014-07-25,6.220938205718994,6.233405301664973,6.177304558835773,6.202238156263878,7138300
2014-07-28,6.139904499053955,6.227171793376536,6.114970901466952,6.220938245363821,6131500
2014-07-29,6.133673667907715,6.2084744938012095,6.127440117133894,6.15860727653888,8300900
2014-07-30,6.177304744720459,6.208471891059422,6.127437548363666,6.158604694702629,6110300
2014-07-31,6.121205806732178,6.20224017334331,6.114972851195973,6.196006623343059,10190600
2014-08-01,6.046403408050537,6.139904850197068,5.990302661655398,6.096270606076463,8765700
2014-08-04,6.046403408050537,6.090037652171142,5.971602611011648,6.040169859681324,7190300
2014-08-05,5.959136962890625,6.052637823975219,5.934203360303801,6.021470672125695,9536000
2014-08-06,5.959136962890625,6.009004168064272,5.921736261778401,5.952903413627925,4457700
2014-08-07,5.896801948547363,6.009003443898264,5.884334851524416,5.977836295804802,7384200
2014-08-08,5.9279704093933105,5.940436914713067,5.865636099402418,5.915503309609518,7928500
2014-08-11,5.903034687042236,5.959135427019523,5.884334044073925,5.934201830858932,9993600
2014-08-12,5.977839469909668,5.990305979088159,5.878105018624854,5.915505140624549,11535700
2014-08-13,6.015238285064697,6.07133905034025,5.97783817119039,6.009005329061707,8781600
2014-08-14,6.027705192565918,6.058872349437061,6.015238092031831,6.0214716422988745,4024200
2014-08-15,5.996537208557129,6.071338018051713,5.959137101041831,6.052637964294065,6699400
2014-08-18,6.0713372230529785,6.090037868825901,6.015236474662039,6.033937120434961,6496300
2014-08-19,6.040170669555664,6.1212050258289645,6.027704165609602,6.077571370321792,7956600
2014-08-20,6.058871269226074,6.071337773073487,6.009004064908491,6.040170621759005,6350800
2014-08-21,6.133673667907715,6.152373725765059,6.046405740466579,6.071339349097743,4988000
2014-08-22,6.133673667907715,6.152373725765059,6.096272957728908,6.114973610050372,5247900
2014-08-25,6.177304744720459,6.183538292881026,6.1399046446848,6.1710711965598914,4679900
2014-08-26,6.171072006225586,6.202239156653786,6.158605502732676,6.189772653160876,3766800
2014-08-27,6.127438545227051,6.202239351931466,6.121204996052358,6.164839245811243,3620700
2014-08-28,6.1149702072143555,6.139903801970566,6.071335970543146,6.083803065153146,3262900
2014-08-29,6.133673667907715,6.15860727653888,6.096272957728908,6.127440117133894,2920000
2014-09-02,6.177304744720459,6.196004794738288,6.121204000203099,6.164838242863197,5846000
2014-09-03,6.1648383140563965,6.208471962756515,6.127437619124953,6.189771912522732,6216500
2014-09-04,6.183540344238281,6.214707500916786,6.158606737788291,6.183540344238281,7178300
2014-09-05,6.208474159240723,6.214707709678632,6.139906887815983,6.158606944665623,10500800
2014-09-08,6.208474159240723,6.227174216090362,6.164840495103533,6.202240608802812,5481300
2014-09-09,6.139904499053955,6.189771694227961,6.114970901466952,6.189771694227961,4908300
2014-09-10,6.189773082733154,6.227173190271414,6.127438777550734,6.152372380730903,4595500
2014-09-11,6.208474159240723,6.214707709678632,6.158606944665623,6.158606944665623,5927700
2014-09-12,6.31443977355957,6.320673321662511,6.208471833665041,6.214705381767982,12931000
2014-09-15,6.28938102722168,6.326967232619729,6.264323756093804,6.326967232619729,8293400
2014-09-16,6.276855945587158,6.345763327571572,6.258062534435501,6.264327004819386,6546800
2014-09-17,6.326969146728516,6.389612044793436,6.270590120281233,6.270590120281233,7918900
2014-09-18,6.395878791809082,6.427200550703567,6.3332352740201125,6.35202868780452,11193600
2014-09-19,6.3144426345825195,6.452258019132195,6.301914289121392,6.445993547695192,10708800
2014-09-22,6.28938102722168,6.3520245037476055,6.27058822322889,6.314438298349557,7338700
2014-09-23,6.214211940765381,6.308176599375476,6.214211940765381,6.270590974896529,6963200
2014-09-24,6.233004093170166,6.251796903420206,6.170361193199146,6.233004093170166,6920100
2014-09-25,6.139040470123291,6.233005134484318,6.132775999855818,6.195419507705014,8530300
2014-09-26,6.176624774932861,6.189153712786266,6.120246346830459,6.139039156197926,6361000
2014-09-29,6.13277530670166,6.170361526645566,6.051338994667115,6.101453556317189,5074000
2014-09-30,6.095190048217773,6.164098029415748,6.08892617508297,6.120247930408159,7349200
2014-10-01,6.0137529373168945,6.10771758426358,6.00122399910392,6.095188646050605,12751400
2014-10-02,6.063868522644043,6.095189678657391,5.951110449275168,6.013753956127378,10915300
2014-10-03,6.126511096954346,6.164097318492201,6.101453815066684,6.113982754716877,7523600
2014-10-06,6.101451873779297,6.18288816335695,6.076394599864059,6.139038083358419,7262800
2014-10-07,5.988697052001953,6.126511819941192,5.988697052001953,6.088926191380598,7837700
2014-10-08,6.113983154296875,6.120247624531387,5.982432266435945,5.988696736670456,7181800
2014-10-09,5.976166248321533,6.120246039333548,5.969901779709574,6.120246039333548,8154600
2014-10-10,5.919787406921387,6.032545455739216,5.91352293811759,5.969901962526505,8296200
2014-10-13,5.8947319984436035,6.001225612228663,5.8947319984436035,5.9260537549826475,15613400
2014-10-14,5.9573750495910645,6.001225146897931,5.900996011674939,5.938581638677176,10875200
2014-10-15,5.750651836395264,5.8884665872983115,5.631629300036688,5.8884665872983115,14901100
2014-10-16,5.7569146156311035,5.800765298421675,5.512606314339467,5.612835422296303,16853400
2014-10-17,5.719332218170166,5.907262200078186,5.644160344889547,5.838354201511244,16722500
2014-10-20,5.7130656242370605,5.750651845624491,5.675480000262352,5.675480000262352,11692500
2014-10-21,5.869675159454346,5.875939630721526,5.731859778640681,5.731859778640681,10025500
2014-10-22,5.838351726531982,5.932316976358953,5.825823385002667,5.850880665473988,8441300
2014-10-23,5.907259941101074,5.951110034392954,5.882202659589613,5.9135238134194035,8480000
2014-10-24,5.944844722747803,5.951109191591668,5.882201826547048,5.888465697978282,5713100
2014-10-27,5.988697052001953,6.001225395717887,5.9260535411839035,5.951110826028565,8101900
2014-10-28,6.088924884796143,6.088924884796143,5.982431297704929,5.98869576692504,5239200
2014-10-29,6.1453022956848145,6.1703595685582355,6.04507260677862,6.076394347223523,7985000
2014-10-30,6.113983154296875,6.182890534638214,6.082661400537079,6.107718684062363,6975500
2014-10-31,6.207945823669434,6.207945823669433,6.145302933688566,6.18915301641643,8530900
2014-11-03,6.176624774932861,6.233003800447903,6.151567496638692,6.233003800447903,6848600
2014-11-04,6.20168399810791,6.214212939890457,6.126512139651109,6.157833896694649,5703200
2014-11-05,6.28938102722168,6.289381027221681,6.19541640984526,6.233002017830841,7177200
2014-11-06,6.3144426345825195,6.320707106019523,6.207949009804981,6.295649817684389,11691500
2014-11-07,6.320705890655518,6.389613270974202,6.295648607138473,6.32697036088797,13724000
2014-11-10,6.345761299133301,6.414668659091306,6.320704023020154,6.333232362370434,9506800
2014-11-11,6.3394999504089355,6.383350055832357,6.2956498449855145,6.3394999504089355,6765300
2014-11-12,6.370819091796875,6.377083560686236,6.308175597728538,6.314440066617899,6458500
2014-11-13,6.326969146728516,6.370819235115225,6.308175739637656,6.370819235115225,5589600
2014-11-14,6.326969146728516,6.364554766084939,6.301911868020018,6.326969146728516,8045300
2014-11-17,6.320705890655518,6.32697036088797,6.2267406294070256,6.301913077370925,9471500
2014-11-18,6.352026462554932,6.370819272342959,6.3081757764993345,6.3332330553542535,6613600
2014-11-19,6.3394999504089355,6.3708217103169,6.283120902057177,6.358292767388562,6592600
2014-11-20,6.35828971862793,6.35828971862793,6.283117889340972,6.289382357801367,5925600
2014-11-21,6.345761299133301,6.42093312747274,6.301911215288441,6.408404190709873,6676700
2014-11-24,6.3770833015441895,6.414668918527737,6.308175341386667,6.370818832909394,8122400
2014-11-25,6.333233833312988,6.439727430880969,6.326969960889309,6.389612867015181,38488800
2014-11-26,6.420936107635498,6.420936107635498,6.3394997731174065,6.3394997731174065,9314200
2014-11-28,6.333233833312988,6.477313652486672,6.320705491052904,6.452256370553778,5173900
2014-12-01,6.251796722412109,6.352026434806594,6.220475572039773,6.333233027688013,8511800
2014-12-02,6.28938102722168,6.3520245037476055,6.27058822322889,6.27058822322889,8856500
2014-12-03,6.35828971862793,6.364554187088324,6.270589549832777,6.276854018293172,5684700
2014-12-04,6.3770833015441895,6.389611641401168,6.326968747291051,6.326968747291051,5440500
2014-12-05,6.533692359924316,6.546220701558789,6.395877017468944,6.420934298150584,7985600
2014-12-08,6.521164894104004,6.577543937727723,6.4710503214191055,6.533693835981644,6725800
2014-12-09,6.552484512329102,6.558748981222887,6.420933652622764,6.42719812151655,7124200
2014-12-10,6.408405780792236,6.5524856022519975,6.395877438333367,6.521163849985725,9434800
2014-12-11,6.420936107635498,6.50237244215359,6.395878819892459,6.452257866667512,9904800
2014-12-12,6.301913738250732,6.4146712271959,6.301913738250732,6.370821125795714,8466200
2014-12-15,6.2705912590026855,6.3582914517022076,6.207947752149234,6.339498638611276,8783400
2014-12-16,6.301913738250732,6.364556654906309,6.2142129380375355,6.226741282403521,12617700
2014-12-17,6.421648979187012,6.446856606741335,6.283007328136858,6.346026096524041,10158300
2014-12-18,6.598103046417236,6.598103046417236,6.472064907244424,6.5161781057055945,11372200
2014-12-19,6.509875297546387,6.648517535141935,6.509875297546387,6.61700785373424,24380900
2014-12-22,6.579195499420166,6.5917996112012,6.516176743506385,6.522478799396902,5411200
2014-12-23,6.686330318450928,6.6926323764837,6.585499793915911,6.591801851948683,5879600
2014-12-24,6.654820919036865,6.70523617894646,6.629613289082068,6.698934121208435,5652100
2014-12-26,6.6611223220825195,6.698934067208569,6.648518807705369,6.6611223220825195,2920700
2014-12-29,6.743044853210449,6.7682524739309775,6.648516425757744,6.654818481187147,4339400
2014-12-30,6.717841148376465,6.761954360102082,6.654822360339503,6.711539089273538,3905700
2014-12-31,6.629612922668457,6.7619525218688565,6.623310865278741,6.755651065476413,5579000
2015-01-02,6.617006778717041,6.680026131294133,6.560289481597075,6.680026131294133,6410200
2015-01-05,6.421648979187012,6.604404429205167,6.421648979187012,6.591800915926629,7511800
2015-01-06,6.2514967918396,6.459459841082482,6.213685055160363,6.421648104403245,11543200
2015-01-07,6.333423137664795,6.390140454876292,6.264101705074166,6.320819022285662,13178300
2015-01-08,6.478366374969482,6.490970489407792,6.3712338062328655,6.3838379206711755,11257800
2015-01-09,6.2956109046936035,6.484668413749899,6.270403276885914,6.415347587528067,10312700
2015-01-12,6.308216571807861,6.327122147067755,6.232593669770885,6.30191451305543,11017200
2015-01-13,6.289309501647949,6.465763515652135,6.232592783929442,6.364932993933923,15076700
2015-01-14,6.2073845863342285,6.232592214460572,6.081345844705245,6.226290157179672,14271100
2015-01-15,6.119158744812012,6.2136872179162355,6.081346994971898,6.175876069073496,10945200
2015-01-16,6.2514967918396,6.257798848118999,6.068741366717152,6.087646934558187,10062200
2015-01-20,6.15696907043457,6.270403091720837,6.119157329340991,6.264101034705702,8346700
2015-01-21,6.150668144226074,6.226291039319344,6.112856396180766,6.15697020239985,13969700
2015-01-22,6.39644193649292,6.415348109635288,6.125460065755963,6.182177383188464,12438800
2015-01-23,6.327121734619141,6.427952264095563,6.283008528222546,6.390141116040586,10773900
2015-01-26,6.4090447425842285,6.421648254440335,6.320817755602763,6.339723924882692,7661500
2015-01-27,6.3208208084106445,6.390142260589991,6.276707594112856,6.327122867881034,11043900
2015-01-28,6.15696907043457,6.396441227037376,6.150667013419435,6.371233599974068,10053000
2015-01-29,6.352328300476074,6.352328300476074,6.156969332664271,6.188478417087474,15199600
2015-01-30,6.314517021179199,6.371233732503491,6.232592081270002,6.257799708857658,12693500
2015-02-02,6.472065448760986,6.49097102096942,6.289309380422672,6.358630813515772,12822900
2015-02-03,6.535083770751953,6.604404598049244,6.478366457055415,6.490970571653429,13757400
2015-02-04,6.440556049346924,6.5224810005799885,6.402744302240381,6.5224810005799885,15902300
2015-02-05,6.497272491455078,6.5224801191203925,6.446856635127201,6.459460749458483,13630700
2015-02-06,6.560291767120361,6.648518771266053,6.53508413750692,6.5665938247730455,12621200
2015-02-09,6.535083770751953,6.591801084448492,6.472065000753671,6.516178199852195,6814800
2015-02-10,6.680027484893799,6.686328940630727,6.579196380139239,6.591800493607512,9093900
2015-02-11,6.617006778717041,6.673724075837006,6.591799157885621,6.661119964922753,7197900
2015-02-12,6.749348163604736,6.749348163604736,6.610705923364339,6.661121174179539,8227900
2015-02-13,6.7367448806762695,6.774556623946397,6.686329623647612,6.749348995432069,4351400
2015-02-17,6.743044853210449,6.77455452936038,6.680026101907674,6.7052337226282015,4669100
2015-02-18,6.6989336013793945,6.774556485375544,6.692631544130401,6.7304432866271044,5515000
2015-02-19,6.705235481262207,6.755650735926061,6.617008485101842,6.692631367097622,6359100
2015-02-20,6.755649089813232,6.761950544362842,6.6233089283179245,6.6737241706973665,6921200
2015-02-23,6.72413969039917,6.755649368435143,6.673724445940462,6.717837634592551,6212600
2015-02-24,6.906895637512207,6.913197693807615,6.7367437235191945,6.743045779814603,12725900
2015-02-25,6.919500350952148,6.9447085805121915,6.881689208606627,6.894292722389377,12424800
2015-02-26,6.913199424743652,6.91950088161966,6.8564821058783565,6.887991794247667,8900300
2015-02-27,6.89429235458374,6.932104095909303,6.862783271309217,6.89429235458374,5375800
2015-03-02,6.906895637512207,6.925801205401264,6.85017833284787,6.875385957032335,7315500
2015-03-03,6.881689071655273,6.919500213248321,6.8249717582684415,6.862783500858749,7149800
2015-03-04,6.818670272827148,6.850179960795309,6.7493494400950445,6.843877903002215,9579900
2015-03-05,6.85017728805542,6.856479343389635,6.736742696027845,6.818667612381418,7668300
2015-03-06,6.938405513763428,7.045538069819506,6.806065332811637,6.856480582603064,17018800
2015-03-09,6.9888224601745605,7.02033214919285,6.93840719814423,6.951010713153147,8463100
2015-03-10,6.780858516693115,6.894292541754914,6.774556459468221,6.887991085527276,12554900
2015-03-11,6.843876838684082,6.843876838684082,6.774556016732331,6.7808580735453665,6029300
2015-03-12,7.0581440925598145,7.0644461512748675,6.906898289382919,6.9132003480979725,8441900
2015-03-13,7.00772762298584,7.045539367793924,6.944708849635426,7.039237310159694,10300300
2015-03-16,7.058417320251465,7.077425455644719,7.001392309813974,7.045744827150809,6507600
2015-03-17,7.109104633331299,7.121776519588179,6.957037768445482,7.045743389274074,10065400
2015-03-18,7.077422618865967,7.159791978231682,7.0013895035108815,7.096430746640367,8961300
2015-03-19,7.033071994781494,7.109105130411965,6.96337450059366,7.0710882604679055,8434100
2015-03-20,7.140783309936523,7.159791436272105,7.014060856346134,7.09643020947691,10078200
2015-03-23,7.064751625061035,7.1597934925496505,7.064751625061035,7.140785360754974,4899100
2015-03-24,6.982381820678711,7.039406207635707,6.96337308743552,7.039406207635707,10379300
2015-03-25,6.855660915374756,7.026735928094871,6.855660915374756,6.988719057182291,7805200
2015-03-26,6.8936767578125,6.912684888304115,6.766954880772442,6.855659892571696,8535300
2015-03-27,6.861997127532959,6.8936777524282284,6.817644615234177,6.8746696191941306,4486100
2015-03-30,6.976048469543457,6.982384716585779,6.900015317808923,6.919023454678112,4342800
2015-03-31,7.001391410827637,7.045743922469561,6.900013896070292,6.919022029022882,8764400
2015-04-01,6.969710350036621,7.007727217819261,6.906349105151424,6.988718481799134,7324700
2015-04-02,6.995053291320801,7.020397663221122,6.950700791559613,6.969708919420481,5585400
2015-04-06,7.00772762298584,7.0457438887088575,6.8683332387335945,6.912685750162998,6547100
2015-04-07,7.033071994781494,7.083760751868475,6.995055124837434,7.0140632576806405,6852700
2015-04-08,7.00772762298584,7.083760758689524,6.988718885866683,7.0584163801216295,10078500
2015-04-09,7.026735305786133,7.052079682730724,6.957037815995299,7.026735305786133,10253800
2015-04-10,7.001391410827637,7.06475205542215,6.9760470321383,7.052080168206309,8593000
2015-04-13,7.147119045257568,7.159791532489884,7.001389067630628,7.001389067630628,8117500
2015-04-14,7.064751625061035,7.153457247198887,7.0394072479155945,7.140785360754974,10587500
2015-04-15,7.140783309936523,7.172463319076679,7.064749596079314,7.064749596079314,9684900
2015-04-16,7.140783309936523,7.172463319076679,7.071085839610321,7.1344470664055155,5137300
2015-04-17,7.039408206939697,7.12811384116249,7.007728184385132,7.090096968136236,7235500
2015-04-20,7.064751625061035,7.096432247557241,7.007727229677005,7.064751625061035,6826300
2015-04-21,7.077422618865967,7.1344476064466535,7.058414491091567,7.096430746640367,7263200
2015-04-22,6.9887166023254395,7.04574158653488,6.900011608450711,6.950700349024113,17110200
2015-04-23,6.9316935539245605,6.976046667505836,6.912685421965512,6.969710422100279,8657500
2015-04-24,6.836651802062988,6.900013043082361,6.811307426506755,6.849324291969894,10552700
2015-04-27,6.785964012145996,6.9316940411718235,6.7732915204441,6.881005282879565,12057300
2015-04-28,6.836651802062988,6.868332422572674,6.760618675394287,6.798634936599849,13316500
2015-04-29,6.9000139236450195,6.944366435464191,6.7859639169584005,6.7859639169584005,11457300
2015-04-30,6.881004333496094,6.976046195374243,6.868332447800221,6.900013068426271,11572800
2015-05-01,6.9000139236450195,6.95070268122626,6.849325166063778,6.944366435464191,4677500
2015-05-04,7.001391410827637,7.007727656564383,6.900013896070292,6.919022029022882,7564200
2015-05-05,6.957037448883057,7.014062445063668,6.938029318242045,6.950701808174438,10847900
2015-05-06,6.8936767578125,6.995054259444547,6.849324251912873,6.976046128952931,8042900
2015-05-07,6.912685394287109,6.938029771550236,6.861996639760857,6.887341017023983,7402200
2015-05-08,6.969710350036621,6.969710350036621,6.8936772187289534,6.912685350491467,4963800
2015-05-11,7.026735305786133,7.0647515690742155,6.938029684351258,6.969710306596399,7250800
2015-05-12,7.033071994781494,7.052080127624699,6.9380301220501694,6.995055124837434,6730300
2015-05-13,7.096433162689209,7.121777543102976,6.988719394866279,7.014063775280045,8314600
2015-05-14,7.115437984466553,7.1281104709028265,7.052077365057419,7.1281104709028265,6011800
2015-05-15,7.0203986167907715,7.140784852862282,6.969709866105157,7.134448607962187,5403500
2015-05-18,7.1344499588012695,7.15979433894279,7.014063699935785,7.020399946035586,6830100
2015-05-19,7.254833698272705,7.280178071723799,7.1471199600411754,7.1471199600411754,10554000
2015-05-20,7.191473484039307,7.254834119214604,7.178800994449709,7.248497874419805,5443200
2015-05-21,7.185135364532471,7.22948785800869,7.1534547530819985,7.166127239365149,6637800
2015-05-22,7.1344499588012695,7.223154987167747,7.1344499588012695,7.18513871908431,4964200
2015-05-26,7.052077293395996,7.115437912161275,7.052077293395996,7.077421661753589,14093200
2015-05-27,7.140783309936523,7.159791436272105,7.0457414697437315,7.058413956805747,10991400
2015-05-28,7.147119045257568,7.172463415464751,7.1027665484593605,7.121774675050386,9811400
2015-05-29,7.052077293395996,7.166127253133866,7.045741050242247,7.159791009980117,12263500
2015-06-01,6.995053291320801,7.102767022961535,6.931692059441255,7.0647501629823095,12028800
2015-06-02,7.077422618865967,7.096430746640367,6.982381375736482,6.995053259500253,7446100
2015-06-03,7.140783309936523,7.140783309936523,7.064749596079314,7.083758326672337,9604800
2015-06-04,7.0710883140563965,7.15345769601139,7.05841642681744,7.121777071527523,8946000
2015-06-05,7.185135364532471,7.185135364532471,7.083757891296883,7.140782871056252,9324600
2015-06-08,7.140783309936523,7.223152058809858,7.1344470664055155,7.172463319076679,13668100
2015-06-09,7.2168192863464355,7.254835554119185,7.121777408399197,7.153458034381609,11778600
2015-06-10,7.248497486114502,7.318194966608434,7.229489357005942,7.242161845916669,12088000
2015-06-11,7.273841857910156,7.311858720375562,7.223153110794635,7.248497484352396,6570400
2015-06-12,7.299188613891602,7.311860501628734,7.254835496167444,7.273843629901982,7523300
2015-06-15,7.26733922958374,7.324662774572117,7.210015684595364,7.2546010014869395,7606500
2015-06-16,7.318293571472168,7.324662989417949,7.235492960440386,7.241862378386168,5430000
2015-06-17,7.235494613647461,7.3501417331822525,7.235494613647461,7.343772313781149,7698000
2015-06-18,7.331031799316406,7.350139444147807,7.2100152980683605,7.229123550320838,13679200
2015-06-19,7.235494613647461,7.337403501801313,7.235494613647461,7.305557012217063,11370400
2015-06-22,7.3692498207092285,7.375619240487821,7.280080373494147,7.292818605630028,8566200
2015-06-23,7.4393110275268555,7.458418676369685,7.388356892331839,7.388356892331839,5379000
2015-06-24,7.375618934631348,7.464788985569977,7.35651128350924,7.4329424954189465,5867200
2015-06-25,7.280080795288086,7.439312654450669,7.273711375140462,7.407466161133884,13886300
2015-06-26,7.299187660217285,7.337403569555527,7.280080009258801,7.3182953111757705,11165400
2015-06-29,7.133586883544922,7.2673416641860715,7.120848651180739,7.190910447737031,8400400
2015-06-30,7.203648090362549,7.267340456441184,7.133585698028472,7.210016901775563,10193600
2015-07-01,7.3055572509765625,7.3119260631645435,7.2482336893357235,7.286448992148759,8389200
2015-07-02,7.229126453399658,7.311926483393657,7.178172308439664,7.305557670839649,6485500
2015-07-06,7.222756862640381,7.254603354342688,7.095371503252455,7.1399562271829025,7086400
2015-07-07,7.14632511138916,7.229125740640714,7.0571550627902715,7.20364867067264,8670600
2015-07-08,7.038047790527344,7.108109584850677,7.01257071918965,7.0316783708375965,9572300
2015-07-09,7.082630634307861,7.14632359946335,7.044415341151474,7.127215345464023,7771500
2015-07-10,7.139959335327148,7.184544078666082,7.082635746793334,7.152697573100456,6750400
2015-07-13,7.235494613647461,7.241864033048564,7.171802241900229,7.203648731484479,5779300
2015-07-14,7.2864484786987305,7.299187317019606,7.17180197091707,7.216386690197647,6445900
2015-07-15,7.343770980834961,7.39472511195272,7.2737092024033325,7.324663333521091,8976300
2015-07-16,7.375618934631348,7.420203656390024,7.35651128350924,7.381988354145809,5939600
2015-07-17,7.3501410484313965,7.356510467239115,7.267340426194693,7.3501410484313965,6951800
2015-07-20,7.401095867156982,7.420203517922523,7.343772307439091,7.356511146230296,8143200
2015-07-21,7.375618934631348,7.464788985569977,7.350141863994779,7.4329424954189465,7876900
2015-07-22,7.388357639312744,7.445680591636724,7.3565111497408004,7.39472645129012,13232300
2015-07-23,7.471157550811768,7.579435249294946,7.420203411222184,7.5030040399105715,12861200
2015-07-24,7.490263938903809,7.54121806577354,7.445678622326964,7.509371584624682,9155000
2015-07-27,7.388357639312744,7.471157661810025,7.37561880051546,7.452050011035365,7186500
2015-07-28,7.445680618286133,7.471157688550622,7.381988246335545,7.452050037707572,7266800
2015-07-29,7.471157550811768,7.496635228027817,7.407465180035417,7.452049900320988,9866300
2015-07-30,7.4966349601745605,7.4966349601745605,7.420203146099822,7.439311403329125,8228800
2015-07-31,7.432941913604736,7.5030037005158885,7.420203075572947,7.5030037005158885,8886500
2015-08-03,7.452049732208252,7.458419151368575,7.375618524548109,7.452049732208252,8219700
2015-08-04,7.432941913604736,7.534850188174132,7.426572494588842,7.471157212857645,7781700
2015-08-05,7.4966349601745605,7.541219678867129,7.439311403329125,7.452049634060757,8733600
2015-08-06,7.471157550811768,7.541219948313388,7.439311669134221,7.528481109705363,5621100
2015-08-07,7.388357639312744,7.509373570780611,7.343772310943516,7.458419430434008,9609600
2015-08-10,7.534849166870117,7.534849166870117,7.401094422772139,7.401094422772139,7147900
2015-08-11,7.413834095001221,7.541219435309583,7.381987608068827,7.515742367247911,10487300
2015-08-12,7.331031799316406,7.432940048311976,7.216384715485853,7.388355341231684,9865000
2015-08-13,7.401095867156982,7.420203517922523,7.292818167116802,7.318295237277947,7866800
2015-08-14,7.51574182510376,7.528480054505122,7.394725304974369,7.4265717896095325,6390400
2015-08-17,7.50937032699585,7.566693861979338,7.394723257028874,7.445677375365085,8604000
2015-08-18,7.541220188140869,7.553958419732741,7.490266046930832,7.490266046930832,7234900
2015-08-19,7.413834095001221,7.541219435309583,7.413834095001222,7.5348500164388605,10887600
2015-08-20,7.210018157958984,7.350142359619412,7.210018157958984,7.331034707208865,7810400
2015-08-21,7.006200313568115,7.165432138876481,7.006200313568114,7.133585652330566,12415200
2015-08-24,6.649522304534912,6.8724471547956085,6.369274494061596,6.649522304534913,17275200
2015-08-25,6.503026962280273,6.853337055937946,6.503026962280273,6.834228801930724,14236900
2015-08-26,6.73868989944458,6.745059317388257,6.528503966672237,6.655889288440153,12418600
2015-08-27,6.917028903961182,6.923398321494207,6.764166527695109,6.808751235584109,13179800
2015-08-28,6.948879241943359,6.974356318798219,6.859709776662063,6.910663930371783,9609000
2015-08-31,6.948879241943359,6.974356318798219,6.859709776662063,6.904294509302711,6308500
2015-09-01,6.655889987945557,6.83422945716335,6.630412920914444,6.815121808745313,9841500
2015-09-02,6.745059967041016,6.789644682098696,6.636782281254202,6.751429385598166,7884100
2015-09-03,6.821493625640869,6.891555432753275,6.738692976823622,6.757800631959477,6348700
2015-09-04,6.719583988189697,6.783276361809964,6.655891007148146,6.751430478710472,6631000
2015-09-08,6.904292106628418,6.91066152548095,6.783275578115178,6.866076200934444,6747100
2015-09-09,6.821493625640869,6.999833157558797,6.7960165496525935,6.999833157558797,8412900
2015-09-10,6.891555309295654,6.936140647042474,6.776908773112933,6.815124082700042,7077900
2015-09-11,6.885183334350586,6.885183334350586,6.796013307224595,6.840598017077033,6583200
2015-09-14,6.917028903961182,6.9425059666721936,6.840597715828146,6.872444196072182,6779800
2015-09-15,7.006693363189697,7.0195029683129695,6.923433373070789,6.936242367398471,5694500
2015-09-16,7.070741176605225,7.070741176605225,6.929838554112494,6.981075760328818,9061900
2015-09-17,6.846579074859619,7.077147151802548,6.820960467509935,7.057933348989231,15629200
2015-09-18,6.63522481918335,6.7825322563903745,6.622415822049887,6.756913651327726,14841100
2015-09-21,6.737701416015625,6.763320027031827,6.6608449721711525,6.6736545830771865,9817400
2015-09-22,6.616012096405029,6.673654119889784,6.564774877928763,6.622416901413518,6864600
2015-09-23,6.63522481918335,6.6992716372378345,6.583987609058052,6.6096062141207,8464100
2015-09-24,6.609605312347412,6.622414918528936,6.5071309060777835,6.577582518484883,7808300
2015-09-25,6.718486309051514,6.756914527023645,6.667249092285874,6.692867700668693,7981600
2015-09-28,6.590394973754883,6.718488048839359,6.571181165191202,6.705679046728892,7364600
2015-09-29,6.686463356018066,6.692868161253484,6.53915650037855,6.5839889154347775,14830800
2015-09-30,6.788938522338867,6.795342716886866,6.660844858645191,6.724891690492029,10269700
2015-10-01,6.846579074859619,6.8529838793959845,6.744104645460885,6.801746664696617,10751800
2015-10-02,6.776127338409424,6.776127338409424,6.539155092868327,6.673652919883081,11686800
2015-10-05,6.904223918914795,6.92343834038535,6.814559061902984,6.814559061902984,6747900
2015-10-06,6.897819519042969,6.929842332290379,6.846581674095887,6.872200291171422,6103400
2015-10-07,6.981077194213867,7.019505412166949,6.8914123703163455,6.955458585843746,7448100
2015-10-08,6.9938883781433105,7.019506992280262,6.917032535732453,6.9426511498694055,7009100
2015-10-09,6.910627841949463,7.038720914718564,6.885009227395643,6.961865071057104,4400600
2015-10-12,6.955458164215088,6.96186296861832,6.872197539360369,6.910625754983995,3605200
2015-10-13,6.878601551055908,6.96186216631546,6.872196747390782,6.9362435624506515,5441100
2015-10-14,6.744106769561768,6.90422326862598,6.712083347589731,6.827367422370675,9011800
2015-10-15,6.865793704986572,6.8786027036674655,6.75050966287954,6.80174687919471,10919000
2015-10-16,6.852985858917236,6.917032701189604,6.820962437781053,6.897818892826276,8528300
2015-10-19,6.852985858917236,6.897818892826276,6.820962437781053,6.820962437781053,6545100
2015-10-20,6.929841041564941,6.955459653868854,6.833771398124249,6.878603816957119,7953900
2015-10-21,6.801745414733887,7.000290043304046,6.769722008732807,6.942648034661237,12486100
2015-10-22,6.9618611335754395,7.070740336548384,6.7120793248500465,6.724888930280089,14853100
2015-10-23,7.128383636474609,7.1347884403550506,6.993885808963929,7.025909217570418,12389600
2015-10-26,7.0259108543396,7.128385297116427,6.961864022206154,7.10276668642222,9644400
2015-10-27,6.981077194213867,7.06433782411571,6.942649587056587,6.987481999005348,10118400
2015-10-28,7.269287109375,7.269287109375,6.987481813970334,7.0195052262839255,10597100
2015-10-29,7.237265586853027,7.326930431789386,7.205242166177494,7.250074588645673,10117000
2015-10-30,7.0259108543396,7.250073545214944,6.993887438272877,7.243669350638286,10364500
2015-11-02,7.115574836730957,7.147598248973901,7.045123818433109,7.070742426068307,8979600
2015-11-03,7.128383636474609,7.198834646772312,7.077146427022513,7.0835512309029545,7410600
2015-11-04,7.173218250274658,7.211646474591466,7.121981025049517,7.147599637662087,5944800
2015-11-05,7.256477355957031,7.314119374817088,7.179621534408881,7.179621534408881,8479900
2015-11-06,7.461426734924316,7.525473562755456,7.365357103973425,7.37816671385798,11338600
2015-11-09,7.410189151763916,7.512663582606596,7.352547131715961,7.487044974895926,7652900
2015-11-10,7.435804843902588,7.46142344156823,7.346140057470613,7.390972450686601,4780400
2015-11-11,7.397378921508789,7.487043728167424,7.378165121624178,7.480639535403012,6584300
2015-11-12,7.250072479248047,7.397379927178244,7.250072479248047,7.358951711389046,8441900
2015-11-13,7.186026573181152,7.307714808567373,7.17321696377429,7.288501005252874,8240200
2015-11-16,7.314117908477783,7.314117908477783,7.154001492987106,7.166810488612621,7790500
2015-11-17,7.346142292022705,7.429402912461173,7.282095472979042,7.346142292022705,8573900
2015-11-18,7.4998555183410645,7.50626032376547,7.346143852930516,7.3781672692566795,9609400
2015-11-19,7.512663841247559,7.525473450941789,7.442212820316723,7.5126638412475595,6810300
2015-11-20,7.474236488342285,7.5510923167380835,7.429404074477028,7.538283317403365,7611100
2015-11-23,7.461426734924316,7.5318783676977334,7.4358081259510245,7.48064114975115,5793500
2015-11-24,7.467832565307617,7.493451177798714,7.390976727834326,7.410190534503673,6624000
2015-11-25,7.467832565307617,7.52547459611156,7.43580914699477,7.493451177798714,4402800
2015-11-27,7.5318779945373535,7.5318779945373535,7.429403563721191,7.467831169879359,4225000
2015-11-30,7.487046241760254,7.551093077272028,7.442213823379547,7.531879270936852,8485000
2015-12-01,7.557496547698975,7.58951995979686,7.467831115984055,7.52547313560109,7448900
2015-12-02,7.474236488342285,7.6023295356686145,7.467831683277012,7.589520536333897,7848600
2015-12-03,7.320526123046875,7.55749845510649,7.294907509061942,7.493451614746189,10719100
2015-12-04,7.525472640991211,7.544686442668806,7.320523794308216,7.371761005978965,15299300
2015-12-07,7.403785228729248,7.525473467106776,7.3781666200815685,7.487045248737351,12361800
2015-12-08,7.192431449890137,7.371762333835919,7.173217644751607,7.3461437233859295,14829300
2015-12-09,7.083552837371826,7.256478305791241,7.032315005503859,7.1796224741830725,11645800
2015-12-10,7.102766990661621,7.186027631683138,6.987482932201693,7.006696738346386,12857500
2015-12-11,6.929841041564941,7.089957521163362,6.891413428507024,7.01950649002658,10566700
2015-12-14,6.9426493644714355,7.019505187117757,6.840174934276338,6.968267972020209,13299700
2015-12-15,7.192431449890137,7.2308596709630475,7.025910787363127,7.051529397813117,11180500
2015-12-16,7.256477355957031,7.294905572128994,7.083551910172636,7.237263553268937,12701100
2015-12-17,7.166255474090576,7.320922712512904,7.159810852174736,7.295144839442517,10936000
2015-12-18,6.97291898727417,7.146920038255125,6.97291898727417,7.140475418309285,25292000
2015-12-21,6.992254734039307,7.088921600942248,6.934254368060362,7.050254485425301,7718600
2015-12-22,7.082476615905762,7.101810479968828,6.947142640428897,7.076031994551406,7280400
2015-12-23,7.185589790344238,7.185589790344238,7.088922905649874,7.108256159670134,4773000
2015-12-24,7.224256992340088,7.269368123747285,7.1275901065837886,7.198479115165537,3705800
2015-12-28,7.185589790344238,7.204923658957562,7.082478282778767,7.172701159195086,6511500
2015-12-29,7.282256126403809,7.301589377335881,7.1662553916254454,7.1662553916254454,4702700
2015-12-30,7.198476791381836,7.308032887655483,7.185587549658878,7.243587908226441,4590500
2015-12-31,7.127588272094727,7.211365890404645,7.101810401554848,7.146921521351407,5767700
2016-01-04,6.895587921142578,6.966477537364977,6.8182542972033335,6.934255040408705,14209900
2016-01-05,6.908473968505859,6.966474313265862,6.863362247807675,6.934251831222224,9529200
2016-01-06,6.798920631408691,6.863365006809212,6.753808892576057,6.773142758329889,7561600
2016-01-07,6.592697620391846,6.728031619778427,6.560475737113205,6.6506979936422415,13056000
2016-01-08,6.476696014404297,6.702252218983888,6.457362765918707,6.702252218983888,12049200
2016-01-11,6.508917808532715,6.566917547783913,6.431583593678806,6.53469567528641,12756200
2016-01-12,6.560474872589111,6.5798081229272105,6.425140891036527,6.560474872589111,11974700
2016-01-13,6.283360958099365,6.605584596976256,6.264027711852741,6.586251350729631,15425600
2016-01-14,6.347807884216309,6.3929190108649765,6.154473518504435,6.328474017430017,13622400
2016-01-15,6.173806190490723,6.193139440867093,6.044916830326679,6.154472940114354,14389000
2016-01-19,6.109360694885254,6.302695026344651,6.070694197349113,6.302695026344651,10383500
2016-01-20,5.967583656311035,6.006250159928216,5.812916412656324,5.967583656311035,25958500
2016-01-21,5.8000264167785645,6.038471873494977,5.522913846862744,5.6324699505693285,21720100
2016-01-22,5.896695613861084,5.948251375488808,5.838695842974762,5.85802909993687,12855800
2016-01-25,5.671138286590576,5.896694549344429,5.664693663902254,5.85802804240059,71293800
2016-01-26,5.187800407409668,5.4004679475443655,5.046021842455609,5.303800492742279,88356100
2016-01-27,5.323135852813721,5.47780308657954,5.181357247898576,5.226468370765367,37448900
2016-01-28,5.4649128913879395,5.503580000391758,5.336023552363289,5.381135281966553,27980100
2016-01-29,5.529357433319092,5.529357433319092,5.42624597020897,5.477801701764031,16369200
2016-02-01,5.568024635314941,5.6260243733701225,5.452023930018961,5.5164689028706855,18784500
2016-02-02,5.419802188873291,5.503580419263804,5.381135691519451,5.503580419263804,21717900
2016-02-03,5.490692615509033,5.522914496607557,5.2329132645699366,5.452025497760624,22003800
2016-02-04,5.587359428405762,5.664693048484892,5.464914069002403,5.464914069002403,20033700
2016-02-05,5.529357433319092,5.6711360023919095,5.497134947448979,5.600246410559102,15985600
2016-02-08,5.419802188873291,5.490691791676822,5.316690709805859,5.477802549496945,13434500
2016-02-09,5.445578098297119,5.5100230568112964,5.329578033401342,5.342466656348574,16447500
2016-02-10,5.3940253257751465,5.542248565541653,5.36824745119745,5.490692816386262,12602000
2016-02-11,5.162023067474365,5.271579158638703,5.123355958701663,5.271579158638703,18762400
2016-02-12,5.439135551452637,5.484247285434006,5.25869045930588,5.25869045930588,13330900
2016-02-16,5.632472515106201,5.7226954105891785,5.471360596839366,5.542250234216418,15702600
2016-02-17,5.6518049240112305,5.793582932859028,5.619582425784718,5.729138550999039,12723700
2016-02-18,5.490692615509033,5.684026360472123,5.419803002069113,5.658248486837512,23689100
2016-02-19,5.587359428405762,5.593804050393934,5.419802944271155,5.464914069002403,14307400
2016-02-22,5.6969146728515625,5.709803300264431,5.619581064595695,5.645358934014317,10291900
2016-02-23,5.54869270324707,5.729138444111789,5.510026197771076,5.716249199224442,8187300
2016-02-24,5.503581523895264,5.548692651393359,5.394025401748732,5.445581151630274,20932500
2016-02-25,5.568024635314941,5.59380250153707,5.497135042259482,5.535802148889079,13806600
2016-02-26,5.767805099487305,5.793582975338917,5.613137844377632,5.613137844377632,14643400
2016-02-29,5.638913631439209,5.748469716874596,5.600246524688504,5.716247230347809,14167300
2016-03-01,5.9160284996032715,5.928917130565936,5.671138365382092,5.703360864678336,14364200
2016-03-02,5.986916542053223,6.012694414419502,5.9031383032145754,5.9031383032145754,15788100
2016-03-03,6.1866960525512695,6.206029304861207,5.98691706337187,6.012694937982792,18045100
2016-03-04,6.231805801391602,6.296250780964265,6.17380544269478,6.206027932481112,13057800
2016-03-07,6.173806190490723,6.257584428245589,6.154472940114354,6.167361568834283,9095900
2016-03-08,6.025583267211914,6.160917242008326,5.986916153873119,6.090027636652686,10898700
2016-03-09,6.019139289855957,6.1029175322257165,5.993361416403183,6.0835836661914,12721900
2016-03-10,6.148029327392578,6.199585079918855,5.993362069813745,6.090028952152253,14057400
2016-03-11,6.328473091125488,6.33491771244428,6.173805867031978,6.212472980351814,13975900
2016-03-14,6.276919364929199,6.354253001803466,6.225363607013022,6.32203111405069,8847300
2016-03-15,6.225362777709961,6.2575852757633745,6.173807026661711,6.186696271720289,8134100
2016-03-16,6.153955936431885,6.316243811790267,6.102023865843532,6.2253629978002065,10726400
2016-03-17,6.199395656585693,6.225361686410052,6.0435994776395425,6.147463596936976,12791700
2016-03-18,6.277293682098389,6.374666138177844,6.1799212260189345,6.231853285138508,14802000
2016-03-21,6.290275573730469,6.3551909487730205,6.23185247908685,6.264309547529228,10847500
2016-03-22,6.296771049499512,6.368178129118977,6.199398547028406,6.238347300385139,9901400
2016-03-23,6.251326560974121,6.309750272051831,6.231852196974509,6.283784247026056,9943800
2016-03-24,6.225363254547119,6.238345963190084,6.12149910908684,6.186413890459945,7322300
2016-03-28,6.186411380767822,6.270801119489008,6.153953693709075,6.231852390281623,9123300
2016-03-29,6.186411380767822,6.192903041995349,6.069564574066777,6.153953693709075,12676300
2016-03-30,6.225363254547119,6.296769699781277,6.166939517955927,6.218871590686067,9984100
2016-03-31,6.192904472351074,6.257819861461871,6.127989083240276,6.205887797804846,12343000
2016-04-01,6.205887794494629,6.205887794494629,6.089040341789133,6.173430099956543,11356200
2016-04-04,6.173430919647217,6.238345698263558,6.14097322079949,6.231854653757304,11037000
2016-04-05,6.108512878417969,6.192902611269723,6.069564151919526,6.089038515168747,14762700
2016-04-06,6.192904472351074,6.1993961350779605,6.063074313208511,6.173430103249448,13356600
2016-04-07,6.037108898162842,6.186413441660771,5.985176829200163,6.153955743789322,15564400
2016-04-08,6.056581497192383,6.166937266219465,6.02412380881755,6.082547524076466,8118400
2016-04-11,6.089039325714111,6.17992073143961,6.063073298232387,6.063073298232387,11722100
2016-04-12,6.21237850189209,6.23185348900827,6.082548349845876,6.115006042627178,10777300
2016-04-13,6.42659854888916,6.452564579869518,6.244836332026655,6.277294025521856,12270100
2016-04-14,6.485022068023682,6.562920158498199,6.4071239775491655,6.413615639858456,11266500
2016-04-15,6.446075439453125,6.510990226528748,6.400634407513075,6.498007516745301,8930300
2016-04-18,6.465547561645508,6.517479620849167,6.381157810669815,6.400632178101443,8267800
2016-04-19,6.562920093536377,6.582395080271481,6.465547636176803,6.478530341587886,10978900
2016-04-20,6.673276901245117,6.71871792486686,6.498006327238364,6.543446731781025,16621500
2016-04-21,6.634327411651611,6.725208210486379,6.5888863931552155,6.627835749140838,7863800
2016-04-22,6.653802871704102,6.705734942152049,6.595379137680384,6.6538028717041025,12753700
2016-04-25,6.5953779220581055,6.647309982934233,6.5109881683646496,6.6343272772547,10935800
2016-04-26,6.660295009613037,6.70573541972139,6.556430861320142,6.627837308501718,9072300
2016-04-27,6.66678524017334,6.712225640511195,6.60186985190867,6.634327546041005,8022500
2016-04-28,6.569411754608154,6.673275874194214,6.543445724711639,6.62783547664506,7755900
2016-04-29,6.530461311340332,6.575901697005108,6.472037604583434,6.530461311340331,16772600
2016-05-02,6.614851951599121,6.627835275693226,6.491513468099967,6.582394879521795,9808200
2016-05-03,6.498007297515869,6.562922082401401,6.420109184205727,6.504498961728174,8797100
2016-05-04,6.400631904602051,6.491513313864577,6.32273381912515,6.426597933094351,14186300
2016-05-05,6.407124042510986,6.4720394281040905,6.355191981668104,6.407124042510987,9908200
2016-05-06,6.41361665725708,6.426599364856131,6.342210217764578,6.355192925363628,12839100
2016-05-09,6.355191707611084,6.452564162722717,6.322734016214216,6.413615428309653,8158700
2016-05-10,6.485022068023682,6.498005392642264,6.394141272009575,6.4201073021677475,5963300
2016-05-11,6.472037315368652,6.54993538120389,6.452562334600747,6.459053994856715,6791700
2016-05-12,6.420107841491699,6.562920709819208,6.387650146297613,6.491514275655454,8613200
2016-05-13,6.277293682098389,6.491513580736371,6.2448359903789115,6.407123829897321,10131200
2016-05-16,6.348700523376465,6.374666554632603,6.25781972351949,6.296768460864189,6322600
2016-05-17,6.3422088623046875,6.4265979913605555,6.277293480945911,6.322733876449679,10915100
2016-05-18,6.67976713180542,6.686258793656057,6.322733778046703,6.32922543989734,15573200
2016-05-19,6.634327411651611,6.712225504543846,6.536954331227059,6.63432741165161,11327700
2016-05-20,6.640818119049072,6.738191194546415,6.621343751581195,6.653801443413643,8453500
2016-05-23,6.621343612670898,6.673275670881732,6.569411554460065,6.647309641776316,6666700
2016-05-24,6.738188743591309,6.764154763796566,6.647307363333529,6.6602906829755355,7458100
2016-05-25,6.893988132476807,6.906971458272728,6.7381919374000425,6.757666307014876,9380800
2016-05-26,6.790124893188477,6.9004807006146445,6.751175529770187,6.8160909291076255,8511200
2016-05-27,6.868022918701172,6.868022918701172,6.764158776268349,6.816090847484761,6891700
2016-05-31,6.783632755279541,6.913462925800476,6.77065004776699,6.906971881583744,10286200
2016-06-01,6.822580337524414,6.822580337524414,6.459055335747245,6.705732904974802,11805500
2016-06-02,6.855038166046143,6.8615292087030175,6.738190731117279,6.809597152974398,7496100
2016-06-03,6.725207328796387,6.75117335635626,6.5564284591966775,6.744682313775489,13627400
2016-06-06,6.835563659667969,6.881004675922844,6.725207878744526,6.738191203125628,7930100
2016-06-07,6.757666110992432,6.842055868980845,6.757666110992432,6.835564206271191,6658800
2016-06-08,6.718716621398926,6.80310575086932,6.679767268576547,6.764157017125902,18204100
2016-06-09,6.601871013641357,6.738192857722533,6.5239729054634195,6.653803085759983,17555500
2016-06-10,6.459056854248047,6.549938280827964,6.433090820807938,6.491514550817951,11713000
2016-06-13,6.400631904602051,6.536953708956365,6.400631904602051,6.433089594987164,9175000
2016-06-14,6.153955936431885,6.4330912801536195,6.140973228324354,6.361684837864412,16309900
2016-06-15,6.186654567718506,6.310910568469347,6.147415469558905,6.173574660437204,10806000
2016-06-16,6.088557720184326,6.140876101617301,6.0296993851511544,6.127796194416906,11060000
2016-06-17,6.0820183753967285,6.147416046892129,6.023160034471812,6.0820183753967285,14017100
2016-06-20,6.068936347961426,6.2847497735468325,6.055857067702629,6.225892076856024,11977000
2016-06-21,6.055858135223389,6.101636559725176,5.951221379971156,6.082017324036447,14464100
2016-06-22,6.029698371887207,6.140875069670605,6.016618466884832,6.05585755820776,6110300
2016-06-23,6.16703462600708,6.212813048893657,6.09509639154619,6.108176297333347,9374400
2016-06-24,5.630772113800049,5.885824743895237,5.630772113800049,5.853125592803377,25194000
2016-06-27,5.290701389312744,5.58499243642823,5.264542198984352,5.552293292596667,19206000
2016-06-28,5.473816394805908,5.506515542658959,5.356099712008673,5.421498007714774,17511000
2016-06-29,5.565372943878174,5.598072086207235,5.428037045043526,5.532673801549112,15852400
2016-06-30,5.846583843231201,5.853123796179013,5.591531915108983,5.598071868056794,25206000
2016-07-01,5.7746477127075195,5.846585342528389,5.728869277701912,5.813886816772612,12682800
2016-07-05,5.565372943878174,5.702708842712822,5.519593895143781,5.696168889510156,14169600
2016-07-06,5.571913242340088,5.611151716618932,5.3822583298165645,5.506514953629611,16886800
2016-07-07,5.611151695251465,5.663470076546895,5.532674123308319,5.565373267539039,11964500
2016-07-08,5.7027082443237305,5.781185803468215,5.676549057942235,5.696168291807306,14223700
2016-07-11,5.787726402282715,5.82042492114778,5.755027259733382,5.774646495789274,6669600
2016-07-12,5.951220512390137,5.9708397452187345,5.853123100878816,5.885822238049256,8788800
2016-07-13,5.938140869140625,6.003539146356983,5.885822496841217,5.957760102831855,6518600
2016-07-14,6.036237716674805,6.101635994491315,6.016618482803532,6.0427776691932955,7686200
2016-07-15,6.055858135223389,6.088557277160776,6.0231589932860015,6.088557277160776,5797400
2016-07-18,6.0820183753967285,6.095097660222062,6.029699988726661,6.062399136316545,6313500
2016-07-19,6.062399387359619,6.114717776196183,6.029700238415669,6.075478672726565,7687300
2016-07-20,6.042778968811035,6.114717214617762,5.997000538704452,6.062398830586143,8461700
2016-07-21,5.9904608726501465,6.1081775542203145,5.9577617251379476,5.997000826889459,12386200
2016-07-22,6.068936347961426,6.082016251904371,5.951220330895661,5.951220330895661,6192000
2016-07-25,6.0820183753967285,6.108177568731762,6.042779273551996,6.0558591820616945,7510600
2016-07-26,6.153954029083252,6.160493981242343,6.042777337115367,6.082016426385747,7418300
2016-07-27,6.160494327545166,6.238971886813259,6.1343351411224685,6.1343351411224685,8083000
2016-07-28,6.186654567718506,6.212813758596805,6.06893789692401,6.127796232321258,7452500
2016-07-29,6.212813377380371,6.232432613414187,6.153955045594652,6.153955045594652,7686600
2016-08-01,6.134334087371826,6.265129997017304,6.127794135968529,6.238970815088209,10336300
2016-08-02,6.062399387359619,6.160496210507078,6.023160283890001,6.12125710703746,9449700
2016-08-03,6.134334087371826,6.160493269300922,6.036236687374648,6.06893582070704,7165900
2016-08-04,6.11471700668335,6.173574718954181,6.095097145575426,6.108177052980709,6384900
2016-08-05,6.376306056976318,6.376306056976318,6.134333491707506,6.173571948948917,6341400
2016-08-08,6.36976957321167,6.441707823449601,6.350150333912403,6.415548629822455,6554500
2016-08-09,6.343611717224121,6.389390783488065,6.323992473787862,6.363230960660381,5128200
2016-08-10,6.238974571228027,6.3632306042778595,6.225895284231215,6.3566912726216875,5160400
2016-08-11,6.25859260559082,6.278212467825902,6.212814174410994,6.271672513747541,6531800
2016-08-12,6.199733734130859,6.225893548199004,6.1474153533631615,6.219353594681968,5138300
2016-08-15,6.33052921295166,6.343608494035413,6.186653378925254,6.199732660009007,4859400
2016-08-16,6.304369926452637,6.343608392761653,6.2455116033049345,6.304369926452637,41796500
2016-08-17,6.317451000213623,6.409008487058876,6.291291807355601,6.291291807355601,20580900
2016-08-18,6.21935510635376,6.3697703316996295,6.206275196140495,6.317451938215462,99726200
2016-08-19,6.21935510635376,6.252054258202476,6.167036712869592,6.193195909611676,21860900
2016-08-22,6.310909748077393,6.317449700867877,6.1866537634793115,6.2193529037475095,13992100
2016-08-23,6.304369926452637,6.343608392761653,6.271670788739005,6.330529111886706,17468800
2016-08-24,6.21935510635376,6.350151090064178,6.212815151247127,6.29783269658001,23739400
2016-08-25,6.2782111167907715,6.323989538119343,6.206272884778199,6.225892742791199,21377900
2016-08-26,6.337068557739258,6.350148462540404,6.252051671268564,6.330529229022874,15014400
2016-08-29,6.382847785949707,6.454785393389499,6.323989460006146,6.343608694092597,14774400
2016-08-30,6.467865943908691,6.467865943908692,6.38284842280574,6.38284842280574,8631700
2016-08-31,6.54634428024292,6.54634428024292,6.441707510812696,6.487485941517334,22272800
2016-09-01,6.513643264770508,6.611740052041167,6.428625758083327,6.572501586606569,15098100
2016-09-02,6.552884101867676,6.572503339818396,6.467866572502113,6.5398041941109755,8990700
2016-09-06,6.448246002197266,6.552883381698107,6.389388294813635,6.546343428538506,14467500
2016-09-07,6.474406719207764,6.500565914335868,6.38938980280473,6.4220883289515545,10031700
2016-09-08,6.467865943908691,6.494025133195426,6.402467658849723,6.480945226709925,11886300
2016-09-09,6.448246002197266,6.51364428642476,6.428626766402722,6.474405191151411,13489200
2016-09-12,6.5398030281066895,6.546342980819009,6.337068859814327,6.337068859814327,14645500
2016-09-13,6.4613261222839355,6.494025265479506,6.382848552825137,6.487485312103535,10465100
2016-09-14,6.409010410308838,6.480948056334741,6.369771297404546,6.4744081002366025,21652500
2016-09-15,6.448527812957764,6.5012225764984315,6.395833049417096,6.4155934287020635,13484800
2016-09-16,6.409008979797363,6.41559598490723,6.336553808102971,6.395835597749011,18595900
2016-09-19,6.402420997619629,6.474876151147791,6.356312601582413,6.441941762027272,10542200
2016-09-20,6.395834445953369,6.44852922099999,6.349726674830394,6.428768837400324,8953300
2016-09-21,6.409008979797363,6.441943377175317,6.3233804260546185,6.422182990017098,11205400
2016-09-22,6.507810115814209,6.514397118842939,6.455115347926741,6.46170235095547,12495600
2016-09-23,6.520984649658203,6.56709305086164,6.461703496404575,6.494637261043937,9261500
2016-09-26,6.329963684082031,6.488048587970055,6.329963684082031,6.4682875823771315,8010800
2016-09-27,6.415594100952148,6.415594100952148,6.270683800116632,6.323378569178855,9189300
2016-09-28,6.534159183502197,6.534159183502197,6.415595611117938,6.527572178776106,11634000
2016-09-29,6.395834445953369,6.560505775016874,6.3760740623537036,6.534158387493564,8124500
2016-09-30,6.494635105133057,6.534156489020878,6.389245585660315,6.441940345396686,10208700
2016-10-03,6.455115795135498,6.527570948957647,6.415594402396273,6.474876177419498,8295900
2016-10-04,6.507810115814209,6.567091886730407,6.441941341869282,6.49463610975675,8099900
2016-10-05,6.679067611694336,6.718588368708769,6.514396325068282,6.5407437058016065,10745100
2016-10-06,6.692241668701172,6.731763057906774,6.652720907666741,6.672481288183957,9731500
2016-10-07,6.698827266693115,6.751522022468454,6.606611130000752,6.698827266693115,8896500
2016-10-10,6.692241668701172,6.771283818941205,6.692241668701172,6.725176055010645,5875300
2016-10-11,6.600027084350586,6.705416633069985,6.534158302315332,6.6197874676926585,10420300
2016-10-12,6.5670928955078125,6.646135059480758,6.553918887426682,6.619787671489776,6066900
2016-10-13,6.402420997619629,6.534157925930481,6.303617830258072,6.488050158064489,15157000
2016-10-14,6.468287467956543,6.547329604416805,6.435353715559729,6.4748744697043294,7450300
2016-10-17,6.3628997802734375,6.494636712212291,6.356312776633684,6.481463333104027,7854200
2016-10-18,6.455115795135498,6.461702798620574,6.3563126273730495,6.422181405881349,7428200
2016-10-19,6.606612682342529,6.6329600664209885,6.45511538093419,6.481462765012648,13416200
2016-10-20,6.679067611694336,6.698827990201552,6.580264462816039,6.593438467268255,8984700
2016-10-21,6.626373767852783,6.6593075272018,6.553917989674082,6.57367837091773,11869100
2016-10-24,6.652719974517822,6.6988277319810425,6.632958968601229,6.685653728036646,6884200
2016-10-25,6.712001323699951,6.744935706449458,6.613198803622535,6.652720188556163,11335300
2016-10-26,7.047932147979736,7.10062691846334,6.738349900260155,6.744936903613408,28691000
2016-10-27,7.080865859985352,7.153321005434284,7.021584091812974,7.10062623998576,16197300
2016-10-28,6.955715179443359,7.100625454307013,6.896433417830463,7.0874520784880835,11847500
2016-10-31,6.982064247131348,7.0149980087257875,6.922782471187379,6.922782471187379,14652300
2016-11-01,6.955715179443359,7.054517696684131,6.8766724118454405,7.014996312885172,16268800
2016-11-02,6.804219722747803,6.94913067792525,6.744937939803788,6.935956669194887,18456700
2016-11-03,6.751524925231934,6.843741101571895,6.712003527323005,6.804219703662966,17179400
2016-11-04,6.692241668701172,6.817392211042936,6.6329598989783545,6.7581104413201185,12223200
2016-11-07,6.883260250091553,6.94912902170189,6.843739489662279,6.843739489662279,12007200
2016-11-08,6.751524925231934,6.942543654087253,6.672482757585385,6.942543654087253,16032300
2016-11-09,7.186255931854248,7.225777323001336,6.823978920995543,6.883260693630575,26319300
2016-11-10,7.640748500823975,7.680269260683762,7.2587111385998915,7.265297513129088,25992800
2016-11-11,7.706618785858154,7.739553180344951,7.574881836082293,7.627576615992637,16750200
2016-11-14,7.877874374389648,8.035958658730847,7.779071853719176,7.798832232219049,24603100
2016-11-15,7.877874374389648,7.877874374389648,7.667095328601384,7.8581139958897746,24681900
2016-11-16,7.85811710357666,7.89105087137722,7.752727539003617,7.7922483116328305,16608600
2016-11-17,8.055717468261719,8.082065472024698,7.83835146258501,7.891046213769,17202300
2016-11-18,8.233566284179688,8.259913671162211,8.082068966072983,8.101829349267064,19530200
2016-11-21,8.194043159484863,8.29943331333356,8.180869782860729,8.29284631093593,14973600
2016-11-22,8.246739387512207,8.292847152633154,8.167696607060316,8.292847152633154,14351800
2016-11-23,8.306020736694336,8.352129131130573,8.226978582452334,8.279673351947002,9111200
2016-11-25,8.273090362548828,8.352132549137872,8.253329344772974,8.345545543212586,4265700
2016-11-28,8.075479507446289,8.286258539232467,8.042545126686932,8.194042398740482,11444900
2016-11-29,8.088654518127441,8.15452329296282,8.029372746409841,8.055720130709753,12097300
2016-11-30,8.207221984863281,8.299438188080709,8.18746159423508,8.226982375491483,17093400
2016-12-01,8.582669258117676,8.655125042936273,8.266500616560622,8.29943500709896,24429200
2016-12-02,8.523385047912598,8.635361566878212,8.431169534532263,8.569493432773838,24055000
2016-12-05,8.582669258117676,8.674885425990777,8.529974484524834,8.589256261859594,14661300
2016-12-06,8.707819938659668,8.734167325825622,8.490453837497736,8.6156037694932,15768900
2016-12-07,8.701234817504883,8.727582210371601,8.628779644164256,8.674887424638165,18660200
2016-12-08,8.865901947021484,8.984465472400354,8.73416504558446,8.813207186446675,23825000
2016-12-09,8.898838996887207,8.912012376894136,8.740754667776349,8.865904604612957,17121400
2016-12-12,8.760514259338379,8.971293345751054,8.727579870043591,8.87249080603792,15915900
2016-12-13,8.727578163146973,8.852728064185492,8.65512302340584,8.826380683536797,13909900
2016-12-14,8.628777503967285,8.852729973701733,8.49045356868267,8.628777503967285,18113100
2016-12-15,8.786860466003418,8.83955523053531,8.615602167189198,8.701231316596308,21239200
2016-12-16,8.62782096862793,8.859751252496729,8.621194226584588,8.773605501816007,26217700
2016-12-19,8.674208641052246,8.70071498258798,8.574809386322475,8.634448812768131,12653600
2016-12-20,8.853126525878906,8.859753269430835,8.76698075558699,8.786860986242774,16827400
2016-12-21,8.833247184753418,8.866380271518139,8.747101411949572,8.833247184753418,6723700
2016-12-22,8.833247184753418,8.899513358282858,8.793487986204607,8.853126784027824,12561800
2016-12-23,8.8928861618042,8.8928861618042,8.80011364997821,8.833246735056138,5035700
2016-12-27,8.90613842010498,8.972404585822174,8.853125740315622,8.972404585822174,5248900
2016-12-28,8.780232429504395,8.985657013465037,8.753726092731497,8.985657013465037,6545100
2016-12-29,8.667580604553223,8.813365777230436,8.62782141416185,8.806739034844895,8328200
2016-12-30,8.760356903076172,8.773609761636564,8.647704761487384,8.674211110569379,8770200
2017-01-03,8.826622009277344,8.965780492845283,8.760356455935245,8.919394542309696,10926200
2017-01-04,8.932644844055176,8.9790314132781,8.826619483478769,8.826619483478769,12001900
2017-01-05,8.786861419677734,8.998912168110994,8.720595244811802,8.906139649690903,12436100
2017-01-06,8.806739807128906,8.932644763690403,8.7603538702843,8.853125743973512,12037300
2017-01-09,8.826622009277344,8.866381846851546,8.694090270631968,8.753729711012681,18797300
2017-01-10,8.833247184753418,8.919392957557264,8.806740841733856,8.846500672243733,13106600
2017-01-11,8.90613842010498,8.972404585822174,8.780233463595504,8.833246143384862,11258000
2017-01-12,8.826622009277344,8.90614105246457,8.707343760477094,8.819995896315959,8551900
2017-01-13,8.926019668579102,9.058551383191046,8.859753495292598,8.873006982734324,10808300
2017-01-17,8.581436157226562,8.853126316829686,8.568183302396696,8.839873461999819,12562500
2017-01-18,8.713969230651855,8.720595975085597,8.521798065801288,8.621197336424009,12260000
2017-01-19,8.621197700500488,8.806742128752928,8.581437864180101,8.753729434966518,10144500
2017-01-20,8.69408893585205,8.773607966830935,8.621196648778344,8.660955848287246,7818100
2017-01-23,8.654329299926758,8.733848326895695,8.588063128138785,8.667582155107722,10099200
2017-01-24,8.780232429504395,8.813365508460747,8.647700745639908,8.687459934818795,14194900
2017-01-25,9.290481567382812,9.303734421736042,8.912765422920106,9.012164674393874,18265100
2017-01-26,9.283855438232422,9.389880807914505,9.2573490958119,9.350120978303197,16825700
2017-01-27,9.131444931030273,9.283856897881948,9.07180549321706,9.26397666397011,10164400
2017-01-30,9.025419235229492,9.078431926587815,8.8730079055646,9.07180518217774,8551900
2017-01-31,8.965778350830078,9.065177605037507,8.866379728583679,8.95915223945174,11980000
2017-02-01,8.945897102355957,9.20433435726328,8.912764023732827,9.078428784887567,9740100
2017-02-02,8.77361011505127,8.906141865799837,8.720597414751843,8.866382656555885,12209300
2017-02-03,9.018790245056152,9.058550069654888,8.826619128744362,8.886258549661981,16564500
2017-02-06,8.965778350830078,9.02541777696233,8.879632583301385,8.926019154715929,7300800
2017-02-07,8.932644844055176,9.005537753422203,8.886258906793246,8.992284267369653,13113000
2017-02-08,8.879632949829102,8.886259693442003,8.747101237376334,8.873006838177254,10240900
2017-02-09,8.979034423828125,9.018793631394509,8.859755537206555,8.926021725765473,7830200
2017-02-10,9.025419235229492,9.051925580908653,8.94590019819201,9.005539633960405,6862600
2017-02-13,9.151323318481445,9.23746845353999,9.07843040610126,9.091683892701665,11977000
2017-02-14,9.356749534606934,9.370003024365355,9.098312171968297,9.164578356838053,10105000
2017-02-15,9.423015594482422,9.462774799307939,9.343496552870224,9.442895196895181,8533300
2017-02-16,9.389880180358887,9.436266118504415,9.290481560915323,9.389880180358887,6351200
2017-02-17,9.363374710083008,9.370001453851504,9.224216250749928,9.290482424512755,6958800
2017-02-21,9.403132438659668,9.502531683763548,9.33686690721805,9.416385924124572,7918100
2017-02-22,9.403132438659668,9.449519005825866,9.330240164485598,9.330240164485598,5586700
2017-02-23,9.39651107788086,9.442897036534468,9.310365274694664,9.423017430248821,6013300
2017-02-24,9.39651107788086,9.39651107788086,9.244099077794116,9.277232176244391,8740000
2017-02-27,9.416388511657715,9.429641368803408,9.343496217453541,9.383255420851766,4843000
2017-02-28,9.369999885559082,9.416385820252628,9.270600641551672,9.396506224235532,9723400
2017-03-01,9.714585304260254,9.767597998071023,9.588680314449967,9.595306427205443,10392500
2017-03-02,9.469402313232422,9.767598901488876,9.46277556790287,9.767598901488876,7967000
2017-03-03,9.542289733886719,9.588676295499777,9.462770726499766,9.47602421037804,5936200
2017-03-06,9.482654571533203,9.529040518889351,9.396508789328115,9.429641247747572,6991800
2017-03-07,9.43626594543457,9.648317298698503,9.403132862240737,9.648317298698503,6513900
2017-03-08,9.39651107788086,9.555549192088625,9.363377979430586,9.529042839720665,8919800
2017-03-09,9.416388511657715,9.495907550415305,9.370002563706072,9.436268113356826,9858800
2017-03-10,9.403132438659668,9.515784537267484,9.277227486547915,9.502531683763548,10345800
2017-03-13,9.416388511657715,9.436268113356826,9.330242728346704,9.396508909958602,6303600
2017-03-14,9.330243110656738,9.370002947645279,9.204338118788502,9.370002947645279,7603900
2017-03-15,9.230842590332031,9.40976024051977,9.171203162949103,9.370001043571847,13096300
2017-03-16,9.277496337890625,9.337480251789142,9.210847403423086,9.324150210651096,10064500
2017-03-17,9.150866508483887,9.310823876855194,9.090883210407647,9.277499398627358,26067700
2017-03-20,9.010902404785156,9.164194073281122,8.997572362857829,9.137534625037851,9308900
2017-03-21,8.46438217163086,9.090880115039976,8.444387745746711,9.010901775892048,21459400
2017-03-22,8.51770305633545,8.657665341478562,8.244443508106391,8.397735837363843,18859500
2017-03-23,8.677657127380371,8.770964858463227,8.484375374454464,8.491040393992167,24181100
2017-03-24,8.737641334533691,8.777630820442276,8.650997978074523,8.750971375040324,13203800
2017-03-27,8.677657127380371,8.677657127380371,8.371073220369746,8.4643809514526,16548700
2017-03-28,8.810956954956055,8.864275855858939,8.631005187700243,8.631005187700243,10633200
2017-03-29,8.810956954956055,8.884270284794662,8.75097303253745,8.810956954956055,13044000
2017-03-30,9.057558059692383,9.077552490899956,8.77763348034032,8.797627911547893,9722500
2017-03-31,8.924260139465332,9.057557397117428,8.904265074108922,9.004238494056588,10820200
2017-04-03,8.897599220275879,9.010902029493726,8.757636963925089,9.010902029493726,15629900
2017-04-04,8.87093734741211,8.910926189371018,8.797623411135472,8.84427790756911,7910700
2017-04-05,8.710981369018555,9.010900906397124,8.704316984774469,8.957581383165495,8065300
2017-04-06,8.797627449035645,8.844281966882589,8.617676306404926,8.690989640719446,7684700
2017-04-07,8.744308471679688,8.817621805380506,8.66433011611203,8.730979063557479,7942500
2017-04-10,8.66433048248291,8.810957791696147,8.61767659866522,8.717649388449269,6331100
2017-04-11,8.66433048248291,8.66433048248291,8.491043720286493,8.604346554367881,8248500
2017-04-12,8.571020126342773,8.664328508329485,8.50437182687628,8.631004040790563,15162600
2017-04-13,8.391067504882812,8.597678022251667,8.391067504882812,8.52436471538066,9686200
2017-04-17,8.604344367980957,8.617674408891096,8.371074372555537,8.411063224063284,9116300
2017-04-18,8.531028747558594,8.611007064601845,8.437720393202552,8.53769376621499,14465200
2017-04-19,8.391067504882812,8.51769969595296,8.344413640111375,8.364408062783243,21970800
2017-04-20,8.477712631225586,8.537696547451148,8.344415392730651,8.424393735827612,20334200
2017-04-21,8.397737503051758,8.53769981595634,8.371078045146676,8.491045287913737,8948800
2017-04-24,8.657662391662598,8.690986854982732,8.571019041274758,8.611008524381173,11841300
2017-04-25,8.690990447998047,8.784298856747581,8.677661038526132,8.76430378912241,9917700
2017-04-26,8.744308471679688,8.810957419125137,8.657665094245191,8.66433011611203,7703200
2017-04-27,8.657662391662598,8.764300165798012,8.604343504594892,8.764300165798012,6528800
2017-04-28,8.571020126342773,8.73097744340733,8.56435574132407,8.67099352895954,12050200
2017-05-01,8.724312782287598,8.737642188485633,8.537696646235473,8.624339375551141,9195400
2017-05-02,8.631004333496094,8.744307145604086,8.571020417014054,8.724312718647196,10160300
2017-05-03,8.757637023925781,8.784296471241374,8.56435587198489,8.591015319300483,12769600
2017-05-04,8.697654724121094,8.884270889993532,8.677660293823346,8.817621941519064,10433500
2017-05-05,8.657662391662598,8.717646298516586,8.631002948128746,8.717646298516586,5661400
2017-05-08,8.697654724121094,8.717649154418842,8.624340753676885,8.651000205944376,6625600
2017-05-09,8.61767864227295,8.777635398104385,8.597683571085286,8.717651455764685,7441700
2017-05-10,8.59768009185791,8.631004561406941,8.544361194824015,8.59768009185791,7839800
2017-05-11,8.524367332458496,8.617675726259348,8.464383410415907,8.55102678274282,8402800
2017-05-12,8.504371643066406,8.511036663552407,8.384403816763761,8.464382155761745,7009200
2017-05-15,8.631004333496094,8.65766378130907,8.531031563100276,8.551025990057164,7430600
2017-05-16,8.690990447998047,8.69765547053977,8.584352629776598,8.644336561429046,7333300
2017-05-17,8.191123962402344,8.511038004405798,8.151134468797624,8.457718467729023,13118900
2017-05-18,8.331085205078125,8.377739078830928,8.17779354239814,8.184457927497569,10626100
2017-05-19,8.377738952636719,8.484376739957613,8.331085079586666,8.364409547027282,7563900
2017-05-22,8.424395561218262,8.444389992422035,8.32442213397638,8.411065516674741,5352400
2017-05-23,8.591014862060547,8.62433869272292,8.397733720406665,8.444387591823052,5565100
2017-05-24,8.544364929199219,8.611013897426686,8.491046008861913,8.611013897426686,4360100
2017-05-25,8.57768726348877,8.631006170462767,8.497708903027771,8.55102781000177,4816600
2017-05-26,8.571020126342773,8.637669061420617,8.531031273785148,8.577685146972827,7298100
2017-05-30,8.491042137145996,8.571020481183709,8.431058220214867,8.571020481183709,8308600
2017-05-31,8.357746124267578,8.53769790148364,8.237778272790203,8.491043383902733,15343500
2017-06-01,8.477712631225586,8.484377016441805,8.257772028806103,8.397734288128625,8907100
2017-06-02,8.384404182434082,8.451053118978175,8.31775524588999,8.371074776492083,5932300
2017-06-05,8.377738952636719,8.484376739957613,8.371074567637676,8.377738952636719,5619100
2017-06-06,8.297759056091309,8.344413556003728,8.21111571123822,8.31108909481235,9073800
2017-06-07,8.457718849182129,8.464383871018756,8.304427160608512,8.33775163418018,10827600
2017-06-08,8.611010551452637,8.717648350691078,8.397734952975753,8.43772380988446,8710100
2017-06-09,8.857609748840332,8.897599237422488,8.637669150666865,8.670993618550101,9971100
2017-06-12,8.910928726196289,8.977577662583466,8.79762591570491,8.850944810570104,9137200
2017-06-13,8.897599220275879,8.997571988121576,8.844280326009994,8.964247520302559,9280700
2017-06-14,8.937591552734375,8.957585986965436,8.717650869357902,8.810959288455523,8674400
2017-06-15,8.910768508911133,9.018046282112241,8.850424601629017,8.863834642992138,5900300
2017-06-16,8.863836288452148,8.924180206936356,8.763262877836443,8.763262877836443,8585200
2017-06-19,8.93088436126709,8.977818874125754,8.877245466079534,8.910769935428274,4827000
2017-06-20,8.870539665222168,8.937588598030718,8.863835283482123,8.9107691527925,5549100
2017-06-21,8.75655746459961,8.897359711346862,8.749852443462595,8.897359711346862,7800600
2017-06-22,8.676097869873047,8.763261220148108,8.575525117708109,8.736441776942394,7962600
2017-06-23,8.521885871887207,8.756556469609475,8.501771450187736,8.70962196640946,15526100
2017-06-26,8.575526237487793,8.702918449493133,8.521887344072276,8.528592365605729,10510400
2017-06-27,8.655983924865723,8.749852300977311,8.595640014467273,8.649278903837896,10695300
2017-06-28,8.810195922851562,8.86383481046557,8.716327549814059,8.729737591430549,8821000
2017-06-29,8.971114158630371,9.24601366570775,8.870540747150734,9.111916423160991,15035800
2017-06-30,9.064981460571289,9.132029754087625,8.930883594686591,9.031456994100115,17302100
2017-07-03,9.219193458557129,9.259422947723744,9.098505630483322,9.145440141082046,4809900
2017-07-05,9.252717971801758,9.333176311104689,9.178964014537872,9.232603546832534,11309100
2017-07-06,9.158849716186523,9.319766397017004,9.145440312497009,9.25271809971733,10690900
2017-07-07,9.178962707519531,9.23260223217631,9.111914420693969,9.185667728029873,10691100
2017-07-10,9.178962707519531,9.22589721166597,9.105209400183629,9.132028842799043,8233600
2017-07-11,9.192373275756836,9.266126587322765,9.145439408344517,9.172258852498125,9747200
2017-07-12,9.205785751342773,9.225900820742604,9.111917985181702,9.158851868262238,11150100
2017-07-13,9.299650192260742,9.306355212535504,9.178962385018739,9.219191867241383,7108700
2017-07-14,9.246011734008789,9.30635564040416,9.091800097154804,9.205782249936556,8335000
2017-07-17,9.259422302246094,9.2728317047495,9.158848906053583,9.246012260316695,5953900
2017-07-18,9.192373275756836,9.232602761700242,9.12532434565982,9.185668254861937,7679800
2017-07-19,9.1856689453125,9.272832305219952,9.138735074372345,9.225898434279799,6141200
2017-07-20,9.09179973602295,9.266125788275735,9.09179973602295,9.18566746275308,11204100
2017-07-21,8.696212768554688,9.165553335554678,8.649278264256523,9.044865523682185,22572700
2017-07-24,8.843721389770508,8.904065309394879,8.709624145841959,8.709624145841959,11629900
2017-07-25,8.984522819519043,9.05827677638468,8.84372056664269,9.01804728723742,19004100
2017-07-26,8.837016105651855,9.011342185262368,8.80349163823313,9.004637803319449,9282800
2017-07-27,8.79678726196289,8.870540584151845,8.756558409651126,8.83031173184008,13071000
2017-07-28,8.830312728881836,8.863837202544318,8.729739947320546,8.776673826792328,7231600
2017-07-31,8.88394832611084,8.964406649314318,8.843718844796143,8.850423864919579,7563400
2017-08-01,8.93088436126709,8.964408830615831,8.877245466079534,8.944294404777013,8544600
2017-08-02,8.93088436126709,8.971113852370792,8.843720996730793,8.917474957183236,7145300
2017-08-03,8.82360553741455,8.96440778064674,8.790081071992411,8.897359489228455,13027700
2017-08-04,8.917475700378418,9.044867927209399,8.870541183608164,8.917475700378418,9120900
2017-08-07,8.904064178466797,8.950998687450088,8.877244733087494,8.917474220869456,5434000
2017-08-08,8.950998306274414,9.091800548376236,8.870539334136812,8.87724435505261,8658200
2017-08-09,8.830312728881836,8.904066059398373,8.79008323260163,8.87724660835362,8095200
2017-08-10,8.588935852050781,8.79008137261075,8.588935852050781,8.756557545468098,8248800
2017-08-11,8.528592109680176,8.70962320966866,8.495067642444967,8.70962320966866,7865800
2017-08-14,8.689507484436035,8.716326926324612,8.588934737210355,8.622458560001627,5664700
2017-08-15,8.716329574584961,8.810197969427742,8.696215146913696,8.696215146913696,5180400
2017-08-16,8.716329574584961,8.769968474659086,8.642576246839571,8.729739619316556,8857900
2017-08-17,8.474954605102539,8.709624635309059,8.468249582672776,8.676100162586375,10454200
2017-08-18,8.488363265991211,8.568821609812682,8.407904922169738,8.448134413793513,7073300
2017-08-21,8.448136329650879,8.501775237696021,8.407906828903911,8.468250760311252,5118100
2017-08-22,8.515181541442871,8.535295964772086,8.46824767386604,8.481657076276854,4258200
2017-08-23,8.49506664276123,8.548705528255029,8.421313335063747,8.441427757267432,6006000
2017-08-24,8.515181541442871,8.555411027527288,8.474952694784442,8.528591583279672,4900200
2017-08-25,8.555410385131836,8.609049269599515,8.521885922483053,8.542000344301947,7727600
2017-08-28,8.528592109680176,8.60905044738906,8.488362621112719,8.575525980153852,5827200
2017-08-29,8.441426277160645,8.488360133881919,8.360967963027385,8.414606839116225,6435200
2017-08-30,8.49506664276123,8.52188608550813,8.40790329397732,8.421313335063747,4608000
2017-08-31,8.441426277160645,8.55540904870589,8.434721257793079,8.55540904870589,6058900
2017-09-01,8.515181541442871,8.595639874185718,8.454837632029237,8.46824767386604,6546400
2017-09-05,8.30062484741211,8.481655911363296,8.30062484741211,8.468246510794197,12242200
2017-09-06,8.387788772583008,8.41460821501275,8.320739846795677,8.34755928922542,8174100
2017-09-07,8.16652774810791,8.394493315505311,8.139708307203858,8.387788295422823,11028200
2017-09-08,8.260397911071777,8.32744685284618,8.146415093710955,8.159825137836274,8736500
2017-09-11,8.407905578613281,8.448135073377955,8.3609717009096,8.367676083848608,9042600
2017-09-12,8.575526237487793,8.63587015243676,8.394495132066938,8.407904535707793,9006500
2017-09-13,8.649279594421387,8.649279594421387,8.521887381851295,8.568821253941426,9568700
2017-09-14,8.58222770690918,8.723029903704573,8.54870325254346,8.716324884946273,12740000
2017-09-15,8.609216690063477,8.615963879393385,8.481022666584751,8.568734197531409,16064000
2017-09-18,8.831871032714844,8.879100083120521,8.615966066920258,8.649700735239998,10663700
2017-09-19,8.939825057983398,8.973560375570981,8.79139004666663,8.825125364254214,7600700
2017-09-20,9.014039993286133,9.02753437433394,8.818375972225462,8.926328446817902,9330800
2017-09-21,9.041029930114746,9.088259629832612,8.987053681963728,8.993800873844513,5855800
2017-09-22,9.034283638000488,9.034283638000488,8.953319263476857,8.993801129014846,6183000
2017-09-25,9.027536392211914,9.108500766253787,8.946572018170043,9.000548267531292,5371600
2017-09-26,9.0747652053833,9.095006137487271,9.007295217220854,9.0747652053833,6287500
2017-09-27,9.277176856994629,9.38512935746985,9.148983423542218,9.189465289496596,11233000
2017-09-28,9.35814094543457,9.385129069725933,9.223200323977764,9.297417504917098,15272900
2017-09-29,9.418865203857422,9.479588649647933,9.304165504797057,9.364888950587567,8818500
2017-10-02,9.472838401794434,9.472838401794434,9.331150621798573,9.452597474208593,9670700
2017-10-03,9.378382682800293,9.466094255137996,9.277177368882471,9.466094255137996,9063000
2017-10-04,9.283924102783203,9.39862379606283,9.277176910602599,9.378382219521017,4382000
2017-10-05,9.418865203857422,9.44585333049235,9.256936444047858,9.304165504797057,4556300
2017-10-06,9.378382682800293,9.513323959287648,9.331153622098336,9.44585332104397,6774700
2017-10-09,9.344645500183105,9.425609858286117,9.33115111877551,9.398621738918447,5385400
2017-10-10,9.432358741760254,9.459347511260056,9.34464781467662,9.34464781467662,6637400
2017-10-11,9.344645500183105,9.398621738918447,9.290669261447764,9.378380166807053,8996300
2017-10-12,9.304163932800293,9.391875490406314,9.277175810725177,9.358140176950524,5982700
2017-10-13,9.243440628051758,9.385128431812703,9.175970643633152,9.270428750508719,7185400
2017-10-16,9.391873359680176,9.391873359680176,9.263679326320958,9.263679326320958,8487300
2017-10-17,9.317657470703125,9.439103687305476,9.29741589839646,9.439103687305476,5243800
2017-10-18,9.412117004394531,9.432357936343356,9.317658893001601,9.351393565100434,6675800
2017-10-19,9.432358741760254,9.472841252562278,9.277177177822475,9.324406237551766,7517400
2017-10-20,9.574044227600098,9.614526728521309,9.513321441389568,9.560550489591376,8030500
2017-10-23,9.520069122314453,9.587539750734992,9.486334451551784,9.580792559203418,5684300
2017-10-24,9.587540626525879,9.62802313596567,9.49982905894605,9.587540626525879,9735800
2017-10-25,9.364886283874512,9.560550307123039,9.283921927024862,9.560550307123039,12205400
2017-10-26,9.38512897491455,9.425611482666445,9.256935546687542,9.31091179472498,12749500
2017-10-27,9.405369758605957,9.45934664923902,9.337899771347967,9.344646963108053,8316100
2017-10-30,9.290670394897461,9.405369433617553,9.277176011843569,9.358140379824126,6403300
2017-10-31,9.31091022491455,9.432356440799257,9.270427723987966,9.297415843456514,7376200
2017-11-01,9.317657470703125,9.445850878074365,9.290669351075099,9.405368376908562,7642800
2017-11-02,9.35814094543457,9.378381877791183,9.223200323977764,9.310911888786599,9130700
2017-11-03,9.297417640686035,9.337900149438056,9.236694199281827,9.297417640686035,7819900
2017-11-06,9.297417640686035,9.351393890056965,9.27042951600057,9.297417640686035,5686000
2017-11-07,9.041029930114746,9.324405554631406,9.034283381681593,9.28392369024196,9368300
2017-11-08,8.966811180114746,9.061269919567694,8.93307587006387,9.047775538168336,8270400
2017-11-09,8.912837028503418,9.020789531187104,8.831872651490654,8.906089836223769,10764900
2017-11-10,8.865606307983398,8.980305981451455,8.865606307983398,8.939823478807856,8767600
2017-11-13,9.014039993286133,9.02753437433394,8.798135044101256,8.83187035327327,8477100
2017-11-14,9.182718276977539,9.202959853798331,8.953319530704269,8.960066079530195,11459000
2017-11-15,9.115248680114746,9.202960253134492,9.014042721962257,9.088260553296955,8394000
2017-11-16,9.041029930114746,9.202959318015433,9.041029930114746,9.162476810178353,8297200
2017-11-17,9.13548755645752,9.142234747503984,8.987052570673077,8.987052570673077,6074700
2017-11-20,9.155729293823242,9.202958991867312,9.12199462251012,9.148982745629185,4565500
2017-11-21,9.142237663269043,9.20970766490946,9.108502340724954,9.182719535563741,5714000
2017-11-22,9.13548755645752,9.21645191867243,9.108499435719217,9.169222868242286,5128000
2017-11-24,9.081511497497559,9.20295836498449,9.081511497497559,9.17597024370379,2257300
2017-11-27,9.108498573303223,9.16247480966922,9.061269527344848,9.074763264712601,5934600
2017-11-28,9.42561149597168,9.439105236276271,9.115247747594482,9.135488679775186,11494500
2017-11-29,9.769708633422852,9.837179256425335,9.50657461929777,9.513321810287527,14562400
2017-11-30,9.71573257446289,9.96537349818157,9.695491644561871,9.837179440764134,13866100
2017-12-01,9.742719650268555,9.803443076904689,9.391874114683935,9.7494668406609,14848800
2017-12-04,9.918145179748535,10.073327379711433,9.877663314330492,9.924892371800759,9744000
2017-12-05,9.756214141845703,9.978866279741657,9.735973213886297,9.938383780375348,8688400
2017-12-06,9.796697616577148,9.938384769846943,9.72922699206505,9.776456043154981,11095700
2017-12-07,9.92489242553711,9.965374934621986,9.73597555118554,9.78320460891152,7786000
2017-12-08,10.01934814453125,10.01934814453125,9.86416599081096,9.999106574406348,6531500
2017-12-11,9.864168167114258,10.032844094684846,9.837180044440867,10.005855972011455,7732900
2017-12-12,9.99236011505127,10.073324465915368,9.85741888683031,9.918142310840249,9383200
2017-12-13,9.837180137634277,10.05983231266096,9.823686397893548,10.012603258396998,7884300
2017-12-14,9.742719650268555,9.897901812055064,9.681996867079912,9.897901812055064,10346400
2017-12-15,9.91269302368164,10.062267449168349,9.708728015906473,9.763118598194934,18245200
2017-12-18,9.980682373046875,10.082664560887908,9.885498522244824,10.014676003402595,10669700
2017-12-19,9.933088302612305,10.048668440118114,9.933088302612305,10.048668440118114,13655400
2017-12-20,9.953485488891602,10.08266294940329,9.905893246903645,10.035071355802167,9899700
2017-12-21,10.089460372924805,10.14385094245108,9.960282284009855,9.994276552060459,6335200
2017-12-22,10.048669815063477,10.11665836938855,9.960284953795645,10.11665836938855,4921800
2017-12-26,9.946685791015625,10.116656496982973,9.905892536293274,10.021472668222014,4436200
2017-12-27,9.919492721557617,10.001078600854536,9.86510213535967,9.96028533701261,5264400
2017-12-28,10.021472930908203,10.021472930908203,9.892295476277162,9.946686051741475,6961500
2017-12-29,9.899093627929688,10.035070055156726,9.885495661013607,10.014673104782608,7305700
2018-01-02,9.926288604736328,10.028270759888981,9.851501085796768,10.001075475289158,13411000
2018-01-03,10.007877349853516,10.055468949555936,9.899096180026888,9.953486764940202,15133700
2018-01-04,10.096261978149414,10.137054591694344,10.028273424391996,10.11665828492188,15114300
2018-01-05,10.184645652770996,10.20504260685386,10.103059781600143,10.137054056684715,9988300
2018-01-08,10.164249420166016,10.205042680238218,10.096261517894838,10.13705412958017,11481400
2018-01-09,10.354615211486816,10.463397009160877,10.177846168088408,10.211840439337376,6983800
2018-01-10,10.524587631225586,10.667363074985014,10.40220914256529,10.456599726055844,8935400
2018-01-11,10.626570701599121,10.646967008772076,10.517789532160808,10.572180116879965,6850300
2018-01-12,10.776142120361328,10.776142120361328,10.640165048200753,10.674159316240898,7951800
2018-01-16,10.660564422607422,10.878126750126142,10.59937485589606,10.878126750126142,10524200
2018-01-17,10.71495246887207,10.742147753376345,10.565378079905193,10.70815348564932,9992400
2018-01-18,10.544979095458984,10.782937612226286,10.538180113966233,10.748944001535644,9854500
2018-01-19,10.748948097229004,10.748948097229004,10.55178209751854,10.565379417298498,9001600
2018-01-22,10.898520469665527,10.912117138519292,10.708152841205678,10.762543406940866,10999700
2018-01-23,10.905323028564453,11.102488407719182,10.796541213035535,10.912120716833753,24556300
2018-01-24,10.952914237976074,11.034499462047265,10.83053510509553,10.966510910805434,12994400
2018-01-25,10.912117958068848,11.034497064357593,10.891722304869706,11.000503444510041,12549600
2018-01-26,11.02090072631836,11.02090072631836,10.9325165235897,10.973309132789568,8683800
2018-01-29,11.03449821472168,11.082089806179143,10.993705607297228,11.02769923068867,7159600
2018-01-30,10.946114540100098,11.054895696291078,10.918918602665517,10.946114540100098,8264500
2018-01-31,11.000503540039062,11.048095126948311,10.946112969746563,10.966508623122822,9993900
2018-02-01,11.109286308288574,11.116085292667968,10.973309214248056,10.973309214248056,12872400
2018-02-02,10.932517051696777,11.238464877409097,10.898523425183733,11.08888980849475,12434600
2018-02-05,10.490593910217285,10.993707127256588,10.483794925244267,10.816937408279461,20177800
2018-02-06,10.55858039855957,10.646965246193034,10.259432232127455,10.307023823781318,29742700
2018-02-07,10.633370399475098,10.72175526766435,10.5041922658189,10.517790237103535,14957100
2018-02-08,10.266229629516602,10.687756850352608,10.266229629516602,10.687756850352608,18378500
2018-02-09,10.476996421813965,10.558582300079351,10.177848201507548,10.443002143773322,12596300
2018-02-12,10.524587631225586,10.646966768272781,10.41580646424448,10.551783571357763,10565200
2018-02-13,10.551782608032227,10.61297152258268,10.456598771420122,10.476995076270272,9891600
2018-02-14,10.803338050842285,10.81013638614727,10.476993965892424,10.531384538652938,13726900
2018-02-15,10.782942771911621,10.864528643704169,10.721753854357365,10.84413233785275,10831700
2018-02-16,10.762544631958008,10.816935203884054,10.694556092857068,10.735349345994983,13753000
2018-02-20,10.810135841369629,10.857728076426744,10.714952668028877,10.762544254699254,7828400
2018-02-21,10.912117958068848,11.075290964302825,10.776142181905167,10.830532751725334,10175600
2018-02-22,10.694558143615723,11.014103949633293,10.674161837329006,10.973310040286089,7822400
2018-02-23,10.87132740020752,10.87132740020752,10.72175362925491,10.742149934678109,5484500
2018-02-26,10.898520469665527,10.980105669881622,10.830531938303196,10.884922504038386,9520100
2018-02-27,10.755745887756348,11.04129672091685,10.755745887756348,10.857728698677542,9914300
2018-02-28,10.674161911010742,10.918919533301509,10.674161911010742,10.79654104634957,7339000
2018-03-01,10.612972259521484,10.74894936366265,10.558581677219772,10.687759796476502,8245800
2018-03-02,10.742152214050293,10.75574953775535,10.402210692392924,10.558583481129556,6811900
2018-03-05,10.88492488861084,10.918918513352338,10.58577606314575,10.62656932057711,6382200
2018-03-06,11.014102935791016,11.054895544609508,10.803338962272708,10.94611438991109,8213400
2018-03-07,11.068492889404297,11.088888544277372,10.878125231022906,10.878125231022906,7066200
2018-03-08,10.986906051635742,11.116084147994819,10.878124906314481,11.075291542692732,5444100
2018-03-09,11.218066215515137,11.218066215515137,10.98010697583132,11.068492466146738,7147300
2018-03-12,11.204469680786133,11.286056197910334,11.184074024085355,11.224866634260607,8384200
2018-03-13,11.07529354095459,11.272458916132898,11.01410397357455,11.245264273282753,7645600
2018-03-14,10.912117958068848,11.122882550798787,10.878124338221296,11.10248560082617,6970600
2018-03-15,10.905323028564453,10.980109270490964,10.82373650482104,10.959713612135461,8269900
2018-03-16,11.001163482666016,11.069621514138893,10.919014236617064,10.919014236617064,17423900
2018-03-19,10.898476600646973,11.035392657466149,10.768406477241582,11.00116299039721,8645400
2018-03-20,10.836864471435547,10.99431702227067,10.81632732412317,10.939550860861571,6871900
2018-03-21,10.871091842651367,11.001161293125348,10.768404815879657,10.871091842651367,5759300
2018-03-22,10.480881690979004,10.836861647370457,10.474035759370867,10.78209550023331,11080500
2018-03-23,10.0632905960083,10.521957640537384,10.049599383488667,10.521957640537384,9354500
2018-03-26,10.460345268249512,10.474037133261762,10.20020570879329,10.248126583472105,7782100
2018-03-27,10.220745086669922,10.521958982009256,10.138595842486467,10.480884686349608,8929000
2018-03-28,10.282357215881348,10.357660526740778,10.138595874884865,10.3028943637768,9831700
2018-03-29,10.33712100982666,10.391887160239559,10.20705091294802,10.32342914579143,7864800
2018-04-02,10.042753219604492,10.364504867209867,9.933220910512636,10.316583992334134,8458800
2018-04-03,10.152286529541016,10.17966960951349,9.960604969733689,10.111212236014365,10744200
2018-04-04,10.282357215881348,10.316585578085714,9.960605518819857,10.00167981461076,6571200
2018-04-05,10.316587448120117,10.371353621011275,10.220746971992728,10.330279317775046,7539100
2018-04-06,9.967450141906738,10.213897842842206,9.851071897693414,10.20020597746931,8954900
2018-04-09,10.008522987365723,10.254970652721516,9.994831776833502,10.035906061294146,7858700
2018-04-10,10.179668426513672,10.234434580094137,10.076982051766311,10.16597721455058,8878100
2018-04-11,10.029061317443848,10.159131423657412,10.015370105290032,10.11805648146785,6976500
2018-04-12,10.261816024780273,10.323428100975134,10.09751759016994,10.124900662604995,8687800
2018-04-13,10.035905838012695,10.385040512480414,10.015368696239289,10.371348649388832,8693500
2018-04-16,10.042753219604492,10.13174838395764,9.953758055251344,10.111211239218932,8275100
2018-04-17,9.912679672241211,10.104361799483588,9.851068259410267,10.104361799483588,8358100
2018-04-18,9.919529914855957,10.015371020143498,9.844226608971251,9.919529914855957,8137600
2018-04-19,10.049601554870605,10.070138704519485,9.919531417077865,9.919531417077865,7123900
2018-04-20,10.097519874572754,10.179669110462875,10.022216571556164,10.070136795942712,7565300
2018-04-23,10.275510787963867,10.282356721221063,10.090674507204366,10.145440667533672,12391800
2018-04-24,10.165979385375977,10.337123815076822,10.029063319323948,10.296048864688377,11395300
2018-04-25,10.309741020202637,10.37135246820871,10.104367568256441,10.186516818462078,8844000
2018-04-26,10.289200782775879,10.371350013538603,10.25497177340873,10.316583859696786,7904300
2018-04-27,10.364506721496582,10.371352002391449,10.254973739944406,10.282357474980584,5593900
2018-04-30,10.207052230834961,10.439808726574213,10.207052230834961,10.378196636188635,6172900
2018-05-01,10.138594627380371,10.200206063485739,10.049599460298287,10.152285840004648,6804500
2018-05-02,10.035905838012695,10.165975925926848,10.015368696239289,10.104363847742666,8852300
2018-05-03,9.898993492126465,10.00167988519254,9.762078083750309,9.987988670787008,7605500
2018-05-04,10.0632905960083,10.131748617198701,9.762076739071508,9.940067071875287,5924400
2018-05-07,10.083827018737793,10.1591309672247,9.99483251157622,10.090672950939153,4953100
2018-05-08,10.172823905944824,10.282356881171438,10.056445650218661,10.07698345030973,8858200
2018-05-09,10.33027458190918,10.391886661382035,10.186513280760513,10.227587565166429,7661100
2018-05-10,10.364506721496582,10.426118166735447,10.24812845904954,10.31658583804745,6562600
2018-05-11,10.357660293579102,10.426117669310948,10.323431279281106,10.37819744101224,5569900
2018-05-14,10.343966484069824,10.405578567662355,10.296046264770755,10.385041424086186,5670800
2018-05-15,10.37135124206543,10.474038282330552,10.302893868086144,10.330276948250685,8096100
2018-05-16,10.33712100982666,10.426115514599612,10.30973793462021,10.350812220997879,9524300
2018-05-17,10.508264541625977,10.515109820224925,10.282354026261704,10.337120172237045,8798700
2018-05-18,10.350811004638672,10.501418227007777,10.350811004638672,10.460343292592954,8085500
2018-05-21,10.419273376464844,10.515113842147704,10.323432257917776,10.323432257917776,8424500
2018-05-22,10.515110969543457,10.617797994119048,10.419270530043073,10.419270530043073,7810900
2018-05-23,10.391887664794922,10.528803047474794,10.323429647022964,10.48772810623881,5839200
2018-05-24,10.37135124206543,10.39873432222997,10.17966968091365,10.391889041836933,6443500
2018-05-25,10.33712100982666,10.385041228221944,10.282354859413763,10.30973793462021,5852000
2018-05-29,9.885297775268555,10.234432420313901,9.851069426152037,10.186512209259647,11540800
2018-05-30,10.172823905944824,10.200206986535443,9.981142341810495,9.981142341810495,9663500
2018-05-31,10.179668426513672,10.2549717244708,10.07013611935274,10.138594137760347,12484800
2018-06-01,10.398736000061035,10.51511427275394,10.302895530453396,10.378198849840002,11876500
2018-06-04,10.45350170135498,10.521959079040412,10.419272686080182,10.419272686080182,7395500
2018-06-05,10.460345268249512,10.460345268249512,10.350812959607746,10.419270978940878,5293100
2018-06-06,10.672567367553711,10.693104517522277,10.480885777830569,10.48773105924394,7902200
2018-06-07,10.652029037475586,10.788944443537915,10.583571008012346,10.679412118688052,8099100
2018-06-08,10.741019248962402,10.768402319179835,10.576720827657805,10.645178829633334,8093900
2018-06-11,10.652029037475586,10.850556539482001,10.624645956263121,10.754715428806294,5178600
2018-06-12,10.672567367553711,10.775253770260766,10.631492414752353,10.727333536046038,9993300
2018-06-13,10.645182609558105,10.843710102344232,10.5904164496767,10.713639982977801,8927700
2018-06-14,10.556187629699707,10.706794898561556,10.467192455047893,10.672565884793299,8168100
2018-06-15,10.56997299194336,10.632027733421454,10.370019190266493,10.521708485262437,15489000
2018-06-18,10.56997299194336,10.618237498624284,10.432073931744588,10.501023133066681,7630700
2018-06-19,10.597556114196777,10.618240815298943,10.432077190269862,10.50102641312868,6669800
2018-06-20,10.652713775634766,10.694083827705017,10.625133960106155,10.632029078376974,6080300
2018-06-21,10.76303482055664,10.859564519673459,10.507921320270885,10.652715540168721,11579500
2018-06-22,10.58376407623291,10.89403715097247,10.569973840328883,10.838877522465642,10115400
2018-06-25,10.480342864990234,10.563082336056029,10.34933886685811,10.556187873300027,7399600
2018-06-26,10.37691879272461,10.494133208944037,10.307968904046756,10.494133208944037,6192900
2018-06-27,10.259705543518066,10.43897474842796,10.204545889323477,10.397604679004544,7933700
2018-06-28,10.26659870147705,10.37002286892615,10.211439057830221,10.280388283611348,8872000
2018-06-29,10.176961898803711,10.466550293631395,10.156276543776965,10.342440793689622,17854600
2018-07-02,10.225229263305664,10.259704207075268,10.128699552261747,10.23901950383545,10078000
2018-07-03,10.149385452270508,10.321759522721512,10.135595211008077,10.239020047811618,4920700
2018-07-05,10.17006778717041,10.259702361828312,10.121803269106442,10.239017662308717,6477600
2018-07-06,10.252806663513184,10.280386480499281,10.087327761596606,10.149382514204,5792900
2018-07-09,10.487236022949219,10.487236022949219,10.25970235570524,10.307966873740405,8028400
2018-07-10,10.328653335571289,10.535502338601573,10.259704106264431,10.487237812331285,8542900
2018-07-11,10.225229263305664,10.37002350109411,10.21143968033074,10.301073613554903,8612600
2018-07-12,10.17006778717041,10.301071760867503,10.07353809348773,10.280387061347907,7513500
2018-07-13,10.101119995117188,10.176965004921273,9.997695818636007,10.163174764027847,9413400
2018-07-16,10.273492813110352,10.301072633992408,10.121804127036444,10.135593708700073,6779600
2018-07-17,10.287283897399902,10.370023366842883,10.239019371280211,10.29417901757553,5890200
2018-07-18,10.37691879272461,10.418288199887424,10.287284200465349,10.356234089143202,8219900
2018-07-19,10.342443466186523,10.376918409251447,10.239019294546596,10.35623370643443,11357900
2018-07-20,10.41139030456543,10.438970119432897,10.273490572673447,10.32865020240838,10098000
2018-07-23,10.597556114196777,10.618240815298943,10.411392489167696,10.425182070717542,9975500
2018-07-24,10.542396545410156,10.63203112754254,10.44586684367802,10.604451306698328,9887700
2018-07-25,10.41139030456543,10.556184497008289,10.314860623751974,10.363125135381376,12155500
2018-07-26,10.55618667602539,10.618240779120459,10.438972274254501,10.45965697528619,11046600
2018-07-27,10.694082260131836,10.721662071617708,10.56997277966812,10.59065747389388,8294400
2018-07-30,10.68029499053955,10.838879443773454,10.673399871365303,10.71476992885603,8038500
2018-07-31,10.645822525024414,10.79061677354249,10.583768410706588,10.742352243221434,7668400
2018-08-01,10.68029499053955,10.763034447966248,10.611345771461348,10.721665048030278,8153500
2018-08-02,10.838881492614746,10.838881492614746,10.59066241585979,10.645822064570917,7707200
2018-08-03,10.845775604248047,10.900935908727439,10.790615957323514,10.845775604248047,7706200
2018-08-06,10.887145042419434,10.90782974443845,10.776825754911583,10.84577498082658,6802900
2018-08-07,10.942304611206055,11.011254494203486,10.880249848019329,10.887144967830036,7747800
2018-08-08,11.087099075317383,11.121573359994667,10.928515261626412,10.962989546303698,9731700
2018-08-09,10.983674049377441,11.176732132685904,10.962988691118868,11.080203091031674,8002300
2018-08-10,10.921619415283203,10.96298881716644,10.797509894523916,10.838879953961941,8476100
2018-08-13,10.831982612609863,11.004356619393882,10.825087494525388,10.92851229312859,7755400
2018-08-14,10.983674049377441,11.045728809043608,10.852669410625586,10.852669410625586,10087500
2018-08-15,10.969884872436523,11.045729878283629,10.880250283970302,10.928515467024326,9723600
2018-08-16,11.031938552856445,11.107783551242392,10.983674032105228,11.004358732776495,9380200
2018-08-17,11.1008882522583,11.128467414337333,11.025043255099273,11.031938374396416,6581800
2018-08-20,11.107786178588867,11.15605071075619,11.038836283302748,11.10089105754927,5712000
2018-08-21,11.17673110961914,11.259471219970232,11.114677670742623,11.121571474421561,7570000
2018-08-22,11.17673110961914,11.245680982393477,11.073306958012358,11.073306958012358,6035800
2018-08-23,11.156047821044922,11.197417221456877,11.080202824365063,11.176731863696135,9927900
2018-08-24,11.17673110961914,11.20431158477265,11.107782551954246,11.20431158477265,9928400
2018-08-27,11.218103408813477,11.300842215756047,11.18362780999605,11.218103408813477,4708800
2018-08-28,11.218103408813477,11.252577692521276,11.149153526288249,11.252577692521276,8260800
2018-08-29,11.245684623718262,11.2939491557554,11.121575075559983,11.211210333723123,7239900
2018-08-30,11.211209297180176,11.273264065521984,11.183628815646154,11.259473824754972,11956800
2018-08-31,11.17673110961914,11.23189205992616,11.142256830786694,11.169837305940202,7635400
2018-09-04,11.307738304138184,11.328423665200543,11.1353642406144,11.156049601676761,9519900
2018-09-05,11.307738304138184,11.376688192569643,11.259473776769083,11.300843183784064,8820800
2018-09-06,11.26636791229248,11.390477437598335,11.26636791229248,11.321527555194013,10321400
2018-09-07,11.204313278198242,11.342213044589153,11.162943874324824,11.328422804928135,9637900
2018-09-10,11.128466606140137,11.259471233052643,11.10778256486041,11.238785876663476,8170300
2018-09-11,11.204313278198242,11.293947205775588,11.09399399112937,11.12157315534177,6741200
2018-09-12,10.942304611206055,11.231893725262378,10.92161990932875,11.211208365830258,12361900
2018-09-13,10.873356819152832,11.031940650375628,10.769931981022618,10.983676120447804,14794200
2018-09-14,10.894225120544434,10.95683571650417,10.85248516553436,10.85944138240629,15644000
2018-09-17,10.887269973754883,10.942923698259536,10.803789386997904,10.93596748028,14861900
2018-09-18,10.775960922241211,10.915095212812039,10.769004041851511,10.887268354697873,10617600
2018-09-19,10.935967445373535,11.012491150461996,10.789876253153945,10.803789352513336,10230300
2018-09-20,11.116843223571777,11.15162763529387,10.977708893907483,10.977708893907483,9069900
2018-09-21,11.095968246459961,11.172491927476134,11.075098272263645,11.158579495937946,11435900
2018-09-24,10.970748901367188,11.123796279631348,10.949878261512866,11.095969423270175,8140700
2018-09-25,10.9011812210083,11.026402403969652,10.887267461370561,11.01944552415078,7614800
2018-09-26,10.657697677612305,10.929010069002441,10.629870816709062,10.91509630682847,8455900
2018-09-27,10.483780860900879,10.685525791976156,10.435084014469018,10.657698927808696,23660700
2018-09-28,10.37942886352539,10.490736304939388,10.330732023767938,10.442039465181935,14197700
2018-10-01,10.386384010314941,10.49769143314452,10.344643395031563,10.476821457225117,14785100
2018-10-02,10.337689399719238,10.462910617064676,10.261165691033003,10.393343126662819,11464500
2018-10-03,10.622913360595703,10.66465331536197,10.372470978219619,10.386384738771454,16285200
2018-10-04,10.720308303833008,10.85248639099455,10.622914622182082,10.622914622182082,17688900
2018-10-05,10.678565979003906,10.824657132568495,10.608998510279989,10.76900275952263,13938700
2018-10-08,10.82465934753418,10.85248620802883,10.615957562101956,10.643784422596607,8761000
2018-10-09,10.741179466247559,10.86640068609324,10.71335260222016,10.775963212143001,9983400
2018-10-10,10.53943157196045,10.90118136601886,10.532475355493622,10.782917061303193,15092800
2018-10-11,10.226380348205566,10.609000158751094,10.226380348205566,10.511605820092976,18650200
2018-10-12,9.996807098388672,10.400296827027873,9.781149138311456,10.393339947426787,16977000
2018-10-15,9.899413108825684,10.059418027834727,9.899413108825684,9.996807436198344,10685100
2018-10-16,9.934198379516602,9.955069022249884,9.732453477207644,9.94811214133879,11199600
2018-10-17,10.010725021362305,10.11507560500302,9.822893174675222,9.90637377427676,7782000
2018-10-18,9.88550090789795,10.094202677772525,9.84376028854518,10.003765222045388,13882100
2018-10-19,9.878545761108398,10.045506940931753,9.781152071267151,9.850718897804505,12320200
2018-10-22,9.502882957458496,9.996810288180976,9.482012975440579,9.941156560503353,18800200
2018-10-23,9.621147155761719,9.732454609510338,9.189830440763439,9.252441049358227,19862600
2018-10-24,9.155046463012695,9.593320048596674,9.134176481826241,9.593320048596674,12298400
2018-10-25,9.454184532165527,9.544621990394182,9.1759152768209,9.238525875859558,17823300
2018-10-26,9.468099594116211,9.59332081816962,9.301138404341527,9.328965269303975,20689400
2018-10-29,9.655927658081055,9.80897568730827,9.558533337037456,9.614187045221074,12044800
2018-10-30,9.795060157775879,9.808973914028703,9.516791667163547,9.704622732465767,19465500
2018-10-31,9.968978881835938,10.142896867441511,9.857671477199483,9.899411422215922,12341000
2018-11-01,10.003763198852539,10.080286878170815,9.927239519534263,10.024633172585796,10615700
2018-11-02,9.941153526306152,10.115071538077391,9.788105490182986,9.968980381651768,16853600
2018-11-05,9.996807098388672,10.059417687909335,9.899412774307137,9.948110268070183,10862700
2018-11-06,10.149856567382812,10.288990861852644,9.962024772265053,9.996808511743673,11332900
2018-11-07,10.198551177978516,10.28203173643445,10.003763208248003,10.184638083291444,11174900
2018-11-08,10.247251510620117,10.33768897908478,10.128987843260653,10.156814705600185,9805900
2018-11-09,10.205509185791016,10.323773489211614,10.122028618101988,10.226379161852128,11361200
2018-11-12,10.135943412780762,10.261164617019572,10.122030314223498,10.177684035341928,7758200
2018-11-13,10.177682876586914,10.282033425942222,10.101159184622663,10.115072281595884,11095200
2018-11-14,10.059418678283691,10.261163562465569,9.83680381668841,10.25420668217956,14181000
2018-11-15,10.282034873962402,10.288991755151057,9.850718191936343,9.989852498485925,18019400
2018-11-16,10.288989067077637,10.393339603866309,10.156811676249017,10.212465384328913,17297600
2018-11-19,10.323772430419922,10.41420986866904,10.177681286085885,10.309858672176437,11997300
2018-11-20,10.135943412780762,10.288991477578787,10.073332810661356,10.24725085501762,12023300
2018-11-21,10.031591415405273,10.254206268009073,10.003764558829799,10.163768818277632,11393700
2018-11-23,10.066376686096191,10.14290038747977,9.927242382014823,9.98289610364737,4301900
2018-11-26,10.261161804199219,10.344642362992923,10.177681245405516,10.177681245405516,7929800
2018-11-27,10.177682876586914,10.316817163542197,10.128986042013718,10.247249688342249,9994800
2018-11-28,10.2124662399292,10.275076832625729,10.052461318210888,10.2124662399292,10107700
2018-11-29,10.087244987487793,10.19159553232535,10.00376441892883,10.073331227672341,8405300
2018-11-30,10.149856567382812,10.191596524001438,10.045505348946952,10.045505348946952,12612500
2018-12-03,10.07332992553711,10.330729141293439,10.003763125786195,10.302902288704173,14556200
2018-12-04,9.51679515838623,10.052462365184821,9.461141439847278,10.024635505915345,17272700
2018-12-06,9.482009887695312,9.516793622027956,9.155043846479735,9.37070246858649,24255700
2018-12-07,9.335922241210938,9.586364028282041,9.301138493812084,9.454186584300158,18071300
2018-12-10,9.057652473449707,9.315051110990613,8.932431263612887,9.301137348366646,10966500
2018-12-11,8.876775741577148,9.217654895465788,8.82807824570407,9.16895806303729,12091400
2018-12-12,8.848947525024414,9.071562340124945,8.807206915470823,9.001994878683789,16674300
2018-12-13,8.633289337158203,8.911558532753011,8.58459250989303,8.883731679537982,13859700
2018-12-14,8.466329574584961,8.70981507681805,8.45241581402553,8.57763700528193,13371100
2018-12-17,8.37484073638916,8.55078277430629,8.353727879765476,8.438179977425824,15167400
2018-12-18,8.276313781738281,8.494481537042347,8.227049553794119,8.424105123239524,14139700
2018-12-19,8.093334197998047,8.431142607581062,8.051107811217346,8.283351931762729,19903300
2018-12-20,8.156670570373535,8.262235493404184,8.029992125804428,8.044067806830068,18955000
2018-12-21,8.156670570373535,8.283349014942642,8.079255667063341,8.11444419846203,43622000
2018-12-24,7.945540428161621,8.163708796198291,7.882201202887574,8.072218878709716,10457000
2018-12-26,8.29742431640625,8.304462157166407,7.825899724122734,7.973691024258843,12572400
2018-12-27,8.311501502990723,8.311501502990723,8.029993862097387,8.16371017609225,13689600
2018-12-28,8.367799758911133,8.473364665179556,8.269272020872714,8.367799758911133,12186400
2018-12-31,8.388914108276367,8.50151687410578,8.2481606509896,8.381876267620672,12627900
2019-01-02,8.543745994567871,8.5578210092404,8.248163303622704,8.290389018805932,10385800
2019-01-03,8.473367691040039,8.635234699108741,8.445216994571423,8.48744337485712,8967000
2019-01-04,8.712648391723633,8.726723403478774,8.585969930099859,8.635234149156606,11130000
2019-01-07,8.747838020324707,8.86747865542936,8.593008844689463,8.663385925750642,9592800
2019-01-08,8.83228874206543,8.860439435881224,8.649308896680024,8.839326583310749,10149100
2019-01-09,8.902665138244629,8.937853673294764,8.768949510452694,8.839326580552964,7867300
2019-01-10,8.839325904846191,8.916740139106308,8.747835989175819,8.87451376604097,8618200
2019-01-11,8.888587951660156,8.958964333372052,8.740796677550259,8.818210898782942,8150600
2019-01-14,9.029345512390137,9.050458369435118,8.804139914135336,8.832290613917186,11405000
2019-01-15,9.064533233642578,9.071571075741803,8.874515523956886,9.008231839179906,9649200
2019-01-16,9.33900260925293,9.374190475813696,9.085645674555996,9.191211287734896,8597500
2019-01-17,9.402341842651367,9.458643238564534,9.212324799235825,9.296776893105575,9049600
2019-01-18,9.56420612335205,9.592356813255886,9.317887083319452,9.458640532838627,14025800
2019-01-22,9.514945030212402,9.592359279560688,9.465680806840258,9.507907188135588,14975000
2019-01-23,9.543095588684082,9.634584849691011,9.430492130587954,9.59939698214937,17047200
2019-01-24,9.465677261352539,9.59235568662398,9.310848149483588,9.444564414195735,17733600
2019-01-25,9.536057472229004,9.655698097690461,9.465680396840312,9.54309531400098,12721100
2019-01-28,9.550131797790527,9.58532033295422,9.40234048703541,9.4375290221991,12595300
2019-01-29,9.543095588684082,9.655698375614659,9.486793524053242,9.543095588684082,8231300
2019-01-30,9.493831634521484,9.58532156928138,9.479756621339885,9.557170871752609,7524200
2019-01-31,9.317890167236328,9.47271934853351,9.205287370353146,9.437530806716111,17579000
2019-02-01,9.374190330505371,9.437529563197788,9.317888939482227,9.381228172174644,10660200
2019-02-04,9.437531471252441,9.451607157436772,9.282702279053083,9.367155053827757,8219000
2019-02-05,9.360113143920898,9.458640219740198,9.296773925942567,9.437527370802544,7927300
2019-02-06,9.416414260864258,9.423452100703527,9.296773668258089,9.324924356449815,9236300
2019-02-07,9.824603080749512,9.894980161922788,9.571246796623777,9.578283967808634,30562900
2019-02-08,9.585322380065918,9.796452964973179,9.521983137477177,9.761264422294364,10787800
2019-02-11,9.662737846374512,9.726077096890528,9.599399267024207,9.620512126807641,13725900
2019-02-12,9.754223823547363,9.887940113713263,9.719035961976227,9.754223823547363,12941300
2019-02-13,9.77534008026123,9.859792179752816,9.754226552014115,9.796452937342721,8677500
2019-02-14,9.634586334228516,9.712001265545867,9.550134231017848,9.662737035298738,8564300
2019-02-15,9.859790802001953,9.873865814367644,9.683848784854876,9.733112334883087,8385000
2019-02-19,9.937203407287598,9.972391939140469,9.747186409146774,9.79644995104154,7375800
2019-02-20,10.042771339416504,10.092034892773022,9.894980008181376,9.958318574854507,19086800
2019-02-21,9.99350643157959,10.077958519201523,9.951280723351388,10.049807823327546,10406600
2019-02-22,10.084994316101074,10.127220686932874,9.958315874771065,10.014617255103204,12013300
2019-02-25,10.134260177612305,10.282051502630905,10.12722300683279,10.155373703447497,14219100
2019-02-26,10.063882827758789,10.197598456345967,9.979430745835495,10.09203352173322,11996100
2019-02-27,10.113146781921387,10.134259635461559,10.014619013458061,10.056845391703918,8495700
2019-02-28,10.141297340393066,10.169448035122517,10.092033792407904,10.127222328611094,8890400
2019-03-01,10.134260177612305,10.282051502630905,10.07795878438289,10.169448716172075,12398500
2019-03-04,10.113146781921387,10.23982524549345,9.993506159917889,10.141297477030122,10686100
2019-03-05,10.042771339416504,10.120185590571827,9.887942165940279,10.099072735014117,10636700
2019-03-06,9.873865127563477,10.084995667687304,9.85275227490074,10.04276996236183,9192000
2019-03-07,9.634586334228516,9.817566226767788,9.606435633158293,9.817566226767788,18118200
2019-03-08,9.683849334716797,9.704962190046913,9.53605800507484,9.564208702570186,14976900
2019-03-11,9.641618728637695,9.81052283960832,9.634580889555934,9.697920098961237,21784000
2019-03-12,9.6556978225708,9.747187749503066,9.62050928587908,9.683848517691073,14741300
2019-03-13,9.796449661254883,9.852751042087867,9.669771218797967,9.69792190921446,12356100
2019-03-14,9.902018547058105,9.937207091958728,9.789415740308652,9.810528598782756,11941400
2019-03-15,9.774065971374512,9.965993410391489,9.774065971374512,9.916234068103222,50648700
2019-03-18,9.89490795135498,9.951775183887179,9.82382357173429,9.845149292367028,36485000
2019-03-19,9.653219223022461,9.951772450778677,9.631894186157217,9.944663879186695,12847900
2019-03-20,9.212499618530273,9.71719676832447,9.184066004932465,9.639004500408205,17573800
2019-03-21,8.970815658569336,9.248043964310495,8.949490612869548,9.17695957476323,43579100
2019-03-22,8.707802772521973,8.913946647775447,8.63671839709215,8.906838074650295,31984800
2019-03-25,8.757561683654785,8.849971103240796,8.665152264068777,8.707803026151113,16680500
2019-03-26,8.935271263122559,8.949488408694855,8.77888672929218,8.80021176973981,13635500
2019-03-27,8.963705062866211,9.013464395493788,8.871295648455941,8.913946408149462,16554900
2019-03-28,9.07744026184082,9.091656729901102,8.913946472727185,8.970813700789972,11929000
2019-03-29,9.013463973999023,9.169848503770353,9.006355401397382,9.162740609079508,12533100
2019-04-01,9.34045124053955,9.368884854203914,9.077440144666483,9.077440144666483,15140700
2019-04-02,9.368884086608887,9.475509959636659,9.276474680293125,9.312016863939306,9446300
2019-04-03,9.390213966369629,9.582140772341718,9.354671764401132,9.475514844347348,11723300
2019-04-04,9.468402862548828,9.518162198570536,9.326234783724392,9.35466839948928,13264600
2019-04-05,9.461294174194336,9.518161400958698,9.397318374606726,9.482619214753267,12583900
2019-04-08,9.5252685546875,9.5252685546875,9.432859826819067,9.454184865718647,11993500
2019-04-09,9.361778259277344,9.5039463576366,9.326236065209788,9.475512737964749,12937600
2019-04-10,9.45418643951416,9.461295012967607,9.240933981286902,9.404427103250912,11536300
2019-04-11,9.489728927612305,9.596354821127136,9.432861694016276,9.52527044017665,8451200
2019-04-12,9.731414794921875,9.816716327289507,9.567921660024263,9.624788896328731,14201700
2019-04-15,9.567919731140137,9.752738550825812,9.553702585974719,9.738521405660395,8636700
2019-04-16,9.71008586883545,9.752736617968122,9.447074836597508,9.589242870521982,15827500
2019-04-17,9.830933570861816,9.830933570861816,9.65322327395121,9.738524135118983,9547300
2019-04-18,9.674548149108887,9.823824822997032,9.667440252570191,9.823824822997032,13804800
2019-04-22,9.695871353149414,9.745630005546193,9.61057051565031,9.681654207944165,7472400
2019-04-23,9.802498817443848,9.816715964950669,9.589246350217861,9.717197966135634,9995700
2019-04-24,9.766955375671387,9.79538898913245,9.617678735523098,9.774063948514357,8957600
2019-04-25,9.7243070602417,9.923342390611348,9.390211532973726,9.624789056101404,17189100
2019-04-26,9.766955375671387,9.859364788897548,9.660329494670103,9.7243052944352,11406300
2019-04-29,9.902019500732422,9.994428950846585,9.752742800995865,9.788285001487633,12201500
2019-04-30,9.89490795135498,9.973100226609033,9.809607102556681,9.944666610342933,11065200
2019-05-01,9.788283348083496,9.97310153918186,9.660331719090726,9.866475633628536,12682600
2019-05-02,9.909123420715332,9.944665606939518,9.788281072210404,9.802497539953588,8125700
2019-05-03,10.015750885009766,10.0299673540384,9.909124316696056,9.92334146363557,8329900
2019-05-06,9.92334270477295,9.994427092539459,9.809608226675305,9.859366891365283,5941900
2019-05-07,9.702980995178223,9.845149761189631,9.639005863966188,9.79539042192127,11266600
2019-05-08,9.624787330627441,9.75273893045358,9.603462289960026,9.688763130540512,8576200
2019-05-09,9.653219223022461,9.70297786834493,9.43996682063792,9.525267646009597,8824100
2019-05-10,9.71008586883545,9.731410904446456,9.525267085778305,9.617676477306876,7429900
2019-05-13,9.283584594726562,9.57502932251984,9.255150979281142,9.532378560396277,11687700
2019-05-14,9.425752639770508,9.489728443781983,9.283584563028821,9.297801031747559,8338100
2019-05-15,9.219611167907715,9.326237083845372,9.141418196836462,9.297803461067927,13571900
2019-05-16,9.361778259277344,9.404428349829637,9.255152354985643,9.290693871142231,8698000
2019-05-17,9.397319793701172,9.532379308184238,9.262259601307187,9.269368175203907,14109500
2019-05-20,9.468402862548828,9.532378667497543,9.34755982607034,9.34755982607034,10814100
2019-05-21,9.560812950134277,9.610572289626726,9.496837140723215,9.53237933238613,9028300
2019-05-22,9.475510597229004,9.532377823725092,9.42575194352263,9.503944210477048,8565200
2019-05-23,9.283584594726562,9.397319056508245,9.212500217157578,9.383101909830103,9244500
2019-05-24,9.390213966369629,9.418647592362202,9.312021664367832,9.333346714384481,7099200
2019-05-28,9.297801971435547,9.43997006254554,9.283585501280013,9.354669207879544,14139400
2019-05-29,9.319125175476074,9.347558788083589,9.1414149272014,9.19828215241643,15448900
2019-05-30,9.198283195495605,9.439969269021931,9.134308068307057,9.31912623225877,13694500
2019-05-31,8.992141723632812,9.11298479281554,8.977925250858345,9.105876895383835,8581300
2019-06-03,9.120092391967773,9.184068207382717,8.942382094886701,8.956599244050459,8563900
2019-06-04,9.503945350646973,9.532378967306142,9.23382565342941,9.248042800714442,8095200
2019-06-05,9.532379150390625,9.575029915154003,9.354668873379879,9.503945533185341,8449200
2019-06-06,9.503945350646973,9.575029731250345,9.418644500669462,9.525270393663627,7441300
2019-06-07,9.425752639770508,9.539487101163857,9.411535493140908,9.49683633918592,8156600
2019-06-10,9.546597480773926,9.688765584414995,9.50394671072611,9.532380331454323,8007400
2019-06-11,9.624787330627441,9.795389011788412,9.575028676433197,9.646112371294858,7662300
2019-06-12,9.532379150390625,9.695872957754183,9.511054106964389,9.631897149564569,5527200
2019-06-13,9.546597480773926,9.660331963686781,9.496838136066309,9.575031101502141,6424400
2019-06-14,9.596879959106445,9.632796563952695,9.410114847000012,9.560964039312454,6982900
2019-06-17,9.431663513183594,9.675895577592573,9.410113826633443,9.618429290090718,7905100
2019-06-18,9.6040620803833,9.647162137210543,9.395746623331313,9.438846680158557,9425500
2019-06-19,9.496313095092773,9.826744585090015,9.474762723859874,9.654345040487675,10491100
2019-06-20,9.525045394897461,9.589695132767009,9.273629899860799,9.54659507916994,10208000
2019-06-21,9.575328826904297,9.675895168304708,9.489129399297726,9.496312856194645,12814400
2019-06-24,9.618428230285645,9.71899387980699,9.474761842308679,9.553778492706432,9434300
2019-06-25,9.632796287536621,9.675896349125802,9.42448080746876,9.61124659926815,12249400
2019-06-26,9.661527633666992,9.833926477801889,9.632794492977842,9.704627687226772,14240000
2019-06-27,9.805194854736328,9.884211517650575,9.6830788166436,9.711812646832211,10397800
2019-06-28,9.927309036254883,10.056608507713584,9.740543970322646,9.927309036254883,14348600
2019-07-01,9.927309036254883,10.099708559883846,9.869842756729259,10.056608507713584,10904600
2019-07-02,9.783646583557129,9.948862705799428,9.711814052842826,9.912946097916118,6952900
2019-07-03,9.934494972229004,9.941678430225807,9.783645779557428,9.833928615430533,4493300
2019-07-05,9.99914264678955,10.171541492583687,9.941676364858171,10.020692331250787,7398300
2019-07-08,9.862661361694336,9.984777402469986,9.812378527863974,9.91294488057693,10361100
2019-07-09,9.948861122131348,9.977594266853766,9.76927879635318,9.798011941075599,6480600
2019-07-10,9.855476379394531,9.963225480602343,9.79801010074342,9.956042024507935,5578000
2019-07-11,9.956042289733887,9.977592658591208,9.819560045564673,9.877026325746668,6054200
2019-07-12,9.963225364685059,9.99914195968715,9.833925896698357,9.99914195968715,10259700
2019-07-15,9.826744079589844,9.963226331783199,9.77646056768523,9.963226331783199,6942500
2019-07-16,9.841108322143555,9.869841458125867,9.740542688731466,9.833924866884978,6524700
2019-07-17,9.762092590332031,9.798009182385568,9.654342814171422,9.769276045753141,9401900
2019-07-18,9.884210586547852,9.963226556966497,9.697444818228709,9.718994503787947,8705100
2019-07-19,9.970409393310547,10.092525412299711,9.855476830744772,9.898576199180884,7307500
2019-07-22,9.905760765075684,9.984776739426625,9.877027621216051,9.970410510022901,7102700
2019-07-23,10.114075660705566,10.121259117529664,9.898576751347628,9.956043035836124,8196500
2019-07-24,10.300843238830566,10.343942617248251,10.078160833498302,10.114077438881218,12123900
2019-07-25,10.351123809814453,10.48760674338745,10.070975856257878,10.16435805074199,14371400
2019-07-26,10.494789123535156,10.53788917596487,10.308024056478647,10.365490336350202,9807300
2019-07-29,10.293659210205078,10.530707833520442,10.286475752516193,10.466058084424937,9226500
2019-07-30,10.372672080993652,10.379855536529695,10.185907032420705,10.250556762141043,8031300
2019-07-31,10.236194610595703,10.408593513308963,10.207461460143493,10.33676097970461,12041400
2019-08-01,9.747729301452637,10.293659785372087,9.690263006835039,10.214643801535958,13769000
2019-08-02,9.683076858520508,9.783643188687355,9.539411161890783,9.747726593266904,9772200
2019-08-05,9.287995338439941,9.517860427665022,9.194612474679252,9.496310746813172,9904400
2019-08-06,9.381380081176758,9.43166290825278,9.201797772988515,9.395746309604704,6741900
2019-08-07,9.194613456726074,9.259263191238656,9.015031165325377,9.201796912794599,12029900
2019-08-08,9.338279724121094,9.438846060076544,9.266446529145469,9.273629985653455,6692800
2019-08-09,9.338279724121094,9.410112919096719,9.216163703693802,9.309546583141268,4737300
2019-08-12,9.158697128295898,9.259263461029274,9.12996398823666,9.223346864692203,6349800
2019-08-13,9.266444206237793,9.417293329830127,9.079679179213146,9.1227785373527,7400200
2019-08-14,8.936017990112305,9.1156003512766,8.857001997818857,9.029400900124019,8756700
2019-08-15,8.921648979187012,9.036581544933039,8.878548924506186,8.993482175304344,10787200
2019-08-16,9.287995338439941,9.295178108689223,9.007846747157874,9.029396428009724,10024600
2019-08-19,9.410112380981445,9.496311798991629,9.359828873353113,9.467578659654901,8416600
2019-08-20,9.266444206237793,9.338277383206313,9.208977938683756,9.32391047379183,8868100
2019-08-21,9.287995338439941,9.395744427751199,9.237711836382953,9.345461610746213,6829400
2019-08-22,9.273632049560547,9.40293155527227,9.216165754811398,9.331098344309698,8290700
2019-08-23,8.943199157714844,9.316730702062546,8.900099785706827,9.22334781597562,7562100
2019-08-26,9.065315246582031,9.072498703648108,8.943199216667397,9.036582103369891,4583200
2019-08-27,9.022216796875,9.129965923675584,8.885733838871868,9.11559900807431,8397800
2019-08-28,9.244895935058594,9.273629073211335,8.957564553531167,8.979114235882712,8775400
2019-08-29,9.496313095092773,9.503495867118234,9.331097007568067,9.338280464645699,7798500
2019-08-30,9.517863273620605,9.639979310048593,9.503496358722156,9.575329563109987,7066500
2019-09-03,9.252081871032715,9.453213892018663,9.17306589119415,9.438847661617213,9304100
2019-09-04,9.374198913574219,9.388565145510334,9.252082859381847,9.35264922314389,7329600
2019-09-05,9.726179122924805,9.790828872380239,9.51786364415298,9.532230559610735,8269900
2019-09-06,9.726179122924805,9.776461956922482,9.661529373469369,9.733362580653683,5964200
2019-09-09,10.178728103637695,10.264927553249343,9.805196470268228,9.819563387729668,11258800
2019-09-10,10.322391510009766,10.379857796707142,10.200275479514797,10.221825165763269,10631700
2019-09-11,10.494789123535156,10.501972579782125,10.114074848123078,10.32239028392049,12800800
2019-09-12,10.523523330688477,10.638456587139357,10.22900844521622,10.36549138754132,11299100
2019-09-13,10.595354080200195,10.753386671855031,10.559437488680642,10.616903761091127,13025700
2019-09-16,10.609867095947266,10.646152689833823,10.413925996304076,10.486496491987053,10028000
2019-09-17,10.55907154083252,10.58809988813836,10.442958151609162,10.537300453375739,5871500
2019-09-18,10.588101387023926,10.675186441269483,10.428445108195156,10.486501811025528,7187300
2019-09-19,10.501016616821289,10.660672207878106,10.479244833603124,10.55181606014932,4353600
2019-09-20,10.450211524963379,10.544553797891556,10.399412105729045,10.522782717089724,12947400
2019-09-23,10.486499786376953,10.551813737473456,10.326843538373321,10.363129143659195,5316800
2019-09-24,10.312332153320312,10.551816235986857,10.254275447952091,10.537302405690063,8164100
2019-09-25,10.428443908691406,10.486500604843963,10.268787648226668,10.312330516386291,6012300
2019-09-26,10.341361045837402,10.43570337000819,10.32684652269241,10.370389400036833,5361000
2019-09-27,10.413928985595703,10.566327969992871,10.312329431967479,10.464728416364647,7758000
2019-09-30,10.35587215423584,10.486499359014966,10.334100376697378,10.457471014387346,5242100
2019-10-01,10.101873397827148,10.508270213688869,10.08735887978693,10.413928614788704,6720000
2019-10-02,9.920446395874023,10.080102639031043,9.840618620340681,10.051074294101616,8297700
2019-10-03,10.000272750854492,10.007530009078529,9.72450316715322,9.898673904078922,6545000
2019-10-04,10.101873397827148,10.109130656847258,9.913188815846192,10.014788365856779,5746600
2019-10-07,10.043816566467285,10.167187199686719,10.029302048634268,10.09461599470224,5637000
2019-10-08,9.797076225280762,9.95673247607064,9.782561706076969,9.905932350947735,8385800
2019-10-09,9.847877502441406,9.942219818661636,9.775306969103882,9.86239202436321,4872800
2019-10-10,9.963990211486816,10.080104302456082,9.905933512047408,9.913190772499947,7461700
2019-10-11,10.152673721313477,10.283301626823478,10.138159894084795,10.196216587180269,7425400
2019-10-14,10.181702613830566,10.203474393976608,9.934961308898709,10.058331961364637,3477900
2019-10-15,10.341361045837402,10.392160492663766,10.145419135923332,10.21073310589469,5631800
2019-10-16,10.305073738098145,10.435701656593348,10.25427429961243,10.377644957726691,5819200
2019-10-17,10.290556907653809,10.363127414022971,10.217985709194405,10.355870847849223,5303700
2019-10-18,10.297816276550293,10.363130234521993,10.232503010669022,10.239759578817766,10829800
2019-10-21,10.421185493469238,10.471985616039378,10.355872236605345,10.413928926322361,5746900
2019-10-22,10.471985816955566,10.544556334449014,10.26153013967098,10.42844295278722,7156500
2019-10-23,10.501016616821289,10.544558799076599,10.392159777001995,10.450216481402748,9241300
2019-10-24,10.399415969848633,10.52278662705025,10.261531484082939,10.442958839721737,9814300
2019-10-25,10.508272171020508,10.530043952136172,10.334102074637839,10.334102074637839,7339300
2019-10-28,10.580841064453125,10.624383925021496,10.501013294183117,10.573583805676682,8242000
2019-10-29,10.493757247924805,10.62438515263324,10.442957814800577,10.522785594294417,8147800
2019-10-30,10.312332153320312,10.457473916740868,10.268789278248887,10.45021665554721,9602200
2019-10-31,10.2542724609375,10.377643096930397,10.036559533180016,10.247015201857844,13289800
2019-11-01,10.4066743850708,10.42118821524557,10.305074805485365,10.370388771498108,9100600
2019-11-04,10.667925834655762,10.682440351856473,10.457470179877372,10.50101303938923,6715300
2019-11-05,10.791297912597656,10.885640210808843,10.65341344111384,10.70421287396203,8422200
2019-11-06,10.82032585144043,10.871125282376099,10.725983556781088,10.762269161202425,9596900
2019-11-07,10.871127128601074,11.00175504986607,10.842098778552238,10.885641649670722,9075300
2019-11-08,10.871127128601074,10.878384389135897,10.733242638891713,10.842098778552238,7450700
2019-11-11,10.83484172821045,10.892898425725956,10.74775668193719,10.776785030694944,5536200
2019-11-12,10.82032585144043,10.885639800980769,10.762269161202425,10.856611455861767,4663800
2019-11-13,10.64615535736084,10.762268733219367,10.609869754382473,10.725983130241,5863600
2019-11-14,10.660670280456543,10.71872766645118,10.580842499360791,10.617128106073546,6386800
2019-11-15,10.73323917388916,10.755010256374833,10.653411410048202,10.653411410048202,5977900
2019-11-18,10.68970012664795,10.74050026000672,10.653415206936588,10.718729169761806,7276500
2019-11-19,10.73323917388916,10.791295855244444,10.667925234341906,10.73323917388916,6612800
2019-11-20,10.638896942138672,10.725981964568387,10.566326436159027,10.660668024723542,7644500
2019-11-21,10.660670280456543,10.725984234121425,10.566328671929918,10.711470406690554,7202900
2019-11-22,10.784041404724121,10.81306975295942,10.675185271864358,10.696956360018229,5532900
2019-11-25,10.82032585144043,10.856611455861767,10.76952642050476,10.8348403700451,6741400
2019-11-26,10.718728065490723,10.820326937560324,10.704213545429118,10.820326937560324,7988900
2019-11-27,10.827583312988281,10.849354399211604,10.733241016566746,10.776783881103745,5373000
2019-11-29,10.805813789367676,10.871127057482438,10.769528179021394,10.791299268392981,3267700
2019-12-02,10.762267112731934,10.936437150294735,10.740496031059136,10.863866647355337,5660200
2019-12-03,10.63164234161377,10.675185209758602,10.486500601281682,10.63164234161377,7930000
2019-12-04,10.77678394317627,10.834840634833094,10.63889878142354,10.667927127251954,5801300
2019-12-05,10.805813789367676,10.88564157845713,10.769528179021394,10.842098707623503,5641100
2019-12-06,11.038042068481445,11.06707042223319,10.892900299722726,10.958214268686786,6946200
2019-12-09,11.088841438293457,11.125127053256325,10.987242546906073,10.994499116226214,7230600
2019-12-10,11.154151916503906,11.19769477925223,11.03803853862881,11.059809623957808,5813800
2019-12-11,11.038042068481445,11.29929725224714,11.016270976190274,11.219469452452481,10854100
2019-12-12,11.321067810058594,11.342838899990998,11.074326483856451,11.081583744530743,13294100
2019-12-13,11.139638900756836,11.335580067153789,11.088838775172876,11.226723940498855,11648900
2019-12-16,11.1323823928833,11.321067004445151,11.1323823928833,11.263010307363109,15339400
2019-12-17,11.234983444213867,11.249641292418032,11.110394530177144,11.15436737586497,12084500
2019-12-18,11.212995529174805,11.293611584283068,11.176351613607574,11.249639444742037,17565100
2019-12-19,11.110395431518555,11.24964220505597,11.095738281049986,11.24964220505597,7491800
2019-12-20,11.103068351745605,11.24964407433519,11.059096194108605,11.24964407433519,18442500
2019-12-23,11.081079483032227,11.154367325875262,11.015120564258426,11.13238055366755,5301200
2019-12-24,11.103068351745605,11.1177262035745,11.01512333754676,11.095740124756,7036600
2019-12-26,11.125052452087402,11.139709601464004,11.059093532581006,11.139709601464004,6087700
2019-12-27,11.081079483032227,11.147038401806025,11.029778412396901,11.110394480384507,5085600
2019-12-30,11.02245044708252,11.139710446691154,11.007793296593805,11.132381521984431,5750900
2019-12-31,11.051765441894531,11.066423291301225,10.978477592710526,11.037108291412569,6654400
2020-01-02,10.985806465148926,11.110395388814169,10.883204315489122,11.081080389064978,9975100
2020-01-03,10.853889465332031,10.890532691330005,10.69998553979644,10.839231615793054,7858600
2020-01-06,10.677998542785645,10.729300316177373,10.612039619085367,10.699985316635551,7198700
2020-01-07,10.560737609863281,10.677997597651617,10.4874504669579,10.604710454746236,7101800
2020-01-08,10.648683547973633,10.692656396768257,10.553409624689216,10.568067473928998,9332700
2020-01-09,10.670673370361328,10.714645532793734,10.59738550107409,10.678001598150114,5915900
2020-01-10,10.538753509521484,10.685328521692723,10.502109581747478,10.685328521692723,5809900
2020-01-13,10.597380638122559,10.626695632600335,10.516764578039826,10.575394566995376,9214100
2020-01-14,10.699984550476074,10.729299547918831,10.553408864337623,10.619367783314992,11634100
2020-01-15,10.597380638122559,10.670668473779298,10.50943565468923,10.626695632600335,12287400
2020-01-16,10.743956565856934,10.809915484028101,10.64868265060132,10.663340498605873,8456200
2020-01-17,10.780600547790527,10.824573393127714,10.707312705203439,10.802586620996788,9582900
2020-01-21,10.70731258392334,10.787929349640937,10.612038669209143,10.714641507883968,9144000
2020-01-22,10.795259475708008,10.89053340719982,10.670671241060786,10.68532839263849,16634100
2020-01-23,10.458136558532715,10.787930483244754,10.208958709084813,10.787930483244754,23476700
2020-01-24,10.055054664611816,10.487451433630632,10.025739664962645,10.458136433981462,18484800
2020-01-27,9.886493682861328,9.974438688840051,9.827863678875515,9.85717868086842,14859100
2020-01-28,9.967111587524414,10.040398751316225,9.87183764556269,9.937796582222719,10854000
2020-01-29,9.879162788391113,10.033066692906981,9.857176716010171,9.974436700608043,5976700
2020-01-30,10.077040672302246,10.084369596896762,9.791218903438592,9.827862827486452,9733800
2020-01-31,9.945124626159668,10.091700348892994,9.901152468479546,10.091700348892994,11535300
2020-02-03,10.055054664611816,10.208958587501145,10.033067890681396,10.040396815324868,12078600
2020-02-04,10.164987564086914,10.3262204405754,10.150330411092424,10.208960420920082,9276400
2020-02-05,10.326218605041504,10.406834679493436,10.260259680978685,10.318889680384586,12139500
2020-02-06,10.238272666931152,10.436148722046715,10.230943742946405,10.39217657598755,7625700
2020-02-07,10.230945587158203,10.289575591755403,10.099027727352114,10.194301659553759,6278000
2020-02-10,10.20896053314209,10.245603765493541,10.150330522669941,10.179645527906017,5460300
2020-02-11,10.282246589660645,10.362863369573327,10.230945510752413,10.252931587580973,5115000
2020-02-12,10.296903610229492,10.42149253375739,10.274917535173017,10.333547534606765,5206800
2020-02-13,10.37019157409668,10.37019157409668,10.216287638770785,10.267589416495936,7647200
2020-02-14,10.318887710571289,10.377517698785079,10.2602577223575,10.370188775527208,5274700
2020-02-18,10.194300651550293,10.348204573131252,10.062382804788124,10.282245649750168,6393800
2020-02-19,10.282246589660645,10.304233365413983,10.208959433923855,10.2236165855013,6607100
2020-02-20,10.362861633300781,10.421491627636811,10.252929869727229,10.274916641796738,5123300
2020-02-21,10.194300651550293,10.318889573731294,10.113684577931588,10.267588499512547,8930500
2020-02-24,9.89382266998291,9.959781599610762,9.805877663454037,9.93779552270974,7364300
2020-02-25,9.402793884277344,9.93046451153803,9.373478888258674,9.908478439255187,12025000
2020-02-26,9.307519912719727,9.666628786373664,9.292862764266827,9.607998794712802,12170700
2020-02-27,9.051013946533203,9.402793899320017,8.941082187093846,9.124301087234803,21359200
2020-02-28,8.99238395690918,9.029027177807878,8.728548293320873,8.90443826976332,33656500
2020-03-02,9.48340892791748,9.622655668212795,8.7725201762451,8.963067280395936,19653100
2020-03-03,9.219578742980957,9.791221747849393,9.116975865625117,9.366153782828643,25218500
2020-03-04,9.270877838134766,9.39546676993885,9.080330676779788,9.30752176494622,21492600
2020-03-05,8.633275032043457,9.021699632952041,8.486700040627335,8.97039786176288,16861900
2020-03-06,8.149577140808105,8.508686041419844,7.9663582283827665,8.149577140808105,20856400
2020-03-09,6.925674915313721,8.054303414854292,6.771770997243428,7.731838428810429,20120800
2020-03-10,7.306770324707031,7.468002462241725,6.779099668337525,7.277455327071207,20124300
2020-03-11,6.691155910491943,7.079579875593558,6.603210901351472,7.050264872546735,29290700
2020-03-12,6.141498565673828,6.632525349846509,5.833690709955887,6.148827490553956,17195700
2020-03-13,6.9623188972473145,6.9623188972473145,6.244101072804608,6.742456055444037,15997600
2020-03-16,6.17814302444458,6.266088033823264,5.6797872723739,5.819033711954684,15691400
2020-03-17,6.245296001434326,6.558680091391871,5.730450761617391,6.424372420956798,24100500
2020-03-18,5.76029634475708,5.961757477591757,5.484220043426817,5.834911869045855,16587900
2020-03-19,5.7304511070251465,5.790143606257205,5.118606280984021,5.573759052601629,22654000
2020-03-20,5.6856818199157715,6.021450294053567,5.409605487331963,5.819989494205473,20332400
2020-03-23,5.2230658531188965,5.805064776158263,5.111142942250581,5.6558341097361335,12937100
2020-03-24,5.543912410736084,5.722989178429195,5.394682067486161,5.53645107147019,19288000
2020-03-25,5.700605392456055,5.924451300169099,5.357375190385793,5.655836282072098,18525700
2020-03-26,6.342293739318848,6.4169092444159,5.5513724451107285,5.603603227520045,15544400
2020-03-27,6.1930646896362305,6.431833215560177,5.954295807919116,6.013988295193271,15901900
2020-03-30,6.252758502960205,6.3049889541582305,5.916989639376082,6.1408351926388995,10411800
2020-03-31,6.125911712646484,6.357219287875665,5.954296632962612,6.185603852398575,15633500
2020-04-01,5.558835029602051,5.827449983169235,5.4767585248454695,5.819988644460989,10230600
2020-04-02,5.499142169952393,5.805064844007124,5.334988826341885,5.469296107477755,10177200
2020-04-03,5.096220970153809,5.558835385025526,5.088759630968497,5.4394511117149404,13744500
2020-04-06,5.588680744171143,5.648373229044888,5.379758292389071,5.484219518280106,17535100
2020-04-07,6.066220760345459,6.260220608308072,5.782682685227773,5.9766825331903854,21015000
2020-04-08,6.573602676391602,6.625833114453612,6.1482953426743645,6.1482953426743645,15218300
2020-04-09,6.73775577545166,7.140678031189286,6.59598713670113,6.804909603338991,20652300
2020-04-13,6.506450176239014,6.827295276088152,6.3796041908615075,6.782526523358735,10161300
2020-04-14,6.267681121826172,6.663142484814207,6.081142984729125,6.640757396020265,12515400
2020-04-15,5.767758369445801,5.976681208977988,5.737912300340233,5.976681208977988,9741800
2020-04-16,5.357375144958496,5.752836150353401,5.312606034954154,5.7453744541227145,15604400
2020-04-17,6.013988494873047,6.081141611329059,5.618527576991445,5.6931427438200926,16009300
2020-04-20,6.073681831359863,6.207988802460646,5.655836102769704,5.805066821778547,14228200
2020-04-21,5.81998872756958,5.99906512864277,5.730450171239803,5.812527032961606,10177700
2020-04-22,5.999064922332764,6.058757053970993,5.8572959317953845,6.006526616684127,16715900
2020-04-23,5.909526348114014,6.215448681152469,5.782680398573246,5.872218590322089,11192400
2020-04-24,6.08860445022583,6.237834811930092,5.9020663201988794,6.0438356975078,15456100
2020-04-27,6.648217678070068,6.69298713454803,6.110987758266378,6.140833825389563,14702800
2020-04-28,6.819833278656006,7.1182939578063475,6.715371685160191,6.939217550316142,11891400
2020-04-29,7.1929097175598145,7.297370602870073,6.939217776229624,7.080986425544865,12653400
2020-04-30,6.894448280334473,7.110832456505585,6.797448379073435,6.99144818159551,14807300
2020-05-01,6.39452600479126,6.752679536029661,6.297526104905576,6.692987399420994,12221100
2020-05-04,6.290065765380859,6.3273728208902895,6.140834696997253,6.222911926925531,9257200
2020-05-05,6.178142070770264,6.581064364264271,6.178142070770264,6.394526252246926,7528200
2020-05-06,6.140834808349609,6.304988559596309,5.969220072817615,6.230373735637979,10997100
2020-05-07,6.15575647354126,6.454217108836019,6.103526040261248,6.215448600600212,12373300
2020-05-08,6.454217910766602,6.4915256727104715,6.290064896751766,6.34975703122741,6504100
2020-05-11,6.140834808349609,6.41691186291353,6.103527752163687,6.349758023240494,7664800
2020-05-12,5.864758491516113,6.25275776020867,5.842373760952233,6.185603924310251,9928300
2020-05-13,5.514065742492676,5.827449785033682,5.439450578981285,5.827449785033682,12022200
2020-05-14,5.752835273742676,5.805066072018833,5.21560532396657,5.364836023701357,13099700
2020-05-15,5.603605270385742,5.767758658698654,5.566297504236195,5.685681786645585,8470900
2020-05-18,6.1632184982299805,6.207987240134734,5.87968052368336,5.924449621381275,9626700
2020-05-19,5.8796820640563965,6.133374039933899,5.8647590275808525,6.081142878579612,8270700
2020-05-20,6.125911712646484,6.15575778252253,6.013989128507921,6.013989128507921,8735200
2020-05-21,6.096065044403076,6.252757073768612,6.058757282823403,6.066218977456611,7594200
2020-05-22,6.0438337326049805,6.170679676711509,5.939372157580115,6.140832902487607,4908600
2020-05-26,6.707910060882568,6.804909960523907,6.327372157271101,6.334833852224987,9933000
2020-05-27,7.103372573852539,7.252602940616979,6.834757202090028,7.073525788913132,11190900
2020-05-28,6.79744815826416,7.237678191384371,6.7526794124203615,7.170524361032287,16327200
2020-05-29,6.63329553604126,6.8049102579634795,6.55121831113374,6.648218215014901,15744700
2020-06-01,6.7899885177612305,6.872065042430074,6.573604305828349,6.655680830497191,7419500
2020-06-02,6.864602565765381,7.028756308028953,6.804910425230708,6.916833722423053,10105800
2020-06-03,7.386909484863281,7.46152501969482,7.036218321279888,7.088448768710079,11556900
2020-06-04,7.8122148513793945,7.8122148513793945,7.237677233586444,7.334677118860045,12353700
2020-06-05,8.200216293334961,8.715061947532224,8.095755392519559,8.483754345637443,14563000
2020-06-08,8.468831062316895,8.5509075802026,8.215139101378304,8.476292046425437,10438500
2020-06-09,8.207674980163574,8.334520923147549,8.036060299412467,8.162905530810184,9279600
2020-06-10,7.759983062744141,8.215136387572883,7.7450603878701765,8.110674817110205,21210500
2020-06-11,7.073523998260498,7.439139193761553,7.036216949703504,7.327215913331555,12517000
2020-06-12,7.379448890686035,7.536140952844959,7.110833520364158,7.483909791067641,11399000
2020-06-15,7.55106258392334,7.618216417168297,7.006371645978989,7.066063784066413,12983000
2020-06-16,7.785850524902344,7.975195143753128,7.551063602011117,7.891883771484046,10490100
2020-06-17,7.664668560028076,7.861587097819208,7.634373455928845,7.854013141221336,8631100
2020-06-18,7.69496488571167,7.823719279146371,7.4828991233513715,7.558636534476721,9694200
2020-06-19,7.793422698974609,7.869160818094285,7.475323754339545,7.816143845793618,30329800
2020-06-22,7.664668560028076,7.785848976425001,7.581357204328254,7.710111577323051,8338500
2020-06-23,7.725259304046631,7.914603898372736,7.694964197846146,7.800997430693996,9562900
2020-06-24,7.225388526916504,7.611651610482791,7.202667381498543,7.604077654579408,13394700
2020-06-25,7.49047327041626,7.5207683800903515,7.149652383717237,7.19509540937457,8499100
2020-06-26,6.664931297302246,7.278407510296131,6.649783379799947,7.278407510296131,23500200
2020-06-29,6.717944622039795,6.899715218711277,6.627059323704055,6.846698975255132,21560800
2020-06-30,6.846700191497803,6.907290401151496,6.558896334496622,6.627060500930096,22709500
2020-07-01,6.543747425079346,6.914862542339957,6.490730463833484,6.831551206513724,18734100
2020-07-02,6.513455867767334,6.823980960029449,6.4755867955248245,6.7709639699729465,13712300
2020-07-06,6.642208576202393,6.823979209588902,6.551322537216847,6.664929724802633,12276000
2020-07-07,6.354405879974365,6.581618852317391,6.3316840049061245,6.5513237411854925,10348800
2020-07-08,6.392273902893066,6.468012038026866,6.233224396945996,6.331683683702981,8159200
2020-07-09,6.104470252990723,6.339257153706328,6.066601188338819,6.324109961220965,10145100
2020-07-10,6.445290565490723,6.445290565490723,6.1044704189429355,6.11961761184008,8519100
2020-07-13,6.566471099853516,6.672504340950256,6.324110231395094,6.596766208410818,9467400
2020-07-14,6.5361762046813965,6.649782684907078,6.361978783070648,6.566471314227737,19011200
2020-07-15,6.899716377258301,6.9224382473766255,6.649781584294859,6.7179457500653,8891100
2020-07-16,6.869420528411865,7.020896756952239,6.733092933934593,6.793683136433867,6343500
2020-07-17,6.755815029144287,6.937585662198467,6.733093880585588,6.808831283212017,9157300
2020-07-20,6.611912727355957,6.748241063109206,6.604339492708113,6.65735574670447,5836300
2020-07-21,6.983028411865234,7.0057495595462544,6.642208307480896,6.687650602842935,10251400
2020-07-22,6.990602493286133,7.0208983235881375,6.846700910813355,6.922439041983669,6094200
2020-07-23,7.346568584442139,7.422306695306429,7.0739126854565715,7.164797985118427,9209300
2020-07-24,7.270834445953369,7.437457208668202,7.232965373593642,7.392014899670513,10270800
2020-07-27,7.020897388458252,7.285979367662759,6.998175518758128,7.270832176821596,11633800
2020-07-28,6.914865493774414,7.119357304372603,6.907291535750528,6.983029671404608,12542300
2020-07-29,7.1572265625,7.179947714883389,6.831554304030041,6.884570567022087,10357800
2020-07-30,7.051193714141846,7.066340907607453,6.831553991697705,6.983029537815668,6761100
2020-07-31,7.020897388458252,7.036044579299415,6.884569059426518,6.952733223942385,14092100
2020-08-03,7.020897388458252,7.104208743815282,6.937585310808969,7.096634787248574,7791200
2020-08-04,6.945159912109375,7.043619189740002,6.907290848052623,7.043619189740002,6545100
2020-08-05,7.111783504486084,7.142078611886023,6.952734010063317,7.005750267440128,6292900
2020-08-06,7.043618679046631,7.164799097408267,6.990601704294214,7.043618679046631,4408900
2020-08-07,7.3162736892700195,7.331421600783591,6.945158524693639,6.9906008146500005,7202500
2020-08-10,7.4753241539001465,7.535914363517577,7.32384862985657,7.361717691440532,6664700
2020-08-11,7.641947269439697,7.891882054151667,7.60407820945165,7.641947269439697,7255700
2020-08-12,7.551063537597656,7.869162552336858,7.422309140094056,7.79342441652566,6369800
2020-08-13,7.399585723876953,7.535913315409351,7.3768638567114095,7.429880824472171,4153600
2020-08-14,7.498046398162842,7.604079641641751,7.31627574273532,7.369292003328586,5322300
2020-08-17,7.407159328460693,7.482897444889872,7.369290270246103,7.467749532687153,5472300
2020-08-18,7.21781587600708,7.407160474072372,7.210242641026632,7.407160474072372,4551100
2020-08-19,7.2102437019348145,7.354145299829355,7.164800673904081,7.225390896416774,7293800
2020-08-20,6.967880725860596,7.164799271632805,6.960306768955753,7.157225314727961,7664800
2020-08-21,6.899716377258301,7.073913770037459,6.876995229432242,6.983028456440959,7932300
2020-08-24,7.2329630851745605,7.255684232484718,6.937585280973509,6.967880384817803,10128100
2020-08-25,7.255683898925781,7.407159411183604,7.187519737836706,7.338995250094529,10667100
2020-08-26,7.1269307136535645,7.255685100976533,7.111783521064452,7.255685100976533,5336300
2020-08-27,7.301127910614014,7.354144166569811,7.096635399426257,7.11178331386638,5371500
2020-08-28,7.248110771179199,7.376865151887679,7.210242430505658,7.354144003025094,10208400
2020-08-31,7.1269307136535645,7.232963950946695,7.058766541271718,7.232963950946695,8529800
2020-09-01,7.149651050567627,7.270832188960514,7.005749487021189,7.051192504205054,6877000
2020-09-02,7.338996887207031,7.376865954292007,7.08148882007243,7.126931122740498,10151900
2020-09-03,7.308703899383545,7.641950919707005,7.2708355435994765,7.392016015610704,7450300
2020-09-04,7.528339385986328,7.634372599586087,7.361716693276646,7.490471051829148,9643800
2020-09-08,7.361717700958252,7.482898120349784,7.278405620907369,7.376864892236057,13322300
2020-09-09,7.414735317230225,7.498046690307451,7.32384998597532,7.46017834400388,9755800
2020-09-10,7.255683898925781,7.566208879627372,7.248109942739835,7.490471484644569,7392700
2020-09-11,7.331421375274658,7.392011574880883,7.195093065014577,7.278404408900097,8156700
2020-09-14,7.664668560028076,7.694963664127307,7.369290753341379,7.376864709939251,12025900
2020-09-15,7.573782444000244,7.657093790859062,7.490471097141426,7.626798689974748,12666900
2020-09-16,7.604542255401611,7.789081015502565,7.527650738713622,7.581474360420105,9860900
2020-09-17,7.52764892578125,7.627607580085207,7.427690271477293,7.4815138802210885,8716300
2020-09-18,7.4507575035095215,7.573784048492619,7.412312487324713,7.473825393170422,19013800
2020-09-21,7.043235778808594,7.335422508783025,6.989412158360509,7.289287453190502,12605900
2020-09-22,6.835628032684326,7.135503247268876,6.789492989437361,7.058612486246115,10759300
2020-09-23,6.681845188140869,7.00478829795857,6.674156625176944,6.874073194780375,7296000
2020-09-24,6.666467189788818,6.820249445232579,6.574197836522563,6.704912936972668,6346400
2020-09-25,6.781805038452148,6.797183633681875,6.551131976340487,6.574199135893297,6537400
2020-09-28,7.012477397918701,7.081679595698458,6.881762298399524,6.966343088259951,6975800
2020-09-29,6.958653450012207,7.0586120937459835,6.827938356921237,6.981720603707203,5997300
2020-09-30,7.050922870635986,7.15857081113963,6.9740313798060125,6.98172067554733,8545100
2020-10-01,7.03554630279541,7.14319427426196,6.966344821093857,7.14319427426196,7566700
2020-10-02,7.173950672149658,7.2123964282979065,6.851007493771259,6.889453249919507,9099500
2020-10-05,7.435380458831787,7.443069756228396,7.21239596737247,7.266219582565207,7164900
2020-10-06,7.33542013168335,7.681430369978569,7.304663682352477,7.512270265304565,8767900
2020-10-07,7.5968523025512695,7.6814323769874004,7.443070015716586,7.443070015716586,8277800
2020-10-08,7.71218729019165,7.7352551785669545,7.581472189231484,7.650674387774117,5630300
2020-10-09,7.5737833976745605,7.8121457040212,7.54302694739462,7.7352549449671555,7694400
2020-10-12,7.650674819946289,7.673741976332975,7.558405461107869,7.558405461107869,5581300
2020-10-13,7.350801467895508,7.627609615237732,7.343112169368591,7.627609615237732,6099900
2020-10-14,7.273908615112305,7.435380188102952,7.258530020879037,7.366177980636714,6017000
2020-10-15,7.427689552307129,7.450756706207946,7.1508815056225234,7.212394404885769,6063500
2020-10-16,7.435380458831787,7.496893371421133,7.250841721063751,7.396934705140507,5901500
2020-10-19,7.320044040679932,7.519960642943518,7.312354743168163,7.435380570189376,4826800
2020-10-20,7.5968523025512695,7.704500269981442,7.404624260684968,7.466137175418842,7865700
2020-10-21,7.4507575035095215,7.5968512048618395,7.396933894217446,7.550716158831718,9932100
2020-10-22,7.9813079833984375,8.065888053565082,7.527649710167324,7.604541216349182,10729000
2020-10-23,8.050508499145508,8.119710693496437,7.827524058065622,8.073575652831952,7551200
2020-10-26,7.904417037963867,8.004375709774752,7.804458366152983,7.965929953956443,7800300
2020-10-27,7.642984390258789,7.881347415221084,7.6352958281309,7.858280262254272,6038800
2020-10-28,7.558404445648193,7.681430240904434,7.443067945918363,7.496891548020073,10299400
2020-10-29,7.7967705726623535,7.850594196155641,7.4276923069161525,7.535340287194601,7523400
2020-10-30,8.02744197845459,8.03513127542267,7.712188135680479,7.742944590261081,8821400
2020-11-02,8.31194019317627,8.388830963844415,7.973618455702903,8.15046862149392,10387800
2020-11-03,8.527233123779297,8.581056722349784,8.404207336594451,8.47340952520881,9123200
2020-11-04,7.750633239746094,8.196602160554733,7.735255380386309,8.196602160554733,15944300
2020-11-05,8.127399444580078,8.181223782153694,7.7736999022448785,7.789078493920658,7109700
2020-11-06,7.804457664489746,8.211981612916684,7.742944754027517,8.211981612916684,8503300
2020-11-09,9.18850040435791,9.403795609436589,8.473412575595066,8.473412575595066,21582600
2020-11-10,9.326903343200684,9.488374904568063,9.065473126387623,9.226944687755003,17185200
2020-11-11,8.950136184692383,9.32690289883526,8.850177534009072,9.32690289883526,8137500
2020-11-12,8.68101978302002,8.857869992218516,8.542615335237885,8.804045632918848,7496700
2020-11-13,8.911690711975098,9.011649365742686,8.757908449752525,8.804042761773463,6282700
2020-11-16,9.25001335144043,9.472997855064786,9.165433275338708,9.311526267385645,6532100
2020-11-17,9.24232292175293,9.257700780989978,8.950136263332498,9.01933772983669,5404000
2020-11-18,9.126986503601074,9.419173188462677,9.126986503601074,9.34997098240444,6340700
2020-11-19,9.18850040435791,9.196189702147956,8.904002985752422,9.042407412806043,5199000
2020-11-20,9.034717559814453,9.165432681045322,8.996271806518594,9.126986927749464,4463800
2020-11-23,9.365347862243652,9.388415015610656,9.16543057761874,9.211564884352745,6964300
2020-11-24,9.942032814025879,9.965099969677237,9.534508908865828,9.58833324977454,10930800
2020-11-25,9.757494926452637,9.842075732828018,9.603712642077092,9.765184223994359,7493400
2020-11-27,9.580642700195312,9.81131642640893,9.511440509002071,9.81131642640893,3931200
2020-11-30,9.288458824157715,9.626780584837638,9.265391664704195,9.534510480440003,12364200
2020-12-01,9.61139965057373,9.688291141094961,9.488373852373043,9.619088946284174,7614500
2020-12-02,9.865142822265625,9.903588576410062,9.465308885722079,9.51913250154923,9595400
2020-12-03,9.980477333068848,10.065058121740305,9.803627926376928,9.911275869553501,7935100
2020-12-04,10.080436706542969,10.149638908335504,10.011235238042108,10.057369550376015,8011300
2020-12-07,10.003548622131348,10.026615784479434,9.849766317657648,10.011237920678,5532500
2020-12-08,9.918963432312012,10.03430065979425,9.849761975772525,9.86513983279523,8084300
2020-12-09,9.926654815673828,10.172706446129714,9.865141908059856,9.99585702006247,9150400
2020-12-10,10.01892375946045,10.034302352368742,9.71135923421128,9.803628591786032,8178200
2020-12-11,9.942032814025879,9.995856421642934,9.826695569185773,9.872830613780147,8445800
2020-12-14,9.61909008026123,9.957411065197169,9.342281268385596,9.918965315404254,36739600
2020-12-15,9.680601119995117,9.772870461731682,9.511440293498977,9.765181166597415,15836600
2020-12-16,9.626779556274414,9.72673748099036,9.526820898266768,9.688292463772704,13832900
2020-12-17,9.603432655334473,9.681255812427692,9.338832288413368,9.580085782424877,16954300
2020-12-18,9.64234447479248,9.673473885646235,9.432220394891866,9.603432525679363,28982500
2020-12-21,9.54117202758789,9.821336676046748,9.502260085311603,9.634560243740843,21485900
2020-12-22,9.440003395080566,9.681256155456499,9.424438317800192,9.587867918325454,11862600
2020-12-23,9.689038276672363,9.704603353282161,9.4866967338472,9.525608683187993,15787900
2020-12-24,9.611214637756348,9.735732275649978,9.463349386119912,9.735732275649978,4545200
2020-12-28,9.696819305419922,9.751295580706188,9.502260331187728,9.642343030133656,10554400
2020-12-29,9.58786678314209,9.704602622372418,9.541173041196876,9.696820084653668,11770900
2020-12-30,9.774645805358887,9.797992680697421,9.595651115273354,9.61899799061189,9731400
2020-12-31,9.829119682312012,9.868031626446475,9.673472647957759,9.743513998963072,8675400
2021-01-04,9.774645805358887,9.97698662859917,9.665692483472746,9.92251033874799,13977800
2021-01-05,9.992547988891602,10.07037112512466,9.80577157131205,9.891377243823468,11452800
2021-01-06,10.973125457763672,11.05094859515491,10.249365901142397,10.296059635140434,23567200
2021-01-07,11.237728118896484,11.44785220646555,11.050951646957575,11.14433988292703,17605400
2021-01-08,11.22994613647461,11.284422421008275,11.043168925446574,11.206598521231284,12000100
2021-01-11,11.463417053222656,11.47119959211354,10.957563900255286,11.144340380533968,12087000
2021-01-12,11.595717430114746,11.720235827798652,11.432287821724877,11.525676805533749,10115700
2021-01-13,11.572367668151855,11.657973349405141,11.440067506643587,11.549020799116157,12601600
2021-01-14,11.673537254333496,11.766925463306142,11.556802178663565,11.665754718039897,11520700
2021-01-15,11.486763000488281,11.603498098151043,11.338897751786222,11.455633591632635,13518600
2021-01-19,11.580151557922363,11.626845301448137,11.385592561469737,11.533457072212917,10487900
2021-01-20,11.424505233764648,11.549022880642129,11.370028206617961,11.549022880642129,13576800
2021-01-21,11.292202949523926,11.486761922153145,11.261073543590594,11.486761922153145,12170600
2021-01-22,10.77078628540039,11.183251154780075,10.692962389056897,10.95756274600436,31658100
2021-01-25,10.490619659423828,10.6618317666008,10.179325593814418,10.607355490665054,24510600
2021-01-26,10.52175235748291,10.677399427999331,10.420581576101293,10.58401118568948,12318100
2021-01-27,10.33497428894043,10.49840388521798,10.264932927366662,10.311627415810412,18681600
2021-01-28,10.560662269592285,10.66183303853066,10.366103269830106,10.43614462849388,13237300
2021-01-29,10.296061515808105,10.677397704758656,10.148197008227516,10.537314992810142,27765500
2021-02-01,10.288278579711914,10.35831992792203,10.132631551569196,10.327190522293487,12868000
2021-02-02,10.529532432556152,10.568444379368225,10.358321054076878,10.467273614530297,10087700
2021-02-03,10.599573135375977,10.661831949566269,10.459490432356015,10.545096858505374,10450000
2021-02-04,10.988691329956055,11.066515220448613,10.591790824374533,10.630702769620813,9082000
2021-02-05,10.949779510498047,11.136556701389111,10.918650102380143,11.105427293271205,8031800
2021-02-08,11.066514015197754,11.097643419567758,10.926431324440964,11.082078346290984,8766000
2021-02-09,11.11320972442627,11.175468544223776,10.949780136911897,11.066515980669978,6489700
2021-02-10,11.144338607788086,11.307768187580894,11.050950382504142,11.13655681231882,7024000
2021-02-11,11.136556625366211,11.229944849082418,10.926432565367023,11.152120958227098,8155200
2021-02-12,11.245509147644043,11.346679908573932,11.08986210859176,11.144338386714153,6170000
2021-02-16,11.712450981140137,11.751362926363251,11.377809291278423,11.377809291278423,13026200
2021-02-17,11.650192260742188,11.813621838266236,11.572368369660781,11.751363022274564,7339900
2021-02-18,11.517892837524414,11.62684540147769,11.393375197472855,11.494545965560667,9446700
2021-02-19,11.907010078430176,11.945922024023742,11.587933460493458,11.611280330976145,10712700
2021-02-22,12.117132186889648,12.202738607081905,11.852531873901869,11.899226352387059,7252200
2021-02-23,12.233870506286621,12.257217379197463,12.008182088991921,12.179393479916378,12933400
2021-02-24,12.62298583984375,12.66968106287006,12.241650424665359,12.272780573349564,11288600
2021-02-25,12.218304634094238,12.833111023400487,12.179392686987025,12.747504591327887,11290300
2021-02-26,11.938139915466309,12.17161085523388,11.759145256177163,12.086004423415032,16143500
2021-03-01,12.319475173950195,12.39729906673853,12.163828130557171,12.22608694791438,9398800
2021-03-02,12.249436378479004,12.436212869578828,12.233872041979254,12.272783996504334,9216000
2021-03-03,12.397298812866211,12.770851709359837,12.33503999678394,12.373951200197636,10601900
2021-03-04,12.280564308166504,12.747505479433386,12.054875889841584,12.615205295361841,15837300
2021-03-05,12.630766868591309,12.71637328288218,12.117131351580102,12.560725526783688,11112700
2021-03-08,12.926498413085938,13.097709771933483,12.661898095724279,12.755285569871255,10834600
2021-03-09,12.498467445373535,12.755285218759049,12.358385495825512,12.669680283875275,11249500
2021-03-10,12.724160194396973,12.77085394353562,12.459559808665432,12.498471018886384,9295800
2021-03-11,12.700811386108398,12.770852745429151,12.498469846333707,12.52959999908399,9002400
2021-03-12,12.996541023254395,13.04323476486332,12.825328163409536,12.934282206320068,13358800
2021-03-15,12.84089183807373,13.035450805317273,12.693026607345846,12.965409458360227,11314500
2021-03-16,12.529601097106934,12.724160115744098,12.381735827319783,12.71637757687451,10590800
2021-03-17,12.647433280944824,12.79668912075234,12.47461100559635,12.639577552710012,9454300
2021-03-18,12.843822479248047,13.283732788803105,12.78097814931161,12.828111022182183,12408500
2021-03-19,12.553166389465332,12.788833748081002,12.388200586928662,12.61601071876411,34951000
2021-03-22,12.36463451385498,12.71027910525493,12.215379405634707,12.545312538714855,11065700
2021-03-23,12.018988609313965,12.348921685781821,11.932577101709304,12.254655199528639,9590900
2021-03-24,12.034697532653809,12.451042055038652,12.026842555169122,12.29393051873167,12347700
2021-03-25,12.435332298278809,12.49032089399028,11.85402193195821,11.987566306540433,10758500
2021-03-26,12.631718635559082,12.702418673496993,12.38819711506549,12.584585776376002,10684900
2021-03-29,12.2625093460083,12.482465214835663,12.066120659017477,12.419620894931672,12719200
2021-03-30,12.576733589172363,12.655289375467202,12.411767037284003,12.411767037284003,8912600
2021-03-31,12.348922729492188,12.639577940629385,12.325355544064454,12.46675565997685,12258500
2021-04-01,12.553166389465332,12.584589303278221,12.286078364527272,12.38034485847544,8578900
2021-04-05,12.655287742614746,12.883097845316808,12.561020511558398,12.81239779660625,11603700
2021-04-06,12.647433280944824,12.670998967322303,12.47461100559635,12.584588953393284,9345400
2021-04-07,12.678852081298828,12.796686482197725,12.600297811801761,12.686707807913864,5794900
2021-04-08,12.608154296875,12.678854350738568,12.38034417756888,12.568877155096091,8131400
2021-04-09,12.780977249145508,12.796688705104811,12.655288598124905,12.757410065206555,7019600
2021-04-12,12.945943832397461,12.961655289316324,12.796689486649257,12.812399445241121,7937200
2021-04-13,12.678852081298828,12.788830755582687,12.51388631736301,12.686707807913864,9654500
2021-04-14,12.851675987243652,12.993076079751008,12.62386439413141,12.670997258858277,8893900
2021-04-15,12.647433280944824,12.820254807129821,12.427477385350956,12.820254807129821,10011800
2021-04-16,12.71027660369873,12.93023098357738,12.639576553501497,12.796688109123536,14800600
2021-04-19,12.466755867004395,12.773122540181053,12.396055807874127,12.741699625755588,14186000
2021-04-20,11.916864395141602,12.3174974563486,11.893297964824518,12.293930276868203,17862000
2021-04-21,12.176100730895996,12.238945061832055,11.689056791559779,11.869734055710069,16214500
2021-04-22,11.359121322631836,12.136820318471539,11.33555489071155,12.10539815952337,34380300
2021-04-23,11.704767227172852,11.775467285120586,11.23343475612713,11.374834122859095,27385400
2021-04-26,11.940431594848633,11.987565207683202,11.767609346673032,11.8147429595076,17812000
2021-04-27,11.940431594848633,12.042553798354064,11.806887232507945,11.948287321848289,14412600
2021-04-28,12.018988609313965,12.09754363994323,11.940432829521262,11.987566447229572,18406400
2021-04-29,12.176100730895996,12.293933664110227,12.097544942644163,12.176100730895996,10817600
2021-04-30,12.034697532653809,12.270364087950954,12.011131101873094,12.128964004940002,14283100
2021-05-03,12.050410270690918,12.21537680207031,11.979710221647835,12.191810368777086,10049500
2021-05-04,12.160388946533203,12.160388946533203,11.854023028750339,12.011133851865077,12298700
2021-05-05,12.215374946594238,12.333207844325335,12.018986284266882,12.160385611711538,7237500
2021-05-06,12.348922729492188,12.356777708804598,12.105400390883455,12.325355544064454,7024500
2021-05-07,12.411766052246094,12.42747675876011,12.034699356785001,12.08183297465393,7776700
2021-05-10,12.380341529846191,12.60029737241719,12.380341529846191,12.545308037192791,10388900
2021-05-11,12.301789283752441,12.568878062445572,12.254656410549838,12.317500740928985,12410100
2021-05-12,11.956144332885742,12.52959898050658,11.916866442832555,12.451043949563646,11253900
2021-05-13,12.207521438598633,12.286077217469701,11.838310476566102,11.869732638281842,17889400
2021-05-14,12.451043128967285,12.474609561780655,12.254654440807949,12.309643033760278,12707700
2021-05-17,12.513887405395508,12.54530956542436,12.348920877953185,12.39605374341477,9482400
2021-05-18,12.348922729492188,12.631722212153473,12.333211272540366,12.545311446408956,11193400
2021-05-19,12.27822208404541,12.30178851918203,12.003277593852125,12.30178851918203,13904600
2021-05-20,12.191808700561523,12.262507990767356,12.034697169001975,12.215375130630134,9475500
2021-05-21,12.36463451385498,12.419623868810715,12.207523676474805,12.223235134794606,13543800
2021-05-24,12.286078453063965,12.403911384057436,12.246800559678306,12.348922782815617,8890100
2021-05-25,12.066117286682129,12.458894550887235,12.050406585678777,12.270361643867947,9214700
2021-05-26,12.168242454528809,12.207520340430971,12.034698091959473,12.128964568626646,12188700
2021-05-27,12.419621467590332,12.458898607468823,12.286077094345877,12.325354234224369,37404800
2021-05-28,12.45889949798584,12.498177389835195,12.238944352458315,12.380344463450605,13175700
2021-06-01,12.631718635559082,12.718130126000213,12.537452168029631,12.545307894281242,19691900
2021-06-02,12.474610328674316,12.663144050261824,12.443188166603639,12.647432594644766,13406800
2021-06-03,12.42747688293457,12.53745482628533,12.372488285840914,12.474610501274453,17579000
2021-06-04,12.27822208404541,12.458899335365277,12.073977648425455,12.435332900228657,14762400
2021-06-07,12.238943099975586,12.372487469098932,12.16824305171459,12.356776014301644,15515500
2021-06-08,11.948287963867188,12.15253238185274,11.814743594350743,12.144676654430972,157402000
2021-06-09,11.775465965270996,11.932576771343186,11.736188076462096,11.861877470483265,22044000
2021-06-10,11.390544891357422,11.932577387590095,11.343411272519885,11.909010952753055,26453400
2021-06-11,11.366979598999023,11.524090428976038,11.351268141419558,11.445534639405766,23928200
2021-06-14,11.288424491882324,11.461246789886959,11.209869446726456,11.398402454096834,27863000
2021-06-15,11.359121322631836,11.44553207244846,11.202010527890991,11.327699163683667,18634400
2021-06-16,11.406749725341797,11.502004330250852,11.113047837618131,11.303557047436243,19252400
2021-06-17,10.732029914855957,11.509942936137397,10.724091841491939,11.48612947306169,27363400
2021-06-18,10.53358268737793,10.628837297280596,10.327197320747313,10.628837297280596,45662500
2021-06-21,10.859034538269043,10.89078607025747,10.565332678122044,10.612959597596564,22054400
2021-06-22,10.859034538269043,10.8987233854924,10.660587274087321,10.859034538269043,14986500
2021-06-23,11.017792701721191,11.14479883547904,10.986041168281728,10.986041168281728,16804700
2021-06-24,11.28768253326416,11.32737214430632,10.986042549166651,11.065421014234607,17950200
2021-06-25,11.597259521484375,11.621073741677849,11.295619545514151,11.343247228884753,26081600
2021-06-28,11.374999046325684,11.541694806714242,11.2479928968899,11.517881342949124,19084600
2021-06-29,11.335307121276855,11.549630522458024,11.24799060061946,11.478189388730968,12271600
2021-06-30,11.327369689941406,11.390872751042751,11.200362810722515,11.311493546157969,13812900
2021-07-01,11.454379081726074,11.50994408679639,11.319434849112666,11.374999854182981,10314000
2021-07-02,11.390873908996582,11.47025236493448,11.319432768741077,11.414687370076324,7792900
2021-07-06,11.089235305786133,11.414688755777819,11.009856083195608,11.382937218144882,14771300
2021-07-07,11.05748176574707,11.168611748829564,10.946351025648342,10.95428909787316,12002100
2021-07-08,10.86697006225586,11.033665766972005,10.700274357539714,10.898721589010549,14893500
2021-07-09,11.327369689941406,11.351183148600361,11.041605157969151,11.113046290962215,12219500
2021-07-12,11.470252990722656,11.50994259936511,11.041606882820057,11.168613024862854,11637600
2021-07-13,11.23211669921875,11.45437821674877,11.160676308244488,11.44644014319062,10957400
2021-07-14,11.184488296508789,11.38293556718633,10.993979098342253,11.232115217542294,17936700
2021-07-15,11.319432258605957,11.367059178619028,10.978102718108552,11.065419242810012,9070400
2021-07-16,10.993977546691895,11.382933960640067,10.954287946754782,11.36705781785876,10641200
2021-07-19,10.501830101013184,10.79553275296389,10.43038971333968,10.732029681465448,14894200
2021-07-20,10.898726463317871,11.025733384154858,10.374825659049927,10.47008028191533,13478700
2021-07-21,11.15273666381836,11.255929334490485,10.993979000098264,11.009854387962147,8135000
2021-07-22,10.914600372314453,11.152737259113664,10.85903537630061,11.073358044508495,9036000
2021-07-23,10.970165252685547,11.168612530090227,10.922538330037543,11.049544466453934,6192900
2021-07-26,11.049543380737305,11.176549504674206,10.970164174768636,11.057481452737415,7873400
2021-07-27,11.041605949401855,11.10510901505493,10.795531759250256,10.922537890556406,8021700
2021-07-28,11.105108261108398,11.2241770688863,10.938412535832297,11.09717018918663,11276000
2021-07-29,11.398812294006348,11.502004977720816,11.113048463192985,11.113048463192985,14698900
2021-07-30,11.176552772521973,11.406751628718172,11.065422003076193,11.382938162771374,13944100
2021-08-02,11.11304759979248,11.49406601127469,11.11304759979248,11.232115664126598,12912200
2021-08-03,11.470252990722656,11.517880672496865,10.954290349419713,11.176551097994608,17478100
2021-08-04,11.319432258605957,11.49406530800888,11.22417766156357,11.303556113924104,12851200
2021-08-05,11.43850040435791,11.549631146943945,11.343245806576844,11.398810799361737,14605600
2021-08-06,11.684576034545898,11.827457561083557,11.46231453634724,11.46231453634724,12332000
2021-08-09,11.621073722839355,11.779831405456763,11.494066819729087,11.629011039207969,13269700
2021-08-10,11.803645133972168,11.827458597646082,11.533756688946603,11.597259763421283,12459300
2021-08-11,12.097347259521484,12.121161480638639,11.740142269944284,11.803645345557282,17597300
2021-08-12,12.160848617553711,12.19260015087567,11.970339417621966,12.08940747832524,16194900
2021-08-13,12.025904655456543,12.232290004741005,12.002091194236423,12.208476543520884,9778100
2021-08-16,11.875085830688477,11.978278512042001,11.779831222596684,11.835396221396145,12017200
2021-08-17,11.756016731262207,11.87508479170528,11.557569459179577,11.77189211938036,11309900
2021-08-18,11.67663860321045,11.914775503211876,11.62901092040363,11.732203602304793,12787900
2021-08-19,11.60519790649414,11.692514445165717,11.46231560956214,11.557570978861051,14247100
2021-08-20,11.716328620910645,11.740142084635549,11.533756713642749,11.589322471689341,12761900
2021-08-23,11.930651664733887,11.978279350622289,11.795707437902534,11.867148588226943,10379700
2021-08-24,12.144973754882812,12.184663362506594,11.906836866156423,11.930650327924173,19782600
2021-08-25,12.422800064086914,12.533930819128136,12.152912385300523,12.184663921452824,21642100
2021-08-26,12.224350929260254,12.486301252243244,12.168785938632414,12.454549720882161,16236200
2021-08-27,12.422800064086914,12.462489673531374,12.224352773880948,12.224352773880948,10415200
2021-08-30,12.200539588928223,12.454551883932597,12.192601515455248,12.454551883932597,12846900
2021-08-31,12.327544212341309,12.391047278241338,12.160848475099664,12.216414225524385,13777500
2021-09-01,12.160848617553711,12.398985495976527,12.097345550909797,12.359295890070012,11382500
2021-09-02,12.192601203918457,12.303731958651511,12.105284668995843,12.144974278330244,10416300
2021-09-03,12.105284690856934,12.264042371464905,12.02590547204478,12.232290835343312,10258400
2021-09-07,12.144973754882812,12.351359108913435,12.121160293115064,12.15291182781083,10503800
2021-09-08,12.097347259521484,12.216416094058134,12.02590611020277,12.152913018445139,9260300
2021-09-09,12.176724433898926,12.335482096221574,12.03384215930042,12.06559369176495,10372700
2021-09-10,12.184661865234375,12.271978385664049,12.08940651583592,12.232288782917395,11791600
2021-09-13,12.248167037963867,12.446614328886074,12.13703628252155,12.351359720085375,17929300
2021-09-14,11.938589096069336,12.295794071451803,11.8592098761993,12.216415608598114,16218100
2021-09-15,12.04971981048584,12.192601345931019,11.930650981095791,11.978278664255079,14242500
2021-09-16,12.065753936767578,12.186010313170115,11.961531387085394,12.113856181500035,13056300
2021-09-17,11.985581398010254,12.12187235306607,11.897393447797622,12.113855058163653,31972900
2021-09-20,11.560675621032715,11.729035004429166,11.360247820064146,11.664898169284935,18437400
2021-09-21,11.424385070800781,11.648864001971608,11.376282060407041,11.61679558323292,12160600
2021-09-22,11.624811172485352,11.769119417910055,11.552657049773,11.608776583184252,10647300
2021-09-23,12.11385726928711,12.226097124693961,11.761104639477875,11.793173060369623,12648100
2021-09-24,12.177994728088379,12.32230301169859,12.033687209049669,12.033687209049669,9366100
2021-09-27,12.667036056518555,12.739190180832521,12.306266199520039,12.330317319434254,11332800
2021-09-28,12.562814712524414,12.795310932668682,12.506695172528987,12.731174097082084,12240400
2021-09-29,12.562814712524414,12.61091695692867,12.466609459144516,12.530746294731115,13421000
2021-09-30,12.39445686340332,12.618935815765072,12.370405738221718,12.618935815765072,14238500
2021-10-01,12.715137481689453,12.819360014068621,12.418504473181638,12.490658592872697,14540000
2021-10-04,12.723156929016113,12.955653151490708,12.69108851090139,12.747208051459307,17726700
2021-10-05,12.85944652557373,12.963668293705258,12.70712099140377,12.803326229766828,14962800
2021-10-06,12.747207641601562,12.819361771182585,12.474626478676342,12.715139224517925,11904400
2021-10-07,12.803330421447754,12.987724428774136,12.747210107267627,12.899535691307445,9746900
2021-10-08,12.827378273010254,12.955651933408944,12.739190322628986,12.811343683174755,14182800
2021-10-11,12.67505168914795,13.011769617503933,12.667034395370822,12.923582444240393,11090700
2021-10-12,12.651002883911133,12.691088597972406,12.498678087963974,12.634969057029464,9009700
2021-10-13,12.634967803955078,12.683070044400939,12.338334772634509,12.546779088852121,9192700
2021-10-14,12.875480651855469,12.899532536867406,12.634967918306769,12.79530999552968,10547200
2021-10-15,12.931601524353027,13.043842136867273,12.803328613887723,13.011772953536681,13847800
2021-10-18,12.979705810546875,13.1320298499379,12.84341483430977,12.899534378205717,9061300
2021-10-19,13.099960327148438,13.107977622154014,12.907549834442614,13.02780620124092,10502600
2021-10-20,13.38857650756836,13.412626862861826,12.995736707491915,13.027805886740044,10738400
2021-10-21,13.220215797424316,13.428660866005691,13.124011322166798,13.388575922838818,6319900
2021-10-22,13.372544288635254,13.468748785149563,13.276338262978044,13.292372855444729,7150400
2021-10-25,13.340474128723145,13.428662851701805,13.284354588334104,13.428662851701805,7088400
2021-10-26,13.204183578491211,13.380561030025213,13.18815051583226,13.364526438223423,7370000
2021-10-27,12.803330421447754,13.172117671528996,12.803330421447754,13.067894340133265,10238000
2021-10-28,12.763242721557617,12.907550986250023,12.667037466619815,12.82737955818282,11280500
2021-10-29,12.618934631347656,12.811345143883727,12.498678252155463,12.723157183447547,9579400
2021-11-01,12.787294387817383,12.835397399617147,12.667038005175126,12.715140252403454,9311100
2021-11-02,12.67505168914795,12.763239626982704,12.602897574296232,12.73117121644541,8937800
2021-11-03,12.995737075805664,13.067891202016256,12.554796552645536,12.586864968231206,9743700
2021-11-04,12.62695026397705,12.97168629362464,12.514710430829359,12.955651704072979,8013300
2021-11-05,12.707122802734375,12.915567897852673,12.586865664210103,12.827379176687266,8030800
2021-11-08,12.771260261535645,12.843414395261831,12.683071536060783,12.755225669786972,8295700
2021-11-09,12.723156929016113,12.79531106091709,12.626951674671941,12.675054684129726,6961100
2021-11-10,12.739192962646484,12.883500478215039,12.707124540901084,12.82738093130346,8201900
2021-11-11,13.051856994628906,13.132026879694099,12.731172102369252,12.755223220803062,11471500
2021-11-12,13.027806282043457,13.091943113343193,12.899532619443981,12.995737101822249,7615700
2021-11-15,13.19616413116455,13.25228519332116,12.98772058829607,13.067890475948905,8762100
2021-11-16,13.220215797424316,13.332454861605608,13.11599402770491,13.196163914038655,6366400
2021-11-17,13.075910568237305,13.156082002186045,12.92358652579191,13.091945160855637,8121000
2021-11-18,12.963668823242188,13.132027423826159,12.899531995046969,13.075907890298168,10159000
2021-11-19,12.843413352966309,12.939617837365283,12.602899848254808,12.707122392448836,11805900
2021-11-22,12.98772144317627,13.148062758178547,12.875480840617717,13.059875570127236,6681700
2021-11-23,13.148062705993652,13.17211459126274,12.995737157574785,13.09194316950846,8232800
2021-11-24,13.107979774475098,13.244270753663438,13.027808340397911,13.14806472694223,5322800
2021-11-26,12.32229995727539,12.69910440187203,12.210060124003475,12.683069812302621,10727200
2021-11-29,12.32229995727539,12.618932983167618,12.210060124003475,12.530745034249813,9690500
2021-11-30,11.897393226623535,12.194026251356654,11.873342106934716,12.145923247407708,18227400
2021-12-01,11.753085136413574,12.37040307838964,11.753085136413574,12.250145949195842,13512800
2021-12-02,12.21005916595459,12.266179460472786,11.761101397236532,11.905409633752962,13781400
2021-12-03,11.977563858032227,12.234111937661062,11.841273670336397,12.177991639063746,14143700
2021-12-06,12.226094245910645,12.410487431477703,12.041701060343586,12.186008538091762,10028000
2021-12-07,12.418506622314453,12.482643458790118,12.242130704292075,12.274199122529907,9584700
2021-12-08,12.362387657165527,12.482644040013994,12.298250817703487,12.450575620282974,7201000
2021-12-09,12.370404243469238,12.49867791503341,12.210061389442632,12.234113276289458,6977600
2021-12-10,12.242130279541016,12.466609199417357,12.16195885444235,12.466609199417357,8025500
2021-12-13,11.961531639099121,12.21807898860106,11.897394801723635,12.17799327409853,8402400
2021-12-14,12.194025993347168,12.274197410041985,11.961529802417747,11.993598216181416,15309600
2021-12-15,12.330318450927734,12.458592121669698,12.081787640436639,12.290232737678023,15788400
2021-12-16,12.455849647521973,12.698811756898863,12.366763875437723,12.463948564717429,12740500
2021-12-17,12.050911903381348,12.447749539739382,11.945628306976223,12.374860836662359,25742600
2021-12-20,11.775553703308105,12.010416848680661,11.540690557935552,11.91323217877013,11740800
2021-12-21,12.204787254333496,12.245281063421274,11.921332135429376,11.945628111939977,8914600
2021-12-22,12.245281219482422,12.301972089514715,12.09140566981398,12.196689265841936,5892300
2021-12-23,12.358662605285645,12.504439225273273,12.318168799373208,12.350563689632136,6459900
2021-12-27,12.472046852111816,12.480145769399842,12.245282574533945,12.358665099500513,4493100
2021-12-28,12.488245010375977,12.553034805648968,12.399159234964435,12.423455215102985,4542900
2021-12-29,12.496343612670898,12.585429385835376,12.423454901738479,12.496343612670898,5322100
2021-12-30,12.496343612670898,12.674515158999853,12.480145778083577,12.504441757609296,4614800
2021-12-31,12.488245010375977,12.553034805648968,12.439652277743592,12.463949030237426,5027900
2022-01-03,12.79599380493164,12.941770422583524,12.544932830181297,12.55303174570504,10812500
2022-01-04,13.281917572021484,13.362905185115748,12.909375942027083,12.909375942027083,10338100
2022-01-05,13.298114776611328,13.52487977364185,13.290015861212721,13.362904555090026,11826400
2022-01-06,13.79213809967041,13.816433301678739,13.443892453589172,13.524880064607398,12749000
2022-01-07,13.946012496948242,14.043197936572238,13.727347961037031,13.76784099313277,11697800
2022-01-10,13.79213809967041,14.148481116614292,13.638261793206798,14.051297219160578,15486800
2022-01-11,13.775941848754883,13.840731636059424,13.573473570339397,13.759744015751155,14773600
2022-01-12,13.840731620788574,13.889323575035773,13.694954213336604,13.775941833555517,10962000
2022-01-13,14.035099983215332,14.124186513584384,13.881223670226134,13.962211284678885,12630800
2022-01-14,14.278060913085938,14.286159828793057,13.767841581219137,13.832631362165879,17087800
2022-01-18,14.13228702545166,14.407644018860756,14.018903734529397,14.342852684213497,14130500
2022-01-19,13.856928825378418,14.221370782770938,13.840730993127114,14.148482082350373,16133000
2022-01-20,13.508683204650879,14.02700148089503,13.46818862387536,13.792139091238266,18531600
2022-01-21,12.293874740600586,12.901279606877607,12.075208618010349,12.84458796082353,33069600
2022-01-24,12.66641616821289,12.698811062868977,11.94562879667097,12.220985787425304,24476000
2022-01-25,12.569231033325195,12.723106584332536,12.156195562011286,12.553033200400641,17131200
2022-01-26,12.496343612670898,12.763601704519592,12.285776397167302,12.73930495263861,17027300
2022-01-27,12.196691513061523,12.779799698315104,12.131900942344695,12.715009899953596,14739200
2022-01-28,12.293874740600586,12.301972885160973,11.953727953697035,12.156196242456042,12132200
2022-01-31,12.196691513061523,12.318172191900523,11.913235565963433,12.091407897635241,20704800
2022-02-01,12.601624488830566,12.642117521810867,12.139996343775197,12.204786123369793,19833200
2022-02-02,12.804092407226562,12.836487296173955,12.463945687101413,12.553031438617971,11443700
2022-02-03,12.609723091125488,12.957968748392167,12.601624947647638,12.812191352819115,9105600
2022-02-04,12.820289611816406,12.933672110603634,12.528735607962926,12.528735607962926,8448700
2022-02-07,12.820289611816406,12.949869169084618,12.715006028447212,12.836487442652475,6914200
2022-02-08,13.20093059539795,13.225227343910746,12.893179504454094,12.974167121453103,9847100
2022-02-09,13.071352005004883,13.26572137353275,13.063253088227418,13.209030500800926,7063300
2022-02-10,12.998462677001953,13.37100510739449,12.94177180698165,13.119944878143004,13317200
2022-02-11,12.893179893493652,13.192833622018657,12.795995213575482,12.868883916602906,11462400
2022-02-14,12.715006828308105,13.014659766429839,12.601625094743476,12.901278032865209,11140500
2022-02-15,13.128042221069336,13.168536802931113,12.86888384835055,12.91747580187433,6002200
2022-02-16,13.111845970153809,13.28191858032368,12.998462685330205,12.998462685330205,6522300
2022-02-17,12.85268783569336,13.063254284706982,12.804095875288402,12.957971446377814,13662200
2022-02-18,12.8364896774292,12.96606925725665,12.755502053859434,12.795995865644317,10190600
2022-02-22,12.820289611816406,12.933672110603634,12.682611139130158,12.763598748600334,10043700
2022-02-23,12.391057968139648,12.990364619320061,12.358663076645179,12.893179172481513,10860300
2022-02-24,12.115701675415039,12.156195485115088,11.645975336546897,11.945628292558975,18710600
2022-02-25,12.609723091125488,12.706907764055813,12.131897869951707,12.237181458715009,16817900
2022-02-28,12.569231033325195,12.593527010356842,12.229084265461408,12.245281326030778,17393400
2022-03-01,11.654074668884277,12.455848885668301,11.443507468813158,12.391059096777989,26745000
2022-03-02,12.220985412597656,12.301972260576331,11.783653961976208,11.791752878480631,11989300
2022-03-03,12.212884902954102,12.318168486712079,12.002317735438147,12.220983818402043,8297400
2022-03-04,11.953728675842285,12.010419552965928,11.751260374851821,11.913234861173137,14148600
2022-03-07,11.411112785339355,11.929431106044648,11.403013868489529,11.832246420912405,17039700
2022-03-08,11.492097854614258,11.864639476026237,11.32202448891846,11.654073077071285,14249500
2022-03-09,11.913232803344727,12.042812370018895,11.783653236670558,11.8322451879958,10998100
2022-03-10,11.832246780395508,11.905135489547973,11.65407523841753,11.72696317521475,10312200
2022-03-11,11.921332359313965,12.172392590133848,11.888937465906395,11.93752941984016,13213800
2022-03-14,12.180493354797363,12.391060580074857,12.042814843835565,12.131900621135134,12256700
2022-03-15,12.123799324035645,12.350563553345845,11.94562704340008,12.253378883641473,9501600
2022-03-16,12.496343612670898,12.496343612670898,12.261480417641584,12.285776397167302,16581400
2022-03-17,12.42680549621582,12.467710213938014,12.115931513989374,12.385901558686223,10356100
2022-03-18,12.369537353515625,12.467708192012676,12.132290965432965,12.34499483893948,21424600
2022-03-21,12.336813926696777,12.63132644662857,12.230461988339954,12.50043199332555,7589100
2022-03-22,12.614964485168457,12.745858932817594,12.467707841466956,12.533155065291522,9284800
2022-03-23,12.263184547424316,12.590421432742447,12.238642034587992,12.508612016364811,6619500
2022-03-24,12.385899543762207,12.443165671141733,12.205919283179092,12.312271219878548,8385500
2022-03-25,12.557699203491211,12.606784234562879,12.361356738627032,12.38590003435537,5816500
2022-03-28,12.344995498657227,12.484071055675047,12.1404727124772,12.484071055675047,6239200
2022-03-29,12.541336059570312,12.631325796536547,12.377718001362412,12.574059671211893,7172300
2022-03-30,12.181377410888672,12.565879686699365,12.099567984439476,12.52497575366728,7932100
2022-03-31,11.960493087768555,12.255005634895198,11.952311988633564,12.165015884987975,10430900
2022-04-01,11.813234329223633,12.189556240580487,11.739606790643037,12.132290117175884,12519200
2022-04-04,11.813234329223633,11.911405941049262,11.567807640236813,11.79687291404764,9498100
2022-04-05,11.75597095489502,11.968674863269616,11.731428436295674,11.73960953589299,8254300
2022-04-06,11.543267250061035,11.731428643154105,11.510543631287364,11.657800305865191,13351100
2022-04-07,11.330561637878418,11.616893044422193,11.142400285973702,11.526903307541426,16652600
2022-04-08,11.289657592773438,11.445094562023499,11.216029267268281,11.297838691205675,11862700
2022-04-11,11.289657592773438,11.584170114601575,11.232390683940267,11.289657592773438,13312700
2022-04-12,11.01968765258789,11.412371017396483,10.946059326638157,11.32238127467597,12205700
2022-04-13,10.995141983032227,11.027865589700477,10.847886143121263,10.921514453172907,12387200
2022-04-14,10.929697036743164,11.109677300846368,10.88061200665569,10.978782847023123,10599100
2022-04-18,11.060591697692871,11.101495627248974,10.856068929142566,10.872430344926519,9989000
2022-04-19,11.510542869567871,11.518723968768052,11.101497271869595,11.207849220894254,16990200
2022-04-20,11.649617195129395,11.862321070536941,11.567808552413593,11.608712483675255,19033900
2022-04-21,11.53508472442627,12.197738072908768,11.502361111910991,11.862320849579051,24290000
2022-04-22,11.256932258605957,11.73960606963603,11.240570064242458,11.73960606963603,17257000
2022-04-25,11.371466636657715,11.396009932818055,11.036049391058212,11.322381604722064,18895900
2022-04-26,11.101496696472168,11.494180855609583,11.101496696472168,11.216029738760689,14514300
2022-04-27,11.044229507446289,11.175123954555602,10.954239770106748,11.109676731000945,14194600
2022-04-28,11.1096773147583,11.207848155248668,10.946059247274357,11.158763125099728,13683000
2022-04-29,10.757898330688477,11.216029718836202,10.733355814596148,11.109677775512756,19427500
2022-05-02,10.847888946533203,10.937878693078794,10.618822860465748,10.815165331408213,20107900
2022-05-03,11.03604793548584,11.134218766601657,10.839706273254208,10.9542392996522,14721900
2022-05-04,11.371466636657715,11.379647735377828,10.962421062962221,11.052411588498439,13541100
2022-05-05,11.1342191696167,11.297838007591166,10.929696402341056,11.289656909653955,12934000
2022-05-06,10.921514511108398,11.142398662242732,10.798800400307254,11.117856152159433,11571900
2022-05-09,10.76607894897461,10.905154500945246,10.659727010397507,10.806983660764647,10334000
2022-05-10,10.716992378234863,10.954238736277993,10.397936608373122,10.83970571577041,17119600
2022-05-11,10.455205917358398,10.92969877816452,10.447025597835445,10.733357066146665,12081500
2022-05-12,10.537015914916992,10.594282055588463,10.275226951627241,10.397940333121149,15671400
2022-05-13,10.6760892868042,10.774260127716877,10.561556248976496,10.64336567316664,11637200
2022-05-16,10.561554908752441,10.757896565662733,10.471565177716656,10.651545419980618,9985900
2022-05-17,11.01968765258789,11.027867970877033,10.766079061004639,10.766079061004639,11209200
2022-05-18,10.790621757507324,10.986964223402081,10.708813111894306,10.978783124783027,11414000
2022-05-19,10.725175857543945,10.856071111086214,10.61064358345929,10.61064358345929,16014900
2022-05-20,10.6515474319458,10.88879384057385,10.43066244105458,10.79880331234741,14067500
2022-05-23,11.052411079406738,11.183305532129285,10.790621393769163,10.905154429997632,12716800
2022-05-24,10.978782653808594,11.076953492448327,10.733355167113023,11.076953492448327,9667200
2022-05-25,11.158763885498047,11.224211116951434,10.946059993178268,10.98696470788477,8335400
2022-05-26,11.297836303710938,11.34692132354658,11.101493883791397,11.101493883791397,11114400
2022-05-27,11.396010398864746,11.396010398864746,11.265115934759983,11.30601986964831,6586800
2022-05-31,11.355106353759766,11.45327720763063,11.150583546480648,11.330563835340199,17286600
2022-06-01,11.117856979370117,11.37146475621567,10.937876738252625,11.346922244306315,10562700
2022-06-02,11.289657592773438,11.31420010787766,11.044230101153746,11.183305653731821,11480700
2022-06-03,11.117856979370117,11.191485295290564,11.068771175359023,11.134218393912223,9761600
2022-06-06,11.207847595214844,11.420551462411824,11.158762567518586,11.21602869322837,9936100
2022-06-07,11.24875259399414,11.256933692217784,10.995144010408495,11.126039241409373,10826000
2022-06-08,11.060591697692871,11.166942850769678,11.011505889956121,11.166942850769678,7312200
2022-06-09,10.700631141662598,11.068771967415783,10.700631141662598,11.05241055170289,8414900
2022-06-10,10.185233116149902,10.520650311929339,10.160690603827417,10.47974638478933,17102600
2022-06-13,10.029796600341797,10.152509947478881,9.849816348373965,9.923444668733188,19305300
2022-06-14,10.013436317443848,10.22614022129296,9.898904046288619,10.078883552444715,15460500
2022-06-15,10.258864402770996,10.447025798887038,10.103427406146983,10.226140783471592,19258700
2022-06-16,9.807421684265137,10.155320147318614,9.774288534924644,10.122186997978119,15281700
2022-06-17,9.890256881713867,10.064206161063558,9.815707867669836,9.840557539017848,26544500
2022-06-21,10.039353370666504,10.19673641687367,9.973087074355034,10.089053487878388,10190400
2022-06-22,10.080771446228027,10.130470780596898,9.890255224596222,9.956522320349176,10024100
2022-06-23,9.890256881713867,10.072489648165163,9.716307602364179,10.064206161063558,10933600
2022-06-24,10.36240291595459,10.370686401088834,9.90682150300717,9.931671168453285,14079000
2022-06-27,10.246437072753906,10.453519473068148,10.188454253452052,10.453519473068148,7184700
2022-06-28,10.171887397766113,10.478369258916995,10.163604702026547,10.403820257520842,10035900
2022-06-29,10.138755798339844,10.263005732950313,10.047639811590939,10.205022114149376,11418800
2022-06-30,9.964805603027344,10.122188681030782,9.749440491482902,9.890255807126424,16300600
2022-07-01,10.022789001464844,10.064204851670892,9.666607002004538,9.832272772698852,20518500
2022-07-05,10.047638893127441,10.047638893127441,9.683173399534335,9.832272991454852,13911100
2022-07-06,10.047638893127441,10.10562171667132,9.873689632539078,9.973089097167183,12583800
2022-07-07,10.254720687866211,10.287853840736673,10.155321229254827,10.163604714961613,9425200
2022-07-08,10.163604736328125,10.320987015304505,10.089054944723696,10.320987015304505,9446100
2022-07-11,10.180171012878418,10.246437319377419,10.014505246630916,10.07248806732837,8468300
2022-07-12,10.221589088439941,10.428671522841215,10.064205995919169,10.105622640790783,11522600
2022-07-13,10.047638893127441,10.18845499883977,9.873689632539078,10.18845499883977,15210500
2022-07-14,9.848838806152344,9.881971957133617,9.724588897505093,9.840555320917867,12813900
2022-07-15,10.36240291595459,10.420385731981064,9.973087804167891,10.014504439882495,12764100
2022-07-18,10.420387268066406,10.644036659919806,10.362404443492593,10.511503248104788,11293100
2022-07-19,10.801416397094727,10.842833029122437,10.561200879281872,10.577767848075576,12855100
2022-07-20,10.735153198242188,10.784853329002077,10.577770899089964,10.710303527840633,15176100
2022-07-21,11.049919128417969,11.174168276476001,10.619187273897397,10.80970352953744,20004700
2022-07-22,10.784852981567383,11.141034212371206,10.71858587937007,11.091334873169163,12271700
2022-07-25,10.991935729980469,11.02506888708092,10.776569813849145,10.900818955486644,9184600
2022-07-26,10.668886184692383,10.958801093595998,10.627469543432802,10.917385242293145,8288900
2022-07-27,10.842836380004883,10.909102695745615,10.644037432782685,10.685453287653047,7928700
2022-07-28,10.801416397094727,10.933948987618157,10.668883806571296,10.842833029122437,13837400
2022-07-29,11.008502006530762,11.041635163911058,10.809703062248985,10.83455273279501,15653100
2022-08-01,11.058199882507324,11.074766062840778,10.834550523331018,10.933949975201612,10541900
2022-08-02,10.94223403930664,11.066483163229822,10.851118067760083,11.066483163229822,9812900
2022-08-03,11.091334342956543,11.141033679782748,10.92566778031795,11.008501061637245,9362600
2022-08-04,11.033349990844727,11.12446675218271,11.008500324096486,11.11618326661441,9957200
2022-08-05,11.141032218933105,11.248715154545756,10.983649953010993,11.04163276835757,9234600
2022-08-08,11.149314880371094,11.290130955773517,11.107898248201579,11.165881059264969,8352500
2022-08-09,11.2487154006958,11.2487154006958,11.09133313132977,11.182449098862037,8350600
2022-08-10,11.563483238220215,11.646316528462405,11.389533960677056,11.414383631766993,12067500
2022-08-11,11.753998756408691,11.886532179425426,11.6463165845151,11.6463165845151,12779200
2022-08-12,11.886529922485352,11.903096103493958,11.720863372659363,11.853396770511486,7707200
2022-08-15,11.894814491271973,11.92794764846383,11.704299034907983,11.770565349291699,6076000
2022-08-16,11.985930442810059,12.05219675264253,11.853397823145114,11.886530978061352,7031200
2022-08-17,11.869964599609375,11.911381242816379,11.762281643253868,11.853398416300632,9275500
2022-08-18,11.869964599609375,11.911381242816379,11.77056512988662,11.903097756183625,7477500
2022-08-19,11.662881851196289,11.811981446638038,11.580048567071598,11.787130987426584,10961900
2022-08-22,11.356399536132812,11.480648667683328,11.323266381722227,11.464082485456391,11709800
2022-08-23,11.364683151245117,11.488932284206204,11.348116178873388,11.38953281984599,10715300
2022-08-24,11.381248474121094,11.455798264250257,11.281849017267765,11.298415988388317,9006200
2022-08-25,11.604897499084473,11.621463679755264,11.381248135353992,11.414381286652215,9672000
2022-08-26,11.298417091369629,11.720864626747556,11.298417091369629,11.704298443966431,9266700
2022-08-29,11.157600402832031,11.248716378282872,11.058200941442923,11.232150196363037,8928200
2022-08-30,11.091334342956543,11.223866961102045,11.033350730050348,11.174166834319124,10047700
2022-08-31,11.099617004394531,11.223866925984721,11.05820115382118,11.107900490491886,19214100
2022-09-01,11.07476806640625,11.099617736380361,10.809702813464341,11.066484579762625,13193900
2022-09-02,11.033349990844727,11.339831847261895,10.958800200643344,11.223866209132334,13879400
2022-09-06,10.909101486206055,11.132750079544934,10.735152229183944,11.107900411386549,20313400
2022-09-07,11.223868370056152,11.265285015914912,10.834553162914705,10.86768632161035,12405100
2022-09-08,11.712580680847168,11.729146861861027,11.116183155171809,11.157599792641438,21315100
2022-09-09,11.712580680847168,11.828546317814144,11.671164043377539,11.753996528360142,15002200
2022-09-12,11.977646827697754,12.077046291376803,11.762280928081458,11.778847900339658,19089500
2022-09-13,11.61318302154541,11.894814462004861,11.580049074478298,11.712582492876413,22500900
2022-09-14,11.488931655883789,11.696014059464874,11.36468252971781,11.654597420757321,17437100
2022-09-15,11.811981201171875,11.944513821051812,11.530348988948647,11.563482143918632,28496600
2022-09-16,11.481195449829102,11.690553499024645,11.397451910695853,11.665430756739703,37161000
2022-09-19,11.749173164367676,11.799419446151605,11.313708849669695,11.355580618050043,20260100
2022-09-20,11.64030647277832,11.732424519672213,11.56493825073449,11.63193275830958,18028500
2022-09-21,11.489569664001465,11.85803946958115,11.489569664001465,11.707301422525228,18911300
2022-09-22,11.229965209960938,11.573312269984644,11.179719727275177,11.514692273972074,21893100
2022-09-23,11.045729637145996,11.129473171070654,10.802874347129519,11.095975917228296,23118900
2022-09-26,10.89499282836914,11.095976359433026,10.794501062837197,10.94523831181633,21225200
2022-09-27,10.769376754760742,11.045729289932664,10.635387743603143,10.903366564555842,21535300
2022-09-28,11.112726211547852,11.179720726877349,10.74425557859799,10.777752836262739,18674600
2022-09-29,11.028983116149902,11.095977634201237,10.802876018748409,10.945239569266908,18323200
2022-09-30,11.03735637664795,11.28021167665346,10.970361866207641,11.028981863183521,16952700
2022-10-03,11.280211448669434,11.347205957755719,10.98710987243878,11.162970658449664,20244400
2022-10-04,11.682177543640137,11.765921072438266,11.4225740419134,11.481194032889602,30663400
2022-10-05,11.489569664001465,11.62355868421226,11.380703385420805,11.506317892209035,24549000
2022-10-06,11.389079093933105,11.539816358168778,11.322084576797774,11.430950068164456,22501100
2022-10-07,11.062479019165039,11.31370883038126,11.003859022715023,11.296959803602654,21667200
2022-10-10,11.07922649383545,11.204841790219554,10.953611996088846,11.137847284936365,17346400
2022-10-11,10.953611373901367,11.121097627595779,10.886616872423602,10.995483136984333,16984600
2022-10-12,10.911741256713867,11.028982051302943,10.844746745130845,10.945238512505378,14409000
2022-10-13,11.63193130493164,11.657054042473899,10.694007517433874,10.777750242120549,30245900
2022-10-14,11.447697639465332,11.933408226183921,11.405825871926654,11.732424700363307,27258200
2022-10-17,11.598435401916504,11.807793435895952,11.447697361887293,11.564938148425293,17564000
2022-10-18,11.816167831420898,11.992028622046444,11.648681554310278,11.79941960302862,22121800
2022-10-19,11.405826568603516,11.824542672290741,11.363954798507276,11.724050903242317,19879800
2022-10-20,11.05410385131836,11.51469167817277,10.97036111829597,11.4141999193634,23522200
2022-10-21,12.1008939743042,12.151140252904833,11.31370813290264,11.31370813290264,41221500
2022-10-24,12.435867309570312,12.569856321075749,12.176263000800398,12.22650927943369,33353000
2022-10-25,12.427494049072266,12.494488561576354,12.234884226644821,12.343750509123362,19309800
2022-10-26,12.486114501953125,12.603355302417926,12.435869015066507,12.486114501953125,14198700
2022-10-27,12.477738380432129,12.703845438205619,12.452615640225355,12.594979165792921,15781200
2022-10-28,12.65359878540039,12.670347810801859,12.502861549974625,12.594978793770231,14443300
2022-10-31,12.712221145629883,12.829461143369365,12.553108579215463,12.569857606685439,17296900
2022-11-01,12.795963287353516,12.871332310160883,12.737343291231142,12.812712314038508,10520900
2022-11-02,12.544734954833984,12.938328343268587,12.536361239142932,12.728970276877064,16340400
2022-11-03,12.494485855102539,12.628474851086896,12.260005112129914,12.444239582289699,13878400
2022-11-04,12.879707336425781,12.896455565140206,12.594980260542314,12.653600258999177,16228700
2022-11-07,12.980199813842773,13.030446100006591,12.854585296389669,12.946702555946104,13719300
2022-11-08,12.963449478149414,13.055567527052926,12.854583999943062,12.929952223631103,14151300
2022-11-09,12.544734954833984,12.871333825914311,12.51961221048554,12.854585595894564,18651600
2022-11-10,12.712221145629883,13.022070966086151,12.603354862987802,12.946701939746434,29785600
2022-11-11,12.536358833312988,12.879705868521954,12.427492563845208,12.779214111775731,22359800
2022-11-14,12.527984619140625,12.678722657170878,12.469364625967751,12.519610106219497,16890200
2022-11-15,12.645225524902344,12.762465512367886,12.494487485432344,12.661973752267057,19620000
2022-11-16,12.477738380432129,12.678722697998847,12.469364666121546,12.636850931895884,12180300
2022-11-17,12.37724781036377,12.444242323111368,12.260007812374267,12.34375055398997,11747100
2022-11-18,12.469365119934082,12.62847687855107,12.385621584680377,12.57823139630888,9665200
2022-11-21,12.511236190795898,12.569856985405826,12.435867966818929,12.444241681502449,7490600
2022-11-22,12.687095642089844,12.720592893211132,12.553106637604698,12.594978401165672,7874000
2022-11-23,12.703845977783203,12.754091460330853,12.620102442020393,12.636851468627972,6720600
2022-11-25,12.762466430664062,12.888081738806617,12.69547191910973,12.69547191910973,4746400
2022-11-28,12.603353500366211,12.73734251108934,12.553107222026288,12.670348005727776,10430900
2022-11-29,12.812710762023926,12.84620801269881,12.620100971665249,12.670347246996302,11858400
2022-11-30,12.963449478149414,12.996947531305269,12.452616147085788,12.82946046007617,22373900
2022-12-01,13.05556869506836,13.181183211090731,12.81271337842419,12.94670240848475,17218100
2022-12-02,12.946701049804688,12.980198303804489,12.82108654696482,12.89645476948622,14368100
2022-12-05,12.469365119934082,13.013695703170534,12.393996097933256,13.005321189917655,14730400
2022-12-06,12.293502807617188,12.536358071318517,12.151139294553914,12.427491808467929,16716200
2022-12-07,12.285130500793457,12.569857578033332,12.193013245831327,12.226510502057337,23331500
2022-12-08,12.24325942993164,12.385622976680422,12.17626491365429,12.335376690153591,16459000
2022-12-09,12.184638977050781,12.318628004648266,12.17626446316654,12.226510747834396,13963300
2022-12-12,12.234885215759277,12.251634244558147,12.042276176398174,12.201387956799188,16965700
2022-12-13,11.899911880493164,12.36049976131155,11.791045596035174,12.243258962978885,36456000
2022-12-14,11.665430068969727,11.966905354527412,11.606809275577584,11.925033587429462,28774200
2022-12-15,11.506318092346191,11.57331260361687,11.397451811871948,11.53981534798153,17830200
2022-12-16,11.561370849609375,11.586781038162112,11.375034313387218,11.442793200695212,34659400
2022-12-19,11.595250129699707,11.713828584690843,11.502081862902868,11.569840749255048,12309100
2022-12-20,11.671480178833008,11.747709135101283,11.595251222564732,11.654540859523234,12853700
2022-12-21,11.857817649841309,11.900167160140688,11.773118629242553,11.80699807593211,10552200
2022-12-22,11.781587600708008,11.823937107081617,11.561370813764952,11.815467044256966,10250200
2022-12-23,11.900167465209961,11.908637529036918,11.75617961115068,11.815468442439885,9062800
2022-12-27,11.89169692993164,11.950985758870315,11.823938037501808,11.942516503128871,6714800
2022-12-28,11.840877532958984,11.942516680866115,11.815468149857065,11.891697106912549,6880000
2022-12-29,11.976395606994629,11.993334925743014,11.832407762759745,11.874757271255245,8330200
2022-12-30,11.942517280578613,12.01874543371229,11.849348191610064,11.908637832158167,9323500
2023-01-03,11.942517280578613,12.128853843016179,11.849348191610064,12.103444458638288,13366800
2023-01-04,12.162734031677246,12.238962997200089,12.027216229747665,12.069565744788113,12374200
2023-01-05,12.078035354614258,12.137324188788801,11.942517557786854,12.086505418853417,11069800
2023-01-06,12.366008758544922,12.391418138749227,12.08650315304867,12.14579197610859,12433600
2023-01-09,12.20508098602295,12.391418328456407,12.179671605429638,12.391418328456407,12233800
2023-01-10,12.255902290344238,12.298251802496036,12.15426394582978,12.205082714212129,9339200
2023-01-11,12.34060001373291,12.349070077374734,12.179672843286893,12.26437105645595,11205900
2023-01-12,12.408360481262207,12.484589448208158,12.323662257349906,12.366011773180972,10520600
2023-01-13,12.349068641662598,12.366008766976773,11.967924707339606,12.272839693248072,18410700
2023-01-17,12.281310081481934,12.349068969035654,12.205081131046583,12.315189525258793,17971600
2023-01-18,11.917107582092285,12.27284220911741,11.90016826105527,12.20508330946975,16754200
2023-01-19,11.874757766723633,11.96792604310138,11.671480279013522,11.815468129256228,24312500
2023-01-20,11.950987815856934,12.238963562124546,11.646072747441147,12.001807397801157,24914200
2023-01-23,12.484587669372559,12.501527796391246,11.959455848039013,12.010275421345357,20103700
2023-01-24,12.433768272399902,12.552345924510194,12.357539320186332,12.501527161534261,11088500
2023-01-25,12.493058204650879,12.493058204650879,12.247432007852478,12.374479734291402,13122500
2023-01-26,12.637046813964844,12.662456199221198,12.518468336518866,12.61163742870849,11508700
2023-01-27,12.713274002075195,12.755623510088206,12.620104922896633,12.63704504920171,11921800
2023-01-30,12.569287300109863,12.72174521969198,12.560817236188688,12.653985516072341,9499000
2023-01-31,12.848793029785156,12.874202413961628,12.493058420315514,12.560817316619277,29536400
2023-02-01,12.891140937805176,13.018188650628131,12.645514767331047,12.704803592281806,16821200
2023-02-02,13.128300666809082,13.212999703888448,12.831854844781182,12.958903400400231,16912900
2023-02-03,13.085947036743164,13.187585364654321,13.001248834025349,13.043597531509443,12975700
2023-02-06,13.009719848632812,13.04359929585257,12.916551570715914,13.009719848632812,9788000
2023-02-07,13.18758773803711,13.229937250892513,12.950431596896527,12.992781109751931,12364900
2023-02-08,13.077479362487793,13.204527901391845,13.035130657269551,13.085949426631352,9641100
2023-02-09,12.925021171569824,13.153707230175733,12.865731535246306,13.128297847608346,10169100
2023-02-10,12.89961051940918,12.941960027338398,12.789502929642767,12.882671200887302,7695800
2023-02-13,13.026660919189453,13.06054036886193,12.83185347776036,12.848793606471496,8589100
2023-02-14,13.001252174377441,13.05207094751484,12.84032417469273,13.00972143140045,9903900
2023-02-15,13.052069664001465,13.077479048071458,12.857263039881923,12.891142487891834,8182600
2023-02-16,12.992779731750488,13.060538622032784,12.865731206658916,12.9334909046909,8596400
2023-02-17,13.043600082397461,13.069010275156847,12.814914001811486,13.01819069738786,12383900
2023-02-21,12.730213165283203,13.009718783908706,12.662454276389122,12.992779465560021,10887700
2023-02-22,12.645515441894531,12.764093098121464,12.586225806031363,12.713274333381264,15023100
2023-02-23,12.781033515930176,12.814912962445078,12.6201055391721,12.713274622900371,9539600
2023-02-24,12.950430870056152,12.967370997347462,12.628575721268819,12.67939529539302,10727700
2023-02-27,12.96737289428711,13.162179540136208,12.933493442498143,13.077480506788868,10134800
2023-02-28,12.975839614868164,13.05206856842935,12.933490914222784,12.992779741326068,14643200
2023-03-01,12.95889949798584,13.009718258730105,12.814911662961025,12.967369560693097,11757700
2023-03-02,12.679394721984863,12.882671393789305,12.526936814256686,12.857262011751173,11208400
2023-03-03,12.891140937805176,12.916550318819835,12.62010457856673,12.730212973296464,14027400
2023-03-06,12.85726261138916,13.009719718477953,12.806443037193077,12.908081377835515,11530800
2023-03-07,12.238961219787598,12.81491260209515,12.205081774225372,12.81491260209515,18582400
2023-03-08,12.230490684509277,12.340599080275075,12.171201859000643,12.247430810511554,17392800
2023-03-09,11.63759994506836,12.162731732136619,11.620660626904693,12.086503588775626,20986200
2023-03-10,11.324217796325684,11.586784161227717,10.722856903566061,11.2141093728345,43247700
2023-03-13,9.418495178222656,10.129964375010113,8.944182918864174,10.129964375010113,79742800
2023-03-14,9.359204292297363,11.247984466710319,9.062758589490608,11.027768512817689,67471600
2023-03-15,9.189810752868652,9.198280010342588,8.419051780249122,9.045822875063346,71165700
2023-03-16,9.42696475982666,9.537073159198364,8.554568435881245,9.105109624990071,47780600
2023-03-17,8.881534576416016,9.190755983678434,8.804229019810968,9.122040115397896,80446700
2023-03-20,9.1392183303833,9.353955596254695,8.97601754959275,9.087681026144795,30271000
2023-03-21,9.654586791992188,9.723302648086552,9.362543994012324,9.542923321049438,34061900
2023-03-22,9.156394958496094,9.6374066932363,9.12203703595447,9.6374066932363,25852000
2023-03-23,9.173575401306152,9.508564980442165,9.12203810189268,9.233701567990547,38668600
2023-03-24,9.259469985961914,9.293827913178268,8.94165895442125,9.027554182040932,21344900
2023-03-27,9.551511764526367,9.809196600916104,9.414080070227177,9.611637925992884,24809600
2023-03-28,9.551511764526367,9.65458553525076,9.396900698861021,9.54292207884329,14751700
2023-03-29,9.74048137664795,9.75765992995512,9.603049673560317,9.663175838871764,14239500
2023-03-30,9.568692207336426,9.903681794911417,9.50856521997974,9.886503240779225,15931100
2023-03-31,9.620227813720703,9.70612303404043,9.474206430671682,9.671765109744046,15360500
2023-04-03,9.594460487365723,9.783429498538563,9.448439090435475,9.680355715850908,17960900
2023-04-04,9.431259155273438,9.663175766874042,9.216521916009569,9.645996394537304,17010600
2023-04-05,9.482796669006348,9.525744281668356,9.199343572257707,9.242291184919715,16483100
2023-04-06,9.611639976501465,9.740482831761907,9.465619384525265,9.577282045596885,14406000
2023-04-10,9.706123352050781,9.860733606871383,9.474206741083544,9.534333724940359,16774200
2023-04-11,9.792016983032227,9.877912199385532,9.680354348593418,9.706122585836413,10479400
2023-04-12,9.723302841186523,9.929451232721245,9.680356044642858,9.826376627375065,14995200
2023-04-13,9.731890678405762,9.834964445002946,9.55151138207132,9.706122441545835,14317400
2023-04-14,9.800607681274414,9.9466290726701,9.688944216139033,9.929450519118737,13932800
2023-04-17,10.058293342590332,10.092651271599685,9.568692649417644,9.86932432346007,16107100
2023-04-18,9.9638090133667,10.084061352553967,9.86932409639656,10.075471665709841,18141000
2023-04-19,10.16995620727539,10.212903820753068,9.852145178192734,10.006755439891739,15951900
2023-04-20,9.98957633972168,10.341745276496827,9.877912878449003,10.221492129166817,15658600
2023-04-21,9.826375007629395,9.955217833495295,9.774838532609037,9.955217833495295,13493200
2023-04-24,9.620227813720703,9.85214441708945,9.594459575287797,9.834965045362493,14696900
2023-04-25,9.396902084350586,9.585871101452529,9.285239430636965,9.448439386890255,18822200
2023-04-26,9.30241584777832,9.499974506432853,9.207931770517641,9.36254200429353,16139300
2023-04-27,9.577281951904297,9.628819257335833,9.345366125356588,9.37972405592505,10426300
2023-04-28,9.620227813720703,9.766249196769722,9.491385802398641,9.534333412558505,17237600
2023-05-01,9.439848899841309,9.663175826655154,9.405490974112837,9.628817900926682,14412600
2023-05-02,8.847174644470215,9.38831259935188,8.658205639791479,9.38831259935188,26016500
2023-05-03,8.649616241455078,9.036143950069494,8.623848000599986,8.93306934833391,17779700
2023-05-04,8.108478546142578,8.409111036655228,7.910920660894223,8.400521349690264,45813300
2023-05-05,8.460648536682129,8.555132638028226,8.177195413486183,8.469237404689844,28418300
2023-05-08,8.37475299835205,8.726921967730354,8.331805383246927,8.658206111225203,13031500
2023-05-09,8.417699813842773,8.443468052795021,8.185783205799902,8.288856980766441,13079900
2023-05-10,8.228732109069824,8.580901100299691,8.125658317916523,8.53795348252973,17353900
2023-05-11,7.971045970916748,8.177194340035472,7.92809835988545,8.022583267985816,18104100
2023-05-12,7.971045970916748,8.048351506941577,7.842203956980399,8.031172954023585,14216600
2023-05-15,8.211552619934082,8.228731173594534,7.9538677617666425,7.979636001836112,14622400
2023-05-16,8.14283561706543,8.348983986720384,8.14283561706543,8.340394300660272,12304600
2023-05-17,8.623846054077148,8.658203973848076,8.29744540667462,8.323213641713462,14795200
2023-05-18,8.787047386169434,8.795637072287644,8.503594297528972,8.60666889263237,17851300
2023-05-19,8.73551082611084,8.898710765043354,8.598079126134502,8.855763973168909,14660400
2023-05-22,9.044732093811035,9.07050115176166,8.709742532028338,8.81281630635821,12161200
2023-05-23,9.044732093811035,9.319596311181568,9.044732093811035,9.079090018587658,13371000
2023-05-24,8.898710250854492,9.018963390964046,8.838584090378465,8.924479307479217,9415100
2023-05-25,8.950247764587402,8.967426316934619,8.761278773822907,8.778458145327642,10914500
2023-05-26,9.036144256591797,9.044733124396439,8.829995865285314,8.950249025284293,8904300
2023-05-30,9.13062858581543,9.156396828194042,8.898711946934952,9.061912726700694,10769700
2023-05-31,8.85576343536377,9.061910972809063,8.795636455907436,9.036142735417775,19825500
2023-06-01,8.984606742858887,9.139217827916347,8.778459175554016,8.924480573851037,10527100
2023-06-02,9.353957176208496,9.405493669994241,9.130630185382797,9.242293680795646,13303000
2023-06-05,9.25088119506836,9.431259700078474,9.070501870900637,9.414081145906962,13727900
2023-06-06,9.680354118347168,9.706122354977268,9.164984470800333,9.199342392692955,14275600
2023-06-07,9.809199333190918,9.869325511405107,9.577282670094348,9.731893778825395,15134000
2023-06-08,9.620227813720703,9.800607121066108,9.508564354968067,9.774838882633201,13118100
2023-06-09,9.405491828918457,9.628818776029076,9.36254421306524,9.603050534180202,11068300
2023-06-12,9.414079666137695,9.731890650352248,9.276647977737616,9.40548998082332,18713000
2023-06-13,9.654586791992188,9.740482021688955,9.31959719832156,9.362543994012324,24021200
2023-06-14,9.30241584777832,9.749069636626865,9.216520636335925,9.65458474020874,26056600
2023-06-15,9.489773750305176,9.524630552512608,9.202204924330934,9.271918528745797,15633200
2023-06-16,9.515913963317871,9.559485163854339,9.3503435674896,9.507199557000273,25616400
2023-06-20,9.341631889343262,9.472344686446586,9.254489470573247,9.454916701323603,12446400
2023-06-21,9.271918296813965,9.37648870082049,9.24577507252356,9.306775098149473,9865900
2023-06-22,8.984349250793457,9.263203654424508,8.949492450339575,9.263203654424508,14778800
2023-06-23,8.89720630645752,8.958205495871153,8.818778302324773,8.853635100711369,13095300
2023-06-26,9.019206047058105,9.132490025191846,8.932063630438039,8.966920430875732,9015500
2023-06-27,9.184774398803711,9.237060007912579,8.940776828749303,9.019204826886826,8574100
2023-06-28,9.193489074707031,9.219631464501203,9.027918666890239,9.1412034640671,11647900
2023-06-29,9.402630805969238,9.481058814334078,9.289345997336877,9.332917205434196,11253100
2023-06-30,9.39391803741455,9.498488456465058,9.33291883406471,9.463631650114888,11015700
2023-07-03,9.533343315124512,9.637914543862617,9.411344933349465,9.454916140148402,6414200
2023-07-05,9.402630805969238,9.498486798942002,9.35034519004212,9.402630805969238,10132200
2023-07-06,9.298059463500977,9.306773870448218,9.106346665919586,9.298059463500977,13311400
2023-07-07,9.489773750305176,9.585629748612686,9.280632106008866,9.280632106008866,14061600
2023-07-10,9.446203231811523,9.559488055047849,9.402632018097277,9.428774413905114,13061500
2023-07-11,9.611770629882812,9.637913850712966,9.437486646273053,9.498485832773572,9505300
2023-07-12,9.71634292602539,9.881913366221973,9.655343727559151,9.759914138237741,14471800
2023-07-13,9.881912231445312,9.92548343865422,9.698913826009226,9.72505621791391,9524300
2023-07-14,9.803484916687012,10.003911320523345,9.716342496117997,10.003911320523345,16241900
2023-07-17,9.934196472167969,9.951625286519388,9.742484500612013,9.759912483911823,8883900
2023-07-18,10.152052879333496,10.186909681153244,9.829627254737893,9.881912872993372,10155800
2023-07-19,10.352479934692383,10.38733673591148,10.099767918091,10.1520527043938,17346300
2023-07-20,10.335050582885742,10.369907382298193,10.143338601643087,10.343764990501768,19897700
2023-07-21,10.265336990356445,10.465764210389697,10.108481808430044,10.413478595713128,18557900
2023-07-24,10.55290699005127,10.648763822652322,10.308909366347379,10.326338183566389,14726000
2023-07-25,10.430907249450684,10.718476048090157,10.396050450556555,10.701047233117272,15519400
2023-07-26,10.605191230773926,10.735904018701953,10.535477633072093,10.622619214673565,10866500
2023-07-27,10.457048416137695,10.709760386285629,10.430906027791783,10.657474778542262,12330700
2023-07-28,10.605191230773926,10.683619235951397,10.491906426745539,10.544192040547731,10303900
2023-07-31,10.666192054748535,10.709763267748924,10.552907233368227,10.622620841748144,21869300
2023-08-01,10.666192054748535,10.701048858938494,10.5267648379887,10.640049659369007,13153500
2023-08-02,10.509336471557617,10.587763654861435,10.352480442846511,10.56162126042683,12918100
2023-08-03,10.640048027038574,10.666190418407497,10.396050435141467,10.483192016721757,10419000
2023-08-04,10.62261962890625,10.744618845167679,10.535478043906663,10.613906052142461,9197100
2023-08-07,10.692333221435547,10.770760392466116,10.613905219353372,10.622618795433477,6957000
2023-08-08,10.457048416137695,10.500619617415245,10.169479651178033,10.500619617415245,15697200
2023-08-09,10.369906425476074,10.474477645116384,10.265336036887337,10.335049629279828,10629600
2023-08-10,10.422194480895996,10.491908089646998,10.352480872144994,10.387337676520495,9731200
2023-08-11,10.457048416137695,10.500619617415245,10.352478031702503,10.369906013582598,8735600
2023-08-14,10.195623397827148,10.369907395104638,10.169481005998438,10.343765003275927,8796700
2023-08-15,9.847054481506348,10.056195258662028,9.812197685313736,10.021338462469414,10999200
2023-08-16,9.873197555541992,9.92548316898243,9.768627159712748,9.820912773153186,19119800
2023-08-17,9.794769287109375,9.95162529215453,9.777341303799696,9.881911696812596,9389600
2023-08-18,9.707629203796387,9.812199612917048,9.611772372146977,9.672772400756166,8409700
2023-08-21,9.707629203796387,9.777342809876828,9.585629977629745,9.725057189790627,8330200
2023-08-22,9.280631065368652,9.733770274306337,9.280631065368652,9.67277108504612,12404700
2023-08-23,9.489773750305176,9.498487327568245,9.228347318223578,9.271918528745797,8981400
2023-08-24,9.542057991027832,9.646628391654927,9.428773182585562,9.428773182585562,7921700
2023-08-25,9.454917907714844,9.62920193644078,9.393917874371914,9.54205950655191,8754700
2023-08-28,9.603057861328125,9.664057052956897,9.489773054694936,9.533343430971684,6119300
2023-08-29,9.707629203796387,9.742486006836607,9.524630780072295,9.585629977629745,7232400
2023-08-30,9.585627555847168,9.707626751191047,9.57691314952585,9.690197938548408,11357000
2023-08-31,9.664058685302734,9.742486705530725,9.594345074222698,9.63791628891067,10468500
2023-09-01,9.77734088897705,9.873196870742431,9.742484092784952,9.759912075355214,9462500
2023-09-05,9.725057601928711,9.89062804667527,9.716343193036414,9.733772010821008,11247300
2023-09-06,9.515913963317871,9.664055546510944,9.446200374880135,9.655341140193345,12687000
2023-09-07,9.3154878616333,9.585628671679718,9.26320307972214,9.4636294621343,21316700
2023-09-08,9.472342491149902,9.53334167152081,9.228344938614764,9.332915318272681,17559600
2023-09-11,9.36777400970459,9.646628411963912,9.341631617255697,9.576914811399082,16200000
2023-09-12,9.542057991027832,9.568200383421688,9.289345981749436,9.393916382376531,17197900
2023-09-13,9.289346694946289,9.672772357735111,9.245775483576868,9.620486737881459,16084500
2023-09-14,9.463629722595215,9.550772136247677,9.393916124093904,9.411344939245055,17098000
2023-09-15,9.459211349487305,9.503413441086055,9.291244413113782,9.379647753226509,23889600
2023-09-18,9.361966133117676,9.441529718421059,9.31776404760639,9.423848546982681,9506300
2023-09-19,9.344285011291504,9.41500801125119,9.282402597097942,9.379646511271348,10483300
2023-09-20,9.282402038574219,9.503411610921225,9.273561453340033,9.450368942600715,10811900
2023-09-21,9.185158729553223,9.36196623035001,9.114435729234508,9.211679643901574,12166800
2023-09-22,9.114434242248535,9.211678141050623,9.06139157912088,9.202837556681924,10809200
2023-09-25,9.202839851379395,9.220521024525532,9.087914755183723,9.10559592832986,8930900
2023-09-26,9.034871101379395,9.211678581790187,9.00834934700435,9.096753508752029,12385800
2023-09-27,8.946466445922852,9.070232096922709,8.875743457661368,9.02603001848815,10596900
2023-09-28,9.026031494140625,9.123275408127297,8.955308494316743,8.990669994228684,16940000
2023-09-29,9.193999290466309,9.300084643469729,9.08791478054763,9.096755367145372,12991200
2023-10-02,8.866904258728027,9.255881598024763,8.82270217338731,9.193998341313895,13651800
2023-10-03,8.70777702331543,8.840382422417871,8.654734357823713,8.822701252892443,10998600
2023-10-04,8.743139266967773,8.760819594920601,8.592852685487864,8.707777767977479,9576900
2023-10-05,8.866904258728027,8.893426015783252,8.64589467510909,8.69009676044981,21903200
2023-10-06,8.946466445922852,8.999509108661226,8.69893598700766,8.787339300792253,17153300
2023-10-09,8.902266502380371,8.972989507602252,8.787341408123634,8.805022580971466,11724900
2023-10-10,9.052553176879883,9.185159445121643,8.964149841136773,9.008351087465963,14069800
2023-10-11,8.981828689575195,9.211678842147965,8.911105695411973,9.061392268779969,19482200
2023-10-12,8.866904258728027,8.999510514750183,8.787340673731666,8.990669929065108,16563100
2023-10-13,8.796180725097656,8.990669382931918,8.769659812738084,8.94646730027623,17412100
2023-10-16,8.999509811401367,9.008349553310925,8.849223238839233,8.902265062634934,11311600
2023-10-17,9.17631721496582,9.255880793042554,8.884584657407522,8.955307650568045,12099700
2023-10-18,8.937627792358398,9.132116473633902,8.884585961246255,9.087914385650645,19147500
2023-10-19,8.866904258728027,9.105595013717114,8.849223930442534,8.928787515438895,16990800
2023-10-20,8.522130966186523,8.813863587399814,8.318801684170882,8.504449792496136,29537400
2023-10-23,8.460246086120605,8.69009624170396,8.460246086120605,8.557490836682197,20505600
2023-10-24,8.424884796142578,8.575171375181695,8.345321213935442,8.504448378349714,18227000
2023-10-25,8.371842384338379,8.416044465036995,8.177353735115204,8.354161214825107,25825400
2023-10-26,8.584012031555176,8.63705470116019,8.354161868407834,8.398363952564575,14788100
2023-10-27,8.345320701599121,8.575170848734402,8.26575796736113,8.56633026390199,14504400
2023-10-30,8.45140552520752,8.530968254661136,8.33648045855071,8.477926435025392,15345000
2023-10-31,8.530970573425293,8.53981116012901,8.389524558504815,8.451407822346088,12410100
2023-11-01,8.513288497924805,8.557490579297456,8.416044593372636,8.495607328141913,15943300
2023-11-02,9.140958786010742,9.16747970657498,8.61937590409984,8.61937590409984,27559500
2023-11-03,9.3884859085083,9.547613059815331,9.308922332854785,9.308922332854785,21301000
2023-11-06,9.282402038574219,9.450368942600715,9.193997872401573,9.406167702599003,10244700
2023-11-07,9.22935962677002,9.300083467524567,9.176317800059902,9.247040797729815,9800100
2023-11-08,9.158636093139648,9.255880841558524,9.132115181336584,9.247040256595973,9085600
2023-11-09,9.008350372314453,9.229359958753896,8.964149129494297,9.176318130135842,12306100
2023-11-10,9.079071998596191,9.096752322789966,8.946465773262814,9.052550247678841,9981400
2023-11-13,9.043710708618164,9.09675337349501,8.928786480373352,9.008349213061786,8712800
2023-11-14,9.565295219421387,9.697901485288972,9.326605289795284,9.370807378417812,17548300
2023-11-15,9.724422454833984,9.759783957309992,9.574135858539773,9.574135858539773,13393300
2023-11-16,9.644859313964844,9.768624999953834,9.565295718906548,9.72442290902314,11669700
2023-11-17,9.795145034790039,9.821665949725164,9.653699031023129,9.803985620796642,9397000
2023-11-20,9.786303520202637,9.821665017789062,9.644857529856937,9.768623192951727,11756700
2023-11-21,9.636017799377441,9.7421031446308,9.574135383883549,9.724421972727013,9713100
2023-11-22,9.609496116638184,9.73326178081959,9.538773120844413,9.706740025083466,6418900
2023-11-24,9.618335723876953,9.680218128133056,9.565293060882777,9.644856633831779,4313900
2023-11-27,9.547616004943848,9.591818098728991,9.485732736410721,9.547616004943848,9539300
2023-11-28,9.644859313964844,9.653699900767934,9.485732123848251,9.547615388385127,13339700
2023-11-29,9.839346885681152,9.971952300260103,9.697900885307694,9.724421799606553,22493400
2023-11-30,9.95427131652832,10.042674639400362,9.812825325465367,9.883548320996844,20168000
2023-12-01,10.378609657287598,10.378609657287598,9.910069584526527,9.945431083544634,21443000
2023-12-04,10.413971900939941,10.48469490403309,10.272525894753647,10.299046810142404,17012800
2023-12-05,10.290206909179688,10.422812327173508,10.237164236131347,10.37861024014734,11801600
2023-12-06,10.34324836730957,10.546577623086504,10.334407781605213,10.369769281337986,13314300
2023-12-07,10.48469352722168,10.537736194118523,10.325567212700332,10.38744962150949,19977700
2023-12-08,10.599618911743164,10.65266158018538,10.440492592585736,10.49353441794334,15732300
2023-12-11,10.564258575439453,10.670343080904164,10.537737659844451,10.58193974789259,10608300
2023-12-12,10.475855827331543,10.59078008235474,10.449334067171034,10.573099751999154,12797900
2023-12-13,10.900193214416504,10.917874386788748,10.413971934280926,10.458174022126833,20124700
2023-12-14,11.651623725891113,11.704665545673206,11.200764042320701,11.200764042320701,41934200
2023-12-15,11.504023551940918,11.826065201300304,11.432458930553851,11.61137048402152,33169400
2023-12-18,11.351947784423828,11.62926131421135,11.343002847166831,11.620315523836826,16982300
2023-12-19,11.432458877563477,11.486132769913786,11.289329635452757,11.360894256508116,19502300
2023-12-20,11.155145645141602,11.521914523604316,11.155145645141602,11.414567597209194,18022700
2023-12-21,11.307219505310059,11.351946746859564,11.173035221309195,11.262491410643104,19480800
2023-12-22,11.32511043548584,11.459294721905898,11.253545823975461,11.396675046996219,11808100
2023-12-26,11.477187156677246,11.512969467758861,11.271439081237359,11.334057912350787,12775900
2023-12-27,11.450349807739258,11.504022843917422,11.316165511058792,11.40562170884577,13942300
2023-12-28,11.459295272827148,11.495077580302622,11.423512965351676,11.44140369253066,8090700
2023-12-29,11.378785133361816,11.459295540340493,11.360893552647655,11.423513232029695,18676900
