Date,Close,High,Low,Open,Volume
2008-01-02,26.493867874145508,27.51165636329238,26.387064240698816,27.360872084540503,22122300
2008-01-03,26.31167221069336,26.795435322681108,26.23627887612028,26.600672803319377,17150700
2008-01-04,25.714818954467773,26.26140739466302,25.526340429914356,26.016385073080134,25873800
2008-01-07,25.9724063873291,26.123190642379242,25.231055459654293,25.821622132278957,25644100
2008-01-08,24.94205665588379,26.123192480894293,24.766141279838862,26.047799149745927,33646000
2008-01-09,25.29388427734375,25.344146501413206,24.213272822832717,24.87294893561844,33546300
2008-01-10,25.96613311767578,26.475025048467668,24.690756508684863,24.98604113780572,41863600
2008-01-11,25.670848846435547,26.449894300552998,25.375564213198086,25.683414404938762,37520500
2008-01-14,25.9849796295166,26.230002019409945,25.50749801111945,25.928435816723123,22817000
2008-01-15,24.609067916870117,25.58915935267125,24.40802388849561,25.58915935267125,45240000
2008-01-16,26.028961181640625,26.795443541798097,25.262478821483157,25.419544721736052,63183100
2008-01-17,25.155677795410156,26.18602982556375,25.004893460849186,26.116920438749794,39647200
2008-01-18,24.872947692871094,25.551470907463877,24.200706057655765,25.28131985480996,51919100
2008-01-22,25.670848846435547,26.387068904672155,23.660405021990623,23.660405021990623,57178600
2008-01-23,28.72420883178711,28.994362336463926,25.13054073916349,25.381847105209175,77137000
2008-01-24,28.24672508239746,28.906401247653864,27.80694017334821,28.793316027772292,52062600
2008-01-25,27.417421340942383,28.799601650555616,27.147267818746535,28.6927955992377,38410900
2008-01-28,28.62996482849121,28.655095941335727,27.26663431124631,27.511656669893284,29739100
2008-01-29,29.811113357543945,30.031004696199954,28.114800870394117,28.862433818460385,56112700
2008-01-30,29.74827766418457,30.96711046578838,29.101166984824335,29.591211779164304,68343800
2008-01-31,29.77969741821289,30.276023871095827,28.80588686140409,29.157715361689796,55500600
2008-02-01,30.31371307373047,30.596432120584485,29.465558329803404,29.69173117065163,48834500
2008-02-04,29.0383358001709,30.244600406251738,28.918964217507774,30.04984028150197,28310200
2008-02-05,27.57448387145996,28.57342290479005,27.549352756960275,28.303269415505905,39045100
2008-02-06,27.46768569946289,28.108514867004033,27.1849665966307,27.813230204419803,27274800
2008-02-07,28.340972900390625,28.63625757516053,27.17240215821717,27.26035868347572,36818000
2008-02-08,27.530506134033203,28.24672613421767,27.178677714365815,28.24672613421767,26058300
2008-02-11,27.235219955444336,27.643592161945215,26.902241089507708,27.574482798078765,25874000
2008-02-12,27.210100173950195,27.92632036806235,26.858271659019803,27.429991497884387,27193400
2008-02-13,27.7064151763916,27.750393422970422,27.02160796970536,27.360870783286,26533400
2008-02-14,26.77031135559082,27.706422741671986,26.68235483841652,27.6750100422005,31180000
2008-02-15,27.172395706176758,27.172395706176758,26.393347930832867,26.644654283301218,29031400
2008-02-19,26.908517837524414,27.67499742094202,26.493861765718584,27.354584197841632,25811900
2008-02-20,27.109567642211914,27.228936829710214,26.292823275573276,26.61952054290178,30149700
2008-02-21,27.05929946899414,27.448822034287833,26.525276635875926,27.10327770717403,32878200
2008-02-22,27.59962272644043,27.656166551605285,26.33052984790144,27.05303401427061,30452700
2008-02-25,27.66243553161621,27.932588973593898,26.86454076073265,27.285478466669687,27917200
2008-02-26,27.46768569946289,27.982861666119117,27.272923118259502,27.473967281021178,24989300
2008-02-27,27.901180267333984,27.951442494707166,26.776588094525597,27.05930713191247,38566000
2008-02-28,26.66349983215332,27.656157228956715,26.63208713912527,27.643591672418527,36606500
2008-02-29,25.53891372680664,26.36822140356196,25.3692822842928,26.31167758939068,36856600
2008-03-03,25.0174503326416,25.52634458881894,24.772427971138203,25.476082362543956,31481900
2008-03-04,24.621646881103516,24.866671671008824,24.012232886636422,24.73473450824899,56449300
2008-03-05,24.338924407958984,24.86666574328976,23.94311780730225,24.728447032697183,36325600
2008-03-06,23.47821044921875,24.018517537615878,23.33999408464506,23.987104836423473,44356900
2008-03-07,23.597585678100586,24.552546799543368,23.00073467761937,23.176647748509723,43258700
2008-03-10,22.91905403137207,24.03736238417915,22.812250378187237,23.704383469384965,41281300
2008-03-11,24.401756286621094,24.665625826249503,23.346273334836994,24.175581026005183,58401200
2008-03-12,24.25725555419922,25.2750418133821,24.12532078658268,24.40803746100806,44572400
2008-03-13,23.943119049072266,24.470860411773472,23.013289485576756,23.77348763999316,45537900
2008-03-14,22.95674705505371,24.376621398577246,22.623765796597436,24.376621398577246,77776000
2008-03-17,25.325305938720703,25.815350767412042,23.245752612490268,23.245752612490268,125296300
2008-03-18,26.8331298828125,26.939935909625916,25.915865871990157,26.506432619375488,76994300
2008-03-19,26.682344436645508,28.202740547403643,26.66349490700259,27.178670646733394,70593300
2008-03-20,28.881269454956055,29.182835601344138,26.921085908481476,26.958782575517994,72777200
2008-03-24,29.245664596557617,30.257169185651314,28.28442223638944,28.535726191112076,66011200
2008-03-25,28.93780517578125,29.308480576567714,28.215301504145838,28.912674071441895,54485500
2008-03-26,27.71270751953125,28.504318593586767,27.624750999817902,28.441493192830208,41122700
2008-03-27,26.9273681640625,27.951438118423475,26.927368164062504,27.781806722550098,32154500
2008-03-28,26.8331298828125,27.543068212908988,26.795435611754016,27.140980010720273,29011900
2008-03-31,26.98391342163086,27.80065535964956,26.77030377045969,26.833129151601643,28920400
2008-04-01,29.52838897705078,29.52838897705078,28.05825206828539,28.353536724979232,54562600
2008-04-02,29.28769874572754,30.123766046833783,29.09768147315522,29.81974179335606,36597900
2008-04-03,29.313026428222656,29.78806468235074,28.704978042819395,28.736646776527365,30314400
2008-04-04,28.86333656311035,29.414380498785174,28.578313004599046,29.040683481219364,29875900
2008-04-07,28.84432601928711,29.604387778921748,28.799989304790646,29.408037746030466,24069200
2008-04-08,28.41362190246582,28.88866015785835,28.141266442747206,28.654308628392165,29187700
2008-04-09,28.058929443359375,28.61630841188246,27.919586513355974,28.61630841188246,28476400
2008-04-10,27.780248641967773,28.381964488690503,27.602901729061468,27.99559950028421,30230100
2008-04-11,26.937843322753906,27.805581869624834,26.87450583613964,27.43821768198542,41959900
2008-04-14,26.285451889038086,27.108851103533055,26.076433882930075,26.855498800087503,33774900
2008-04-15,26.678163528442383,27.04552782303071,26.146120271012663,26.71616748117698,37271800
2008-04-16,28.476966857910156,28.476966857910156,27.298871288175885,27.57122681950887,52568400
2008-04-17,28.578319549560547,28.70499698415154,27.976603547381643,28.084280212443876,30302500
2008-04-18,28.98367691040039,29.68040138831213,28.768326059579728,29.344708338803894,31398100
2008-04-21,28.64798355102539,28.80632969208755,28.248950599021047,28.685987494701642,23513400
2008-04-22,28.913999557495117,29.009005770195298,28.343952616614832,28.476962764096967,23703800
2008-04-23,28.597301483154297,29.16101311118185,28.305942875267046,28.761980334421608,23260300
2008-04-24,29.750070571899414,29.984422159061978,28.71765316614203,28.736653927861393,37769300
2008-04-25,30.26946258544922,30.32013211708035,29.477731522319694,29.95277016019741,24266600
2008-04-28,29.984416961669922,30.459455251673457,29.64872400990839,30.19343255286324,27175000
2008-04-29,29.819738388061523,30.237771990876883,29.528379730935285,29.98441726715921,20738700
2008-04-30,30.180767059326172,30.807816250487928,29.59805216586799,29.92741233761919,36280800
2008-05-01,31.194196701049805,31.33987489316496,30.199782908137422,30.199782908137422,31723700
2008-05-02,30.82047462463379,31.637540810565547,30.42144190794194,31.605872084262465,27942900
2008-05-05,30.40245819091797,30.807823913542965,30.307449542603234,30.60514105223047,19276100
2008-05-06,30.529129028320312,30.84582123314486,29.927413355919718,29.98441804943493,25441400
2008-05-07,29.49671745300293,30.674813068752968,29.38270804398388,30.541802896954156,27636400
2008-05-08,29.167348861694336,29.769064477994085,28.698645795308526,29.756396501041827,26106000
2008-05-09,29.49671745300293,29.724736271041035,28.831664177838626,28.977342330214025,21730400
2008-05-12,29.921092987060547,29.952761737446146,29.458720049981824,29.655070168245793,20295600
2008-05-13,28.80633544921875,29.921093858143383,28.641656492716915,29.794416436742285,27485300
2008-05-14,29.078685760498047,29.37004208530647,28.69232078290973,29.135690468931905,24138200
2008-05-15,29.781736373901367,29.794404352520594,28.869663658845788,29.1673526998031,27289500
2008-05-16,29.471384048461914,29.97175845187802,29.167359736760726,29.97175845187802,20871400
2008-05-19,29.129356384277344,29.908419087270797,29.05334849898264,29.484050184304756,19402200
2008-05-20,27.67889404296875,28.92032667537828,27.55221670133793,28.92032667537828,48996100
2008-05-21,26.868167877197266,27.900585232891366,26.81116559480329,27.742239116454783,40611900
2008-05-22,27.267215728759766,27.69791759508845,26.665499672903103,26.855517049826176,28883300
2008-05-23,26.804828643798828,27.172192769664168,26.678151275701477,27.058183379993533,21440900
2008-05-27,27.24186134338379,27.488883283185675,26.792159009788254,26.85549889800785,28457800
2008-05-28,27.146869659423828,27.50789875883936,26.53882090421566,27.482562789996276,31688700
2008-05-29,27.59656524658203,27.90692474590399,26.785833778236213,27.0391861540091,22789000
2008-05-30,27.235517501831055,27.86256885161535,27.153176888670377,27.843565684782146,21391600
2008-06-02,26.697162628173828,27.089860414997375,26.386803102087587,27.001186955021467,30620500
2008-06-03,26.532468795776367,27.039175768877904,26.08909928824899,26.937834374257598,28503100
2008-06-04,26.36779022216797,26.82382529483118,26.070098815161142,26.437462884758457,30800100
2008-06-05,26.665489196777344,26.804834574130343,26.222121934600292,26.53881421682411,27755300
2008-06-06,25.39238166809082,26.46913567268809,25.303708235271603,26.46913567268809,39887900
2008-06-09,23.75823974609375,25.544385372913887,23.06785088692935,25.53805017800133,74856700
2008-06-10,24.25229263305664,24.847673182143357,23.53656748486308,23.580904205743472,54412400
2008-06-11,23.517562866210938,24.54364489227667,23.479558933330843,24.385298796197468,50965800
2008-06-12,24.074951171875,24.54365690886265,23.83426672763756,23.88493624678249,53247700
2008-06-13,25.069366455078125,25.075699238677316,23.94194009693135,24.31563714972362,40465600
2008-06-16,25.297361373901367,25.74706594411655,24.765318606129764,25.00600525292777,34860200
2008-06-17,24.727327346801758,25.81041408176311,24.670322654636966,25.56339455443891,32510200
2008-06-18,24.537317276000977,24.86034231687608,24.024274946901503,24.404304691009877,35513700
2008-06-19,24.480308532714844,24.720992870049926,23.32121389698357,24.56898196396143,59944400
2008-06-20,23.979936599731445,24.82233669470924,23.403556824377155,23.872259982619532,55374100
2008-06-23,23.352886199951172,24.062278590574326,23.124867389834456,24.062278590574326,37741100
2008-06-24,23.89125633239746,24.23328201471907,22.960180647450787,23.314876721756505,43526200
2008-06-25,24.011600494384766,24.90467232686894,23.751913008801978,24.030601251617558,42317900
2008-06-26,23.004526138305664,23.80259200616869,22.928520670565938,23.536569244824264,45708400
2008-06-27,22.20012855529785,23.36555625339684,21.661752640660374,23.08686791417526,69316700
2008-06-30,21.73142433166504,22.485151060782655,21.50973829403967,22.079785343738887,50792600
2008-07-01,21.789066314697266,21.994019121204843,20.70665915262723,21.57770735866935,74620100
2008-07-02,22.16054916381836,22.897100218055158,21.923572866645245,22.00683573336101,51750200
2008-07-03,22.615285873413086,23.114858082097708,22.090093950634273,22.493593453080894,33028500
2008-07-07,21.80187225341797,23.025185166383604,21.494443098891654,22.73696957050589,48883600
2008-07-08,22.909902572631836,23.089235663827115,21.404777529486775,21.96839895739638,62285100
2008-07-09,21.955583572387695,23.531161202619717,21.833893640185384,22.89068324596216,50971000
2008-07-10,22.102890014648438,22.92910704569667,21.48803185149917,21.7762473789845,47807900
2008-07-11,21.238256454467773,22.064473897065444,20.55294499398981,21.379162436587478,71316700
2008-07-14,20.296749114990234,22.000419355634005,20.29034418809574,21.8979429685519,50370200
2008-07-15,19.867626190185547,21.020486005040507,18.727575005831177,19.68188699935756,88717800
2008-07-16,23.018783569335938,23.018783569335938,20.175061495278594,20.687443520798357,79957800
2008-07-17,26.131513595581055,26.25320603366059,24.210078736446704,24.370198308041232,132114600
2008-07-18,25.631929397583008,26.464550294137332,25.106737642376604,26.38769361960776,65409900
2008-07-21,24.754474639892578,26.227573489512686,24.562329293361177,25.836881534968878,41354400
2008-07-22,26.169933319091797,26.285219562691925,24.088379672088156,24.440642108319725,50104200
2008-07-23,26.87445640563965,27.540554114791117,25.2156182809963,26.20195499148255,59345600
2008-07-24,25.06831169128418,27.079412474054433,25.004264860496967,26.938508957676568,47454600
2008-07-25,25.311704635620117,25.900943543715332,24.645606566549088,25.0875357476205,35188000
2008-07-28,24.120412826538086,26.035444030172485,23.960293250567116,25.241249858334896,41673200
2008-07-29,26.099470138549805,26.099470138549805,23.81296460653271,24.29972665556839,50527400
2008-07-30,26.624677658081055,26.944916747009845,25.599913550801073,26.52220124735306,47954900
2008-07-31,26.022619247436523,26.874453632611463,25.81126035561429,26.022619247436523,37394100
2008-08-01,26.105880737304688,26.73995499667805,25.471808921160864,26.330049490639713,30773300
2008-08-04,25.708791732788086,26.189150330017252,24.921003926519877,25.708791732788086,27748000
2008-08-05,26.829627990722656,26.90008097466837,25.75362455627751,26.43253224139151,35763100
2008-08-06,26.509395599365234,27.073017169467626,25.8368938944913,26.48377588180814,33009400
2008-08-07,25.49742889404297,26.611859194892332,25.286069990954207,26.05464404446765,42712200
2008-08-08,26.304431915283203,26.6759103372234,25.234834801572838,25.305285331002775,37174200
2008-08-11,26.829627990722656,27.44448639805413,25.856100957499425,26.125103037725772,34643900
2008-08-12,24.286924362182617,26.26600146157168,23.71049563346219,26.25319405173248,65248300
2008-08-13,23.640043258666992,24.113998061234348,23.153281045937835,24.10759191292373,48575900
2008-08-14,24.21648406982422,24.61357990986567,23.326217229505602,23.435099804993346,41142300
2008-08-15,24.38300132751465,24.792906924901033,23.93466616416201,24.370191472192563,36656900
2008-08-18,23.531164169311523,24.357378980710386,23.473521048215805,24.286926005678975,32193100
2008-08-19,22.788211822509766,23.31340366563491,22.41673335417586,23.063615155946575,41424300
2008-08-20,23.69768714904785,23.74252041576334,22.429540940745838,22.74977995627351,39065000
2008-08-21,23.223735809326172,23.44149847022907,22.9227127510414,23.17249882964734,30564500
2008-08-22,24.126808166503906,24.49828662666517,23.608022483959363,23.838594984303597,36022700
2008-08-25,23.140470504760742,23.985901257635238,23.108447093848607,23.953877846723103,27081000
2008-08-26,23.447912216186523,23.7745550917491,22.99317318508199,23.166100185348032,28810800
2008-08-27,23.787355422973633,23.838594841957494,22.973947970829634,23.409473259272563,23812300
2008-08-28,24.90178680419922,24.90178680419922,23.84499706409462,24.12040281592237,34724300
2008-08-29,24.65200424194336,24.940217445195415,24.395812013241347,24.66481165447131,23327100
2008-09-02,24.972246170043945,25.63193793624491,24.65841077605458,25.33731854971151,33267600
2008-09-03,25.433387756347656,25.459007469736513,24.619980180479125,24.9210057047223,28787600
2008-09-04,24.280517578125,25.478210591036014,24.22928061557687,25.170781486059198,41510300
2008-09-05,25.362926483154297,25.458999155372044,23.92185105926531,24.017923731483062,42100300
2008-09-08,26.611873626708984,27.963283268730606,25.619132722363574,27.149875511607856,85629900
2008-09-09,25.279680252075195,26.861660052332496,25.26687039239636,26.137921304710016,56435300
2008-09-10,25.234838485717773,25.900933862587845,24.844146448096904,25.612720667964012,46100400
2008-09-11,26.6758975982666,26.701514849812387,24.286913589972464,24.498272407018018,57012300
2008-09-12,26.36848258972168,26.87446088249362,25.74081433573361,26.157126084111557,51417100
2008-09-15,23.69768714904785,26.804004622374368,23.697687149047848,24.587951221298017,92112900
2008-09-16,26.093076705932617,26.227576509407513,22.429541495802216,22.788210081631785,90368100
2008-09-17,22.909902572631836,26.054650034088294,22.73697318759491,25.029886022643673,104396300
2008-09-18,25.811279296875,26.291638101816464,21.801885546652002,23.39667541084817,132982000
2008-09-19,30.134485244750977,30.74293974926777,27.252334643257125,30.10246183782469,88523900
2008-09-22,26.131513595581055,29.39795432204792,26.099490169908304,29.26345202505313,44934200
2008-09-23,25.9777889251709,27.015362615669275,25.657549920663897,25.971382776872122,32404400
2008-09-24,25.939361572265625,27.22031769929109,25.760028496315634,26.579839635778356,27186400
2008-09-25,27.835180282592773,28.821517236621307,26.451747552964164,27.060202294383338,36831300
2008-09-26,30.896656036376953,31.38341818214024,25.92654599279282,25.971379251880386,148081400
2008-09-29,26.259611129760742,30.422720211308174,26.25961112976074,29.833481329439984,79528000
2008-09-30,29.91033363342285,30.35226272966063,28.03373223637563,28.584543901478984,66987800
2008-10-01,31.78693389892578,32.02391014993074,29.65414031018978,30.044832404935807,59424300
2008-10-02,32.17417526245117,32.17417526245117,30.154013110295036,31.786924376704466,53944700
2008-10-03,29.624774932861328,32.67761081985546,29.192342311725334,32.47107664507102,68639000
2008-10-06,28.39847755432129,29.14071147523282,26.914012174579923,28.069314465984874,63065300
2008-10-07,25.37790870666504,29.52150548952402,25.371455591378698,29.32142444650825,62396200
2008-10-08,25.364994049072266,28.10802780992025,24.84865877474057,25.126189446334006,75686800
2008-10-09,23.67400360107422,27.552976357962404,23.674003601074222,26.481579355823566,88790300
2008-10-10,26.875272750854492,27.10762420943971,22.6025955291301,22.609048642055033,112976400
2008-10-13,27.101184844970703,28.450112641997872,25.597355176278032,28.340389969967784,81628900
2008-10-14,26.275041580200195,28.108034058096937,25.597351228114995,27.966043364892897,95288900
2008-10-15,24.842206954956055,26.972091611316525,24.525950198034216,25.38435963676426,84755700
2008-10-16,26.133045196533203,26.46220816601441,23.435190606056,25.18427743295902,75112400
2008-10-17,25.384361267089844,26.713924445380307,25.210097630093497,25.57798670972543,60991200
2008-10-20,26.24277114868164,26.268588533724955,25.04228982706228,25.823247259012476,44732100
2008-10-21,25.648998260498047,26.636490318154742,25.55863736988256,25.765171624267197,41780700
2008-10-22,23.990251541137695,25.84906115820554,23.241564710414412,25.26818484555254,60825200
2008-10-23,24.429141998291016,25.010020887610043,23.118940401593267,24.11288762905849,63917000
2008-10-24,22.86722755432129,24.351692851403026,22.273439958239656,22.66714649634393,61968800
2008-10-27,21.944271087646484,23.17056957443556,21.511841045071108,22.65423181447327,62712700
2008-10-28,24.267784118652344,24.34523626934066,20.989052730697793,22.557423081958653,73082500
2008-10-29,23.047937393188477,24.771209309637253,22.91885295798829,23.951525977508986,61823300
2008-10-30,24.280691146850586,24.525951349730587,23.25447361031283,23.80953500847654,47372000
2008-10-31,26.623567581176758,26.623567581176754,24.061250107316297,24.06770568428328,86948900
2008-11-03,26.287940979003906,26.623559478792277,25.94586936629366,26.623559478792277,45059900
2008-11-04,27.217350006103516,27.378704945562266,26.3847603896779,26.62356501069418,48917100
2008-11-05,25.313365936279297,27.43034214195731,24.926112569967646,26.93336858887681,53524900
2008-11-06,24.693756103515625,25.661885632534098,24.435589706359128,25.14555037614039,56467100
2008-11-07,24.364601135253906,24.861574751873107,23.53846445416304,24.674402390662983,50210800
2008-11-10,23.49973487854004,24.83575367092917,23.00921691262373,24.706669218188726,41558500
2008-11-11,23.461000442504883,24.170963448503272,22.76394858546822,23.11892885742728,61577400
2008-11-12,22.31216049194336,23.42873636056116,22.144352440774842,22.8607662929245,56726100
2008-11-13,24.0031681060791,24.203249185696986,21.621569272555977,22.363803232416746,74523600
2008-11-14,22.247623443603516,23.822447021425944,22.04754239992092,23.448104781536294,55941000
2008-11-17,21.150407791137695,22.50578842793916,20.97614414433501,21.828098109538427,57560400
2008-11-18,20.743793487548828,21.363395949736507,19.59494694781567,21.143953103284872,67807700
2008-11-19,18.375097274780273,20.666337806124496,18.25246842574428,20.453349367592132,90226200
2008-11-20,15.089912414550781,18.529999450706583,14.40576786045762,17.903942769521752,160729900
2008-11-21,14.663936614990234,15.761150707709263,12.708315515257594,15.322265070621652,194075000
2008-11-24,17.800689697265625,18.291209214364976,14.521955014373233,15.438451780077555,137382200
2008-11-25,19.214153289794922,19.820847190636734,18.394469611650496,19.123793654594774,105430800
2008-11-26,19.762754440307617,19.8466584710477,18.181475468084344,18.562273241296634,55644900
2008-11-28,20.433992385864258,20.608256041098407,19.446499570578066,19.594947071911232,22787500
2008-12-01,16.858362197875977,19.814384215459764,16.79381998514334,19.79502118232788,70984500
2008-12-02,18.41382598876953,18.65263060789966,15.883780508797726,17.129440828547178,81316000
2008-12-03,19.523948669433594,19.840204219164015,17.452151732105563,17.710319402187483,64914200
2008-12-04,20.059656143188477,21.234321729071983,19.201247481492796,19.259335387483123,80719600
2008-12-05,21.524749755859375,21.94427361869634,19.188330724663263,19.627216394003685,73599200
2008-12-08,23.551366806030273,24.33232408097041,21.68610173600114,21.92490880651806,84589300
2008-12-09,21.9184513092041,23.04148261354962,21.724825901442635,23.022118349317026,65827700
2008-12-10,21.63446807861328,22.56387153617102,21.350484304324148,22.20243808927225,47919600
2008-12-11,19.323867797851562,21.143950077857685,19.194783354512452,21.040683015602593,70746400
2008-12-12,19.969287872314453,20.150004618635165,18.07820776403783,18.35573845993379,59939000
2008-12-15,18.478368759155273,19.22060253113184,18.18147623519713,18.936617467880996,51629100
2008-12-16,20.87933349609375,21.137502449778655,18.613910652731093,18.723632088734934,75822100
2008-12-17,20.563081741333008,21.227863558232073,20.04029065123606,20.330730145734364,46719900
2008-12-18,19.498130798339844,21.03423055115814,19.440044151187376,20.756699851133963,57491500
2008-12-19,19.569129943847656,20.169370610172912,19.220603859845024,19.433592364246824,55696800
2008-12-22,19.24641990661621,20.13064565088673,19.0463400959719,19.775663991505432,36378400
2008-12-23,18.78817367553711,19.620764706068165,18.78817367553711,19.511043273869728,26931700
2008-12-24,19.26578140258789,19.285143208848933,18.491277145091065,18.491277145091065,12339700
2008-12-26,19.2335147857666,19.530408614765733,18.87853429150509,19.39486977971109,12630500
2008-12-29,19.22060775756836,19.375508407541716,18.58809523137598,19.356145364654694,22318000
2008-12-30,20.014467239379883,20.040283390069714,19.285142209024276,19.291596554456863,29842400
2008-12-31,20.350093841552734,20.614715953451153,19.646585915469327,19.814395269777762,25891700
2009-01-02,20.480743408203125,20.670197800639183,19.905844656824932,20.376216589053993,32494900
2009-01-05,19.108821868896484,20.10182761207758,18.997761999645206,20.07569529175605,44069400
2009-01-06,19.520404815673828,19.87318382397343,19.27868697314989,19.461609560348744,44216300
2009-01-07,18.351015090942383,19.206829253920247,18.29221857441138,19.043505873791574,42156500
2009-01-08,17.782644271850586,18.259549357205813,17.547459516695653,18.226883942560576,52075800
2009-01-09,16.96603012084961,17.99823370210856,16.86150327054934,17.99823370210856,42597500
2009-01-12,16.273536682128906,17.08362025839273,16.005686517640793,16.933363092179032,59360000
2009-01-13,17.214279174804688,17.37106942156395,15.855429123499627,16.469523945125545,73422800
2009-01-14,16.92682647705078,17.168545505956622,16.175539556704436,16.717772855325663,73907300
2009-01-15,15.901152610778809,17.671576141885026,15.52224269938715,17.338397789744455,136759300
2009-01-16,14.908149719238281,16.332329008115178,13.412109030044997,16.22126912101768,156843400
2009-01-20,11.818079948425293,13.895553554040932,11.563295872813057,13.719164003513148,142090400
2009-01-21,14.784031867980957,14.921224155675604,12.334181158262657,12.602032648899018,136421400
2009-01-22,15.091081619262695,15.567985623244876,13.856355932575047,14.607644530095452,110240800
2009-01-23,15.861958503723145,16.057945954910505,14.248323587786436,14.320186234715452,74369200
2009-01-26,16.00568389892578,16.82230042438118,15.509180901921948,16.33233050910794,74278400
2009-01-27,16.371532440185547,16.44339511373661,15.718239032799998,16.410730941790646,50766500
2009-01-28,18.070096969604492,18.141959648806726,17.20774980341123,17.763049492568523,91373900
2009-01-29,16.613245010375977,17.756508023323747,16.49565204396067,17.46905868831498,58624200
2009-01-30,16.665515899658203,17.625856813393654,16.07101896552792,16.861503434360667,74937200
2009-02-02,16.46299171447754,16.7765722004913,15.907692158375202,16.33233255560943,51532900
2009-02-03,15.711699485778809,16.626310876715785,15.483047884102339,16.351927708646247,66166300
2009-02-04,15.705170631408691,16.65897819672095,15.509181904988933,15.842361618450314,55330300
2009-02-05,16.031814575195312,16.54138243713675,14.692562863704499,15.50917930508019,79815500
2009-02-06,18.05049705505371,18.161556988810784,16.5283234018293,16.66551567108608,76845200
2009-02-09,17.821842193603516,18.272613686620026,17.181613793882256,17.410266704778554,54360000
2009-02-10,16.08407974243164,18.037426335006913,15.875024863812298,17.547456416419397,91948700
2009-02-11,17.04442596435547,17.390671936442626,16.423796697383363,16.49565937458558,64712000
2009-02-12,17.1097469329834,17.12934492884447,15.790094549169858,16.560980619834357,80536400
2009-02-13,16.12981414794922,16.913765468311976,16.110214897668303,16.495658097451837,58580600
2009-02-17,14.143798828125,15.156404128640716,14.143798828125,14.895085827825044,91424800
2009-02-18,14.052342414855957,14.568443598128743,13.719162602134261,14.4900490810521,82868300
2009-02-19,13.457842826843262,14.568440738527494,13.418645575998866,14.41818357190886,66502700
2009-02-20,13.000537872314453,13.71916083176121,12.249250742643937,12.87641178255936,135941600
2009-02-23,12.74575138092041,14.085002037000374,12.726152134956564,13.653828594259606,101615400
2009-02-24,13.732222557067871,13.784485960158056,12.386437746894403,13.150790795874507,186379900
2009-02-25,14.196066856384277,15.169473980746043,13.144265213126195,13.608102980428244,135790100
2009-02-26,15.058415412902832,15.796637801793162,14.895092029916649,15.234804965581958,125043400
2009-02-27,14.927753448486328,15.41772346596799,14.078471337216529,14.130734755905578,109872500
2009-03-02,13.823684692382812,14.653367396253625,13.764888201805642,14.176463635845849,94984900
2009-03-03,13.72569465637207,14.307125390955271,13.457844458683745,14.163401289726359,85590100
2009-03-04,12.60855770111084,14.20259338715019,12.281911115630686,14.20259338715019,145009700
2009-03-05,10.844669342041016,12.412573058057738,10.478825432384008,12.085926398635165,153808900
2009-03-06,10.406960487365723,11.543690463457981,9.773265932543703,11.230110038203119,155154800
2009-03-09,10.387364387512207,11.295443023828412,9.81246676720443,10.041119074069563,132882900
2009-03-10,12.739217758178711,12.739217758178711,11.190912282380733,11.334637587898797,149090800
2009-03-11,13.327184677124023,13.660364449809403,12.490969949811603,13.294520506610219,155421000
2009-03-12,15.156402587890625,15.241330154781657,13.065863870230581,13.163857600045734,151894700
2009-03-13,15.515717506408691,15.894627610407081,14.966950977023686,15.411190667102806,120464600
2009-03-16,15.084538459777832,16.508717681451238,14.999609655150834,15.881555629183774,125001900
2009-03-17,16.423803329467773,16.47606677597612,14.548851095679469,15.221742813717029,99884700
2009-03-18,17.710786819458008,17.8545109379208,15.796636704459459,16.21474413712099,142105800
2009-03-19,16.299667358398438,17.906768182155886,16.064481385728367,17.80224136009319,124920200
2009-03-20,15.123741149902344,16.188610032600156,15.123741149902344,16.110214280537843,108922700
2009-03-23,18.854040145874023,19.05656066744258,16.417255821988093,16.528315704020734,146776000
2009-03-24,17.246944427490234,19.14149491927994,17.116286503331956,18.32487822057246,133143000
2009-03-25,18.658058166503906,18.75605192210004,16.939897163806545,17.76304695371883,149452500
2009-03-26,19.010839462280273,19.337486184154304,18.063563470422242,18.97817404245786,133663400
2009-03-27,17.90022850036621,19.076156684104387,17.82183403575153,18.46859397608163,108610200
2009-03-30,16.234338760375977,17.22734487580697,16.188608428727903,16.770039067210096,104860500
2009-03-31,17.364534378051758,17.704247164032118,16.234337364831152,16.809234871364243,84307400
2009-04-01,18.383678436279297,18.475140372330472,16.52179298395046,16.52179298395046,106016900
2009-04-02,18.429487228393555,19.417716279666315,17.938645058784473,19.35881511945113,131840800
2009-04-03,19.162479400634766,19.162479400634766,17.997546829218624,18.311685528833237,80949500
2009-04-06,18.455669403076172,18.91378809498394,18.11535180455515,18.501481147439307,72188000
2009-04-07,17.83392906188965,18.357493452469598,17.676859744715664,17.853563194639886,73652600
2009-04-08,17.951725006103516,18.213507108710594,17.349625545969463,17.96481442330275,66538300
2009-04-09,21.43343734741211,21.655952522025945,19.764574786084296,19.921644100821833,147913000
2009-04-13,22.055173873901367,22.349679655661838,20.8182508387835,20.949141326462293,110196200
2009-04-14,20.09180450439453,21.76066720420347,20.059080947603025,21.623232010507323,109541400
2009-04-15,21.309091567993164,21.577418469801422,19.810386496076635,20.039446381304064,108069400
2009-04-16,21.75412368774414,22.258052730060214,21.178201572387355,22.258052730060214,132956000
2009-04-17,21.767213821411133,22.238423121279776,21.289461057512078,21.826114983894712,104962100
2009-04-20,19.430803298950195,21.217467027340923,19.398079742727194,20.798616742170807,109372200
2009-04-21,21.289457321166992,21.538151352068272,18.894149209746747,19.025039688079406,115629300
2009-04-22,20.877147674560547,22.343129071797012,20.497563216778566,20.70698895234437,124080300
2009-04-23,21.73448371887207,22.08789056711834,20.72007739213695,21.093117121990822,89366500
2009-04-24,21.84574317932129,22.57873324056008,21.106207159653987,22.028990070493073,117098100
2009-04-27,21.45306968688965,22.10098231011097,21.204378171881082,21.289455665491037,67832500
2009-04-28,21.45961570739746,22.068260068471083,21.125841704717423,21.171653431116354,65809900
2009-04-29,22.565643310546875,22.618000990585685,21.76066270408714,21.88500844935192,84731300
2009-04-30,21.59705352783203,23.043401058856748,21.433439485954516,22.912509326044308,94556900
2009-05-01,21.26327896118164,22.100981937731497,20.981862649393463,21.49888105092244,68254100
2009-05-04,23.42298698425293,23.54733275811682,21.531609047493333,21.636321935102966,100918400
2009-05-05,22.788166046142578,23.52770229537339,22.552561400614003,23.20047417581758,63488200
2009-05-06,24.358854293823242,24.443931780409788,23.272457381283957,23.442614851008678,102644800
2009-05-07,23.063026428222656,25.34053260274254,22.729252529638522,25.196551509506165,113228400
2009-05-08,25.484533309936523,25.484533309936523,23.691324031790973,24.083996903873775,110026400
2009-05-11,23.44916343688965,24.98713428478242,23.44916343688965,24.44393451937102,86808000
2009-05-12,23.141569137573242,23.73057815616671,22.290776668570228,23.71749123054304,94148900
2009-05-13,22.284231185913086,23.08266847984565,22.042083111863,22.709628677790747,82160700
2009-05-14,23.259370803833008,23.31172599455039,22.13370549306199,22.330041827218068,68764300
2009-05-15,22.847068786621094,23.35100042515304,22.513297180088298,23.200475779340007,68301000
2009-05-18,24.385032653808594,24.443933801381515,23.036854715109012,23.37062622032101,71730900
2009-05-19,23.436077117919922,24.65990949707103,23.409898271085655,24.411215445249997,59860600
2009-05-20,22.6114559173584,24.05780318159664,22.42166306461627,23.95963627250883,77073900
2009-05-21,22.84052276611328,23.141572024048074,22.035539429490633,22.375856958850434,65068100
2009-05-22,22.519832611083984,23.102298096923185,22.51983261108398,23.07611925571538,39227200
2009-05-26,23.91382598876953,23.926915410079673,22.33004096196857,22.33004096196857,65462400
2009-05-27,22.683448791503906,24.031629283921404,22.683448791503906,23.88764814007093,76374100
2009-05-28,23.985816955566406,23.998903880541782,22.644179959368866,22.99758685094925,66107300
2009-05-29,24.14942741394043,24.26068373566628,23.350990294537436,23.789474616470873,61932300
2009-06-01,23.63241195678711,24.692630219892898,23.40989676610544,24.47666098877509,90184500
2009-06-02,22.5787353515625,23.2462808702384,22.54601304601554,22.95177512721199,159381700
2009-06-03,22.238420486450195,22.886333197004255,22.022451247300292,22.513293377657188,72136300
2009-06-04,23.13502311706543,23.193924268424308,22.402032953028744,22.513291792951957,70954200
2009-06-05,22.6114559173584,23.40334713480449,22.578733614329128,23.37717079031209,61583800
2009-06-08,23.161195755004883,23.383710878673494,22.61145265515016,22.61145265515016,61615100
2009-06-09,23.07611846923828,23.416435903685933,22.96486214272451,23.37717013976419,58992300
2009-06-10,22.801258087158203,23.344455529750327,22.493662820579672,23.27901089694978,60176100
2009-06-11,22.866697311401367,23.47534173938681,22.60491634556435,22.951777311160654,66560900
2009-06-12,22.991043090820312,23.193922880486667,22.775071383244303,22.81433964731772,41157300
2009-06-15,22.251506805419922,22.932141730405206,22.205695079368205,22.827428857065303,55388500
2009-06-16,21.92427635192871,22.50674180183021,21.845742329702507,22.428207779604005,56344000
2009-06-17,21.42034912109375,21.937370069864077,21.060398744101867,21.878468917516166,65456600
2009-06-18,22.36276626586914,22.454392227327375,21.492340852709436,21.498884315966077,63861500
2009-06-19,22.905963897705078,22.984497932034095,22.11407260212831,22.6769052573488,77009100
2009-06-22,21.51197052001953,22.90596266099456,21.50542705774204,22.703080378667103,70388300
2009-06-23,21.9700927734375,22.310410271297332,21.55124123654912,21.669043543367987,59046500
2009-06-24,21.89810562133789,22.205700859076284,21.642868082173045,22.107531422527124,50429500
2009-06-25,22.34312629699707,22.369305134829563,21.47270115975352,21.91118545896651,57205700
2009-06-26,22.546010971069336,22.735803820947396,21.911187816364208,22.1729712297513,46722500
2009-06-29,22.64418601989746,22.709633145050145,22.277692105252644,22.611463705597394,34914800
2009-06-30,22.323509216308594,22.76853978822472,22.166438574698663,22.644191468788858,39470600
2009-07-01,22.133426666259766,22.657759630622298,22.05477734665958,22.461135081513447,36463700
2009-07-02,21.150306701660156,22.13343219290438,21.150306701660156,21.864711325306324,38352200
2009-07-06,21.3665828704834,21.3665828704834,20.70461312060076,20.992995561107296,60664000
2009-07-07,21.504228591918945,21.89092464859285,21.05854491642302,21.386253354274906,56704900
2009-07-08,21.438688278198242,21.94991520992764,20.83570587182164,21.58288081025234,71784600
2009-07-09,22.035114288330078,22.1203191807909,21.54355163986806,21.55666027718641,41655600
2009-07-10,21.196178436279297,22.06788144003929,21.110973556140888,21.83193350308275,51037400
2009-07-13,22.749515533447266,22.749515533447266,21.255166094842462,21.543548574157747,70454200
2009-07-14,22.74297523498535,22.998587519291323,22.32350866584551,22.631553021184974,52924000
2009-07-15,23.765419006347656,24.099683072059204,22.946147767156976,23.011690966422673,84050100
2009-07-16,23.680206298828125,23.863722176524057,23.083777196100037,23.26729307379597,71465100
2009-07-17,24.178325653076172,24.38150576368453,23.712980319332882,23.8702789531705,61742300
2009-07-20,24.237316131591797,24.53880729894221,23.981703946220055,24.26353340707018,43554400
2009-07-21,24.21109390258789,24.45359990082136,23.98825210704847,24.381503658115005,43509400
2009-07-22,24.139005661010742,24.466714111471052,23.73264538228367,23.85717619359751,40137700
2009-07-23,25.004148483276367,25.213881630431295,23.968588881509618,24.217647931337222,56528800
2009-07-24,24.853410720825195,25.069699524671798,24.512596090877146,24.93861562842089,35328600
2009-07-27,24.99104881286621,25.86930761917333,24.62401442358866,24.886182201675087,30479300
2009-07-28,24.958284378051758,25.036933730022113,24.676454824922008,24.73544246395423,29035900
2009-07-29,24.75510025024414,25.063147038574307,24.538811441361066,24.768208890196217,29931400
2009-07-30,25.213897705078125,25.744783978425964,24.840310142271157,24.99105578163029,38531000
2009-07-31,25.331863403320312,25.331863403320312,24.859962449814187,25.154900545755517,39085700
2009-08-03,25.95451545715332,26.052829019578454,25.55471313716157,25.639915557697748,42957800
2009-08-04,26.354307174682617,26.544378634089792,25.672673147977488,25.73821632374712,43363800
2009-08-05,27.38331413269043,27.658590499144918,26.38708025923706,26.43951480531097,63334100
2009-08-06,26.70823097229004,27.828992948007837,26.360860915541753,27.71101774001477,54175600
2009-08-07,27.763465881347656,28.26813729611906,26.990073583408883,27.055614286535533,65696000
2009-08-10,27.979755401611328,28.327128168517387,27.534071568772422,27.547180210940372,43700600
2009-08-11,27.029394149780273,27.861771415474312,26.832767078925116,27.71102582797787,50698800
2009-08-12,27.665138244628906,27.822439352369738,26.891746340353766,26.99661291210889,43077100
2009-08-13,28.117389678955078,28.182930377420263,27.402985064728053,28.005967491303398,40385300
2009-08-14,27.822433471679688,28.084598595546804,27.396411707598947,27.940408652495403,38413900
2009-08-17,26.69513511657715,27.252241087714612,26.682026476056766,27.00973498841379,39162800
2009-08-18,27.330890655517578,27.448865920954294,26.91142415628372,26.93763893732267,29053600
2009-08-19,27.14081382751465,27.461969209775972,26.872092997547853,26.97040653299156,29394100
2009-08-20,27.80279541015625,27.940434917303502,27.186704164698575,27.21947452346007,29634300
2009-08-21,28.61551856994629,28.71383216280725,27.87489633765768,28.091185241864384,42863600
2009-08-24,28.189477920532227,28.995642854863338,28.15015450924956,28.74658374913326,40385200
2009-08-25,28.56306266784668,28.930094441318435,28.379544280894358,28.438531887376097,34835700
2009-08-26,28.37954330444336,28.694143028116095,28.13048425228798,28.438530908895522,31908400
2009-08-27,28.477874755859375,28.595850039099982,27.881445268462056,28.215706904165152,28975700
2009-08-28,28.130491256713867,28.746584723334767,27.8617704362357,28.713814379416352,27263600
2009-08-31,28.484413146972656,28.576171097710738,27.566831139375203,27.815887719888096,32251100
2009-09-01,27.31121253967285,28.720359437060054,27.23911880324844,28.235352481831164,51475400
2009-09-02,26.780336380004883,27.599607549240385,26.708240117077406,27.206355887877027,35898500
2009-09-03,27.5996150970459,27.691373093059042,26.94419798241728,27.02284733611171,35019600
2009-09-04,27.750343322753906,27.848656828353228,27.389864635916915,27.743790255814897,21880200
2009-09-08,27.881437301635742,28.20914577250532,27.42919801169671,28.045291537070533,28089300
2009-09-09,28.091167449951172,28.22880439260752,27.78312072096293,27.920757663619273,29031600
2009-09-10,28.19603729248047,28.281242195447362,27.658595597244187,28.00596577825326,25112100
2009-09-11,27.855220794677734,28.438541488931513,27.842112155454164,28.26813417945968,27289900
2009-09-14,28.674488067626953,28.740028754551897,27.534061613527594,27.579943094635382,28945000
2009-09-15,28.307453155517578,28.96942558125033,27.88798676704612,28.582729535587536,49985400
2009-09-16,29.264368057250977,29.28402976584248,28.32056604138256,28.412324015099262,38721900
2009-09-17,29.467546463012695,29.565860008906117,28.969430664355446,29.02841829184803,35705700
2009-09-18,29.460979461669922,29.71659155985635,29.297125296143633,29.651050893732293,39492000
2009-09-21,29.198814392089844,29.362668572180375,28.98252817448285,29.192261324981423,24070000
2009-09-22,30.45723533630371,30.47034397914727,29.152954125876285,29.369242982468048,41148100
2009-09-23,29.53309440612793,30.47689409745459,29.48065983983425,30.41135338980522,34427200
2009-09-24,29.080839157104492,30.01808526642417,29.008742917892768,29.631389301738313,42231400
2009-09-25,28.608943939208984,29.021854717555797,28.405763833835966,28.936652334846123,31056100
2009-09-28,29.36923599243164,29.38234463215527,28.63516716921251,28.818685625125983,25826100
2009-09-29,29.415111541748047,29.624844752366595,29.12017343299787,29.421664610734897,23930600
2009-09-30,28.720369338989258,29.421665245926178,28.464757139293,29.36267762290265,40904000
2009-10-01,27.114606857299805,28.54997201921406,27.10805378588078,28.44510537498353,50562700
2009-10-02,27.468948364257812,27.82330233102781,26.596187946462333,26.78648942897684,43061100
2009-10-05,28.742006301879883,28.827314328914223,27.790501009823323,27.875809036857664,34430200
2009-10-06,29.470396041870117,29.529455052104044,28.91917944743446,29.109480980770766,41695700
2009-10-07,29.988794326782227,30.0675388175404,29.17509291147368,29.26696190123192,36148700
2009-10-08,29.726306915283203,30.474385774238257,29.562254446100358,30.211903325490916,36627700
2009-10-09,30.087215423583984,30.14627440001112,29.58193612922476,29.831294026813563,26034200
2009-10-12,30.23817253112793,30.46128163522002,29.759136798095813,30.428471620103164,24220600
2009-10-13,29.96254539489746,30.205342368828884,29.221027470831935,29.955984397004066,45701900
2009-10-14,30.94685935974121,31.150285333693798,30.59906890730687,30.96654485607005,70368700
2009-10-15,30.94685935974121,31.051852845565286,30.421891930620838,30.421891930620838,36096800
2009-10-16,30.225048065185547,30.763140324207303,30.185674545046016,30.64502226703241,37459000
2009-10-19,30.17254066467285,30.467835715871196,29.824750106174204,30.46127221293183,30415400
2009-10-20,30.20534896850586,30.572827511883652,30.034735450335,30.060984454128292,30614800
2009-10-21,29.299779891967773,30.461269483884347,29.299779891967773,30.198786964412985,32991600
2009-10-22,29.995349884033203,30.100343353747544,29.41788705222521,29.476943532150365,32388900
2009-10-23,29.680381774902344,30.31690635690473,29.503204751976643,29.988801315170356,27638200
2009-10-26,28.75511360168457,29.66724483477388,28.57793665304077,29.60818585189261,42085500
2009-10-27,28.8076114654541,29.3063298162546,28.656681007322174,28.86667044808432,38075200
2009-10-28,28.00704002380371,28.748557945906594,27.888922036097334,28.696059949929438,45679500
2009-10-29,29.102916717529297,29.135729224879867,28.05954256614966,28.361401112372068,35898600
2009-10-30,27.409881591796875,28.85354354423109,27.383632600986434,28.84041904882587,58853300
2009-11-02,27.94141387939453,28.118588318698187,27.245830605317504,27.678928963792192,44598100
2009-11-03,28.02017593383789,28.190789483760494,27.547703790601076,27.619887312844842,29387800
2009-11-04,27.698619842529297,28.669810213926425,27.639560850196396,28.354829755898344,42548800
2009-11-05,28.787931442260742,28.82730494266646,27.823304463123964,27.954544457991457,32893300
2009-11-06,28.532005310058594,28.66980878421597,28.157965878350268,28.30889385050959,27140000
2009-11-09,29.102916717529297,29.12916572211261,28.41389661829584,28.827309679133055,38845500
2009-11-10,28.98479652404785,29.083229032223812,28.577946996523046,28.965111023709728,30980200
2009-11-11,29.083221435546875,29.522883353116978,28.72886750256357,29.096345933425,32669300
2009-11-12,28.41388702392578,29.299771855159097,28.217024562510158,28.92573242749681,34649600
2009-11-13,28.151411056518555,28.40733256559266,27.797057042457823,28.322024561487098,36650700
2009-11-16,28.2432804107666,28.617319929180365,28.059539899388835,28.381083916867965,43516700
2009-11-17,28.3220157623291,28.341701255913453,27.915166374387773,28.164524303928886,25859700
2009-11-18,28.466392517089844,28.545137021759164,28.177658494564557,28.308901004508535,20422300
2009-11-19,27.921737670898438,28.335150711361624,27.731436151912224,28.282652704782226,26878000
2009-11-20,27.8626766204834,28.046417126785204,27.659253118022807,27.869240122445543,25328200
2009-11-23,28.400758743286133,28.636994666816733,28.020158369008136,28.1842108155442,29810700
2009-11-24,27.875797271728516,28.400764710291327,27.718308291780772,28.38764021142198,31881800
2009-11-25,27.665822982788086,28.00048909607373,27.5214559322663,28.00048909607373,26123800
2009-11-27,27.12115478515625,27.495194206059534,26.740551863820574,26.89147983161997,26230100
2009-11-30,27.882356643676758,27.987350115840805,27.226146816841023,27.27208130446018,38240600
2009-12-01,27.705181121826172,28.02672255177729,27.31145370343208,27.961102566999255,39211100
2009-12-02,27.514883041381836,27.659250029518027,27.213027069135507,27.659250029518027,32519700
2009-12-03,27.16710090637207,28.276095146257152,27.108041893405233,27.75768853279744,53314400
2009-12-04,27.390209197998047,27.895488744889523,27.048979664014837,27.724875229519284,61485000
2009-12-07,27.068666458129883,27.53457502547941,26.943987441065925,27.318026995500656,32949600
2009-12-08,27.04241371154785,27.167095214601996,26.661813210245626,26.91117120986889,41878900
2009-12-09,27.029287338256836,27.23927432509664,26.642123361913008,27.068660837005176,42492800
2009-12-10,27.081789016723633,27.272090531670447,26.68150048640194,27.14084802125048,36380900
2009-12-11,26.878366470336914,27.06866800985116,26.740562943065083,26.89805447654932,46616100
2009-12-14,27.409881591796875,27.514875051797098,26.707737358687595,26.91116077936466,35340800
2009-12-15,26.812746047973633,27.363962651868942,26.65525451689942,27.23272012651426,40244400
2009-12-16,27.14084815979004,27.363959677670042,26.82586763511992,27.016166647795433,43562800
2009-12-17,26.425586700439453,26.983364403886135,26.37308867961259,26.943993391509398,44272800
2009-12-18,26.871801376342773,27.029290382589583,26.274650345901495,26.596191860546927,48126800
2009-12-21,27.495208740234375,27.71832031127672,27.23272365551045,27.26553366529012,35991900
2009-12-22,27.521448135375977,27.62644164148964,27.35739562562071,27.56082163888459,24754800
2009-12-23,27.272090911865234,27.521448931572472,27.199907404965824,27.455828927069035,24503600
2009-12-24,27.488636016845703,27.488636016845703,27.239275520315985,27.350832520043404,7956500
2009-12-28,27.377077102661133,27.646123054393048,27.272083621576535,27.462382585063466,13039900
2009-12-29,27.226158142089844,27.429581670952114,27.20647013689072,27.38364716422561,15593000
2009-12-30,27.25240135192871,27.311460353906885,27.055538846415658,27.081787848015416,15501800
2009-12-31,27.344268798828125,27.646127293569233,27.199904304726648,27.311458800316082,20143100
2010-01-04,28.152374267578125,28.244356128669228,27.37711612498501,27.45595772020595,35460500
2010-01-05,28.69769287109375,28.802812524215877,28.106393255875382,28.112964643961266,41208300
2010-01-06,28.855358123779297,28.967049114769093,28.454591349489945,28.546570691335013,27729000
2010-01-07,29.42694854736328,29.643756639562167,28.651690508593227,28.76995037933775,44864700
2010-01-08,29.354692459106445,29.367832729533568,28.960494371294043,29.151022026861522,33110100
2010-01-11,29.25614356994629,29.68976249699213,29.111605598431332,29.64377280065776,31878700
2010-01-12,28.572860717773438,29.006479549367896,28.21150960290311,28.901359908564693,47109600
2010-01-13,29.072172164916992,29.25613087040141,28.165513890566363,28.612272894956565,39622000
2010-01-14,29.36125946044922,29.42696080837631,28.97363027955494,29.039331627482028,37938300
2010-01-15,28.69769287109375,29.190441715025646,28.474313294927946,29.105031213660723,69738500
2010-01-19,28.434877395629883,28.7436673092951,28.185219918356925,28.513718973320294,41731500
2010-01-20,28.513723373413086,28.6976820705805,28.060393003608702,28.257491965752255,39934400
2010-01-21,26.634700775146484,28.349466036857116,26.49016040634372,28.277195852455733,137547700
2010-01-22,25.72805404663086,27.068331217580145,25.504674518139314,26.706982643733443,106634900
2010-01-25,25.760910034179688,26.20766920515312,25.517821296113368,26.12225870022429,56572200
2010-01-26,25.255016326904297,26.174815043265223,25.149896688427326,25.622936314698645,52975300
2010-01-27,25.83975601196289,25.944875687187917,25.011936376596395,25.195895181677503,66314300
2010-01-28,25.938295364379883,26.306215354078493,25.43897770559238,26.069695539718666,65047400
2010-01-29,25.583513259887695,26.181381621053866,25.49153389759285,26.049983964203886,53649000
2010-02-01,26.036842346191406,26.23394132748837,25.590083318585204,25.688631556108927,37408200
2010-02-02,26.641284942626953,26.726695437415284,26.082837298337928,26.148536136636626,45968500
2010-02-03,26.470460891723633,27.002627886261585,26.391619294848045,26.660990991465383,37373300
2010-02-04,25.19588851928711,26.227375842886342,25.19588851928711,26.141967852397297,57211800
2010-02-05,25.163036346435547,25.54409659308187,24.328648139770152,25.386415886064473,75224100
2010-02-08,24.768844604492188,25.156473829965357,24.519184466157657,25.156473829965357,58321000
2010-02-09,25.222179412841797,25.42584990983799,24.860830633091417,25.0907791730459,45173500
2010-02-10,25.537519454956055,25.951429024694644,25.307571086350865,25.386410168979893,39331800
2010-02-11,25.636072158813477,25.866020545096944,25.202453411643617,25.517812272653565,33830600
2010-02-12,25.590089797973633,25.741199138770376,25.202460617234102,25.40612853010138,38051100
2010-02-16,26.3259220123291,26.37191169340882,25.458684445897845,25.839744667700796,46425300
2010-02-17,26.306215286254883,26.575584517192436,26.122254038754928,26.45075322312999,34644100
2010-02-18,26.549301147460938,26.614999974824272,26.128822637336526,26.24051114510412,31809500
2010-02-19,26.299652099609375,26.73984244717844,26.214244089540546,26.352213188498492,40290200
2010-02-22,26.838382720947266,27.134032492100584,26.444184696909453,26.542735456043864,43898900
2010-02-23,26.201087951660156,27.10117475072226,26.12224636606776,26.871226391700638,52233100
2010-02-24,26.838382720947266,26.91722433075476,26.27993510251871,26.312784520146874,44645000
2010-02-25,26.70041847229004,26.73326789583486,26.082840788396158,26.3850594950091,46718100
2010-02-26,27.57423210144043,27.797611726155786,26.674142213064894,26.733272187438097,67699100
2010-03-01,27.482234954833984,27.71218331435063,27.20629441716486,27.61363258527255,34606800
2010-03-02,27.344276428222656,27.856736954226342,27.173457923721653,27.58079628541661,33891600
2010-03-03,27.285144805908203,27.63335568839554,27.160316002752477,27.363986424348838,27562500
2010-03-04,27.541364669799805,27.64648679287094,27.370546232307923,27.534795790232536,25450700
2010-03-05,28.12609100341797,28.165509287437075,27.71875035606132,27.80416081518436,34790800
2010-03-08,27.981548309326172,28.270626562089376,27.902709241526896,28.152366707266072,28524900
2010-03-09,27.869874954223633,28.132675354717403,27.626786212829632,27.850165801374228,37107100
2010-03-10,28.204938888549805,28.57285886057163,28.126099789634335,28.165518085967186,40903700
2010-03-11,28.369184494018555,28.382324759702957,28.11952445851381,28.191794666653294,30119600
2010-03-12,28.349483489990234,28.605712478796036,28.152381954370266,28.474312290466102,31367300
2010-03-15,28.296920776367188,28.38890015100595,27.988130727579925,28.198370014254234,29142000
2010-03-16,28.408611297607422,28.500590670596328,28.047260180508214,28.480879014777315,28553800
2010-03-17,28.769939422607422,28.98017855580829,28.428300204593974,28.454580722806124,32918800
2010-03-18,28.671405792236328,28.76995654104658,28.349478024455525,28.743676007197223,26012000
2010-03-19,28.54657554626465,28.835653884976992,28.336336298792116,28.546575546264645,37014400
2010-03-22,28.737106323242188,28.769955736510436,28.277207018737933,28.29691616544897,23257200
2010-03-23,29.28899574279785,29.394115407607668,28.763394912498253,28.809384609211893,33735700
2010-03-24,29.52549934387207,29.545210994881376,29.039322060630926,29.197000231209387,35849200
2010-03-25,29.52549934387207,30.254767774983115,29.492649933855667,29.551779874384923,45019400
2010-03-26,29.578065872192383,30.149653732129575,29.42695655318599,29.591206139877695,39727000
2010-03-29,29.472949981689453,29.814589466165692,29.21014960709231,29.729178968484103,30628400
2010-03-30,29.28899574279785,29.597783348410786,29.14445526384041,29.499235072417488,30296300
2010-03-31,29.400672912597656,29.564922481941778,29.072173773909416,29.111594572801838,39043000
2010-04-01,29.716373443603516,29.801879425500047,29.591405092410096,29.61771250225737,23894600
2010-04-05,29.82162857055664,29.861093472673673,29.45987574950437,29.782163668439612,21342400
2010-04-06,30.150493621826172,30.216265946131237,29.69665856239318,29.749275920026566,28192100
2010-04-07,29.80845832824707,30.288603100553324,29.611138936882497,30.14390355171381,28890100
2010-04-08,30.09786605834961,30.235991918553307,29.473021610080053,29.703227195331714,28869900
2010-04-09,30.242586135864258,30.40044328040635,29.893988182528805,30.176813789253334,22881200
2010-04-12,30.347803115844727,30.564856230911797,30.18994858584369,30.275452077489035,24645900
2010-04-13,30.170223236083984,30.505668595997815,30.157068270101757,30.28203919240633,27988900
2010-04-14,31.39360809326172,31.5251552466305,30.76876099654994,31.176557422898497,72533100
2010-04-15,31.44622802734375,31.702743596997358,31.235753585112413,31.34099080622808,45412100
2010-04-16,29.959754943847656,31.40676888101402,29.690084358529894,31.354149006291664,121203900
2010-04-19,29.8544979095459,30.058396025327404,29.32831205645886,29.74926073892849,72136600
2010-04-20,30.176795959472656,30.35438420126023,29.96632156381021,30.10444491551631,39310700
2010-04-21,29.828201293945312,30.512244462589283,29.597995664619543,30.282038833263513,46320600
2010-04-22,29.42696762084961,29.67690428720705,28.95997540938891,29.538780996475055,63176900
2010-04-23,29.55853271484375,29.6440387438218,29.104697654674137,29.420409328146913,32483800
2010-04-26,28.867918014526367,29.473034036543435,28.762680772747803,29.453300328735494,42889300
2010-04-27,27.89446449279785,29.18362094326822,27.822113440435725,28.59823880550632,66296100
2010-04-28,28.585086822509766,28.74952013719386,28.137828005844774,28.177292904628132,48578900
2010-04-29,28.940271377563477,29.157324617241102,28.677176997782226,28.867920297670935,36520300
2010-04-30,28.006284713745117,28.97315094462069,27.77607655663883,28.95341974880284,54121100
2010-05-03,28.631134033203125,28.762681214711105,28.210185059620624,28.262804935845335,31230900
2010-05-04,27.933937072753906,28.519319371568383,27.78923492821866,28.262803758294954,48982200
2010-05-05,28.039167404174805,28.52588857379928,27.37485545796841,27.697145834384404,43062100
2010-05-06,26.84209632873535,28.137829197148726,25.8423414320419,28.039170709593208,78226200
2010-05-07,26.809206008911133,27.519559119093923,26.164627728774835,26.98679428645683,72976300
2010-05-10,27.5919132232666,28.479852199954276,27.243312858174075,27.835273848668184,66578300
2010-05-11,27.328819274902344,27.986552602861746,27.065727449150703,27.26962317502386,50771200
2010-05-12,27.420888900756836,27.48666370866851,26.842085645448357,27.45377755923886,47700000
2010-05-13,26.84209632873535,27.361703718255825,26.822362623981554,27.256466492764584,35320800
2010-05-14,26.23697853088379,26.375101909051704,25.789719727151613,26.375101909051704,60719400
2010-05-17,26.204090118408203,26.335637256855573,25.50031581312568,26.263286205256872,56506200
2010-05-18,25.664749145507812,26.717121236481045,25.35561374607375,26.717121236481045,61735000
2010-05-19,25.901540756225586,26.08570529652377,25.335889657819816,25.349044626277355,64600500
2010-05-20,24.88204574584961,25.81602559487292,24.54002421395222,25.355611897739784,76564100
2010-05-21,26.342208862304688,26.414559901207593,24.349278469863943,24.349278469863943,89588800
2010-05-24,25.401657104492188,26.473762991528744,25.322729817984015,26.414566899384315,49141600
2010-05-25,25.61213493347168,25.658176065787234,24.56633883977615,24.776813304376827,66813700
2010-05-26,25.506898880004883,25.980467701769754,25.30300314434229,25.77656945705351,50719600
2010-05-27,26.585573196411133,26.631616826067184,25.91468757932148,26.033079749173275,44843000
2010-05-28,26.033071517944336,26.539523684447197,25.88836946519946,26.526371233335936,41252400
2010-06-01,25.34903907775879,26.283019052326935,25.32272914660255,25.862070190039706,37848600
2010-06-02,26.013349533081055,26.05939065985218,25.434543570604184,25.76341019557121,39618500
2010-06-03,25.717370986938477,26.269867058453308,25.401659304509064,26.21724969924178,30950400
2010-06-04,24.743927001953125,25.45428019781522,24.664999705430734,25.316156801637653,52868900
2010-06-07,24.151968002319336,25.079371871216058,24.112503100368222,24.85574244493334,44528300
2010-06-08,24.849166870117188,24.862321839108887,24.04015509503086,24.24405335082157,51017900
2010-06-09,24.415056228637695,25.099099374140707,24.34270517356773,25.09252314597666,42586000
2010-06-10,25.18460464477539,25.237221995680464,24.605798730501437,24.78338699428048,44302600
2010-06-11,25.053068161010742,25.105685534298203,24.678160281016517,24.85574862033811,31147600
2010-06-14,24.55318260192871,25.171450932897496,24.487407773706618,24.974131466337514,48662200
2010-06-15,25.158287048339844,25.17801823528496,24.50713027957629,24.697873450219905,45355600
2010-06-16,25.335887908935547,25.57267230671915,24.98729005056164,25.007021247359106,37217100
2010-06-17,25.283262252807617,25.585821419099677,24.941240701951372,25.388499460067006,34755100
2010-06-18,25.769987106323242,25.829183194983063,25.243801045487626,25.38850064405926,37270800
2010-06-21,25.56608009338379,26.1646170016218,25.427956770494752,26.013338718116827,33665100
2010-06-22,25.210912704467773,26.033079137422455,25.138561656919304,25.605551588664884,42245700
2010-06-23,25.579248428344727,25.723950561726664,25.007021142144296,25.18460943973481,45046000
2010-06-24,25.013587951660156,25.454270415072536,24.61237037586834,25.355609450547398,73843400
2010-06-25,25.940990447998047,26.046227635064984,25.17802021449965,25.50688673771538,70734200
2010-06-28,25.34903907775879,26.072544621183322,25.30299795276194,26.013348530608358,39962900
2010-06-29,24.375587463378906,24.934659545999217,24.257195314980088,24.934659545999217,56694200
2010-06-30,24.079618453979492,24.658424507135297,24.0138436132495,24.349289028338397,35332500
2010-07-01,23.763460159301758,24.165223845975298,23.157516994799156,24.066430485311347,56642900
2010-07-02,23.598812103271484,24.165234144938008,23.276080957597827,23.914955514603207,36796000
2010-07-06,23.92812728881836,24.29037477271164,23.618569114635417,24.165232951241407,35953600
2010-07-07,25.126842498779297,25.18611955168867,23.98082031335975,24.132305556909305,44602900
2010-07-08,25.133426666259766,25.56812419851879,24.468208667077256,25.541778284446206,41498200
2010-07-09,25.587881088256836,25.614227001001645,24.817281984105183,24.863386075166332,30422300
2010-07-12,25.811813354492188,25.910609259686137,25.423219979871817,25.59446588054343,24998900
2010-07-13,26.661457061767578,26.79976935517154,26.174070167157915,26.220174264959237,48564800
2010-07-14,26.57582664489746,26.59558733305206,26.239925096079613,26.444102123782503,37320600
2010-07-15,26.648283004760742,26.898564177138038,25.89085677747849,26.819528943092234,81876200
2010-07-16,25.68667984008789,26.575833137250857,25.59447164778771,26.52972904110077,58507400
2010-07-19,25.713024139404297,25.92378642640887,25.107080679902666,25.706436404662792,35404900
2010-07-20,26.101613998413086,26.108199219767055,25.212458366568764,25.238804276953257,43538200
2010-07-21,25.304677963256836,26.509977526348422,25.25198863118758,26.509977526348422,41115600
2010-07-22,25.917198181152344,26.081856371661534,25.508846572185245,25.660331805955547,35494400
2010-07-23,26.233360290527344,26.318980793387418,25.666935363982756,25.798659987609376,28241000
2010-07-26,26.562650680541992,26.582408852104784,26.015984484123937,26.21357373720283,27209400
2010-07-27,26.799772262573242,27.162022373861138,26.747082936149198,26.83270591813408,44872200
2010-07-28,26.556076049804688,26.938084305040153,26.44410967239872,26.635111287531544,23945400
2010-07-29,26.483627319335938,26.89198151111168,26.286037959194307,26.812943757067004,28994300
2010-07-30,26.529733657836914,26.79977305905923,26.16090082445145,26.16090082445145,26406500
2010-08-02,27.425460815429688,27.464979675568618,26.826105255317646,26.99076340383726,35566700
2010-08-03,27.056638717651367,27.4320592416196,26.918323909490756,27.333263309002724,29967900
2010-08-04,27.194942474365234,27.26739246720432,26.91173023644016,27.148838390282933,23078100
2010-08-05,27.181774139404297,27.28715527985633,26.964424123949403,26.984184815117302,19830500
2010-08-06,26.63509750366211,26.971001487016917,26.325541935893952,26.83268926445134,34906600
2010-08-09,26.22675323486328,26.71414252575411,26.121372106087467,26.707554791933205,37790900
2010-08-10,25.798643112182617,26.167478349538364,25.792057890303273,26.1279594808088,34166500
2010-08-11,24.876556396484375,25.54177429167799,24.86338344150732,25.456153853053518,46201600
2010-08-12,24.902904510498047,25.02145860330005,24.514311097976925,24.606519278493042,35387300
2010-08-13,24.698726654052734,25.05438892086735,24.698726654052734,24.89631596478828,24564100
2010-08-16,24.82387351989746,24.909496501853667,24.553834126791116,24.580180046236897,28334100
2010-08-17,24.685550689697266,25.074144042192504,24.63286138574888,25.008281784135992,33883800
2010-08-18,24.955589294433594,25.15317857575651,24.626272988067388,24.626272988067388,27041700
2010-08-19,24.41551971435547,25.008290288376124,24.36941561554108,24.80411319899458,35384700
2010-08-20,24.46162223815918,24.606522260808983,24.244274716669263,24.441864057792312,30862000
2010-08-23,24.290376663208008,24.63945121872074,24.26403075006018,24.50772416546617,29282800
2010-08-24,23.849092483520508,24.171823652874394,23.658088373341368,24.099373644704052,48709200
2010-08-25,23.86226463317871,24.000576910013546,23.493429382467887,23.677848264065595,36058000
2010-08-26,23.467090606689453,24.119135761700658,23.460502870788684,23.947892315556984,31873200
2010-08-27,24.1059513092041,24.165228341623614,23.4143876059657,23.625149829571995,38448800
2010-08-30,23.611989974975586,24.105964681669512,23.598819527117467,23.97424010320603,27306500
2010-08-31,23.94788360595703,24.132299944346823,23.532944332095827,23.67125658588817,34784400
2010-09-01,24.85680389404297,24.89632025550983,24.145479237821483,24.198171069757077,36770500
2010-09-02,25.133426666259766,25.159772580332348,24.692143911724916,24.922664378648395,31282900
2010-09-03,25.798643112182617,25.798643112182617,25.33760220609356,25.33760220609356,34135600
2010-09-07,25.212461471557617,25.581296724910736,25.172945113598626,25.508846718673105,31885500
2010-09-08,25.765703201293945,25.96988018478818,25.251970645223896,25.251970645223896,30781000
2010-09-09,26.411174774169922,26.55607479690361,25.76571491946908,26.299208402046464,33438800
2010-09-10,26.187238693237305,26.50996986667268,26.127961641483246,26.29261983941289,21928600
2010-09-13,27.08296775817871,27.31349064119382,26.766824458956812,26.766824458956812,41643200
2010-09-14,26.81952476501465,27.1554263417445,26.648278853360686,26.984182942574936,42754100
2010-09-15,26.990751266479492,27.09613233364432,26.56922699782019,26.681193282471583,25399500
2010-09-16,26.997364044189453,27.069811553688663,26.707563956251985,26.81953285726923,25207500
2010-09-17,26.38483238220215,27.05663817814022,26.338728284562908,27.023704526268006,45938300
2010-09-20,27.129079818725586,27.20811755116142,26.365065992569576,26.503380768090118,33337500
2010-09-21,26.733898162841797,27.333253746913307,26.65486295188843,27.208114453530133,33548900
2010-09-22,26.305788040161133,26.89855845051763,26.180648736856654,26.628519155240618,34546000
2010-09-23,25.75254249572754,26.14772369888169,25.68009499534321,26.1016196020531,33471100
2010-09-24,26.180660247802734,26.213591393416106,25.884274912311668,26.022587231379045,28855100
2010-09-27,25.739370346069336,26.127961275758697,25.69326373980848,26.04234082302274,25684900
2010-09-28,25.65374183654785,25.950127027114586,25.429806638395664,25.923781118512178,31442600
2010-09-29,25.298080444335938,25.60763859943926,25.067560017653175,25.548361559365944,40207000
2010-09-30,25.06755828857422,25.653740915263874,25.001693519433555,25.35077051466896,54885200
2010-10-01,25.56153678894043,25.745953146698692,25.21904747275763,25.251978606288112,38973800
2010-10-04,25.686847686767578,26.07594252008822,25.528570756380173,25.70663135966858,38886100
2010-10-05,26.14188003540039,26.260587060039487,25.765975295951765,25.95722578183981,42379500
2010-10-06,26.313343048095703,26.42545382418439,25.99678935104787,26.089118980193167,31559900
2010-10-07,26.06273651123047,26.590321761311063,25.851702411198232,26.451831104863327,26923900
2010-10-08,25.92425537109375,26.23421040419955,25.80554833178486,26.161666933985693,28178500
2010-10-11,26.201229095458984,26.319936099926714,25.98360126441821,26.062738428821664,24601000
2010-10-12,26.64308738708496,26.702440897968227,26.029768613199717,26.029768613199717,38798100
2010-10-13,26.27377700805664,26.854122182302568,26.102312703431416,26.814552335515735,69607700
2010-10-14,25.535158157348633,25.970416420679552,25.12627727685172,25.884683008223668,76504900
2010-10-15,24.499773025512695,25.68024465096104,24.097488344888205,25.63408108260011,142280400
2010-10-18,25.192224502563477,25.23179183071824,24.407438951156117,24.49976858687636,55058700
2010-10-19,24.85589599609375,25.489001145660044,24.73059521931069,24.994389241273833,70595100
2010-10-20,25.126270294189453,25.258167234607292,24.704202097432294,25.06032308184298,43497200
2010-10-21,24.862485885620117,25.324124048386786,23.879856046077837,25.185630838548867,38250300
2010-10-22,24.862485885620117,24.921839399629054,24.611881880279533,24.73058890829741,24876900
2010-10-25,24.447019577026367,25.10650217153094,24.400855996669165,25.040554918371065,37893500
2010-10-26,24.532743453979492,24.57231078415847,24.25575956409928,24.387656534721977,39188100
2010-10-27,24.75696563720703,24.816319143616784,24.400844598748527,24.440414441596786,30777500
2010-10-28,24.737180709838867,25.033948256906665,24.618476206737153,24.862483960670495,30614600
2010-10-29,24.816322326660156,24.888865789990717,24.611881885976363,24.697615298614807,19803300
2010-11-01,24.67784309387207,25.060344293265622,24.466808816871154,24.803146425403693,36941900
2010-11-02,24.374467849731445,24.776752498909836,24.2887369527488,24.75037260027259,39913100
2010-11-03,24.875675201416016,24.94821866288232,24.37446720349912,24.38765715246804,35299600
2010-11-04,26.24739646911621,26.28037008277044,24.968001642963635,25.152655892007697,77569400
2010-11-05,26.999210357666016,27.263004341614668,26.23421082308597,26.306754294458145,75684800
2010-11-08,26.715635299682617,27.170679840395458,26.51779105037214,26.94645568698328,32967000
2010-11-09,26.313343048095703,26.8277384032794,26.201229756281855,26.662867839107687,32800100
2010-11-10,26.788171768188477,26.80136171678779,26.10890576753945,26.293560016478885,35587900
2010-11-11,26.392492294311523,26.669473761346058,26.280378951183515,26.55736293394436,25499700
2010-11-12,26.122098922729492,26.55076098406249,25.970418268806206,26.286969526871207,33504800
2010-11-15,26.43204689025879,26.801355299713794,26.188036673183323,26.26058011524766,28772500
2010-11-16,26.122098922729492,26.359512995209688,25.746194146544443,26.2078323412864,46023000
2010-11-17,25.838512420654297,26.168253515848228,25.706615479431743,26.102306303099404,32027500
2010-11-18,26.155071258544922,26.3792953698174,25.957227046416424,26.095717743333807,30987600
2010-11-19,25.990198135375977,26.14187876711697,25.891274781067526,25.990198135375977,26542000
2010-11-22,25.39668083190918,25.78577577397969,25.19883650042338,25.75939837464817,33249500
2010-11-23,24.816322326660156,25.205417026203122,24.79653614483553,25.066923816333148,35340400
2010-11-24,25.165851593017578,25.21861139950454,24.789946776839116,24.94822368057396,24248300
2010-11-26,24.730587005615234,25.04713821740006,24.730587005615234,24.869077689072583,12819100
2010-11-29,25.000978469848633,25.11968550684096,24.473393036397056,24.71080711038171,30911400
2010-11-30,24.664642333984375,24.921840062960264,24.559125252462838,24.723995849573093,33716700
2010-12-01,25.159252166748047,25.18562954828079,24.82951099819683,25.027355196182466,33157200
2010-12-02,25.92425537109375,25.97041894018878,25.277962888037482,25.343910125108714,41526000
2010-12-03,26.122098922729492,26.16166625765901,25.52197002428268,25.765977814009204,30070200
2010-12-06,26.313343048095703,26.412263877163635,25.917652184648492,26.03635919211014,25364500
2010-12-07,25.884674072265625,26.682646860273636,25.878080357764816,26.61010342214114,40908200
2010-12-08,26.550765991210938,26.596932083544683,25.75938895466733,25.95723321380323,38115900
2010-12-09,26.91347885131836,27.104726843905834,26.755201961332162,26.82114919798635,43001900
2010-12-10,27.322351455688477,27.368515014696207,26.88709324524039,26.9662304155786,28449000
2010-12-13,27.37511444091797,27.691668219752152,27.14429659773243,27.414684292203695,35730400
2010-12-14,26.90028953552246,27.368521467701704,26.68925535437898,27.328951615340095,34010800
2010-12-15,26.517784118652344,27.038775767706657,26.41886327771796,26.860715235154213,30264000
2010-12-16,26.385887145996094,26.827741619118427,26.26058640786686,26.656274803020043,37123200
2010-12-17,26.161659240722656,26.425453142886358,26.069332129682888,26.41885942740856,52004800
2010-12-20,26.346338272094727,26.55737256610723,26.174871335880052,26.267201040771845,22978200
2010-12-21,27.038780212402344,27.197057105930913,26.366107817426204,26.484814858641162,30757800
2010-12-22,27.803781509399414,28.054385558485123,27.144299023393046,27.150892741333653,47280400
2010-12-23,27.75102996826172,27.87633076090186,27.579563077568313,27.79719355058843,18927900
2010-12-27,28.14012336730957,28.146719602592906,27.566374168265018,27.579564123105044,17203200
2010-12-28,28.100543975830078,28.43687887506877,28.00821684724399,28.159897489310502,20386600
2010-12-29,27.935670852661133,28.206058497182248,27.896101008685353,28.080757764846968,13637400
2010-12-30,27.849943161010742,28.00822005365343,27.73123612046019,27.90270296380026,12901900
2010-12-31,27.975242614746094,27.995028797732598,27.724641110357368,27.770804677782962,12199700
2011-01-03,28.740245819091797,29.043607136412362,28.331364896728413,28.357744797989117,43278500
2011-01-04,29.156190872192383,29.248624045668027,28.61479441159354,28.905299030890575,40036800
2011-01-05,29.512727737426758,29.677787733140985,28.984536254864366,28.99773883813973,50032500
2011-01-06,29.367467880249023,29.57874442827408,29.21561301876946,29.31465000255032,31606200
2011-01-07,28.8128719329834,29.44010040918965,28.159235772083616,29.40708891436103,69579400
2011-01-10,28.65440559387207,28.898693591355286,28.39030869162041,28.568573722848072,30098100
2011-01-11,28.786455154418945,29.063757188593797,28.66761178528902,28.852480647610594,28067100
2011-01-12,29.519319534301758,29.644766702609044,29.21560984434226,29.3410544940347,44296900
2011-01-13,29.34766387939453,29.690988927530487,29.162794995865738,29.6711800179931,42133000
2011-01-14,29.6513729095459,30.331419179977328,29.34766316921878,29.387275950104332,86983800
2011-01-18,29.545738220214844,29.98809778463231,29.38067823015778,29.724003311710344,46237700
2011-01-19,28.85907745361328,29.690980908264933,28.786450681694447,29.413678917176167,44989200
2011-01-20,29.545738220214844,29.70419691886048,28.793065068533114,28.938318665740315,46977700
2011-01-21,29.902273178100586,30.067333194514987,29.61176593729702,29.743814454151735,44767400
2011-01-24,29.723995208740234,30.027704903184098,29.618356944646067,29.849439860284903,27826800
2011-01-25,29.62496566772461,29.99470094413524,29.222218897741637,29.591954174152264,36022400
2011-01-26,29.69759750366211,30.027717532629385,29.624970694310758,29.842851122364813,25639400
2011-01-27,29.776817321777344,29.961686199229113,29.50611907407447,29.697589242078152,26740900
2011-01-28,29.40709114074707,30.29181286965996,29.314657940782645,29.74381244327687,38593900
2011-01-31,29.671184539794922,29.776822838503772,29.31465685578736,29.32125814756229,23574500
2011-02-01,30.32481575012207,30.371032336971734,29.81643077616069,29.842840973964808,28255500
2011-02-02,30.007898330688477,30.357824606102273,29.935271552331304,30.232379955331165,24104900
2011-02-03,30.01449966430664,30.205969804144747,29.605151707692144,30.02770476208322,23322400
2011-02-04,29.440105438232422,29.82304337716708,29.24863520945707,29.710803771853556,38172900
2011-02-07,30.040916442871094,30.20597642332643,29.479713516769124,29.545736501505086,36790900
2011-02-08,30.19936180114746,30.25217966189733,29.915458558600783,30.034301893555874,28649500
2011-02-09,29.783411026000977,30.040904086622294,29.479701391350932,29.94847093856484,33491000
2011-02-10,30.06071662902832,30.067320437307924,29.677778863103164,29.776813319763075,22688600
2011-02-11,30.74737548828125,30.958652079163194,29.97489592510957,29.97489592510957,40812800
2011-02-14,30.727554321289062,30.965241001406515,30.68133774666783,30.767167088899026,28699200
2011-02-15,30.91243553161621,31.255760622000764,30.727569143953616,30.74077424573175,35972900
2011-02-16,31.651906967163086,31.929209096764573,31.09730522657601,31.130319243840308,44327800
2011-02-17,31.572660446166992,31.68490249842495,31.36138395574377,31.539648966778568,22932600
2011-02-18,31.691511154174805,31.777343035429567,31.394402733381412,31.572667785857448,23844300
2011-02-22,30.377635955810547,31.209539620106902,30.271997675111116,31.16332302971436,44561900
2011-02-23,30.344619750976562,30.70114983742716,29.902260306340178,30.397440142427712,36264800
2011-02-24,30.31160545349121,30.410642418966596,29.849437145630507,30.126739137792793,31926900
2011-02-25,30.820003509521484,30.93884691142732,30.450268201523805,30.53610010703707,26782100
2011-02-28,30.826597213745117,31.150115843439703,30.648332154764237,30.905827807924474,25985300
2011-03-01,30.10692596435547,30.82658725806634,30.100324676280014,30.681336252877653,33682600
2011-03-02,29.84944725036621,30.35123101800553,29.757014061226204,29.968290641722074,28600000
2011-03-03,30.423858642578125,30.588918632995025,30.179568043357904,30.1861718533993,23043600
2011-03-04,30.05412483215332,30.397449931301928,29.776822724965115,30.35783462495627,27716900
2011-03-07,29.83623695373535,30.139949189099905,29.552333625891027,30.120140281579676,28110800
2011-03-08,30.6351375579834,30.826605247276273,29.908872033762414,29.961692443647184,32941500
2011-03-09,30.740774154663086,31.097301827153938,30.38424396355661,30.588919262587876,25174700
2011-03-10,30.06071662902832,30.536090080563593,29.88245158470259,30.423850525959377,33783700
2011-03-11,30.19936180114746,30.265384756738374,29.87584327407765,29.89564965703206,20337600
2011-03-14,29.908859252929688,30.067317896254735,29.46649984294736,29.988087315284865,24508900
2011-03-15,29.45330047607422,29.704192327392192,28.951516773438264,29.413685177882375,35606000
2011-03-16,28.925111770629883,29.565542779679014,28.826074775290788,29.47310959395741,41962900
2011-03-17,29.420291900634766,29.45330339308979,28.65441369004719,29.35426639710928,46741800
2011-03-18,30.19936180114746,30.48986633180751,29.54572345889447,29.869241985964283,77421000
2011-03-21,30.126760482788086,30.582325305793095,29.922085117812042,30.555915093805908,28985300
2011-03-22,30.021114349365234,30.179570542864255,29.941883733999937,30.14655904576994,19756600
2011-03-23,30.10692596435547,30.166347631491753,29.558928383977996,29.902253292030498,26688900
2011-03-24,30.192768096923828,30.26539488354335,29.77021499508133,30.1729617073422,21748100
2011-03-25,30.278587341308594,30.621912222869188,30.15314021002612,30.172949109952572,20710400
2011-03-28,30.344619750976562,30.70114983742716,30.338018461352615,30.437052917401186,19039400
2011-03-29,30.384233474731445,30.39743857191198,30.054113601062415,30.258788829438526,17913300
2011-03-30,30.66814422607422,30.932238678068405,30.5162893494891,30.720962109026907,26829100
2011-03-31,30.43705940246582,30.595518091966344,30.344626216346942,30.40404791008271,23340500
2011-04-01,30.60211944580078,30.952048317903092,30.489879867744776,30.73416793421965,25387300
2011-04-04,30.761436462402344,30.880924333197452,30.568927944757576,30.61539516870303,15708000
2011-04-05,30.920751571655273,31.046876520227247,30.568925081809585,30.648582810788014,21058400
2011-04-06,31.624406814575195,31.684150758220827,30.953949253462284,31.07343714075356,31203300
2011-04-07,31.465085983276367,31.73061260712199,31.173003405090363,31.624401451129,29972000
2011-04-08,31.09332847595215,31.63766066592421,30.953926885604442,31.544726272359075,23808000
2011-04-11,31.106611251831055,31.37877739994547,31.03359063341232,31.19954566353752,25641600
2011-04-12,30.960582733154297,31.272579128280583,30.70169318497454,30.900838796476364,27231300
2011-04-13,30.70170021057129,31.445178512039096,30.456087317923554,31.35888366441453,55383900
2011-04-14,29.852001190185547,30.36978023968208,29.812171058580578,30.32331301894642,45214600
2011-04-15,29.798898696899414,30.117532199419728,29.75907109175561,30.031237366758837,32475000
2011-04-18,29.181549072265625,29.44043866653769,28.89610604979276,29.387334342410384,50958800
2011-04-19,29.639583587646484,29.67941119329535,29.048781270356788,29.380691489558767,26705000
2011-04-20,29.579830169677734,29.85199636093179,29.168259806494962,29.805529147713283,35542800
2011-04-21,29.65949058532715,29.765701729811486,29.287750313495255,29.65949058532715,24368100
2011-04-25,29.6130313873291,29.885197677042118,29.460352984053415,29.639584813709423,17358900
2011-04-26,29.95158576965332,30.15737107418875,29.613038366475383,29.77235389775628,25900000
2011-04-27,30.203838348388672,30.290135738420986,29.905118561565047,30.071073717325426,20857200
2011-04-28,30.436159133911133,30.489265972341215,30.14407911936597,30.276843683167748,19859000
2011-04-29,30.29012680053711,30.549016361967293,30.13744840616223,30.409614680008573,23363000
2011-05-02,29.991395950317383,30.52909120801061,29.94492874027546,30.495898173175217,25904000
2011-05-03,30.482624053955078,30.58219810236997,29.778976223703747,29.838720146298034,30025500
2011-05-04,30.203838348388672,30.562302092577017,30.05779700099163,30.522471943575628,22727400
2011-05-05,29.984769821166992,30.343233487575525,29.865284464638314,30.031239584389578,26154500
2011-05-06,29.89847183227539,30.34323029086107,29.712600395789433,30.183914810757564,26332300
2011-05-09,29.84535789489746,29.944931945515776,29.420513339169474,29.70595624985046,22469500
2011-05-10,29.978139877319336,30.203838995278343,29.85865196003076,29.91175882650336,20534200
2011-05-11,29.360780715942383,29.898476238143314,29.28112296415219,29.88519952413257,31519600
2011-05-12,29.267858505249023,29.427176607813745,28.909394673684908,29.27449559889636,29567900
2011-05-13,28.643861770629883,29.274489355930186,28.53101094448865,29.247938454727656,32872500
2011-05-16,28.464618682861328,28.862909899063162,28.35840752305592,28.524362618518982,34951100
2011-05-17,29.081972122192383,29.2213737959856,28.311940573077823,28.331854374398617,36277100
2011-05-18,29.261211395263672,29.367422583191466,28.81645030487734,29.022235589357518,24372100
2011-05-19,29.208099365234375,29.440435506366402,29.042144255204633,29.420521703490518,19518000
2011-05-20,28.63056182861328,29.267828521465876,28.60400841667624,29.095236408420575,29946700
2011-05-23,28.245561599731445,28.47790029270739,28.079606475723303,28.145990044691096,32299500
2011-05-24,28.10615348815918,28.491167971196994,27.674669251313386,28.39159643888357,39341400
2011-05-25,28.059688568115234,28.37832205574548,27.94683778350881,27.953477405571817,26505300
2011-05-26,28.179180145263672,28.272114608166547,27.9468414557323,27.960118169329025,21648100
2011-05-27,28.404876708984375,28.643852468119835,28.238921602059634,28.345132769200507,24747300
2011-05-31,28.703594207763672,28.796528655354237,28.391597820332116,28.703594207763672,28746300
2011-06-01,27.72113800048828,28.537639297640826,27.701224199382928,28.457979028671833,38628700
2011-06-02,27.621562957763672,28.01321703420563,27.1037839365356,27.83398525017896,45964000
2011-06-03,27.59500503540039,28.04640296619556,27.22990443815305,27.276371648769636,31833100
2011-06-06,26.904632568359375,27.375946846671035,26.798421434994744,27.28300988923796,40895900
2011-06-07,27.030763626098633,27.422417707284094,26.984296407337094,27.163525661261026,36312000
2011-06-08,26.81170654296875,27.263104634254063,26.685581573920253,26.93783404429121,38890700
2011-06-09,27.203353881835938,27.375948567070644,26.911273879796163,26.9444643862572,30082300
2011-06-10,27.249826431274414,27.548546112442406,26.619196555980604,26.94446966042438,48545700
2011-06-13,27.66140365600586,27.760977760605787,27.030776101121905,27.409153646962146,31767100
2011-06-14,27.621562957763672,28.172532487380362,27.535265610134502,27.96674981600688,32103500
2011-06-15,27.00421142578125,27.48216287722738,26.71876847919799,27.229910440933743,37336400
2011-06-16,26.79178237915039,27.024118424984888,26.353661169667493,26.971014128339707,50316600
2011-06-17,27.083866119384766,27.256460805171514,26.91127396587135,27.11705662595196,31999600
2011-06-20,26.87144660949707,27.0905085335213,26.63247088593376,26.884723319947653,21565400
2011-06-21,27.156890869140625,27.36931318209376,26.718769532140573,27.004212489972666,34241100
2011-06-22,27.010848999023438,27.568458191612965,26.87144733394447,26.99757228821492,27306300
2011-06-23,26.599279403686523,26.718767261100655,26.300559760151195,26.632469912463005,48307500
2011-06-24,26.214262008666992,26.672297055954235,26.18106897133352,26.585999716978996,36136800
2011-06-27,26.473155975341797,26.625834350286667,26.1080552933194,26.154522514725507,30632700
2011-06-28,26.247453689575195,26.599277617066893,26.048308118019015,26.599277617066893,41558700
2011-06-29,26.851526260375977,26.92454688390631,26.499699849936448,26.57936009320935,44775900
2011-06-30,27.176803588867188,27.26310094140803,26.798426200699765,27.030764837190706,28000100
2011-07-01,27.771236419677734,27.864741854437806,27.230237414210453,27.256953980665333,32136800
2011-07-05,27.40389633178711,27.724487559817728,27.363824020678653,27.724487559817728,23805800
2011-07-06,27.0899715423584,27.15008252583631,26.836169329025974,27.11000768757394,23865700
2011-07-07,27.597585678100586,27.91149901432917,27.45064708704339,27.510758097218385,28550800
2011-07-08,27.210201263427734,27.363817698796087,27.089979262212154,27.183484696972716,20680000
2011-07-11,26.335247039794922,26.862887646212716,26.241741625560163,26.84284895185423,38328000
2011-07-12,26.30853843688965,26.796104349898606,26.208355126120043,26.208355126120043,33808300
2011-07-13,26.4621524810791,26.96307663291792,26.32189433004391,26.495546914968628,34020600
2011-07-14,26.94972801208496,27.544160358901134,26.909655696183197,27.504085495166468,65327400
2011-07-15,26.702598571777344,27.216881046994153,26.382007395245864,27.123375605651493,46544900
2011-07-18,26.602413177490234,26.715954762270528,26.001303176206353,26.575696611248286,47603200
2011-07-19,26.9764404296875,27.04323185894987,26.522268902033428,26.66252708173564,34837400
2011-07-20,27.35713005065918,27.624290548914164,27.130044391491847,27.17679709651177,31250900
2011-07-21,28.245450973510742,28.41910360262111,27.537477074882794,27.764562850077976,45552200
2011-07-22,28.178653717041016,28.265481287567304,27.891456985773534,28.232086852082457,19986100
2011-07-25,27.844707489013672,27.991646079550826,27.57754942638442,27.73116588565853,22522300
2011-07-26,27.677724838256836,27.911490942593314,27.5775415488255,27.71779968272838,24350600
2011-07-27,27.163442611694336,27.651010971300295,27.110012033277606,27.51743070351092,32361100
2011-07-28,27.170135498046875,27.544159909975736,27.130060634965364,27.176813367977363,23370200
2011-07-29,27.016515731811523,27.21688492723076,26.649171782237495,26.87625754980131,37793400
2011-08-01,27.00982666015625,27.630972750406116,26.68923554064531,27.490714613338533,34039300
2011-08-02,26.609094619750977,26.969760668972512,26.609094619750977,26.782747227987826,42119000
2011-08-03,26.6491641998291,26.729311345626254,26.28181780694251,26.555656223928622,41110100
2011-08-04,25.32672119140625,26.44211350868355,25.259932330754218,26.255102660592488,59931100
2011-08-05,25.112993240356445,25.881077860510718,24.52524414531784,25.580522898370713,85507800
2011-08-08,22.748641967773438,25.193152325197378,22.50151749126981,24.19798164556838,107650300
2011-08-09,24.31151580810547,24.43841565489448,22.50150823773929,23.630258769268092,78985700
2011-08-10,22.9556827545166,23.94417274649298,22.701883026028444,23.723767450928854,83975700
2011-08-11,24.505205154418945,24.912623815102787,23.129335307582977,23.129335307582977,69583500
2011-08-12,23.984249114990234,25.279972048530723,23.76384380545528,24.799086578712604,44072800
2011-08-15,24.63211441040039,24.805767019322218,24.304842798260516,24.398348245205526,34827900
2011-08-16,24.064388275146484,24.425054168581138,23.89073574191752,24.224685077061185,42266600
2011-08-17,24.425064086914062,24.88591343933106,24.258089351538477,24.35159479569564,30131400
2011-08-18,23.50334930419922,23.690362632688842,23.04250021707677,23.55678241171934,57130300
2011-08-19,22.942325592041016,23.710410325958403,22.88221459070981,23.216164031920496,52960800
2011-08-22,22.314498901367188,23.49668008815478,22.27442405597665,23.45660524276424,50971400
2011-08-23,23.229516983032227,23.24287526335414,21.57980885466355,22.23434930344855,55807900
2011-08-24,23.930818557739258,24.05103801446666,23.162733811701685,23.256239249063043,41959800
2011-08-25,23.857349395751953,25.760860231441907,23.65697768855756,25.23989990753352,55387600
2011-08-26,24.18462371826172,24.364956765482724,23.256244456808595,23.563477404889134,35114200
2011-08-29,25.139711380004883,25.139711380004883,24.35827097725853,24.5920345470121,27943900
2011-08-30,24.752334594726562,25.193147774711672,24.545285014797134,24.97942032670872,28818700
2011-08-31,25.086286544799805,25.400197332107705,24.859200790240685,24.992778547648776,30051100
2011-09-01,24.244733810424805,25.259940622125782,24.238055941300335,25.12636030914334,36862300
2011-09-02,23.129337310791016,23.54343387404802,23.049187616355322,23.416534012939284,41677300
2011-09-06,22.33453369140625,22.374608534358803,21.893720610254537,22.114128424746184,57071200
2011-09-07,23.256237030029297,23.363100740793133,22.621732632692595,22.77534905767612,36145900
2011-09-08,22.38128662109375,23.31634591653184,22.33453391110501,23.002432679894614,44815300
2011-09-09,21.42620277404785,22.174248997600422,21.32601689728812,22.094101824892245,67187400
2011-09-12,21.653282165527344,21.653282165527344,20.845125068800137,20.938631785599437,53377600
2011-09-13,21.700040817260742,22.314506707890406,21.48631078157148,21.913768305117376,50137600
2011-09-14,21.907075881958008,22.1675559557896,21.27925204893235,21.860323178851374,44442500
2011-09-15,22.581668853759766,22.58834672352568,22.127497274693653,22.287791627403575,35847800
2011-09-16,22.32785987854004,22.888895042575946,22.0540214382268,22.741956472904242,52683800
2011-09-19,21.700040817260742,21.96719890316522,21.45959675646387,21.833618586296666,33154800
2011-09-20,21.53973960876465,21.907083495626768,21.533061740784806,21.887047343855127,34085100
2011-09-21,20.26405906677246,21.67332659426267,20.21062718901492,21.526387974992097,57389200
2011-09-22,19.549392700195312,19.789835334513704,19.055147879648803,19.60282453825668,86285600
2011-09-23,19.76313018798828,19.90338835711264,19.275564256390048,19.34235313278289,51731300
2011-09-26,21.13899803161621,21.245861744104953,20.01024863529842,20.077038774082872,58696100
2011-09-27,21.085569381713867,22.127492647791357,20.871841924236268,21.786862760801753,58242900
2011-09-28,20.35087776184082,21.372763474053766,20.317483328479,21.118962468322405,38725900
2011-09-29,20.965347290039062,21.44623534148232,20.33084406226362,21.092248445160603,51014100
2011-09-30,20.117116928100586,20.671473005466957,20.110437785732778,20.53121356357534,42420600
2011-10-03,19.135297775268555,20.504490894298804,19.128618635302665,20.056998707909905,51002700
2011-10-04,20.388525009155273,20.503067335026415,18.764719926889487,19.034230903901083,69800000
2011-10-05,20.779319763183594,21.00166651748278,19.80907879663718,20.36831465048846,51117200
2011-10-06,21.81693458557129,21.870835494535864,20.496328902567555,20.691723874235596,53214000
2011-10-07,20.684995651245117,21.971912184005994,20.651305963005445,21.951699656192392,49320600
2011-10-10,21.76304054260254,21.77651641825154,21.277920585410683,21.291396461059684,37324800
2011-10-11,21.76304054260254,22.019077039412586,21.16337821265466,21.547431672739492,38161700
2011-10-12,22.36944580078125,22.820876143625554,22.02581734046431,22.07298162791787,55462500
2011-10-13,21.291393280029297,21.89105680551497,20.833223857457785,21.864105058243684,78830000
2011-10-14,21.48678207397461,21.776506847442423,21.156630976457468,21.473307489377945,51899600
2011-10-17,20.914073944091797,21.621540472359168,20.866908395094807,21.318339797313264,40865400
2011-10-18,22.1470890045166,22.51766650532024,20.981453011674663,21.129685040100075,64392400
2011-10-19,21.729345321655273,22.915193733876315,21.58111330628027,22.07971026783095,50119300
2011-10-20,22.3222713470459,22.362696392017565,21.33855455695631,21.776510107590845,41657100
2011-10-21,22.517658233642578,22.935402420248394,22.241409372311093,22.558085836615092,48445300
2011-10-24,23.29250717163086,23.37335981861345,22.618729116170876,22.64568085525151,45697200
2011-10-25,22.56483268737793,23.076902980259142,22.47724080310858,23.029738712635602,38679100
2011-10-26,23.029743194580078,23.184711899825277,22.571573731133263,22.982578917777637,36350900
2011-10-27,24.943267822265625,25.293632774327097,24.053880855594088,24.6333304851473,76438300
2011-10-28,24.720924377441406,24.916320697160028,24.384035234585927,24.667023451119825,39891200
2011-10-31,23.420534133911133,24.25602041236265,23.400321606050827,24.208856133848332,46429800
2011-11-01,22.039291381835938,22.665905514659165,21.453104879287356,21.877586001258727,74052400
2011-11-02,22.665903091430664,22.73328246801816,22.27511298826483,22.713067369911705,34325900
2011-11-03,23.16450309753418,23.25883166630702,22.126883700511446,22.989319266732558,40084700
2011-11-04,22.88825225830078,22.94889241495941,22.537887194302105,22.90172813425387,30858700
2011-11-07,23.070175170898438,23.13755198753706,22.713070845983495,22.928679743540048,25925900
2011-11-08,23.595718383789062,23.703522818159033,22.921940026411626,23.26556585775952,30193100
2011-11-09,21.924741744995117,22.90172058221216,21.81693734318039,22.80065283102224,52990400
2011-11-10,22.05950355529785,22.389653496158164,21.749563571502428,22.18078128950956,30427400
2011-11-11,22.423337936401367,22.80739130928311,22.248156733261933,22.423337936401367,29983400
2011-11-14,21.931482315063477,22.221207178641883,21.709136821073155,22.200994652895528,27596300
2011-11-15,22.032546997070312,22.30879594802254,21.614805245199584,21.62154189608437,31260500
2011-11-16,21.203794479370117,21.891049674483348,21.156630222139214,21.789981940268987,40761800
2011-11-17,20.543498992919922,21.224015189726767,20.44243251094723,21.156637106701623,55130100
2011-11-18,20.6310977935791,20.78606653682865,20.435701415901473,20.66478620380536,39029900
2011-11-21,20.15270233154297,20.341360657165886,19.94383148594132,20.226818331810847,39658100
2011-11-22,19.815818786621094,20.280726152023906,19.79560497590617,20.14596998418452,36466200
2011-11-23,19.121828079223633,19.640637691967918,19.08813967741121,19.61368722754401,44468500
2011-11-25,19.1892032623291,19.654110590698657,19.054448390353983,19.054448390353983,21423200
2011-11-28,19.647377014160156,20.260515223299095,19.418292267324706,20.017954600736793,45280100
2011-11-29,19.243106842041016,19.627160246541713,19.189204632376534,19.526093764062065,45104700
2011-11-30,20.866910934448242,20.887124743621115,20.07859036852573,20.31441300168938,61412600
2011-12-01,20.523290634155273,20.86691779224548,20.233566984907814,20.79280303784747,33189700
2011-12-02,21.78325080871582,22.416601402150732,20.75910633380651,20.806270602984647,90515100
2011-12-05,22.57830810546875,22.975837377168027,22.382914365683728,22.66589999794759,52207600
2011-12-06,22.3896484375,22.625472340807704,22.01907095545619,22.409860960258463,38782900
2011-12-07,22.908462524414062,23.036479477933266,22.04602711068412,22.113403913534167,44722800
2011-12-08,21.70914077758789,22.706332496889534,21.61481221323323,22.605264709217767,47788900
2011-12-09,22.3559627532959,22.443554646301983,21.80346478866072,21.80346478866072,39104600
2011-12-12,21.587865829467773,21.965180180725884,21.399207368708097,21.93149176654373,35977900
2011-12-13,21.08251953125,21.985382380793514,20.7995326487792,21.810198617455065,49475100
2011-12-14,21.230751037597656,21.52047586650801,20.772581660263132,20.806270055896,41291500
2011-12-15,21.399198532104492,21.7495622643635,21.271180297841152,21.628281967180342,33457300
2011-12-16,21.48678207397461,21.965163883092405,21.432879880198946,21.668702459891097,52596800
2011-12-19,20.684995651245117,21.49352889204425,20.496337252493554,21.473316364230648,47388000
2011-12-20,21.702396392822266,21.857365078871894,21.048831965702096,21.1566363807914,49091600
2011-12-21,21.776512145996094,21.837152289389582,21.493525238536467,21.560903318432565,30893000
2011-12-22,22.53788185119629,22.60525864472803,21.924743777121744,22.02580896741935,35543200
2011-12-23,22.61874008178711,22.70633199113427,22.322278518952835,22.652428486840464,21958800
2011-12-27,22.25489044189453,22.699583897500414,22.25489044189453,22.382909929435023,16891600
2011-12-28,21.99885368347168,22.29531509105316,21.94495020740639,22.227938316230752,19242700
2011-12-29,22.517658233642578,22.5850375719301,22.03927649796641,22.03927649796641,19792000
2011-12-30,22.40313148498535,22.51767257764967,22.275114516079245,22.308802921553422,18196900
2012-01-03,23.568761825561523,23.710254634889488,22.915196129722915,22.948887096928562,44102800
2012-01-04,23.71805763244629,23.85378379892355,23.29730884625195,23.371955778491206,36571200
2012-01-05,24.21346664428711,24.376336045054483,23.344822936827914,23.55519612854931,38381400
2012-01-06,23.996305465698242,24.274543062122675,23.84700635925894,24.220251536594777,33160600
2012-01-09,23.955583572387695,24.213463106143433,23.745210411406656,24.050591140412948,23001800
2012-01-10,24.464550018310547,24.668137993230047,24.26774718742502,24.478122895140054,35972800
2012-01-11,24.87851333618164,24.93280484270366,24.199885037225503,24.29489258487752,29852900
2012-01-12,25.00745391845703,25.143180107601303,24.545986428623557,24.987095896152,39420700
2012-01-13,24.37632942199707,24.37632942199707,23.840214985640962,23.928434808436243,61571500
2012-01-17,23.69091796875,24.21346216125968,23.41268042092141,23.65019933171583,55115100
2012-01-18,24.797080993652344,24.892088550225747,23.43303653495773,23.439824268291122,55502100
2012-01-19,25.061752319335938,25.21105142731457,24.912453211357306,25.00067564686854,37000400
2012-01-20,25.353551864624023,25.380697615959317,24.851365819966457,24.95994623654629,34716500
2012-01-23,25.557144165039062,25.747159279152687,25.29247951644886,25.319625272397026,27499200
2012-01-24,25.557144165039062,25.713228378598366,24.973523355962325,25.23140285994637,25403800
2012-01-25,25.516427993774414,25.66572707713681,25.19068665724357,25.353558619890006,29860700
2012-01-26,25.4417781829834,25.855739305217252,25.27890623863235,25.706442827387335,33284600
2012-01-27,25.25176239013672,25.55714569088152,25.211046342545362,25.265335268921145,27674600
2012-01-30,25.116031646728516,25.224612068596198,24.6749248154742,24.878512782880918,24423600
2012-01-31,25.31284523010254,25.47571722651692,25.061753383194493,25.4689294910866,29649500
2012-02-01,25.516427993774414,25.808238426476176,25.44856618611625,25.713230860249933,41957800
2012-02-02,25.482494354248047,25.896458067302664,25.394271942754013,25.577501910274666,26784200
2012-02-03,25.9778995513916,26.12719865784038,25.821815298632618,25.971114405081398,41074400
2012-02-06,25.882884979248047,26.00503828993632,25.65893896882736,25.828596057143102,23106200
2012-02-07,25.69965362548828,25.8693107046429,25.584288054268704,25.692868481377197,21091900
2012-02-08,25.9914608001709,26.02539169406084,25.767514829488253,25.82180374195991,23258700
2012-02-09,25.692869186401367,26.249344214197517,25.67929630904516,26.195052704772696,28608400
2012-02-10,25.52322006225586,25.631800526205726,25.183905788817228,25.258555343175722,22618800
2012-02-13,25.9914608001709,26.018606550787357,25.638573808440693,25.842164349302887,24828000
2012-02-14,25.73358726501465,25.964321020795897,25.407845948987333,25.94396299753227,27031900
2012-02-15,25.380701065063477,26.059329408099806,25.319624410639737,25.842168545429114,26534900
2012-02-16,25.787879943847656,25.869314629343297,25.14318242749907,25.21104682271375,22139600
2012-02-17,26.106840133666992,26.22220574008353,25.943968148932754,26.195059977834095,28009300
2012-02-21,26.10004425048828,26.44614613921227,26.066113352650643,26.2289852865375,22804200
2012-02-22,25.83537483215332,26.05253564455759,25.720009283146524,25.99145900427132,23416900
2012-02-23,26.120403289794922,26.14076130952123,25.618217230200862,25.828592926164568,31361400
2012-02-24,25.9778995513916,26.249352001523484,25.91682287955005,26.23577912014065,17586400
2012-02-27,26.507225036621094,26.622590616795605,25.645366696964896,25.835381811963753,34030400
2012-02-28,26.6090145111084,26.83974823223141,26.364707913594447,26.554725594306117,37900900
2012-02-29,26.629383087158203,27.104420959157377,26.480083990951467,26.690459754809847,41187700
2012-03-01,27.396236419677734,27.45052795139859,26.785472220394418,26.812615397492127,44376700
2012-03-02,27.57267951965332,27.74233666212686,27.301227056190633,27.436953287921977,34897900
2012-03-05,27.41659164428711,27.62696481640807,27.145139216616062,27.620179670659287,30806900
2012-03-06,26.68368148803711,27.056926772225626,26.54795522412406,26.77190394789507,33927500
2012-03-07,27.111207962036133,27.18585750812472,26.724389940269983,26.778678871849387,22875100
2012-03-08,27.4437313079834,27.654107041974783,27.294434821734495,27.464091920151517,22052300
2012-03-09,27.844120025634766,28.12235754212222,27.484447833013878,27.654104918402854,33494200
2012-03-12,27.5116024017334,27.810198035723378,27.280868588134886,27.728763333501114,30763800
2012-03-13,29.445693969726562,29.676427792810042,27.70161870859304,27.8373449437179,77277600
2012-03-14,29.574621200561523,29.85964383088725,29.228519333724403,29.601764363858212,68028700
2012-03-15,30.334693908691406,30.483990415581555,29.133521175177254,29.61534677999438,57117700
2012-03-16,30.246471405029297,30.483990339554598,30.008952470504,30.450059433017017,48844500
2012-03-19,30.538267135620117,30.77578595561499,30.002150269047704,30.158234434867335,41509300
2012-03-20,30.796173095703125,30.945469658869637,30.110756615265057,30.219337110642158,34796200
2012-03-21,30.619720458984375,30.992965656017123,30.443278169232325,30.897958070091974,27267900
2012-03-22,30.300764083862305,30.60614484312704,30.13789210199376,30.34826787258181,27457200
2012-03-23,30.646860122680664,30.70793678558369,30.158246819456476,30.165034553535722,30639300
2012-03-26,31.3322696685791,31.3322696685791,30.809728117328085,30.864017039157588,33529400
2012-03-27,31.142253875732422,31.549432429947366,31.101537832444084,31.16261189737659,33026400
2012-03-28,31.40013885498047,31.42728461442414,30.78258706582857,31.054036893978946,29755800
2012-03-29,30.992956161499023,31.23047764231108,30.721506368978947,31.162613252609734,32262300
2012-03-30,31.203327178955078,31.305122453768913,30.877585923816728,31.271191558418092,25945800
2012-04-02,31.305131912231445,31.45442841463544,30.850449493117324,31.047252369879587,27669300
2012-04-03,31.025056838989258,31.414409370786995,30.717677238385683,31.243641767915303,31036400
2012-04-04,30.335176467895508,30.642558872789873,30.027794063001142,30.519605910832126,41342900
2012-04-05,30.2873592376709,30.553756431538865,29.925332549153744,30.143914995697116,28832300
2012-04-09,29.979955673217773,30.246352678841788,29.419838224032294,29.501805932138193,29376400
2012-04-10,29.3447208404541,30.061944656815125,29.139800122309282,29.973147329234298,38841000
2012-04-11,30.061931610107422,30.198546231483434,29.761381527645934,29.775043250354255,32142200
2012-04-12,30.628894805908203,30.73135646829082,30.05511522912387,30.13708299560497,33631100
2012-04-13,29.515487670898438,30.704031970279928,29.413028617696664,30.704031970279928,58183900
2012-04-16,29.597448348999023,29.918489737426846,29.26274263110197,29.63160135554998,40387600
2012-04-17,29.986799240112305,30.05510525522757,29.481325868854018,29.84335243923833,26887000
2012-04-18,29.570127487182617,29.993630538003153,29.556465762226136,29.795539434695566,20242900
2012-04-19,29.522310256958008,29.84335164631882,29.214927985691375,29.6725840073604,25961800
2012-04-20,29.18077850341797,29.768219669297697,29.173946337838327,29.720402327363296,26178100
2012-04-23,29.269575119018555,29.344713304373858,28.552351486849307,28.63431923191526,25536300
2012-04-24,29.563295364379883,29.58378925469789,29.242253947417318,29.358374701153064,21420400
2012-04-25,29.4813289642334,29.979970222910314,29.358376039550574,29.816034727138362,31694000
2012-04-26,29.918495178222656,29.97997164347706,29.41302433564897,29.522315539911485,28100300
2012-04-27,29.604284286499023,30.048281284446155,29.52914609247339,30.014125664828732,26242900
2012-04-30,29.35837745666504,29.624774604434116,29.057827296103905,29.597453757625175,23518000
2012-05-01,29.91164779663086,30.219029939764983,29.344698220882773,29.37202165709609,26359700
2012-05-02,29.50865936279297,29.73407137397614,29.262753455532543,29.686256625976426,22462200
2012-05-03,29.378864288330078,29.63843183646431,29.146620188569436,29.63160227722464,19536400
2012-05-04,28.518211364746094,29.15346753893247,28.490887902140294,28.914393755403754,31279900
2012-05-07,28.538698196411133,28.96220398345339,28.258639262764948,28.299624450265025,25910100
2012-05-08,28.265460968017578,28.57967280542384,27.9717404139225,28.347428706969765,28049700
2012-05-09,27.759984970092773,28.019552492187398,27.404787993991494,27.814631861357828,38769900
2012-05-10,27.828310012817383,28.279136709074102,27.691695309710468,28.163013299435168,35827100
2012-05-11,25.24629783630371,25.949862579384725,25.01405364449504,25.3692507970088,217294200
2012-05-14,24.447101593017578,24.911589889152353,24.426607699620927,24.658851847688315,96488500
2012-05-15,24.75448226928711,25.458044226753625,24.672511912638488,24.72032665116294,89903700
2012-05-16,24.2216854095459,25.259953143919276,24.221685409545902,25.13017065426304,68729600
2012-05-17,23.176584243774414,23.97577554597686,23.14243123701239,23.934792980145385,95429200
2012-05-18,22.876035690307617,23.21757099254405,22.520838663296818,23.21757099254405,82650100
2012-05-21,22.20663070678711,23.026316193292,22.035863005669768,22.89653367849782,99554800
2012-05-22,23.231231689453125,23.620584357698068,22.534501918592266,22.75991387841013,84721000
2012-05-23,23.40199089050293,23.511282050895858,22.684767487567683,22.964826248931228,52512900
2012-05-24,23.203907012939453,23.552271840857074,22.964830761181545,23.524948393963488,37843800
2012-05-25,22.882871627807617,23.313206958167694,22.73942738625702,23.224407025237582,28796400
2012-05-29,22.971668243408203,23.224403671410634,22.787238842744404,23.210741944801324,35855200
2012-05-30,22.514007568359375,22.84188116140837,22.5071780085013,22.746251689149208,34203600
2012-05-31,22.643787384033203,22.86236972849851,22.47984932283068,22.51400232558331,42124900
2012-06-01,21.81044578552246,22.302257481092973,21.70115458714098,22.1383193806669,50472200
2012-06-04,21.175186157226562,21.974377416292086,21.05906411650827,21.967547857591267,60492400
2012-06-05,21.8514347076416,21.94706550545982,21.07956527788705,21.100056568034116,46502800
2012-06-06,22.58914566040039,22.753083759089748,22.042689674282006,22.343239815220198,47980500
2012-06-07,22.41155242919922,23.108284912593344,22.404720262446688,23.06729972920258,53888800
2012-06-08,23.005817413330078,23.005817413330078,22.233946925967523,22.384223287854255,34238200
2012-06-11,22.418373107910156,23.524946563946354,22.391049663142073,23.47713183845577,46404900
2012-06-12,23.067296981811523,23.07412654204249,22.206626473071175,22.459364498650075,43334400
2012-06-13,23.429325103759766,23.955289869248634,22.971668973488416,23.012651548910924,72456600
2012-06-14,23.668397903442383,23.8323333922022,23.272215695142197,23.50445980897495,44428000
2012-06-15,23.927961349487305,23.955284797789794,23.504458323628512,23.83233188613604,40917100
2012-06-18,23.647911071777344,24.112399438088882,23.565943302930716,23.709387549839413,31084400
2012-06-19,24.167030334472656,24.33779792636691,23.72303355326493,23.900633308030688,32489000
2012-06-20,24.897918701171875,25.23262176620681,24.474415747049154,24.61102775400635,61149700
2012-06-21,24.25583839416504,25.294106127346407,24.201194095422768,24.925249945139566,95637000
2012-06-22,24.583721160888672,24.92525658759577,24.563227263404453,24.60421245266437,44193500
2012-06-25,24.126060485839844,24.228522148285812,23.661572132645873,24.085075299719794,33115800
2012-06-26,24.392452239990234,24.672511101732177,24.303654931767774,24.631528530462653,35053600
2012-06-27,25.123340606689453,25.15066406124972,24.2490109064252,24.344640391678098,34156800
2012-06-28,24.508573532104492,24.542726540509403,23.805009051567264,24.126053063129955,69904800
2012-06-29,24.40611457824707,25.136999982253286,24.078240971322508,25.068693957951094,56063200
2012-07-02,24.781803131103516,24.836450035569687,24.310485305767987,24.774973570899153,34274900
2012-07-03,24.712923049926758,24.892001041060652,24.47874252156176,24.768022959724266,26705900
2012-07-05,23.679773330688477,24.561392877391114,23.569570887350647,24.526955106491823,58519800
2012-07-06,23.34916877746582,23.500695512929656,23.23207718956296,23.362941785516686,32057200
2012-07-09,23.3904972076416,23.500699683643056,23.101216693425638,23.28718386432202,30545000
2012-07-10,23.590240478515625,23.727994233074114,23.28718432043441,23.569578334933865,33175500
2012-07-11,23.824424743652344,23.96906502587797,23.500703764679507,23.562692832409738,35144300
2012-07-12,23.445592880249023,23.81063798225298,23.376714710811054,23.645335630468875,39301500
2012-07-13,24.843801498413086,24.93334185766349,24.010394863474474,24.148148655990084,83001000
2012-07-16,24.16880226135254,24.69226333494108,23.920846047966446,24.63027428159456,52368300
2012-07-17,24.099924087524414,24.43741796444418,23.604011714575066,24.40986669318392,43998300
2012-07-18,24.079267501831055,24.26523470487357,23.865751645601847,23.934627219720674,28944900
2012-07-19,23.73487663269043,24.223899880717006,23.63156330521892,24.12058655324549,34384700
2012-07-20,23.34916877746582,23.507584644388903,23.34916877746582,23.45248210245019,36301200
2012-07-23,23.721101760864258,23.762428669644212,22.798155150916948,22.894584604736846,41248300
2012-07-24,23.920848846435547,24.031051328895796,23.569579254666756,23.81753549706093,29920400
2012-07-25,24.22389793395996,24.41675419245551,23.962168756785598,24.09303334537278,32127700
2012-07-26,24.664709091186523,24.754246771031433,24.340988260787693,24.644044326470866,28900500
2012-07-27,25.40857696533203,25.622095368231047,24.45807916290362,24.802462158101793,63636200
2012-07-30,24.89200210571289,25.153733913887933,24.754248384176886,25.139958278990964,30698200
2012-07-31,24.795583724975586,25.022877836956468,24.733594660565764,24.871348428969213,19681600
2012-08-01,24.795583724975586,25.071091261782488,24.671605596155942,24.926448359869838,22180200
2012-08-02,24.22389793395996,24.685372500701323,23.94150399100492,24.533843146333464,36675000
2012-08-03,24.857561111450195,24.995314815137768,24.451189130660197,24.67159400558697,24516300
2012-08-06,25.00221061706543,25.346593690654302,24.871345994978018,24.96088632979274,18979200
2012-08-07,25.49122428894043,26.083563371386223,25.188168244927084,25.188168244927084,37225800
2012-08-08,25.59453773498535,25.81494258692274,25.312143854226004,25.38101938516903,18672400
2012-08-09,25.429237365722656,25.663417891544345,25.20194597069683,25.291486279008122,23406700
2012-08-10,25.46367835998535,25.484340497988747,25.07108197331913,25.319035511660726,15492700
2012-08-13,25.47746467590332,25.546340249746493,25.243284046427913,25.394810834369842,14453500
2012-08-14,25.553213119506836,25.92514732561804,25.470561949515453,25.773617991106068,18065100
2012-08-15,25.532560348510742,25.766740938905116,25.449909148205165,25.532560348510742,17521300
2012-08-16,25.553213119506836,25.725404589658318,25.34658388081172,25.608315651123306,15894100
2012-08-17,25.470563888549805,25.622093234597465,25.346585810407813,25.622093234597465,17079800
2012-08-20,25.73919105529785,25.828731393142387,25.346594548316844,25.42924575309326,17922100
2012-08-21,26.20065689086914,26.765444749376716,25.870049556189116,25.91826296161536,36880600
2012-08-22,26.056020736694336,26.29708780140762,25.870053589300966,26.090458513448525,16899400
2012-08-23,25.642757415771484,26.097342862715553,25.622095276912034,26.04224294994577,16429500
2012-08-24,25.601436614990234,25.78740379136826,25.25705353890524,25.44302071528326,20019300
2012-08-27,25.642757415771484,25.787397642655115,25.415466006016317,25.697859955974998,17618200
2012-08-28,25.573888778686523,25.821845021739158,25.415472873943884,25.553224006809177,18050500
2012-08-29,25.69097328186035,25.821840513643192,25.525670900307475,25.704748918228756,13681900
2012-08-30,25.41547203063965,25.57388793012593,25.284604780351675,25.525674509735946,13700700
2012-08-31,25.580778121948242,25.759858818433067,25.387924412596647,25.580778121948242,16771600
2012-09-04,25.49122428894043,25.64964275488757,25.332808450426633,25.470562153135734,13631400
2012-09-05,25.56011199951172,25.68409011550657,25.443020388879102,25.539449855990682,13537500
2012-09-06,26.64837074279785,26.772348903469837,25.828739682742196,25.88384225523431,41346800
2012-09-07,27.06850814819336,27.22692404142406,26.861878836476542,26.88943011202125,28082400
2012-09-10,26.696565628051758,27.399107174504888,26.675903491443368,27.020286447894897,20853500
2012-09-11,27.2751407623291,27.295805535206807,26.675914897567004,26.724128321890703,22378900
2012-09-12,27.49553680419922,27.72283083995586,27.405999118083315,27.46798816170479,29882200
2012-09-13,28.514917373657227,28.638895480907102,27.268249796281967,27.44044131996967,47018600
2012-09-14,28.632017135620117,28.99017595511786,28.397836470080637,28.900635593384642,43471600
2012-09-17,28.370267868041992,28.542459351496216,28.20496551528871,28.23940328649285,19740100
2012-09-18,28.41849136352539,28.466707413251076,28.00523270747644,28.273851096651704,25186600
2012-09-19,28.473609924316406,28.762890620671875,28.266980480143076,28.466723414732865,22887200
2012-09-20,28.411609649658203,28.43227179771515,27.929472717995203,28.211866793658047,20997400
2012-09-21,28.15674591064453,28.721533641826362,28.08098125421695,28.604442092592937,28287400
2012-09-24,28.397829055786133,28.563134093716585,27.957019124550854,27.970794763331263,20499500
2012-09-25,27.92947006225586,28.61823629130007,27.915694422382817,28.61823629130007,21988200
2012-09-26,27.715940475463867,27.984558751261492,27.34400626554407,27.653951440477233,23782700
2012-09-27,28.01900863647461,28.23252709985709,27.69528768850896,27.82615494531268,20843400
2012-09-28,27.881256103515625,27.98457208687141,27.660851124628905,27.839929184686387,21380700
2012-10-01,28.218746185302734,28.58379135459458,28.101654589391728,28.156757135099024,21956400
2012-10-02,28.184309005737305,28.404716586354418,27.936355403982354,28.335838396338353,26946100
2012-10-03,28.350831985473633,28.44797097506499,28.045534993227715,28.33001724394376,22419100
2012-10-04,29.016929626464844,29.134886002163398,28.385523559388307,28.558986793715256,24326500
2012-10-05,28.940614700317383,29.447127190055948,28.767151410125827,29.169587513853315,22774400
2012-10-08,28.905916213989258,29.030809967204835,28.524297588870187,28.676946097653484,18631300
2012-10-09,28.71163558959961,29.1071315562874,28.656126083547115,28.98223781450821,19947500
2012-10-10,28.982234954833984,29.141820798730198,28.676940642185397,28.829586475090355,25797600
2012-10-11,29.211212158203125,29.585893438032375,29.037748896819878,29.39855279811775,27755000
2012-10-12,28.87816047668457,29.440182347048264,28.55205137378729,28.864283099372482,44564000
2012-10-15,29.40549659729004,29.42631134434772,28.95449100088278,29.079384776908185,26268000
2012-10-16,29.71772003173828,29.91199799056713,29.329161467241917,29.689965281380257,28588100
2012-10-17,30.05771255493164,30.210361066016898,29.676093924057717,29.787110301163573,26177500
2012-10-18,29.842605590820312,30.078515631519366,29.662205040562537,29.89811508126159,23630400
2012-10-19,29.36386489868164,29.710791471347388,29.18346424550492,29.696914090819995,29747500
2012-10-22,29.204273223876953,29.50263022917936,28.794899843125222,29.315289599326277,27993000
2012-10-23,28.676952362060547,28.961432051675626,28.482671677485545,28.774091380928173,22896400
2012-10-24,28.940614700317383,29.058571114004312,28.683889771949012,28.919799952483118,18918900
2012-10-25,28.91284942626953,29.336100123942256,28.72551147019554,29.308348019200164,17311700
2012-10-26,28.55899429321289,28.905920852968556,28.3577762533131,28.739394939676416,21892700
2012-10-31,28.919790267944336,28.996114513563835,28.5520490628746,28.760204412030323,19423500
2012-11-01,29.724655151367188,29.76628727376054,28.850401755814538,28.93366335376277,23325400
2012-11-02,29.433237075805664,29.884242493925534,29.370792859317504,29.863427755096147,17029200
2012-11-05,29.32915687561035,29.391603730720195,29.044677346073996,29.370788994629667,13252500
2012-11-06,29.75240707397461,29.870360772629066,29.426295429961094,29.537311765628086,17190900
2012-11-07,28.0871639251709,29.148757971746537,27.969210207479673,29.148757971746537,47631200
2012-11-08,28.031667709350586,28.79490509902255,28.031667709350586,28.642256562352294,27830900
2012-11-09,28.18431282043457,28.607563644533172,27.656985617078018,27.96922004853105,27553200
2012-11-12,28.15654945373535,28.385519514059293,27.962268859126386,28.343887390891975,12816000
2012-11-13,27.78188133239746,28.114930533623713,27.75412657058533,27.879020351900145,19793500
2012-11-14,27.261478424072266,28.01083810681366,27.15046207674619,27.899821759487587,30986600
2012-11-15,27.330869674682617,27.55984243875259,27.039452680599943,27.101899557451826,24858700
2012-11-16,27.428003311157227,27.525142290196317,26.942308415961783,27.358619082368925,32458000
2012-11-19,28.16349983215332,28.23982410314437,27.8165732526229,27.8165732526229,26781200
2012-11-20,28.239822387695312,28.572871566192426,27.927587955716895,27.983097475552874,19375900
2012-11-21,28.260635375976562,28.434098644412586,27.996970466838764,28.40634388622136,13030200
2012-11-23,28.510425567626953,28.600627216749555,28.427163932119758,28.517362934402687,8316700
2012-11-26,28.364707946777344,28.36470794677734,27.816563507904092,28.302261078464706,20376600
2012-11-27,28.274513244628906,28.586747662587797,28.19818898170124,28.35777487380479,19875000
2012-11-28,28.33000946044922,28.364701569080555,27.67084880910096,28.09409941618263,26106900
2012-11-29,28.600610733032227,28.690809683329764,28.385515431197334,28.55204125307566,18915000
2012-11-30,28.503488540649414,28.683889194205555,28.34389998766859,28.441041651564653,20066600
2012-12-03,28.316143035888672,28.70469903773353,28.27451090133133,28.635314793643875,18955500
2012-12-04,28.14961051940918,28.39245796340739,27.892885700491266,28.295318985808105,24031100
2012-12-05,28.586750030517578,28.78796807729632,28.10105230088739,28.23288344523914,25515600
2012-12-06,28.774076461791992,28.829583309433726,28.524289030308235,28.621427998810056,20541700
2012-12-07,29.5303897857666,29.537327152367915,28.954490424792272,29.030814691604736,34552900
2012-12-10,29.356918334960938,29.606703165682838,29.148760339101052,29.516504190771677,22394500
2012-12-11,29.58589744567871,29.89813188783107,29.43324890799541,29.558142684856353,21955000
2012-12-12,29.676095962524414,30.09934675645106,29.627526459631788,29.83568185014867,23110600
2012-12-13,29.683029174804688,29.780168166996535,29.488751190420988,29.592830194534553,18457000
2012-12-14,29.70383644104004,29.911991731491465,29.63444957966415,29.676081696489685,16208600
2012-12-17,30.168725967407227,30.18954070893189,29.703845761096716,29.83567686881784,23879800
2012-12-18,30.439340591430664,30.487910105994796,30.050784474917617,30.411588473708328,33858600
2012-12-19,30.203411102294922,30.80012492520058,30.127086871899316,30.522585397298226,34348500
2012-12-20,30.89727020263672,30.90421021418372,30.120155660221847,30.314433634115844,25014900
2012-12-21,30.52952766418457,30.66829877384407,30.071584855095352,30.404633930174896,38973500
2012-12-24,30.47402572631836,30.543412621791777,30.328317216083313,30.335257229050367,8621200
2012-12-26,30.50177764892578,30.654426157936992,30.335254408949165,30.49484028344308,11498900
2012-12-27,30.272811889648438,30.5434141786897,29.766299437651274,30.501782039283523,19567000
2012-12-28,30.002199172973633,30.314430846061562,29.8981201840519,29.905057548121984,15401200
2012-12-31,30.508710861206055,30.529525599853972,29.870364858671227,29.905056972030614,24209600
2013-01-02,31.200353622436523,31.4378844112558,30.892961934267895,31.423911698381435,31413000
2013-01-03,31.137474060058594,31.263225796015288,30.87898556504635,31.256240772916435,24227700
2013-01-04,31.68939208984375,31.738295258838594,31.046660538018543,31.053648227887997,24487700
2013-01-07,31.72431755065918,31.780208400726156,31.45185631913871,31.500759480436106,24456900
2013-01-08,31.78719711303711,31.787197113037106,31.409941826375828,31.717336207369193,19624200
2013-01-09,31.766246795654297,32.2762389882394,31.535700956048554,31.829122691453737,25920600
2013-01-10,32.24129104614258,32.24827606854489,31.80814503658612,32.0596484834197,23413600
2013-01-11,32.23430252075195,32.24129020799452,31.76622874633014,32.11553848784678,19723900
2013-01-14,32.052669525146484,32.26225488215251,31.773220605790183,32.05965454887031,19079500
2013-01-15,32.38100814819336,32.46484439507151,31.6823887476712,31.78019770236238,29898000
2013-01-16,32.70935821533203,32.71634590134257,31.836084015510004,32.07361470446245,43453600
2013-01-17,32.443878173828125,32.74428467530051,32.339086881583526,32.41593542824219,41086800
2013-01-18,32.45786666870117,32.555672988383755,32.262254029336,32.4019784853207,28679100
2013-01-22,32.513755798339844,32.52074082150978,32.22732187797294,32.31115548112315,24257300
2013-01-23,32.29719543457031,32.44390496386844,32.080622321065995,32.29719543457031,19105100
2013-01-24,32.39498519897461,32.69539179467426,32.1923875710787,32.30416658354681,20008200
2013-01-25,32.9468994140625,32.9468994140625,32.56265917657574,32.65348046853443,26009100
2013-01-28,32.583614349365234,32.8351178057704,32.471835331520936,32.7233387879261,19706800
2013-01-29,32.91896057128906,32.946905999788825,32.31116215904422,32.332119897907674,19907400
2013-01-30,32.925926208496094,33.07962063226113,32.80715954942847,32.863050368994635,18631300
2013-01-31,32.87004852294922,32.98881522947294,32.75128448144753,32.84210310199987,19536000
2013-02-01,33.428951263427734,33.53374528344756,32.98183508605205,33.11457453341352,24520000
2013-02-04,33.31017303466797,33.40099430240903,33.10058774874526,33.21236674557214,20822600
2013-02-05,34.08564758300781,34.09263260571343,33.484834359487536,33.491819382193164,28067500
2013-02-06,33.95988464355469,34.11358174256127,33.75728440668621,33.82714527076859,28282600
2013-02-07,33.69441604614258,34.05769848309823,33.463873011452904,33.987837603500566,21429600
2013-02-08,33.97386932373047,34.01578479094487,33.715378172471965,33.76428399259223,15218300
2013-02-11,33.99481964111328,34.16248946845869,33.79920706339488,33.89002566589471,13935900
2013-02-12,34.33016586303711,34.44893257789231,33.952910648822545,34.09263509834892,16388000
2013-02-13,34.008811950683594,34.54674951448514,33.883060173949566,34.476885935731225,21635600
2013-02-14,34.38606262207031,34.434965788060865,33.792234275720794,33.81319467901866,18017800
2013-02-15,34.14852523803711,34.553723201760405,33.93195221249845,34.47687462285888,20016200
2013-02-19,34.54672622680664,34.70740835209155,34.316180569862276,34.316180569862276,20445900
2013-02-20,33.95988464355469,34.60960080660107,33.785229818327615,34.476861433814975,24786700
2013-02-21,33.70840072631836,33.84812520015738,33.414981729776834,33.82017977238504,24437700
2013-02-22,34.16947555541992,34.16947555541992,33.82016584715964,33.97386297160107,23584100
2013-02-25,33.32415008544922,34.37207931665818,33.28921964407996,34.3022157688978,32775500
2013-02-26,33.254276275634766,33.71536488847688,32.730311821722324,33.68742214301753,39401400
2013-02-27,34.42797088623047,34.51180715181352,33.366068840710746,33.42894470738698,31921200
2013-02-28,34.17646408081055,34.6165951045476,34.0577000470365,34.3441339305748,24711500
2013-03-01,34.16947555541992,34.525770285235915,33.79222043089364,33.95290257689078,25923400
2013-03-04,34.302215576171875,34.330160995119016,33.764280919059544,34.04372711346543,17695200
2013-03-05,34.574684143066406,35.007827535912185,34.44893240562373,34.574684143066406,25561100
2013-03-06,34.95193099975586,35.06371000761451,34.6654971255542,34.84713967896311,19607900
2013-03-07,35.37108612060547,35.53176819535392,34.9379403556101,34.96588575948472,24245400
2013-03-08,35.07069778442383,35.5247988390646,34.6585121921987,35.34315895021265,32711900
2013-03-11,35.26631546020508,35.46891577445783,34.86810251978949,35.09166056826764,19473000
2013-03-12,35.126590728759766,35.399051931568856,34.96590854928318,35.17549388490385,18003400
2013-03-13,35.04275894165039,35.23138655298073,35.00782849474231,35.1335802356292,16680200
2013-03-14,35.62959671020508,35.62959671020508,35.06371392069388,35.10563205270206,26378700
2013-03-15,34.9449462890625,35.13357386619619,34.3371480949796,34.910015848487035,60880800
2013-03-18,34.58863830566406,34.69343226041697,34.19741322663129,34.36508035621077,28011400
2013-03-19,34.37208938598633,34.92399958237745,34.00880682627405,34.68646878045106,24411500
2013-03-20,34.316192626953125,34.679475124158934,34.26030444701032,34.63057196732567,19385300
2013-03-21,33.77824020385742,34.393025899752686,33.77824020385742,34.08563438431555,23535900
2013-03-22,34.07866668701172,34.232363867386795,33.771274991284116,33.9738753354108,22791500
2013-03-25,33.89701461791992,34.45590962157046,33.64551120002178,34.26029703654817,23581400
2013-03-26,33.980831146240234,34.21137671860318,33.75727325699025,34.05069465226852,16417500
2013-03-27,33.373050689697266,33.75030582374967,33.22634124812855,33.67345725958844,26530100
2013-03-28,33.1564826965332,33.48483473282077,33.0307309662538,33.42195886768107,27506700
2013-04-01,33.41497802734375,33.52675706102513,33.177447247643016,33.219362719634546,17442200
2013-04-02,33.72933578491211,33.79919930736648,33.44988969015729,33.54070827181665,17273700
2013-04-03,32.934967041015625,33.79261274651231,32.710011230014,33.76449259971591,33467400
2013-04-04,33.38488006591797,33.42002890722472,32.97011730245504,33.012294839349266,21514000
2013-04-05,33.680137634277344,33.771526778102626,32.86467208134454,32.89279223047309,22961500
2013-04-08,34.15114212036133,34.15817081708376,33.45518315069528,33.65905021755236,18672300
2013-04-09,34.2214469909668,34.4182827206951,34.06678881378845,34.26362722520244,20066700
2013-04-10,34.62214279174805,34.840069935133215,34.362038104387466,34.40421564836288,20388900
2013-04-11,34.66432189941406,34.868186279318856,34.32688815006795,34.59402152558046,22584700
2013-04-12,34.453433990478516,34.85413953959524,34.05976250342274,34.3761075781539,37805900
2013-04-15,33.69419860839844,34.68541109732022,33.673109836831514,34.01757228695502,31527300
2013-04-16,34.087867736816406,34.108956505336536,33.4551778643655,34.04568751809144,23865500
2013-04-17,32.892784118652344,33.86993626556739,32.60455936537751,33.82072735757054,43466300
2013-04-18,32.78734588623047,33.272409115321146,32.372583036123714,32.89982381091949,26106800
2013-04-19,33.20212173461914,33.293510922233516,32.829538966040495,33.14588409110081,19746100
2013-04-22,33.28647232055664,33.38489286831631,32.949038487580665,33.32162385702796,15230100
2013-04-23,33.8629150390625,33.912126643494126,33.31458551035327,33.51845257983727,20568500
2013-04-24,34.249568939208984,34.39016436397965,33.85589477746795,33.96837272629599,16459300
2013-04-25,34.44638442993164,34.889267266330926,34.36905538275415,34.46044450048066,19058800
2013-04-26,34.362037658691406,34.50966442406084,34.17223066820852,34.34797758365359,13929000
2013-04-29,34.39014434814453,34.51668230213887,34.200340098837295,34.502624913192186,13496300
2013-04-30,34.453433990478516,34.62215225756376,34.24956954826144,34.4182851336608,13802600
2013-05-01,33.75043869018555,34.383128700229264,33.63796076414281,34.27767947132688,17686400
2013-05-02,33.79965591430664,33.91916255735137,33.539548488234466,33.91916255735137,15529300
2013-05-03,33.44111251831055,34.23548908141917,33.02634981881322,34.18628017484188,43257900
2013-05-06,33.86994171142578,34.017568459152834,33.44111885991737,33.53953669173541,20829500
2013-05-07,34.54481887817383,34.720565822146376,33.92618888451852,34.14411606045127,24291600
2013-05-08,34.98066711425781,35.14235664672257,34.523726713798936,34.60105579062505,23559300
2013-05-09,34.474517822265625,35.01581867888778,34.39015736654522,34.93848960198672,18103100
2013-05-10,34.418277740478516,34.60808474454592,34.19332188714352,34.481546741834315,16199600
2013-05-13,34.91740036010742,34.93849181621684,34.172235059149244,34.33392192033235,23979500
2013-05-14,35.311073303222656,35.44464000631592,34.91037051225751,34.98769959151137,24188400
2013-05-15,35.9156379699707,36.15465387041326,35.25483056601066,35.289979411022955,27467000
2013-05-16,35.83127975463867,36.31634024574739,35.73989061340894,35.7609793838139,21389500
2013-05-17,36.76625061035156,36.78734206170607,36.02811417338025,36.035142869375186,26080300
2013-05-20,36.75922775268555,36.99824367974809,36.492091673807344,36.75219637388899,22020000
2013-05-21,37.27241134643555,37.72935178129471,36.87170853788398,36.92794616419159,37112600
2013-05-22,37.70123291015625,38.63620520152449,37.46221697342479,37.56063482707562,46968300
2013-05-23,37.504390716552734,37.81370700428875,37.01933019490096,37.13180811361812,25294200
2013-05-24,37.72232437133789,37.72232437133789,37.0615168199745,37.188054835593,18342300
2013-05-28,38.38312911987305,38.41828065184456,37.982426326903266,38.35501164865536,27162300
2013-05-29,38.43234634399414,38.63621347402732,37.898076731916305,38.024614765613734,20482600
2013-05-30,39.10017013549805,39.29700848993526,38.33391353297457,38.38312245116265,24890800
2013-05-31,38.3761100769043,39.24781626439973,38.3761100769043,39.163455784467686,24990100
2013-06-03,38.30580139160156,38.56590609270829,37.28646867859159,38.38312778687145,28279600
2013-06-04,37.98945236206055,38.938484594714375,37.8699430698764,38.34094617884863,22022600
2013-06-05,37.2794303894043,38.151136165743004,37.047445883226246,37.80667107270918,24326000
2013-06-06,37.60982894897461,37.62388901991653,36.74515469867881,37.14585733462847,23940900
2013-06-07,38.151153564453125,38.29878037949887,37.5465835428151,37.799659615285535,21691000
2013-06-10,38.21440887451172,38.551842622867944,37.975392967548764,38.411244557298254,16007000
2013-06-11,37.60281753540039,37.99648897595574,37.33568142810528,37.58172607845238,17600800
2013-06-12,37.384891510009766,38.031639000383144,37.2372647152531,37.89104358538764,18479100
2013-06-13,38.08084487915039,38.130056488476455,37.23726173006212,37.258350504283705,17090200
2013-06-14,37.3497428894043,38.052730695512565,37.19508471392106,37.989461685695396,17185300
2013-06-17,37.855892181396484,38.144117073835076,37.637967678385394,37.750445619783726,16856600
2013-06-18,38.03866958618164,38.15114752484173,37.764504778303014,37.9824292760088,13259100
2013-06-19,37.644989013671875,38.319856530067604,37.623900241811114,37.95430530328377,20840000
2013-06-20,36.89279556274414,37.384887507602215,36.74516878379232,37.314589807630504,31857100
2013-06-21,36.527244567871094,37.244292428466764,36.33743754462351,37.23023235100188,44412200
2013-06-24,35.79612731933594,36.16871257103304,35.22670907938289,35.76800985340502,30736500
2013-06-25,36.61159896850586,36.9490327267156,36.21089353134135,36.21089353134135,20951400
2013-06-26,36.906856536865234,37.11775232359595,36.47100488673036,37.0123057710733,19332000
2013-06-27,37.363807678222656,37.602823669702445,37.17400062483994,37.27944720003967,17093600
2013-06-28,37.1107177734375,37.349733675820325,36.96309101417649,37.3427022977498,18256000
2013-07-01,36.899818420410156,37.70122381443328,36.85763820115667,37.41299902041295,23511100
2013-07-02,37.38842010498047,37.90534302081297,36.906902350268425,37.22555420283384,23935300
2013-07-03,37.36717224121094,37.39549744658047,36.97062746975829,37.041440483182114,10442300
2013-07-05,38.231082916259766,38.23816286898575,37.607941727973255,37.78497025977411,17070200
2013-07-08,38.73383712768555,38.88254042241088,38.27356193783219,38.62053899343188,21786900
2013-07-09,38.868377685546875,39.066648744505116,38.372697336910676,38.99583842380306,20508700
2013-07-10,38.82589340209961,39.052489674670085,38.54972666249123,38.7834055880274,16915000
2013-07-11,39.045406341552734,39.56232924817714,38.62761896479594,39.541086692131394,21322600
2013-07-12,38.92503356933594,39.54817204249495,38.7692476004257,39.30741313656139,32569200
2013-07-15,38.868377685546875,39.30032766505498,38.663023973774074,39.29324771348101,28292000
2013-07-16,38.953346252441406,39.2365929060405,38.79048037205603,38.87545598887993,19222700
2013-07-17,39.13746643066406,39.356982772986306,38.83297715312456,38.981680465065,19166600
2013-07-18,39.91640090942383,40.02969908532881,39.29326229256721,39.307422200968944,24563100
2013-07-19,39.767677307128906,40.05092395326017,39.59064882860692,40.0155160965636,17762600
2013-07-22,40.05093002319336,40.12882029650594,39.61898003793695,39.77476328580274,15999700
2013-07-23,40.12882614135742,40.284612113154395,39.98720547744127,40.16423400857747,10577100
2013-07-24,40.100494384765625,40.31292803290754,39.92346589444063,40.305845380599926,16665000
2013-07-25,40.008426666259766,40.008426666259766,39.57647684881509,39.97302151919241,13870200
2013-07-26,39.68978500366211,39.8101657757016,39.371133196781415,39.69686765561516,16762300
2013-07-29,39.43487548828125,39.65439184415102,39.21536183365256,39.64022923720061,10049100
2013-07-30,39.1799430847168,39.64729814710204,39.00291461106723,39.56232253485735,14207400
2013-07-31,39.463199615478516,39.84558188888669,39.30741364455497,39.356984118136914,19404900
2013-08-01,40.03676223754883,40.206708067999315,39.796003393377084,39.90930151409083,15979400
2013-08-02,40.00136184692383,40.02260440295083,39.66146474304823,39.84557589941756,11007300
2013-08-05,39.72520065307617,40.06509780435922,39.66147027486572,39.88806927613474,9370200
2013-08-06,39.293243408203125,39.725190639143094,39.165782683912546,39.647300375401336,10588600
2013-08-07,39.15869903564453,39.279079806074286,38.79047947497736,38.98875320840751,12828400
2013-08-08,38.82589340209961,39.46319440573884,38.33021304288644,39.2436780848934,18587100
2013-08-09,38.606380462646484,39.05249309513578,38.471839758161536,38.72675856120025,12652500
2013-08-12,38.301883697509766,38.46474958200533,38.01155708580197,38.266478540226444,15133000
2013-08-13,38.44350051879883,38.73382708134981,37.95490024679944,38.3939327667467,15078100
2013-08-14,38.344364166259766,38.84004167581332,38.2381460135041,38.47182486907063,15785800
2013-08-15,37.735408782958984,38.01157290644655,37.4521620043227,37.898274735240335,16933200
2013-08-16,37.735408782958984,38.08238325048489,37.579622784584885,37.579622784584885,17139000
2013-08-19,36.70155334472656,37.49464034245799,36.68030808589857,37.452152526042795,22793300
2013-08-20,36.906898498535156,37.076847035913836,35.87305277476592,36.666139646305574,18701500
2013-08-21,36.55992889404297,36.97771628857798,36.312087357586876,36.76527991411827,17136200
2013-08-22,36.97063064575195,37.289282480432576,36.77235959361311,36.82192735664782,14658500
2013-08-23,37.04853057861328,37.11934091018629,36.75112394451746,37.01312541282678,11126800
2013-08-26,36.68031311035156,37.20431877962053,36.67323315726629,36.93523464128019,16548400
2013-08-27,35.830562591552734,36.50327134303489,35.79515743647266,36.12797183695376,23596800
2013-08-28,35.81640625,36.149217982316245,35.497754420130875,35.63937775576609,18748100
2013-08-29,35.90138626098633,36.24128071289174,35.724357731791365,35.82349327594199,13576000
2013-08-30,35.781002044677734,35.99343842044812,35.6110561855503,35.98635576726072,15863100
2013-09-03,36.20587921142578,36.623666690656655,35.9934454951412,36.290852157691354,15277200
2013-09-04,36.72987747192383,36.89274339015977,36.06425119288463,36.22711711112058,19923800
2013-09-05,36.899818420410156,37.19014503228315,36.75819508995594,36.84316800773233,13913200
2013-09-06,37.218475341796875,37.32469082827091,36.312087523355615,37.11225715408212,22339900
2013-09-09,37.4309196472168,37.66459594482162,37.1901606944243,37.37426921068139,19936400
2013-09-10,38.00447463989258,38.18858578074978,37.742473233085406,38.11777546579877,20233200
2013-09-11,37.71414566040039,38.068202615422415,37.57252503938374,37.79203862270367,16028600
2013-09-12,36.99187088012695,38.03279646377801,36.87857276553772,37.83452543855688,21976700
2013-09-13,37.23972702026367,37.38843035849483,36.98480546830089,37.02729329404182,11942900
2013-09-16,37.629188537597656,37.87703013085711,37.51589037249775,37.8487049142718,17055300
2013-09-17,37.59377670288086,37.756642617511595,37.445073394032036,37.66458703054958,13207000
2013-09-18,37.82038879394531,38.146120759294824,37.21849265357156,37.310545577751654,20844500
2013-09-19,37.353023529052734,38.06113771917696,37.197237542828205,37.97616477270961,22452200
2013-09-20,37.38842010498047,37.86285790796468,37.38842010498047,37.49463828958249,30792200
2013-09-23,36.43954849243164,37.09101482536037,36.389980724857146,36.87858114986388,28189500
2013-09-24,35.63230895996094,36.30501803990036,35.61814635076583,36.12090682160544,34906900
2013-09-25,36.609500885009766,36.7511242505762,35.44819414959887,35.56149230180381,39175500
2013-09-26,36.7440299987793,37.218467718489805,36.49619121319631,36.772355203200256,22298700
2013-09-27,36.99187088012695,37.10516899471619,36.38997245161404,36.46786541187666,23026000
2013-09-30,36.602420806884766,36.885667557950654,36.425392262778885,36.6307460222396,21350600
2013-10-01,36.793609619140625,36.885665212569855,36.43247260067372,36.567013313192554,19188000
2013-10-02,37.157386779785156,37.41418620156683,36.58672290979254,36.60812195456102,23841200
2013-10-03,37.050411224365234,37.23587880852491,36.73654656343433,37.0932120640502,18614500
2013-10-04,37.571144104003906,37.578278938154796,37.100345732297086,37.14314657377659,17407200
2013-10-07,36.97195053100586,37.3500151259779,36.97195053100586,37.30008216894922,16159300
2013-10-08,36.28715133666992,37.06468232397959,36.26575227500061,36.971951242651166,19536000
2013-10-09,36.2015380859375,36.62240336661966,35.844872686076044,36.50113571567341,24721200
2013-10-10,37.464149475097656,37.49268337200161,36.650952461330384,36.979084112299255,24328700
2013-10-11,37.45699691772461,38.05619486348935,37.207332240798,37.77799630315945,32498800
2013-10-14,37.59967803955078,37.692411835620426,36.9220130149962,37.05041281843357,18881600
2013-10-15,37.31434631347656,37.83507762704127,37.2216125197579,37.742343833322614,17566500
2013-10-16,38.519866943359375,38.55553294259719,37.50693841507072,37.528337470385146,24864000
2013-10-17,38.66966247558594,38.72673024641347,38.241665078943754,38.37006484216462,17791000
2013-10-18,38.73386001586914,38.93359448055118,38.37719463317948,38.70532613218015,24796600
2013-10-21,38.71246337890625,39.126193833645225,38.441396909231074,38.71246337890625,19471700
2013-10-22,38.24879837036133,39.004930030319365,38.24879837036133,38.98353097616905,24820900
2013-10-23,37.628196716308594,38.06332890518778,37.606797664770546,38.02766291224409,21034400
2013-10-24,37.43560791015625,37.72807349065975,37.17167622071202,37.69240748740647,17759000
2013-10-25,37.6424674987793,37.74233337766835,37.14313538319293,37.207335265498905,20889600
2013-10-28,37.578277587890625,37.870743191303525,37.44987778920771,37.728076445973414,14836800
2013-10-29,37.613929748535156,37.799397265537664,37.27153131846226,37.68526445551337,23363100
2013-10-30,37.521202087402344,37.977736122829256,37.44987008997319,37.80653551940151,16157200
2013-10-31,36.765079498291016,37.59967544183067,36.765079498291016,37.55687732440305,23738000
2013-11-01,37.45699691772461,37.59966361360019,36.59386735333161,36.70086805552352,25794400
2013-11-04,37.12173843383789,37.635334800259486,37.09320454649745,37.62107057773053,18891300
2013-11-05,37.057533264160156,37.185933017743395,36.85066669214928,36.98619855598009,14532200
2013-11-06,37.16454315185547,37.335743785197664,36.97194618091541,37.278676000369686,14013000
2013-11-07,36.843544006347656,37.33574137355846,36.79361105841938,37.18594252977364,17348900
2013-11-08,38.491329193115234,38.49846402493164,36.950534778836925,36.97193655314511,31183100
2013-11-11,38.5911979675293,38.626866687007904,38.305867259689194,38.455666085390845,12062800
2013-11-12,38.49845504760742,38.57692185244426,38.23452075476706,38.46992116927758,15964800
2013-11-13,38.619728088378906,38.66252891489445,37.91353213828871,38.17746376561548,22121900
2013-11-14,38.80520248413086,38.876534486475144,38.30587030429646,38.70533387125081,17634000
2013-11-15,39.140464782714844,39.204664671021355,38.65539956465263,38.71246734143236,20530100
2013-11-18,39.76106262207031,39.94652744504875,39.4471953077574,39.58272991026206,22318800
2013-11-19,40.05353546142578,40.40306611644225,39.78960104061873,39.92513566782822,22979900
2013-11-20,40.01786422729492,40.26039685320574,39.782466434548816,40.25326474118258,17682800
2013-11-21,40.816802978515625,40.94520278340368,40.146270059402006,40.146270059402006,22843600
2013-11-22,40.98798370361328,41.030784527661865,40.70265304004516,40.838184901154456,16730600
2013-11-25,41.12352752685547,41.47305814447013,40.952326913330936,41.01652680325995,18649600
2013-11-26,40.78111267089844,41.34464454737371,40.78111267089844,41.109246843730695,16263300
2013-11-27,41.002254486083984,41.25192190137854,40.8952564976501,41.07358919951432,11238900
2013-11-29,40.816802978515625,41.266199574481846,40.80253603117895,41.073602588291735,7128800
2013-12-02,40.64559555053711,41.19486068622374,40.588530491852815,40.73119449913432,12465300
2013-12-03,40.559993743896484,40.81679329273434,40.04639464622078,40.581392799252534,20426800
2013-12-04,40.7953987121582,40.9951332415641,40.096334662092076,40.260400464757836,20287200
2013-12-05,39.818138122558594,40.474404089201094,39.7682051678419,40.45300230779255,21324900
2013-12-06,39.98932647705078,40.48865587074453,39.675459176853444,40.35312399547638,18661200
2013-12-09,40.310333251953125,40.32460019836247,40.010735540782356,40.1462674499584,12714000
2013-12-10,40.44585418701172,40.70978580336088,40.19618679110014,40.29605538214929,14543700
2013-12-11,39.99645233154297,40.49578436827091,39.91798551876764,40.33171863298643,17836100
2013-12-12,40.167659759521484,40.37452363082864,39.8823263408934,39.98219222107088,15325300
2013-12-13,40.067787170410156,40.345988450397755,39.97505613155517,40.21045386552513,11461300
2013-12-16,40.246131896972656,40.61706432676423,40.18193472216693,40.18906683454256,26379200
2013-12-17,39.746803283691406,40.41733342877798,39.70400244505713,40.41733342877798,18338500
2013-12-18,40.83106231689453,40.85246137334079,39.518533339075255,39.832397958566716,27685900
2013-12-19,40.82393264770508,41.04506623647243,40.53146704766661,40.73119885613918,16790000
2013-12-20,41.159183502197266,41.37318217612146,40.80251813861001,40.809650248579814,22001700
2013-12-23,41.54439163208008,41.65138963135297,41.23052430347368,41.35179196801925,13990600
2013-12-24,41.5515251159668,41.58005900517188,41.40172627935228,41.42312533568537,4532600
2013-12-26,41.51586151123047,41.701326359485215,41.31612699640812,41.62285952021304,6677000
2013-12-27,41.473052978515625,41.622851795977,41.41598792854319,41.49445203211265,8943700
2013-12-30,41.3375244140625,41.56579007451351,41.166323808153585,41.473056299598625,8815800
2013-12-31,41.7155876159668,41.7655205575774,41.40885513399238,41.515855849524385,11017400
2014-01-02,41.794559478759766,42.0027790407514,41.622241919064656,41.866360744414585,15627600
2014-01-03,42.11766052246094,42.32588009530709,41.79456165751663,41.852002673034896,14214100
2014-01-06,42.361778259277344,42.69923736932845,42.23972021288167,42.47665754838904,17550700
2014-01-07,41.87355422973633,42.67053075572766,41.722775627235045,42.57001168739347,17851200
2014-01-08,42.26844024658203,42.29716075513397,41.859182586001396,42.03150289837461,14687400
2014-01-09,42.1894645690918,42.36178489923869,41.88072865659894,42.34742464348155,13242500
2014-01-10,41.99562072753906,42.189477391832845,41.77304080406235,42.12485759075506,12694900
2014-01-13,41.42839050292969,42.12484510936793,41.306329697531204,42.00996580137223,20711600
2014-01-14,41.45710754394531,42.06022454516552,41.32786799090252,41.85918371879977,30272400
2014-01-15,42.71360397338867,42.82848327958034,41.449928866341615,41.449928866341615,35186600
2014-01-16,42.35459518432617,42.95053057992465,42.175096142203806,42.21099540284067,21689400
2014-01-17,41.7227668762207,42.52692199316833,41.66532585554085,42.51256173799837,20997900
2014-01-21,41.76586151123047,41.959720924706374,41.342246140487205,41.708423206648554,19548300
2014-01-22,41.34941864013672,41.88073725649815,41.22735781060615,41.88073725649815,15433500
2014-01-23,40.545249938964844,40.99758561363326,40.35856937636085,40.99040685612005,26234600
2014-01-24,39.554405212402344,40.46626058701085,39.554405212402344,40.20778155308242,26833100
2014-01-27,39.554405212402344,40.06418178546243,39.267205677162366,39.547226456543335,23935000
2014-01-28,40.0211067199707,40.4519033156209,39.66210864394955,39.76980642339312,18041000
2014-01-29,39.87034225463867,40.11446115880408,39.38210444630785,39.46108449455829,25459000
2014-01-30,40.207786560058594,40.487804635371766,39.94212873718945,40.25804607414362,17031100
2014-01-31,39.74827194213867,40.28676911749871,39.6190324009372,39.84879097664242,18174000
2014-02-03,38.9943733215332,40.15034486468788,38.91539330390877,39.84878778532702,28549900
2014-02-04,39.45390319824219,39.74110011830343,39.2026028118823,39.28876435294572,20709300
2014-02-05,39.64057540893555,39.81289572756076,39.18823970805413,39.561595377021426,19491600
2014-02-06,40.552425384521484,40.60268489982435,39.633391117339904,39.741088904872534,20881600
2014-02-07,40.6529426574707,40.87552245771581,40.39446359626685,40.67448440519639,23388500
2014-02-10,40.739112854003906,40.8683496732145,40.48781249585214,40.76065186738257,14715200
2014-02-11,41.23452377319336,41.335042807322125,40.624228072303985,40.64576708277779,18774100
2014-02-12,41.29915237426758,41.43557070133483,41.040673237560064,41.169912805913825,13437900
2014-02-13,41.665321350097656,41.71558086828845,40.89706558468029,40.976045610105345,16605500
2014-02-14,41.75148391723633,41.808922194204754,41.464284315579036,41.564803354477576,13067300
2014-02-18,41.99562072753906,42.11050006957294,41.57200264023794,41.65816146202847,14983800
2014-02-19,41.112464904785156,42.031501985927164,41.08374713579508,41.90226243918748,18669900
2014-02-20,41.342227935791016,41.62224605230607,41.11964809856543,41.306325929929294,12457000
2014-02-21,41.36376190185547,41.52890070070648,41.19144160713285,41.34940164905041,16790100
2014-02-24,41.665321350097656,41.808921147330636,41.34222522999636,41.37094299829229,16151400
2014-02-25,40.947330474853516,41.62942754699244,40.86835043906687,41.57198926392677,17991800
2014-02-26,40.746280670166016,41.198619002217605,40.36574359499287,41.19143750706081,23661700
2014-02-27,40.70321273803711,40.84681255809177,40.30831528709086,40.767832520114766,16277500
2014-02-28,40.79655838012695,41.24889691396976,40.48781968516399,40.61705926626193,18599000
2014-03-03,40.35858154296875,40.50936014664568,39.98522304414548,40.42320133582161,19151000
2014-03-04,41.112464904785156,41.18426617460631,40.667307987647575,40.88988781568556,17157000
2014-03-05,41.7586669921875,41.85200728321734,41.18427046842441,41.270429262254204,17761500
2014-03-06,42.28998565673828,42.426403975756365,41.93098748559089,42.00996478253482,19420600
2014-03-07,42.648990631103516,42.93618757047087,42.412050485659805,42.61308861711087,18602200
2014-03-10,42.50538635253906,42.706424462993,42.268446231842205,42.462305583610856,16945200
2014-03-11,41.78019714355469,42.68487387315416,41.73711912524678,42.66333212506211,19420000
2014-03-12,41.58634567260742,41.615066182844465,41.22734751146017,41.42838834418088,17932100
2014-03-13,41.22733688354492,41.88789475402002,41.06219810066063,41.64377595781325,17192500
2014-03-14,40.782196044921875,41.30633310203579,40.652956470407325,41.004775920794486,18635800
2014-03-17,41.342227935791016,41.42838672419445,40.96168803737704,41.076567334894456,13581400
2014-03-18,41.686866760253906,41.75866529570541,41.37094663081473,41.514546440656304,12554800
2014-03-19,41.859188079833984,42.31152656260995,41.56480967588682,41.636610956690284,21450700
2014-03-20,43.158756256103516,43.43159560578437,41.7371239692481,41.902262782783296,33736500
2014-03-21,43.20184326171875,43.941381436540645,43.07978518505182,43.76906109066729,35144100
2014-03-24,43.84803771972656,43.9341965164828,43.331079461311575,43.345439717260746,25810500
2014-03-25,43.74750518798828,44.142402518633,43.48184738212735,43.87674471277207,24053500
2014-03-26,43.00798034667969,44.084974818744065,43.00079884972699,43.970095517948074,22745200
2014-03-27,43.022335052490234,43.474673468113345,42.37614005482419,43.03669530651904,24632600
2014-03-28,43.108497619628906,43.50339502869091,42.85001851873349,43.23055567341925,14708700
2014-03-31,43.589561462402344,43.8121413358709,43.51058141894773,43.675723003774074,15216700
2014-04-01,43.56083297729492,44.005992642771034,43.34543464115983,43.761873798101,14584400
2014-04-02,43.6981201171875,43.9076521101889,43.49581488598729,43.61864227458683,14012200
2014-04-03,43.82815933227539,43.929311913405755,43.55360035763504,43.82093532913799,11925200
2014-04-04,43.214046478271484,44.11719907578942,43.20681971401766,44.08829753118013,16966900
2014-04-07,42.6287841796875,43.35130594544491,42.513180807414386,43.127323205827466,18685700
2014-04-08,42.52040481567383,42.64323494908715,42.08689285866615,42.48427927862349,16956500
2014-04-09,42.82387161254883,42.95392576978745,42.26752944129521,42.70104146128915,15308400
2014-04-10,41.47275924682617,42.91057632194599,41.458308477704065,42.881674783701776,29977200
2014-04-11,39.95545196533203,40.497343274327136,39.41356065633693,39.8687501276293,47241300
2014-04-14,39.70979309082031,40.41786404605251,39.36298299578015,40.352836980969876,31081500
2014-04-15,39.59419250488281,40.20111090285248,39.269057156648735,39.80372447998942,26691400
2014-04-16,39.92655944824219,39.99158653025082,39.51472218092162,39.73870496477411,27049400
2014-04-17,39.89765930175781,40.150540858583696,39.74592761146003,39.98436115606922,17955400
2014-04-21,39.760379791259766,40.034938888561264,39.73148100959831,39.92655949967315,12384800
2014-04-22,40.323936462402344,40.51901764921078,39.69534060839689,39.76759443103049,16257600
2014-04-23,40.497337341308594,40.54791363557571,40.143303281438804,40.31670693143996,11379000
2014-04-24,40.5984992980957,40.649075604033484,40.17943808372523,40.511797453088356,15360600
2014-04-25,40.244476318359375,40.71411396892189,40.20112400573093,40.68521518337232,15937700
2014-04-28,40.09273147583008,40.244460375618516,39.507487890101146,40.193884075689034,21394100
2014-04-29,40.533477783203125,40.685209478023744,40.150542055394425,40.26614544998964,13453400
2014-04-30,40.446773529052734,40.71410584642161,40.258919057545405,40.634630756762235,14388100
2014-05-01,40.2589225769043,40.59850600772277,40.099966871285595,40.403424757064116,12744600
2014-05-02,40.157772064208984,40.72856232080078,40.0566166740839,40.338402555128525,15153800
2014-05-05,39.175132751464844,39.55084441699568,38.79942108593401,38.92947523001014,25232300
2014-05-06,38.539306640625,39.05952313381816,38.52485587623614,39.0450723694293,25327400
2014-05-07,39.05229187011719,39.102868161545146,38.467051138964756,38.69103107065967,18502600
2014-05-08,39.276283264160156,39.39911064022559,39.05952728767884,39.160679892956665,16090800
2014-05-09,39.02340316772461,39.24016192358677,38.78497239495914,39.17513484806854,12366500
2014-05-12,39.485809326171875,39.521934857478435,39.03784391812613,39.21125032707954,12825500
2014-05-13,39.46412658691406,39.61585820827121,39.37742477199641,39.55083115803272,12310700
2014-05-14,39.276283264160156,39.5219407724928,39.23293096638318,39.47858847471582,10325800
2014-05-15,38.662139892578125,39.16068169322576,38.54653651606019,39.16068169322576,19763000
2014-05-16,38.517635345458984,38.662137489975095,38.27197784109917,38.59711042246215,19992400
2014-05-19,38.89336013793945,38.95116046405267,38.33701787356108,38.351468644140056,12068900
2014-05-20,38.81387710571289,39.04508389176163,38.589894325889674,38.81387710571289,16888200
2014-05-21,39.10287857055664,39.44968869961102,39.00172596077435,39.052302265665496,13210200
2014-05-22,39.413551330566406,39.44967685804462,39.0306157781354,39.13899236057004,11800900
2014-05-23,39.39910888671875,39.44246118256628,39.13177661949647,39.41355965200126,10876500
2014-05-27,39.839839935302734,40.04937185738451,39.51470466934846,39.55805695687607,14503700
2014-05-28,40.0638313293457,40.17220793742297,39.738695992710454,39.803723060037505,11374900
2014-05-29,40.2589225769043,40.403424757064116,40.02048901847625,40.280597352687785,11741000
2014-05-30,40.150543212890625,40.37452600221455,39.96268872483365,40.15776997562498,11991900
2014-06-02,39.991580963134766,40.2083397104574,39.75315019976262,40.2083397104574,9440000
2014-06-03,40.172203063964844,40.215555355657536,39.80371823128181,39.80371823128181,9131500
2014-06-04,40.230010986328125,40.26613652234158,39.919326415449305,40.11440761736404,9727800
2014-06-05,40.91641616821289,40.93809094333382,40.092741639189676,40.39619951569198,16803400
2014-06-06,41.16207504272461,41.27767844073907,40.93086824669567,41.01034334341615,15399800
2014-06-09,41.4871940612793,41.667824483537466,41.11148520843963,41.118709212601296,11999700
2014-06-10,41.83401107788086,41.86290985361683,41.46552343617895,41.52332650005446,11609200
2014-06-11,41.37881851196289,41.754530130540736,41.169286555336505,41.53054740902272,14232200
2014-06-12,41.21263885498047,41.487195119349956,41.08980873148752,41.234313624219745,11670200
2014-06-13,41.21263885498047,41.667825546214836,41.097035492035005,41.20541209443299,12040800
2014-06-16,41.089820861816406,41.14762393845426,40.699661119320474,41.07537009265695,11199100
2014-06-17,41.4871940612793,41.61002418163964,40.952529554867965,41.0320073816538,11200500
2014-06-18,41.747314453125,41.76899198431823,41.14762271002377,41.39328026599594,13729400
2014-06-19,41.40049362182617,41.68227664902756,41.335466557379576,41.68227664902756,11624400
2014-06-20,41.58112335205078,41.74007900829634,41.436618460573136,41.68227594922466,17124800
2014-06-23,42.04353332519531,42.06521084865647,41.35713997075517,41.57389591195739,16007700
2014-06-24,41.4871940612793,41.99295979484247,41.4004922303318,41.81955613294747,12322900
2014-06-25,41.56666564941406,41.718397276051,41.089801516472065,41.34268572339956,14836600
2014-06-26,41.46552276611328,41.537776594790074,40.894729922474426,41.429397229875754,11854400
2014-06-27,41.56666564941406,41.689495751339095,41.35713648575551,41.42216353825675,10178600
2014-06-30,41.63170623779297,41.74730961802605,41.458302545544335,41.501652090505495,11549000
2014-07-01,41.886348724365234,42.191930618494716,41.52983975259448,41.58076960570458,14472200
2014-07-02,41.44982147216797,41.820882362561186,41.34068444680357,41.66809274742691,19189900
2014-07-03,41.50802230834961,41.944567597085644,41.471644228155675,41.63898561742346,12599800
2014-07-07,41.23153305053711,41.46435880852969,41.035090914101204,41.391599891822985,13916100
2014-07-08,40.5694465637207,41.086025214097695,40.47486412497027,40.9987145046015,18343400
2014-07-09,40.75860595703125,40.831362086443974,40.46030138568958,40.65674626566606,10914300
2014-07-10,40.42394256591797,40.605835751513496,39.987397255206865,40.06015619472693,12436600
2014-07-11,40.59855270385742,40.67858613822794,40.15473294996225,40.22749187914879,10230000
2014-07-14,40.95506286621094,41.35522724645292,40.88958122031903,41.129678738276525,14004400
2014-07-15,42.39566421508789,42.70124343598499,42.02460056060454,42.16284115855588,36178000
2014-07-16,42.715789794921875,42.912234744303866,42.42476239898033,42.5702747092164,20507500
2014-07-17,42.09735870361328,42.82493143537163,42.02459976515562,42.60666017093806,17013500
2014-07-18,42.36655044555664,42.54844358817476,42.12645294054465,42.43930936788534,12803300
2014-07-21,42.37382507324219,42.497511070255534,42.12645030374657,42.28651437191273,9141400
2014-07-22,42.68668746948242,42.781272694274044,42.46841622228363,42.504794300905175,10375200
2014-07-23,42.92678451538086,43.06502231380382,42.577549991362886,42.75216586563723,11122100
2014-07-24,43.05047607421875,43.18143938453011,42.91951553937703,42.97771991314339,9844100
2014-07-25,42.934051513671875,43.123221915774906,42.81036552230887,42.86856987840064,10500600
2014-07-28,43.06502914428711,43.115959013650816,42.68669098939264,42.8831359607111,12382800
2014-07-29,42.66485595703125,43.02136774502728,42.51934088488044,43.02136774502728,13498800
2014-07-30,42.86130142211914,43.130502504897144,42.643030198908086,42.94133485157268,11815700
2014-07-31,41.959110260009766,42.693960135898266,41.951835755259516,42.67213384617833,15955900
2014-08-01,41.09329605102539,41.82814585861523,40.72223528292787,41.75538694052919,23915400
2014-08-04,41.21699142456055,41.45708895402156,40.991442905577706,41.406159090939845,13543900
2014-08-05,40.787723541259766,41.18061066081365,40.45303801468288,41.05692464319672,16863300
2014-08-06,40.911399841308594,41.24608251291987,40.620372517264805,40.66402508936358,12190600
2014-08-07,40.678585052490234,41.2460908076514,40.511243683031665,41.20243822677395,11743800
2014-08-08,40.99144744873047,41.00599923629081,40.482145985997235,40.664039167296984,12213200
2014-08-11,40.976890563964844,41.16606100324828,40.867753558572915,41.13695743174785,9066800
2014-08-12,40.99871826171875,41.14423334874487,40.83865416391251,40.91141031969085,11289600
2014-08-13,41.26792907714844,41.355237033844084,41.11513668359368,41.2461000063721,7012600
2014-08-14,41.45708465576172,41.471636440200534,41.253365224556454,41.30429508235777,8275900
2014-08-15,41.28974914550781,41.835428649633464,41.02782253945238,41.646260976076476,12727400
2014-08-18,41.63898849487305,41.784503601174166,41.29702841138588,41.36978735227134,8881400
2014-08-19,41.87907791137695,41.99548941095502,41.719011058656214,41.90817870466966,9040500
2014-08-20,41.93728256225586,42.090072136103885,41.75538941944561,41.77721570843273,8121400
2014-08-21,42.56298828125,42.75943317560431,41.90817196673562,41.95182731285946,12745500
2014-08-22,42.555721282958984,42.98498921474086,42.43930978156742,42.51934043370546,10228600
2014-08-25,43.174156188964844,43.53066796760625,42.82492169024806,42.912229621059986,13996800
2014-08-26,43.46519088745117,43.6179804762751,43.21053879727524,43.34150209497272,10281100
2014-08-27,43.35606384277344,43.617990498351105,43.3124084750205,43.54523155209619,11410900
2014-08-28,43.0432014465332,43.19599104964101,42.788552108020184,43.10868310150364,9096100
2014-08-29,43.25419998168945,43.39971508489643,43.09413309061481,43.174166536152136,8897900
2014-09-02,43.41424560546875,43.44334916880775,43.03591038393604,43.261456061141864,8671100
2014-09-03,43.43608856201172,43.92356091428613,43.26146990158137,43.66891159227255,11791800
2014-09-04,43.443359375,43.75621581572249,43.23963993470414,43.385155010116556,9811900
2014-09-05,43.5888671875,43.5888671875,43.08684317521861,43.37787050208237,9600900
2014-09-08,43.57431411743164,43.814414361082505,43.465179913882885,43.53793604958206,8090000
2014-09-09,42.97043991088867,43.42153415788979,42.76671769009036,43.38515608200522,14868700
2014-09-10,43.086849212646484,43.334224001651215,42.86857521757768,43.0359193539222,9153800
2014-09-11,43.47972869873047,43.537935827367654,42.90494856851586,43.057738117985494,11467000
2014-09-12,43.67617416381836,43.95265247751045,43.47245476187087,43.50883283000882,14359100
2014-09-15,43.61070251464844,43.64708336658364,43.2541934796258,43.49429100467604,10685600
2014-09-16,43.64708709716797,43.79987669666541,43.377883202278696,43.44336485570182,10947900
2014-09-17,43.8798942565918,44.083613648861,43.52338254465213,43.61796773769222,15091800
2014-09-18,44.614749908447266,44.67295704645258,44.04724419024092,44.04724419024092,16973700
2014-09-19,44.46196365356445,45.00036584296098,44.36737843497938,44.92033518543287,18739300
2014-09-22,44.31645202636719,44.70934194144044,44.23641858713343,44.33827831871475,13225200
2014-09-23,44.3382682800293,44.67295374790931,44.214582284104324,44.25096035493703,14328800
2014-09-24,44.840293884277344,44.847568388060054,44.39647421587394,44.51288570467903,13728200
2014-09-25,43.76349639892578,44.74571837501892,43.76349639892578,44.73844386966042,16340100
2014-09-26,44.061798095703125,44.29462110799338,43.88717944875082,43.894456729086336,11948900
2014-09-29,43.894447326660156,44.01813331117736,43.45790219052432,43.67617337085792,10686500
2014-09-30,43.828975677490234,44.19276198605833,43.748942245530166,43.94538718521325,14384800
2014-10-01,43.487003326416016,43.94537472234954,43.45789976387168,43.8289632476407,18995800
2014-10-02,43.098793029785156,43.57490249885809,42.930324256126376,43.32586109558684,24559100
2014-10-03,44.168216705322266,44.23413952942358,43.252623478453366,43.39911895358615,18321100
2014-10-06,44.080322265625,44.534455741584345,43.94847661225472,44.51980591407999,11578000
2014-10-07,43.41377639770508,43.889883282711246,43.35517707970288,43.889883282711246,14542000
2014-10-08,44.241451263427734,44.26342459949887,43.34783167429687,43.47967727905939,15834100
2014-10-09,43.274593353271484,44.190186447636556,43.13542141466023,44.190186447636556,19189500
2014-10-10,42.86440658569336,43.81662284376862,42.857080276213615,43.23796733827739,16689400
2014-10-13,42.600738525390625,43.325889879495016,42.56411534055442,42.84978009411467,17169300
2014-10-14,42.47620391845703,42.864414568126776,41.062527695788944,41.523984688886195,29096800
2014-10-15,40.67430877685547,42.02938830121054,39.74406581086631,41.76569702969632,37866900
2014-10-16,40.34471130371094,41.00393691417836,39.75872925773615,40.102993290620915,31965100
2014-10-17,41.16508102416992,41.58991492119996,40.70362115473556,40.820817001588956,20183500
2014-10-20,41.48004150390625,41.56793768227675,41.06985468122871,41.09182802727906,10807600
2014-10-21,42.4322509765625,42.49084748769357,41.809648725680425,41.91951823186444,14020400
2014-10-22,42.080665588378906,42.67396821567104,42.073339277773265,42.512825706541335,13750700
2014-10-23,42.5274658203125,42.922999883444355,42.43956687813372,42.57141249723372,12641900
2014-10-24,43.02556228637695,43.05485914888743,42.48352981448194,42.48352981448194,13758000
2014-10-27,42.95231246948242,43.06218478321896,42.66664780677023,42.813143293695944,11087100
2014-10-28,43.67745590209961,43.72140258452074,43.07682702621701,43.12077370863815,13625000
2014-10-29,43.42842483520508,43.78733586687203,43.040211351306986,43.67014002879335,16712100
2014-10-30,43.50166320800781,43.71408149874589,43.1573992743405,43.17204910068471,14709800
2014-10-31,44.30006408691406,44.3440135694242,43.853254127652086,44.036372780191,18347600
2014-11-03,44.59305191040039,44.7908203765247,44.21216480462417,44.527129088358954,11841200
2014-11-04,44.131591796875,44.2194879608252,43.5236365769785,44.124268280782765,15295800
2014-11-05,44.79082107543945,44.84941758807469,44.23413883747673,44.53445329942521,14063800
2014-11-06,44.849422454833984,44.90802176799676,44.40993878278936,44.73955293390735,10421600
2014-11-07,45.02521514892578,45.083811664729446,44.578405189976166,44.73222418740079,12384600
2014-11-10,45.362152099609375,45.362152099609375,44.82744597811107,44.86406914919501,10801000
2014-11-11,44.951969146728516,45.33285630560921,44.89337262683791,45.20101064314401,12539800
2014-11-12,44.35865783691406,44.56374980791691,44.11693990465909,44.256109057244096,17219600
2014-11-13,44.116947174072266,44.409938147355824,43.94115482543733,44.31471566191332,12240400
2014-11-14,44.153568267822266,44.40260974513423,44.08032192503534,44.13159492381996,6803400
2014-11-17,44.22681427001953,44.33668377641246,43.867900509797806,43.94847315765383,9017600
2014-11-18,44.336692810058594,44.54911114420152,44.09497761140949,44.20484714018845,8897800
2014-11-19,44.38795852661133,44.527130485381214,44.05834720023142,44.278089015874286,9210100
2014-11-20,44.03638458251953,44.131607089727936,43.76536968649368,44.09498390823844,10917300
2014-11-21,44.27809524536133,44.73222876747116,44.168222924997565,44.73222876747116,12340500
2014-11-24,44.651649475097656,44.90801725315722,44.461207314802884,44.461207314802884,8335000
2014-11-25,44.168216705322266,44.798145292475084,43.91185171946649,44.798145292475084,14802600
2014-11-26,44.19751739501953,44.36598621741148,44.09497139827389,44.36598621741148,7626600
2014-11-28,44.06566619873047,44.35865711899426,43.97044373051946,44.241461309722446,6759600
2014-12-01,43.9484748840332,44.10229387552681,43.6188607635692,43.93382505710494,12771600
2014-12-02,44.739540100097656,44.820109941330955,43.948466364338806,43.955789879298834,12546600
2014-12-03,45.07648849487305,45.135085011127536,44.54178236101961,44.65165187681012,12115500
2014-12-04,44.959285736083984,45.0984548856282,44.563748834219176,44.75419097539382,11515200
2014-12-05,45.9261589050293,46.18985021341419,45.32552994444988,45.42074963256861,20071100
2014-12-08,45.9041748046875,46.26308853310813,45.603860376485926,45.85290181408004,15528200
2014-12-09,45.7430419921875,46.0360301727452,45.09114000729802,45.30355553009743,19676400
2014-12-10,44.44655990600586,45.58922131244485,44.219491769228874,45.5306220019854,29620600
2014-12-11,44.78349685668945,45.45737494556593,44.76152351269604,44.80547020068287,16886200
2014-12-12,43.97776794433594,44.84208804433523,43.919168645408625,44.336678870676444,17405400
2014-12-15,43.33319091796875,44.54177494975147,43.06217613777672,44.49050195874672,19209900
2014-12-16,42.79848861694336,43.84592745766967,42.56409698208406,42.79116230663412,20709700
2014-12-17,43.77999496459961,43.823944434240424,42.73255635525559,42.901025130959916,17856400
2014-12-18,45.032535552978516,45.032535552978516,44.27076134100181,44.417256811638666,18173400
2014-12-19,45.362152099609375,45.6697900897171,44.951965318630236,44.97394145661568,22756400
2014-12-22,45.369476318359375,45.65514376324073,45.12776115012917,45.53062162662544,17073400
2014-12-23,45.765010833740234,46.12392460275242,45.362150378762,45.45004654486282,13552600
2014-12-24,45.765010833740234,46.05067546919445,45.61119184452161,45.955455786822206,7412500
2014-12-26,45.816280364990234,46.06532181191445,45.713734379933534,45.90417652444333,6086500
2014-12-29,46.11659622192383,46.3949373286106,45.59653997076934,45.721059300974524,10601200
2014-12-30,46.25576400756836,46.350983677092344,45.83092747276275,45.94079976118996,7518100
2014-12-31,45.8382682800293,46.50482014835735,45.8382682800293,46.36564816644285,18529400
2015-01-02,46.06678771972656,46.41326347824386,45.75716791331529,45.83825888195023,12600000
2015-01-05,44.63664627075195,45.911978699957025,44.40074679321943,45.749799566743164,20100600
2015-01-06,43.47926330566406,44.78408386435433,43.014834981892776,44.70299289218784,29074100
2015-01-07,43.54562759399414,44.15012059420543,43.25075172514462,44.15012059420543,23843200
2015-01-08,44.51868438720703,44.89465101030883,44.20906746196351,44.20906746196351,16971100
2015-01-09,43.74464416503906,44.81356508264468,43.70778540487538,44.761962255986894,15396200
2015-01-12,43.368682861328125,43.78887893860984,42.95585741165517,43.70041453444494,15455200
2015-01-13,43.37605667114258,44.01003755345204,43.02957809310286,43.685673672004306,21644700
2015-01-14,41.87955856323242,43.37604598984289,40.744290882010695,43.37604598984289,49602300
2015-01-15,40.53789138793945,41.73213286356825,40.17666872535908,41.08340788390536,42458100
2015-01-16,41.23082733154297,41.28243014425189,40.27985639080585,40.29460045331445,29368900
2015-01-20,41.06866455078125,41.569951660575455,40.85487976322179,41.3119374770683,23477700
2015-01-21,41.20137023925781,41.592078347517514,40.68533891135315,40.87700905618792,21842400
2015-01-22,42.45457077026367,42.557776430619214,41.25295598438849,41.56257577759844,31423500
2015-01-23,41.78373336791992,42.66098433931871,41.76898929964303,42.55040804545727,15458300
2015-01-26,41.85008239746094,42.01226434461132,41.4298862727019,41.584694779267096,12577700
2015-01-27,41.42988204956055,41.732128403440015,41.10551818832372,41.31930294920375,15220500
2015-01-28,40.360965728759766,41.78373606983183,40.360965728759766,41.73950386214093,24354400
2015-01-29,41.0391731262207,41.20135506409351,40.30936003007998,40.74430019898514,20393300
2015-01-30,40.08820343017578,40.913851538691574,40.08082999023338,40.53788765378722,26943700
2015-02-02,40.8917350769043,41.02442886870221,40.00711073563263,40.19877798370558,20308900
2015-02-03,41.81321716308594,41.85744655118087,41.18660698102358,41.21609511451566,18812500
2015-02-04,41.56258010864258,42.07123783574688,41.48885976346133,41.51834790153382,14934100
2015-02-05,41.85008239746094,42.04912311110632,41.621553545762104,41.9164293020094,11293900
2015-02-06,42.675724029541016,43.29496077292615,42.41770989152354,42.57251837433403,25214000
2015-02-09,42.62412643432617,42.830537770078486,42.189186253888415,42.32925068712841,14372400
2015-02-10,43.09592819213867,43.28022484312675,42.79368179700396,43.06644005306608,16367300
2015-02-11,43.02959060668945,43.243375443061794,42.638882521842596,42.80106450973118,13061900
2015-02-12,43.9141960144043,44.01740166608156,43.16226550800029,43.44239714265506,23211300
2015-02-13,43.9879264831543,44.393381394309706,43.74465634860498,43.83311796006437,16479100
2015-02-17,44.3049201965332,44.334408339881335,43.729915461965334,43.759403605313466,15308800
2015-02-18,43.76675033569336,44.30489600328691,43.58245375862121,44.30489600328691,14278100
2015-02-19,43.6635627746582,43.84785942801003,43.346572305921555,43.604589307900376,11256500
2015-02-20,44.0837516784668,44.15009857526157,43.01483070217027,43.464514912430026,15379000
2015-02-23,43.75202560424805,43.884719423343206,43.34657351796564,43.86260472420862,16814000
2015-02-24,44.835693359375,45.15268385467321,44.29017679454367,44.415497179494864,22937700
2015-02-25,45.07158279418945,45.16741782793793,44.78408050508739,44.791451132848024,18307900
2015-02-26,45.39594650268555,45.48440809622634,44.90203008011744,44.99049167365824,15444800
2015-02-27,45.17477798461914,45.64657679195573,45.06420172097991,45.06420172097991,15225900
2015-03-02,45.5360107421875,45.58024294485025,44.990491491253685,45.174788117466775,13047300
2015-03-03,45.68344497680664,45.69818904318972,45.33696644716204,45.44754553896359,13706900
2015-03-04,45.8014030456543,45.830888371652726,45.22639560045862,45.440180383773125,16625500
2015-03-05,45.70557403564453,45.875126634125934,45.41069823958922,45.853011933672185,10931300
2015-03-06,44.88727951049805,46.346908247136355,44.82093262191708,45.82350657729926,22719200
2015-03-09,45.336978912353516,45.43281396412139,44.820947695637784,44.85043583651158,13001500
2015-03-10,44.201698303222656,44.97574350341985,44.201698303222656,44.791446893270844,16357700
2015-03-11,44.40812683105469,44.71037325730435,44.20171264844086,44.327035846328975,13015600
2015-03-12,45.24113845825195,45.30011473295706,44.71036604662381,44.71036604662381,18159600
2015-03-13,44.96837615966797,45.60235699481277,44.548180082819584,45.2632518822936,16506200
2015-03-16,45.594993591308594,45.64659643230525,45.15268272215323,45.33697938632529,15182900
2015-03-17,45.418067932128906,45.45492670055731,44.90940736652816,45.219027208043016,11718300
2015-03-18,45.52127456665039,45.74242999401912,45.03473150158167,45.25588692895039,15697900
2015-03-19,45.115814208984375,45.447548695284766,44.79145035031584,45.388572425656555,11523800
2015-03-20,45.52127456665039,45.77928876322327,45.07896371191294,45.20428408963581,18368300
2015-03-23,45.07158279418945,45.764539913710706,45.056838726524816,45.521267015459195,15112900
2015-03-24,44.57030487060547,45.145312378720206,44.562934241335256,44.9462716426971,12128700
2015-03-25,43.943687438964844,44.70298862931037,43.92894337160024,44.621897664876705,14950900
2015-03-26,43.892086029052734,44.07638265885681,43.39816959886325,43.8331097576866,14039600
2015-03-27,43.89945602416992,44.069008583688664,43.494004006873496,43.855226633426206,11755800
2015-03-30,44.93889236450195,45.30748564730557,44.68087819139686,44.87991890156803,20656500
2015-03-31,44.65876388549805,44.92414868924065,44.540811334309865,44.76196955564411,17346700
2015-04-01,44.48809051513672,44.94818339670393,44.32483056358503,44.8294496585306,18100600
2015-04-02,44.91106414794922,45.0446399111887,44.52517892423899,44.5771247398505,12697800
2015-04-06,44.87396240234375,45.08174567406905,44.26545182300417,44.46581264597655,12025200
2015-04-07,45.15595245361328,45.63830970477816,45.15595245361328,45.37858061927997,11505500
2015-04-08,45.304386138916016,45.682851888305095,45.222756160387554,45.311808590147166,11734000
2015-04-09,45.616050720214844,45.69768067501239,45.141115889576234,45.46763287793156,11728500
2015-04-10,45.7867317199707,45.84609716029153,45.415688517751875,45.52699977991654,9869700
2015-04-13,46.06129837036133,46.20971620283028,45.63830938786739,45.74220102134524,15468700
2015-04-14,46.78113555908203,47.204124654972716,46.55851016611358,46.72176727784486,33775400
2015-04-15,47.64937210083008,47.84973862054268,46.75886776054254,46.81081641840134,28732200
2015-04-16,47.35252380371094,47.693879962508184,47.24120973582335,47.552887427408,16640500
2015-04-17,46.63270950317383,47.04827890639864,46.37298039543017,46.936964814031384,20221200
2015-04-20,46.92953872680664,47.137321984360625,46.85532839851267,46.91469666114784,12755300
2015-04-21,46.23940658569336,47.196695931304184,46.10583080149927,46.996335085848145,14985100
2015-04-22,46.70691680908203,46.86275710388994,46.03161830103094,46.49171390538198,14484700
2015-04-23,46.60303497314453,46.90729034671235,46.45461709634267,46.595615353180435,12851300
2015-04-24,46.4546012878418,46.63270324556304,46.26166009524215,46.476865801828566,9597500
2015-04-27,46.26167297363281,46.86276406358571,46.239411284283385,46.52882456916743,11146400
2015-04-28,46.573341369628906,46.58818343737728,45.83867741651146,46.37298053211322,12307800
2015-04-29,47.19670104980469,47.41190681777154,46.35072287871888,46.424933228449895,17601200
2015-04-30,46.94438934326172,47.40448499773048,46.6920798275591,47.18185962054235,16840900
2015-05-01,47.20410919189453,47.397050381040906,46.996325937300824,47.2708970709903,11640100
2015-05-04,48.027835845947266,48.139149945540474,47.22638112288054,47.256065260216744,14972500
2015-05-05,47.79035186767578,48.47306980509455,47.70872193367263,47.87198180167893,17692400
2015-05-06,47.43416213989258,48.287562646811956,47.06311893355111,47.886835304562766,18087900
2015-05-07,47.86457824707031,47.938785763181265,46.93697014150693,47.24864510617529,15039900
2015-05-08,48.59925079345703,48.71798736936746,47.938794159552074,48.21336824509127,16802600
2015-05-11,48.569541931152344,48.71054012787037,48.29497364701979,48.428549396102994,13798800
2015-05-12,48.502769470214844,48.63634525395078,48.05751874498509,48.46566288408314,12762200
2015-05-13,48.62150573730469,48.70313570649488,48.28014662145056,48.54729821849653,11874100
2015-05-14,49.01481246948242,49.11128167013994,48.76250013147537,48.851552544007916,11855500
2015-05-15,48.88865661621094,49.09644559216057,48.56214240591717,49.07417824134152,11152100
2015-05-18,49.28938293457031,49.378435350898854,48.82929293771593,48.82929293771593,10510900
2015-05-19,49.72721862792969,49.860794426216835,49.400698751745395,49.54911378909966,14282700
2015-05-20,49.33390426635742,49.74204837200863,49.2745359980799,49.6826801037311,12446000
2015-05-21,49.46005630493164,49.4823179895398,48.985121494392395,49.081590681584274,12934500
2015-05-22,49.326499938964844,49.59365158269015,49.21518581046735,49.445230857469554,9296900
2015-05-26,48.7773323059082,49.19289879930537,48.465651774191485,49.12610809191291,15571300
2015-05-27,49.326499938964844,49.4600757608275,48.844142489923506,48.94061171506307,10963700
2015-05-28,49.12611389160156,49.27453455795756,48.78475485148704,49.24485042468636,11797400
2015-05-29,48.81444549560547,49.14096534347021,48.50277054719109,49.111281206239745,14310700
2015-06-01,49.037071228027344,49.46748270371905,48.955441270166155,48.970280507200016,11899300
2015-06-02,48.9925422668457,49.26711627657754,48.6660280965827,48.85154969896826,12784200
2015-06-03,49.49717712402344,49.816274608918164,49.17807963912872,49.296816220332246,12927300
2015-06-04,49.222591400146484,49.75689450456286,48.985123982813626,49.207746501873906,13863300
2015-06-05,50.03147506713867,50.34315006696848,49.7272225182585,49.99437413573296,20801100
2015-06-08,49.63814926147461,50.1279289085346,49.57878100213361,50.061138201358766,14558700
2015-06-09,49.85335922241211,49.920144273635415,49.32647861441854,49.6826768776148,13263500
2015-06-10,50.65481185913086,50.832910983880026,50.06856300925954,50.15760974079958,17478900
2015-06-11,50.84775161743164,50.966488144977,50.57318330540421,50.729020751555545,13739900
2015-06-12,50.647396087646484,50.86260182002002,50.365405297813844,50.69191945928589,11804700
2015-06-15,50.45446014404297,50.61772008183335,49.942424302947686,50.15020761952789,14082300
2015-06-16,50.736446380615234,50.84775480508037,50.17988161161113,50.291190036076266,11692800
2015-06-17,50.5657844543457,50.96651192931326,50.491576920834355,50.76615102266543,14521900
2015-06-18,51.04069519042969,51.070379322052325,50.38766127973933,50.72159785257287,16759600
2015-06-19,50.52126693725586,50.95909539901978,50.40253034050273,50.803257862035714,21606400
2015-06-22,51.17428970336914,51.419179632737446,51.018452201499656,51.10750462899848,14306700
2015-06-23,51.76054000854492,51.81248584373539,51.34497332702121,51.46370423816881,15736900
2015-06-24,51.21879959106445,51.77536437752706,51.13717529778614,51.58242599462227,16995000
2015-06-25,50.94424057006836,51.55275128808721,50.93681811962387,51.44143717810322,13314300
2015-06-26,51.16685485839844,51.419167177692934,51.03327908034133,51.159438070823526,14489200
2015-06-29,49.86819839477539,50.65481374320769,49.838519924270905,50.224402319191626,19934400
2015-06-30,50.28376770019531,50.54349676473614,49.838517066458316,50.380236877976486,20677400
2015-07-01,50.843990325927734,51.0830098860994,50.62737795910406,50.88133944729161,13964400
2015-07-02,50.43315505981445,50.88878682666824,50.18667032094302,50.754338015159355,12822900
2015-07-06,50.2912483215332,50.3883480389692,49.701167657096036,49.955123394393866,13527100
2015-07-07,49.895362854003906,50.20907483125197,48.77495805068352,50.11196943447982,22421500
2015-07-08,48.87206268310547,49.41732891652338,48.70773571690626,49.2978163234061,17707200
2015-07-09,49.379981994628906,49.82067187925998,49.290347545819074,49.663815867848534,14984700
2015-07-10,50.08210372924805,50.343530412144396,49.91777675752054,50.20908158970138,12356100
2015-07-13,50.85890579223633,50.896254898352524,50.552664777042864,50.70952076511857,16175600
2015-07-14,51.568511962890625,51.613326342627836,50.612433870663786,50.77676086126682,20185100
2015-07-15,51.6805419921875,51.85980516950969,51.42658060053021,51.710420138186805,16891600
2015-07-16,51.95691680908203,52.2482216761716,51.844880859182176,52.00920215192696,18035700
2015-07-17,51.69549560546875,51.9046369991424,51.47888324811374,51.800066302305574,14040700
2015-07-20,51.732826232910156,52.11375976435862,51.67306994217072,51.91208940645493,11512900
2015-07-21,51.613311767578125,51.94196565597585,51.44151956131447,51.65813183333358,11659900
2015-07-22,52.345333099365234,52.502189145884515,51.68802505832184,51.74778137090317,15493000
2015-07-23,52.01667022705078,52.74119972244666,51.88222139596006,52.427487682793185,14331800
2015-07-24,51.47140884399414,51.95691312224227,51.29961090188012,51.8672843686824,12413900
2015-07-27,50.799163818359375,50.956019833044735,50.47050986453797,50.90373449481628,16801600
2015-07-28,50.829036712646484,51.23984841376909,50.61988968268491,51.202505003852785,14932400
2015-07-29,51.493797302246094,51.61330416308185,50.91118782132462,51.03069468216037,13059200
2015-07-30,51.568511962890625,51.87475305555315,51.19504360194733,51.4863484675891,10197200
2015-07-31,51.18756103515625,51.568500272590526,51.090461334845955,51.54609308780151,11911800
2015-08-03,51.18756103515625,51.41910954287432,50.79168557408718,51.23237540473429,9980600
2015-08-04,51.13526916503906,51.50126643335968,51.02322755674865,51.142740125237864,10964000
2015-08-05,51.33695983886719,51.852342266092094,51.20997627396872,51.57597934533115,11302900
2015-08-06,50.97844314575195,51.49383142750519,50.79170892177484,51.351911593706184,10803400
2015-08-07,50.829036712646484,51.34441907941294,50.45556842144019,51.038178043934195,11453300
2015-08-10,51.45645523071289,51.546089662586446,50.95600914143372,50.95600914143372,12661400
2015-08-11,50.96348190307617,51.09045974537933,50.67964237478268,50.96348190307617,14800300
2015-08-12,50.224021911621094,50.4555761627944,49.35010734379616,50.35100548110636,21069000
2015-08-13,50.45556640625,50.642300544395006,50.02234183807191,50.23148316100653,11930600
2015-08-14,50.70952606201172,50.72446798548836,50.34352871827128,50.358464943073834,11248800
2015-08-17,50.843990325927734,50.970968220683595,50.3435440122364,50.50787102835614,10326500
2015-08-18,50.94855880737305,51.06060046790691,50.67219013787962,50.77676653340664,10617500
2015-08-19,50.4929084777832,51.02323273223288,50.313645305538934,50.73939890129,15198200
2015-08-20,49.25300598144531,50.074635181013655,49.25300598144531,49.902837239015255,20972300
2015-08-21,47.50517654418945,48.87954313860781,47.48276935329639,48.618110715054854,28235500
2015-08-24,45.0029296875,46.9972490213224,37.39911494969827,44.28587124271017,36339100
2015-08-25,44.748966217041016,47.2960196031303,44.61451741724326,47.13169265908046,31772500
2015-08-26,46.989784240722656,47.042069577945426,45.227013301962984,46.16068410856559,33576800
2015-08-27,48.1624755859375,48.34920974024318,47.161577555548504,47.78900442798907,29045700
2015-08-28,47.90105056762695,48.14754105684832,47.5051750114881,48.02056318010096,16687300
2015-08-31,47.878639221191406,48.06537338796569,47.408071172443044,47.512641849942675,14223400
2015-09-01,45.89924240112305,46.94495165268905,45.55565234058005,46.94495165268905,23637300
2015-09-02,46.7358283996582,46.989786987874716,45.96648452182759,46.77317466423823,17757900
2015-09-03,46.81797790527344,47.54997529985242,46.646182860056214,46.96736576830387,17065400
2015-09-04,45.93660354614258,46.25031556853195,45.37640106387255,46.160683969183154,20189000
2015-09-08,47.176517486572266,47.206395635644675,46.55656156467385,46.88521265645903,13385100
2015-09-09,46.44451904296875,48.05789917133473,46.31007022404874,47.75912623433021,13889500
2015-09-10,46.80303955078125,47.056998067021176,45.89924709714431,46.20549093884511,15751100
2015-09-11,46.72835922241211,46.80305174987133,46.30260554735252,46.59391039351568,12766700
2015-09-14,46.59390640258789,46.825454927480926,46.3997012888886,46.78810866695015,10202800
2015-09-15,47.49024200439453,47.72179058341955,46.691017025638594,46.87775122128468,14023500
2015-09-16,47.90851593017578,48.02055756660399,47.213864622730135,47.721781769020225,12235900
2015-09-17,46.79558563232422,48.281988077242005,46.60138049370927,47.90851972534584,21249200
2015-09-18,45.51830291748047,46.18307870293938,45.39879320817005,46.18307870293938,31008000
2015-09-21,45.89924240112305,46.24283246166603,45.622876730628576,45.951527721234534,13136400
2015-09-22,45.495906829833984,45.630355641755415,45.129906653084106,45.264355465005536,14811900
2015-09-23,45.29423522949219,45.675174493319254,45.0552157440598,45.41374497220838,11712200
2015-09-24,44.98052215576172,45.10003189564137,44.412848754330625,44.82366330708339,17293400
2015-09-25,45.9141960144043,46.20550084710675,45.46603232234602,45.76480811705154,18384300
2015-09-28,44.80125427246094,45.570598013104174,44.5846419874502,45.50337360911246,17452200
2015-09-29,44.69668960571289,44.91330191977783,43.86758946172016,44.80126028165121,19334900
2015-09-30,45.540733337402344,45.56314052751312,44.898367293743405,45.33906007839285,18743800
2015-10-01,45.876853942871094,46.212976051158485,45.21955165259528,45.65277348712536,16863200
2015-10-02,45.748966217041016,45.78658196043031,44.03366019349571,44.831127154876306,20435100
2015-10-05,46.659263610839844,46.82477626604346,46.05740332359429,46.07245018951246,13471100
2015-10-06,46.68183517456055,46.915057304935935,46.35833471335123,46.726975774925705,12134800
2015-10-07,46.74201965332031,47.41911139613028,46.463656940376545,47.05799522598572,12773100
2015-10-08,46.74201965332031,46.8322979783824,46.215390828981754,46.53136640164716,13964600
2015-10-09,46.59156036376953,47.05800178986408,46.32824734982018,46.93762971635914,12112000
2015-10-12,46.43357849121094,46.65175092927467,46.19283431342567,46.52385684040617,10857400
2015-10-13,46.30567169189453,46.76459108011423,46.12511503187468,46.185299628582506,15621900
2015-10-14,45.132041931152344,45.86932113093933,44.793494627705215,45.71133047606655,28989400
2015-10-15,46.561458587646484,46.61412118134253,45.21479427479926,45.493156978502505,18147900
2015-10-16,46.967716217041016,47.133228868825036,46.71192524150942,46.967716217041016,17456600
2015-10-19,46.80972671508789,47.22350545946607,46.57650461157842,46.6442140693782,14510400
2015-10-20,47.03541946411133,47.26111667861453,46.70439707416635,46.9150474250499,11545100
2015-10-21,46.689353942871094,47.36644564050709,46.68182907551184,47.30626105111314,12113400
2015-10-22,47.53948211669922,47.83289168722279,46.960190713198,46.960190713198,15295700
2015-10-23,48.05105972290039,48.291806677725816,47.77269991280607,47.87050309415116,16985200
2015-10-26,48.073638916015625,48.14134837978057,47.70499786442951,48.02849831687355,13880200
2015-10-27,47.8780403137207,48.04355300094435,47.62977415278201,47.79528397010888,8831900
2015-10-28,49.27736282348633,49.45791949233874,47.91565145886541,47.92317632750723,17962000
2015-10-29,49.05917739868164,49.52562158146465,48.810908443016885,49.09679599431272,12753700
2015-10-30,48.33694076538086,49.156973269958314,48.24665958789886,49.126885283922284,15731400
2015-11-02,49.30746078491211,49.46544860117486,48.44228449031689,48.48742222645096,15253300
2015-11-03,49.487998962402344,49.72874303140975,49.029079684014576,49.11936086231412,11519500
2015-11-04,49.54066467285156,49.766364762940505,49.375152038758564,49.66103958484346,11388400
2015-11-05,49.984554290771484,50.157586101538804,49.46544737888279,49.495541115493054,12715900
2015-11-06,51.504249572753906,51.933075265585074,51.2334116888823,51.43654297168263,23262700
2015-11-09,50.699256896972656,51.69985201667588,50.4660376359113,51.68480227995352,17143800
2015-11-10,50.91743850708008,51.045332586195904,50.35319384531713,50.548800268537136,13239700
2015-11-11,50.669158935546875,51.28606607445517,50.593927477590704,51.23340347990662,8513900
2015-11-12,49.65352249145508,50.330617127933444,49.61590389062026,50.30052339522412,13576900
2015-11-13,49.322505950927734,49.781425411796306,49.0742426565216,49.53315637759653,11837000
2015-11-16,50.0372200012207,50.08988260860964,49.0290998514691,49.247275150592905,11041100
2015-11-17,49.751338958740234,50.21025848680767,49.57078224369887,50.15759587242917,12354800
2015-11-18,50.74440002441406,50.81963723644202,49.93189208857021,50.01464842996623,12911400
2015-11-19,50.90239334106445,51.02276254812114,50.4359490317105,50.84220586763942,12839500
2015-11-20,50.812110900878906,51.24093659401295,50.69173595694284,51.150655386060905,11209600
2015-11-23,50.31557846069336,50.842210289272344,50.24034698226604,50.639078983745314,11339000
2015-11-24,50.24034881591797,50.511186739976345,49.683628967484225,49.781429319029826,10910000
2015-11-25,50.30051803588867,50.49612440776186,50.067298806980794,50.353180627570836,7772000
2015-11-27,50.53373718261719,50.654112100433245,50.1350053119875,50.40584313728163,4052500
2015-11-30,50.165103912353516,50.797055072872766,50.165103912353516,50.61649841840906,15147500
2015-12-01,50.86478805541992,51.03030078078566,50.398343623916034,50.66165671436384,12708800
2015-12-02,50.15007400512695,51.067907271384094,50.014655041286694,51.030294400191565,13440900
2015-12-03,49.50306701660156,50.42842504253669,49.33755433169129,50.27796209614197,14626900
2015-12-04,51.07542419433594,51.158180533794656,49.67609703231633,49.728759635627036,17786000
2015-12-07,50.40584945678711,50.97009404025861,49.95445493796846,50.902387445342534,11686000
2015-12-08,49.62342834472656,50.375754436805124,49.42782195364422,49.84160360020446,13084500
2015-12-09,49.24726867675781,50.08987602400899,48.93129307396098,49.36011874626895,16770200
2015-12-10,49.3601188659668,50.029688676285524,48.961386927214406,49.30745626537295,12839000
2015-12-11,48.201541900634766,49.02158048579489,47.780238173653785,48.75074258058547,17889300
2015-12-14,48.35200500488281,48.720648995786846,47.84794780074103,48.321917006248015,17638200
2015-12-15,49.72874069213867,50.1425222318078,48.9538459358411,48.9538459358411,18126600
2015-12-16,50.80458068847656,50.962568480931075,49.5858160781724,50.33814217926589,21720000
2015-12-17,49.86415481567383,51.15815615441674,49.71369194642999,51.08292471979482,18122100
2015-12-18,48.44980239868164,49.6309541561029,48.44980239868164,49.6309541561029,23819600
2015-12-21,49.30746078491211,49.322504783692295,48.77330986141609,48.91624793910515,18869300
2015-12-22,49.41278076171875,49.65352489525554,48.88615476329229,49.59333742692312,12149500
2015-12-23,50.202720642089844,50.29299609606152,49.69113869034507,49.743801285092665,12524500
2015-12-24,50.10491180419922,50.323087038862035,49.894261436881195,50.11996153888881,4468200
2015-12-28,49.939395904541016,49.9920584929361,49.435338881360664,49.87168932222947,6610600
2015-12-29,50.45851516723633,50.6315527090159,50.210246157645535,50.28547762545676,9820800
2015-12-30,50.09739303588867,50.44346809837729,49.992067839407,50.43594323011639,7190700
2015-12-31,49.67609786987305,50.24034251762679,49.65352900232983,49.79647281649466,14654300
2016-01-04,48.184059143066406,48.51730215168249,47.7220612496374,48.43399356638954,25393200
2016-01-05,48.267364501953125,48.5703118652707,47.744778350055576,48.24464424421993,16566700
2016-01-06,47.57060623168945,47.812965396534445,47.214639944320616,47.50244253600498,22961500
2016-01-07,45.6468620300293,46.95711671422854,45.50296222857902,46.548134681709065,27630900
2016-01-08,44.62440490722656,46.40423275733012,44.57138904126775,46.298201025412496,22373300
2016-01-11,44.5562629699707,44.851638030695774,43.9579374992383,44.5562629699707,20925500
2016-01-12,44.65471267700195,45.10913822362282,44.0033714159162,45.02582672895155,22971600
2016-01-13,43.427757263183594,45.20000976321804,43.10208672208531,45.03338681963808,28808100
2016-01-14,44.0791015625,44.9728017792317,43.389892367137236,44.048805954338334,31296300
2016-01-15,43.2005500793457,43.60195678410566,42.57950454441026,42.75369996136549,38131700
2016-01-19,43.17782211303711,43.904902197736966,42.79913571254367,43.72313145427501,22818900
2016-01-20,42.041770935058594,42.54921231091987,41.39800508701882,42.13265776870893,34646100
2016-01-21,41.8448600769043,42.80672417559616,41.70096024071531,42.21597413433219,31301100
2016-01-22,43.13240051269531,43.29144817726827,42.640106820465604,42.74613859684758,22732200
2016-01-25,42.1553840637207,43.056656957751265,42.109940640393944,42.77642973677519,21114400
2016-01-26,43.23085403442383,43.28386991550871,42.2689899375071,42.299282663020726,17535700
2016-01-27,43.2005500793457,44.13211838174887,42.83701144102849,43.23084568815921,20560000
2016-01-28,43.382320404052734,43.90490957358121,42.89002973419723,43.56409117805143,15497900
2016-01-29,45.063697814941406,45.09399343123796,43.556524129401005,43.79888617062448,26992200
2016-02-01,44.5789680480957,45.17729331493347,44.260869937073146,44.80617933359853,16807900
2016-02-02,43.19297409057617,43.912478898887116,42.98091061033017,43.836742767127326,22448200
2016-02-03,43.48078536987305,43.77616038817571,41.67066429738335,43.45048975539359,31543200
2016-02-04,44.23058319091797,44.32146713956305,43.21570328207726,43.21570328207726,21651300
2016-02-05,43.73828125,44.7910290290783,43.48834682749464,44.366902090254285,22001300
2016-02-08,42.821868896484375,43.10966854811861,42.06449591800739,42.93547310976675,28267600
2016-02-09,42.56435775756836,42.935468862386784,41.75396898189737,41.87514853090009,26300000
2016-02-10,42.049346923828125,43.48078135044722,42.011478853803794,42.84458795093334,22389600
2016-02-11,40.193782806396484,40.829976209159035,39.76208044978782,40.82240375077492,44334700
2016-02-12,43.5413703918457,43.60195872301871,41.78426256145416,42.1478041050858,37011400
2016-02-16,44.19270706176758,44.38205028463573,43.654973002217616,44.10182312375239,23730700
2016-02-17,44.51081085205078,44.87434953959779,44.22300830764532,44.57139918873428,21580100
2016-02-18,43.78373718261719,44.57897830950372,43.35960723334155,44.56383050176363,17037800
2016-02-19,43.79130935668945,44.05638876754213,43.230854919701244,43.54895021272446,15658200
2016-02-22,44.35933303833008,44.594119690742694,44.24572594122592,44.31388962165872,14882800
2016-02-23,42.50376892089844,43.99579454905789,42.38258936510341,43.851894729410205,31772500
2016-02-24,42.5189094543457,42.57192532036674,41.14806650559026,41.806980046957456,25560100
2016-02-25,43.17782211303711,43.1929699157546,42.443172460700445,42.51133612835518,14473300
2016-02-26,43.5792350769043,44.01093737616174,43.27628477711219,43.65497120727824,20947500
2016-02-29,42.640106201171875,43.63226603132761,42.63253374117566,43.48079082906082,19554100
2016-03-01,44.83648681640625,44.83648681640625,42.92033096354846,42.98849465616631,23958100
2016-03-02,45.26060485839844,45.36663949509148,44.6547070944661,44.836477868220015,20943100
2016-03-03,45.412078857421875,45.412078857421875,44.76073769446263,45.12427923265022,15790600
2016-03-04,45.480247497558594,45.85893399277415,45.08641319583657,45.51811556925041,18459000
2016-03-07,45.39692687988281,45.48023835434533,44.92735652917819,45.09397947810323,12832400
2016-03-08,44.518375396728516,45.06368477568438,44.442639267050495,44.844045954810696,14132900
2016-03-09,44.775875091552734,45.09397314124065,44.442632129679964,44.798598238125386,13238800
2016-03-10,44.38964080810547,45.19245449849016,43.783742865603074,45.13186614881456,21139200
2016-03-11,44.9425048828125,45.07125688008664,44.4199186581704,44.98037294735501,21055000
2016-03-14,44.775875091552734,44.919777759638,44.382040924349816,44.798598238125386,13436100
2016-03-15,44.83648681640625,44.84405927596423,44.25330919937553,44.33662070025835,10910500
2016-03-16,44.62440490722656,45.25302573094962,44.28358945153363,44.669848316254686,17423900
2016-03-17,44.495662689208984,44.78346523130932,43.920060494156964,44.510810495545705,19405700
2016-03-18,45.80590057373047,46.17701446815331,45.184855190531074,45.480230081424985,29570200
2016-03-21,45.79076385498047,46.06341855537544,45.41207741313151,45.608995980816,12684400
2016-03-22,45.6241455078125,45.88165241355838,45.154572222003424,45.43480227973901,12042700
2016-03-23,45.39692687988281,45.8286291665085,45.33633855518613,45.699877170810495,11658700
2016-03-24,45.048553466796875,45.07127373618986,44.586555394811555,44.91222607214058,12921200
2016-03-28,44.98796463012695,45.25304406733031,44.821341618656746,45.08642105586009,11159700
2016-03-29,44.70772171020508,44.934935893291,44.32903525725969,44.934935893291,15933400
2016-03-30,45.22272872924805,45.61656292789312,44.97279721017686,45.033385531196444,13307100
2016-03-31,44.85163116455078,45.38936531530259,44.7683196700951,45.02582661243593,14904700
2016-04-01,45.34392166137695,45.48782438347984,44.35176485941924,44.70015575340212,15417500
2016-04-04,45.16843795776367,45.45073987641057,44.98532139046841,45.35155161451984,12305000
2016-04-05,44.527530670166016,44.88613234170475,44.41308246121655,44.70301578949337,12886600
2016-04-06,44.87086486816406,44.92427324724798,44.21470145594641,44.39018654587046,12167900
2016-04-07,43.73402786254883,44.58093640893782,43.54328279932747,44.45122825246719,19226800
2016-04-08,44.05448913574219,44.695392781749625,44.016337787692606,44.0315977448046,13547700
2016-04-11,44.405460357666016,44.92428726829918,44.184195340667316,44.184195340667316,17627800
2016-04-12,45.229469299316406,45.31339759437804,44.40545212438319,44.51226889608391,17779200
2016-04-13,47.14454650878906,47.42684836336081,46.06874456027345,46.145041414847945,37516800
2016-04-14,47.75493621826172,47.999089676944244,47.00721588722915,47.068252796630375,24249900
2016-04-15,47.20558547973633,47.991457086889106,46.885135183829455,47.97619713319755,19290700
2016-04-18,47.51079177856445,47.74731675992347,46.94618497909492,47.030113292175194,13813100
2016-04-19,48.31191635131836,48.43399309297427,47.72442112255581,47.72442112255581,19255600
2016-04-20,49.013851165771484,49.067259552101746,48.182205461331975,48.43398743824055,14594400
2016-04-21,48.52554702758789,49.334310122450894,48.327173425679916,49.02911683124285,15395800
2016-04-22,48.80785369873047,49.120672613846104,48.556068787317685,48.556068787317685,12444700
2016-04-25,48.52554702758789,48.792591885029665,48.18220821315251,48.52554702758789,10687200
2016-04-26,48.77732467651367,48.88414143939178,48.31953771831076,48.68576786698079,12048000
2016-04-27,48.914676666259766,49.319055369675866,48.525555010428945,48.723931555510376,15284100
2016-04-28,48.52554702758789,49.151190655079354,48.334801948217596,48.556066938816485,12852500
2016-04-29,48.2203483581543,48.533170118128,47.83885826498937,48.13642007197186,16376400
2016-05-02,48.670509338378906,48.83073448738638,48.174571027025955,48.59420956941921,10247300
2016-05-03,47.732032775878906,47.9990746280453,47.152166310406315,47.99144610821393,19120300
2016-05-04,46.97670364379883,47.50315907927386,46.74781010274618,47.114040350538275,17030200
2016-05-05,46.724918365478516,47.304782156436346,46.58758166831025,46.99958884927596,14033900
2016-05-06,46.99958419799805,47.060624017604994,46.22897539396246,46.31290369065262,11057900
2016-05-09,46.702022552490234,47.22084937920188,46.57994582329566,46.82409928168481,11197100
2016-05-10,47.33530044555664,47.503154139251926,46.808842154290595,46.96143880263639,11897200
2016-05-11,47.15981674194336,47.76256900976505,47.15981674194336,47.28189348219651,11254000
2016-05-12,47.129302978515625,47.73205823552183,46.824109632792634,47.51079320539964,11071700
2016-05-13,46.69439697265625,47.60997395457872,46.557060279840925,47.075887139245694,15122300
2016-05-16,47.04536819458008,47.2971531067642,46.541801280750896,46.70202645548312,10951300
2016-05-17,47.04536819458008,47.426858369012464,46.65624949729623,46.86988306360587,12180900
2016-05-18,48.86125946044922,48.96044480457155,47.06825399628529,47.07588542924171,24007100
2016-05-19,48.36532211303711,48.99859717692559,47.9914633854129,48.47213889235831,16076200
2016-05-20,48.45689010620117,48.97571998778346,48.3500733022582,48.72393502659821,11862000
2016-05-23,48.4187126159668,48.73153431579084,48.18981918618737,48.411084096207226,9347500
2016-05-24,49.24275588989258,49.418238122713554,48.68578054517379,48.784965901938754,13839400
2016-05-25,49.9904670715332,50.50929391228701,49.53268005229814,49.54794291821671,18935200
2016-05-26,49.61660385131836,50.03624530985044,49.52504994842209,50.02861387758334,9428400
2016-05-27,49.92180633544922,49.94469481540297,49.63187588757127,49.75394972101734,10116000
2016-05-31,49.79973220825195,50.219373790908136,49.56321012770699,50.15070834342565,15139400
2016-06-01,50.120182037353516,50.295664261491865,49.02911988260919,49.41061006509212,14031000
2016-06-02,50.21173095703125,50.21173095703125,49.715798426036585,49.99046597468891,10637600
2016-06-03,49.31904602050781,49.48690261752014,48.48739737887042,49.0214841698324,20261700
2016-06-06,49.80735778808594,50.173590928179934,49.28853090191512,49.31905081534614,13193500
2016-06-07,49.639503479003906,50.1583303892585,49.62424643211931,49.93706537242125,9924100
2016-06-08,49.78446960449219,49.95995765249513,49.53268468299688,49.540316116669615,9428000
2016-06-09,49.402976989746094,49.51742520490319,49.036743865458966,49.433496901859854,10817800
2016-06-10,48.708656311035156,48.88414140858697,48.51028273874917,48.777324645776176,16678400
2016-06-13,48.27375793457031,49.09014361079166,48.26612650261639,48.43398307914071,14314900
2016-06-14,47.365821838378906,48.42636406620804,47.06062853214446,47.823608887191504,19509300
2016-06-15,47.281883239746094,48.0524919499347,47.23610338061608,47.61759347508416,16982100
2016-06-16,47.47264099121094,47.53367790918003,46.46550710513754,46.88514573924492,16791200
2016-06-17,47.5184211730957,47.846502997218906,47.251379181618404,47.533681131257175,15751500
2016-06-20,47.58708190917969,48.71629243744769,47.564193430872436,48.411102054708174,12213200
2016-06-21,48.02961730957031,48.0677657478973,47.41160213073178,47.861760688284456,11611600
2016-06-22,47.84649658203125,48.60947692456929,47.8236081031276,48.02961314487755,12643500
2016-06-23,48.8688850402832,48.945181897475834,48.472132069158214,48.60184021903193,16583600
2016-06-24,45.4736328125,47.07589347411059,45.27525917981608,46.14505641099985,44108700
2016-06-27,43.955299377441406,44.825096529519435,43.528029324429774,44.79457661633165,37300700
2016-06-28,45.41259765625,45.43548613884258,44.45124063980888,45.16081270557368,29088700
2016-06-29,46.69439697265625,46.70202549535088,45.77881999073377,46.053493376364415,21483000
2016-06-30,47.41159439086914,47.44974282296845,46.55705728758148,47.022475726594024,21343600
2016-07-01,47.10402297973633,47.68071279695403,47.02713217738573,47.411592055530875,14217800
2016-07-05,45.78916549682617,46.596530559013864,45.4431510606898,46.48119436909891,23357700
2016-07-06,46.28130340576172,46.35819718173232,45.18174734156197,45.37397738169203,20429800
2016-07-07,46.58116149902344,47.01175469690186,46.25821366741845,46.53502525645239,13771400
2016-07-08,47.542320251464844,47.8037502094404,47.157860289928934,47.157860289928934,16998800
2016-07-11,47.88064193725586,48.40350769749349,47.7806815301878,47.99597816092214,13151400
2016-07-12,48.595726013183594,48.87253757669677,48.35735984833705,48.46500813788197,16588100
2016-07-13,48.56498718261719,48.77259593502808,48.165148429810685,48.50347510775305,18526900
2016-07-14,49.30314636230469,49.9644179491356,49.249322203673955,49.779872948350246,28985900
2016-07-15,49.349281311035156,49.82601377923715,48.9109971858664,49.78756543620391,17607100
2016-07-18,49.180118560791016,49.518445210965254,49.13398524172856,49.310833542397035,10824400
2016-07-19,49.10322570800781,49.28776484301378,48.79565657206897,48.9109957313452,9737400
2016-07-20,49.15704345703125,49.38772174550463,48.98788016100311,49.29544925683677,10411100
2016-07-21,48.97249221801758,49.34926414301284,48.926358915541726,49.21085836919382,9808700
2016-07-22,49.24163055419922,49.280073028937174,48.903303924703195,49.133982238703794,8195700
2016-07-25,49.110904693603516,49.34158003704836,48.96481099383421,49.19548633727906,8168300
2016-07-26,49.31081771850586,49.41078103292096,48.98787285591482,49.19548152466442,8067800
2016-07-27,49.4646110534668,49.74142264468696,49.25699942685547,49.27238110769681,11806800
2016-07-28,49.28776550292969,49.35697134597936,48.99557804639202,49.21087468451382,10013400
2016-07-29,49.18780517578125,49.43385930029218,49.01864186523128,49.05708727221177,13210400
2016-08-01,49.05708312988281,49.44923094108563,48.91098942241436,49.32620682241473,11422600
2016-08-02,48.941734313964844,49.21854584267357,48.7341256674333,48.89559808144821,13550000
2016-08-03,49.71834945678711,49.72603442980557,48.94173893533373,48.97249349338665,13122300
2016-08-04,49.641475677490234,49.84139652956378,49.418488162945565,49.58765150959285,9873000
2016-08-05,50.97938537597656,51.03320952762643,50.03361143539452,50.08743558704439,20752700
2016-08-08,50.82560729980469,51.12548560968386,50.62568647108737,50.80254064002839,11359200
2016-08-09,50.64875411987305,50.96400821711347,50.510348308149844,50.88711740313237,10097000
2016-08-10,50.19508743286133,50.80253482514761,50.102820804317005,50.68719567307424,11556100
2016-08-11,50.3334846496582,50.51033876816572,49.995158092370076,50.18738802421252,9604500
2016-08-12,50.22583770751953,50.248904361338084,49.87213532738676,49.95671696898287,7685400
2016-08-15,50.533409118652344,50.61799076416281,50.333488332319206,50.41037913740352,8371600
2016-08-16,50.52571487426758,50.71794480722388,50.164321661687005,50.25659414140715,10128900
2016-08-17,50.664127349853516,50.733333185378896,50.39500658146099,50.59492738072091,11868100
2016-08-18,50.710262298583984,50.74101979687723,50.38731736609435,50.45652320385239,9313600
2016-08-19,50.64105987548828,50.679508213091644,50.148951659407146,50.533411569870076,9084900
2016-08-22,50.59492874145508,50.656437871318516,50.29505046769645,50.55648040219662,9055600
2016-08-23,50.57186508178711,51.01014924074409,50.56418010570281,50.80254342498298,8949600
2016-08-24,50.710262298583984,50.925564786636706,50.57185648946086,50.74101979687723,10167200
2016-08-25,50.802520751953125,50.8563448924914,50.58722418980004,50.67949665917622,9978700
2016-08-26,50.917869567871094,51.425353580097,50.633367132913,51.00245121430749,14038600
2016-08-29,51.47917175292969,51.59451088162138,51.10240274116915,51.12546939362913,14583100
2016-08-30,51.902076721191406,51.978967513426,51.47916856431402,51.47916856431402,13791200
2016-08-31,51.902076721191406,52.10968244686395,51.409968611220314,51.871319231019285,14952300
2016-09-01,51.679100036621094,52.071250784667065,51.24850681767972,52.00973579156326,12226500
2016-09-02,51.894405364990234,51.96361121045761,51.502260417451716,51.825205385916476,13720700
2016-09-06,51.85594940185547,51.9405310429893,51.29463540763931,51.90208270924043,16649400
2016-09-07,51.64067077636719,51.971300749498006,51.486883254265976,51.64067077636719,10070400
2016-09-08,51.709869384765625,52.04050521548755,51.517639387052746,51.68680272366312,12253000
2016-09-09,51.24850845336914,51.848264989291984,51.24081761238754,51.54069588034896,19686900
2016-09-12,51.56376647949219,51.7483114788041,50.564174131989056,50.85636158130968,16453000
2016-09-13,51.1562385559082,51.40998352363806,50.61030614637595,50.833293615011904,18876100
2016-09-14,51.0562744140625,51.70985505184829,50.91017777904965,50.95631108846745,12648600
2016-09-15,51.240821838378906,51.463809314093254,50.81791354540457,50.97170104575583,12531300
2016-09-16,50.61030578613281,50.94863240736442,50.318118346410195,50.81791157054753,25161500
2016-09-19,50.894798278808594,51.24080980716803,50.63336252279255,50.86404078596012,13466900
2016-09-20,51.10243225097656,51.40231063890883,50.93326888006192,51.325419797509944,10092200
2016-09-21,51.39459991455078,51.617587374828844,50.98707333301921,51.39459991455078,14116800
2016-09-22,51.8175163269043,51.84058298738926,51.39460799670056,51.50994716551919,12781700
2016-09-23,51.709869384765625,52.20966855209792,51.65604522006178,51.81751771417333,13967400
2016-09-26,50.57954788208008,51.36384943112635,50.395008756701614,51.21006193798344,16408100
2016-09-27,51.0255241394043,51.06397248028804,50.064374281242515,50.29505259375861,13711400
2016-09-28,51.29463195800781,51.340765262290255,50.74100884105173,51.19467450993196,11278000
2016-09-29,50.47958755493164,51.67910060160645,50.248909261466785,51.28694984927327,18727200
2016-09-30,51.202362060546875,51.56375527266284,50.810217221622395,50.810217221622395,21680100
2016-10-03,51.140846252441406,51.456100250332334,50.948616344871674,51.01781629572899,14901700
2016-10-04,51.582332611083984,52.03154954877095,51.195077852879095,51.28027437240726,17226900
2016-10-05,52.426544189453125,52.72085563988382,51.73723128286283,51.80693429387093,16280000
2016-10-06,52.565956115722656,52.64340587540391,51.930858631875765,52.45752527036132,17485000
2016-10-07,52.7518310546875,52.80604647154488,52.20193013826625,52.50398830490556,18497000
2016-10-10,53.162322998046875,53.487615517198996,52.844777227171015,52.929967822059595,13027500
2016-10-11,52.90673828125,53.301739752612654,52.61242681949166,53.05389696664823,15657100
2016-10-12,52.767333984375,53.12360767146454,52.70537771069259,52.86802400855701,11899800
2016-10-13,52.46526336669922,52.56595336715407,51.75271616042874,52.24840168731582,17890000
2016-10-14,52.294864654541016,53.464375336830855,52.12447757435252,53.28624150921294,24163800
2016-10-17,52.023799896240234,52.503997896874026,51.69076058640548,52.217427264538614,14963400
2016-10-18,52.43428039550781,52.82928181676136,52.31036197276471,52.550457979292666,11870300
2016-10-19,52.937721252441406,53.05389885509965,52.51948542829471,52.51948542829471,12705800
2016-10-20,52.86800765991211,53.19330015504909,52.620164914707196,52.72859574641952,14122000
2016-10-21,53.04612731933594,53.07710839283771,52.43426441300603,52.519460887877,12175700
2016-10-24,53.3404655456543,53.47987747673503,53.05389493481116,53.41791530535739,10197100
2016-10-25,53.286251068115234,53.38693516661134,52.960952617131674,53.348207331553915,9945100
2016-10-26,53.54182815551758,53.63477140289154,52.953205315927704,52.953205315927704,9801300
2016-10-27,53.619285583496094,54.03751543787073,53.518595584929535,53.82065376255426,14210700
2016-10-28,53.526344299316406,53.86713032106799,53.03065876351649,53.851636824240536,12766500
2016-10-31,53.642513275146484,53.890356003246424,53.61927894267411,53.77417843184779,14336300
2016-11-01,53.41792297363281,54.04527379903491,52.92223734953063,53.812924486571305,15564500
2016-11-02,53.19329833984375,53.324963501138946,52.674378533066005,53.17006400656071,12449800
2016-11-03,52.9609489440918,53.58830555609213,52.837030516770646,53.33271604413042,10369700
2016-11-04,52.48075485229492,53.10035878264304,52.38781160367589,53.04614336487462,13571300
2016-11-07,54.12272262573242,54.19243155458262,53.441156381740946,53.50311856093253,16515100
2016-11-08,54.23889923095703,54.64164747921223,53.62703601809747,53.98330967829952,17531700
2016-11-09,56.73280334472656,57.42986286114488,55.238000235254894,55.346431059027,50948400
2016-11-10,59.36614227294922,59.83084669655186,57.48408433467677,57.48408433467677,56192300
2016-11-11,59.39712905883789,59.420363395893304,58.68457590459041,59.095070859041705,27574300
2016-11-14,61.58124542236328,62.30153941679402,59.83085248478271,59.83085248478271,46130700
2016-11-15,61.465057373046875,61.50378520093855,60.24133128372741,60.698294834894234,28126300
2016-11-16,59.947017669677734,60.68279910016482,59.54426954700359,60.582115024014634,26054900
2016-11-17,60.42721939086914,60.76800540988182,60.10192686855938,60.35751638281889,19306700
2016-11-18,60.18712615966797,60.73702713732662,60.06320772549598,60.38075351415502,19770000
2016-11-21,60.45047378540039,60.54341115122097,59.8618448627009,60.4117459436158,11983500
2016-11-22,60.82221603393555,60.845450368120076,60.225846456729634,60.682804119791186,14410100
2016-11-23,61.077796936035156,61.37210830936613,60.32652205488794,61.08554368268597,13373700
2016-11-25,61.0545768737793,61.53476891569778,60.77575301955153,61.26369180993127,6185700
2016-11-28,60.659576416015625,61.08555895275138,60.427221230698336,60.55114557194431,13007200
2016-11-29,61.124263763427734,61.31015022325034,60.713774838799445,60.713774838799445,14144100
2016-11-30,62.092411041259766,62.371234870417744,61.728390713801446,61.89878371040212,25351900
2016-12-01,63.34715270996094,63.72666083022397,62.46421207397896,62.46421207397896,23823600
2016-12-02,63.19995880126953,63.37809854335502,62.657804645421706,63.35486420939542,16931500
2016-12-05,64.48564910888672,64.50888344357084,63.73437410590141,63.74212085380855,18529800
2016-12-06,64.81869506835938,64.91163241671367,63.842811547373884,64.74898614805575,16130000
2016-12-07,65.11297607421875,65.12846365535678,64.16807408084988,64.71023396524332,18996900
2016-12-08,65.92622375488281,66.22053511703886,65.01230268298796,65.23691105504237,20844900
2016-12-09,66.21281433105469,66.22056108044866,65.16722770632897,65.84879392703765,14567200
2016-12-12,65.62420654296875,66.44518489732056,65.283420399333,66.1121455048692,14511300
2016-12-13,65.64742279052734,66.35222331898083,64.91938201492728,65.81781581537315,16669000
2016-12-14,65.62420654296875,66.70077450504738,64.87293122215709,64.96586860021061,22622600
2016-12-15,66.60780334472656,66.98731126739281,65.7558442511945,66.14309892180337,19438900
2016-12-16,65.78681945800781,66.83240579345507,65.74809163079107,66.83240579345507,23008500
2016-12-19,66.16632843017578,66.17407517755333,65.20593857165063,65.6783897080541,21685100
2016-12-20,67.018310546875,67.02605729692102,66.25929449545518,66.44517513328712,14587300
2016-12-21,67.18869018554688,67.23515885847188,66.63104247429571,66.94084741488389,11400500
2016-12-22,67.297119140625,67.51398082024214,66.77045252911012,66.94859228538854,13924200
2016-12-23,67.4210433959961,67.49849315161808,66.91761112089682,67.38231556366631,10759400
2016-12-27,67.48297882080078,67.50621905844616,67.18866747668604,67.42102258085373,6946400
2016-12-28,66.99507904052734,67.68439209781657,66.87890142107697,67.5062582024933,9455600
2016-12-29,66.52262115478516,67.12673762544628,65.86428925493747,67.05703460608012,14689000
2016-12-30,66.83242797851562,66.93311209004979,66.34448910241181,66.68526927708676,13617800
2017-01-03,67.56046295166016,67.97095202096116,66.59232612442636,67.64565355614154,20550700
2017-01-04,67.68506622314453,67.89533822747012,67.2878791686035,67.72400240230601,15266600
2017-01-05,67.06202697753906,67.84082185040168,66.4000525239525,67.60718101184956,14300800
2017-01-06,67.06981658935547,67.45921402578331,66.92963327457211,67.28008859066382,12893300
2017-01-09,67.11656188964844,67.57604814616361,66.60255427212121,66.7661064716872,12806600
2017-01-10,67.31124114990234,67.6772756911009,66.75829750276125,67.03087452012188,13989000
2017-01-11,67.8174819946289,67.8174819946289,66.90629310983606,67.31126396694332,14713100
2017-01-12,67.16326141357422,67.96541910122696,66.99192560810805,67.56823803408203,21337400
2017-01-13,67.52153015136719,68.66635985425064,67.05425429799747,67.84083898190632,28296000
2017-01-17,65.06830596923828,66.36889182029667,64.8580280521614,66.14304062204832,30024600
2017-01-18,65.3720474243164,65.5978986639108,64.66334119575463,65.13061695896586,21270100
2017-01-19,64.87361145019531,65.94055656021966,64.7334281436997,65.46549124052525,16555600
2017-01-20,65.16177368164062,65.28638372881133,64.86583373221134,64.97486455261866,18436800
2017-01-23,65.19293212890625,65.41878340366516,64.80353460864634,64.87362925199513,12179200
2017-01-24,65.9794921875,66.19755376687841,65.0760874252381,65.35645401064818,15175300
2017-01-25,66.99972534179688,67.10875615415952,66.32996124200709,66.85175240713315,17551000
2017-01-26,67.5604476928711,67.71620427339501,66.93740948731003,66.93740948731003,15962800
2017-01-27,67.70062255859375,67.73956466974008,67.1866152117757,67.49035060690669,12535400
2017-01-30,66.99972534179688,67.36575990118591,66.44678166717668,67.12433537977341,13661900
2017-01-31,65.90941619873047,67.0931878809803,65.4888662017523,66.66484827061343,15655100
2017-02-01,66.15860748291016,67.05422257753723,65.94833552797157,66.61809944626785,15430900
2017-02-02,65.87826538085938,66.12748548183316,65.54338923907788,65.68356663327428,11081400
2017-02-03,67.89533233642578,67.99657352354139,66.87511302822111,67.12432713181816,17885200
2017-02-06,67.57603454589844,68.10561534446417,67.4514304448009,67.5916137721193,11828400
2017-02-07,67.53709411621094,68.0666748814698,67.35018500545296,67.86418654547077,9392800
2017-02-08,66.94520568847656,67.21778270209036,66.4857195714895,67.1165415089576,13970900
2017-02-09,67.91090393066406,68.01215105699639,66.94520004594186,66.94520004594186,13749100
2017-02-10,67.75515747070312,68.12898164352498,67.66948955488424,68.12898164352498,10992500
2017-02-13,68.65077209472656,69.11025823684945,68.090038812199,68.09782842493789,18739100
2017-02-14,69.74887084960938,69.85790166262636,68.6196205969047,68.76759353245647,17932100
2017-02-15,70.55101776123047,70.76908529530081,69.58531387727854,70.15383669307246,17381800
2017-02-16,70.50431823730469,70.90150539514569,69.91243230781897,70.40307701507403,17672700
2017-02-17,70.27066802978516,70.45757714632472,69.85011806127088,69.95135926153529,15776600
2017-02-21,70.87813568115234,70.98716650745567,70.44979604800757,70.48873817528778,14068300
2017-02-22,70.91704559326172,71.10396060487696,70.41861744575212,70.49649572972571,11839000
2017-02-23,70.97156524658203,71.13511143526377,70.4964999615735,71.01050736177258,11067000
2017-02-24,70.34854125976562,70.51208746765974,69.88126553124911,70.23172084220317,15062300
2017-02-27,70.42640686035156,70.66004765335323,70.10709817269809,70.34073896569976,12361000
2017-02-28,70.57438659667969,70.730143179284,69.77222296524252,69.97471127601432,15183500
2017-03-01,72.89519500732422,73.19114084587048,72.12418978817064,72.26437309544703,24451400
2017-03-02,71.75814056396484,73.14439412869865,71.6724726747526,73.10545796015877,16862500
2017-03-03,72.27215576171875,72.51358023481865,71.75814837052643,71.75814837052643,12817500
2017-03-06,71.5868148803711,71.89833398127806,70.94820339729152,71.84381858424929,15059200
2017-03-07,71.18964385986328,71.71921868183922,71.0338813165761,71.36876335747668,11156800
2017-03-08,71.03388977050781,72.31111306880098,70.94822184693767,72.17871934755047,17378400
2017-03-09,71.31427001953125,71.7581830072261,70.98717749001618,71.33763292282013,13726200
2017-03-10,71.08842468261719,71.64915817553826,70.50432828444704,71.61021603896593,13729900
2017-03-13,71.15069580078125,71.47778820178685,70.81581378782799,71.11175368277597,10004300
2017-03-14,71.26751708984375,71.37654789152032,70.69120463328696,70.8859033422427,10237700
2017-03-15,71.43885803222656,72.0774696057711,70.97157634380524,71.49337343697792,16601400
2017-03-16,71.36876678466797,72.27995542515347,71.31425137733295,71.67249633149648,14492000
2017-03-17,70.62112426757812,71.68028584437994,70.59776137042913,71.51673962260325,21734700
2017-03-20,70.11487579345703,71.00270114826752,69.92796675605777,70.3017848308563,14623600
2017-03-21,68.0588607788086,70.58994327195401,67.80185713041215,70.37188173091388,33089200
2017-03-22,68.16791534423828,68.58846529521333,66.9841497332123,67.66948709309752,21741000
2017-03-23,68.0588607788086,68.92332327488292,67.8252200181334,67.91867751074975,16090100
2017-03-24,67.98101806640625,68.60405051789344,67.57604132829182,68.37041557673616,16093200
2017-03-27,67.94207000732422,68.06668005178386,66.37669643050415,66.61033135126505,16689300
2017-03-28,69.00121307373047,69.3283054399277,67.73956939218901,67.77071595319912,16264400
2017-03-29,68.74422454833984,69.17256412838084,68.59625755483505,69.00122829636445,10207600
2017-03-30,69.33610534667969,69.67098737372186,68.62740511468498,68.68970418768824,11631000
2017-03-31,68.4093246459961,69.11024107510099,68.33923597395166,69.08687818441952,16987600
2017-04-03,68.1601333618164,68.66635128216181,67.4436434133115,68.52616794947745,19831800
2017-04-04,68.38726043701172,68.66923794458265,67.92513428485908,68.05828867013639,14280800
2017-04-05,67.510009765625,69.35069215851588,67.46300952531486,69.25669765376851,17635500
2017-04-06,67.73714447021484,68.07395057177928,66.7737204201072,67.34550974634324,14379600
2017-04-07,67.50220489501953,67.99566281487249,67.13406706038893,67.30638740646074,13097100
2017-04-10,67.26719665527344,67.90164914729458,66.89123056269446,67.42385417374243,15081600
2017-04-11,67.14972686767578,67.19672114639432,66.42128566816476,67.00090368390077,14690500
2017-04-12,66.89122772216797,67.32202243394913,66.60141580721213,67.306359670704,14730600
2017-04-13,66.10796356201172,68.13662920698232,66.10796356201172,66.9695590327555,30529800
2017-04-17,67.25154113769531,67.423861438642,66.08447088474806,66.13929952815164,19071700
2017-04-18,66.70323944091797,67.07137111903698,66.37426167989773,66.8598909645485,14127000
2017-04-19,66.15496063232422,67.29853372021778,66.07663485455387,66.96956186805808,17588500
2017-04-20,67.00872802734375,67.18887671938754,66.22545829459104,66.56226451870965,15635800
2017-04-21,66.20196533203125,67.110561229737,66.19413693613274,66.96957241719214,19820600
2017-04-24,68.53609466552734,68.9668953652028,67.69016200573184,67.79199088522233,25468300
2017-04-25,69.13138580322266,69.81282662168509,69.13138580322266,69.358534734668,18253800
2017-04-26,69.2645263671875,69.75015563825113,69.03737748116768,69.20186336913946,12832200
2017-04-27,68.62224578857422,69.21753232012215,68.15228525350898,69.21753232012215,13329000
2017-04-28,68.14447021484375,68.81024832636567,68.10530433586487,68.61443088321957,10755600
2017-05-01,68.19145965576172,68.7240833024037,67.79982479722715,68.42644296123196,15712300
2017-05-02,67.75282287597656,68.05046318353939,67.37685082485291,67.91730878088285,14414200
2017-05-03,68.14447021484375,68.22279599692736,67.37686320832641,67.40819471633468,11540500
2017-05-04,68.22280883789062,68.71627271205848,67.80767673642418,68.68494119815297,11540100
2017-05-05,68.14447021484375,68.41077906910287,67.690172312535,68.34028765798985,9436000
2017-05-08,68.22280883789062,68.39512917643336,67.87033976423521,68.17581455496997,8162200
2017-05-09,67.94863891601562,68.80239992561918,67.75282151279944,68.34810809182105,10273900
2017-05-10,68.48126220703125,68.52042807786079,67.72932409891266,67.7763183632098,8334900
2017-05-11,68.26976013183594,68.52040608743503,67.63530788807654,68.21492553992364,10907400
2017-05-12,68.081787109375,68.18361597432293,67.62748934111963,67.89380409266919,8738800
2017-05-15,68.41078186035156,68.52827352620787,68.03481570066064,68.22279878050611,8835600
2017-05-16,68.62224578857422,68.99821182627744,68.41075966347778,68.42642840097433,9795000
2017-05-17,66.0061264038086,68.62224996896819,65.77114910989762,68.62224996896819,24679700
2017-05-18,65.76332092285156,66.42127055457397,65.29336031497748,65.8494810648137,23350100
2017-05-19,66.40560150146484,66.84423060329553,65.91214376190533,65.9591380297091,13412900
2017-05-22,66.34292602539062,66.80505815014389,65.95912563341982,66.71889802478094,11636000
2017-05-23,67.17318725585938,67.41599886422664,66.19410047906052,66.3820834669619,11753000
2017-05-24,67.134033203125,67.33768496176494,66.76589555415484,67.26718759398199,9833800
2017-05-25,66.85205841064453,67.42384784157801,66.64057825041434,67.35335047091945,12238500
2017-05-26,66.85989379882812,67.01654532909933,66.59357902631969,66.66407639805271,8113500
2017-05-30,65.7163314819336,66.69541864353607,65.62233696310518,66.67974990246111,12603200
2017-05-31,64.3456039428711,65.65366284449416,63.9461347419172,65.58317144331757,28327900
2017-06-01,65.05839538574219,65.0740641300887,63.953987944314335,64.58843464522235,17123500
2017-06-02,64.7293930053711,65.0035361436817,64.21243822682428,64.45524986706049,14998500
2017-06-05,64.84690856933594,65.41086379113119,64.68242262562472,64.72941690214952,9080200
2017-06-06,64.98005676269531,65.18370856786801,64.32994144579231,64.45526747232131,12196800
2017-06-07,65.72415924072266,65.88081078047064,65.089706760235,65.25419266973233,13711100
2017-06-08,66.53874206542969,67.14969729911759,65.70847830233353,65.7241470389233,17951000
2017-06-09,68.11312866210938,68.18362603870018,66.88339553953706,66.97739004970039,19120200
2017-06-12,68.1288070678711,68.72408778907769,68.0583096812781,68.1131383260175,16053400
2017-06-13,68.35594940185547,68.81024729737061,68.12880642997193,68.57526995463363,12557200
2017-06-14,68.2149658203125,68.38728613701645,67.22021577735039,67.9643197167089,16175700
2017-06-15,67.80764770507812,68.20711686649965,67.5491673079305,67.55700167702147,12509700
2017-06-16,67.50220489501953,68.11315450318286,67.37687883392167,68.02699433014695,16936600
2017-06-19,68.9825439453125,69.10786993249448,68.02695420860181,68.12094869898829,15972300
2017-06-20,68.55176544189453,68.86507453501848,68.43427976086271,68.73192011259982,11197800
2017-06-21,68.23844909667969,68.57525526072041,67.95647156511662,68.52042662824275,10005900
2017-06-22,68.16011810302734,68.42643287502982,67.87031217498892,68.08962670730108,12180600
2017-06-23,68.03482818603516,68.92775544900911,67.83901069896412,68.6614465350127,18812000
2017-06-26,68.33243560791016,68.66924176201722,67.84681229910872,68.15228695331368,10082400
2017-06-27,68.9668960571289,69.66400557750804,68.53609535313134,68.70058126487407,15415200
2017-06-28,70.35326385498047,70.54908122331162,69.39767414138497,69.39767414138497,17466200
2017-06-29,71.39501190185547,72.56991608243716,70.73706245327644,72.32709848819087,27697800
2017-06-30,71.5908432006836,72.06080376922134,71.40286016844307,72.02947226786911,16892700
2017-07-03,73.04783630371094,73.62277070498797,71.99248500303378,72.11061685852646,13208100
2017-07-05,73.78031921386719,73.86695328857918,72.93761085791398,73.33927738532921,17535400
2017-07-06,73.54403686523438,74.43400391603566,73.15024783638246,73.67005223866397,16596100
2017-07-07,73.91419982910156,74.16622456829226,73.42590527683792,74.00083389651809,12817800
2017-07-10,73.3943862915039,73.7802977793604,73.31562369465186,73.63853351726623,13987200
2017-07-11,73.11088562011719,73.50467471942785,72.67771520737753,73.50467471942785,13262300
2017-07-12,72.85884094238281,73.11086565677505,72.5123047068148,72.93759753899104,13540100
2017-07-13,73.3235092163086,73.54403009075347,72.72494826514168,73.00060536694095,12820100
2017-07-14,72.65406799316406,72.93759654408073,71.3388142206436,71.51995378949738,22235200
2017-07-17,71.97677612304688,72.44932187350538,71.8665156482314,72.31543501247876,14374200
2017-07-18,71.72472381591797,72.1263902537047,71.13404035218457,71.23642332275091,14719400
2017-07-19,71.82708740234375,72.15787461940877,71.66957425802045,71.93734780511832,11651200
2017-07-20,71.82708740234375,72.23663119157042,71.5908176858588,71.78771212063357,11561700
2017-07-21,71.5829849243164,71.95314765423093,71.29157881574123,71.71687178146782,10971300
2017-07-24,71.89014434814453,72.09491638314014,71.59874423050177,71.63811953920585,10725100
2017-07-25,73.08722686767578,73.65427787220963,72.66980555992274,72.7485681518994,16447700
2017-07-26,72.40205383300781,73.39440390582651,72.20515931110893,73.32351875339604,11815500
2017-07-27,72.10276794433594,72.50442839604,71.79561300656542,72.32328882183855,12332400
2017-07-28,71.89014434814453,72.26030710068628,71.59874423050177,72.02403121348014,9351900
2017-07-31,72.29967498779297,72.74071681932165,72.06339914447729,72.07127660825296,11520300
2017-08-01,73.26840209960938,73.35503618599222,72.67771842449645,72.84310913247866,12523700
2017-08-02,73.33140563964844,73.41016225677926,72.85885992811879,73.14238855678552,10165600
2017-08-03,72.85095977783203,73.3471317191174,72.64618783006256,73.00847296304372,11078800
2017-08-04,73.76456451416016,74.34737060030226,73.61492275888625,73.63854913945713,14324000
2017-08-07,74.04808807373047,74.1819809133176,73.80394079292874,73.94570508698159,7978300
2017-08-08,73.78031921386719,74.9931902510909,73.71731152157768,73.99296266441392,13745400
2017-08-09,73.66218566894531,73.7803235968201,73.11088335052249,73.22902127839727,11214400
2017-08-10,72.60681915283203,73.2998856431439,72.51230762784903,73.16599882264218,13252300
2017-08-11,72.0003662109375,72.98483853172392,71.85860195639457,72.55954576809512,10679500
2017-08-14,72.84309387207031,73.1660037643477,72.7170845056589,72.74858834944772,10994800
2017-08-15,73.03211975097656,73.68580500638346,72.96911206096932,73.4889104816689,8812700
2017-08-16,72.528076171875,73.42592088033005,72.36268546495421,73.27627909413005,11085400
2017-08-17,71.39395904541016,72.42568447810228,71.27582112356698,72.2681712548076,13837500
2017-08-18,71.4648208618164,72.09488561968219,71.03165659843367,71.12616210599354,13040700
2017-08-21,71.3781967163086,71.62234999846561,71.00804007907485,71.55146484921238,11502100
2017-08-22,72.11067199707031,72.22880995163712,71.66963004268328,71.72476028698166,9211800
2017-08-23,72.197265625,72.72494138302129,71.54357451708208,71.56720690174465,8811300
2017-08-24,72.07913970947266,72.55169134133634,71.99251165295749,72.40204959066327,8623200
2017-08-25,72.37055969238281,72.83523395091767,72.29968053919237,72.36268222800229,11794600
2017-08-28,72.14215087890625,72.60682507034812,71.77198822015016,72.58319868936266,7292900
2017-08-29,71.74837493896484,71.91376564480403,71.12618742152506,71.23644789208451,10886100
2017-08-30,71.91376495361328,72.36268429621775,71.81925941332493,71.8665121834691,9165300
2017-08-31,71.5829849243164,72.33905930491531,71.5121057677345,72.30755545463056,13217400
2017-09-01,72.22090911865234,72.74071354706561,71.63022554567948,71.86650137836624,9815800
2017-09-05,70.49610900878906,71.7562326168063,70.11019145950306,71.68534747171043,16897300
2017-09-06,70.96865844726562,71.29156232267778,70.59849580298697,70.88202438121131,11845700
2017-09-07,69.7242660522461,70.98438940965084,69.3698584234811,70.96864049650797,14592300
2017-09-08,69.63765716552734,70.42523529951994,69.4958928610589,69.55102309008862,14242200
2017-09-11,70.71664428710938,71.07892952262966,70.05507550273938,70.40161181877816,13219000
2017-09-12,71.5829849243164,71.86651356813412,70.9607974008689,71.01592763668096,14003800
2017-09-13,71.78773498535156,72.06338608008411,71.13404381159778,71.3624421497314,12485400
2017-09-14,71.64598083496094,72.08702264888038,71.46483522781885,71.82712043335897,10562800
2017-09-15,72.15791320800781,72.22879235823565,71.48059550946739,71.73262028040723,18171800
2017-09-18,73.18175506591797,73.35502320802905,72.33904674553185,72.40205443516206,11318700
2017-09-19,73.98509216308594,74.31587353875312,72.86672664113676,73.01636841006712,12626100
2017-09-20,74.50489044189453,75.04832127837257,73.80394638176064,74.11110137401059,15311600
2017-09-21,74.84355926513672,75.11133899156803,74.1819964270331,74.39463990821066,10851500
2017-09-22,74.68602752685547,74.80416543547663,74.37099510678024,74.58363853530344,8358300
2017-09-25,74.1268539428711,74.72540898071249,73.599172042052,74.43400892534721,10463400
2017-09-26,73.79605865478516,74.05596084554136,73.51253008464083,73.85906633898244,9358100
2017-09-27,74.961669921875,75.38696273819652,74.48912435109874,74.79627927254046,15090200
2017-09-28,75.11917114257812,75.51296005695076,74.7490146104111,75.2845617655656,10270400
2017-09-29,75.2215805053711,75.229451959499,74.83566293833408,75.05618983753106,11438400
2017-10-02,76.26905059814453,76.30055443917817,75.18219512182877,75.42634237891036,13797200
2017-10-03,76.67072296142578,76.7337306483425,76.21392624439517,76.26118501395459,9633500
2017-10-04,75.8910140991211,76.74159975363014,75.8280064190664,76.63133931790597,12166600
2017-10-05,76.91293334960938,77.15851383432582,75.69297861232658,76.04945802929173,14236200
2017-10-06,76.77825927734375,77.34863114535376,76.42177988177127,77.27733768378629,10231900
2017-10-09,76.37427520751953,76.89711222363557,76.16038266702746,76.80997171363799,7765100
2017-10-10,76.94462585449219,76.98423736708237,76.23958444623851,76.41386543144608,10631500
2017-10-11,76.71487426757812,76.84954975227036,76.1603494854342,76.70695680202381,14283600
2017-10-12,76.0415267944336,77.23772296546362,75.7484234061269,77.07928902820959,18251600
2017-10-13,75.93855285644531,76.61190622222833,75.22558798049415,75.63752592831833,13190600
2017-10-16,77.50707244873047,77.59421293927669,76.31879962550192,76.31879962550192,12434000
2017-10-17,77.33280181884766,77.77642176352427,77.0951448234175,77.68928126812445,10335700
2017-10-18,77.62590789794922,78.06953390154999,77.34072191130183,77.75265991151191,10158600
2017-10-19,77.72096252441406,77.7922559905339,76.9129336451816,76.99215666602755,9133900
2017-10-20,78.83002471923828,79.13105167368626,78.21212378734229,78.64782021794844,15326600
2017-10-23,78.69532012939453,79.21023939705435,78.61610317526214,78.8299955996724,9238600
2017-10-24,79.94700622558594,80.1608987507843,79.02807824568387,79.12313621788844,13000800
2017-10-25,80.02619171142578,80.3668300800802,79.36868550167888,80.20839615953396,14632700
2017-10-26,80.59656524658203,81.13524904955577,80.26385037988652,80.28761486409809,13054400
2017-10-27,80.620361328125,80.98477037508022,80.04999535190495,80.35102234301019,10400400
2017-10-30,80.33515167236328,80.74708351026212,79.90737281539127,80.11333571240722,8839500
2017-10-31,79.7013931274414,80.56486819062269,79.66970513743483,80.30345284983413,8690200
2017-11-01,79.94700622558594,80.5649072203918,79.79649575497236,80.08959922776182,8418200
2017-11-02,80.47775268554688,80.62034566286206,79.3449384218186,79.90738682015409,8731800
2017-11-03,80.33515167236328,80.43020961133466,79.79646785734671,80.08957122766438,7103500
2017-11-06,79.83607482910156,80.55696311390918,79.74101688833012,80.27969466968038,8121500
2017-11-07,78.22794342041016,79.81230683145644,77.83185256764858,79.66179037336967,18822600
2017-11-08,77.34864807128906,77.9269435761977,76.96048059323384,77.84772054307435,18524700
2017-11-09,77.34069061279297,77.80808091882439,76.6911019158337,76.93668233176189,13697800
2017-11-10,77.24565124511719,77.90315756480055,77.23772773460504,77.4833021656723,9314000
2017-11-13,77.52291107177734,77.67342754711649,76.54060733661845,76.59605982060644,9303100
2017-11-14,77.0555191040039,77.45953350420581,76.72280420683403,77.11097158686556,11043800
2017-11-15,77.78435516357422,78.22005165209376,76.00986307154474,76.35842509745575,15384100
2017-11-16,78.00617218017578,78.47355671707668,77.87942014340076,78.05370117203152,9808000
2017-11-17,77.74470520019531,77.95859762627865,77.2931619098559,77.49120731866908,9017900
2017-11-20,78.43391418457031,78.54481914241961,77.44368702958234,77.9902883093062,9483200
2017-11-21,78.37054443359375,78.86169931735064,78.35470345715461,78.82208781045169,13389400
2017-11-22,78.14080810546875,78.83792587653687,78.10119660003208,78.44975850749974,7342200
2017-11-24,77.88732147216797,78.34678840880366,77.83979249384981,78.29133591947647,3680000
2017-11-27,77.57835388183594,78.52896950133713,77.57835388183594,77.87938075110908,13076200
2017-11-28,80.29557037353516,80.5649093604279,77.61007379777884,77.80019579110721,16773000
2017-11-29,82.17300415039062,82.56117146158473,80.77083926347106,81.12732462767754,21105500
2017-11-30,82.79883575439453,84.49411029872972,82.41859189021761,82.97311671042031,23945900
2017-12-01,83.01274108886719,83.43259652410717,80.96098684822454,83.09988158039265,19683500
2017-12-04,84.72384643554688,85.87251374430785,84.58125346079957,85.34175335536375,23576600
2017-12-05,83.74945831298828,85.088247448262,82.48196868035471,83.63855334787455,17193900
2017-12-06,83.1236343383789,83.78114666568395,82.80676041790574,83.61478921730568,15476200
2017-12-07,82.87806701660156,83.32961042767863,82.17302565621574,82.34730058572288,13371800
2017-12-08,83.91582489013672,83.92374840104038,82.65625258664447,82.98105005114712,13506900
2017-12-11,83.67024993896484,84.01880584632643,83.42466945338589,83.74946691591666,10591200
2017-12-12,84.64463806152344,85.05657604993213,83.60688166665084,84.69217308718197,15508800
2017-12-13,83.58311462402344,84.85060446529987,83.55935013385393,84.52580698266775,15020300
2017-12-14,82.9097671508789,84.32776754608277,82.89392012705198,84.06635209162594,13034200
2017-12-15,84.08219146728516,84.38321843169692,83.3375385022151,83.80492899429161,29350600
2017-12-18,84.73177337646484,85.26253378689535,84.35152945765749,84.9139778686333,12713100
2017-12-19,84.37530517578125,85.15164013891747,84.31985267841438,85.04073514418373,12149900
2017-12-20,84.08219146728516,85.34176390726816,84.04257995234238,85.2387763859644,13091500
2017-12-21,85.42096710205078,85.61108904656989,84.41489280607404,84.43865729365547,12323700
2017-12-22,85.11994171142578,85.92004711306451,84.61294578504652,85.71407812926412,14573400
2017-12-26,84.779296875,85.54771421791374,84.28814800796727,84.92188984630221,7403700
2017-12-27,84.93775177001953,84.99320426615147,84.50204926907665,84.50204926907665,9496500
2017-12-28,85.38928985595703,85.42889532562388,84.89021742230224,85.08033939076097,7440600
2017-12-29,84.7159194946289,85.77744015380448,84.7159194946289,85.62692368510724,8925700
2018-01-02,85.5160140991211,85.5714665776644,84.61292742349194,85.26251619094215,13578800
2018-01-03,85.60315704345703,85.94379543402091,85.14369622677427,85.4447231127205,11901000
2018-01-04,86.8294677734375,87.61781138024416,86.1605655651236,86.28797782398374,12953700
2018-01-05,86.27207946777344,87.2356183168031,85.82614855112394,87.00468807058016,14155000
2018-01-08,86.39949035644531,86.54282615949778,85.76244099280036,86.12078353810801,12466500
2018-01-09,86.83743286132812,87.29928711292975,86.39149602911321,86.57464963302574,13292300
2018-01-10,87.79302215576172,88.15135859156264,87.10819628148904,87.17190242685217,15834500
2018-01-11,88.26284790039062,88.33451883811516,87.63376941284078,88.12747688789776,13676800
2018-01-12,89.72010040283203,89.8634362128557,88.26285401348358,88.90786819626675,18884200
2018-01-16,89.40157318115234,90.32529416974543,88.44600519154504,88.7963829562325,22703300
2018-01-17,89.97488403320312,90.22174376739453,88.6370856838644,89.09894601198928,14940300
2018-01-18,90.18991088867188,90.55621210406086,89.40156102531618,89.7917566012466,14572900
2018-01-19,89.99082946777344,91.04991520471951,89.82360540404511,90.73139665020003,18785500
2018-01-22,91.04194641113281,91.0897229739493,89.58470049171657,89.71211275969564,12475700
2018-01-23,90.9463882446289,91.28880112452835,90.26156248483005,90.51638094833534,12320800
2018-01-24,92.10902404785156,92.3718073717352,91.30475665102432,91.4640159577309,15904500
2018-01-25,92.13289642333984,92.50716241234636,91.6391890126096,92.40364448840177,13510000
2018-01-26,92.62660217285156,92.62660217285156,91.54362215376311,92.13288872800632,13883900
2018-01-29,92.53105926513672,93.44681539371473,92.38772347044318,92.38772347044318,11679900
2018-01-30,91.66309356689453,92.84959181098277,91.5595756245758,91.9975417577887,14279100
2018-01-31,92.10902404785156,92.89737401950251,91.70291099314386,92.09310054732215,13141400
2018-02-01,93.06459045410156,93.16014360011938,91.95772196014265,92.18864611325412,13800600
2018-02-02,91.00212860107422,93.10438242090072,90.8508280516162,92.7619695447361,16477300
2018-02-05,86.63835906982422,91.24897950424838,82.80015270435227,89.98285202467156,30097600
2018-02-06,89.27413940429688,89.5687757132658,84.89444299853041,85.08555532241097,33114800
2018-02-07,89.87934875488281,91.13751165402394,88.50969706876127,88.82822170570732,21878300
2018-02-08,85.9057846069336,90.07048198654947,85.87393152831977,90.07048198654947,27425800
2018-02-09,87.62579345703125,88.43006679258339,84.59185982959141,86.8772614768925,28188000
2018-02-12,88.9795150756836,89.76786490911924,87.6496812642386,88.52561944825946,18043300
2018-02-13,89.52899169921875,90.02270530414239,88.23101064278457,88.64508851358727,16358200
2018-02-14,91.59937286376953,91.79048521744444,89.60860145987868,89.68823110096388,15186900
2018-02-15,91.98159790039062,92.3638225838629,90.95435919111218,92.16474545591015,12130200
2018-02-16,91.32064819335938,92.42751639106848,91.1773124373434,91.21713028776212,13214300
2018-02-20,91.34455108642578,91.88604113185043,90.75528447313634,91.296774518561,13461500
2018-02-21,91.726806640625,93.52646003713276,91.31272268940201,91.5755060343681,14212500
2018-02-22,91.5595932006836,92.71423858985753,91.38440428362728,91.97367112479951,17070400
2018-02-23,93.41494750976562,93.47865364738553,91.82233052137796,91.82233052137796,12162500
2018-02-26,94.57756805419922,94.68109205856986,93.4229230350292,94.0758958323151,16511200
2018-02-27,93.45477294921875,95.02350178215175,93.44680816253194,94.6890536455316,17563300
2018-02-28,91.9736328125,94.35459355390691,91.84622053485928,93.82106831082793,17735600
2018-03-01,90.32527923583984,92.8814289570045,89.70415953775245,91.95771419648666,18690000
2018-03-02,90.2376937866211,90.4288061568876,88.4858172292472,89.49712651706656,18353700
2018-03-05,91.62325286865234,92.31604344172631,89.09895641472157,89.22636868922551,13933000
2018-03-06,91.702880859375,92.22844125908888,91.03397862523329,92.08510550001216,10674400
2018-03-07,91.36048126220703,91.65511153312015,90.07045924317701,90.58009622160448,13006500
2018-03-08,91.36844635009766,91.75864193530735,90.15009517365891,91.66308271692596,11173700
2018-03-09,93.99627685546875,94.02812993155497,92.10902310599303,92.80977862918388,15366600
2018-03-12,93.69367218017578,94.56164563233712,93.36718274013917,93.96441418623814,12339300
2018-03-13,92.57086944580078,94.33867540856403,92.23642131104884,94.12366869668627,13312300
2018-03-14,91.5356674194336,92.84161298432583,91.256960635832,92.81772469935316,12905100
2018-03-15,91.76659393310547,92.37179012120502,91.44011059272216,92.26827219871315,8748000
2018-03-16,91.92584991455078,92.84956456241683,91.84621420883445,91.84621420883445,19888900
2018-03-19,91.20124053955078,91.93384313447105,90.22178417523108,91.65513628589851,13214900
2018-03-20,91.28882598876953,91.93383407121436,91.13752539645165,91.4719796571203,9921200
2018-03-21,91.36844635009766,92.87346910632814,90.94640376744658,91.42418770864869,13633000
2018-03-22,87.55413055419922,90.46065823941838,87.2276471783796,90.14213357556444,22550400
2018-03-23,85.2129898071289,88.32655345006279,85.0139126458682,87.8089516157144,23081500
2018-03-26,87.84080505371094,88.51767226507789,86.51893585665847,86.94894325580167,20217500
2018-03-27,86.1366958618164,88.93970540773233,85.4439112997477,88.44599191120054,18039900
2018-03-28,86.00132751464844,86.93300710463922,84.9263121357858,86.22429294725966,19189300
2018-03-29,87.57006072998047,88.21506877408183,85.82614289180692,86.39948607560933,13274600
2018-04-02,85.88187408447266,88.17524654815163,84.47241065396325,87.56208557543393,18822500
2018-04-03,87.06044006347656,87.19581109750649,85.41208113779813,86.28801957758816,14050700
2018-04-04,88.38228607177734,88.55747492841819,85.2209400915372,85.28464623492519,15302600
2018-04-05,89.54277801513672,90.3031109709555,89.15060987945091,89.34269135931495,16627000
2018-04-06,87.30980682373047,89.27866481422454,86.29336933821192,88.4783182219183,18906000
2018-04-09,88.35828399658203,90.42318011387597,87.95010543707946,88.04614924700984,15974300
2018-04-10,90.04701232910156,90.33513764048108,89.17463121793554,89.74287666366709,13951400
2018-04-11,88.53434753417969,89.48675588379683,88.45430798523414,89.36670877269907,14503300
2018-04-12,90.73529052734375,91.5516413212343,89.23864028135823,89.28665912036368,16435500
2018-04-13,88.27823638916016,92.15991635234765,87.27780309420666,92.05586738172993,39152800
2018-04-16,88.2061996459961,89.2146380899302,87.87005553340475,88.79045536125636,16580500
2018-04-17,88.2061996459961,89.5747916239695,88.03012241383108,89.13460464971705,15501400
2018-04-18,87.49390411376953,88.89451088861885,87.1497547762744,88.46232292249746,16081400
2018-04-19,89.41472625732422,89.5347794727565,87.63795576617504,87.66196518802946,17911000
2018-04-20,89.21464538574219,90.23108298250798,88.74243766939608,89.87893459553999,15584400
2018-04-23,88.7824478149414,89.59879865317569,88.54234139455255,89.29466914602173,11285800
2018-04-24,88.36630249023438,90.35916452385287,87.71001218271952,89.43876438501181,16453100
2018-04-25,88.0301284790039,88.46231641332434,86.91764709676002,88.25422456950476,13548200
2018-04-26,88.11817169189453,88.6944223010097,87.50990648158842,88.0141288176446,10299500
2018-04-27,87.55793762207031,88.16620287534789,87.34184057530533,87.67799085847739,9384000
2018-04-30,87.06169891357422,88.27822911950696,87.03768949345815,87.83803606351293,13744900
2018-05-01,87.06169891357422,87.21376671585575,86.06927087643102,86.7975830799778,10503400
2018-05-02,86.37342071533203,87.62996488198137,86.22135898340049,86.52548855342475,12162100
2018-05-03,85.82917022705078,86.25335296068144,84.18045813598512,86.10929032415027,15379100
2018-05-04,86.7816162109375,87.02972180053904,84.82076871225708,85.18092238143107,11967900
2018-05-07,87.53392791748047,87.78203346074734,86.72557597481708,87.04571590216348,9356700
2018-05-08,88.83047485351562,89.11059496571117,87.46188278579412,87.66196945252814,12543200
2018-05-09,90.767333984375,90.95141032986842,88.86250468266445,89.19064980330457,11368100
2018-05-10,91.47164154052734,91.59169478836894,90.23910666793323,90.59126123329207,9159700
2018-05-11,91.12749481201172,91.82379878487839,90.9754269532316,91.63171114026288,10253000
2018-05-14,91.15950012207031,91.79977388700097,91.03144170538735,91.32757221434566,8710700
2018-05-15,90.46317291259766,91.16748181056765,90.09501421873144,91.16748181056765,11536200
2018-05-16,90.71131134033203,90.99143762984038,90.1430657952118,90.35115769119564,7571100
2018-05-17,90.40715026855469,90.76730989852703,89.79888514911866,90.59923174084399,8617200
2018-05-18,88.94251251220703,90.27909593059393,88.71041127315972,90.2390761594562,11806300
2018-05-21,89.75889587402344,90.07103064112202,89.57481342119428,89.67886241433484,9441900
2018-05-22,90.44717407226562,91.47161677835274,89.87092352355157,89.91894236722435,11507600
2018-05-23,90.03099822998047,90.25509432814026,88.93452716310426,90.04700858336943,11453900
2018-05-24,89.02259063720703,89.75890833844976,88.13420506712588,89.75090315952079,14084800
2018-05-25,88.56636047363281,88.90250459073094,88.19819565262799,88.40628748490025,8283500
2018-05-29,84.78071594238281,87.39784664878962,84.00437876009946,87.38184240343203,30643800
2018-05-30,86.71758270263672,86.91766942142738,85.35699545732511,86.14933715401071,17490800
2018-05-31,85.64510345458984,86.58951282003001,85.17289571878935,86.39742521250396,19808200
2018-06-01,86.757568359375,87.18975623468425,86.27736164441795,86.70954341356753,13594200
2018-06-04,86.79759979248047,87.44588479123796,86.65353713788558,87.22978775626515,9415400
2018-06-05,86.30937957763672,86.68554347913127,85.693115345471,86.62951945802529,10415200
2018-06-06,88.32626342773438,88.6303929793979,86.82161381074954,86.96567646283452,15453600
2018-06-07,88.67840576171875,89.23864593950276,88.06213545999637,88.98253527163578,13444400
2018-06-08,88.926513671875,88.95052309355287,88.08614727618844,88.53434553676267,10383200
2018-06-11,88.70242309570312,89.56679896667333,88.65439814320888,88.93452436325033,12642900
2018-06-12,88.19021606445312,89.2626778481525,87.65397906644192,88.95054308387215,15294100
2018-06-13,88.01412963867188,89.19863936298187,87.70199490684959,88.40629782113767,14979700
2018-06-14,86.46145629882812,88.32626564593822,86.26136961624964,88.26223644203446,20487300
2018-06-15,86.35740661621094,86.74156959703531,85.0528376406703,86.27737317071924,26028600
2018-06-18,86.5815200805664,86.75759735967827,85.38900501680197,85.84520246442742,9786800
2018-06-19,86.07728576660156,86.34139552384586,85.31695277554194,85.55705921612085,12707200
2018-06-20,86.06928253173828,86.94966265678569,85.9892490851268,86.58150391744442,8876900
2018-06-21,86.04528045654297,86.60552073682778,85.26093795798313,85.71713535940394,11048700
2018-06-22,84.63666534423828,86.73357594152857,84.44458384183456,86.5655038636552,19478900
2018-06-25,83.86833953857422,84.59665193082247,83.20405024783696,84.56464343314764,16907600
2018-06-26,83.92434692382812,84.20446701913595,82.52374034112894,83.80429370979331,17086800
2018-06-27,82.62779235839844,84.77272177837686,82.61979328776059,83.78029357097216,16276800
2018-06-28,83.98037719726562,84.40455995977389,82.8438863795717,82.97994384940255,14491300
2018-06-29,83.39613342285156,85.557073428548,83.35611974688177,85.38099615702886,18972400
2018-07-02,84.1004409790039,84.10844005035547,82.73984779139205,83.01196887137895,11130000
2018-07-03,82.92394256591797,84.66069386858894,82.85190816991476,84.36456942435976,8311700
2018-07-05,83.46308135986328,83.99417759903947,83.31018713465093,83.79300357190496,10723400
2018-07-06,83.73665618896484,84.09072436139195,82.23992127377734,82.98024619242881,12173700
2018-07-09,86.32777404785156,86.47261955354296,84.25970585730039,84.25970585730039,13900800
2018-07-10,85.79669189453125,87.22904982837,85.72426606024568,86.92326141147628,14575900
2018-07-11,85.61160278320312,86.15074760352728,85.46675726467721,85.54722563289317,10186500
2018-07-12,85.98175811767578,86.55309148610522,85.27362791582155,86.44043454806801,12456800
2018-07-13,85.58746337890625,86.74622753377781,84.60573331873373,86.34387955104108,21289100
2018-07-16,88.98329162597656,89.13617970234402,86.08638704312797,86.1427155216515,24662600
2018-07-17,88.91890716552734,89.2649266878538,88.31538517119118,89.07180136868233,14821900
2018-07-18,89.74773406982422,90.22250785029232,88.6774870335799,88.85452111648858,14244900
2018-07-19,88.42804718017578,89.39367997064446,88.29929900647362,89.36954007178427,16775300
2018-07-20,89.54656219482422,89.91672158626157,88.33951829865529,88.51655238572157,13578100
2018-07-23,91.21228790283203,91.92846683229617,89.26492510899342,89.36953337599789,18140000
2018-07-24,91.8560562133789,92.36301251956097,91.26862538995273,91.37323980663263,14000400
2018-07-25,92.68486022949219,92.95845384793668,91.23640536907546,91.63875325926436,13329100
2018-07-26,92.41932678222656,93.01480005430741,92.20206158138043,92.87800321898419,11897800
2018-07-27,93.3688735961914,93.58614494886795,92.38714351809583,92.6848832409202,12802700
2018-07-30,93.93216705322266,94.64029732510895,93.39301606576106,93.57005016856846,13411600
2018-07-31,92.49978637695312,94.2137924828492,92.39517812562653,94.2137924828492,15843800
2018-08-01,93.07115173339844,93.8999877150504,92.76536329324762,93.14357143384855,13531600
2018-08-02,93.46544647216797,93.54591484846998,92.00089992183447,92.19402525282803,11058100
2018-08-03,94.22185516357422,94.25404374148101,93.29645964096387,93.34473943815232,11016100
2018-08-06,94.2459716796875,94.57589375603543,93.48955568417817,93.98042059964594,9857400
2018-08-07,94.59201049804688,95.18748377648993,94.41497640839934,94.74489855237108,10562100
2018-08-08,94.7851333618164,95.17138396623332,94.3747367226986,94.41497397452407,8997100
2018-08-09,94.05286407470703,94.72881189138937,93.9080185525139,94.55982647205457,9694200
2018-08-10,93.1274642944336,93.3044922450542,92.28253109755087,92.94238152601466,12630600
2018-08-13,91.6468276977539,93.24817103182333,91.59049922286734,92.99066855529286,10336300
2018-08-14,92.25839233398438,92.57222326482896,91.45369638015869,91.95260394235115,10597600
2018-08-15,91.49395751953125,92.00092006598922,90.90653271849716,91.59052327584347,10152100
2018-08-16,92.35496520996094,92.78950182428161,91.97676321428429,92.01699433415943,10118600
2018-08-17,92.35496520996094,92.59637648658702,91.97676321428429,92.25035693107299,8505100
2018-08-20,92.23423767089844,92.58025712121925,91.82384108113611,92.21009163910142,8618700
2018-08-21,92.79755401611328,93.6585785976294,92.44348576748624,92.83779127685509,10976700
2018-08-22,92.51590728759766,92.86997551968642,92.3630130711332,92.78950100196171,8314700
2018-08-23,92.32276153564453,92.66073233371304,92.08135031454282,92.50783815105912,9265400
2018-08-24,92.28255462646484,92.71709128371008,92.09747181085609,92.5239659269381,8845700
2018-08-27,93.91606140136719,94.37473783661527,92.67682893049599,92.71706618279639,13768000
2018-08-28,93.45738983154297,94.17356875650707,93.32059298954826,94.14942885960718,8302600
2018-08-29,93.151611328125,93.64247638269296,92.82973169801339,93.62637902454857,7221700
2018-08-30,92.69292449951172,93.37691480002833,92.52393909392592,93.01479795433652,8991800
2018-08-31,92.20207214355469,92.41128869001243,91.59050144470534,92.40324615007876,13065700
2018-09-04,92.6607437133789,92.73316340499785,91.43760238061834,92.00893579209267,10174200
2018-09-05,92.2101058959961,93.10331889098852,91.93651222008131,92.54003418213874,11462400
2018-09-06,91.81578826904297,92.29860451442747,91.33297202365848,92.13766781241318,9877600
2018-09-07,91.99285888671875,92.35496967983985,91.4376166072119,92.13770443183601,10955600
2018-09-10,91.50198364257812,92.51590234618594,91.46175252520831,92.41933661368026,8276900
2018-09-11,92.08134460449219,92.20205020755797,91.07547481118057,91.36516580280167,9333800
2018-09-12,90.99500274658203,92.44345150630606,90.80992001084628,91.93649536130391,10800800
2018-09-13,91.34910583496094,91.83997098614309,90.66511532343738,91.22840632183788,12470800
2018-09-14,91.3329849243164,92.12963214869322,91.11571973197455,91.58243868947604,10337900
2018-09-17,91.6065902709961,92.0813641064496,91.17205983087702,91.56635915434826,9561300
2018-09-18,91.97675323486328,92.26644427964578,91.38127378761976,92.00089313203797,7944200
2018-09-19,94.6483383178711,95.00240035538965,92.08940499269774,92.08940499269774,16052800
2018-09-20,95.4610824584961,95.95194750032957,95.01850335049984,95.35647419064458,15590000
2018-09-21,94.83342742919922,95.94391189759638,94.74491037333152,95.8634373818304,24788200
2018-09-24,93.92411041259766,95.32427961894774,93.69074785498218,94.76099492080195,12492500
2018-09-25,93.65856170654297,94.92998278882067,93.60223323526955,94.18161530513497,9308300
2018-09-26,92.55614471435547,94.04483744289725,92.26645976031213,93.94827169865337,14023600
2018-09-27,92.15377044677734,93.15159776881214,91.86408557512158,92.87799797427279,13283000
2018-09-28,90.80188751220703,91.92846306338939,90.54438505530902,91.45369540259172,15815100
2018-10-01,91.3329849243164,92.22619786714654,90.96282554592574,91.22837666716552,10146300
2018-10-02,91.71121215820312,91.83191779667455,90.77776176932412,91.22034706393809,13753100
2018-10-03,92.57222747802734,93.07114120226956,92.12159968796547,92.49175910685103,17142000
2018-10-04,93.40687561035156,94.65478641234378,92.54792650836251,92.82344233385152,16357400
2018-10-05,92.88014221191406,94.0794286397008,92.3939386620349,93.86064198812312,13777600
2018-10-08,93.4473876953125,93.82013928133365,91.85103434534327,92.5803336146612,14370900
2018-10-09,92.79911804199219,93.21238864825347,92.11033781978065,92.92066894763796,14069500
2018-10-10,90.32760620117188,93.14755488885994,90.32760620117188,92.94497211947805,23086400
2018-10-11,87.62110137939453,90.3276105226362,87.0133530421729,89.92244496448845,33705600
2018-10-12,86.6649169921875,89.80900591872538,85.57097113863217,89.43625431882026,32075700
2018-10-15,86.17059326171875,88.20452574823037,86.15438936238064,86.8674783976178,18903200
2018-10-16,88.01815795898438,88.14780770787236,86.48663281983873,86.83507540708185,19302800
2018-10-17,88.99866485595703,89.78468700028897,87.70213635195694,87.82368106925728,18794500
2018-10-18,87.58866882324219,89.00674797611326,87.36177714795633,88.34227684891847,17582500
2018-10-19,87.44283294677734,88.50436472130569,86.92421534922656,87.23214512736631,15234500
2018-10-22,86.18681335449219,87.79126541572593,85.9842305863935,87.63730671595904,16199100
2018-10-23,85.28736877441406,86.02477322017549,84.0313527945876,84.43651844197198,21407500
2018-10-24,83.69908905029297,85.10906324775735,83.39116549844105,84.89027659976635,23168900
2018-10-25,84.97130584716797,85.8140507962452,84.0475290377118,84.42028054132265,17464700
2018-10-26,83.80445098876953,84.72822805963112,83.24532666630262,84.27444456723214,19174900
2018-10-29,84.96319580078125,86.40558385048521,84.03131400548907,84.6471672362881,18445200
2018-10-30,86.46234130859375,86.68923925019926,84.97133478634959,85.66011510765449,18019700
2018-10-31,88.3423080444336,89.52539708162813,87.34560409285167,87.58060089161843,20860000
2018-11-01,88.30988311767578,89.31469191784626,87.77506164159983,88.82849451017252,13065000
2018-11-02,87.82369232177734,89.7927973646994,87.1024980558254,89.0553991951431,19009200
2018-11-05,88.3990249633789,88.56109490787259,87.8561045595816,88.01006946126654,10276400
2018-11-06,88.8122787475586,88.86900167178784,87.32127263505565,88.05867065003578,10825000
2018-11-07,90.33570098876953,90.53828373515574,88.60969203286469,89.43623310022794,12679600
2018-11-08,91.06502532958984,91.51070999824785,89.9467704095983,89.95487545330215,11662500
2018-11-09,90.18175506591797,91.04880915528298,89.80900347615074,90.94346833067576,10432200
2018-11-12,88.28557586669922,90.70847044405278,88.00196120212125,90.28709478610607,13279700
2018-11-13,88.80419158935547,90.04400349546643,88.40713103979216,88.40713103979216,13746100
2018-11-14,86.97283935546875,89.71175627644462,85.87889359550613,89.32280080648871,18361400
2018-11-15,89.1931381225586,89.20124316408489,86.55145717749802,87.71023082234652,19100000
2018-11-16,89.1282958984375,89.75225416711537,87.96142358104589,88.6907164610403,13798600
2018-11-19,89.80899810791016,90.10881666092327,88.75556519546134,89.10400781890188,13987000
2018-11-20,87.88041687011719,89.53349327322232,87.49956639623294,88.95815885849997,18936200
2018-11-21,87.22402954101562,88.82038262207084,87.22402954101562,88.35038915186814,10619600
2018-11-23,86.42180633544922,87.02144957179571,85.9437078087887,86.49473316126081,6488400
2018-11-26,88.53678131103516,89.12022071589247,87.07007775650888,87.28887062449833,13948300
2018-11-27,88.90951538085938,89.1607160042387,88.0262514051363,88.13159838836096,9238200
2018-11-28,89.89813232421875,90.27088388050959,88.22074722974226,88.97435538420767,13977300
2018-11-29,89.1850357055664,89.78468514945284,88.84469813947007,89.35520448861458,11144300
2018-11-30,90.10071563720703,90.20605645298768,88.79608209116984,89.01486876466367,18652700
2018-12-03,90.95155334472656,91.47826975224898,90.5463878285301,91.06499919467475,16034500
2018-12-04,86.8918228149414,90.43296642715283,86.48665718920834,90.43296642715283,23555900
2018-12-06,85.23872375488281,85.37647854740348,83.36685485554554,85.0928639209388,27213900
2018-12-07,83.69908905029297,86.68921239429065,83.39116549844105,85.21441023359381,19248600
2018-12-10,82.13514709472656,83.86114982427846,80.44965720401784,83.35874858274761,23636400
2018-12-11,81.33294677734375,83.99893723303407,81.20329081462171,83.56945649326974,16860700
2018-12-12,81.85964965820312,83.38307616955517,81.08173249983307,82.37826727945252,22621500
2018-12-13,81.9406967163086,82.62947702965403,81.57604395112334,82.28913939468381,17250900
2018-12-14,81.2680892944336,82.60513655853744,80.91964674902876,81.02498754374767,19879500
2018-12-17,80.23088073730469,81.48689018273315,79.76899227604783,80.84672789742356,25113500
2018-12-18,79.85002136230469,81.75429806837873,79.50968380952588,80.5631104513177,20837200
2018-12-19,78.83712005615234,81.50311034006121,78.2779895720298,79.74469318971798,28767900
2018-12-20,78.15644073486328,79.63934829503945,77.54059348227892,78.28609669267242,31825200
2018-12-21,76.30885314941406,79.76086423309911,75.91989781122437,78.34278527368471,41313900
2018-12-24,74.6639175415039,76.34940794989099,74.6639175415039,75.2716659518259,17009300
2018-12-26,77.75938415527344,77.75938415527344,73.82927892288713,75.10960375114045,22542900
2018-12-27,78.63452911376953,78.7236660275743,75.80647536236373,76.83559311856128,20304700
2018-12-28,78.46435546875,79.67174697778326,78.14832686022676,79.37192226970487,17963300
2018-12-31,79.1045150756836,80.06880476937613,78.41572877432971,79.08019995232861,13237200
2019-01-02,80.47398376464844,80.85484039070879,77.74317177175233,77.75127063189353,15670900
2019-01-03,79.33030700683594,80.78440904314425,78.9872055396819,80.58018108899887,16286400
2019-01-04,82.25485229492188,82.45090938457135,80.28609183757276,80.96413013693268,16935200
2019-01-07,82.31204223632812,82.8920489194349,81.45428227491298,82.04245982187845,15430700
2019-01-08,82.15680694580078,83.17794654005233,81.32355977920976,83.02273132731283,13578800
2019-01-09,82.01795959472656,82.90839061306146,81.63400998772218,82.35289024745704,14230300
2019-01-10,82.0097885131836,82.28754181152233,81.09484490386181,81.7075288540445,14376100
2019-01-11,81.61766815185547,81.83006075121926,80.83342726982175,81.60132642418566,15439900
2019-01-14,82.4590835571289,82.80218503592079,80.59652554935268,80.76807628874862,21258500
2019-01-15,83.06360626220703,83.70896744235257,80.54751599259892,80.7844212029721,26504900
2019-01-16,83.73346710205078,84.50953088949163,83.16163128315154,83.5292391335092,18533000
2019-01-17,84.07654571533203,84.55035596923038,83.25963406345541,83.41484927172519,14247600
2019-01-18,85.44078826904297,85.69403512396819,84.0030282223991,84.77092095133303,16428700
2019-01-22,84.09288787841797,84.62387546888192,83.43118519880896,84.20725501167556,17083700
2019-01-23,83.8805160522461,84.71376346690992,83.30050933793771,84.50137085550234,12146700
2019-01-24,83.92951965332031,84.21543754725806,83.27599392896867,83.43120293851052,11296800
2019-01-25,84.46050262451172,85.21205991459264,83.92950875753692,84.55853427508212,14369400
2019-01-28,84.86080169677734,85.15489046471632,83.80698465041979,84.05206070121658,12283100
2019-01-29,85.09769439697266,85.86559342641743,84.73825746976736,84.86078924464306,9743300
2019-01-30,85.29373931884766,85.97177117968023,84.7790810451241,85.07316970652596,12526300
2019-01-31,84.55036926269531,84.79544528980699,83.92134993417066,84.47685019408716,17520600
2019-02-01,84.86080169677734,85.65320719747166,84.56671292883836,84.95883336360463,13000800
2019-02-04,85.1630630493164,85.1630630493164,84.15009406847014,84.78728433436606,9871500
2019-02-05,84.78728485107422,85.4081396255572,84.37882891069862,85.3836270337985,12763000
2019-02-06,84.74642944335938,85.46531582514835,84.52586599692843,84.72192308626066,8745000
2019-02-07,83.63542938232422,84.55037285890889,82.86753651429494,84.3461449051434,13177500
2019-02-08,82.80216979980469,83.60273976967588,81.7401821046219,83.39034721667261,12892600
2019-02-11,82.41006469726562,83.33317907113768,82.32020389569325,83.1289511098446,10978500
2019-02-12,83.81515502929688,84.07656657344796,83.2351483604786,83.2841610773373,12852300
2019-02-13,84.2154312133789,84.83628590247945,84.0602222155104,84.0602222155104,10754100
2019-02-14,83.6680908203125,84.22359099907094,82.7939955923807,83.70893889637733,11518500
2019-02-15,86.22505187988281,86.34758367649195,84.68108891717715,84.87714602429483,14716900
2019-02-19,85.92276000976562,86.07797520397413,84.80358890436779,85.7021966260584,12764900
2019-02-20,86.33942413330078,86.42928494447193,85.67772122990019,85.94730366341363,10030300
2019-02-21,86.15970611572266,86.58449759604142,85.74307926763855,86.14336438616596,8400100
2019-02-22,85.77574157714844,86.66617247428124,85.59601997854188,86.34757736131237,10647300
2019-02-25,86.67433166503906,87.63011687522818,86.33940110300381,86.38841381146219,11230700
2019-02-26,86.01264190673828,86.15968627617094,84.90981225226444,85.36728085381395,15465400
2019-02-27,85.90644836425781,86.08616372593603,85.37545444475376,85.92278385803131,9968800
2019-02-28,85.2529067993164,85.94728050830447,85.10586244179196,85.78390065885142,15156900
2019-03-01,85.31008911132812,86.51912117008617,85.12219667794146,85.85741845471719,13813300
2019-03-04,85.11404418945312,86.52729814233726,84.36248058124141,85.71038632551185,12466300
2019-03-05,85.04869842529297,85.40814165578155,84.35432455665718,85.06503392097737,10856600
2019-03-06,84.7300796508789,85.42445332584788,84.5912061623934,84.84444678640126,9070800
2019-03-07,84.11741638183594,84.52587231747073,83.45571976052132,84.34615070858455,12705700
2019-03-08,84.15007019042969,84.3297917493096,83.31681682335751,83.31681682335751,10582400
2019-03-11,85.24476623535156,85.40815237541815,84.68110119161769,84.94251278318029,9763200
2019-03-12,84.99151611328125,85.60420004757606,84.75461091078206,85.44081392557148,10219100
2019-03-13,85.27743530273438,85.75941657912766,84.91799206152876,85.11405541084639,13022200
2019-03-14,86.0534896850586,86.48645819283264,85.3346095141596,85.36728673545628,10926500
2019-03-15,87.04194641113281,87.24617434148972,85.96362318814998,86.11066754730864,24811700
2019-03-18,87.56478118896484,88.05492704122234,87.00111003097027,87.04195811555115,12935500
2019-03-19,87.24618530273438,88.55324297472349,87.04195734671912,88.38985687038573,12889300
2019-03-20,85.38360595703125,87.12363182233709,85.29375140626863,86.94391025572884,14920700
2019-03-21,84.03570556640625,84.5421868119539,83.55372444116092,84.5421868119539,19751000
2019-03-22,81.49513244628906,83.58642490451172,81.29906910392333,83.17796895673116,31115200
2019-03-25,80.81709289550781,82.15682788603586,80.13088367234735,81.35625149777249,21032300
2019-03-26,81.6258316040039,82.0179520393563,80.7272298039773,81.54414166446382,15987100
2019-03-27,81.34807586669922,82.05878512051805,80.93961998012115,81.59314565912074,12753200
2019-03-28,82.27118682861328,82.34471213171275,81.47878138349444,81.69118019711883,12454100
2019-03-29,82.69597625732422,83.31682467784042,82.17314702195728,82.94921689641525,14523400
2019-04-01,85.4816665649414,85.51434379108194,83.4230511784367,83.44755753990619,17499300
2019-04-02,85.89009857177734,86.13517458316116,85.22840206659964,85.44896549081157,10295400
2019-04-03,86.0616455078125,86.88672806186447,85.60417695469454,86.43742413823676,11499200
2019-04-04,86.8930435180664,87.03298593541317,85.97933251417196,86.06165379975205,11952100
2019-04-05,86.687255859375,87.34578848537211,86.42384406502268,87.0906100759087,9933700
2019-04-08,86.96714782714844,86.96714782714844,86.35800913636996,86.52263917812624,8056300
2019-04-09,86.32508087158203,86.59671980930862,85.81471769967831,86.49794429749294,9092200
2019-04-10,86.71195983886719,87.02476569877358,85.99581227588841,86.53909641745047,10882300
2019-04-11,87.44457244873047,87.85615378020665,86.89304869157553,87.01652434706493,11183800
2019-04-12,91.5439224243164,92.07074604593234,89.62595184049714,90.0869272195858,25834100
2019-04-15,90.49850463867188,91.37105504655916,89.82351151025796,91.30520052665715,15163800
2019-04-16,91.453369140625,91.69208706270507,90.4326492132947,90.46557647291601,11583200
2019-04-17,94.0875015258789,94.38384060786855,91.3792954200606,91.94727342701309,17791900
2019-04-18,93.39603424072266,94.62254484028308,93.28902535627533,94.27681803185386,12501900
2019-04-22,93.51127624511719,93.78292142821267,92.73750762085943,92.87744376479371,7975900
2019-04-23,93.62651062011719,94.14510706779797,92.89389642219341,93.01737206593799,9193100
2019-04-24,93.47012329101562,93.9640196348577,92.86097839605208,93.2314053641082,9245700
2019-04-25,93.51950073242188,93.9640092769502,92.60578977093014,93.02560444302333,9311800
2019-04-26,94.2274398803711,94.31798828421641,93.51128603547632,93.79939173851446,7889300
2019-04-29,95.58563995361328,96.44172978061728,94.21095368781178,94.33442932944128,14242200
2019-04-30,95.52803039550781,96.07954787732466,94.87773113237624,95.84082994932197,11389100
2019-05-01,94.79542541503906,96.310041862293,94.75426476539772,95.25639454590184,10412900
2019-05-02,95.001220703125,95.30578691637908,94.31799407948776,94.80365711155977,8613300
2019-05-03,95.58563995361328,96.04660898344927,95.21521302872478,95.48685818426328,8185400
2019-05-06,94.73777770996094,95.05058350770287,93.61004900194368,93.98870303268681,9387000
2019-05-07,93.19024658203125,93.8652397308329,92.43293842098217,93.8652397308329,15017700
2019-05-08,92.69637298583984,93.56892363429844,92.5728972970382,92.73753364218518,9575800
2019-05-09,92.62226867675781,92.80336548426857,91.02533723283265,91.4863063572358,12205900
2019-05-10,92.6140365600586,92.88567547639383,90.99240504629643,91.9884311534802,13189000
2019-05-13,90.09516143798828,90.918324196783,89.70828021675086,90.61375799537836,13783700
2019-05-14,90.8113021850586,91.96373113699683,90.13630907153131,90.17746971562046,10503600
2019-05-15,90.4655990600586,91.28876191541812,89.4037182230167,89.89761468018558,10142000
2019-05-16,91.6261978149414,92.33411792789947,91.03351992686206,91.05822007239057,9672700
2019-05-17,91.18172454833984,91.9884267136952,90.40795592305132,90.54789206717201,9570100
2019-05-20,91.65914154052734,92.03779553037892,90.85244582134877,91.02530918974418,8518200
2019-05-21,91.97197723388672,92.12837388653045,91.55216247103581,91.73325928168653,7967900
2019-05-22,91.22286987304688,92.02133851928917,91.16524874807226,91.70030564011178,7918900
2019-05-23,89.42839050292969,90.37502881398497,88.48998557690484,90.25155315945904,14558000
2019-05-24,90.30915832519531,90.51494895293851,89.88111658279136,90.15275543843639,8537300
2019-05-28,89.3296127319336,90.40796013093615,89.26376448943313,89.88936361470171,11665500
2019-05-29,89.08265686035156,89.23082637836914,88.12778523752006,88.44881814651943,9966400
2019-05-30,88.12779235839844,89.87289945825395,87.69975053855681,89.43662425334824,10367800
2019-05-31,87.22232818603516,87.7409184811343,86.30038360340299,86.8930618150784,10952800
2019-06-03,87.6339111328125,87.96317750960486,86.67904554837183,87.09062694930384,11680700
2019-06-04,90.33390045166016,90.46560953828536,88.18544464790703,88.77812297725065,12858600
2019-06-05,90.65491485595703,90.86070555130989,89.42840407011941,90.43266366827874,8340500
2019-06-06,90.85246276855469,91.26404408824152,89.6671065581822,90.67136598305528,8726700
2019-06-07,89.85643768310547,90.56435178267321,89.69180138534225,90.30093998648466,10618900
2019-06-10,90.82777404785156,91.54392789514354,90.72899853804117,91.1652737869926,11380600
2019-06-11,91.1076431274414,91.84025738974854,90.85246471344735,91.22288539700213,9847700
2019-06-12,89.94696807861328,91.2887270395954,89.63416857396247,91.1240907632804,9670500
2019-06-13,90.16923522949219,90.67959832089474,89.7658872993214,90.10338071184687,8406900
2019-06-14,90.39972686767578,90.79484772437716,89.42016125144985,90.19393619403054,9077400
2019-06-17,89.90582275390625,90.85246102708723,89.77411371961945,90.3009372963018,8128600
2019-06-18,91.13233947753906,91.70855712122585,89.70827155918883,89.73296543473217,11057300
2019-06-19,90.47380828857422,91.85671548728666,90.30093860850266,91.22288302121012,13126500
2019-06-20,90.70428466796875,91.44512594918719,89.74941308204784,91.27226256488741,13638000
2019-06-21,90.08694458007812,91.92259422407535,89.79883255753882,90.7043167194038,27089500
2019-06-24,89.44486999511719,90.35857489601086,89.34608820139974,89.95522689540671,13039600
2019-06-25,88.70401763916016,89.70827717568314,88.62992972765878,89.46132584432287,18660100
2019-06-26,89.29666900634766,89.97988909492905,89.03325726273967,89.1484995080537,10324600
2019-06-27,89.59303283691406,90.17748392998881,89.2637727532309,89.59303283691406,10906600
2019-06-28,92.02957916259766,92.54816932827777,91.28873158288884,91.40397384192887,21634700
2019-07-01,93.5771255493164,94.2685791256776,93.08322924045378,93.20670488772751,12724500
2019-07-02,93.67591857910156,94.0051786377517,93.19848270173257,93.43720064041707,10174900
2019-07-03,93.52668762207031,94.39712998769353,93.06245506690817,93.95775980547883,6849400
2019-07-05,94.08209991455078,94.72871128531779,93.60957573401384,94.09868326106425,7929400
2019-07-08,93.56815338134766,94.07383805648885,93.26142464119305,93.64275948520695,6917200
2019-07-09,93.96604919433594,94.08210733030393,92.97126336469763,93.07902982675533,8947300
2019-07-10,93.6925048828125,94.36399149832154,93.4603885514052,93.9826566217673,9242300
2019-07-11,94.5877914428711,94.8033306905955,93.77538449518481,93.98263206904066,11595200
2019-07-12,95.58258819580078,95.62403391775172,94.44686915948051,94.6126646966729,10783400
2019-07-15,94.42201232910156,95.80642484521469,94.1152835895797,95.78155614397956,12946600
2019-07-16,95.4333724975586,95.74838655739418,93.60958991117246,94.07382881345514,16945000
2019-07-17,94.49661254882812,95.28415721217515,94.28107960174744,94.8613703434181,13120900
2019-07-18,95.06034088134766,95.39193835244107,94.13187555192096,94.44688967087707,9397200
2019-07-19,94.12357330322266,95.43337968833221,94.00751515008079,95.24270910834487,10402800
2019-07-22,94.72872161865234,94.87794013008305,93.48523613162796,93.60130059580227,9061100
2019-07-23,96.46131896972656,96.53592506640788,95.18467305405836,95.23441045184592,12752200
2019-07-24,96.85094451904297,96.89239024190202,95.76496285514655,95.81470657714966,10011000
2019-07-25,95.92247009277344,97.19082428264724,95.59916437083284,96.90067893278956,10138400
2019-07-26,96.34528350830078,96.58569152869902,95.7732780002948,95.97223396298105,12800400
2019-07-29,96.03851318359375,97.14107166497762,95.98877579561031,96.5441977104031,8500400
2019-07-30,95.82299041748047,96.22920023808396,95.13493324166953,95.49139934105348,7121100
2019-07-31,96.16287994384766,96.31209845881726,95.2178314572716,96.24577771334313,13648000
2019-08-01,93.62615966796875,96.8260624982412,93.34429969771332,95.60744583429113,15664500
2019-08-02,93.61786651611328,94.03236162929457,92.3495124817295,93.17850270809208,11025500
2019-08-05,90.83248901367188,92.00136865686345,89.75479883163833,91.84385843764585,15855300
2019-08-06,91.54540252685547,91.60343159705135,89.81280944581681,91.23038847789131,10203500
2019-08-07,89.55583190917969,89.76307950920082,87.82324500885656,89.53096320912833,17320900
2019-08-08,91.07288360595703,91.25526250141442,90.12783507921843,90.40140342240451,10903300
2019-08-09,90.9734115600586,91.56199402931632,89.77137791962588,90.65010578574372,9980800
2019-08-12,89.26570129394531,89.9537649577118,88.87607472953066,89.8957358730987,9393700
2019-08-13,90.64180755615234,91.46251260825059,88.72684175064612,89.48951140287342,12124700
2019-08-14,86.87821197509766,88.6273825376517,86.5880602234914,88.12169779730976,19491800
2019-08-15,87.20977783203125,88.18798664801382,86.4968456615002,86.8947637920245,13365600
2019-08-16,89.29884338378906,89.5143826502167,87.76521246911508,88.17970765279425,11830600
2019-08-19,90.10296630859375,90.98169408634546,89.87913536445664,90.88221296398511,8265400
2019-08-20,88.95897674560547,89.89574014491176,88.90094765823486,89.40663241590565,8374000
2019-08-21,89.2076416015625,89.8874133558081,89.07500012527375,89.70503448825792,8189300
2019-08-22,90.12783813476562,90.5837790641719,89.47293495373617,89.83769275701711,9343400
2019-08-23,87.88955688476562,90.17757209354716,87.13517893141155,89.53096061218805,14762300
2019-08-26,88.59420776367188,88.69368256548267,87.88127550211817,88.38696016030615,8209500
2019-08-27,87.65744018554688,89.16620240996367,86.91134758562767,88.99211519076495,14331800
2019-08-28,88.53619384765625,88.87607668653239,87.07716869921994,87.11032908039985,10585500
2019-08-29,90.5423355102539,91.09775757879352,89.54754320236269,89.64702433056033,10002200
2019-08-30,91.07288360595703,91.65317434178084,90.7495778638988,91.05630025653655,10170300
2019-09-03,89.99519348144531,90.35165959724905,88.96724718284406,90.34337424724279,9868800
2019-09-04,91.08116912841797,91.37131447673146,89.99518750373855,90.73298838574753,6929200
2019-09-05,93.1536636352539,94.27279953177953,92.1837399552159,92.22519200959279,13224700
2019-09-06,93.35260772705078,93.65933644627991,92.8137627120568,93.39405977616367,7836600
2019-09-09,95.6655044555664,96.2126348938115,94.17331903363335,94.26450849412345,13985100
2019-09-10,96.88410186767578,97.21569293897466,95.9390534001466,96.4115776339112,14333100
2019-09-11,97.14937591552734,97.15766126480175,95.64889916193357,96.9006762940251,9919200
2019-09-12,97.74626922607422,98.21050186476626,96.09657363914508,96.61884168236897,12283500
2019-09-13,99.66952514648438,99.8104520058495,98.44261649072355,98.64986410438824,16257200
2019-09-16,98.7824935913086,99.37107598352328,98.13587580262319,98.56695432841346,11993900
2019-09-17,98.29341888427734,98.32657926848754,97.19085982690035,98.16906902466323,10735400
2019-09-18,99.27989196777344,99.54516864249936,97.61361949465709,98.08614376915936,10665600
2019-09-19,98.9648666381836,99.76069662271557,98.72445867545605,99.23014329969426,9382600
2019-09-20,98.56697082519531,99.76071283362666,98.54210212237109,99.26331980305564,21862800
2019-09-23,98.55038452148438,98.74934678750938,97.5555984901407,97.63849627197011,9135100
2019-09-24,97.26544189453125,98.86539356596995,97.02503392761413,98.44260670520573,11696500
2019-09-25,97.82085418701172,98.1192911972866,97.09134500894757,97.21568849265044,9389400
2019-09-26,97.0167465209961,97.86232027972352,96.95042577037142,97.72138710347235,9899200
2019-09-27,97.5887451171875,98.35141472206764,97.22398733889942,97.78770103048353,10207800
2019-09-30,97.56389617919922,98.45920113271357,97.17426962342098,98.11931830885528,9755000
2019-10-01,95.78984832763672,98.64986282936634,95.67379017146014,98.15246982793882,11250300
2019-10-02,93.88316345214844,95.25099888658892,93.61788677529353,95.17638646122933,12548700
2019-10-03,93.74945831298828,94.35111374535055,92.3539494836193,93.8163039579711,12735200
2019-10-04,95.78005981445312,96.04746156961305,93.81632120194669,93.8748151366579,9453100
2019-10-07,95.57115173339844,96.51541278412189,95.32045979939929,95.42073784807108,6771600
2019-10-08,93.44026947021484,94.47645025048074,93.30657180922537,94.47645025048074,10806300
2019-10-09,94.11713409423828,94.56002395887514,93.64918269052806,94.15056010526897,7273700
2019-10-10,95.43744659423828,96.43184984578477,94.42633352244826,94.54332139023484,10994100
2019-10-11,97.05020141601562,98.59611777107267,96.82458381029022,96.95828147933052,15076500
2019-10-14,97.3092269897461,97.66019685353945,96.64908411284382,96.80784966693086,8779000
2019-10-15,100.24232482910156,101.6044014829419,98.49585856206754,99.31477362376178,23379000
2019-10-16,100.00833892822266,100.7938342700826,99.75764702645802,100.24231463634436,11087700
2019-10-17,100.56822204589844,101.58769321511762,100.17547432903262,100.90247582889236,10818500
2019-10-18,100.74370574951172,101.12809537583563,100.15876639974944,100.27575426970189,10417400
2019-10-21,103.24221801757812,103.42605149192322,101.938629253931,101.98877145180596,12714600
2019-10-22,104.27841186523438,104.53745548135021,102.88290937627015,103.15866281021034,12549100
2019-10-23,104.55418395996094,104.5792518773229,103.76033044978949,103.78539836715146,8828300
2019-10-24,104.47897338867188,105.0054251524785,103.67676815969465,104.69623929715334,8020500
2019-10-25,105.31458282470703,105.83267638369217,104.24497607422336,104.45388384190719,9055700
2019-10-28,105.7156982421875,106.30063749522091,105.62377830594514,105.76583407091616,9522200
2019-10-29,105.64886474609375,106.47613794197957,105.23940719717098,105.33967887221118,9797300
2019-10-30,105.06392669677734,105.50681026800694,104.38706100503617,105.33132845914395,8513700
2019-10-31,104.38705444335938,105.06392009255337,103.5012873565787,104.86336400186451,11589100
2019-11-01,106.79367065429688,106.95243624815829,105.30624175262977,105.45665562469227,11682600
2019-11-04,107.6460189819336,108.14739005931499,107.42874670608661,107.86327850706016,9159900
2019-11-05,107.87999725341797,108.88275218262127,107.66272497243143,108.12232470060982,13747600
2019-11-06,108.04712677001953,108.49836204971551,107.44547122994395,107.5373911805311,11231100
2019-11-07,108.63204193115234,109.71000042922991,108.56518991372387,108.991357180272,13528900
2019-11-08,108.9496078491211,108.96631129381569,108.00534044430951,108.53179221877559,9293400
2019-11-11,108.56519317626953,108.71561340768359,108.08889007001605,108.29779784923856,8679000
2019-11-12,107.93014526367188,109.15015986077991,107.80479291417907,108.32289300744941,9099000
2019-11-13,107.36188507080078,107.64600934834884,106.47611810438207,107.06942182284855,8023300
2019-11-14,107.46217346191406,107.66271678206611,106.61817782054175,106.7268139527706,8483400
2019-11-15,108.23931121826172,108.23931121826172,107.29504385671176,107.98861930139564,10163600
2019-11-18,109.15013122558594,109.17519913876357,107.78806119029859,108.26436429139254,8749300
2019-11-19,109.11672973632812,109.67660114159298,108.78246958717834,109.45934160768631,8824500
2019-11-20,108.3228530883789,109.15011963684566,107.74626564507331,108.88272434110127,11782800
2019-11-21,108.57355499267578,109.23371077680481,108.12231975791428,108.63205529664272,7705500
2019-11-22,109.29219055175781,109.65151857023253,108.7156157791306,108.7573871353111,8167900
2019-11-25,109.87714385986328,110.3618114541094,109.3590438794102,109.67658779477958,10068500
2019-11-26,110.02754211425781,110.15289442593777,108.93286744613177,110.15289442593777,10490700
2019-11-27,110.35345458984375,110.66263405461618,110.01084273655955,110.54564619626551,6607900
2019-11-29,110.10275268554688,110.64592056844096,109.84370907633361,110.19467261953085,5712000
2019-12-02,109.86044311523438,110.92169838894945,109.76017144395209,110.56237031565267,8615600
2019-12-03,108.44823455810547,108.59865483005969,107.45383122088698,108.43988283494448,10361300
2019-12-04,110.58743286132812,110.69606900042069,108.62370714002458,108.94960280658171,10318200
2019-12-05,111.18907165527344,111.39797942938922,110.45371221015589,110.87152775838747,9587400
2019-12-06,112.84363555908203,113.46200725883018,112.51773988978573,112.55117227935085,10170600
2019-12-09,112.31719970703125,113.19461507228743,112.31719970703125,112.5010396026362,8498200
2019-12-10,112.39240264892578,112.61802665567195,111.03868410989061,111.34786359085027,7532900
2019-12-11,112.12499237060547,112.82693229466338,111.98293659152917,112.21691231597491,9011900
2019-12-12,115.33381652832031,115.70984800100751,112.15006384179848,112.38403954705807,13717400
2019-12-13,114.32268524169922,116.0106635820872,113.82966596800516,115.27530415642941,10592100
2019-12-16,114.76558685302734,116.01903366291376,114.74888340941416,115.6346504482853,11372000
2019-12-17,115.46749877929688,115.87696260678835,114.67365178786686,115.09146733606356,11546800
2019-12-18,115.35054779052734,116.16947570715917,115.08315238462185,115.44246775052794,10381500
2019-12-19,114.77397918701172,115.5009744329939,114.56507133465146,115.11657837433275,9350400
2019-12-20,114.68202209472656,116.05245665251567,114.39789781694937,115.33381336302142,29992600
2019-12-23,114.64859008789062,115.24189380879754,114.38119475292815,114.98285019499288,9738400
2019-12-24,114.96615600585938,115.00794012108433,114.53162415881907,114.75724818045639,3324300
2019-12-26,116.18617248535156,116.2363210748831,115.13328161818525,115.22520157291007,6770900
2019-12-27,116.26969909667969,116.79615071717248,115.8769514989656,116.40340311945839,7868200
2019-12-30,115.84353637695312,117.05519884758606,115.70983234897099,116.9047786284267,6963000
2019-12-31,116.48696899414062,116.55382101151204,115.55941797303,115.74325783312173,7201600
2020-01-02,117.89921569824219,117.90758017160772,116.37000890677704,116.81289247061584,10803700
2020-01-03,116.34334564208984,117.09183132484358,115.28369564717512,115.63691231214669,10386800
2020-01-06,116.2508544921875,116.2845015129349,114.7959352430351,114.84639294157773,10259000
2020-01-07,114.2745132446289,115.93968133309129,114.22405554991452,115.45190222988968,10531300
2020-01-08,115.16592407226562,115.70416067077953,114.03899319921663,114.12308504839436,9695300
2020-01-09,115.58647155761719,116.25085263209532,115.2500655184183,116.09947953888953,9469000
2020-01-10,114.43429565429688,115.42666446051375,114.21562855066661,115.39303027749644,10190900
2020-01-13,115.38460540771484,115.38460540771484,114.17356956818428,114.53520438564931,12355200
2020-01-14,116.73023986816406,118.3785847360349,115.79673385482607,116.00698284132041,24906000
2020-01-15,114.98095703125,116.5620333823265,114.50158322296795,115.9312864762156,16293400
2020-01-16,115.42667388916016,115.97331602773536,115.0818625303284,115.59487048313888,10783800
2020-01-17,116.22562408447266,116.30131063127173,115.48555646147344,115.67056374278951,14697700
2020-01-21,115.08184814453125,116.11628209171722,114.95570392296025,115.37620177163151,8474200
2020-01-22,114.94728088378906,115.55279878683105,114.6949924513344,115.4182492337137,7549100
2020-01-23,114.8295669555664,114.99777639051999,113.29896119159876,114.13155169733747,9345700
2020-01-24,111.97858428955078,114.73704945375246,111.28056907661808,114.68659175957201,15166400
2020-01-27,111.03668975830078,111.80199912164828,109.08558590620235,109.55654156593027,12860500
2020-01-28,113.05503845214844,113.50918328690919,111.41509951012387,111.71785845577264,13062800
2020-01-29,112.8868637084961,113.98856616370294,112.43273161853529,113.37464281701853,9326000
2020-01-30,114.28289794921875,114.48474152421115,111.59171444552943,111.59171444552943,9048900
2020-01-31,111.31420135498047,113.39146194700628,110.5657156281121,113.10552646316378,12785200
2020-02-03,112.16361999511719,112.89529516026285,111.56652008747162,111.56652008747162,10021100
2020-02-04,113.77831268310547,114.88002792703945,113.6017107567078,113.99697979731971,9157100
2020-02-05,115.71259307861328,115.83033196106707,114.38381835802012,114.85478672041101,10150700
2020-02-06,115.72946166992188,116.30133279817281,115.30896366412063,116.25929326365727,8992300
2020-02-07,115.3593978881836,115.77989580838515,114.6277356134579,114.98935766519374,6379800
2020-02-10,115.83875274658203,115.9312627872116,115.00616238091604,115.17435895499449,5960700
2020-02-11,116.05741119384766,116.74703385478115,115.87239110591801,116.27606546477519,6578600
2020-02-12,116.05741119384766,117.14229004345648,115.8892146137052,116.5620137668515,7958000
2020-02-13,115.95651245117188,116.34336335775208,114.71182934784672,115.84717888373132,7447500
2020-02-14,115.6032943725586,116.21721774560972,115.16597294051893,115.92286406715303,6627600
2020-02-18,114.0726547241211,115.81352195970462,113.57647034750991,115.50234482867361,8996400
2020-02-19,115.62853240966797,116.38542359644823,114.66137941258295,115.1407532414352,7071200
2020-02-20,115.62853240966797,116.36019474572751,114.82117068886703,115.35940755854125,7422800
2020-02-21,114.21564483642578,115.14915074732481,113.46715903994483,114.83798638788458,9772800
2020-02-24,111.14599609375,112.02062598566172,110.00224141504935,110.54047815605107,13618400
2020-02-25,106.18413543701172,111.20487515926854,105.62066335376448,110.17045388008121,20797200
2020-02-26,106.50370025634766,108.44639836720594,106.25139896722577,106.74758979148861,24825600
2020-02-27,102.07167053222656,105.64590296153398,102.01280107827777,103.36680493538914,23005500
2020-02-28,97.64804077148438,99.64960883294437,94.74660729553437,98.83384173063014,45931400
2020-03-02,102.19781494140625,102.24827905650628,96.2603861732076,98.08534566480843,27355400
2020-03-03,98.36286926269531,103.40043237290233,97.75735125230396,101.735264260615,32547700
2020-03-04,100.79336547851562,101.07930744409786,96.46223496018766,99.51505443036163,25795900
2020-03-05,95.8482894897461,97.9171383259977,94.67930587596517,97.27797974052766,25025600
2020-03-06,90.89482879638672,92.7786576165404,88.32137725154845,89.3642166769577,38159400
2020-03-09,78.58265686035156,83.45202376187022,78.21261662097521,81.21497164751592,40352000
2020-03-10,84.68826293945312,85.17604197681466,79.54137345206877,83.25857284102145,31102700
2020-03-11,80.70195007324219,84.14162597066118,79.51614942170762,82.16528085762313,38127000
2020-03-12,74.04967498779297,81.5429434431867,72.5947495832655,75.34480273758402,49725200
2020-03-13,87.38788604736328,87.45516084221228,77.37162191332962,80.72719371931406,38543300
2020-03-16,74.31039428710938,79.03679330372756,71.10620213165055,71.65284430456052,38589700
2020-03-17,78.85177612304688,81.9466412423421,73.5871400764453,76.43811561867528,35239800
2020-03-18,70.5511474609375,76.35402061238307,67.58243287961596,73.73011102299046,41525600
2020-03-19,71.73693084716797,74.10012654857067,64.68097792231531,68.5916025255694,32175100
2020-03-20,70.22315216064453,75.23548656287478,69.3653392328673,72.57794306308594,30150800
2020-03-23,66.46389770507812,70.43339894696398,65.67335959204307,69.53353368871103,32536600
2020-03-24,74.36927032470703,75.77373198748495,69.71856385977945,71.40055571928539,34363200
2020-03-25,77.14454650878906,80.02075056579275,71.09778473575086,75.05046237551932,38111700
2020-03-26,82.51850891113281,82.89695444867942,78.6667466676584,79.12088516248753,29826300
2020-03-27,76.63994598388672,79.76003967426142,76.15217328964872,78.37240171846678,30041500
2020-03-30,78.63310241699219,79.12928682836122,75.10092284285119,76.2362658190902,21656900
2020-03-31,75.7148666381836,79.19658946301469,75.13457736194839,77.41368210160346,23379300
2020-04-01,70.9463882446289,72.79657596982716,70.01288262959797,71.56872318255382,28029600
2020-04-02,73.59554290771484,73.93194250481626,69.76900952122737,70.23155976927791,24018000
2020-04-03,71.42021942138672,74.33481032580613,70.33255332679745,73.0771998480112,21199400
2020-04-06,76.01729583740234,77.31738941024994,74.52176035301272,75.61791933165934,26820800
2020-04-07,77.01995849609375,80.29993520401645,76.79902564220791,80.25744587262857,22563800
2020-04-08,80.1300048828125,80.60585435950712,76.94349895931195,78.2605841845811,22903300
2020-04-09,87.31876373291016,88.70382934304715,82.33081733076023,82.35630834153528,42055900
2020-04-13,83.43547821044922,87.61617267845729,82.67921461093829,87.61617267845729,26911900
2020-04-14,81.14969635009766,86.67297411214618,79.56918865647435,85.84023092013322,46151300
2020-04-15,77.14744567871094,78.20111532153739,76.58661743598729,77.45335081420312,30118600
2020-04-16,74.20732879638672,76.96046725665454,73.96940413083975,76.6715605864792,32449600
2020-04-17,80.87776184082031,81.31962110244152,77.2918798004581,78.17560480666282,30191900
2020-04-20,77.92919921875,80.47840432168444,76.86703042586065,78.57499966005659,23679400
2020-04-21,75.66889953613281,77.64877703330393,75.05708933772539,75.30351325002633,23035000
2020-04-22,75.91531372070312,78.06514848793088,75.77935950629195,77.06246103516733,16662400
2020-04-23,75.95777893066406,77.56377688119801,75.84731576135948,76.25518475799242,16638800
2020-04-24,77.0794677734375,77.41086393361245,75.19305487215604,77.01998657758466,15809200
2020-04-27,80.40191650390625,81.26014406309918,77.78473152330993,78.12462677116028,22870200
2020-04-28,80.97122192382812,83.57990724450578,80.75028908228005,83.1125505571851,20238900
2020-04-29,83.1550521850586,84.50612747247649,82.65370525696754,84.1917297299254,20462600
2020-04-30,81.37061309814453,82.28832183217847,80.34243468173572,81.23465240690241,19127600
2020-05-01,79.23779296875,79.65416132568834,78.03966344313712,79.45022673006032,18547700
2020-05-04,78.29457092285156,78.74492936966685,77.15592930131574,78.1926004039082,15725900
2020-05-05,78.17561340332031,80.05352681690104,78.09064120708322,79.5776773316029,18064100
2020-05-06,76.70558166503906,78.82142665013978,76.41667485400855,78.3115869064033,20978000
2020-05-07,77.50434112548828,78.948894749242,76.96901032264718,77.61480435951323,16771900
2020-05-08,78.77042388916016,79.94306221889974,78.26908340201166,78.85540256688145,20487800
2020-05-11,76.45067596435547,77.41937356083301,75.90684596222651,77.41937356083301,31907600
2020-05-12,73.95243835449219,77.14744387089453,73.84197513486116,76.60361397231078,27962900
2020-05-13,71.40325164794922,73.80800394882323,70.86792077710784,73.40012817844497,35451600
2020-05-14,74.36878967285156,74.87013659506553,70.01815148042758,70.29006636745407,35152500
2020-05-15,72.99223327636719,74.16486516988216,72.48239360453299,73.79947888319107,26099000
2020-05-18,76.8585433959961,77.45336190371229,74.67472427231637,75.36301416720275,30504400
2020-05-19,75.34601593017578,77.4958448719225,75.27803556069833,76.5186546132848,19597300
2020-05-20,77.6063003540039,78.50701739394123,76.79055551884042,77.07946231166422,20552400
2020-05-21,76.62059020996094,77.97167199862095,76.195722783068,76.70556239874703,14621400
2020-05-22,76.02578735351562,76.78205094375814,75.38848613816768,76.48464500652173,13557900
2020-05-26,81.42161560058594,82.84917080297109,78.69396675518229,78.93189154175245,41233900
2020-05-27,86.13764190673828,87.16582051009046,83.95382314956004,86.73245383166474,39402000
2020-05-28,84.85452270507812,87.48020028178112,84.46364545173216,87.47170760100751,24713900
2020-05-29,82.68771362304688,84.27672046163589,82.23735509481162,83.83486109892313,26526400
2020-06-01,83.78386688232422,84.55712881811026,82.74718917995598,83.06159345323657,15176800
2020-06-02,84.06425476074219,85.33035765800793,83.21452005436976,85.21139531775269,21195000
2020-06-03,88.60184478759766,89.15417370446498,85.87419685619543,86.31606258287411,25941100
2020-06-04,90.44578552246094,90.59023890065494,87.34425181714155,88.21947773356301,26784700
2020-06-05,94.51602935791016,98.37382065312272,93.07147593060435,97.66004634640228,42231000
2020-06-08,96.40242767333984,97.0312362053063,95.11933256405744,96.3684439802808,24881800
2020-06-09,93.92970275878906,94.85591074846037,92.62960931415007,94.02317412253099,17031100
2020-06-10,90.12289428710938,93.90421902178085,89.94445071058692,93.86172967752914,24913300
2020-06-11,82.60274505615234,86.31608963150744,82.03342411737333,84.99899768493361,36259200
2020-06-12,84.863037109375,85.93369854574796,82.7047094231407,85.5768114002903,24856800
2020-06-15,86.0356674194336,86.18861997638668,81.46409552400115,81.93144587699531,22153600
2020-06-16,86.72393798828125,89.79998052425869,84.38716711651189,89.5365647914436,22193600
2020-06-17,84.53162384033203,87.13181034864253,84.3021918055033,87.12331118510309,15639800
2020-06-18,84.07278442382812,85.41536081991968,83.38449465354789,83.84335233941349,16591900
2020-06-19,83.11256408691406,85.4833251101459,82.19485537063275,85.42384392961876,40371200
2020-06-22,82.21185302734375,83.23153233217215,82.03340947314693,82.6367204848494,16216900
2020-06-23,83.21453857421875,84.94799853896481,83.14655822666884,84.09826364347926,15381400
2020-06-24,80.43590545654297,82.28832123914754,80.13849306733486,82.2118482130969,22919800
2020-06-25,83.24002075195312,83.45245445328507,80.0960045654252,80.1724775860829,25743600
2020-06-26,78.67694854736328,81.03921693302954,78.17560808559293,80.81828405147117,41896300
2020-06-29,79.02536010742188,80.29146352402054,78.32857762170725,79.36525542598207,18499700
2020-06-30,79.92607879638672,80.43592502594917,78.65997535435861,78.88090828830474,19137000
2020-07-01,79.24628448486328,81.32813255156005,79.05084259081949,80.6313501410405,18755700
2020-07-02,79.50369262695312,81.47712368540391,78.87733864235875,81.28835929152241,27845600
2020-07-06,81.5114517211914,81.68305215899171,80.20727137395266,81.02238327270975,18625300
2020-07-07,79.21195983886719,80.7392257864948,78.93739524767723,80.49898258747062,25757200
2020-07-08,80.05282592773438,80.08714077734153,78.76580304494853,79.18622868707358,18762200
2020-07-09,78.31964111328125,80.7564081427799,77.89063343273423,80.24159368921332,25600800
2020-07-10,82.60111236572266,83.09018072016717,78.82585109091949,78.93739069942934,28954200
2020-07-13,83.78519439697266,85.17517497756414,82.56681425596571,84.71185248145842,32079200
2020-07-14,84.26566314697266,85.75860760508982,82.91857968644726,84.40294870668428,42731700
2020-07-15,85.56985473632812,86.90835629037036,84.64319679300526,86.56514891734678,22508400
2020-07-16,85.81008911132812,86.848286562037,84.55738789280001,84.75472769335784,16886900
2020-07-17,84.2227554321289,85.87014265890461,84.20559146631575,85.80149988792189,16137700
2020-07-20,83.48490905761719,84.42014279130504,83.45058765278388,83.59644871372149,14458100
2020-07-21,85.29530334472656,85.84443260807564,83.77661261160709,83.83667342021911,17798100
2020-07-22,84.67750549316406,85.9130426862718,83.68220491518835,85.50119913728095,14271200
2020-07-23,84.92634582519531,85.24380725386982,84.05974865610473,84.51449565641734,12870200
2020-07-24,84.32574462890625,85.62993158155595,84.03402256215986,85.4583245898192,12744200
2020-07-27,83.14167022705078,83.76801762736532,82.51531628060009,83.66505999779919,11959100
2020-07-28,83.50204467773438,83.99111311313058,82.79847242775848,82.79847242775848,11754300
2020-07-29,85.52694702148438,85.55268642758166,83.22746624884608,83.28752704511837,12743500
2020-07-30,83.24464416503906,83.86241624800799,82.41237479640657,83.69081580102215,14834800
2020-07-31,82.91859436035156,83.16741957176106,81.7259536703751,82.78131532248177,14535000
2020-08-03,82.45527648925781,83.71656014188204,82.24077264482887,83.24464906568323,12962800
2020-08-04,81.98333740234375,82.326538171857,81.5371659281604,82.29222333181373,13366200
2020-08-05,83.40765380859375,84.48875475465462,82.12921303946217,82.25791662406355,15260900
2020-08-06,83.43338012695312,84.17127358035897,82.83277222122057,83.72510864269124,10482100
2020-08-07,85.2695541381836,85.36393634042584,82.84995136807781,83.16741937072327,14743700
2020-08-10,86.35063934326172,87.55186179531213,85.82724960734073,85.89589238657463,14989900
2020-08-11,89.07913208007812,91.08689092309893,88.81314947992743,89.11345347140984,31518600
2020-08-12,88.3240737915039,91.31854456614012,87.26871237043305,91.08688337651435,19240800
2020-08-13,87.83502960205078,88.68446292565267,87.20867554573032,87.51756158088324,13598600
2020-08-14,87.86933898925781,88.64154742545092,87.01989923562712,87.08854202208673,12134400
2020-08-17,85.55268096923828,87.51753624498046,85.39823799637232,87.08852871436781,14988000
2020-08-18,84.36003112792969,85.72427832677064,84.18843075332056,85.72427832677064,13246500
2020-08-19,84.55741119384766,86.30775666098708,84.37722221862651,84.87487266817463,13533000
2020-08-20,83.54493713378906,84.11122372623396,83.05586876234918,83.45055494402557,13672600
2020-08-21,83.50204467773438,84.5745637506328,83.17600123618254,83.45914129636367,12228300
2020-08-24,85.85298919677734,85.98169277158246,83.58782984629603,84.47158435588301,17898300
2020-08-25,86.23053741455078,87.50040293538385,85.62992932464562,86.89120631344647,13648900
2020-08-26,85.02072143554688,86.03317961445435,84.98640658878882,85.7500395788142,12052400
2020-08-27,87.81786346435547,88.07527066934745,84.94351355725165,84.94351355725165,22163900
2020-08-28,88.17821502685547,88.59006518355349,87.35452125959557,88.4956829923547,13756700
2020-08-31,85.96455383300781,87.67200242387527,85.8186862589267,87.62052360133909,14219400
2020-09-01,85.92163848876953,86.54799244235784,84.9778231122198,85.41541268127091,11595600
2020-09-02,87.21724700927734,87.46607220458269,85.42399182453767,85.75861723122568,14475700
2020-09-03,86.94267272949219,90.08300463034531,86.35064020840574,88.65012096669412,23281200
2020-09-04,88.82172393798828,90.27177161160523,86.97699663375218,89.27647745851311,26325500
2020-09-08,85.73287963867188,88.86463651650978,85.35535739136299,88.35841067633203,22108600
2020-09-09,86.54798889160156,87.25156103937934,85.42398461509933,86.48792809408893,13434000
2020-09-10,85.6556625366211,87.87791885456531,85.49263754710171,87.00274619459843,15922800
2020-09-11,86.71959686279297,86.96842205879878,85.4497314738903,85.77578144265348,13784300
2020-09-14,87.92080688476562,88.77023998674576,86.9769915996615,87.09711318797645,19017400
2020-09-15,85.18376922607422,88.24688399118517,85.06364759184541,88.14392633106796,23683000
2020-09-16,85.54411315917969,86.77107516186784,84.7375833193692,85.31245193456539,19270600
2020-09-17,84.56598663330078,85.23523752593394,83.8366749309733,84.68610825268944,18290100
2020-09-18,84.38580322265625,85.36394013837908,83.60501270571203,83.99111697123628,20121600
2020-09-21,81.77742767333984,82.4123636427579,80.49898684174781,81.68304547643004,28378800
2020-09-22,80.88507843017578,82.07772540967532,80.37027069319215,81.47711092808149,19257000
2020-09-23,79.57231903076172,81.81173897923374,79.50368279740248,81.32267063106949,19952700
2020-09-24,79.50369262695312,80.91083704989596,78.405427657655,79.21196405109902,18366500
2020-09-25,80.19867706298828,80.41318085034146,78.82585413315516,78.98029712189489,13293100
2020-09-28,82.50675964355469,83.16742858632072,80.95374740029725,81.56293751654941,20894100
2020-09-29,81.8117446899414,82.39519526410395,80.9365721017657,82.39519526410395,12848200
2020-09-30,82.60111236572266,83.39906668572537,81.73452181147934,81.81174002980097,16400600
2020-10-01,83.20172119140625,83.88812930987558,82.39518494241602,83.33042475928656,15778700
2020-10-02,83.9911117553711,84.5917198080303,81.58866645246061,81.72595203371804,15149600
2020-10-05,85.76637268066406,85.94822707863446,84.45874541120351,85.14286811226219,13871900
2020-10-06,84.88307189941406,87.34245028347505,84.44142833815484,86.65832758596571,19220400
2020-10-07,86.3638916015625,86.90079312860487,85.44595146247647,85.69708559252678,16358500
2020-10-08,88.1391372680664,88.26037351850523,86.51110290011651,87.03934939426283,15659000
2020-10-09,87.63687896728516,88.42492129140551,86.69296710938896,88.32966328284414,13689100
2020-10-12,88.71067810058594,89.1956230632331,87.33377135752757,87.55026558826357,16058000
2020-10-13,87.2731704711914,89.38615669463158,86.82286528936496,89.1956406768616,21697300
2020-10-14,86.78821563720703,88.26903550824073,86.6842960191611,87.48965489009663,15204100
2020-10-15,88.08717346191406,88.139129962973,85.7663550493406,85.81831155039954,17171200
2020-10-16,87.90530395507812,88.61540464367684,87.22118151253278,87.81870759927408,13275000
2020-10-19,86.42449951171875,88.21707147709047,86.2166602933571,87.98325400815352,11725700
2020-10-20,86.9181137084961,88.13047622076049,86.70161945889457,86.86615059591321,11257100
2020-10-21,86.05213928222656,87.45501783317377,86.0174994084293,86.90945468634767,10730500
2020-10-22,89.09171295166016,89.40346520570483,86.00017527145063,86.00883689152974,14837200
2020-10-23,89.8970718383789,90.45129659958526,89.13501444344024,89.62862107785466,15087600
2020-10-26,87.67150115966797,88.93582666468919,86.81418586242417,88.89253178300025,12410700
2020-10-27,86.01749420166016,87.39439441563367,85.87027970209317,87.03934729274388,10391700
2020-10-28,83.60142517089844,85.12554662829763,83.19441490043837,84.43276234578512,16389500
2020-10-29,84.14698791503906,84.84843381448493,82.47565195315828,83.23771598150633,14208800
2020-10-30,84.90038299560547,85.22945186597667,83.33296679292587,84.78780836789743,15194500
2020-11-02,86.81421661376953,87.35977988583245,84.7445315791589,86.06947567337019,15011600
2020-11-03,89.55068969726562,90.70243414977715,88.92718516565847,89.21295257024462,17482600
2020-11-04,86.81421661376953,88.39029489549985,85.67112694357921,87.46369953107953,18886500
2020-11-05,90.36468505859375,91.01416771106119,87.46366386561503,87.51562036361109,17837400
2020-11-06,89.1609878540039,91.01417803742142,88.6673812463998,90.95355991392195,12552800
2020-11-09,101.23271179199219,102.96466577780255,95.56055984571117,97.99395968845323,47792400
2020-11-10,100.90364837646484,101.70900734047959,99.31891531111015,101.62241095220637,20539300
2020-11-11,99.3968276977539,101.28465760731208,98.68672690279419,101.22403948848185,14443400
2020-11-12,98.17581939697266,98.68674267923721,97.04138498196677,97.44839524784152,22063000
2020-11-13,98.7906723022461,99.46613340467302,98.34902211724342,99.32757389295408,11847900
2020-11-16,101.5791015625,102.71352928278154,100.21951797934123,102.00342842928868,19858600
2020-11-17,100.54857635498047,100.83435031185466,99.22363278186465,99.92507194248378,14553200
2020-11-18,99.80384063720703,102.71352363465994,99.76053914819175,101.6137292397162,12571200
2020-11-19,100.07231140136719,100.29746729693291,98.34035720414377,98.87726538376018,10202500
2020-11-20,99.21497344970703,100.15023009000679,98.79930162950288,99.09373721191403,12718900
2020-11-23,102.07272338867188,102.33251255513682,100.08097341136914,100.49664532734641,13209200
2020-11-24,106.79227447509766,106.94815058638133,103.66609723709921,103.97784945966657,20121600
2020-11-25,105.67517852783203,105.97826917445335,104.32425644181669,105.10363710947192,11715600
2020-11-27,104.9737319946289,105.95228361680714,104.8524957443371,105.64919299107761,5983600
2020-11-30,102.08136749267578,104.54074563502374,101.98610949308848,103.91724113113608,14411800
2020-12-01,103.69207000732422,105.2854709058824,103.59681202174784,104.21165481518128,12668900
2020-12-02,105.68382263183594,105.91763348993952,103.28506289712551,103.6574332317938,10811300
2020-12-03,104.99105072021484,105.55393709743544,104.22899333077913,105.51929722425014,12904400
2020-12-04,105.94361877441406,106.76630085566177,105.38073903241501,106.06486162789808,13583700
2020-12-07,105.54525756835938,105.7963916511798,104.09907779438437,104.9130981589141,9724300
2020-12-08,105.64917755126953,105.93495150242806,104.57536808837952,104.81784055352767,9592100
2020-12-09,104.8265151977539,106.77496338650859,104.2982687158078,106.66238215164402,13073900
2020-12-10,104.15104675292969,104.5926968553428,103.53620390013651,103.90857425964562,13668400
2020-12-11,103.53620910644531,103.93455773785435,102.50570095816896,102.99930758914107,9981600
2020-12-14,102.44508361816406,105.14692767922207,102.28054587095029,105.07764793230257,12112400
2020-12-15,104.1943359375,104.69660410391089,102.72217791250716,103.30238082532017,12590200
2020-12-16,104.49744415283203,104.85249789803675,103.7960048893245,104.1770368877139,11169400
2020-12-17,103.63146209716797,105.17290004195084,103.5535273414088,105.00836891083263,11618000
2020-12-18,103.12053680419922,103.81331440015563,102.4190909819356,103.172493307004,28954800
2020-12-21,106.99144744873047,108.2471112970242,104.8611384843512,106.66237200198472,28323600
2020-12-22,105.3634262084961,106.96548243145443,105.3114696996384,106.85290779330253,11788200
2020-12-23,108.3077392578125,109.56340322021785,105.95228084483037,106.3246512058074,14973200
2020-12-24,107.83145141601562,108.72341326159263,107.00877592186683,108.32505803388091,4164900
2020-12-28,108.54154968261719,109.6759840000812,108.06526631572827,108.95722153307727,8072600
2020-12-29,108.25578308105469,109.35557092807544,108.15186346597494,109.28629118468895,8389200
2020-12-30,108.55889129638672,108.9832182313694,108.16054261766486,108.67146594247734,7398000
2020-12-31,110.0396957397461,110.26485160683666,108.09124751428732,108.32505839431512,8580200
2021-01-04,109.00055694580078,110.7238497934902,108.05663832409057,110.41209746034573,16819900
2021-01-05,109.5936279296875,110.1605680372547,107.95386228598781,109.01796382384546,13731200
2021-01-06,114.73970031738281,115.80380196088672,111.53867138773018,113.28310522053609,24909100
2021-01-07,118.50765228271484,120.53119413266289,117.67905206148995,118.3506602300065,21940400
2021-01-08,118.63848876953125,118.92632083318186,116.98127506750556,118.59487543099225,12035100
2021-01-11,120.40908813476562,120.53991484901563,116.97256447861902,117.38250592849985,15937900
2021-01-12,122.30181121826172,123.55780112847076,121.08943465667043,121.62148556838605,18033500
2021-01-13,122.41516876220703,122.79893151868006,120.45268840782914,120.88006450062824,14816800
2021-01-14,123.13037872314453,124.50847765609346,122.10989052086224,122.53727992889714,18565600
2021-01-15,120.92366790771484,123.54902550834284,119.50195577553858,119.86828381453873,27881000
2021-01-19,120.40035247802734,122.72044371308672,120.2084777414083,121.98778752588562,19843800
2021-01-20,118.59485626220703,120.51372306747076,118.13258422804095,120.20845636488346,16028800
2021-01-21,117.60054779052734,118.7605933424841,117.15572369678286,118.35065193281059,13411700
2021-01-22,116.69344329833984,117.22549408844472,115.3066269681873,115.73401639267233,12933200
2021-01-25,115.23686981201172,116.1526968590102,113.44011171902078,115.25431781251474,14212800
2021-01-26,114.76586151123047,116.15267787373529,114.55652546618491,115.78634977659756,11307800
2021-01-27,111.52120971679688,113.25691923409184,111.07637900414969,113.03013522453246,17603900
2021-01-28,113.48372650146484,115.28048461718605,112.50685140373488,113.30055576617796,13761800
2021-01-29,112.22772216796875,114.88797630626985,111.80906336701551,114.42570416358906,14808100
2021-02-01,113.05628967285156,113.44879632576763,112.06196699056443,112.86440167197865,11080700
2021-02-02,116.53644561767578,117.21677107916928,114.45185589665407,115.0798506778668,12253600
2021-02-03,117.87092590332031,118.41169398714808,116.449213711284,116.5713230627587,10600800
2021-02-04,120.58350372314453,120.94111441476456,118.158751512268,118.158751512268,12419500
2021-02-05,120.3480224609375,121.6650734452593,119.82470231386276,121.57784676628552,10051300
2021-02-08,122.23200225830078,122.37155961575382,120.5224579018064,120.53990589871857,10136400
2021-02-09,121.74356079101562,122.09244086419132,120.83645130648415,121.61272078188348,8614800
2021-02-10,121.81336975097656,122.86874088550375,121.27258820151448,122.10991921779205,10323200
2021-02-11,121.47318267822266,122.58961493768642,120.5573558051988,121.81334542432612,9201000
2021-02-12,123.20014953613281,123.51414690978528,121.23766927803513,121.2812826122215,8324600
2021-02-16,126.1656723022461,126.75006703524645,124.20319200734058,125.20624547675615,12130600
2021-02-17,126.55819702148438,126.8024157615632,124.83120453374012,125.55514340930345,10810100
2021-02-18,126.98552703857422,127.15996703113868,125.07537784403537,125.59871113064706,10587800
2021-02-19,129.1050567626953,129.82026497169787,127.22107225144676,127.22107225144676,11969800
2021-02-22,130.3174285888672,130.99775408735456,128.03222005727807,128.101998737754,11488400
2021-02-23,131.3640899658203,132.84685041429984,130.47442837316328,132.14907687709675,16234400
2021-02-24,133.67543029785156,134.11153702853494,130.9279632181149,130.9279632181149,15061400
2021-02-25,131.86123657226562,135.1058720053697,131.346633777872,134.55638652530632,18127700
2021-02-26,128.36366271972656,131.59085009648362,127.78799859979135,131.09369530848298,19829200
2021-03-01,131.26812744140625,132.035679555068,129.5062525027379,130.4133619659602,14845500
2021-03-02,130.84071350097656,132.38453478215135,130.69243883573318,130.90177482079855,14221700
2021-03-03,133.37017822265625,135.1756533653807,131.54725508228984,131.90485252595272,14324100
2021-03-04,131.32049560546875,134.6523584054645,129.6283988585746,133.10853639395768,20093900
2021-03-05,131.62570190429688,133.876013637688,129.06139287534145,133.64051233878536,18465100
2021-03-08,133.37017822265625,135.5943254552518,131.4861937450043,132.98640212806907,17133300
2021-03-09,132.4281768798828,134.538931946083,130.67503254168378,132.1403448287298,16238800
2021-03-10,135.30645751953125,136.20483618058643,132.14903622938596,132.49792954513308,14342200
2021-03-11,134.5999755859375,136.1961143641845,133.7626448827489,134.41680491967375,11771500
2021-03-12,136.19613647460938,137.48702207279578,135.254157580364,136.81541393269143,12849500
2021-03-15,135.5157928466797,136.8677262899118,134.28598205704517,136.37057156834047,12101100
2021-03-16,133.8934783935547,134.844201143807,132.7421635905019,134.39936377830782,12805600
2021-03-17,135.27159118652344,136.83286083528608,133.49228146738594,135.4896445658204,13952400
2021-03-18,137.5044403076172,141.02818997659742,137.03345091685122,137.46084028376376,21898500
2021-03-19,135.31520080566406,136.01297426202373,131.8699601692327,135.6379155393002,54418800
2021-03-22,131.67807006835938,134.29471050692953,131.3640726833741,133.27422233295775,19944800
2021-03-23,130.36106872558594,132.68114711095865,129.9249618646544,131.11989040475078,17076300
2021-03-24,131.372802734375,133.60566732850776,130.70992521703022,130.83203458361803,13079800
2021-03-25,133.05616760253906,133.4224956631225,130.24763916247807,130.8320205907127,15608300
2021-03-26,135.27159118652344,135.58558858506797,133.056174708792,134.58254836387076,16754400
2021-03-29,133.16957092285156,134.08539789808074,131.73914109897154,132.68113341844236,17570300
2021-03-30,134.73953247070312,135.95190865581202,134.21621237657428,134.7220977838104,13184300
2021-03-31,132.7770538330078,134.7482648080813,132.6811098182129,133.69288064533723,16736700
2021-04-01,134.0679168701172,134.13768222469943,132.18393288233494,132.48919956261977,16561500
2021-04-05,134.77853393554688,135.93664262970918,133.88364636711418,135.46286602307853,13508000
2021-04-06,133.83108520507812,135.3576804172343,133.23449308670425,134.0504229051822,13071600
2021-04-07,135.92791748046875,136.19112532911663,133.9275592504365,134.32237771706198,16903500
2021-04-08,136.09463500976562,136.43680124402923,133.6292817081088,135.11200651902075,12335500
2021-04-09,137.11233520507812,137.77911676630956,135.96300819090658,136.69997939868443,12122400
2021-04-12,136.82281494140625,137.96337332841895,136.48943083736765,136.49819952339524,12273400
2021-04-13,135.1909637451172,136.16482354028545,133.73455839607112,135.77001840977053,16113600
2021-04-14,132.66419982910156,134.9628542854535,132.41852932679228,132.89230618237104,19939600
2021-04-15,133.50643920898438,133.53275865600241,131.0059980311169,132.6992782633799,17694100
2021-04-16,134.49786376953125,135.55945061002498,133.96267931188518,134.99794670260198,13773400
2021-04-19,133.92755126953125,135.00670204594894,133.5502969725526,134.6031149170981,11900200
2021-04-20,130.96212768554688,133.1379534230256,130.41816121069638,133.12918473646477,13716700
2021-04-21,132.0763397216797,132.13776068321081,128.78627531324767,129.66362582216289,12236700
2021-04-22,129.295166015625,131.86581048111555,129.19865690489377,131.80438950732793,15256100
2021-04-23,131.76930236816406,132.5940141593287,128.698574950948,129.1284682214804,14041900
2021-04-26,132.0939178466797,133.7608921913555,131.93600114826583,132.28693606961383,10799100
2021-04-27,132.6992645263672,132.9800231152391,131.69908548129706,132.04125164441825,12821200
2021-04-28,133.55905151367188,134.13810600740416,132.83084905409433,133.73451892129543,8943700
2021-04-29,136.1560516357422,136.2350099825177,134.4101189956228,134.70841500831395,12976900
2021-04-30,134.94529724121094,135.54190262651443,134.2434140650396,135.19973641888575,11705100
2021-05-03,134.55047607421875,136.41045488979879,134.3486892033772,135.85773316642363,11801100
2021-05-04,136.41046142578125,136.55084072844346,133.4801137660702,134.12057592691917,12977700
2021-05-05,138.20030212402344,138.8670839143264,135.66475884091875,136.86672515610664,10506700
2021-05-06,140.9814910888672,141.09555096782216,137.88444407980623,138.6828364578715,13542400
2021-05-07,141.46400451660156,141.6921108353581,137.76158420273646,137.93705163157279,14257800
2021-05-10,141.44647216796875,143.64861746920158,141.35873174847708,141.69212927777525,14014300
2021-05-11,139.09515380859375,142.4729588660598,138.65647852254918,141.3236317585922,15451700
2021-05-12,138.13880920410156,141.06038746072474,137.77032366551447,140.0338891630956,14381700
2021-05-13,141.69210815429688,142.5255884659785,138.34062276152034,138.77929801896397,15395000
2021-05-14,143.89425659179688,144.28029296961097,142.12201814791476,142.4729530073966,10584000
2021-05-17,144.47329711914062,144.63122716167513,143.0344429153967,143.3327388556997,9886800
2021-05-18,142.43788146972656,145.20153062519208,142.34137236403018,144.48209667594477,11098100
2021-05-19,141.34994506835938,141.41135264433993,139.1828881783929,141.253435974127,13278900
2021-05-20,141.10427856445312,142.00794848312677,139.95495158365298,141.10427856445312,10426000
2021-05-21,142.70985412597656,143.20116832798425,141.20080999849125,141.5517448892659,10249000
2021-05-24,143.48194885253906,144.08732306722894,142.23611228037512,143.32403212904322,9440300
2021-05-25,141.99917602539062,145.37696723354674,141.74473689739398,143.75387692956693,12609100
2021-05-26,141.98167419433594,143.6574173482334,141.52544805359048,143.50826932645913,13058300
2021-05-27,144.1925506591797,144.54348548145074,142.63086794165437,143.84160244960327,15707500
2021-05-28,144.09603881835938,144.7101814392377,143.23622576182467,144.4820617605507,10291300
2021-06-01,145.68406677246094,146.43858880823447,145.1839705149716,145.52613670635102,9445400
2021-06-02,145.69285583496094,146.90360409100737,145.22786103260006,146.7456740028099,10498600
2021-06-03,145.7893524169922,146.73689270280568,144.46455778661007,145.12257075837152,13354400
2021-06-04,146.02622985839844,146.22801673945722,144.789162351524,145.82444297733966,8510800
2021-06-07,145.34190368652344,146.60529069316695,144.88567762583378,146.51755027819704,7267200
2021-06-08,144.7628631591797,145.42964486096648,143.14854111023755,144.3154191288462,10370700
2021-06-09,142.9555206298828,144.0785284189971,142.37646597344016,144.00833875876384,12377400
2021-06-10,140.72703552246094,144.9734227407462,140.64807717881288,144.20134990336555,12119400
2021-06-11,140.63050842285156,141.42890060595343,139.5513710358222,140.75333695968982,13683800
2021-06-14,138.244140625,140.66562346432084,137.44574836513888,140.50769339474135,19917900
2021-06-15,136.1472625732422,137.67385746909093,135.22605513352613,137.48083926200746,24485500
2021-06-16,137.1035919189453,138.28800728215856,134.33116060962737,135.75246440040678,25321200
2021-06-17,133.14675903320312,138.1476695451083,132.6993149229776,137.8318227063281,29722400
2021-06-18,129.77767944335938,131.33936220328832,129.46183273981725,130.98842737148848,43595700
2021-06-21,131.97982788085938,132.6553915070968,130.74277386341154,130.7954127508809,18664800
2021-06-22,131.78683471679688,132.4536163290822,130.42693865886216,132.12900090284302,14251200
2021-06-23,132.585205078125,133.39236594261897,131.68153512182707,131.77804421363103,12733300
2021-06-24,133.8047332763672,134.33991767021917,132.67295690893988,133.2870996427108,13733200
2021-06-25,135.15585327148438,135.5506583367514,133.06775470378264,133.87491559355055,15484900
2021-06-28,135.4015350341797,135.53313228415558,133.46258409824284,134.8487998096624,14125800
2021-06-29,135.2348175048828,137.1386666519262,134.76982276970807,135.98933953716195,14528700
2021-06-30,136.4630889892578,136.9368657495864,134.8575493773277,134.89263750642692,12531000
2021-07-01,137.81423950195312,137.86687839814098,136.3578342333174,137.0948055545638,10479400
2021-07-02,137.68191528320312,137.93782076436523,136.87892196080253,137.6113211320018,11424000
2021-07-06,135.36996459960938,137.46126339014685,134.43461600070995,137.46126339014685,15083400
2021-07-07,135.52880859375,136.13767122178757,133.72870529144512,134.13460473383392,12271800
2021-07-08,133.1904296875,134.5934526901491,132.3962558159308,133.78164038425552,17834600
2021-07-09,137.45245361328125,137.78775890144348,134.63757494231,135.0523070422969,13694500
2021-07-12,139.4202117919922,140.44380645180723,135.83764394709274,136.1994338040977,19940400
2021-07-13,137.34654235839844,138.88193424752143,135.44937410042743,137.69951297544227,22671700
2021-07-14,136.87887573242188,138.784876777768,134.96405547032572,137.61127465626654,14622800
2021-07-15,137.1789093017578,138.12307717875615,135.62586537031598,135.80234396312886,11539300
2021-07-16,134.04635620117188,137.90246776693053,133.26101506281606,137.6201047273012,14002700
2021-07-19,129.68728637695312,132.20215032641758,128.57545901705512,131.08149028413274,22172900
2021-07-20,132.10508728027344,133.3492702522294,129.1225489059008,129.29020830059582,15385200
2021-07-21,134.88465881347656,135.58175402765613,133.5610490567557,134.16991169916005,12356700
2021-07-22,133.1815948486328,135.39644358575345,132.33449222335798,134.9022981436009,9913300
2021-07-23,132.92567443847656,134.86696545874045,132.58153654608637,133.66689244293994,9666100
2021-07-26,133.81690979003906,134.09046705273036,132.51095223822455,132.5286041342421,8208000
2021-07-27,133.64047241210938,134.55818278554364,132.1845069565364,132.71394282017397,11218700
2021-07-28,133.8610382080078,134.8052194485583,133.137472015464,134.38165471372804,9217300
2021-07-29,135.0081787109375,135.77586796753158,134.0463589698904,135.13171506791187,9063500
2021-07-30,133.93161010742188,135.59935726378953,133.41981290276277,134.6375377505534,9805200
2021-08-02,133.3933563232422,136.2876478573174,133.30512377352179,134.15222626598455,10203200
2021-08-03,134.91110229492188,135.29054401563636,131.93739729261122,134.08163819631307,10394800
2021-08-04,133.45513916015625,135.3346555008019,133.1639434534191,133.4639583763172,10155000
2021-08-05,135.14056396484375,135.61707106386396,134.13462099013623,134.37287453964635,9151500
2021-08-06,138.97901916503906,139.2613956986616,136.8700682381922,136.94066237159782,13328800
2021-08-09,138.82901000976562,139.9055469684494,137.56716177006567,138.99666939152928,9516900
2021-08-10,140.5320281982422,141.1673618372012,137.92893220041265,138.3083739263378,8667000
2021-08-11,142.20864868164062,142.50866368951753,140.37324136637528,141.18505381004834,9156500
2021-08-12,142.76449584960938,143.27629307093648,141.67032075834828,142.8439226420802,8844200
2021-08-13,141.16738891601562,143.09104209865234,140.8056124819098,142.76454253593573,8980900
2021-08-16,140.24085998535156,140.32910602201642,138.3436913771498,140.2496926676909,8755800
2021-08-17,138.54661560058594,140.17907272720126,137.01123717510467,139.0407744647082,9347200
2021-08-18,137.2847900390625,139.42903113923518,137.07300765476205,137.92894294435325,8065500
2021-08-19,136.13768005371094,137.26715934891328,135.01701997671375,135.1493890365227,9517700
2021-08-20,136.52590942382812,136.6847361014185,135.14935769356958,136.19942338803534,6974100
2021-08-23,138.2730712890625,138.61720922433867,136.98476556806037,137.06417890748125,7934600
2021-08-24,139.1290283203125,139.9055503326464,138.42310044223206,138.53781759345077,7670900
2021-08-25,141.99684143066406,142.7557115008101,139.24373767127554,139.87023869794103,11335000
2021-08-26,142.72923278808594,144.56463968480463,142.1997835712516,143.1792551972781,11027500
2021-08-27,143.8763885498047,143.97345380745224,142.29687330849004,142.72925735882112,8780200
2021-08-30,141.5732879638672,144.264630233666,141.079142523731,144.01755751359792,7937600
2021-08-31,141.1409149169922,142.39393051292402,140.61147910341145,141.5732989428694,12340800
2021-09-01,140.93795776367188,141.8556545374964,140.27615293325061,141.37916098395274,8729900
2021-09-02,141.59091186523438,142.60567366025933,140.68202104643586,141.20265096348373,8813300
2021-09-03,140.73501586914062,141.9703795687605,140.43498742970053,141.52917632397418,7959700
2021-09-07,140.4879150390625,142.40273512283778,140.26731346077798,141.176190886154,9285600
2021-09-08,139.8614044189453,140.81440487866988,139.45549157955347,140.20554235180816,7852700
2021-09-09,140.4702911376953,141.9174372410717,139.4908193963308,139.6584787835529,7904300
2021-09-10,138.85545349121094,141.8203391462153,138.73191714993789,141.6791509092029,8311600
2021-09-13,141.0614776611328,141.22913701958183,139.481976241257,139.887875616442,10052800
2021-09-14,138.59957885742188,142.3674444678126,137.88481836768284,141.58210331522693,11685600
2021-09-15,139.56141662597656,140.02909099835918,138.07014747219037,138.2907490993314,11691500
2021-09-16,139.4996337890625,141.9350842317079,138.73194447881332,140.66441677718925,10880900
2021-09-17,139.13784790039062,140.31145013956012,138.53781795435447,138.87313672681844,25581600
2021-09-20,134.97293090820312,136.38477350927604,132.79338534418665,135.79356265286674,15819900
2021-09-21,134.99050903320312,136.3758933566516,134.63755190675133,135.47583518041282,8999900
2021-09-22,137.5759735107422,138.75839475605022,136.8612265410329,136.94945909495695,11236200
2021-09-23,142.22622680664062,142.6939144863587,139.12898584929988,139.42018151503368,12336100
2021-09-24,143.86752319335938,144.3528493713746,141.90859351342442,142.45568113348585,10102400
2021-09-27,147.34417724609375,147.71478621861456,145.25287894956577,145.5970168143672,13220900
2021-09-28,146.5500946044922,149.39144502789028,146.1794854359346,147.97958903527953,13387900
2021-09-29,146.43531799316406,147.27360125780172,145.63232505501117,146.6647522408941,7777100
2021-09-30,144.4410858154297,147.35302922602833,143.6469120864748,147.2912543236252,13161200
2021-10-01,147.4766082763672,148.50902230499477,144.36171428976408,144.7146715174392,11285000
2021-10-04,147.31776428222656,150.39736785206077,146.24122726191567,147.33541618248955,14120000
2021-10-05,149.72348022460938,151.03730748793987,147.9569052119613,148.43628358822832,12292900
2021-10-06,150.0430145263672,150.11403402462565,147.36208603584308,149.12866049786382,8692600
2021-10-07,150.99293518066406,152.25350132856548,150.50468439031033,151.97830912279974,10195400
2021-10-08,151.1083221435547,152.1025683058946,150.2916180036915,150.93078012107802,8190100
2021-10-11,147.93026733398438,152.0581768558747,147.77048358011973,151.6232009399624,12154700
2021-10-12,146.7939910888672,147.97466523143729,146.27023735853876,147.14020278889987,13032600
2021-10-13,142.92347717285156,146.83834088548312,142.5683932068052,145.64879469908428,22753500
2021-10-14,145.11618041992188,145.59554521193775,142.08903964199308,143.5892947185567,15176800
2021-10-15,147.90362548828125,148.40074852337628,145.71094717266894,146.78509865931744,14267400
2021-10-18,147.85035705566406,149.67906536542753,147.28221453665418,147.78820990650408,12672900
2021-10-19,149.64356994628906,149.71457591236566,147.87699515082716,148.60492144060018,8053900
2021-10-20,151.6587371826172,151.68536781410108,148.6582398221753,149.40392459490587,8185600
2021-10-21,150.4691925048828,152.0937287750967,149.74125244633836,151.58771967894884,8415200
2021-10-22,152.4931640625,152.76835622047847,150.64669728681417,150.93964771015538,8817900
2021-10-25,151.74749755859375,153.54070329759966,151.33913868008358,153.31877236365895,10159200
2021-10-26,152.15582275390625,153.12345179247123,151.39237990036722,151.8007387248317,8015100
2021-10-27,148.98663330078125,151.53439535425414,148.55164391909196,151.19706964279123,9847000
2021-10-28,151.23260498046875,151.3657581127488,149.10207359045828,149.40389638735192,7212900
2021-10-29,150.81533813476562,152.9014936847907,150.3714764045973,151.96049543854247,8140100
2021-11-01,150.73550415039062,152.98144428374235,150.03419476192366,152.72399679586806,7435500
2021-11-02,151.33026123046875,152.41328523532852,149.95428677718738,150.73548797297835,7173800
2021-11-03,151.38351440429688,151.91615401764597,150.15845142094682,151.02843035912286,8402700
2021-11-04,149.39501953125,151.090575094797,147.7971276647421,150.91303305913934,9574200
2021-11-05,149.1819610595703,150.9929113329834,148.61381846932426,149.9365180294975,7975600
2021-11-08,150.0785675048828,151.72973413916023,149.79450296279046,150.06969514423858,6413700
2021-11-09,148.9423065185547,149.55483814255157,147.8947988770923,148.56059176481224,7990300
2021-11-10,148.80023193359375,149.9809059981329,148.3297394888901,148.6493205405367,6999200
2021-11-11,148.7913818359375,149.74123922743578,148.16109199831212,148.7114899474693,5815300
2021-11-12,148.1255645751953,148.90676569960334,147.11356018475198,148.8268602787252,8113400
2021-11-15,147.85923767089844,148.95113388414381,147.3621146322042,148.4362661266297,6492500
2021-11-16,146.7939910888672,148.31200457091123,146.58093252515914,148.30311866476382,9706100
2021-11-17,146.00392150878906,146.97153711395157,145.04517826442645,146.6608419388863,9909600
2021-11-18,144.74337768554688,146.34128333828713,144.30838811892588,145.93292440374586,8122500
2021-11-19,142.85250854492188,143.90890200666547,141.54755350930802,143.1898479147129,12193600
2021-11-22,145.89739990234375,147.34438036587372,144.6900950922002,145.7287302269754,14549900
2021-11-23,149.38612365722656,149.6346851771418,146.80284477640728,146.91825317693468,12354400
2021-11-24,148.21438598632812,150.41593743113523,147.75276577278112,149.5459718155052,9629800
2021-11-26,143.7490692138672,144.38823125913544,140.9882619528493,143.9354971210648,13619300
2021-11-29,143.12765502929688,146.27907613956958,141.87597519841248,144.97412152079633,12104400
2021-11-30,140.9971466064453,142.5950518589473,140.51776825790085,141.2900970315363,18922600
2021-12-01,140.1626739501953,144.93863109222534,140.08278207982204,142.92349479520567,12253400
2021-12-02,143.10995483398438,144.92090536361414,140.97053729865502,141.88489169754703,12969900
2021-12-03,140.51773071289062,143.6602791274166,139.54124310241656,143.36732878059917,12681800
2021-12-06,142.1778106689453,144.35273071316283,141.55640687710985,142.93236757846455,11186500
2021-12-07,144.31724548339844,145.0451718589263,143.06555184084783,143.7047139755295,9851600
2021-12-08,142.66607666015625,144.9386470831941,142.1866982938537,144.39713510383055,11705700
2021-12-09,142.4441375732422,142.86135521137777,140.83734644784752,141.72507006503054,11189600
2021-12-10,141.8760223388672,143.54493384976266,141.26349075768516,143.20760802123158,10405400
2021-12-13,140.18931579589844,141.84935467039065,139.62117320734154,141.59192077449563,12069000
2021-12-14,141.26348876953125,142.82587773843719,139.63895263443976,139.77210578256617,12563600
2021-12-15,140.20706176757812,141.90261702457528,139.68330811612452,141.90261702457528,14014200
2021-12-16,142.39976501464844,143.65145870937027,140.88175149511085,142.38200674750365,19542800
2021-12-17,139.15957641601562,141.48542195634934,137.75697120262674,141.43216069625447,28082000
2021-12-20,136.6562042236328,137.33086943662408,134.79197882151786,137.1621997469787,15148000
2021-12-21,138.5647735595703,139.5323890332335,137.67704995901607,137.96112801307527,11291300
2021-12-22,139.1062774658203,139.4258584853909,137.81020866937416,138.26294280310483,7273000
2021-12-23,139.6034393310547,141.25460613401202,139.5590639777114,139.9141480779987,8055200
2021-12-27,140.40237426757812,140.4378772531484,138.78671073958142,139.9052511960677,6188100
2021-12-28,140.8284912109375,142.16894915945403,140.33136809216552,140.43789060459122,6342300
2021-12-29,140.7574462890625,141.7073170054263,140.3934763764977,141.01489370842265,6398900
2021-12-30,140.6864776611328,142.24888036967826,140.58882749184872,141.24574804390454,6948200
2021-12-31,140.57106018066406,141.40550912113557,140.22484846257387,140.65982442764732,5805900
2022-01-03,143.54490661621094,144.37936898613825,141.60078972150527,141.9114984066782,13120900
2022-01-04,148.98663330078125,149.6524259109015,145.79082335396987,145.86184285785293,20195800
2022-01-05,146.2628631591797,150.35300961220935,146.21820819782113,149.87077145916754,17539400
2022-01-06,147.8167724609375,149.4688970905359,146.3432404311652,149.0581041320163,14047500
2022-01-07,149.28135681152344,149.6117789932496,147.40595747210386,147.95071528960912,13913300
2022-01-10,149.42425537109375,151.20140571744204,147.82569762411396,150.9870836967746,12922500
2022-01-11,149.57611083984375,150.4959460928392,148.5223106617765,150.2637456734288,11854100
2022-01-12,150.42449951171875,151.45149579415093,149.2992541090422,150.44236422692546,12568000
2022-01-13,150.23692321777344,151.6479356400798,149.9332912555357,150.33515869106003,13623400
2022-01-14,141.00283813476562,143.80699816639134,140.11871890717197,143.5658722630873,40158400
2022-01-18,135.09088134765625,139.11850821083917,134.43894887756184,139.11850821083917,32324800
2022-01-19,133.00115966796875,135.94821032516654,132.66181189960528,135.3588110951531,22380000
2022-01-20,131.86697387695312,134.50145282089997,131.59905776149859,133.0547248749371,14860800
2022-01-21,129.56295776367188,131.73305036392497,128.8395935635875,131.72412482042682,20705400
2022-01-24,129.44683837890625,129.92015102305317,124.64226671968898,127.06241044703916,28471400
2022-01-25,130.85789489746094,131.1436758648252,125.73181121635305,128.28592069832854,18915900
2022-01-26,132.09918212890625,134.4657589703007,130.34882199234275,132.81362067775706,20709100
2022-01-27,129.76832580566406,134.29606906724538,128.71453957917038,133.43874014209345,17536800
2022-01-28,130.92929077148438,131.06324203268753,126.96416991849439,128.7681241211247,14117000
2022-01-31,132.7064666748047,132.8761337453502,129.19679342056898,130.063047992457,13985700
2022-02-01,134.9837188720703,135.26949975485968,132.4385493152921,132.7868362494526,14584900
2022-02-02,133.9031219482422,134.7961666312351,132.2331327516152,134.40322479043334,12441100
2022-02-03,132.7957763671875,135.43025614568413,132.42962468096954,133.95673748407293,12474900
2022-02-04,136.24288940429688,137.0823535542297,132.858256182031,133.15296255126995,16654400
2022-02-07,136.6983642578125,137.18952796110642,134.71580385407722,136.87697047962678,12572300
2022-02-08,139.27035522460938,141.52975782547924,138.2433589975901,138.42196525966506,20411400
2022-02-09,139.85079956054688,140.59201463865574,139.1542258141269,139.841860392785,9131100
2022-02-10,139.27035522460938,142.02093526627363,138.6184362359828,139.90442312577747,16455600
2022-02-11,137.45745849609375,141.27076373285513,136.60906863358164,138.96670643795582,16830000
2022-02-14,136.1803741455078,137.24308575885635,134.2424690245372,136.39469612551403,17026500
2022-02-15,138.171875,139.26139060778738,137.3949304832328,137.9843296200318,9500000
2022-02-16,138.4219512939453,139.40430607642196,137.29671969229446,137.29671969229446,9076500
2022-02-17,135.23373413085938,137.2877393890352,134.55502515608967,136.63582066150778,11367500
2022-02-18,135.86785888671875,137.65394879643074,134.96588838795665,135.85893334281263,11733300
2022-02-22,135.62669372558594,136.8501742262607,134.32285609941718,134.492536772073,11333500
2022-02-23,132.78683471679688,136.90377182783305,132.14384136472486,136.74301667642388,11799000
2022-02-24,129.08961486816406,129.4825567187557,124.82978780865857,127.65181234765235,25655100
2022-02-25,132.1438446044922,134.07282470800104,129.41112960457934,129.71476157639572,18367700
2022-02-28,126.63375091552734,129.54507195558378,125.8121513636117,128.19657926061055,31315300
2022-03-01,121.85596466064453,125.4549342452222,119.29293035212139,125.06199233866478,36840400
2022-03-02,124.3832778930664,125.06198703127347,121.99884992686464,122.60611384629483,19405600
2022-03-03,123.49916076660156,125.90145348554331,122.40071946591193,124.88338294731777,16640800
2022-03-04,120.02522277832031,120.93613234377204,118.23913307253112,120.5074746298819,21016000
2022-03-07,115.39034271240234,118.49813528862029,115.15814230682167,118.03374810424333,27560100
2022-03-08,114.57766723632812,117.69438532066783,113.65782523524322,115.77434417201607,19207800
2022-03-09,119.16790008544922,120.7753834480156,118.27485528699926,118.6856482632882,17536200
2022-03-10,117.75690460205078,119.17684276534469,116.38162141045717,117.75690460205078,15604200
2022-03-11,115.10455322265625,119.73945829730503,114.68482104188722,118.3195202185928,20061800
2022-03-14,116.24765014648438,118.70352356124714,115.4081857807892,115.61359591403524,15786900
2022-03-15,118.3105697631836,119.26613422771946,117.10496747479614,117.70330584786821,15096600
2022-03-16,123.59740447998047,123.67778887458549,120.05201525815532,120.44495718099488,20354900
2022-03-17,125.16020202636719,125.19593144330103,121.3826269790183,122.2220911288247,17050500
2022-03-18,125.1155776977539,125.78536127509352,123.65098482037587,125.19594845660704,23656500
2022-03-21,124.71369934082031,125.70497960174266,123.89209977010354,125.33884159458447,12676100
2022-03-22,127.36608123779297,128.53596807821856,126.56234613992707,127.05352364497227,13548600
2022-03-23,124.82978820800781,126.44619694938301,124.3118206420964,125.90143913237107,12093200
2022-03-24,125.64248657226562,125.66035128539696,124.23147402412725,125.29419961351387,10017600
2022-03-25,126.74095153808594,127.86618339257797,125.74074544520413,125.99972251325887,8383500
2022-03-28,125.80323791503906,125.89254786087292,123.15089331983091,125.0262931680657,10818100
2022-03-29,126.08006286621094,128.2412433516535,125.24061217045993,128.0179821436087,11316500
2022-03-30,125.5085220336914,126.9195345859865,124.94591302284023,126.72306362131354,8771000
2022-03-31,121.73986053466797,125.33882960000575,121.68626640595654,124.87444253863872,17353900
2022-04-01,120.83789825439453,122.71329791775158,119.4894054166593,122.70435874797869,15721300
2022-04-04,121.37372589111328,122.29356097416841,118.6767266940052,119.77516801737328,17416400
2022-04-05,119.96125030517578,121.81455681141192,119.66435939964433,120.61801521489215,12110300
2022-04-06,118.296875,119.25950875410467,117.82005397387346,118.37784150003151,12914700
2022-04-07,117.93700408935547,118.68372719621222,115.813795534856,117.81105162119827,12994200
2022-04-08,120.09619140625,120.46504333323581,118.29686282037471,118.45879580376541,13126900
2022-04-11,119.65535736083984,121.36471411773648,119.26850828352293,119.65535736083984,10466400
2022-04-12,118.34185791015625,121.07684557650222,117.58614305279367,118.88166208129542,12989900
2022-04-13,114.52728271484375,116.28162557761347,113.36671479643655,114.20340297650245,30838000
2022-04-14,113.4656753540039,115.42694399903974,112.47603903374693,113.80754535125067,18835200
2022-04-18,115.57087707519531,116.2726141009586,112.94385221499529,113.0608060979913,11834400
2022-04-19,117.9639892578125,118.14393311626505,115.36395974552582,115.5618870075924,15015400
2022-04-20,118.3778305053711,120.11417601890581,118.16190613088588,119.22351714570341,13430200
2022-04-21,117.46015930175781,119.48440381287116,116.92036900213293,118.95360521351468,12174200
2022-04-22,114.08644104003906,117.42420202394086,113.9784857042953,117.20827762466395,14318800
2022-04-25,114.05045318603516,114.36534121775318,110.75768504496217,113.36671318273149,17149000
2022-04-26,110.67671203613281,113.7265806825748,110.5417678665557,112.1341708426179,17209500
2022-04-27,109.23723602294922,111.16251704700858,109.05730591120104,110.05593381835912,17215200
2022-04-28,110.96460723876953,111.24350787885761,108.98534824301431,110.48778619022181,13015600
2022-04-29,107.38395690917969,111.20753109257689,106.97011205652652,110.70372116132876,14874800
2022-05-02,108.36456298828125,108.59847762989591,106.35831542827223,107.85175460805671,18545000
2022-05-03,110.6856918334961,111.71130853174022,108.66144726634688,109.33619545539662,15720900
2022-05-04,114.34732818603516,114.61723021457962,110.42479139084634,110.47877591489146,17128500
2022-05-05,111.48641204833984,113.44768073684472,109.90300762862368,112.68296736106554,15055400
2022-05-06,111.3064956665039,111.81930416905705,109.02134695887723,111.37847047553835,14417900
2022-05-09,109.63309478759766,110.95560243867295,108.40955076101739,109.8580108680147,14312300
2022-05-10,106.96109008789062,111.36044804845142,105.76453489907055,110.75767460345868,16382400
2022-05-11,106.28636169433594,110.55976799750485,106.10643154291851,107.32997579146377,14630300
2022-05-12,106.19638061523438,106.44828553481575,103.79427844993359,105.26072886829334,16318800
2022-05-13,107.14103698730469,108.18465105304739,106.12441862096851,107.42893620314689,10443200
2022-05-16,106.3943099975586,107.47390449274835,105.46765679747341,106.64621492217657,10269000
2022-05-17,109.92098999023438,110.63172564673346,108.6884473660938,108.8953731856393,11160200
2022-05-18,108.04069519042969,109.73206866611008,107.5368853196626,109.12929516160023,12664900
2022-05-19,106.43929290771484,107.64484677226233,105.82752084150299,106.33133757266812,12765800
2022-05-20,105.56661224365234,107.66283184057187,103.4793912121837,107.47390314946973,13150100
2022-05-23,112.09819793701172,113.87053814149735,108.36458880230938,108.3735873694096,24376700
2022-05-24,113.68159484863281,114.69821315602941,110.7576855302295,111.88226603730769,19324900
2022-05-25,114.47331237792969,115.03110685510855,112.61100708347712,113.6096352565498,12780400
2022-05-26,116.45255279541016,117.12730104130958,115.34596951591577,115.48990537525528,15990900
2022-05-27,118.09894561767578,118.09894561767578,116.18265611791662,117.10031761850692,11177800
2022-05-31,118.96261596679688,119.79030554101354,116.69547163525124,117.11830126017365,17015000
2022-06-01,116.87540435791016,119.53840326835602,115.75981557079469,119.53840326835602,10768000
2022-06-02,118.75570678710938,118.76469848955854,115.75982253673612,116.8664059607439,8374800
2022-06-03,117.1003189086914,118.54877910852959,116.94737761153944,118.04496925254918,8596000
2022-06-06,116.71344757080078,119.10655793987664,116.47054809011271,117.93699158652628,11323500
2022-06-07,117.01934051513672,117.24425658710912,115.71481631546675,115.9037518561501,6722200
2022-06-08,115.15704345703125,116.46155409438506,114.16741398760132,116.0567078590393,8422100
2022-06-09,112.73695373535156,115.24702532084513,112.70096633250233,114.59026723066327,13560100
2022-06-10,107.55489349365234,111.01860043856597,107.34796763897491,110.28986752765447,12945200
2022-06-13,104.35205841064453,106.11539958414745,103.51537035171722,105.13476880896162,16805600
2022-06-14,102.61570739746094,105.54861492408676,101.85999268354783,103.95621214040193,13357900
2022-06-15,103.83027648925781,105.21575368895456,101.8150231982726,104.01920519830738,14083500
2022-06-16,102.04893493652344,102.79565804880956,100.64546064462745,102.43579090978898,16724900
2022-06-17,101.68907928466797,103.1285411394623,100.90637554756806,102.14791011034775,30919900
2022-06-21,104.20812225341797,105.28771671693652,103.49738660044214,104.24410965072114,11680500
2022-06-22,103.62335205078125,104.54100677343308,102.91261630869728,103.35344996911567,9842700
2022-06-23,102.48976135253906,103.62334035817103,100.29458500067808,103.47039906563577,11851500
2022-06-24,105.54863739013672,105.99846963384918,101.50914576348947,101.86901293123852,14841100
2022-06-27,104.70293426513672,106.61022515236665,104.03718457004187,106.21437064311846,11280500
2022-06-28,104.1991195678711,107.32095580556243,104.00119232247715,105.86349715993853,11590900
2022-06-29,103.73130798339844,105.09879485020168,103.21849955036039,104.36107031734178,9338400
2022-06-30,101.31122589111328,102.63373388262089,99.7997891670897,101.81503584448919,15172600
2022-07-01,102.60672760009766,102.93959903531713,100.006698032334,101.34719606689474,10573600
2022-07-05,102.21643829345703,102.29812098653362,99.2031321696424,100.5373312954929,12514200
2022-07-06,101.55389404296875,102.55227753655787,100.55551054937963,101.40867802507393,10656200
2022-07-07,104.1224594116211,104.28583174661338,102.92439792988112,103.01515879940784,10347400
2022-07-08,103.79570770263672,104.96654153657856,103.11499084043402,104.52180845883026,8807800
2022-07-11,102.43428039550781,103.67772576789007,101.85340252400628,103.0605421638434,7939500
2022-07-12,102.53411102294922,104.53995584050604,101.88969990347611,102.18013881541624,11250900
2022-07-13,101.5720443725586,102.08938895660343,100.18337603417554,101.42682143863202,12979900
2022-07-14,98.02323913574219,98.23199537702668,96.26244910576173,98.01416097100527,26204800
2022-07-15,102.51595306396484,103.36004222032456,97.72370763093286,99.07607006855429,18863900
2022-07-18,101.4631118774414,105.13897854956785,101.00930066424485,104.16782283031158,13977900
2022-07-19,103.97722625732422,104.32212722206869,102.26182037087447,102.67932586933533,11862300
2022-07-20,103.9590835571289,104.140605290037,102.99700590841762,103.55972743519882,11667500
2022-07-21,104.66703033447266,104.85763023564225,102.89716916317614,103.86832499748431,11595900
2022-07-22,104.15873718261719,105.51109247196965,103.16942527391149,104.59439200923674,7645500
2022-07-25,104.57626342773438,105.70171336591828,104.16782915628804,105.13898493452133,9394000
2022-07-26,102.94254302978516,104.903010967723,102.58857080620362,103.99538846118368,10675100
2022-07-27,104.59439849853516,105.04820967710782,102.83361583440741,103.47802687702749,9337400
2022-07-28,104.20413970947266,105.26606332469507,103.04238398730452,104.60349583569682,10384800
2022-07-29,104.70333099365234,105.73802007821718,104.18598645136994,104.91208028855732,12944500
2022-08-01,103.6595687866211,104.47643045221751,102.62487965173575,103.92278015245829,14740400
2022-08-02,102.04399108886719,103.8320084015491,101.8987681748215,103.39634658402171,14942900
2022-08-03,103.114990234375,103.55972330950938,101.39050614200849,102.96976731414584,14394500
2022-08-04,101.98047637939453,102.85179324862285,100.76425848875998,102.42520951663785,18033900
2022-08-05,105.0663833618164,105.45666131685763,101.69910469139563,102.13475961702619,14174600
2022-08-08,103.78662872314453,105.91954015635945,103.63233456416441,105.51111281209211,10332500
2022-08-09,104.72148895263672,105.27513927070466,103.80479514861854,104.14968923011551,10233800
2022-08-10,107.45342254638672,108.34289560451963,106.64563911049727,107.06314461138093,12847300
2022-08-11,109.04175567626953,110.00383321404902,108.2884274148036,108.82392823697425,11684900
2022-08-12,110.8479232788086,110.95684046169175,108.4064236861774,109.52279538113947,9906700
2022-08-15,111.14745330810547,111.38343710291792,109.45927486177466,109.94939185502653,8456200
2022-08-16,112.2093734741211,112.76302378413506,110.61196277026787,110.99316257973668,9555000
2022-08-17,111.26543426513672,111.7827857159737,110.44857958922745,111.00222984487874,8149300
2022-08-18,110.4031982421875,111.15652656473851,109.41389305985257,110.9477703468881,9531800
2022-08-19,107.67124938964844,109.8132389383295,107.19928875967574,109.47742306158675,13464500
2022-08-22,105.89230346679688,106.3370434273426,104.830386923504,105.96491492051162,8967600
2022-08-23,104.84854125976562,106.45503685692613,104.72147467208859,105.91046477765177,7607000
2022-08-24,105.10267639160156,105.65632660799926,103.87738061539099,104.63978703002445,9771300
2022-08-25,107.59864807128906,107.77109163423097,104.99376905362855,105.42943089206129,10758900
2022-08-26,104.07706451416016,108.90561566350064,104.01353121974553,108.42457687370283,11276200
2022-08-29,103.82294464111328,104.24952835453824,102.97885537880298,103.46897239478419,8117300
2022-08-30,103.84110260009766,104.90301935575293,102.88809612218502,104.376596597961,10745400
2022-08-31,103.22392272949219,104.4038279705531,102.86994354010181,103.90463968862345,10738300
2022-09-01,103.93185424804688,104.0407645161226,101.57203713673447,102.82455369187618,9979800
2022-09-02,103.20576477050781,106.60027134757371,102.7338040664549,105.16623290567586,10666600
2022-09-06,103.23297882080078,104.14967946346587,101.71725094280313,103.7684796841988,9751900
2022-09-07,105.19346618652344,105.384066111466,102.34353162852489,102.67934757620934,10647900
2022-09-08,107.6440200805664,107.81647056017205,104.04075788310112,104.63071385446968,11435000
2022-09-09,108.16136169433594,108.96007385247263,107.70755048616172,108.134134129783,9299700
2022-09-12,109.44112396240234,110.32151890539954,108.72410134825628,109.4774296937704,8614600
2022-09-13,105.63818359375,107.93446744065152,105.08453330758677,107.16298969054854,12904600
2022-09-14,105.39312744140625,106.95423232841526,104.26767055303281,105.91954322994398,9345700
2022-09-15,106.9814682006836,108.35197321088188,105.06638414248548,105.39312880144128,10821400
2022-09-16,106.26443481445312,106.55487371246717,104.71240130400847,106.54579554935779,14844100
2022-09-19,107.24468994140625,107.7620345473943,104.83948866196289,105.28422179790783,8201300
2022-09-20,105.12989807128906,106.81807618997722,104.0498252629324,106.56394304086011,9619000
2022-09-21,102.09845733642578,105.82878652068666,102.03492403576533,105.77433138429497,12606300
2022-09-22,100.93668365478516,103.10590058054768,100.80961707604996,102.90622254978976,11684500
2022-09-23,99.05790710449219,100.14705120280087,97.26081864982193,99.88384680332022,18138600
2022-09-26,96.92501068115234,99.48450593537461,96.2624431883022,98.0232331100431,15753600
2022-09-27,96.07183074951172,98.17751446451493,94.98268662694812,97.7963147140786,12793600
2022-09-28,98.01416778564453,98.6858135306586,95.88125594848457,96.16261675339427,12762600
2022-09-29,96.35319519042969,97.36972782434115,94.75577786264266,97.07021077701687,12713900
2022-09-30,94.84654998779297,97.67833464296756,94.75578912392284,96.26243885307524,15973400
2022-10-03,97.7781753540039,98.3499750383792,94.8102458896218,95.8630913175498,12248100
2022-10-04,102.35259246826172,102.5522705382755,99.71141443432558,100.39213135049404,16013600
2022-10-05,101.0888671875,101.60168102153392,99.66031037179722,100.5027922381571,10943500
2022-10-06,99.02845001220703,100.90572600519454,98.84530420211476,100.23723052388458,11521400
2022-10-07,97.05044555664062,98.63467702343239,96.40026188286828,98.46068361891038,11681100
2022-10-10,96.14385223388672,98.26837563973788,95.71345192116682,97.73725002819839,8931700
2022-10-11,93.36915588378906,95.73177451175344,93.26842359438685,95.57609987779172,12739700
2022-10-12,94.88011932373047,95.90575385333776,92.74643675976287,93.22262696465911,13181000
2022-10-13,100.1548080444336,100.64015068566272,93.18600369948167,93.38746826449699,22398700
2022-10-14,101.82144927978516,105.53020361405036,101.39104902432622,102.52656819709884,33387100
2022-10-17,106.09797668457031,107.1510824539226,104.68773173058194,105.68589515970226,22276300
2022-10-18,108.82688903808594,110.01735767004864,107.10529480386943,109.57780496566174,21539700
2022-10-19,106.69322204589844,108.81774558935243,105.92399427010457,108.04851781355856,17072000
2022-10-20,106.34523010253906,108.70784867549702,105.90567738316727,107.2884512437602,12207400
2022-10-21,111.93128204345703,112.07779730625502,106.52839636307701,106.64744045076071,20593300
2022-10-24,112.0686264038086,112.7279624850652,111.10710044077992,111.7847483080427,12624200
2022-10-25,112.36166381835938,112.88363705127985,110.7041712164928,111.58328366211862,11289100
2022-10-26,113.65287017822266,114.6510267463944,112.5265031557678,112.63639483662547,11667000
2022-10-27,114.10159301757812,115.56678063361832,113.7444537544985,114.6510375002725,10727600
2022-10-28,115.4568862915039,115.6400321082591,113.59792900383482,114.73344843816022,11859500
2022-10-31,115.27371978759766,116.69312415172827,115.00815349427032,115.10888577748291,13295200
2022-11-01,117.35246276855469,117.47151383290596,115.68581773328512,116.18031980392584,13386900
2022-11-02,116.2718734741211,119.37624124856418,115.96967664984979,116.89457890599967,16546100
2022-11-03,116.48249816894531,117.37992232993088,115.30119593470816,115.66748751829829,12474400
2022-11-04,119.66928100585938,119.80665083109656,117.6363445290073,118.57955864183005,14953200
2022-11-07,120.30115509033203,121.14363698512378,119.4861443680671,119.96233464708139,12011200
2022-11-08,120.3743896484375,120.93299332178073,119.17476880235444,120.18209148317874,9884100
2022-11-09,118.80850219726562,120.35609613435625,118.33231192339889,120.25537781826624,9494000
2022-11-10,123.69855499267578,123.85422961190059,121.36340775804761,121.45498763906363,16351600
2022-11-11,123.90003204345703,124.69672399072881,122.50809875582763,123.79929975343525,10704700
2022-11-14,122.62714385986328,124.2937887909948,122.62714385986328,123.44215454020792,11085600
2022-11-15,121.73886108398438,124.2754727820005,120.51176897449375,123.33224475737065,14038300
2022-11-16,121.90370178222656,122.3066309316261,120.9055452813871,121.79381709534634,7893400
2022-11-17,121.3725814819336,121.6930971486759,120.21875023329618,120.8780863676977,8820200
2022-11-18,122.56303405761719,123.32310238898967,121.13447727985825,123.23153647713227,9468500
2022-11-21,121.8396224975586,123.22238955104531,121.5648967723734,122.47148747354531,7800500
2022-11-22,123.66192626953125,123.87255721626288,122.42568162642476,122.70955971543894,9185700
2022-11-23,124.98058319091797,124.99890196082377,123.49708421047596,123.57034531697187,7316200
2022-11-25,125.21871948242188,125.58501114182262,124.59600689368325,124.98061732799337,3220500
2022-11-28,123.03007507324219,125.19122906709268,122.88355284274715,124.60515411824149,9906900
2022-11-29,125.05387878417969,125.12713991087921,123.08503665673076,123.31397243774255,7925300
2022-11-30,126.53734588623047,126.53734588623047,121.96779780601344,124.62344659887748,14761200
2022-12-01,124.76081085205078,126.97690687116938,124.01904740649437,126.53734024273736,8858500
2022-12-02,123.77184295654297,123.94583638434639,122.10518377772178,123.15829674537844,8931900
2022-12-05,120.30115509033203,123.23154390906964,119.59604303130392,122.92934703814497,10154500
2022-12-06,120.50259399414062,123.7260126240252,118.92751523028376,122.15093386016834,13966700
2022-12-07,120.42019653320312,121.8670720542558,119.34877897086182,120.24620313901356,11739400
2022-12-08,121.68394470214844,121.77551062608981,120.3561060602592,121.18028321451429,8907300
2022-12-09,121.02458953857422,122.4897698494312,120.87806731555004,121.06121310776614,7957800
2022-12-12,122.90188598632812,123.30480120761078,120.5117959677682,121.24437925964982,8841600
2022-12-13,122.78284454345703,125.53922642414327,121.86710138365183,125.35608058680856,10025400
2022-12-14,122.16927337646484,124.27548500890414,121.57403206016197,122.5080938050597,9966100
2022-12-15,119.13815307617188,120.95132004781694,118.17662026723998,120.09967191197647,12087800
2022-12-16,118.39641571044922,118.95501954367069,117.60887610907355,118.26821223920808,21133700
2022-12-19,119.1015396118164,120.26453720525814,118.21326772976415,118.72608160535512,9017200
2022-12-20,119.6784439086914,120.9238548331783,119.22972484959675,119.93485080728036,8549900
2022-12-21,121.02458953857422,121.77549147859867,120.66745035315796,121.04289433660604,8051700
2022-12-22,119.65098571777344,120.2370606885674,117.5905639336046,120.05391488015606,8648200
2022-12-23,120.21874237060547,120.36526460714066,118.7169243789436,119.57772505217594,5091900
2022-12-27,120.63997650146484,121.07952918763898,119.550240198278,120.484301882885,5411000
2022-12-28,121.29930877685547,122.16926172356504,119.97147041421042,120.74070505770467,8827700
2022-12-29,121.99529266357422,122.04108261161034,121.16196311796013,121.72971934884299,6585200
2022-12-30,122.80113983154297,123.01175680553759,121.281003123464,121.61982355638521,9292500
2023-01-03,123.73519134521484,125.21870452680463,122.60883135261089,123.84509000841412,11054800
2023-01-04,124.88904571533203,126.07950054076596,124.14729605627133,124.53190647307575,11687600
2023-01-05,124.86135864257812,125.19346180691988,123.3392132742021,125.14733363036125,8381300
2023-01-06,127.25064849853516,127.65655392856925,124.06800139681229,125.58091267835742,10029100
2023-01-09,126.7248306274414,128.11782573988478,126.272811033153,127.85952480704994,8482300
2023-01-10,127.8595199584961,127.97021633227186,126.66947763502837,127.11227720647598,9048700
2023-01-11,128.80972290039062,128.92041929266887,127.3982875934552,128.13628231043944,8703700
2023-01-12,128.6805419921875,129.94437242636852,128.43146109210693,129.15101562447867,11001700
2023-01-13,131.927734375,132.37054791484914,124.35395902005588,125.09196751012998,20200000
2023-01-17,129.88905334472656,130.5716998571132,128.44070987407977,130.23037660091987,14292900
2023-01-18,125.98682403564453,129.82444356300687,125.83921949480727,128.1547076642737,13392600
2023-01-19,124.307861328125,125.36873911522979,123.23774945896278,124.83369725699328,13303400
2023-01-20,124.61227416992188,124.99050549995506,123.20083928110803,124.6860764350266,13092500
2023-01-23,126.63260650634766,127.26913892371094,124.37246598159976,124.64920696623847,10487100
2023-01-24,127.72112274169922,129.41853266077536,124.5384756243457,125.84843419730726,6945000
2023-01-25,128.33917236328125,128.33917236328125,126.6140887370127,127.35209716969135,8967000
2023-01-26,129.132568359375,129.20637063279165,127.63811103263491,128.61596652180285,7487600
2023-01-27,129.4462127685547,130.31335768367455,128.92037692534547,129.7137336540936,7489900
2023-01-30,128.3484344482422,129.23403349962402,128.14548173306235,128.44067672474193,6729300
2023-01-31,129.11410522460938,129.21558157284034,127.53661182508125,129.04030296441033,9188700
2023-02-01,128.7727813720703,129.962823586279,127.4166946124427,127.49973096149544,8841800
2023-02-02,128.17315673828125,129.5753716687089,127.30599769020552,129.15101214948385,11822100
2023-02-03,130.15655517578125,131.30046932687927,127.42594137506877,127.47205548026778,11501200
2023-02-06,130.92222595214844,131.21743502591008,129.17868782973096,129.36318646266028,8406200
2023-02-07,132.51817321777344,133.1547055319819,130.23957897119715,130.42409169951745,10447900
2023-02-08,131.58641052246094,132.87791481564662,131.25430740759305,131.59563052586188,6958000
2023-02-09,129.53846740722656,132.23218690992869,129.03108560033974,132.02923418717396,6443100
2023-02-10,130.1103973388672,130.33180411400602,127.85025772181471,128.94804344115659,6582900
2023-02-13,131.52188110351562,131.6694715831288,129.8336909451477,130.35029281465685,7134600
2023-02-14,132.10299682617188,132.6657266474746,130.62699410279743,131.45724475492435,9249400
2023-02-15,132.65652465820312,132.7395469194213,130.35025689320076,130.63623184384645,6728300
2023-02-16,130.8300018310547,132.2783310807164,130.70083728610035,131.83553148496355,8165300
2023-02-17,131.21743774414062,131.76171364927728,129.21559867888436,130.05506958755439,7948800
2023-02-21,128.80972290039062,130.3872027957434,127.99791182009163,129.78757856910698,9996300
2023-02-22,127.82257080078125,128.6251474060241,126.78936743988562,128.15467389197485,11107500
2023-02-23,128.84658813476562,129.30784176770013,127.25065450618847,127.97942905263373,8068000
2023-02-24,130.00894165039062,130.40562709266814,128.16392712676847,128.3299857535932,9126900
2023-02-27,131.14361572265625,132.20449328145548,130.7377103371305,131.09748755132986,10014700
2023-02-28,132.2413787841797,132.61959594101364,130.90373242668156,131.86314755100656,11019800
2023-03-01,131.50338745117188,132.3428722747317,130.81150713916256,131.08826207923448,7139200
2023-03-02,130.1380615234375,131.39265745569583,128.72661294696914,131.21739296022247,11106800
2023-03-03,132.52737426757812,132.6011765252421,130.1473042441955,130.54397554325527,9513100
2023-03-06,131.7524871826172,132.87793303450798,131.60488264991764,132.3244371513992,9261300
2023-03-07,127.87793731689453,131.28199097093213,127.13070877358717,131.00523600917407,11747600
2023-03-08,127.12151336669922,127.85028796654457,126.28202831492362,127.30601201812318,10002500
2023-03-09,120.23958587646484,126.70637040071524,119.20638230996192,126.16208045104264,25888100
2023-03-10,123.29308319091797,124.77832036454066,117.91487149668787,118.96653619295384,37599700
2023-03-13,121.07907104492188,123.50526950628984,119.38166116059536,121.04217695019429,42901100
2023-03-14,124.18790435791016,125.02738921791932,121.11595395004771,124.79676243723604,29648100
2023-03-15,118.32076263427734,120.83921730242474,116.90933485138834,120.82998322201568,34280600
2023-03-16,120.61783599853516,121.72484200313797,116.25437313674443,118.09016079234358,24558500
2023-03-17,116.06062316894531,118.52371558895283,115.72852002937451,118.4314733190589,38396000
2023-03-20,117.28756713867188,119.43701064586844,116.24513651602736,117.14918964833143,22875500
2023-03-21,120.43331146240234,121.52186314469817,120.1012083247568,120.47020555487761,17807800
2023-03-22,117.32445526123047,120.5347831207978,117.2322059572907,120.4425267786873,17250200
2023-03-23,117.01081085205078,119.49235749309963,116.25435522322675,117.98867327821704,16677600
2023-03-24,115.23039245605469,115.94071999403475,113.56987646858245,115.8945918128713,22311100
2023-03-27,118.532958984375,119.35398985556544,116.5034388565988,116.96469247134272,18853900
2023-03-28,118.89273834228516,119.31708379259778,117.84107360696267,118.73591379966149,10820500
2023-03-29,119.13257598876953,120.12888542669916,117.86873862557152,120.01818907015445,14595300
2023-03-30,118.77278900146484,120.03661922272114,117.75803260015441,119.8797947050452,12134700
2023-03-31,120.21192932128906,120.23960341540405,118.86507648654305,119.61230518033767,13105200
2023-04-03,120.07354736328125,121.25435552036943,119.3816669239088,119.84292055015709,11775400
2023-04-04,118.46836853027344,120.47020739068543,117.53664136039777,120.3871851240944,11579900
2023-04-05,118.64503479003906,119.14709201057964,117.57582414515304,117.89194186582034,9614700
2023-04-06,118.51486206054688,119.08200834987258,117.94771577122117,118.0778797956493,8760200
2023-04-10,118.90535736083984,119.22146797348508,117.35268138916051,117.65020018070031,9477300
2023-04-11,119.49110412597656,119.88159621491059,118.5799488250562,119.28655862413275,10516300
2023-04-12,119.47249603271484,121.26690103116188,119.06340506045575,120.10471721761407,11821000
2023-04-13,119.92807006835938,119.97454606868823,117.91981315305058,119.43530529564194,12450200
2023-04-14,128.98379516601562,129.34639592243803,125.42286251355279,125.65529925963929,43931300
2023-04-17,130.0065460205078,130.22038389324814,127.98899640224877,130.11811113901308,16050500
2023-04-18,131.46621704101562,131.8195254325071,129.26272124249093,130.41561260269637,13760100
2023-04-19,131.2989044189453,131.55923250733605,130.53650488378904,131.30819678395326,9158100
2023-04-20,130.9176788330078,131.49411745979074,130.01582306650377,130.0809121691736,10586200
2023-04-21,130.6666259765625,131.19658853096476,129.03027650358848,129.9228397895457,11842500
2023-04-24,130.84329223632812,131.18730827572392,130.20176453203194,130.5922707591097,7567500
2023-04-25,127.99827575683594,130.1274044640123,127.96109211671873,129.79269495570054,10629300
2023-04-26,125.72969055175781,128.12843966134915,124.58610564390162,127.95178545062049,14416100
2023-04-27,127.42185974121094,128.2214429204115,126.12951166879782,126.4456223197612,9041100
2023-04-28,128.5282440185547,128.60262548886095,126.13878716546598,126.96626151575278,9887300
2023-05-01,131.28028869628906,133.29783821644935,130.93628680641368,132.26581836000824,20415800
2023-05-02,129.16046142578125,132.40528381144946,128.70488025365032,131.46623018999736,14113400
2023-05-03,126.427001953125,128.92802382839415,126.22245646383661,128.71418597570693,12930900
2023-05-04,124.69768524169922,126.18528638056492,122.54997156023859,125.47868364235244,17089200
2023-05-05,127.13362121582031,128.19353232279389,126.36192943463914,126.85469425360314,11261400
2023-05-08,127.44044494628906,128.27721168217766,126.89188336179542,127.83093703549143,7484900
2023-05-09,126.8268051147461,127.3288623057515,125.71111143387805,126.38051629294698,7343600
2023-05-10,126.89187622070312,128.36087829464017,125.39498286959376,128.2586055494036,8133400
2023-05-11,126.49207305908203,127.19867562083736,125.42285557415393,125.51583594216936,7057300
2023-05-12,124.6790771484375,127.36604538453714,123.77722143236268,127.2079900985093,9988600
2023-05-15,125.72969055175781,126.13878152674747,124.54892200381812,124.8371413216115,7639500
2023-05-16,124.88362884521484,126.3898145056844,124.5489193443534,125.94353990014044,6477200
2023-05-17,128.72348022460938,128.85364424817092,125.94354553851306,126.35262233626756,12711500
2023-05-18,129.69970703125,129.91354486981814,128.08194213737082,128.55612218887362,10999600
2023-05-19,129.4022216796875,130.62020255279398,128.4259983696086,129.96936809698425,13492200
2023-05-22,128.33299255371094,131.68938019077746,127.98899066253614,131.09434260740792,11402500
2023-05-23,126.994140625,129.26272559811,126.87328316079605,127.8773974466778,9514900
2023-05-24,125.83196258544922,126.77101618732583,125.59023345923494,125.8877451386668,8578000
2023-05-25,126.13878631591797,126.69664024605038,125.12536539009835,125.34850979951426,8472500
2023-05-26,127.31957244873047,127.93320895067457,126.10160599557224,126.54788063934289,8579900
2023-05-30,127.80303192138672,128.04476103992013,126.46419393944916,127.18939548186306,7399900
2023-05-31,126.17598724365234,127.2265918367746,124.95800660583822,127.1243190866319,14219900
2023-06-01,127.91462707519531,128.51895710691062,125.93426091276511,126.92909726996506,12248100
2023-06-02,130.60157775878906,131.54061723322627,129.55095898404744,129.7555044833213,12922500
2023-06-05,129.3185272216797,130.26687328356348,128.42597790551955,130.26687328356348,8511900
2023-06-06,129.5509490966797,130.25756592635653,128.50034458893558,128.93731264569107,9329500
2023-06-07,130.80615234375,131.34540749021423,129.07682176606065,129.74624096947704,9281400
2023-06-08,130.84329223632812,130.99205516218504,129.6811084783462,130.78750968583515,7368100
2023-06-09,131.1036376953125,131.83814587263618,130.3598513407576,130.49001537148624,7249100
2023-06-12,131.09434509277344,131.3918709835064,129.94145354640617,131.15943420142702,7596600
2023-06-13,132.0426788330078,132.83295530635525,130.29474985485163,130.61086044419062,7701600
2023-06-14,131.54991149902344,133.5209706496138,130.81540340563754,132.95382439764776,9068700
2023-06-15,133.03750610351562,133.32572542805949,130.1924823122168,130.71313840646567,9343100
2023-06-16,133.195556640625,133.8556832851755,132.4889539932474,133.00031770567188,13813500
2023-06-20,132.51686096191406,132.95384326002164,131.13153259272033,132.5912424367851,8428600
2023-06-21,132.32162475585938,133.90219211599842,131.73587949582742,132.86086563296203,9926500
2023-06-22,129.77410888671875,132.58194925175235,129.18836364249506,132.312314633662,10075200
2023-06-23,129.0954132080078,129.40221732055474,127.95181385942702,128.80717963940447,9919500
2023-06-26,129.41146850585938,130.1738535585867,128.01684820731813,129.11394269916784,8429700
2023-06-27,129.42079162597656,130.0158291939676,128.80715514394416,129.2348450460071,8154000
2023-06-28,128.85362243652344,129.43007517484398,128.2678915230531,129.38358499140992,7558600
2023-06-29,133.35360717773438,133.47447882912567,130.02512535776643,130.2296708354378,15423200
2023-06-30,135.22242736816406,135.74308350074216,133.56747858097697,134.44144316929692,14212800
2023-07-03,136.31024169921875,137.11911724800308,135.74309532252184,135.91974956577747,8021600
2023-07-05,135.40216064453125,136.14169879641477,135.14004477164264,135.68300316098157,8934900
2023-07-06,134.06349182128906,134.2319887522731,132.40653391206402,133.8856244268661,9709500
2023-07-07,135.12132263183594,136.52552097664736,133.866908872023,134.71879262942724,8981500
2023-07-10,135.8795928955078,136.66595485612726,135.2711126354132,135.2711126354132,9100100
2023-07-11,138.00460815429688,138.37906960740568,136.4038300805188,136.99358365726889,11260900
2023-07-12,138.68798828125,140.29813690742736,137.61144189846328,138.03269855763006,11323200
2023-07-13,139.36203002929688,139.8300962434443,138.31356628056577,139.20288923059644,11234900
2023-07-14,140.2045440673828,143.12527238693303,138.93140351809885,141.87085848397194,27028400
2023-07-17,143.58395385742188,143.93031818225228,140.7474745833013,140.7474745833013,17262400
2023-07-18,143.8461151123047,144.53884398057906,143.05976728571068,143.5839991701067,13491700
2023-07-19,144.3983917236328,145.2970849199136,142.49804450203536,142.99419342486166,12510000
2023-07-20,146.17703247070312,146.58893291052811,144.54817163861398,144.66050292793233,9935900
2023-07-21,145.0536651611328,146.16766463887615,144.81027595893158,145.84938315501867,10636400
2023-07-24,147.90890502929688,148.64844326937535,144.84774837498787,145.07242527179113,14381400
2023-07-25,146.80426025390625,147.6467735305015,145.99918598070113,147.25359971580744,9944700
2023-07-26,147.6842041015625,148.14291400130324,146.29873250733112,146.70127676307158,8728600
2023-07-27,146.05535888671875,148.63907877636402,145.61537558273733,147.69359033815113,10778400
2023-07-28,146.88853454589844,147.53446817081576,146.44855118644014,147.23489895405842,9103800
2023-07-31,147.8714599609375,149.20076607298495,147.11318082189925,147.14126364731788,8892700
2023-08-01,147.14126586914062,147.90890120016138,146.17705075722094,147.37529894065986,6853900
2023-08-02,145.47494506835938,145.74643141841656,144.1081999906907,145.6247296556844,8299400
2023-08-03,146.36428833007812,146.897876304198,144.4920237619121,145.10050403286803,6084000
2023-08-04,146.05535888671875,147.7216731631504,145.75578970773367,146.4110794314577,6209400
2023-08-07,146.74806213378906,147.62802858895108,146.59829185454788,146.59829185454788,7251800
2023-08-08,145.92431640625,146.01792107141907,142.84443295199063,144.46395221454787,8623400
2023-08-09,143.96778869628906,145.58730795628765,143.6682337702767,145.40008434199916,6277800
2023-08-10,143.7524871826172,145.51242064260987,143.31250381761902,144.52012259703838,5995100
2023-08-11,144.58563232421875,144.65116844231196,142.8818789489863,143.2563261590332,5180700
2023-08-14,144.8852081298828,145.02562226899528,143.15335756484984,143.7992911732594,5044300
2023-08-15,141.1968231201172,143.48098800077395,140.63513807973655,143.0878141862051,10300300
2023-08-16,140.59771728515625,141.31854318067522,140.12028065372675,140.98153496964974,6978200
2023-08-17,139.1373291015625,141.59934699720856,138.92200841764713,141.2436264856294,9953900
2023-08-18,139.4556427001953,139.95179172208907,138.02336129220063,138.21994109410372,8517500
2023-08-21,139.9330596923828,140.5134714627281,138.56631446042414,140.09220047778916,8327000
2023-08-22,137.0310516357422,140.0828378134794,136.53490265589448,139.7271029659488,9673300
2023-08-23,137.95782470703125,138.1637749740239,136.1698227115898,137.00297996106144,7858000
2023-08-24,137.82676696777344,139.86754299375357,137.60210433741545,138.07952671117278,6534000
2023-08-25,137.65821838378906,139.12793824858682,136.53486280043106,137.87352475190772,6695500
2023-08-28,138.13568115234375,139.11862293308627,137.73315111613948,138.14505161734553,5094100
2023-08-29,139.2589874267578,139.34325016051116,137.77989719248794,138.27606028062536,6337000
2023-08-30,138.6973419189453,139.62410359982832,137.78929259629226,139.12795470612008,6277300
2023-08-31,136.9842071533203,138.87519792928472,136.63784285929776,138.7909351871848,10933900
2023-09-01,137.44293212890625,138.62245352140573,136.3944543846634,136.75954535978775,7903500
2023-09-05,135.92640686035156,138.7441742202353,135.74853943819002,137.76123245014202,7854700
2023-09-06,135.70175170898438,136.24469590171947,134.90603349797408,135.45834815612446,8629200
2023-09-07,134.54092407226562,135.9919318730385,134.2319987249338,134.92474171145767,8373700
2023-09-08,134.6439208984375,134.91539300149014,133.53927727068842,134.21329372186668,7107900
2023-09-11,135.2336883544922,135.78600302416146,134.51286243054037,135.50516045652148,6854200
2023-09-12,136.99359130859375,137.9110112067669,134.84985472125945,135.2711113808214,8363200
2023-09-13,137.05914306640625,138.26674753287986,136.50682839895887,137.9297393099169,8325900
2023-09-14,139.71774291992188,140.3262231887897,138.09823807360453,138.39779297567569,10034900
2023-09-15,139.30580139160156,140.16704112217323,138.83773538905777,139.40877648353083,19863400
2023-09-18,139.5960693359375,139.61479598492429,138.313572423176,138.69739016404188,6512400
2023-09-19,139.41818237304688,140.15773491994022,137.80804789167848,139.95178466264682,7943400
2023-09-20,138.82839965820312,140.65385448013163,138.6786150871108,140.0921694806569,7332000
2023-09-21,137.7425079345703,139.3433004745327,137.2650855973688,138.15440843768323,8052400
2023-09-22,136.42254638671875,138.08886061958907,135.91704126570235,137.88291038548203,7071700
2023-09-25,137.0965576171875,137.1620937275213,134.5221940712428,136.06682076935587,7044700
2023-09-26,135.6736602783203,136.5255441805106,135.01837046288418,135.36474916009422,7468400
2023-09-27,136.4693603515625,136.75955906802622,135.28046837627247,135.91704574382544,6717800
2023-09-28,138.1637420654297,139.36199008748372,136.68465153852856,136.93741122131527,8868100
2023-09-29,135.7578887939453,139.25901390338058,135.60810422128415,139.10924361496248,11917800
2023-10-02,134.58773803710938,136.31957413491773,133.52054783987114,135.58003593998507,9170600
2023-10-03,133.59542846679688,134.41921506435102,133.25842031372002,134.0541240888714,9431100
2023-10-04,134.1945343017578,134.30686557614808,132.86521422834636,134.04474974640985,8128700
2023-10-05,134.7603759765625,134.9489954403181,132.8082911555661,133.94936120720567,8576200
2023-10-06,136.83509826660156,137.57066825366812,134.04369376953446,134.76983853766583,10270600
2023-10-09,136.5238800048828,137.11798531189535,135.32621539355333,135.47710521963256,6964900
2023-10-10,137.35374450683594,138.40995889388373,137.004824376904,137.13684937657925,11288800
2023-10-11,137.82525634765625,138.84374102392985,136.75963119469503,138.16475123974746,8698200
2023-10-12,137.50460815429688,138.58911237840664,136.86334810356874,137.96670276001075,10484400
2023-10-13,139.56988525390625,144.38881902981274,139.41899543795483,140.0414051365208,29427000
2023-10-16,139.42843627929688,141.00331097441395,138.36279673046786,140.93729128323395,12663500
2023-10-17,139.1266632080078,140.80527293299247,138.428808562367,139.164392858932,11482700
2023-10-18,137.59893798828125,139.07950296279404,137.0896884480104,138.24019813274663,9620300
2023-10-19,137.01425170898438,138.64572098900047,136.62761631159904,137.1934315805182,11143600
2023-10-20,134.8075408935547,136.87280042471613,134.02481610747344,136.33527520394097,13332900
2023-10-23,132.96861267089844,135.49595244442185,132.71398789413,134.7981121972243,10133400
2023-10-24,133.12893676757812,133.6570367926189,132.36507677495513,133.1478015940857,8881400
2023-10-25,132.40280151367188,133.13837151399747,131.5634965446005,132.56313096599058,8242600
2023-10-26,132.7423095703125,133.60047945195436,131.48806460244722,131.79926953940466,9109400
2023-10-27,127.9610595703125,131.17682841025032,127.48953971893079,131.0353638210495,17434700
2023-10-30,129.592529296875,130.17720937589277,128.29112975104002,128.6683543097979,9855500
2023-10-31,131.13909912109375,131.3088537506683,129.63966944313077,129.86600415268222,9672500
2023-11-01,131.02597045898438,132.5254004974012,130.58274053975717,131.31831053557096,9432000
2023-11-02,133.36468505859375,133.42126514351625,131.29942562105097,132.1104404141124,10186200
2023-11-03,134.85467529296875,135.5808198813388,133.7701854083583,134.09081544854737,9538700
2023-11-06,135.8731689453125,135.9769038934277,134.6566396092663,135.01499931905428,7625100
2023-11-07,135.8071746826172,136.04293466432486,134.6849692569924,135.3356547192018,6297900
2023-11-08,136.47669982910156,136.58985998285516,135.43935045421637,135.90144506478217,7618200
2023-11-09,136.0712127685547,137.35374753206762,135.51482271407195,137.15571722301596,7992500
2023-11-10,138.0893096923828,138.136464559863,135.87317481726728,136.68418961313236,7983300
2023-11-13,137.47633361816406,137.91956345188186,136.89165357778936,137.40088871139884,6676300
2023-11-14,139.9848175048828,140.7486773711874,138.17418298003085,138.32505839820212,9927700
2023-11-15,141.2107696533203,141.6068445999882,140.00367999024377,140.00367999024377,8365300
2023-11-16,142.8233642578125,142.8988091629842,141.5408296491821,141.5408296491821,8126200
2023-11-17,144.11537170410156,144.15308697056187,142.9082673326572,143.53067715160955,7812400
2023-11-20,144.5585479736328,144.99235256315117,143.26658820100812,143.41747800515745,7019000
2023-11-21,144.25680541992188,144.87921516759508,143.87959523992686,144.47370055393674,7083500
2023-11-22,144.5963134765625,145.11498831341973,144.19079882605695,144.67175839734603,5174500
2023-11-24,144.7943115234375,145.64305590080474,144.54912637778605,144.84146638712082,3496900
2023-11-27,144.46429443359375,144.78492456794055,144.01163927983075,144.69061481565132,6259100
2023-11-28,144.7943115234375,145.1055163561744,144.02102643967882,144.4925462972237,6582700
2023-11-29,145.5299072265625,146.76528704849733,145.22812758688474,145.3884426243466,9126100
2023-11-30,147.18963623046875,147.23679109279772,145.5864716387902,146.08628152226098,9869800
2023-12-01,147.90634155273438,148.86824606580794,146.94445142930454,146.94445142930454,8916000
2023-12-04,148.9908447265625,149.04742480521057,147.00103041945783,147.1330553995179,9607500
2023-12-05,148.9720001220703,149.47181007082003,148.02896031089793,148.3024355246939,9135600
2023-12-06,147.40652465820312,150.15077347960937,147.11418467049566,149.7924138097006,9366000
2023-12-07,147.85919189453125,148.34957657978003,147.25564704716516,147.76489655598155,8130900
2023-12-08,149.49066162109375,149.73584676995327,148.0383723826528,148.3024223551613,7369400
2023-12-11,150.03761291503906,150.22621796565753,149.14171374272618,149.49064819549545,8093900
2023-12-12,151.37673950195312,151.4993248802861,149.83015494063707,150.16021020801867,10223000
2023-12-13,151.88597106933594,152.80072072522947,150.66945619346848,151.37673596516078,12379100
2023-12-14,154.64910888671875,155.45068411871856,152.49897919789595,152.61213937426155,13643000
2023-12-15,155.81845092773438,155.8656057922749,153.14022154170772,153.79092125929148,20309300
2023-12-18,156.7615203857422,157.61026493948086,156.19570507289683,156.46918031565835,8469600
2023-12-19,158.85507202148438,158.87393684903017,156.12026200288022,156.54462708995365,10345700
2023-12-20,157.0632781982422,159.76037254396365,156.9689684644074,158.42125778345093,10734700
2023-12-21,157.9591522216797,158.51554219987133,156.24281303379408,157.33674255642595,7601700
2023-12-22,157.8648681640625,158.64759298134297,157.7045531132431,157.95917790673107,6576300
2023-12-26,158.79847717285156,159.15683691468658,157.65739264154033,157.9214570337028,4683600
2023-12-27,159.75091552734375,159.81693521176237,158.0345907978248,158.2797759335722,6428600
2023-12-28,160.59967041015625,160.93916529174086,159.373715871676,159.70378553614376,6320100
2023-12-29,160.41107177734375,160.96746179209865,159.96784193110983,160.3167620438129,6435100
