Date,Close,High,Low,Open,Volume
2008-01-02,12.394076347351074,12.807212363840701,12.356024523185553,12.790905031675162,5610200
2008-01-03,12.323405265808105,12.524537611428622,12.290789574054614,12.421253377902726,4097300
2008-01-04,11.872221946716309,12.236433922655149,11.801553378804629,12.236433922655149,5323600
2008-01-07,12.084223747253418,12.285356136818827,11.834168327785779,11.92114421602099,4522000
2008-01-08,11.692835807800293,12.192947835731594,11.67109131070843,12.165767214366765,8084800
2008-01-09,12.182073593139648,12.214689296603993,11.578677376459433,11.687397770453272,6411500
2008-01-10,12.529976844787598,12.796341698944486,11.806989044388375,12.057045528851631,7125100
2008-01-11,12.627825736999512,12.948549768790249,12.23099804913455,12.40494985549538,5370800
2008-01-14,12.828959465026855,12.834395589132463,12.502799276532976,12.758290888488608,4815400
2008-01-15,11.95376205444336,12.687622150007895,11.872222274232758,12.687622150007895,6632500
2008-01-16,12.225560188293457,12.404948092715832,11.845040925160683,11.915708447639751,7271400
2008-01-17,11.616730690002441,12.312537920637865,11.567806614494069,12.285358339504128,5680400
2008-01-18,11.469961166381836,11.91571303775804,11.257956443608302,11.720016689608563,8092400
2008-01-22,12.910502433776855,13.312766385188029,10.328401947021483,10.60020199825889,13231100
2008-01-23,13.850927352905273,14.33473204404209,12.274487605599438,12.437567186176539,11991900
2008-01-24,13.655232429504395,14.019444470265565,13.399739766429795,13.899851806925211,6579800
2008-01-25,13.60630989074707,14.666329386868254,13.323637610380821,13.812877457577894,6415300
2008-01-28,13.905287742614746,13.975955285310192,13.26927571101692,13.595435913319468,4763700
2008-01-29,13.970521926879883,14.068369066529531,13.682413522435011,14.052061728338671,4579700
2008-01-30,13.921597480773926,14.356477101931821,13.763952970082435,13.937904818545594,7135900
2008-01-31,14.209698677062988,14.351034751838926,13.416043453514673,13.676971113023624,8012700
2008-02-01,14.361915588378906,14.399967431882866,13.742211767120214,14.19339983707496,5567400
2008-02-04,14.155336380004883,14.802219262515273,14.095540082509219,14.345595441429044,5566900
2008-02-05,13.807441711425781,14.198834429391068,13.682413942891253,13.91616214126833,5763600
2008-02-06,13.584568977355957,14.019449762779185,13.535644876035404,13.88354971174101,4388600
2008-02-07,13.758519172668457,13.910727584239401,13.388870913735433,13.535643199517953,3607600
2008-02-08,13.399742126464844,13.709594014538162,13.155122705960332,13.709594014538162,3451800
2008-02-11,13.084455490112305,13.32907597319706,12.926811985218244,13.28015187658011,3508600
2008-02-12,13.617177963256836,13.64979470589269,13.138810476444823,13.138810476444823,5631900
2008-02-13,13.481276512145996,13.87810520968142,13.2747090154413,13.704152378393621,2972400
2008-02-14,13.106197357177734,13.508461264229524,13.09532510748679,13.459537177455069,3904300
2008-02-15,13.231223106384277,13.247531478441097,12.85070271973562,13.122502699674763,3423500
2008-02-19,12.877886772155762,13.448666467423234,12.807218177908982,13.356254408140082,5080900
2008-02-20,12.73111343383789,12.856141198671478,11.975509682986836,12.28536155098087,6427100
2008-02-21,12.519108772277832,12.877884700766197,12.475620812365143,12.687624487335155,3796400
2008-02-22,13.0192232131958,13.046402804304124,12.394082249354943,12.606086999972643,4413100
2008-02-25,13.187734603881836,13.225786433600925,12.676750372484307,13.002910542245168,4652100
2008-02-26,13.171431541442871,13.394307522632104,12.975736190176113,13.111636229283452,3768900
2008-02-27,13.307329177856445,13.5302051188045,12.99747731053036,13.062709773731298,4040900
2008-02-28,12.780033111572266,13.21491259431707,12.720236793881929,13.187733015458447,5490600
2008-02-29,12.180676460266113,12.81595070063886,12.08676643762644,12.594985197739677,6147300
2008-03-03,11.943136215209961,12.130955142046266,11.805033350367133,12.097810749503536,3249000
2008-03-04,11.810555458068848,11.904465439722633,11.445964012505002,11.810555458068848,5140300
2008-03-05,11.733214378356934,12.125426898868024,11.62825594982005,11.921034280521546,4891900
2008-03-06,11.324433326721191,11.69454899466699,11.32443332672119,11.61721173838136,3501300
2008-03-07,11.567499160766602,11.81608374775964,11.158714704555408,11.25814790716772,4702800
2008-03-10,11.534343719482422,11.788453382520109,11.274710872449663,11.567489145296422,6696900
2008-03-11,12.583931922912598,12.60050359038685,11.827127850235245,11.827127850235245,6609500
2008-03-12,12.075714111328125,13.064530016122347,12.07018987063036,12.462401477401153,4998700
2008-03-13,12.368487358093262,12.445825648366977,11.58958759199086,11.926558786418433,4818200
2008-03-14,11.733214378356934,12.666789650452705,11.55091871491961,12.462397032106226,7899900
2008-03-17,11.77188777923584,11.932087606500948,11.153187541345973,11.423869027127944,7482900
2008-03-18,12.346392631530762,12.744128383896891,11.799505576911988,12.02046988378206,5499100
2008-03-19,12.158577919006348,12.7662308135977,12.092288071709987,12.57841080883962,5534500
2008-03-20,12.96509838104248,13.009291261812388,11.94313788153319,12.16962652718414,7523000
2008-03-24,13.296540260314941,13.661131646030825,12.98719021714652,13.00928612198092,6363200
2008-03-25,13.263397216796875,13.335210231818158,12.954047142361917,13.313114324750485,3960000
2008-03-26,12.572885513305664,13.141869721635631,12.478975518797636,13.141869721635631,4151500
2008-03-27,12.219339370727539,12.65021954393607,11.954181125321112,12.583930772815227,7824300
2008-03-28,12.086761474609375,12.390588389518774,12.020472693872136,12.313251127444937,5175400
2008-03-31,12.125431060791016,12.467925550314034,12.01494835560485,12.103334098297317,4400500
2008-04-01,12.97614574432373,13.014814379953693,12.434782738221676,12.600505763390453,4812300
2008-04-02,13.445690155029297,13.755040165663647,12.987188851295203,12.987188851295203,7777900
2008-04-03,13.489890098571777,13.622468744188136,13.152918715770983,13.384931609009964,4549700
2008-04-04,13.103198051452637,13.594844914782714,13.053480941074977,13.545127804405054,2985500
2008-04-07,13.2799711227417,13.495411240677507,13.147391453936862,13.268922641401101,2476200
2008-04-08,13.130818367004395,13.263396967845186,12.931949938922681,13.213679860824756,4134300
2008-04-09,12.943002700805664,13.33521439300394,12.943002700805662,13.263401355573766,3042000
2008-04-10,13.246824264526367,13.440168452781272,12.82146726109379,12.91537723518097,4018200
2008-04-11,13.042433738708496,13.340735352476827,12.904330886087326,13.059005406692702,4473500
2008-04-14,12.274580955505371,12.976143687911941,12.252485047350486,12.893282188459139,6054100
2008-04-15,12.55630874633789,12.722032770505017,12.285627332536627,12.307724290548625,4284900
2008-04-16,13.368351936340332,13.445689169922543,12.826988140342495,12.826988140342495,6059600
2008-04-17,13.097679138183594,13.52856058549399,12.434785819600167,13.52856058549399,7286300
2008-04-18,13.633515357971191,13.937341247461351,13.467791283451884,13.467791283451884,5131500
2008-04-21,12.799370765686035,13.644560493594849,12.58945492048595,13.545126284000752,6579400
2008-04-22,12.771758079528809,12.898812508820175,12.539745139515965,12.71651670264163,4436800
2008-04-23,12.677842140197754,12.898806491016215,12.550786716541143,12.782799548310813,3567400
2008-04-24,13.119769096374512,13.257871928967926,12.71098483833492,12.71098483833492,5474300
2008-04-25,13.445690155029297,13.506455730804939,12.926423275519562,13.24682176422964,3726100
2008-04-28,13.373878479003906,13.534078278662307,13.246824119465828,13.534078278662307,2912500
2008-04-29,13.34073257446289,13.478835398326153,13.235774133307352,13.412546632910708,1757500
2008-04-30,13.329683303833008,13.688751467459864,13.28549044496767,13.395973118951451,3263900
2008-05-01,14.147254943847656,14.235640675138928,13.313113682850382,13.313113682850382,3835400
2008-05-02,14.075438499450684,14.428982418496624,13.981528544122352,14.312975507260047,3409200
2008-05-05,13.981539726257324,14.180408273918902,13.826865125757603,14.047829593358415,2338100
2008-05-06,14.025724411010742,14.158303013977603,13.605891641461815,13.832381273543078,3011800
2008-05-07,13.456747055053711,14.119640349858377,13.401505683742943,14.00363441838313,3383900
2008-05-08,13.246824264526367,13.539602666948998,13.11424566351642,13.53407842686845,3531400
2008-05-09,13.252347946166992,13.556174815947774,12.98166651547278,13.075576485602692,2702500
2008-05-12,13.57827377319336,13.589322255371847,13.291019558400162,13.313116522757142,2293400
2008-05-13,13.368351936340332,13.661129208410582,13.335206504541569,13.661129208410582,2364100
2008-05-14,13.61694049835205,13.727423197366955,13.368356006030178,13.478837651403976,2810900
2008-05-15,13.85999870300293,13.898667322914207,13.506455831081702,13.650081832569049,2851900
2008-05-16,13.103198051452637,13.67770641419844,13.009288071143848,13.661133692858842,4678200
2008-05-19,13.075578689575195,13.329687443557782,13.031385816985129,13.119771562165264,2855900
2008-05-20,12.71650505065918,13.031379240666494,12.644691010415713,13.031379240666494,3981000
2008-05-21,12.462400436401367,12.85461306405133,12.445828769333499,12.727558699539253,4723900
2008-05-22,12.673055648803711,12.886520843698744,12.470826761186018,12.605646376748167,3222400
2008-05-23,12.28545093536377,12.600030071104955,12.26859807986916,12.588794834108548,3461100
2008-05-27,12.330391883850098,12.465211525174109,12.12254426715187,12.313539026890371,3417800
2008-05-28,11.043986320495605,11.532708469116482,10.791198817510448,11.487768587635932,14199700
2008-05-29,11.234980583190918,11.302390938128612,10.836139286784238,10.836139286784238,8016300
2008-05-30,10.937252044677734,11.319241515168574,10.864225150119724,11.319241515168574,4917600
2008-06-02,10.7968168258667,10.92601992730111,10.611439674144918,10.914784688663104,6182700
2008-06-03,10.527174949645996,10.959721888236594,10.409208187185506,10.892311544365551,5679400
2008-06-04,10.268771171569824,10.527175173766178,10.128333934345433,10.515939937639967,8037400
2008-06-05,10.308094024658203,10.369885684035479,10.117099285235021,10.32494580837421,5160200
2008-06-06,9.718255996704102,10.089010202357255,9.684551361131374,10.010365695537207,6745200
2008-06-09,9.353119850158691,9.841841910550361,9.296944740586497,9.841841910550361,8669800
2008-06-10,9.471088409423828,9.690170174860647,9.23515378839526,9.268858428127576,6236700
2008-06-11,8.825075149536133,9.52726073157855,8.802605215196579,9.471086699317906,7619100
2008-06-12,6.729754447937012,8.117274975365996,6.538760190122832,7.87572320917646,39924100
2008-06-13,6.589315891265869,6.684813269608182,6.437643931132893,6.555611249336597,98914200
2008-06-16,6.6286396980285645,6.774694597249318,6.555612248418187,6.583699811456903,25066400
2008-06-17,6.403937816619873,6.814014828755435,6.375850797696319,6.735369782883062,29334100
2008-06-18,6.252265453338623,6.651107202191418,6.061270737588622,6.252265453338623,23316700
2008-06-19,6.375851154327393,6.415173411600283,6.190474033290085,6.224178672173827,15204300
2008-06-20,6.476964950561523,6.594932246155208,5.6174892459364,6.1511506171552535,25999200
2008-06-23,6.179237365722656,6.516286890870436,6.179237365722656,6.516286890870436,12574800
2008-06-24,6.392704010009766,6.4994360897287455,6.089359555982705,6.224179194277927,19030800
2008-06-25,6.364615440368652,6.662342228239302,6.2915880139616,6.42079054859732,16913600
2008-06-26,6.297207832336426,6.510672568179695,6.218562760480782,6.280355508269403,11510600
2008-06-27,6.257882595062256,6.409554511152364,6.184855177787216,6.330910012337297,10165900
2008-06-30,6.168004512786865,6.3814692230279855,6.128682249438069,6.246649575210117,14424100
2008-07-01,6.387086391448975,6.403938712305262,6.066889616551397,6.106211877124609,13912500
2008-07-02,6.246649265289307,6.606168844025434,6.229796944079597,6.387086525396689,11511600
2008-07-03,6.23541259765625,6.454494311504815,6.201707430135068,6.4151720625013215,5480800
2008-07-07,5.943305015563965,6.364616810820724,5.842190013270134,6.252267105897385,20377100
2008-07-08,6.465728282928467,6.5106681403613464,5.8983619131816685,6.010711556763867,14579900
2008-07-09,5.915217399597168,6.521906336185306,5.892747458824483,6.460114132991834,11570900
2008-07-10,5.746694564819336,5.920837067871058,5.561317355355863,5.853427222223052,18860500
2008-07-11,5.5276079177856445,5.679279805332314,5.308525707190047,5.5669301597930465,18024100
2008-07-14,4.926538944244385,5.752309581330543,4.786101695467415,5.735457261480471,19238600
2008-07-15,4.70183801651001,5.072592188061087,4.454668479521714,4.864745168728679,22110100
2008-07-16,5.471433639526367,5.55569628798577,4.786100432119061,4.9827122070734395,15737000
2008-07-17,6.050034046173096,6.426405200348195,5.398405072926218,5.786011994513389,21726700
2008-07-18,6.381467342376709,6.7072816631135606,5.965773282915966,5.965773282915966,18809600
2008-07-21,6.460114479064941,6.797164144436861,6.403939356261064,6.73537140220746,15351100
2008-07-22,6.73537015914917,6.791545271585549,5.521992444908435,5.9039819237344355,24327000
2008-07-23,6.802778720855713,7.190385746746758,6.269117393811623,6.740986537126558,27519300
2008-07-24,6.2859721183776855,7.021863666328179,6.196092349164794,6.763459061978275,12236500
2008-07-25,6.269117832183838,6.797162114522198,6.0275656262806185,6.235413197147653,10202400
2008-07-28,5.960156440734863,6.493818396357381,5.898364246254357,6.19047397083618,7791300
2008-07-29,6.432027816772461,6.432027816772462,5.887130978018153,5.965776053791952,9864500
2008-07-30,6.302822113037109,6.808395853000998,6.027564775236342,6.735368439766136,18418800
2008-07-31,5.926452159881592,6.1062116715655765,5.847807105657048,6.0107142970520595,22343300
2008-08-01,6.162386894226074,6.291588911569235,5.791632627053647,5.932069881935663,11032300
2008-08-04,5.892749786376953,6.1286845255438385,5.6849026182015265,6.1286845255438385,10853000
2008-08-05,6.134296417236328,6.1736186584604855,5.926449443197367,6.106208872479635,12415500
2008-08-06,6.460114479064941,6.623021692325379,5.977010458709154,6.123064813693023,15484100
2008-08-07,6.072508335113525,6.505054886927783,5.965775700335162,6.364617604333098,13132300
2008-08-08,6.707282066345215,6.791544728258731,6.179238301734417,6.2410304918905695,16541000
2008-08-11,7.055567264556885,7.37014638621849,6.5780804280921386,6.769075162678037,13660600
2008-08-12,6.600550651550293,7.066802271737926,6.5443755380979285,6.926365023832601,14078500
2008-08-13,6.218560218811035,6.634254816457446,6.033183122664536,6.572462093924944,13843200
2008-08-14,6.415175914764404,6.589317866972586,6.100596126657358,6.2185634802317775,8725800
2008-08-15,6.589315891265869,6.769075945882612,6.476966191958919,6.527523690578453,7486800
2008-08-18,6.263499736785889,6.639871525583027,6.207325170767575,6.639871525583027,7901400
2008-08-19,5.988243103027344,6.179237812024169,5.808483629018798,6.139915561016172,11483400
2008-08-20,6.128680229187012,6.196090030875057,5.786013603341414,5.954538375424267,11380600
2008-08-21,5.915217399597168,6.08935984237971,5.887129839699901,5.982627221915223,7322400
2008-08-22,6.44326114654541,6.549993220271925,6.1230638539146875,6.1230638539146875,10014900
2008-08-25,6.11182975769043,6.381469045839327,6.0612722572311,6.381469045839327,8112900
2008-08-26,6.241030693054199,6.252265929295021,6.066888817125875,6.13429862739415,7428800
2008-08-27,6.325294017791748,6.420791392902638,6.05565421285347,6.241031344368583,6880400
2008-08-28,6.689776420593262,6.689776420593262,6.386994208381376,6.426984157686098,7261600
2008-08-29,6.861159801483154,7.032546080407394,6.426981373494271,6.529813249813206,7363700
2008-09-02,7.198221683502197,7.421023427798062,7.072538299013417,7.169657203642638,9035400
2008-09-03,7.2610626220703125,7.329617042296167,7.009696414575509,7.1982212064021365,8803000
2008-09-04,6.8097453117370605,7.261062300165614,6.758329362641567,7.226784819161259,7138600
2008-09-05,7.409594535827637,7.426732997888019,6.6783465868407506,6.764039986786436,11896300
2008-09-08,7.849487781524658,8.186547393313825,7.3924578086719235,8.117992979109223,17566800
2008-09-09,7.512429714202881,8.020875738445117,7.495291243333775,7.723806549151234,14573500
2008-09-10,7.1753692626953125,7.655250172823266,6.832596639210422,7.626686241551247,14691200
2008-09-11,7.312478065490723,7.352468004972415,6.8325966124221535,6.855448084243415,9004000
2008-09-12,7.638113021850586,7.683815973551151,6.929716725669664,6.986845142884291,11638200
2008-09-15,7.078250885009766,7.780934105925726,7.049686406840849,7.049686406840849,17588300
2008-09-16,7.215359687805176,7.352468528495406,6.312725669361339,6.741191205134885,19703300
2008-09-17,6.866874694824219,7.2382112806933145,6.34129025201675,6.878300159325889,18105300
2008-09-18,7.535277366638184,7.79806948084391,4.96448515825159,7.095386538732749,36021700
2008-09-19,8.500754356384277,8.500754356384277,7.146803637510001,8.500754356384277,239900
2008-09-22,7.712377548217773,8.712130193357114,7.461011408590113,8.706417190341906,10204400
2008-09-23,7.495288848876953,8.135130520081109,7.381031504880139,7.626685203089784,8356200
2008-09-24,7.569555282592773,7.969456207425743,7.569555282592773,7.655248143334866,7335500
2008-09-25,7.998019218444824,8.569306305476596,7.209642972962358,7.74094013824489,7698300
2008-09-26,8.397924423217773,8.597875225246192,7.346755551065608,7.346755551065608,9195500
2008-09-29,5.598617076873779,8.129420090868013,5.512923633124725,7.432449799379829,13548200
2008-09-30,6.821170330047607,7.003982642094952,5.849981999430121,6.3241504292872825,6651500
2008-10-01,7.843774318695068,8.283665798473399,6.575516912855824,6.8211700798488195,10644900
2008-10-02,7.546710014343262,8.055156228145464,7.146808761098405,7.735234898656156,5167900
2008-10-03,7.1696553230285645,8.683566365440008,6.3127244209491815,8.009447759616517,9565500
2008-10-06,6.73547887802124,7.175370467174288,5.947102147524388,6.426983683028746,8260200
2008-10-07,6.061358451843262,6.912576998376361,5.969952565058461,6.649784801459027,6882500
2008-10-08,5.1415863037109375,6.324150979221385,5.0501804121498335,6.284161037868924,13417900
2008-10-09,3.667664051055908,5.775713684786718,3.6276738469875025,5.244416932688196,25303200
2008-10-10,3.8790411949157715,4.4503285611467955,3.2849023558283896,3.8447639856312352,26480900
2008-10-13,4.433189868927002,4.85594236784053,3.9361696783627056,4.65027912251499,10528400
2008-10-14,6.8383097648620605,7.1639433815814675,5.250130531969696,5.284408012855881,39305300
2008-10-15,5.94710111618042,6.792606661828035,5.815705289628636,6.004230068051146,12927400
2008-10-16,6.0270819664001465,6.461260505844764,5.570051953554344,5.958527546196591,9035100
2008-10-17,5.758577346801758,6.16419145065567,5.627181497226202,5.627181497226202,9801800
2008-10-20,5.564337253570557,6.198466400675885,5.1530108576784865,6.198466400675885,10449400
2008-10-21,6.255595684051514,6.678348145698959,5.387239291068167,5.387239291068167,15047500
2008-10-22,6.141340255737305,6.64407329088795,5.741439138746753,5.838558051493025,12694000
2008-10-23,5.752863883972168,6.32986428274322,5.530062148969847,6.32986428274322,11095300
2008-10-24,5.781428813934326,6.135626960529388,4.730259839614965,4.730259839614965,10389500
2008-10-27,5.667170524597168,6.455547128664903,5.667170524597168,5.781427885007984,9612900
2008-10-28,6.775467395782471,6.78689340365779,5.787140597093101,5.998516839388134,10987600
2008-10-29,6.941140174865723,7.118239469876811,6.535526187732587,6.678348006514367,10354600
2008-10-30,7.0268330574035645,7.569555818440572,6.621219101188587,7.272486196504212,8277000
2008-10-31,7.089676856994629,7.426736524912187,6.8497360949116946,7.061112376780538,10484900
2008-11-03,7.2896270751953125,7.306765543987847,6.855448537089036,7.083963270396498,6004200
2008-11-04,7.763792991638184,7.912327791649407,7.3181891364264375,7.426733462698072,9980900
2008-11-05,7.163942813873291,7.700952643172824,7.11252686902952,7.626685772645192,9744600
2008-11-06,6.6269330978393555,7.598121428172181,6.558378140327918,7.226784345077072,11931100
2008-11-07,6.421270370483398,6.878300408361754,6.209894093739361,6.684062601401793,9022800
2008-11-10,6.227030277252197,6.735476082627639,6.055644552691917,6.672634686610332,5218300
2008-11-11,6.284159183502197,6.392703511495586,5.9128227224058385,5.9128227224058385,5437000
2008-11-12,5.490072250366211,6.238459056676716,5.455795308141953,6.141340145671029,11841300
2008-11-13,6.107062339782715,6.118488349809046,4.975913498638894,5.484359503545584,13262000
2008-11-14,5.484359264373779,6.107062073454966,5.461507790139811,5.8328443826473375,8280200
2008-11-17,5.341537952423096,5.661458623934096,5.1701516059882575,5.484359816981765,6572800
2008-11-18,5.421516418457031,5.638605660727292,5.050179886439658,5.19871471717542,9625600
2008-11-19,4.3989129066467285,5.427230343935838,4.244665318294468,5.284408492779632,12765600
2008-11-20,3.9475951194763184,4.47317947422214,3.8676149744879136,4.301793449246987,19204500
2008-11-21,3.5819714069366455,4.558872724502186,2.850723533514977,4.558872724502186,22961000
2008-11-24,4.633139610290527,4.695981559310383,3.667664353975131,3.9990109303310897,15566800
2008-11-25,4.958775043487549,5.050180944687332,4.427477561736127,4.9187845530960335,9950000
2008-11-26,5.147296905517578,5.147296905517578,4.6845541144579155,4.718831580204564,4335000
2008-11-28,5.39640998840332,5.430928294731682,5.02821124606308,5.223816810785752,2654500
2008-12-01,4.170997142791748,5.177789556569067,4.142231535523589,5.102999197135182,7030700
2008-12-02,4.573716640472412,4.775075459001459,4.228530525511548,4.775075459001459,8782100
2008-12-03,4.70603609085083,4.792332373501415,4.280306537770883,4.3378374843143375,8078000
2008-12-04,4.6082329750061035,4.947665943885517,4.452899020301961,4.452899020301961,8337700
2008-12-05,4.826850891113281,4.987937530600619,4.429886700839406,4.5046770634802575,9674500
2008-12-08,5.079987525939941,5.246827412855605,4.677270614280587,5.15477789575157,10275300
2008-12-09,4.844112396240234,5.206557923121899,4.8153467737273505,4.947668417823172,6441100
2008-12-10,4.9706807136535645,5.0339646430780185,4.706037979042547,4.941915091675683,5277300
2008-12-11,4.585221290588379,4.993691750228838,4.498924996664812,4.867123376970278,7313700
2008-12-12,4.602479934692383,4.74630743265152,4.326331127637673,4.332084359234045,6878800
2008-12-15,4.44139289855957,4.665763712616977,4.2342815045046605,4.6082330441531205,5357300
2008-12-16,4.993691444396973,4.9936914443969735,4.52769005923735,4.585221009772732,6271100
2008-12-17,4.792332649230957,5.03396291294499,4.7578143536480475,4.982184920912209,6463300
2008-12-18,4.71754264831543,4.9821853127863625,4.62549312130962,4.740555030066882,5767700
2008-12-19,4.642751216888428,4.953418574363148,4.544948753803485,4.7635663308318374,9476900
2008-12-22,4.297565460205078,4.671517004708323,4.234281559475756,4.544948928920499,6787200
2008-12-23,4.3263325691223145,4.389616766122078,4.194011215938777,4.343591995332895,4141200
2008-12-24,4.556454658508301,4.556454658508301,4.337836820755928,4.487417533216757,1638900
2008-12-26,4.429886817932129,4.527689560227764,4.337837307220556,4.4874180364560425,1955000
2008-12-29,4.3953680992126465,4.4528990414152,4.1940096643391245,4.349343345450603,3866000
2008-12-30,4.683023929595947,4.70028307719547,4.360850065340522,4.418381014554275,3242400
2008-12-31,4.901641368865967,4.93040642938476,4.631245520454105,4.631245520454105,4678200
2009-01-02,5.103000164031982,5.137519009025937,4.706036464222866,4.884382275492748,4548500
2009-01-05,4.878627777099609,5.102998839684714,4.79233150999826,4.970677823641542,5005500
2009-01-06,4.999444007873535,5.154777982081869,4.838357350243654,4.947666565129166,6803900
2009-01-07,4.573716640472412,4.9016438748956785,4.510432706854623,4.849865861636287,7882600
2009-01-08,4.61973762512207,4.671515595857215,4.510429002526467,4.5449475582401995,4277200
2009-01-09,4.360849380493164,4.75206032236757,4.3263308163858625,4.636998442009899,6845000
2009-01-12,4.009909152984619,4.447144729139477,3.860328748841018,4.360848204969009,10309300
2009-01-13,4.257293701171875,4.332084060797332,3.9236139727865,3.9868978700118896,9130400
2009-01-14,3.9868998527526855,4.188258655625783,3.9121097302622228,4.05593728984055,7281900
2009-01-15,3.578428268432617,3.981145454315704,3.2850202955757455,3.981145454315704,16782200
2009-01-16,3.6302053928375244,3.8545761743526628,3.290772468095523,3.8545761743526628,12963300
2009-01-20,3.354057550430298,3.785540088293459,3.342551360393782,3.733762095964533,16647600
2009-01-21,3.8488235473632812,3.8660826920100013,3.3195383564917997,3.578427720825862,17947600
2009-01-22,4.050183296203613,4.58522161873478,3.612947739736361,3.7452690807059077,22567700
2009-01-23,4.38386344909668,4.424135259934678,3.7395161216643147,3.9121092831651443,13347700
2009-01-26,4.314825534820557,4.602480570475261,4.147985636087166,4.389615909929793,10631900
2009-01-27,4.527689456939697,4.5967265883984645,4.257293888228271,4.441392905451651,9633500
2009-01-28,5.022458553314209,5.108755425751155,4.746309878296731,4.924656309072836,15606300
2009-01-29,4.498924732208252,4.930406999450306,4.458652929569751,4.884382238908711,10453500
2009-01-30,4.188256740570068,4.688776078874799,4.130725523581108,4.401121365575865,9303400
2009-02-02,4.096207618713379,4.182504183787489,3.9236147628943763,4.050182857161644,8550400
2009-02-03,3.8718366622924805,4.1652446462643,3.7337621071128164,4.159491688393469,11389800
2009-02-04,3.9868998527526855,4.090455871219833,3.791294558270084,3.923615924055317,12575400
2009-02-05,4.1825032234191895,4.3435901261913985,3.5956870997183246,4.015663363938591,14976100
2009-02-06,4.872875690460205,5.028209099956643,4.245787723672378,4.251540680828568,19724500
2009-02-09,5.1950483322143555,5.356135502003008,4.8556153976245096,4.92465306962438,12958800
2009-02-10,3.8143057823181152,5.195049713616409,3.7797872114685793,5.010950669085552,23249800
2009-02-11,4.113465785980225,4.222774698467796,3.699242509782152,3.952378895385611,19228200
2009-02-12,4.268802165985107,4.291814554400447,3.912109871218037,3.912109871218037,13171300
2009-02-13,4.055935382843018,4.435639873817043,3.9696388328046015,4.176750498030966,9931600
2009-02-17,3.4921326637268066,3.8603310781139064,3.492132663726806,3.7855406937500296,12573000
2009-02-18,3.5554158687591553,3.676230996397839,3.3080326558619064,3.676230996397839,10173600
2009-02-19,3.083662986755371,3.670479425062428,3.0721567928406954,3.624454649403726,12743600
2009-02-20,3.4921326637268066,3.6187007743716912,2.7787479443769683,2.9168225212279144,25181800
2009-02-23,3.5324039459228516,3.6302067070573787,3.250502127903788,3.572675751780961,17573000
2009-02-24,4.142232418060303,4.182504221950133,3.3943294873620586,3.58418176765985,17231000
2009-02-25,4.458651542663574,4.688775273789361,3.8948478527471444,3.986897345197459,29416400
2009-02-26,4.631247043609619,4.826852591956289,4.458653880441467,4.5737158063340555,20717800
2009-02-27,4.064733982086182,4.592395491743401,4.058935370269143,4.319866819189233,12848100
2009-03-02,3.8559887409210205,4.157509649639293,3.6936312009220886,3.9313690372238472,13241100
2009-03-03,3.7458181381225586,4.058936039012661,3.6066544730085823,4.029943528136768,10737700
2009-03-04,3.7632133960723877,3.9719587539779773,3.4848866208556992,3.913974009141167,11308500
2009-03-05,3.2471489906311035,3.664639737086772,3.148574778926485,3.61245332465654,11406400
2009-03-06,3.1079845428466797,3.461691531068636,2.9398286890380776,3.3109312343577857,13741400
2009-03-09,3.5138790607452393,3.6124532709853137,3.0500007984002466,3.055799134976851,13885400
2009-03-10,4.006748199462891,4.006748199462891,3.583459295465882,3.6414442965146865,14617300
2009-03-11,4.076331615447998,4.424240364740368,3.8443923570887257,4.047339104468185,12399500
2009-03-12,4.6155900955200195,4.638783993367411,3.977757351730615,4.0531373814881,14938300
2009-03-13,4.46483039855957,4.748955843698303,4.006750407401892,4.69676997758025,15166800
2009-03-16,4.575000762939453,4.980894539513407,4.5112176803364825,4.656179407657012,18669700
2009-03-17,4.80114221572876,4.812739443409902,4.3604577940910145,4.603994045532483,8485200
2009-03-18,5.212832927703857,5.3346010190878514,4.406844356180362,4.644582203235948,16273200
2009-03-19,4.748955249786377,5.421579447139263,4.679373550678049,5.276617435750365,14464600
2009-03-20,4.331462860107422,4.795341478176359,4.319865915392671,4.795341478176359,11715400
2009-03-23,5.299809455871582,5.317204736232867,4.70836439372796,4.992489702568252,14552800
2009-03-24,4.986693859100342,5.299811809593585,4.847529895447382,4.963499957322554,11798300
2009-03-25,4.963499069213867,5.323004758937071,4.551806695088621,5.323004758937071,13639100
2009-03-26,5.05047607421875,5.120057767476017,4.801141258640601,5.044677461534109,10194800
2009-03-27,4.824336051940918,5.189640424093113,4.743157671231259,4.899716371875775,8747600
2009-03-30,4.221292495727539,4.760550900020507,4.174904435186926,4.702565893467993,10219300
2009-03-31,4.563405513763428,4.673576987377742,4.2270935838637556,4.406846502379333,9482800
2009-04-01,4.841728687286377,4.870720630922177,4.354656513596984,4.3720517903756395,12532400
2009-04-02,4.905511856079102,5.18963711327268,4.841728804357857,5.033078512507483,14787500
2009-04-03,4.951902389526367,4.969297676417324,4.644583073850526,4.969297676417324,8853100
2009-04-06,4.603993892669678,4.859127086828174,4.493822721794887,4.859127086828174,10002000
2009-04-07,4.319865703582764,4.4938201422677295,4.30826875943663,4.470626253975462,8766900
2009-04-08,3.8096017837524414,4.430039019598987,3.7574153708333506,4.430039019598987,29760900
2009-04-09,4.783744812011719,10.031367466435768,4.209695567286954,4.348858920010653,22025300
2009-04-13,5.351998329162598,5.375192786766595,4.656180637645533,4.760553484918299,17944100
2009-04-14,4.754754543304443,5.694108445155939,4.690971448241794,5.224431770723325,20579000
2009-04-15,4.841728687286377,4.888116460686712,4.488021223876476,4.685169537320839,12110600
2009-04-16,4.992490291595459,5.183840057103525,4.586596866365805,4.882319432327746,13755600
2009-04-17,5.247625827789307,5.653519419074308,4.899716719267143,4.957701755016266,17450600
2009-04-20,4.290874481201172,4.963498227871424,4.2096958532643045,4.963498227871424,19757900
2009-04-21,4.087928771972656,4.33726332837719,3.3225292634967674,3.9777576117493254,39941500
2009-04-22,3.5660650730133057,3.867586006540842,3.479087822160677,3.763213194920464,35407900
2009-04-23,3.5602667331695557,3.7168256860933275,3.3399246976978967,3.6704378891519256,25579100
2009-04-24,4.05893611907959,4.116920865482111,3.33992471070217,3.577662309199046,33591600
2009-04-27,3.5718636512756348,4.000951322230206,3.5254758547385086,3.86178765612575,17551200
2009-04-28,3.519676923751831,3.7864069852680764,3.409505787343553,3.554467765276598,14370400
2009-04-29,3.629849910736084,3.90817678483128,3.5660665305093486,3.583461821893713,16473800
2009-04-30,3.5660650730133057,3.838593497425613,3.5428711763183456,3.803802652383173,14723800
2009-05-01,3.409506320953369,3.629848628254923,3.3689168612421123,3.589259168543666,11362700
2009-05-04,4.070532321929932,4.070532321929932,3.47908746409372,3.47908746409372,19441600
2009-05-05,3.8211989402770996,4.064735178409125,3.7864080886143974,3.954564009897346,12984000
2009-05-06,4.459031105041504,4.656179234897893,4.018346497082259,4.05893595618158,31818500
2009-05-07,3.9313690662384033,4.795342621139619,3.7284220706186764,4.696768429322732,30502900
2009-05-08,4.041540145874023,4.470627778599179,3.345722706824593,4.221293256179961,45272100
2009-05-11,3.6414453983306885,3.948764669710671,3.6240498374539634,3.942966333747136,31790300
2009-05-12,3.479088068008423,3.734221226174877,3.374715525505678,3.7168256641778803,36702200
2009-05-13,3.2761385440826416,3.531271486122843,3.218153847367333,3.4442943028034585,27301900
2009-05-14,3.4384984970092773,3.53707270000246,3.218156469928533,3.235551754872583,25536900
2009-05-15,3.3631181716918945,3.5254754404948434,3.3225287162446353,3.5022815449515647,16259300
2009-05-18,3.508079767227173,3.525475048704952,3.3631177979449425,3.4964828207443146,21304700
2009-05-19,3.3051328659057617,3.5080798488152727,3.2529467437657056,3.4500948385594006,18169800
2009-05-20,3.2703423500061035,3.4269012849400915,3.2123576104922282,3.374715157624127,16528700
2009-05-21,3.1543734073638916,3.2935368058612378,3.0731947582404393,3.264544569420838,15723300
2009-05-22,3.0500004291534424,3.2123577045459046,3.026806256175749,3.2065593686712734,11529500
2009-05-26,3.015209674835205,3.1021869354828358,2.9688218762212926,3.0905899858293577,12014000
2009-05-27,2.7600769996643066,2.986217673949927,2.736882822038984,2.910837357023683,28013400
2009-05-28,2.9166359901428223,2.9340312778622604,2.7368828404212056,2.8586509604297263,20706800
2009-05-29,2.9050164222717285,2.963116695308372,2.8585362038424136,2.9514966407010435,22999200
2009-06-01,2.7539546489715576,3.0270262698371684,2.701664556691407,2.9631158492237883,42752600
2009-06-02,2.8004350662231445,2.875965259330251,2.5564137177623727,2.6726142279608975,93025600
2009-06-03,2.672614574432373,2.916635954527503,2.626134364327378,2.8992057372161772,58231000
2009-06-04,3.1955153942108154,3.247805734770075,2.783003384794649,2.7946234296918484,89970600
2009-06-05,3.154845714569092,3.3523867934374008,3.0793155465110127,3.3349565841662887,45789800
2009-06-08,3.1722750663757324,3.2303752865020146,3.0793147141736807,3.119984729740227,19775300
2009-06-09,3.2768568992614746,3.28847694838126,3.1316061467422487,3.2013267185047836,22067500
2009-06-10,3.253617286682129,3.3407678066111943,3.166466766753064,3.3407678066111943,21319900
2009-06-11,3.468587875366211,3.549928496884193,3.224566841943744,3.247806940364931,41977600
2009-06-12,3.5557379722595215,3.584788230452448,3.439537493575404,3.468587474724536,24963600
2009-06-15,3.4569685459136963,3.549929235997151,3.3291479779842867,3.4743987618805576,18831400
2009-06-16,3.4395387172698975,3.497638977282451,3.3465783012498114,3.456968656751717,15932500
2009-06-17,3.1722750663757324,3.422106151440597,2.98054420143715,3.4104861074153403,38123300
2009-06-18,3.410487651824951,3.43372775039954,3.1722765029135003,3.189706438322528,21246100
2009-06-19,3.526688575744629,3.6138388106830868,3.410487800753618,3.462778163351765,70575800
2009-06-22,3.1955153942108154,3.4743967487873264,3.1722753044164165,3.416296524301329,37193500
2009-06-23,3.0618863105773926,3.2884774408698285,2.96311573974524,3.2710475031017228,39143200
2009-06-24,2.9979751110076904,3.2129464114591966,2.968925129950423,3.108365703930412,30433900
2009-06-25,2.974735736846924,3.0676964190910443,2.893395382296696,2.945685748743773,35624900
2009-06-26,3.0212161540985107,3.0851265757363295,2.939875793769211,2.968926060980187,30335400
2009-06-29,3.090935468673706,3.1722757955471867,2.939874584579189,3.0386451200188707,22464700
2009-06-30,3.0444564819335938,3.1664671699620066,2.9689262802848773,3.1664671699620066,18927100
2009-07-01,2.9979751110076904,3.1199857517620773,2.974735015344359,3.0037852734454202,19516100
2009-07-02,2.974735736846924,3.0967464071941952,2.8875852184497495,2.945685748743773,30271900
2009-07-06,2.9514951705932617,3.0328355123298194,2.905014975315229,2.934065235885908,18956300
2009-07-07,3.0735061168670654,3.149036579968925,3.0212157536359556,3.0676962304212996,39660200
2009-07-08,2.9514951705932617,3.1374162287492107,2.8759647147445495,3.1257961799297025,53602500
2009-07-09,2.9979751110076904,3.108365703930412,2.9573050821187574,2.9979751110076904,26143300
2009-07-10,2.974735736846924,3.003786001993935,2.93406569809374,2.986355787496956,11073400
2009-07-13,3.1257970333099365,3.137417085301859,2.9979761843548975,3.0328363403306646,20225100
2009-07-14,3.0212161540985107,3.149036997374148,2.9979760511472824,3.1316067816387863,17879600
2009-07-15,3.0793166160583496,3.119986656744017,3.0095960318014403,3.061886400733154,34090200
2009-07-16,3.0270261764526367,3.096746482037866,2.980545972729151,3.0444561143270104,14475700
2009-07-17,2.968925952911377,3.0793165764334374,2.9456858508060875,3.0386462592272454,20265500
2009-07-20,2.9514951705932617,3.003785528802957,2.916635024134737,2.992165479983449,13709800
2009-07-21,2.8004350662231445,2.9514957294812265,2.690044443012611,2.939875678461374,28919500
2009-07-22,2.9979751110076904,3.061885512603749,2.5564130163605996,2.6145132555189283,53586500
2009-07-23,3.137416124343872,3.21294657767912,2.9689252835460467,2.9689252835460467,42274400
2009-07-24,3.056075096130371,3.1374154168168507,2.951494406775437,3.096745117951738,30043900
2009-07-27,3.224565267562866,3.282665485248639,2.9921641197760818,3.056074497752278,40322000
2009-07-28,3.0502662658691406,3.241997243968182,3.0212160001385544,3.189706876470674,36088600
2009-07-29,2.9979751110076904,3.061885512603749,2.9573050821187574,3.038645416940417,37162400
2009-07-30,3.1955153942108154,3.2594257796672745,3.0444545335034987,3.0444545335034987,54186700
2009-07-31,3.358198642730713,3.4453489017399925,3.108367087575288,3.1897074586044436,64108300
2009-08-03,3.735849380493164,3.8055699545966286,3.375627568641235,3.4860181775075683,50263900
2009-08-04,3.776520252227783,3.846240559624536,3.5731692171319853,3.700989780692698,35724800
2009-08-05,3.7242298126220703,3.8578605377901756,3.6428894555330973,3.7300399766503602,47649000
2009-08-06,3.817190170288086,4.037971120588626,3.6428891430069723,3.828810220303904,44603500
2009-08-07,3.939201593399048,4.067022168215063,3.8636711152130894,3.9914916900291044,30433800
2009-08-10,3.805569648742676,3.962440443041044,3.7823295515906072,3.962440443041044,24567100
2009-08-11,3.567359209060669,3.817190737061292,3.5441191055783623,3.817190737061292,29886000
2009-08-12,3.730039596557617,3.8346200450152157,3.573168785349299,3.578978671741689,42343800
2009-08-13,3.8636698722839355,3.9392003261720094,3.706799078770756,3.8578597095030944,24372200
2009-08-14,3.8636698722839355,3.892719855056711,3.7532792728422444,3.852049823766063,16194200
2009-08-17,3.631269693374634,3.7532803772355328,3.584789485626461,3.7009900049968927,18354700
2009-08-18,3.7416601181030273,3.811380425864505,3.66031975904797,3.6661296461728217,18188900
2009-08-19,3.677748203277588,3.753278644521424,3.6312680169871547,3.6661281567049797,13625200
2009-08-20,3.7416601181030273,3.7765202719837663,3.6719398103415495,3.7067999642222884,11740200
2009-08-21,3.910149574279785,3.979869856613018,3.747468638458466,3.7881389416747395,27379800
2009-08-24,3.7242298126220703,4.049591518021833,3.689369659583939,3.9333910078947283,25805400
2009-08-25,3.7648990154266357,3.8578593960157077,3.730038872705734,3.8113792057211717,13677300
2009-08-26,3.7184200286865234,3.8230004906991644,3.6428895564887886,3.7823304495495202,14279900
2009-08-27,3.8229994773864746,3.8346195256412376,3.6661286874252723,3.741659139603134,20640200
2009-08-28,3.887006998062134,3.939376942961189,3.7822673857295053,3.9277392082575635,14538300
2009-08-31,3.875370979309082,3.8870087191657072,3.753174572081714,3.80554454016933,17872100
2009-09-01,3.5786056518554688,3.9219188455942606,3.549511186427344,3.84627373491883,29230600
2009-09-02,3.3865838050842285,3.572787542568697,3.3749460714914497,3.532055613726697,22192700
2009-09-03,3.4622297286987305,3.5087809512109085,3.404041047390407,3.4738674649603953,14678900
2009-09-04,3.61933970451355,3.6775286696788894,3.4098604287943046,3.479686854034053,25463500
2009-09-08,3.590245246887207,3.7066226141017315,3.5495130296293587,3.6891661477523177,12973300
2009-09-09,3.613520622253418,3.6193393517234496,3.4913242512620055,3.590245149442246,16547900
2009-09-10,3.5960640907287598,3.625158572189217,3.5029621940001565,3.5902453609159912,17817700
2009-09-11,3.450591802597046,3.6018826431406907,3.4447730735191002,3.6018826431406907,21601500
2009-09-14,3.4971437454223633,3.520419221476293,3.351671881352526,3.404041563741086,18352100
2009-09-15,3.7589921951293945,3.7997244083459614,3.4796862640605832,3.4971430061435416,31591100
2009-09-16,4.084849834442139,4.113944317547597,3.7473551622534877,3.7531738923952465,44378500
2009-09-17,3.8113620281219482,4.073211209152711,3.770629816142843,4.067392202813341,31170600
2009-09-18,3.8579132556915283,3.9102829293104504,3.782267832450789,3.8230000474570747,25661200
2009-09-21,3.8579132556915283,3.9044642000041323,3.7240791520600336,3.8230000474570747,17187800
2009-09-22,3.985926628112793,3.9975643591560925,3.817179389252258,3.9451947081939434,16718500
2009-09-23,3.898646116256714,4.032480251574125,3.8928273855727813,3.9917483043898563,17656600
2009-09-24,3.718259572982788,3.933558073488636,3.642614438850677,3.933558073488636,21821400
2009-09-25,3.6309773921966553,3.7240795687034853,3.5960641800561732,3.6891663565630037,15225800
2009-09-28,3.7764511108398438,3.7764511108398438,3.6367981933969293,3.7008059192911062,10635900
2009-09-29,3.8113620281219482,3.8870071682752947,3.7822675513560884,3.7939052865693337,12002900
2009-09-30,3.7822682857513428,3.9161024054227043,3.776449278282108,3.8404569731159457,25675300
2009-10-01,3.572788715362549,3.782268266261215,3.5553322479758953,3.753173783996064,22532000
2009-10-02,3.590245246887207,3.7531735609875416,3.4505921287642476,3.491324346022096,22630500
2009-10-05,3.625159978866577,3.6775299548304017,3.572790002902752,3.6542544716166234,12953900
2009-10-06,3.625159978866577,3.7706318876855156,3.5378767780820843,3.6775299548304017,14516600
2009-10-07,3.6542513370513916,3.694983259003413,3.5378737433439107,3.6251568692581695,10182000
2009-10-08,3.61933970451355,3.694985137256052,3.5960642294336336,3.6891664072188473,14366100
2009-10-09,3.601881742477417,3.6193382028117087,3.5495118065436735,3.59606273738903,14602600
2009-10-12,3.6717092990875244,3.6775283060148474,3.601882880752783,3.6135206171419063,10052100
2009-10-13,3.7415359020233154,3.7589926462010483,3.6426152765679496,3.6542530135312594,17666700
2009-10-14,3.887006998062134,3.92192020217301,3.7473541816186295,3.828818324544007,20267000
2009-10-15,3.8695499897003174,3.916100921957964,3.8055423191133326,3.8288177852421557,16536700
2009-10-16,3.7531728744506836,3.840456022628358,3.671708732302078,3.805542818850384,21379100
2009-10-19,3.69498610496521,3.7939070386948144,3.6367974020259193,3.7648125484923582,10298600
2009-10-20,3.8055436611175537,3.823000405602918,3.596064114620883,3.6600718077798318,25427700
2009-10-21,3.6542513370513916,3.985926827074003,3.6426136054271843,3.7124399951724283,43371700
2009-10-22,3.8579132556915283,3.9684718871667206,3.619339249891159,3.665890471669278,34309400
2009-10-23,3.770630359649658,3.9102832023384626,3.700803938305256,3.9102832023384626,14958800
2009-10-26,3.555331230163574,3.764810443627451,3.526236756227525,3.7589917153195214,26761600
2009-10-27,3.3924031257629395,3.5669694376148744,3.369127654511415,3.5553317019891124,28159300
2009-10-28,3.20038104057312,3.421498342695362,3.17710556429347,3.3924038586130174,29669000
2009-10-29,3.293482542037964,3.433135660065351,3.25275060227352,3.334214759267937,32441200
2009-10-30,3.136373519897461,3.276026662958983,3.078184825899152,3.2643889241593214,21510300
2009-11-02,3.2294747829437256,3.281844453812443,3.118916157274545,3.130553892741538,21605100
2009-11-03,3.223655939102173,3.2643881540242274,3.1130973078556097,3.153829522777664,18908300
2009-11-04,3.0956411361694336,3.322577149484706,3.089822128857625,3.316758142172897,15672000
2009-11-05,3.2120189666748047,3.241113452459709,3.089822570323135,3.124735786785672,17351600
2009-11-06,3.3342132568359375,3.3574887197747425,3.1363715443906925,3.142190548858096,21975700
2009-11-09,3.3982231616973877,3.4214986399995135,3.3342154576337486,3.3982231616973877,15132600
2009-11-10,3.3109400272369385,3.386585471546139,3.264389069959151,3.328396497483313,13271100
2009-11-11,3.351670265197754,3.3749457300283976,3.3051190580710403,3.334213527842058,11472100
2009-11-12,3.328396797180176,3.409861257217152,3.2993025849946416,3.340034537547513,12679000
2009-11-13,3.2527503967285156,3.386584499209264,3.212018182072457,3.340033277831407,15097400
2009-11-16,3.2527503967285156,3.374946763231178,3.2236559180505435,3.310939076618947,13250700
2009-11-17,3.345853328704834,3.369128807924663,3.2294759326056877,3.2585701428976748,9612800
2009-11-18,3.4564123153686523,3.497144546526495,3.299302677282151,3.3516726491328597,18455200
2009-11-19,3.3865838050842285,3.444772473048125,3.2993006644056564,3.4214970058625664,15841700
2009-11-20,3.3342132568359375,3.43313411305856,3.310937793897133,3.3574887197747425,10922900
2009-11-23,3.4622297286987305,3.48550520122206,3.392403311128742,3.4098600542539987,7998200
2009-11-24,3.4564123153686523,3.4680500560615184,3.3574913807464806,3.4331368339829207,8860000
2009-11-25,3.421496629714966,3.491323023595167,3.398221165088232,3.4622285540790374,8147700
2009-11-27,3.2466347217559814,3.3690392808952825,3.2466347217559814,3.2757784923511872,7316900
2009-11-30,3.4156692028045654,3.427326765492436,3.2524630472361657,3.2524630472361657,20808000
2009-12-01,3.4681291580200195,3.4739580801181282,3.3282383629250467,3.456471591762105,19314800
2009-12-02,3.561389207839966,3.5730467716161094,3.4331557283641403,3.4681284196925715,14987700
2009-12-03,3.4156692028045654,3.6663069395628827,3.4098402824915217,3.6021902058104875,17143700
2009-12-04,3.59053111076355,3.6138462261889153,3.415667745073305,3.503099566887477,19158600
2009-12-07,3.4331557750701904,3.5672178992888015,3.3981830832659767,3.4564709029396665,18287900
2009-12-08,3.3981831073760986,3.438984720406293,3.3515528513063044,3.4040120283539474,14013800
2009-12-09,3.4681291580200195,3.4972732126339574,3.36321106169879,3.4156702488285564,12494100
2009-12-10,3.4273264408111572,3.508929371895749,3.3981823978832786,3.404011317644131,7515800
2009-12-11,3.5380754470825195,3.5672192288122986,3.380698136338987,3.4448146229075123,13290700
2009-12-14,3.5555596351623535,3.567217196801383,3.514758308394846,3.5380734316729057,9659300
2009-12-15,3.3923537731170654,3.549730994254867,3.3806962114749393,3.5089293895383284,12410500
2009-12-16,3.3457248210906982,3.485615904482784,3.3282386093781398,3.3981840121050206,12209500
2009-12-17,3.2174904346466064,3.345723627221199,3.20583287168528,3.3282374217483213,21514100
2009-12-18,3.2408053874969482,3.2699494323129654,3.130058406309577,3.252462949835713,15781400
2009-12-21,3.33406662940979,3.3748682456597328,3.234977466411252,3.287436369660296,18031600
2009-12-22,3.328237295150757,3.369038902932524,3.310750812404795,3.310750812404795,12499500
2009-12-23,3.299093246459961,3.351552416705139,3.2524629964367864,3.334065933977342,8307000
2009-12-24,3.3573813438415527,3.3573813438415527,3.2816070484287327,3.2816070484287327,3062700
2009-12-28,3.2874369621276855,3.3806977763725645,3.269950750539367,3.369040209334245,6163500
2009-12-29,3.32240891456604,3.3398954001522494,3.2641210925091064,3.28743622133188,5236400
2009-12-30,3.2932662963867188,3.310752510161411,3.264122236177756,3.2932662963867188,3547300
2009-12-31,3.2349753379821777,3.322406878518381,3.234975337982178,3.287434206716282,5793100
2010-01-04,3.462299108505249,3.47978531182528,3.293264327407935,3.2990929692018818,14901600
2010-01-05,3.596362352371216,3.608019917616411,3.4273275173467455,3.4273275173467455,16660800
2010-01-06,3.5730457305908203,3.6138470529505256,3.5322441302929515,3.596360851350127,11785800
2010-01-07,3.724595308303833,3.7770544871895204,3.520587791881424,3.538074277489406,25554700
2010-01-08,3.7887120246887207,3.8236847177178714,3.6954515099443173,3.7012801531467137,16513200
2010-01-11,3.806196928024292,3.846998247295674,3.7245937336052446,3.7887104498093125,14836600
2010-01-12,3.73625111579895,3.8178543063455233,3.707107357407856,3.765395152128173,20207300
2010-01-13,3.782883644104004,3.8644868841043256,3.666307984015397,3.753739868051001,16226500
2010-01-14,3.9927189350128174,4.016034060168128,3.753738763201778,3.753738763201778,24101200
2010-01-15,4.010205268859863,4.045177955293512,3.794540230216597,3.9577461002402883,29510700
2010-01-19,3.9402589797973633,4.004375417714828,3.8994573828095893,3.97523165809911,17897800
2010-01-20,4.056836128234863,4.074322335115307,3.8936299557006633,3.8936299557006633,20676700
2010-01-21,4.2783284187316895,4.517308522600002,4.255013300204934,4.289985977995067,57005100
2010-01-22,4.225871562957764,4.365762350252194,3.9286032230496666,4.173412378753208,27104500
2010-01-25,4.11512565612793,4.35993487759266,4.010207537473772,4.330790816775102,29787100
2010-01-26,4.016033172607422,4.202554410566121,4.010204531575857,4.138437691589981,36998500
2010-01-27,4.167582988739014,4.231699727071741,3.9868906151997248,4.00437682151159,23381300
2010-01-28,4.237529277801514,4.359933859964088,4.19672765776789,4.231700633761452,27513800
2010-01-29,4.185067653656006,4.36575996064483,4.161752535201844,4.272499486828181,17818300
2010-02-01,4.2783284187316895,4.295814618657688,4.155923907497154,4.214211703814043,17914300
2010-02-02,4.383246898651123,4.39490445910213,4.243356173239039,4.243356173239039,29768900
2010-02-03,4.319131374359131,4.3541040654057275,4.220041944091321,4.3541040654057275,30732000
2010-02-04,4.0510077476501465,4.284159334680996,4.045179103891974,4.249186638317111,30016100
2010-02-05,4.016033172607422,4.103465011586129,3.86448489259073,4.045177211579709,35451500
2010-02-08,3.975231885910034,4.074321007807803,3.881971127156022,4.027690767399875,25541600
2010-02-09,4.033520221710205,4.097636949749144,3.986889975113957,4.03934886356564,12635000
2010-02-10,4.010205268859863,4.080150641727159,3.928602055909812,3.9577461002402883,24267300
2010-02-11,4.00437593460083,4.03934861741686,3.96357461028455,4.010204854039257,9413300
2010-02-12,3.9577457904815674,3.9752322712988892,3.8936290647356318,3.9519171488345823,9090700
2010-02-16,4.033520221710205,4.056835345008329,3.992718616969391,3.9985475367630188,9443500
2010-02-17,3.981062173843384,4.062665128314063,3.9519184005015626,4.056836484821008,12498800
2010-02-18,3.9286015033721924,3.975232023330252,3.893628821857272,3.9635744628252785,14011800
2010-02-19,3.9577457904815674,3.9810609129458743,3.905286625967785,3.905286625967785,10628800
2010-02-22,4.062664031982422,4.074321593760949,3.9519173340555107,3.9519173340555107,20247300
2010-02-23,3.9286015033721924,4.051006027643496,3.9111153015838154,4.039348467138523,11928800
2010-02-24,4.1442670822143555,4.1500957239092715,3.9402596200049342,3.9460882616998507,19088100
2010-02-25,4.0743231773376465,4.091809665771049,3.95191887005704,4.051008044718644,15527600
2010-02-26,4.173554420471191,4.191065681518026,4.062648746607494,4.085997280227591,14077600
2010-03-01,4.068483829498291,4.208575243741355,4.027624054027004,4.179389451259283,9943000
2010-03-02,4.109345436096191,4.167716764780651,4.068485366848845,4.068485366848845,7789700
2010-03-03,4.109345436096191,4.16187977108043,4.0743226388855165,4.109345436096191,9324200
2010-03-04,4.1443681716918945,4.185228240331768,4.085996843875252,4.126856912515125,6691200
2010-03-05,4.231925010681152,4.237762282228404,4.150205157374613,4.1852279516488435,10951200
2010-03-08,4.243599891662598,4.290296957475899,4.196902825849295,4.208577092302621,8176000
2010-03-09,4.2377610206604,4.284458065791147,4.1326923907798765,4.214412219758683,12701800
2010-03-10,4.412876605987549,4.488759472142851,4.261111152013394,4.290296677070969,20269700
2010-03-11,4.599662780761719,4.611337040475883,4.401200087284615,4.436222866427109,17572600
2010-03-12,4.407037734985352,4.780614077938229,4.360340413779911,4.704731800780421,31948000
2010-03-15,4.4187140464782715,4.4187140464782715,4.261111314481634,4.401202508106885,25890100
2010-03-16,4.494595527648926,4.50626979090244,4.360341361065314,4.442061482176306,17002300
2010-03-17,4.6113386154174805,4.68138447596201,4.506269963768888,4.529618769507999,17953400
2010-03-18,4.412876605987549,4.564642338298153,4.377853808916591,4.564642338298153,19632900
2010-03-19,4.436224937438965,4.47708500468185,4.3603420747035075,4.436224937438965,15160600
2010-03-22,4.459571361541748,4.512105669137223,4.325317236392659,4.377851543988134,14027000
2010-03-23,4.4887590408325195,4.500433305401097,4.430387717989634,4.459573240242865,11010000
2010-03-24,4.6113386154174805,4.669709933924254,4.471247172664825,4.477084443683703,20819900
2010-03-25,4.62885046005249,4.739756118477855,4.605501929682565,4.687221785977304,23956200
2010-03-26,4.587989330291748,4.681383702814568,4.50043222782376,4.658034900931596,17553600
2010-03-29,4.506269454956055,4.628849349147712,4.430386888633519,4.605500824381337,17037000
2010-03-30,4.529620170593262,4.552968705218053,4.465411561206842,4.506271357631983,11073300
2010-03-31,4.523780822753906,4.582152132541523,4.477083774923813,4.482920766734394,6360200
2010-04-01,4.552966594696045,4.5996636422992685,4.506269268756463,4.558803586478269,10153600
2010-04-05,4.763105392456055,4.76894266512806,4.547131313648504,4.5996656543506305,16163200
2010-04-06,4.944055080413818,5.019937926457867,4.7280810832143345,4.745592337940576,30550000
2010-04-07,4.973240375518799,5.235911396665734,4.9674031056399865,5.235911396665734,51481600
2010-04-08,4.868172645568848,4.903195157979571,4.681384428250859,4.827312862198737,37575600
2010-04-09,4.87401008605957,4.926543856502924,4.815638487780977,4.914869870850896,13399100
2010-04-12,4.868172645568848,4.914869699898344,4.827312862198737,4.909032428938958,11614600
2010-04-13,4.751430988311768,4.809802039908874,4.6055022459731765,4.722245184176758,31228500
2010-04-14,4.973240375518799,5.002425611567474,4.798126175863278,4.8098001589482084,20911200
2010-04-15,4.87401008605957,5.002426711595969,4.833149744595429,4.984915454781517,17960900
2010-04-16,4.669710159301758,4.862335658839129,4.582153038147567,4.856498387538522,36335700
2010-04-19,4.745593070983887,4.792290128582243,4.605501619852399,4.6346874200195805,30415000
2010-04-20,5.008264064788818,5.1016581782260175,4.751430252836521,4.780615495781026,33602000
2010-04-21,5.2183990478515625,5.743741592538453,5.125004966131041,5.142516773958117,75415100
2010-04-22,5.3234686851501465,5.358491750822672,5.002426050397508,5.066634911351682,30510000
2010-04-23,5.3643293380737305,5.411026952132301,5.125006779803624,5.346818080722287,30169000
2010-04-26,5.136681079864502,5.399352154420676,5.107495281208748,5.387677612289251,24597600
2010-04-27,5.031613349914551,5.165867825677331,4.938219222430656,5.101658945527472,28290200
2010-04-28,5.084146976470947,5.24174940544368,5.0257753766008495,5.142518576341045,28467800
2010-04-29,5.230074405670166,5.323468502020446,5.1191690554223905,5.148354293027309,17909200
2010-04-30,5.265099048614502,5.31179611078942,5.148355836504314,5.241749960854151,23067400
2010-05-03,5.247588157653809,5.358494117370495,5.142520027578987,5.305959773996589,15413300
2010-05-04,5.04328727722168,5.230075509338943,4.990752947770488,5.230075509338943,21842800
2010-05-05,4.9849162101745605,5.130844671311606,4.874010824646483,4.9615676786595495,18498000
2010-05-06,4.652198791503906,5.002427010414182,4.3603418960226055,4.973241766204333,42021000
2010-05-07,4.599662780761719,4.78645093618835,4.547128472879825,4.646359819618376,33996000
2010-05-10,4.87401008605957,4.9498923844797975,4.704733119059031,4.838987015757851,24683700
2010-05-11,5.008264064788818,5.11333272074208,4.74559298157849,4.757266967421726,29700300
2010-05-12,5.095819473266602,5.125005264672553,4.9965886731626385,5.084145490707823,13109900
2010-05-13,5.066636562347412,5.200890485048645,5.037450757555384,5.078310550260468,16611700
2010-05-14,4.920705795288086,4.996588629613108,4.798125917789615,4.9849140904834135,23588900
2010-05-17,4.821477890014648,4.961569119795577,4.640526300709485,4.926546034013813,19949000
2010-05-18,4.593826770782471,4.914869418415723,4.529618463924926,4.90319487716557,21731700
2010-05-19,4.547130107879639,4.658035754210411,4.453735996584843,4.558804371791488,16610200
2010-05-20,4.3603410720825195,4.517943754727999,4.266946972244123,4.453735450257288,22706800
2010-05-21,4.593826770782471,4.6230125672350875,4.243598605032984,4.290295656688065,20656500
2010-05-24,4.377853870391846,4.611339465813368,4.360342332442239,4.605502193718015,11821500
2010-05-25,4.547130107879639,4.576315906827466,4.185227648275901,4.237761975047427,24621000
2010-05-26,4.50043249130249,4.669709436093988,4.46540970393215,4.646360911180428,10349700
2010-05-27,4.792668342590332,4.792668342590332,4.51796673675243,4.605637556895711,18403500
2010-05-28,4.687464237213135,4.810202783613113,4.6407062577736164,4.786823933242294,10934300
2010-06-01,4.6114821434021,4.786823505515611,4.6114821434021,4.704997815227161,15975300
2010-06-02,4.816046714782715,4.816046714782715,4.617326524623741,4.646549942651148,13023900
2010-06-03,4.775134086608887,4.938786015209434,4.745910388581298,4.892028321323563,11643400
2010-06-04,4.54134464263916,4.704996824862121,4.51212094908934,4.634860016082111,16323800
2010-06-07,4.406917095184326,4.617327009067585,4.377693395392981,4.5647244609223065,12617000
2010-06-08,4.564725399017334,4.57641482559659,4.366004868472059,4.441986280586184,16319600
2010-06-09,4.623171329498291,4.745910416006904,4.582258486460647,4.593947909999666,22418500
2010-06-10,4.8102030754089355,4.8102030754089355,4.629017113392954,4.693308816463819,16826700
2010-06-11,4.816046714782715,4.821891565606893,4.675773639376381,4.734221032826847,7502500
2010-06-14,4.74591064453125,4.909562581957649,4.7342214991272185,4.851115740146075,8943300
2010-06-15,4.856959342956543,4.880338185150262,4.716685732398656,4.816045951070858,11333000
2010-06-16,4.903719425201416,4.997234839704164,4.804359157943287,4.804359157943287,14260000
2010-06-17,4.856959342956543,4.9621638541305,4.780977966478061,4.950474711731423,8704800
2010-06-18,4.892029285430908,4.932942136295115,4.816047878543247,4.862805581643994,7666100
2010-06-21,4.932941913604736,5.003079022485409,4.892029064587479,4.9680104680450725,9056600
2010-06-22,4.775134086608887,4.93294116412478,4.769289235524233,4.927096870435805,8858300
2010-06-23,4.804357051849365,4.880338432173724,4.751754514902071,4.804357051849365,12692100
2010-06-24,4.704996585845947,4.8452696388844325,4.675772893780705,4.769288262473029,8801400
2010-06-25,4.833581447601318,4.880339141148009,4.722531507381172,4.786823196658953,11397600
2010-06-28,4.804357051849365,4.89202757516446,4.792667351463036,4.833580745419595,5369000
2010-06-29,4.564725399017334,4.786824504023208,4.523812266640979,4.734222502463424,18671000
2010-06-30,4.494588851928711,4.699153956978431,4.482899425317239,4.564725411597544,15115900
2010-07-01,4.307557582855225,4.541346384849499,4.190663321207039,4.453675549264408,24890700
2010-07-02,4.219888210296631,4.406919372474946,4.173130489426551,4.336782791169828,9705500
2010-07-06,4.330934524536133,4.406915900436221,4.272487419496749,4.301711111365331,11233000
2010-07-07,4.675774574279785,4.687464278265452,4.330936110243329,4.36015981281173,14346600
2010-07-08,4.751755714416504,4.792668561305346,4.65824003860372,4.716687161800543,12587900
2010-07-09,4.8803391456604,4.927096839250323,4.740065507494955,4.745910358542615,8916200
2010-07-12,4.8102030754089355,4.915408187157437,4.786824223619913,4.862805631283186,10676000
2010-07-13,4.892029285430908,4.938786988531655,4.839426730093621,4.892029285430908,12389600
2010-07-14,4.816046714782715,4.868649257409004,4.734221032826847,4.845270411507948,11869500
2010-07-15,4.7985124588012695,4.851114998567454,4.646549690009095,4.821891303431172,12039500
2010-07-16,4.529656410217285,4.780979460376623,4.465364434746539,4.780979460376623,15607200
2010-07-19,4.54134464263916,4.611481172721374,4.4419844190071265,4.529655220958792,14706900
2010-07-20,4.52380895614624,4.570566906944007,4.383535939846067,4.436138460307487,17312800
2010-07-21,4.406917095184326,4.629016433244552,4.401072522444771,4.611482157630173,16968200
2010-07-22,4.646550178527832,4.745910418000139,4.506277096000698,4.664084453192644,24758800
2010-07-23,4.6933088302612305,4.72253253443237,4.529656867256962,4.6465511265457256,11070900
2010-07-26,4.856959342956543,4.880338185150262,4.646549205817497,4.68746259770318,11077000
2010-07-27,4.921253681182861,5.049837661487678,4.874495971507631,4.956321684741351,14070300
2010-07-28,4.944632053375244,4.985544905998602,4.868650643220569,4.903719200751885,10058900
2010-07-29,4.932941913604736,5.020613021007695,4.8569610675429065,4.9972341705127254,9067300
2010-07-30,4.944632053375244,4.968010905930851,4.839426938177107,4.862805790732714,10527600
2010-08-02,5.207642555236816,5.207642555236816,4.973854107289562,5.008922095783837,16960200
2010-08-03,4.9738545417785645,5.190109014369501,4.932941141767102,5.160885316474363,14725200
2010-08-04,4.956319332122803,5.049835264479876,4.927096195494045,4.991387876431156,11573500
2010-08-05,4.944632053375244,4.962166053442996,4.868650643220569,4.9212532008196375,7393200
2010-08-06,4.775134086608887,4.897873172408216,4.734221243807669,4.897873172408216,9083300
2010-08-09,4.892029285430908,4.897874137667449,4.664085343465819,4.8102030263067075,12228400
2010-08-10,4.962165355682373,4.979699910680296,4.804358262471207,4.8335819634053445,15850700
2010-08-11,4.623171329498291,4.880339204752376,4.611481905959272,4.85111550655591,16213800
2010-08-12,4.558879852294922,4.652395244974497,4.500432453172334,4.558879852294922,12817300
2010-08-13,4.570568561553955,4.687463062819259,4.547189717040457,4.5530342888199264,10133500
2010-08-16,4.553035259246826,4.558880110969869,4.482898710757535,4.541345834498611,7878800
2010-08-17,4.5881028175354,4.611481663383651,4.51796627999065,4.5939476683463765,13939500
2010-08-18,4.547189712524414,4.646549662259199,4.529655439807799,4.588102551033499,11652200
2010-08-19,4.441986083984375,4.599793475168758,4.406917805798724,4.529656918797454,13589200
2010-08-20,4.4653639793396,4.4887428264541125,4.336780320209779,4.412761712680866,10328100
2010-08-23,4.4653639793396,4.611481913154226,4.447829983352636,4.529655948253431,9726200
2010-08-24,4.295866966247559,4.4653637380165305,4.27833297120819,4.389382628349555,16254000
2010-08-25,4.249110221862793,4.342625626115742,4.167284243141461,4.2783339250407835,14801000
2010-08-26,4.290022373199463,4.4069166018842605,4.2724880995478305,4.284177522416311,13228100
2010-08-27,4.436339378356934,4.453897572746292,4.254906005364382,4.342696419155109,13767000
2010-08-30,4.254907131195068,4.395371886242226,4.24905458423541,4.395371886242226,8290200
2010-08-31,4.313434600830078,4.348550724744843,4.219791603724039,4.249055179858749,11098500
2010-09-01,4.594361782073975,4.600214606270773,4.36025411668438,4.383664855315538,12997800
2010-09-02,4.641184329986572,4.647037155533528,4.5475413538599385,4.582657469907426,8315800
2010-09-03,4.699710845947266,4.764090805937473,4.606067876677282,4.7172693213024806,7914800
2010-09-07,4.518276214599609,4.641182717606252,4.4538968304174515,4.611919437271996,12040900
2010-09-08,4.670449733734131,4.752387370023307,4.518279558690325,4.524132386535791,20136600
2010-09-09,4.752384662628174,4.86358609571593,4.693858091984783,4.781648227027903,15243300
2010-09-10,4.8109130859375,4.816765353867308,4.711417275099949,4.73482802128783,9951400
2010-09-13,4.86358642578125,4.9747873082595415,4.822617209578844,4.91040790873591,15439200
2010-09-14,4.723122596740723,4.8694399070056145,4.688006754844644,4.85773481242567,12255700
2010-09-15,4.805059432983398,4.840175825300403,4.658742154948771,4.6938585472657754,10027100
2010-09-16,4.787500858306885,4.787500858306885,4.711415817200947,4.740679380419545,8169300
2010-09-17,4.816764831542969,4.8518812260949185,4.723121856945976,4.810912564247773,9031500
2010-09-20,4.892848491668701,4.922112052418351,4.769941983044971,4.828469104544269,9180200
2010-09-21,4.775796413421631,4.968935197923522,4.764091320077733,4.90455578914162,11143700
2010-09-22,4.611920356750488,4.81676419716396,4.600214986467489,4.769942716031962,12612000
2010-09-23,4.47730827331543,4.682152384313541,4.459750079079921,4.565098686336914,15417800
2010-09-24,4.623626232147217,4.682153089956053,4.524130434333159,4.582657292141995,13200600
2010-09-27,4.588511943817139,4.699712878375953,4.5826591161676316,4.606069868609296,11022200
2010-09-28,4.629478454589844,4.647036650243459,4.547540859388427,4.606067713103725,12568200
2010-09-29,4.652889251708984,4.723121477007084,4.565099109625387,4.600215222274437,11133500
2010-09-30,4.658742427825928,4.799206889009144,4.647037056060659,4.664594974169523,12230900
2010-10-01,4.746532917022705,4.828470804335538,4.723122171812781,4.76994366223263,17373200
2010-10-04,4.723122596740723,4.828471238741442,4.711417502160778,4.740681075845004,12287400
2010-10-05,4.951376438140869,4.980640003766264,4.717269029449895,4.775795602544593,18295000
2010-10-06,4.875292778015137,4.99819934208931,4.840176935797515,4.945525020606628,14261000
2010-10-07,4.963082313537598,4.998198709466782,4.834323497495003,4.945524394651094,11069900
2010-10-08,4.916261672973633,4.992346745489374,4.886998655830579,4.9572309016552,8889100
2010-10-11,4.963082313537598,4.9747879648993845,4.886997812310691,4.9396715689702,6761800
2010-10-12,4.974788188934326,5.004051760500474,4.904555952069291,4.945524617368178,13446100
2010-10-13,4.851881504058838,4.980640880584394,4.834323584855049,4.957230135593947,10350700
2010-10-14,4.787500858306885,4.840175160469154,4.670446884510513,4.840175160469154,13226700
2010-10-15,4.699710845947266,4.8167645575347455,4.641183990153526,4.799206640335655,9722200
2010-10-18,4.857734203338623,4.922113610846716,4.664595143580086,4.6880061670389495,12405400
2010-10-19,4.857734203338623,4.95137718086173,4.775796318927819,4.775796318927819,15546000
2010-10-20,4.72897481918335,4.822617796488973,4.670447958367335,4.816764970868328,18559200
2010-10-21,4.881144046783447,4.886996871337401,4.740679606424976,4.7699426128826055,24579900
2010-10-22,4.857734203338623,5.109399565892929,4.787501970196294,5.097694472780627,32991900
2010-10-25,4.72897481918335,4.927966425035884,4.699711249236299,4.916260773794596,13397400
2010-10-26,4.7114176750183105,4.7699442663778076,4.68215410026043,4.699712021852653,9368000
2010-10-27,4.787500858306885,4.810911597250556,4.658741515038678,4.67629942970742,9978400
2010-10-28,4.805059432983398,4.840175825300403,4.7465322985071,4.828470175142694,6368100
2010-10-29,4.79920768737793,4.834324087593574,4.78164976634823,4.79920768737793,9139700
2010-11-01,4.816764831542969,4.8518812260949185,4.711416764199431,4.8226176569943195,11184200
2010-11-02,4.910409450531006,4.916261719120785,4.822618723808965,4.869440221464875,11050200
2010-11-03,4.974788188934326,4.986493840823266,4.875292380503143,4.922113871746499,12385800
2010-11-04,5.03916597366333,5.085987449796907,4.927965107385092,4.998197321585456,21008800
2010-11-05,4.916261672973633,5.126958968603769,4.857735080531253,4.998199572180494,34332100
2010-11-08,4.875292778015137,4.945525020606628,4.840176935797515,4.910409178389007,12738100
2010-11-09,4.8226165771484375,4.933818003200053,4.799205838741155,4.91040726479277,14752300
2010-11-10,4.927967548370361,4.927967548370361,4.746533819865611,4.834324549718735,18397400
2010-11-11,4.840176582336426,4.916261087637173,4.810913010521258,4.875292421989662,9895400
2010-11-12,4.693859577178955,4.8343240609550415,4.676301098089763,4.799207660932899,13479100
2010-11-15,4.746532917022705,4.810912884967143,4.72897499765431,4.72897499765431,9071600
2010-11-16,4.670449733734131,4.728976616797828,4.541690590993996,4.705565863572349,17368700
2010-11-17,4.494866371154785,4.629478268837863,4.436339519787804,4.629478268837863,23453600
2010-11-18,4.594361782073975,4.629477890020711,4.529982111299282,4.588509236955194,13428900
2010-11-19,4.483162879943848,4.541690034919806,4.377814503327808,4.418783455995347,22410300
2010-11-22,4.529980659484863,4.547538847370014,4.430485191728775,4.465601288421147,9131500
2010-11-23,4.430488586425781,4.524131582689233,4.4012250105543815,4.465604710024576,9628000
2010-11-24,4.453898906707764,4.50072040033191,4.418782786489653,4.459751453871724,6019800
2010-11-26,4.383574485778809,4.4714804469072025,4.3777139579624205,4.401155789782626,2272000
2010-11-29,4.512500762939453,4.5183612878195385,4.365990994279793,4.371851519159879,9670500
2010-11-30,4.412874698638916,4.477338800668781,4.40701417330244,4.453897258213334,9702600
2010-12-01,4.553524494171143,4.553524494171143,4.453897787180709,4.494920631072436,11415600
2010-12-02,4.758638381958008,4.7820799283167945,4.553524711595991,4.576966257954777,17611600
2010-12-03,4.805521011352539,4.823102029703922,4.65901122101319,4.741056904803805,10930800
2010-12-06,4.793801307678223,4.828963350167708,4.717616137096888,4.7820802542546685,10162200
2010-12-07,4.6590118408203125,4.864125798138735,4.623849519994513,4.823102671340708,17431300
2010-12-08,4.793801307678223,4.834823876879485,4.635570439803775,4.641430966515553,14518900
2010-12-09,4.905148506164551,4.92272952735702,4.776219713341744,4.846544915892793,12590800
2010-12-10,4.911008834838867,4.946170875806013,4.852404688039539,4.905148308380822,8741600
2010-12-13,4.864124774932861,4.922728351202864,4.764498080494359,4.911007859505045,19094400
2010-12-14,4.782079219818115,4.928589002576711,4.741056659490657,4.84068335647774,12848200
2010-12-15,4.6941752433776855,4.858266101943018,4.6941752433776855,4.776220393215018,9089900
2010-12-16,4.741055965423584,4.8406826478258145,4.688312361929416,4.723474950555657,11707400
2010-12-17,4.934451580047607,4.969613629553397,4.8172438168771405,4.828964313748837,17728500
2010-12-20,4.928590774536133,4.98133440471444,4.887568199459969,4.940311829638277,10943500
2010-12-21,4.975472927093506,4.998914473930944,4.928589833418628,4.928589833418628,10465700
2010-12-22,5.063379764556885,5.121983359353945,4.98719458831914,4.993055115466035,17830100
2010-12-23,4.9989142417907715,5.116121970535059,4.99305427452146,5.063378911768032,9297100
2010-12-27,5.004774570465088,5.057518186041419,4.934449935993485,4.975472499712625,7281200
2010-12-28,5.186448097229004,5.227470669927175,4.981334115956878,5.016496720334336,11135200
2010-12-29,5.186448097229004,5.227470669927175,5.168866515594957,5.209889647183764,5100600
2010-12-30,5.186448097229004,5.215749615504477,5.151285492851547,5.180587570017655,5769400
2010-12-31,5.186448097229004,5.215749615504477,5.145424965640197,5.168866515594957,4061300
2011-01-03,5.309515476226807,5.356398568207086,5.2098887660460775,5.250911331806186,12148200
2011-01-04,5.250912189483643,5.356399443114698,5.186448067203904,5.3036558162991705,13052600
2011-01-05,5.286073207855225,5.315374717170723,5.180585985869943,5.227469071443298,12409000
2011-01-06,5.1044020652771,5.29779497971213,5.098541538441953,5.280213958097291,14609600
2011-01-07,5.116121768951416,5.1864469623175955,4.96375200703273,5.133703346738217,14645600
2011-01-10,5.075098991394043,5.17472569242616,4.9989138341994535,5.17472569242616,11052700
2011-01-11,5.086822032928467,5.157146691954901,5.063380479919656,5.11612355502145,6021400
2011-01-12,5.139564514160156,5.186447609662298,5.075099838676774,5.1512850085904,16862100
2011-01-13,5.022357940673828,5.1512867770108715,5.010637442219974,5.145426248338556,10725600
2011-01-14,5.139564514160156,5.17472655634147,4.998914668763148,4.998914668763148,14009900
2011-01-18,5.19816780090332,5.221609347287135,5.139564214389058,5.157145234454282,14014600
2011-01-19,5.004774570465088,5.157144891265484,4.98133302564122,5.151284365336888,14449900
2011-01-20,4.922730445861816,4.998915630431599,4.869987372443375,4.98719513374662,14786800
2011-01-21,5.145425796508789,5.151286324666479,5.010637002226272,5.04579905339096,18509300
2011-01-24,5.045797824859619,5.174726618484089,5.0047752555252565,5.151285070451512,17598600
2011-01-25,5.2216081619262695,5.280212294027319,5.069237865575882,5.163004588715645,31692400
2011-01-26,5.2098894119262695,5.309516134457919,5.145424733293667,5.204028884979558,15303600
2011-01-27,5.233330726623535,5.315375864643415,5.163006083081959,5.2098891787763435,14723600
2011-01-28,5.151285171508789,5.309516043000782,5.151285171508789,5.239190838632829,12050700
2011-01-31,5.215747833251953,5.286073017976328,5.168864749362665,5.18058579978021,9324900
2011-02-01,5.426723480224609,5.432584006740734,5.245051070458745,5.2743531441487965,11691100
2011-02-02,5.456027030944824,5.497049609881996,5.3564002887625035,5.397422867699675,14173900
2011-02-03,5.549792289733887,5.549792289733887,5.397421938636718,5.403282465730599,12202000
2011-02-04,5.538069725036621,5.678718983583916,5.473605621258395,5.538069725036621,11036400
2011-02-07,5.614256381988525,5.649418985478894,5.543931733898408,5.567373283261781,10689300
2011-02-08,5.690440654754639,5.725603252668939,5.584953419902271,5.637697037328455,11271600
2011-02-09,5.608395099639893,5.614255625914152,5.49704789488171,5.596674605981923,16123100
2011-02-10,5.450163841247559,5.555650501127269,5.444303316006895,5.526348992704846,16178000
2011-02-11,5.590816497802734,5.649420668111234,5.39742351823179,5.42672560338604,12921700
2011-02-14,5.625977039337158,5.643558060397111,5.5439313429064105,5.59667496497685,7797900
2011-02-15,5.655279636383057,5.725604851853777,5.60253656311605,5.608396531996369,14452800
2011-02-16,5.596676826477051,5.684582519905543,5.579095799569506,5.643559937491016,10678500
2011-02-17,5.5322113037109375,5.608396487456948,5.514630279428223,5.590815463174233,9128700
2011-02-18,5.584952354431152,5.678718519126971,5.514627730909288,5.5322087470671475,21286000
2011-02-22,5.3974199295043945,5.532208649146248,5.3622573389206325,5.502907142365265,15346200
2011-02-23,5.38569974899292,5.4794664860545,5.309515148396804,5.379839782025108,17125600
2011-02-24,5.297794818878174,5.456025685279849,5.250911723401511,5.3739799887503965,24449700
2011-02-25,5.450334072113037,5.503136106575835,5.3623310543480684,5.385798563052696,9977400
2011-02-28,5.362330436706543,5.509002489093937,5.332995914327168,5.473800950336792,11718600
2011-03-01,5.250860214233398,5.397532290382429,5.221525687101678,5.397532290382429,11754600
2011-03-02,5.303661346435547,5.374063863836215,5.227391812707455,5.244992302180254,13236900
2011-03-03,5.479668140411377,5.532470170466096,5.420999093792913,5.467934107283886,17595100
2011-03-04,5.432732582092285,5.467933558925596,5.315395060132186,5.444466054533576,18027900
2011-03-07,5.4385986328125,5.467932588464188,5.3799296024904475,5.42099758801028,13006300
2011-03-08,5.462069511413574,5.532472055639492,5.426867959545772,5.45620249285066,13051400
2011-03-09,5.503136157989502,5.573538684761129,5.456201140141751,5.462068157250107,11637700
2011-03-10,5.2801947593688965,5.444467328553249,5.256727249485417,5.444467328553249,18543400
2011-03-11,5.3271284103393555,5.409264953581473,5.256725898778723,5.256725898778723,15346000
2011-03-14,5.262594699859619,5.327130217472017,5.186325146585176,5.286062211674092,11644400
2011-03-15,5.174588680267334,5.215657226283776,5.057251176311827,5.080718677102929,12656400
2011-03-16,5.074852466583252,5.227391525663278,5.0631189940821795,5.1628560281337785,14936500
2011-03-17,5.192193031311035,5.198059490611913,5.0337868804834445,5.1511244591466365,11210700
2011-03-18,5.23325777053833,5.5324688286038235,5.1980562392032414,5.2743257575048,39288800
2011-03-21,5.104186058044434,5.303660089839691,5.086585572741717,5.268458559724918,88248000
2011-03-22,5.0983195304870605,5.168722597446874,5.051384525520114,5.168722597446874,26516600
2011-03-23,5.039650917053223,5.098319391912575,4.975114867345743,5.080718905405707,17392500
2011-03-24,5.080719947814941,5.104187454475377,4.963382414512765,5.104187454475377,17017100
2011-03-25,5.115921974182129,5.139389483074773,5.0279183962025575,5.098320922880487,14829100
2011-03-28,5.1393890380859375,5.151122511761555,5.045519010643007,5.115921531225205,12613200
2011-03-29,5.127655029296875,5.15112253626926,5.086587031972576,5.115921555565432,11297100
2011-03-30,5.2391252517700195,5.256725739248686,5.1393882235419,5.156988711020565,25105700
2011-03-31,5.2097883224487305,5.239122827679995,5.174586804269382,5.186320830165548,15658400
2011-04-01,5.250860214233398,5.309529268496838,5.221525687101678,5.221525687101678,13351100
2011-04-04,5.23325777053833,5.338861805034235,5.1980562392032414,5.280192772645542,12624700
2011-04-05,5.198056221008301,5.250858238071428,5.180455735157043,5.2391247673403765,8452900
2011-04-06,5.268459796905518,5.2801938295356985,5.168723317096335,5.239125834349007,11180900
2011-04-07,5.2391252517700195,5.3036607455314,5.209790732965971,5.256725739248686,12259200
2011-04-08,5.203924179077148,5.297794199972199,5.168723200996234,5.286060727115047,10888000
2011-04-11,5.180456161499023,5.244991654604355,5.156988658596229,5.198056648798768,11657500
2011-04-12,5.145256519317627,5.1804575030327795,5.110054976092926,5.121788450828127,13532800
2011-04-13,5.192193031311035,5.221527006344552,5.16285849676781,5.180458993689862,20871200
2011-04-14,5.133522033691406,5.186324064130894,5.115921543381409,5.168723573820898,9732700
2011-04-15,5.174588680267334,5.215657226283776,5.127653678685132,5.180455695342448,12947300
2011-04-18,5.039650917053223,5.133520924435689,4.904712361808893,5.045517932391971,24904800
2011-04-19,4.922314643859863,5.063119690290898,4.898847136121357,5.063119690290898,16652500
2011-04-20,4.89884614944458,5.022050680134486,4.8577775995416745,4.998583177122571,13788400
2011-04-21,4.89884614944458,4.93991413983808,4.851911143420749,4.93991413983808,14341700
2011-04-25,4.934048652648926,4.957516162930472,4.910581142367381,4.910581142367381,6540100
2011-04-26,5.010315895080566,5.033783394561838,4.910578882407835,4.963380896118025,10800000
2011-04-27,5.074852466583252,5.1100540031053505,4.992716480547424,4.992716480547424,20093100
2011-04-28,5.092455863952637,5.115923379290726,5.045520833276459,5.057254311190653,10696500
2011-04-29,5.086587905883789,5.15699043889659,5.086587905883789,5.086587905883789,11969700
2011-05-02,5.110054969787598,5.168724021919858,5.080720443721468,5.1276554616234575,9355100
2011-05-03,5.174588680267334,5.186322710417561,5.057251176311827,5.121786663610018,17263900
2011-05-04,5.063118934631348,5.16285596751184,5.045518446331683,5.16285596751184,14554000
2011-05-05,4.986849308013916,5.0689858509810675,4.969248820060034,5.0337843155638815,7368500
2011-05-06,5.004450798034668,5.080720340452559,4.934048272612661,5.063119848974441,12789000
2011-05-09,4.975114345550537,5.022049903828497,4.975114345550537,4.998582404444177,11325400
2011-05-10,5.039650917053223,5.068985434237588,4.975114867345743,4.992715913361989,9856300
2011-05-11,5.010315895080566,5.0631179087907565,4.986848395599296,5.010315895080566,8938900
2011-05-12,5.004450798034668,5.033785323504555,4.928181255616776,5.010317815030552,12579000
2011-05-13,4.851912021636963,5.004450539069813,4.840177988252393,4.96924955793512,18118700
2011-05-16,4.939915657043457,4.998584712347083,4.846045616165318,4.851912633597596,14616400
2011-05-17,4.998583793640137,5.010317266838579,4.910580226859177,4.910580226859177,12383700
2011-05-18,5.0220513343811035,5.02791779126628,4.957515273058862,4.99271681191731,8591800
2011-05-19,5.039650917053223,5.068985434237588,4.992715913361989,5.045517932391971,7481800
2011-05-20,4.928182125091553,5.051386706194323,4.92231566657019,5.039653229641964,11048200
2011-05-23,4.851912021636963,4.9047134933390035,4.840177988252393,4.863645495512025,9275000
2011-05-24,4.875378608703613,4.898846111533921,4.840177074703451,4.8636445775337585,8493600
2011-05-25,4.892980098724365,4.945782130791242,4.857778557509941,4.857778557509941,7521000
2011-05-26,4.887092113494873,4.91653253906093,4.857651687928817,4.898867946803649,6931600
2011-05-27,4.975412845611572,4.987189240489874,4.898867963490851,4.9106443583691535,6065100
2011-05-31,4.987189769744873,5.040182429262138,4.928308912163583,5.0284060331340905,9224000
2011-06-01,4.816435813903809,4.9754132262163004,4.804659418124646,4.951860996187433,11035800
2011-06-02,4.845875263214111,4.875315688598658,4.75755454858988,4.8046590045933915,13190100
2011-06-03,4.7457780838012695,4.834098786672074,4.722225858933767,4.763442112069564,11740700
2011-06-06,4.669233322143555,4.7634425102533315,4.651569292398697,4.7457784805084735,13466600
2011-06-07,4.675121784210205,4.804659039151575,4.675121784210205,4.751666385384116,12512500
2011-06-08,4.698673725128174,4.757554291956408,4.6397931582999385,4.645681074600418,10606100
2011-06-09,4.7869954109191895,4.822323475381774,4.681010094472515,4.710450522544309,12096300
2011-06-10,4.716338634490967,4.781107125844688,4.628017632650308,4.75166669830956,17083800
2011-06-13,4.710451602935791,4.757556074042782,4.669235050334777,4.757556074042782,15778200
2011-06-14,4.775218486785889,4.828211139146533,4.734002228962897,4.76933085104646,15663200
2011-06-15,4.739891052246094,4.775219117466162,4.698674508214787,4.72811465615309,15294500
2011-06-16,4.757554531097412,4.8046589869277305,4.710450075267094,4.739890500543394,11769400
2011-06-17,4.887092113494873,4.892980310913967,4.775218608649739,4.798770836796702,18515700
2011-06-20,4.828210353851318,4.910643417619187,4.804658130136114,4.881202997592855,11255300
2011-06-21,4.863539218902588,4.916531865354085,4.822322404146237,4.869427415514829,9177800
2011-06-22,4.816435813903809,4.91653293190886,4.816435813903809,4.857652076071963,10074300
2011-06-23,4.763443470001221,4.804659734886684,4.716339006837978,4.7457794366973785,11991900
2011-06-24,4.669233322143555,4.7811065399981905,4.604464838726153,4.7634425102533315,15199600
2011-06-27,4.757554531097412,4.781106759012571,4.645681308118054,4.692785763948373,8860000
2011-06-28,4.769331455230713,4.775219091715994,4.698674482877382,4.775219091715994,8815200
2011-06-29,4.881202220916748,4.892978611665194,4.751664730329925,4.804657365639499,9708700
2011-06-30,4.90475606918335,4.940084691627996,4.869428008268105,4.892980236054736,9712700
2011-07-01,4.9695258140563965,4.993078047809099,4.904757311618854,4.910645510439416,10214000
2011-07-05,4.887092113494873,4.928308372369706,4.834099459781853,4.928308372369706,9708700
2011-07-06,4.851762294769287,4.869426882673046,4.804657850084481,4.869426882673046,8991800
2011-07-07,4.934196472167969,4.981300927529955,4.887092016805982,4.904756047184377,9029600
2011-07-08,4.863539218902588,4.916531865354085,4.822322404146237,4.845874629065865,11636600
2011-07-11,4.716338634490967,4.810547553379815,4.704562238865135,4.769331291748307,11969600
2011-07-12,4.716338634490967,4.816435751192731,4.692786124004029,4.722226832303882,12539900
2011-07-13,4.763443470001221,4.845875999772147,4.73400304014182,4.7457794366973785,12198200
2011-07-14,4.686898231506348,4.804659380734255,4.681010033662589,4.798771182890496,9757100
2011-07-15,4.669233322143555,4.728113889234233,4.628017065562425,4.7222262536722015,9825600
2011-07-18,4.551471710205078,4.681008944207358,4.527919485841028,4.675121028498676,11347100
2011-07-19,4.7457780838012695,4.804658365205361,4.592688341397831,4.669232931834883,22634400
2011-07-20,4.869427680969238,4.934196162646703,4.786994608492074,4.816435031628873,20254100
2011-07-21,4.9459733963012695,4.987190224982289,4.851764464795268,4.8929812934762875,17079400
2011-07-22,4.951860427856445,4.9813008523959805,4.8458751241258735,4.928308200530695,11323600
2011-07-25,4.951860427856445,4.9930766852941595,4.869427912981016,4.869427912981016,14112500
2011-07-26,4.892980098724365,4.957748582937403,4.845875082943789,4.945972188609912,9742900
2011-07-27,4.769331455230713,4.928308870922686,4.763443257215962,4.869428575363591,16635900
2011-07-28,4.751667022705078,4.881204575785478,4.745779386019665,4.769331617349784,14207700
2011-07-29,4.7340006828308105,4.781105122538244,4.63390360807021,4.6868962431233765,15966900
2011-08-01,4.775218486785889,4.828211139146533,4.681009576602253,4.810547108869451,14687600
2011-08-02,4.628016471862793,4.769330095516862,4.62212827552674,4.7281132826938,16214700
2011-08-03,4.663346290588379,4.69278643933702,4.510256506342366,4.622129745422589,19350100
2011-08-04,4.4160475730896,4.633905852645148,4.4101593748917365,4.580913472688098,17087800
2011-08-05,4.268845081329346,4.504367624728039,4.233516741934244,4.498479427779847,22406900
2011-08-08,3.827239513397217,4.257067962286259,3.797799097142161,4.0804260262851555,24029700
2011-08-09,4.0745391845703125,4.080427100913204,3.7506956435351904,3.9155615126065433,19024700
2011-08-10,3.650596857070923,3.986216356943705,3.62704464101998,3.986216356943705,31809600
2011-08-11,3.9450008869171143,3.9979935274976293,3.6859264415037103,3.7389188013195884,19721600
2011-08-12,3.786024808883667,4.068651874045877,3.7565846592246417,4.01565949235373,19683300
2011-08-15,4.00977087020874,4.027435182749185,3.83901706563157,3.83901706563157,11357400
2011-08-16,3.933225631713867,4.0038825947858605,3.8684571466478617,3.95088994267304,12701700
2011-08-17,3.939112901687622,4.045097900199687,3.8625680401577034,3.9803294303801855,13070200
2011-08-18,3.6800384521484375,3.8213517939439043,3.644710116699571,3.815463878418086,19379500
2011-08-19,3.5387253761291504,3.703590953939434,3.5210610666957116,3.6034938556008536,15743600
2011-08-22,3.5622787475585938,3.6741517138241155,3.521062199463826,3.6505994808456093,14278200
2011-08-23,3.738919496536255,3.738919496536255,3.497509032585275,3.568165712654144,14464000
2011-08-24,3.8036887645721436,3.850793224196053,3.691815532582995,3.7271438773009273,15785100
2011-08-25,3.738919496536255,4.021546497576419,3.6918150431570087,3.927337590817927,20240900
2011-08-26,3.7980797290802,3.8513239270702284,3.632431269832019,3.727087653158451,13453000
2011-08-29,3.9933080673217773,3.999224214680133,3.8513239158904375,3.8513239158904375,10154200
2011-08-30,3.886819362640381,3.9755593027406726,3.845407183722159,3.969643438379435,12427100
2011-08-31,3.9282329082489014,3.987392987179342,3.8631569624741697,3.916400892462813,8562800
2011-09-01,3.8099114894866943,3.957811778913519,3.7803313187623635,3.9104837314325214,12729900
2011-09-02,3.691591501235962,3.7803317412285935,3.6797594880434406,3.7152558097184505,12077500
2011-09-06,3.6146836280822754,3.6856757086426186,3.5496074131865685,3.5910196012288282,13264600
2011-09-07,3.9282329082489014,3.928232908248901,3.6738444277992497,3.691592310429628,12068100
2011-09-08,3.7980797290802,3.945980028299227,3.7330035184365467,3.8927358303091983,14350500
2011-09-09,3.6205997467041016,3.780332080173474,3.608767732450721,3.7448360374133327,14449800
2011-09-12,3.7270877361297607,3.774415787797863,3.5614392731939635,3.5673554207011957,17678600
2011-09-13,3.756667375564575,3.8690716317905918,3.7211713391927943,3.750751510551322,9706700
2011-09-14,3.827659845352173,3.8631561675034165,3.6975076984882644,3.7862479396714726,14467400
2011-09-15,3.869072675704956,3.9045687216539235,3.8158284657327557,3.8749888244118655,13321400
2011-09-16,3.8631558418273926,3.8986518788887596,3.78624762047905,3.8749878541811813,12762500
2011-09-19,3.738919734954834,3.7862477864445574,3.685675535980176,3.7684996260871917,10666900
2011-09-20,3.750753402709961,3.827661379264872,3.7211732164289897,3.7625854208028366,8163500
2011-09-21,3.5081939697265625,3.7744145997061747,3.496361960533959,3.738918572128363,17835500
2011-09-22,3.42536997795105,3.4667821520512314,3.330713902404758,3.3839578038508686,19665600
2011-09-23,3.3780436515808105,3.4845317905199913,3.330715589830064,3.395791533688591,17633100
2011-09-26,3.591019630432129,3.5969354961448743,3.4194552933006923,3.4490351860593287,17237800
2011-09-27,3.561439275741577,3.7625837775723365,3.531859102379134,3.7389197517213577,24198600
2011-09-28,3.42536997795105,3.5910183922544183,3.4253699779510502,3.567354373367845,15508300
2011-09-29,3.6856749057769775,3.685674905776977,3.4726984283920337,3.5318584826385764,27304300
2011-09-30,3.5081939697265625,3.679758244067993,3.5022781061789363,3.632430207297578,15382600
2011-10-03,3.3839592933654785,3.549607780582207,3.3839592933654785,3.3898754417399064,17436300
2011-10-04,3.549607276916504,3.5673554374239607,3.3070508699317243,3.312966735369249,22600000
2011-10-05,3.6028518676757812,3.656095790786514,3.4845314430017122,3.508195471517032,14476500
2011-10-06,3.874988079071045,3.8809039445425606,3.5732713233927678,3.6205993755546677,27887200
2011-10-07,3.6442627906799316,3.8986514515483965,3.614682904086493,3.886819440491542,14028700
2011-10-10,3.827659845352173,3.8276598453521733,3.7093397118395286,3.738919886266415,12210500
2011-10-11,3.904569149017334,3.9400651988514204,3.727088899846904,3.803996866771993,14982000
2011-10-12,3.99922513961792,4.123461159804839,3.9223168987566144,3.9400647807415323,17273500
2011-10-13,3.88090443611145,3.9578126716647244,3.768500156940698,3.928232494268087,21175500
2011-10-14,3.8513238430023193,3.963727819709449,3.727087571802411,3.9341479297697832,17918800
2011-10-17,3.6856749057769775,3.8572392041406456,3.673842894927669,3.7980791498941033,12037500
2011-10-18,3.9282329082489014,3.9933091361211406,3.691592310429628,3.721172490943603,17532200
2011-10-19,3.768500328063965,3.999225045200732,3.733004282834653,3.9341488212315805,22547300
2011-10-20,4.028804302215576,4.076132355007354,3.750751851015161,3.8039957693571873,24403800
2011-10-21,4.111629009246826,4.170789366177851,4.064300949379998,4.09388112784551,23756700
2011-10-24,4.241780757904053,4.277276796962556,4.129376493170072,4.182620692806547,16513100
2011-10-25,4.105711936950684,4.229948198661241,4.087963778664572,4.164871994408709,16649900
2011-10-26,4.306855201721191,4.324603072912616,4.141206805383046,4.21811499947209,21490000
2011-10-27,4.425178050994873,4.578994253278082,4.283193582174407,4.513918308745476,30110700
2011-10-28,4.336437225341797,4.454757647546454,4.253613127266763,4.454757647546454,18417300
2011-10-31,4.176703929901123,4.3541843811431775,4.176703929901123,4.229948121693219,15204000
2011-11-01,4.040637016296387,4.212201378474601,3.922316863793306,4.005140970545463,24577300
2011-11-02,4.229948997497559,4.253613024949779,4.111628578138997,4.153040767229112,15131100
2011-11-03,4.354184627532959,4.401512675316347,4.158956289377775,4.289108420782092,17243600
2011-11-04,4.336437225341797,4.354185387406608,4.194453057213168,4.300941183309639,16912500
2011-11-07,4.371931552886963,4.45475590057925,4.306855642396766,4.31868765176747,12917000
2011-11-08,4.460672378540039,4.478420536089051,4.3482681329893484,4.40151232353899,13649600
2011-11-09,4.194452285766602,4.3482684396159765,4.182620273932034,4.3186885510782655,16232100
2011-11-10,4.2891082763671875,4.330520457832006,4.200368048712523,4.2713601179972915,13867700
2011-11-11,4.419261455535889,4.448841632495753,4.348269369349182,4.360101383713633,9471300
2011-11-14,4.271359920501709,4.383764166054043,4.235863887500561,4.37193215505366,10225800
2011-11-15,4.31868839263916,4.377848449641601,4.229948166086799,4.2417801774872865,9869000
2011-11-16,4.2831926345825195,4.442925232453674,4.271360621639928,4.300940795045128,12841300
2011-11-17,4.224031925201416,4.407428238870526,4.200367902927815,4.2713599697486195,15750800
2011-11-18,4.188537120819092,4.283193237688117,4.182621254563518,4.271361223079489,14769300
2011-11-21,4.052467346191406,4.182619741914025,4.052467346191406,4.12345940816881,20786700
2011-11-22,4.005138874053955,4.0702150649152395,3.945978828769764,4.034719037744725,17352500
2011-11-23,3.945979595184326,4.058383844104869,3.9282314371032285,3.95189545981309,17836400
2011-11-25,3.963808059692383,4.070777289400145,3.922208773120053,3.9340942430875816,3190500
2011-11-28,4.052949905395508,4.1420908034057105,3.9816367902665397,4.112377265192977,10976100
2011-11-29,4.136147975921631,4.1896327384099585,4.023235856986266,4.070777742143895,14282300
2011-11-30,4.3322577476501465,4.350086093610839,4.207460176041135,4.272830400067747,20501200
2011-12-01,4.290658473968506,4.344143228619647,4.2193456566816145,4.284715880880571,9156300
2011-12-02,4.278773307800293,4.4035708885868985,4.255002367019222,4.338200943124937,17069100
2011-12-05,4.403570652008057,4.451112531016043,4.326315240306053,4.350086179810047,12917400
2011-12-06,4.356029033660889,4.391685445050526,4.284716210881614,4.367914504124101,9799000
2011-12-07,4.403570652008057,4.4332844680740235,4.2787730779261155,4.32037236374408,7941500
2011-12-08,4.272831916809082,4.36791570669313,4.2550035645198,4.36791570669313,14423100
2011-12-09,4.385741710662842,4.409512645405847,4.290657688318928,4.320371498433631,8341400
2011-12-12,4.290658473968506,4.344143228619647,4.2193456566816145,4.326315165983897,9314000
2011-12-13,4.243116855621338,4.367914435201845,4.18963238106681,4.338200901198654,10645400
2011-12-14,4.225289821624756,4.290659782386043,4.1599195774914355,4.201518875280281,11340300
2011-12-15,4.231231212615967,4.314429784521235,4.225288619406706,4.284715968359074,9312600
2011-12-16,4.266888618469238,4.338201737238376,4.243117673336865,4.260946023872154,11375000
2011-12-19,4.243116855621338,4.284716143272162,4.17774691079114,4.260945202720824,12787300
2011-12-20,4.3797993659973145,4.421398648524161,4.284715615503869,4.3084865531272305,11561400
2011-12-21,4.480825901031494,4.480825901031494,4.344142870803873,4.385742152480775,14784400
2011-12-22,4.593739986419678,4.623453812414581,4.49271331808346,4.5045987918070125,11136300
2011-12-23,4.623452663421631,4.688822610969795,4.546196961731645,4.6353381341914766,9703500
2011-12-27,4.593739986419678,4.629396407590335,4.558083565249021,4.629396407590335,4790000
2011-12-28,4.534310817718506,4.599680755560703,4.510539879708265,4.59373816274411,5925000
2011-12-29,4.617509365081787,4.629394834767287,4.522425607597791,4.540253670440066,6155600
2011-12-30,4.569967269897461,4.623452022635044,4.55808180077488,4.623452022635044,6660400
2012-01-03,4.617509365081787,4.766078161208457,4.605623895396288,4.659108650667011,13876100
2012-01-04,4.641280651092529,4.688822533385252,4.5580823570802655,4.599681362400412,10573300
2012-01-05,4.754194259643555,4.801736156900461,4.564026387243871,4.61751116334392,14540500
2012-01-06,4.742308139801025,4.777964557890113,4.6531669528922945,4.748250734463196,10008900
2012-01-09,4.7482500076293945,4.777963826507898,4.700708124121372,4.772020949383406,11261700
2012-01-10,4.837391376495361,4.84333368676808,4.736364450815877,4.819562745445368,14201400
2012-01-11,4.873047351837158,4.890875415582466,4.736364301844625,4.801734530112001,13276200
2012-01-12,4.884934425354004,4.9205905624785276,4.789850637363165,4.89087673704537,16502200
2012-01-13,4.944361209869385,4.956246966020055,4.7423081726323915,4.825506482082918,13491400
2012-01-17,4.87899112701416,5.015673918801532,4.849277304138287,4.98001778474571,13296100
2012-01-18,4.938418388366699,4.974074519647101,4.8255059835761225,4.86710499231792,12361400
2012-01-19,4.9324750900268555,4.968131218264789,4.86710457701741,4.962188908054427,16548200
2012-01-20,4.9324750900268555,4.9324750900268555,4.7957917537976025,4.896818395044981,13494200
2012-01-23,4.819561958312988,4.968130459001668,4.777962959478191,4.944359521561234,16149600
2012-01-24,4.831448554992676,4.914647133950102,4.7482499760352495,4.789849548885939,26938700
2012-01-25,4.896817207336426,4.914645833875053,4.7423061278363825,4.754191595490232,19679800
2012-01-26,4.682880401611328,4.914647525703228,4.623453042884687,4.902761770585902,23334400
2012-01-27,4.760134696960449,4.7839056333965235,4.629394263190126,4.6472226072031395,19237000
2012-01-30,4.665051460266113,4.718536218018344,4.617509579318336,4.7066507477814,12041700
2012-01-31,4.617509365081787,4.706650529409009,4.599681018867563,4.682879590038009,19537000
2012-02-01,4.665051460266113,4.730421688255289,4.623452456122789,4.718536218018344,17363200
2012-02-02,4.718536853790283,4.74230779746705,4.64128114515479,4.67693756066994,10533800
2012-02-03,4.896817207336426,4.902760082849301,4.772019655285056,4.7779625307979305,14362100
2012-02-06,4.831448554992676,4.896818502695256,4.825505677907727,4.878990438184362,7217600
2012-02-07,4.795793056488037,4.837392639723988,4.795793056488037,4.81362169219377,15586400
2012-02-08,4.855218410491943,4.873046471014758,4.772019850145765,4.825504598458035,8396100
2012-02-09,4.807678699493408,4.873048661963633,4.783907752527501,4.873048661963633,8942200
2012-02-10,4.718536853790283,4.754193269305434,4.694765910113516,4.748250391700242,10513300
2012-02-13,4.807678699493408,4.813621577920905,4.760136805561594,4.783907752527501,9211700
2012-02-14,4.7304229736328125,4.807678692851297,4.694766553233213,4.789850624337518,10060200
2012-02-15,4.682880401611328,4.772021298015291,4.6709949298660005,4.736364882779307,11782900
2012-02-16,4.7482500076293945,4.760135761878379,4.65316624061335,4.676937182367362,12253400
2012-02-17,4.82550573348999,4.831448610643391,4.754192907881049,4.772020972597295,9493700
2012-02-21,4.795793056488037,4.855220708685627,4.760136918564759,4.84927783011705,7900200
2012-02-22,4.68882417678833,4.795793449439004,4.676938702049366,4.789851137127628,9042700
2012-02-23,4.789849281311035,4.789849281311035,4.635337886197536,4.676936889980432,13767600
2012-02-24,4.807744026184082,4.867393111367141,4.771954119985238,4.807744026184082,10666800
2012-02-27,4.849497318267822,4.891251725100688,4.754058064584347,4.7838831691217285,13013200
2012-02-28,4.933008193969727,4.938972704707588,4.825639036630007,4.867393456101542,15964500
2012-02-29,4.831604480743408,4.950903237420494,4.783884978072574,4.938973077322114,23850800
2012-03-01,4.825638294219971,4.91511219899691,4.8077436270368255,4.861427628586261,16594700
2012-03-02,4.760024070739746,4.849498264080053,4.736164323773081,4.819673438156411,12707700
2012-03-05,4.658621311187744,4.77195528329775,4.634761557525712,4.7421304490048595,14688000
2012-03-06,4.545286178588867,4.6168654212995675,4.533356304803751,4.593005673729333,12985700
2012-03-07,4.646692276000977,4.688446994687816,4.575113002049895,4.59300767832229,9837100
2012-03-08,4.736166477203369,4.742131274441787,4.616867403696766,4.694411758811445,9619200
2012-03-09,4.7838850021362305,4.83756901626495,4.718270258987773,4.736165214794687,9031400
2012-03-12,4.700374126434326,4.789848024362656,4.67054930417116,4.7838835149989585,10369600
2012-03-13,4.927043437957764,4.986692531282983,4.7302000647173275,4.760024895810607,24052000
2012-03-14,5.06423807144165,5.100027991054963,4.927044612123812,4.96283396287565,27116600
2012-03-15,5.094061374664307,5.153711033091951,5.040376795851687,5.100026454279331,17341700
2012-03-16,5.094061374664307,5.177570782690748,5.010551966637864,5.123886203878128,19411100
2012-03-19,5.165640354156494,5.261079347576091,5.100026188395839,5.141780605801595,15967900
2012-03-20,5.183535099029541,5.2014303372034325,5.076166514292597,5.123886011700412,13015400
2012-03-21,5.1119561195373535,5.195465528787194,5.088096369589015,5.183535369382369,11048000
2012-03-22,4.980727195739746,5.064236026344878,4.927042622430022,5.046341358195384,16299200
2012-03-23,4.986693382263184,4.998623544280915,4.89721944257594,4.962833627089156,11902100
2012-03-26,5.046341419219971,5.070201166661575,4.992656845261048,5.034411261068543,12698100
2012-03-27,4.986693382263184,5.058272647785266,4.9687987080980225,5.052308135637835,15442000
2012-03-28,5.058269500732422,5.064234578030055,4.962830539414615,4.986690279744066,12229400
2012-03-29,5.058269500732422,5.064234578030055,4.974760694009881,5.010550020073518,12725500
2012-03-30,5.070202827453613,5.088097501681071,4.9568691321978005,5.088097501681071,12436000
2012-04-02,5.058269500732422,5.0940593956571405,4.944935876382797,5.004585511636966,12752300
2012-04-03,4.998622894287109,5.064237070268215,4.921078557839607,5.046342398429979,19650400
2012-04-04,4.938973426818848,4.980728421256545,4.879324328690025,4.938973426818848,18742200
2012-04-05,4.933008193969727,5.022482112511959,4.91511295517224,4.962832454242937,11612800
2012-04-09,4.861429691314697,4.873359853739629,4.8017805857744005,4.8495000977512195,9433900
2012-04-10,4.7838850021362305,4.879324007957972,4.7719548419778395,4.843534096344145,16867600
2012-04-11,4.944937229156494,4.944937229156495,4.81370833701402,4.843533162800206,14480400
2012-04-12,4.980727195739746,5.0344112001882255,4.90318287527695,4.9449372905795155,18329200
2012-04-13,4.754059314727783,4.968797336445628,4.754059314727783,4.968797336445628,25648000
2012-04-16,4.795813083648682,4.873357393682222,4.74809359576053,4.789848005447371,18766000
2012-04-17,4.86739444732666,4.909148875301315,4.825640019352005,4.861429366512733,18579100
2012-04-18,4.765989303588867,4.9031832879107045,4.748094633933425,4.837568551071929,24827700
2012-04-19,4.718269348144531,4.84353316131922,4.664585059948679,4.795813667620409,36897100
2012-04-20,4.694411277770996,4.777920705997558,4.6287970927181945,4.771955624939638,22236300
2012-04-23,4.700374126434326,4.754058408305207,4.604934865850544,4.622829816094561,13339000
2012-04-24,4.789848804473877,4.819673631594542,4.706339686738899,4.712304765935285,16692700
2012-04-25,4.825638294219971,4.88528737445086,4.765988645127869,4.855463118766021,11718900
2012-04-26,4.86739444732666,4.873359528140587,4.771955429749497,4.807745345771641,11719700
2012-04-27,4.837568759918213,4.891253340063489,4.80177941906224,4.873358669635502,11339400
2012-04-30,4.795813083648682,4.8316029839953805,4.74809359576053,4.801778161849993,9965500
2012-05-01,4.86739444732666,4.921079036929168,4.78388559137735,4.78388559137735,12998200
2012-05-02,4.7838850021362305,4.83756901626495,4.777919922057035,4.83756901626495,10171000
2012-05-03,4.765989303588867,4.825638960922064,4.748094633933425,4.795814132255465,16969400
2012-05-04,4.664586544036865,4.76599035819424,4.634761708770709,4.760025561799434,11751600
2012-05-07,4.724234580993652,4.754059123311821,4.634760385177891,4.634760385177891,8489300
2012-05-08,4.718269348144531,4.748094173921598,4.652655186523975,4.682479727870423,11353800
2012-05-09,4.694411277770996,4.718271033141237,4.616866930602354,4.652656848088435,16088900
2012-05-10,4.706340789794922,4.8256398418078525,4.694410913036698,4.754060296827815,11415000
2012-05-11,4.706340789794922,4.742130420069592,4.598971898970912,4.652656486598266,10342100
2012-05-14,4.5751118659973145,4.670550874233492,4.557216909737691,4.628796450345505,13102200
2012-05-15,4.533356189727783,4.622830383060235,4.509496442763212,4.56914581017464,12196500
2012-05-16,4.479671955108643,4.604935485962724,4.479671955108643,4.551251196862581,10473100
2012-05-17,4.414056301116943,4.527390211789671,4.402126430753,4.4796707303339005,13457400
2012-05-18,4.420022487640381,4.485636937544441,4.390197944542633,4.467741984141284,14205200
2012-05-21,4.443882465362549,4.497567043913529,4.402128045983475,4.425987795465989,11242700
2012-05-22,4.479671955108643,4.551251196862581,4.443882049801051,4.44984712882919,10174000
2012-05-23,4.521426677703857,4.53932163157318,4.420022602782531,4.4498474310878535,11900000
2012-05-24,4.527431011199951,4.5754673689337535,4.473389965589786,4.557453877943216,11338300
2012-05-25,4.503413677215576,4.569463824650818,4.47939549384264,4.5394409522749815,12783200
2012-05-29,4.569462776184082,4.593480954046029,4.5214264204601875,4.58747626642091,7880800
2012-05-30,4.461381435394287,4.539440669656145,4.443367942145743,4.533436267346401,11006000
2012-05-31,4.503413677215576,4.55145004396145,4.419350035410298,4.449372621466804,10192200
2012-06-01,4.287249565124512,4.41334516583282,4.239213200344075,4.407340763394925,17087300
2012-06-04,4.1371355056762695,4.299258369140527,4.0830947420677175,4.29325396710371,23251800
2012-06-05,4.143139839172363,4.215194375358494,4.101107883237483,4.119121660443653,17146300
2012-06-06,4.281243324279785,4.299256810177626,4.161152177577659,4.191175035832989,13423700
2012-06-07,4.2932538986206055,4.389326620231588,4.281244808419232,4.35329934962747,12874000
2012-06-08,4.371312618255615,4.37731701949635,4.239212355128294,4.281244309090489,8452400
2012-06-11,4.239212989807129,4.437363127845133,4.221199497068749,4.419349635106753,11627500
2012-06-12,4.305264472961426,4.311268876972343,4.203187027901292,4.251223405266203,10209000
2012-06-13,4.2932538986206055,4.359304037887804,4.263231029957526,4.2872492103602715,9386300
2012-06-14,4.371312618255615,4.383321707056347,4.287248710331225,4.293253397891221,12213000
2012-06-15,4.461381435394287,4.461381435394287,4.347294928316029,4.389326889761486,10001100
2012-06-18,4.4433674812316895,4.521426707396401,4.413344613839328,4.473390062304767,15034600
2012-06-19,4.575467109680176,4.623503464692157,4.455376222150221,4.479394399656212,17007200
2012-06-20,4.587477684020996,4.6175005587855855,4.497409346046581,4.587477684020996,12898600
2012-06-21,4.485400676727295,4.629510088350973,4.44937339540122,4.617500994575615,13898800
2012-06-22,4.575467109680176,4.575467109680176,4.48539880087308,4.503412577162203,8945200
2012-06-25,4.479395389556885,4.509418261233752,4.431359023929356,4.485399792100663,14324200
2012-06-26,4.545444488525391,4.575467066967986,4.443367091918196,4.467385269199976,11737100
2012-06-27,4.575467109680176,4.575467109680176,4.497407889626075,4.563458020927181,14798000
2012-06-28,4.527431011199951,4.545444788509766,4.431358295732348,4.539440100633402,12843200
2012-06-29,4.647524356842041,4.755606505069623,4.593483569047678,4.74359740930205,11135500
2012-07-02,4.635512351989746,4.683548991233358,4.563457822603202,4.683548991233358,12227300
2012-07-03,4.683549404144287,4.707567582723958,4.623503671375835,4.63551276066567,4752900
2012-07-05,4.617499828338623,4.683549970580569,4.593481646854153,4.653527100565328,8112300
2012-07-06,4.623505592346191,4.653528471204299,4.533437528410655,4.569464811248748,7807600
2012-07-09,4.587477684020996,4.629509651427551,4.569464188217725,4.60549146614362,6468700
2012-07-10,4.53944206237793,4.653528604458465,4.5034147785081915,4.62350572474065,8505500
2012-07-11,4.593483924865723,4.61149742675272,4.4974108649637525,4.5214293446788325,10500900
2012-07-12,4.551449298858643,4.581472166319534,4.479394760535644,4.557453986878534,19349900
2012-07-13,4.713572025299072,4.725581114693595,4.557453863170273,4.569462952564796,13519000
2012-07-16,4.713572025299072,4.7796221601285875,4.683549444972403,4.701562935904549,9806400
2012-07-17,4.779622554779053,4.791631645165158,4.713572414495819,4.77361786642635,12787800
2012-07-18,4.701562881469727,4.773617417002615,4.665535613703282,4.749599238491653,10146500
2012-07-19,4.749599933624268,4.845672661728942,4.683550076211961,4.743595531277382,27236800
2012-07-20,4.737590789794922,4.821654425949343,4.70756820575657,4.749599880674125,17636100
2012-07-23,4.665536403656006,4.701563677522466,4.629509129789547,4.641518221078367,13219800
2012-07-24,4.713572025299072,4.719576713155972,4.629508399537411,4.66553566772098,20140000
2012-07-25,4.737590789794922,4.779622751031788,4.7135726080365155,4.743595478394179,10897800
2012-07-26,4.839668273925781,4.857681766274188,4.7616087572452575,4.827658897267779,12694200
2012-07-27,4.911723613739014,4.941745914983163,4.833664370699107,4.88770542916048,11201800
2012-07-30,4.839668273925781,4.911722815958005,4.8336635855967796,4.893708750971001,6212200
2012-07-31,4.79163122177124,4.863686044040332,4.785626533949118,4.85768135621821,7453100
2012-08-01,4.785626411437988,4.8576812318624905,4.779622010088852,4.821653678490605,9524800
2012-08-02,4.7616095542907715,4.803641520671613,4.695559689531467,4.767614243624898,15144600
2012-08-03,4.947748184204102,4.95975755693859,4.821652633684022,4.8336620064185105,14986000
2012-08-06,4.941745281219482,4.983777528320427,4.935741165323876,4.953754658287928,11693200
2012-08-07,4.95375394821167,5.00179030432264,4.9417445728646605,4.959758635885175,7974600
2012-08-08,5.007796764373779,5.019805571332455,4.917728135309393,4.9237328251081,8601600
2012-08-09,5.001791000366211,5.013800377384432,4.9657640145887765,4.977772818968384,8974300
2012-08-10,5.007796764373779,5.007796764373779,4.953755701462895,4.959760391261602,7344400
2012-08-13,4.95375394821167,5.007794991996144,4.9417445728646605,4.989781501614165,6098900
2012-08-14,4.9357404708862305,5.031813183362312,4.917726407818063,5.013799692932681,9118000
2012-08-15,4.941745281219482,4.971768151251981,4.899713606757154,4.941745281219482,8014900
2012-08-16,5.001791000366211,5.025809181764039,4.941745260552334,4.941745260552334,14958500
2012-08-17,5.019805431365967,5.04382361725236,5.007796624742131,5.031814810628524,14007500
2012-08-20,5.013799667358398,5.037817845354907,4.983776801703129,4.9957856043821165,18473700
2012-08-21,5.001791000366211,5.073845544559695,4.995786311857101,5.019804493254928,9013900
2012-08-22,5.007796764373779,5.055833137485957,4.983778577817691,4.995787384776366,8831500
2012-08-23,5.007796764373779,5.043823757888544,4.983778577817691,5.001792074575073,11541000
2012-08-24,5.044039726257324,5.062161862541246,4.977590933062398,5.001753973471737,6453900
2012-08-27,5.019877910614014,5.074244332730277,5.001755193816126,5.074244332730277,9038200
2012-08-28,5.019877910614014,5.044040956918731,4.995714864309297,5.0077960994154225,9655000
2012-08-29,5.050082206726074,5.068204926826551,5.013837918710263,5.019878825410422,6197500
2012-08-30,5.074244976043701,5.092367695139189,5.001755827939367,5.019878547034855,8580700
2012-08-31,5.092365741729736,5.104446973733214,5.044039661531189,5.098406069685317,10818800
2012-09-04,5.074244976043701,5.104448931776975,5.031959783672641,5.074244976043701,8779600
2012-09-05,5.019877910614014,5.074244332730277,5.013837005014718,5.062163097624151,8585900
2012-09-06,5.140692234039307,5.170896180607822,5.056121298865938,5.06820310793029,18833500
2012-09-07,5.201099872589111,5.2735890031790325,5.158814690434758,5.176936829059138,17869100
2012-09-10,5.213181972503662,5.267548967494619,5.164855882754463,5.176937117145546,12866600
2012-09-11,5.225264072418213,5.24942712129523,5.182978880906566,5.213182836025969,9666500
2012-09-12,5.249425411224365,5.279629356504427,5.213181137762163,5.243385083042225,8673900
2012-09-13,5.333995342254639,5.358158378727787,5.19505802655709,5.249424426552502,14060200
2012-09-14,5.4608540534973145,5.485017101588752,5.358160955085581,5.358160955085581,27297000
2012-09-17,5.382321357727051,5.472933175602955,5.376280454650212,5.466892272526116,14593200
2012-09-18,5.370242118835449,5.388364258693038,5.346079073661184,5.376282448059686,12330400
2012-09-19,5.4608540534973145,5.491058007634738,5.370242767177554,5.400446145222468,15124400
2012-09-20,5.424606800079346,5.436688606841052,5.352117687785869,5.430647703460199,12817700
2012-09-21,5.382321357727051,5.509177441879536,5.382321357727051,5.497096211818084,10001400
2012-09-24,5.388361930847168,5.436688000318176,5.346076764083083,5.37628012543332,11983200
2012-09-25,5.297751426696777,5.430647848060622,5.297751426696777,5.412525713527783,11660700
2012-09-26,5.255467414855957,5.3339974585743715,5.255467414855957,5.315875318052417,9969300
2012-09-27,5.321915149688721,5.370241232057253,5.267548163001036,5.297752108504455,6868100
2012-09-28,5.279629707336426,5.327955792558862,5.267548474077006,5.303792749947644,13587300
2012-10-01,5.261507987976074,5.3642010712665105,5.255467082819596,5.303793171886575,10037500
2012-10-02,5.249425411224365,5.315874206058969,5.2252623702187835,5.297752069327868,12329700
2012-10-03,5.285671234130859,5.3158751849729535,5.2433860486073955,5.273589423357044,20500200
2012-10-04,5.382321357727051,5.382321357727051,5.29775101902021,5.303791346004823,13375400
2012-10-05,5.364199638366699,5.442729656146492,5.346077503830523,5.424606945518045,9677100
2012-10-08,5.285671234130859,5.346079135815048,5.2433860486073955,5.309834279586046,13095000
2012-10-09,5.201099872589111,5.297752622801406,5.201099872589112,5.291711717895812,11486600
2012-10-10,5.189018726348877,5.243385719230958,5.146733543481663,5.219222675293634,11191000
2012-10-11,5.213181972503662,5.255467157011104,5.201100162020146,5.2433859226200195,13164500
2012-10-12,5.031958103179932,5.182977255318806,4.9836320205828795,5.182977255318806,23431200
2012-10-15,5.044039726257324,5.086324902950586,4.995713645438646,5.080283998825169,17542400
2012-10-16,4.989673137664795,5.074243497769112,4.941347053007365,5.056121360045668,19459100
2012-10-17,5.080284118652344,5.104447159631609,4.989672859003184,5.007794995714548,21036600
2012-10-18,5.303793430328369,5.418568329524483,5.261508244357407,5.346079192391783,41255800
2012-10-19,5.279629707336426,5.315874559299442,5.237344526789888,5.291711516688224,13559500
2012-10-22,5.195058822631836,5.285670079268075,5.098406085836243,5.2313030948494035,16501000
2012-10-23,5.092365741729736,5.176936094031036,5.086324837681839,5.128610013832488,20077800
2012-10-24,5.080284118652344,5.170895954393844,5.074243214384443,5.134651104878776,8345400
2012-10-25,5.152771949768066,5.164853755274908,5.062160712835532,5.122568012093157,10599000
2012-10-26,5.068203449249268,5.1588147189646785,5.0440404055856645,5.140692580240077,12780000
2012-10-31,5.086326599121094,5.140693602195307,5.044041408326715,5.086326599121095,8046800
2012-11-01,5.1346516609191895,5.140692565841271,5.056121625209338,5.0863255737273425,7366100
2012-11-02,5.056122303009033,5.176937537184567,5.044041067637719,5.170897207545149,14143300
2012-11-05,5.11048698425293,5.116527887244624,4.97758999889675,5.031956973637561,15334600
2012-11-06,5.189018726348877,5.219222675293634,5.104447784522039,5.128610828459363,12223600
2012-11-07,5.007796287536621,5.1346524294249365,4.9836332403242025,5.104448476386292,19228100
2012-11-08,4.983631610870361,5.098405903579491,4.983631610870361,5.01383555403349,10803100
2012-11-09,5.007796287536621,5.080285429173874,4.959470193111785,4.97155142867175,10897100
2012-11-12,5.007796287536621,5.05008147613523,4.9957150519766556,5.019878099189073,5536000
2012-11-13,4.935307025909424,5.062163164713542,4.929266120230067,4.977592213479972,11135900
2012-11-14,4.856776714324951,4.989673751528982,4.838654574371996,4.953428895530631,10836500
2012-11-15,4.838653564453125,4.911142685227529,4.8144902361488295,4.832612660365511,10455700
2012-11-16,4.850736141204834,4.905103140879751,4.808450953054335,4.856777046967043,14468300
2012-11-19,4.935307025909424,4.995714930518042,4.923225214550711,4.94134793158878,11547100
2012-11-20,5.050082206726074,5.050082206726074,4.917185715878004,4.953430003893816,10555700
2012-11-21,5.037999629974365,5.062162674258245,5.001754775502338,5.05612176916417,6875800
2012-11-23,5.135234832763672,5.135234832763672,5.044077047750075,5.062308488839382,2214700
2012-11-26,5.1534647941589355,5.1534647941589355,5.044075599464521,5.098770486595177,9714800
2012-11-27,5.001535415649414,5.141311319646783,5.001535415649414,5.123079881583463,13689000
2012-11-28,4.971150875091553,4.9954596572371335,4.892147188226643,4.9772276359526355,22054400
2012-11-29,4.934687614440918,5.031922747010456,4.910378831298534,5.001536623190699,14010700
2012-11-30,4.910377502441406,4.958995055569186,4.879991386844806,4.946840957070717,13364400
2012-12-03,4.855682373046875,4.95899481328761,4.849605324094546,4.95291747455182,17218500
2012-12-04,4.800987720489502,4.886068433369703,4.746292831603359,4.861759658261074,17498200
2012-12-05,4.813144207000732,4.849607385564848,4.752372242727204,4.825298599855437,14298100
2012-12-06,4.819221019744873,4.837452753015345,4.776680791753056,4.8009895762579715,17072600
2012-12-07,4.928609371185303,4.934686710749729,4.819219867077116,4.83137425642247,13095000
2012-12-10,4.952918529510498,4.977227310064442,4.879992187848669,4.89822420793941,13956600
2012-12-11,5.001535415649414,5.019767433279701,4.971149878732868,4.977226638375997,10442400
2012-12-12,4.983304500579834,5.092694299574061,4.952918380907323,5.019767960100252,22134400
2012-12-13,4.946840763092041,5.0015350735408735,4.922531987481363,4.989380975518998,12977600
2012-12-14,4.946840763092041,4.97114953870272,4.928608746708837,4.952917522319516,6573600
2012-12-17,5.098772048950195,5.1048488097191544,4.9589961190567955,4.971150799728862,10725500
2012-12-18,5.183850288391113,5.196004963888395,5.110923974107904,5.159541516963377,16314900
2012-12-19,5.135234832763672,5.208161176687962,5.135234832763672,5.202084416036234,8763100
2012-12-20,5.202084541320801,5.202084541320801,5.135234956438264,5.135234956438264,8435700
2012-12-21,5.129157543182373,5.165621005288034,5.086617320364993,5.129157543182373,12458400
2012-12-24,5.129157543182373,5.1534663247304575,5.098772000922569,5.1534663247304575,2053300
2012-12-26,5.135234832763672,5.177775634728138,5.110926051455575,5.135234832763672,5225300
2012-12-27,5.117003917694092,5.171698826151623,5.025846123309621,5.147390042344623,7912200
2012-12-28,5.074462413787842,5.123079969165823,5.0562303958458665,5.06838507447385,5320900
2012-12-31,5.117003917694092,5.129158019814031,5.03800022542956,5.03800022542956,6170000
2013-01-02,5.335782527923584,5.34185986826137,5.208161278665446,5.2385474007873025,12731000
2013-01-03,5.372244834899902,5.384398933394249,5.29931850523297,5.3175499427579656,14056000
2013-01-04,5.439094543457031,5.451249223122657,5.2446243053432235,5.28108718520605,21197200
2013-01-07,5.451249122619629,5.463403222494147,5.384399544825223,5.414785663862042,20213100
2013-01-08,5.44517183303833,5.469480612578219,5.408708373944987,5.469480612578219,36449200
2013-01-09,5.408706188201904,5.530250616350358,5.3783206607315766,5.487709834671684,23183500
2013-01-10,5.433016777038574,5.457325554894141,5.390476560683077,5.433016777038574,19681300
2013-01-11,5.372244834899902,5.4330164865055375,5.335781380282961,5.42086238801119,13687000
2013-01-14,5.390478610992432,5.439096185195629,5.360092482223633,5.433018843528429,12311200
2013-01-15,5.451249122619629,5.463403222494147,5.360090765509171,5.378322784671472,12164600
2013-01-16,5.560637950897217,5.560637950897217,5.439094062816644,5.457325501136987,17903400
2013-01-17,5.6761064529418945,5.6882605549079175,5.5484851946795155,5.5606392966455385,28365100
2013-01-18,5.639640808105469,5.7125671304158585,5.609254695584418,5.7064903715651605,20243400
2013-01-22,5.688257694244385,5.694335031954619,5.609254042711804,5.639640151696154,15889700
2013-01-23,5.651796817779541,5.773340716960031,5.597101918256564,5.73687725742237,24965500
2013-01-24,5.615333080291748,5.670027977107415,5.463403068944674,5.493789187127489,45937200
2013-01-25,5.645718574523926,5.651795913402236,5.5545608096170085,5.62748713745593,16194800
2013-01-28,5.591023921966553,5.6335647163603015,5.566715144984536,5.6335647163603015,8380600
2013-01-29,5.627488613128662,5.639642714505467,5.566716367543376,5.566716367543376,11519200
2013-01-30,5.700414657592773,5.730800778772947,5.60925629405225,5.633565654650035,13746600
2013-01-31,5.712569236755371,5.718646577413798,5.621411445147391,5.6335661264642445,16540200
2013-02-01,5.755109786987305,5.815881452179565,5.700414882617315,5.755109786987305,14309600
2013-02-04,5.6943359375,5.730799389993209,5.663949823683479,5.700413276176688,8851700
2013-02-05,5.767263412475586,5.80372687223685,5.700414412408138,5.718645852505254,14566500
2013-02-06,5.7915730476379395,5.803727729208784,5.700415254125068,5.712569356128797,9842500
2013-02-07,5.773340225219727,5.809803681651638,5.736876768787816,5.791571663652193,7877600
2013-02-08,5.815882205963135,5.834114229494196,5.761187294504259,5.773341976858299,7594400
2013-02-11,5.761185169219971,5.809803301133894,5.749031070916695,5.779417186025295,10758400
2013-02-12,5.7915730476379395,5.803727729208784,5.742955480488793,5.785496286419633,8900700
2013-02-13,5.742956161499023,5.803728417425501,5.742956161499024,5.803728417425501,11420000
2013-02-14,5.761185169219971,5.791571284328571,5.7368763930464794,5.742953731981587,9224800
2013-02-15,5.761185169219971,5.809803301133894,5.7064908575048205,5.791571284328571,9585900
2013-02-19,5.821959495544434,5.858422962716253,5.755110481891104,5.7733419256934395,11510500
2013-02-20,5.682183265686035,5.8098045120890855,5.676105925484209,5.797649831685432,11414200
2013-02-21,5.6761064529418945,5.7186466791736486,5.6274888859435706,5.682183793708464,15916100
2013-02-22,5.779419898986816,5.785497240774736,5.706493536233422,5.712570298454129,8584700
2013-02-25,5.615333080291748,5.834112667554413,5.6031789807588215,5.803726549371598,20192300
2013-02-26,5.615333080291748,5.670027977107415,5.554561423493118,5.657873877574488,20370900
2013-02-27,5.700414657592773,5.706491997742219,5.60925629405225,5.615333634201696,12618000
2013-02-28,5.7064924240112305,5.761186750740686,5.651797517714677,5.706492424011231,11901200
2013-03-01,5.700382709503174,5.743150668057238,5.620956084567246,5.657614750949111,10548200
2013-03-04,5.798137187957764,5.804247061547469,5.6820525031014455,5.69427166761124,15460700
2013-03-05,5.816466331481934,5.883673187445475,5.798136712216776,5.822575621900752,15312000
2013-03-06,5.902001857757568,5.956989546801321,5.840904878674145,5.853124041423017,16675800
2013-03-07,6.060855865478516,6.079184903396141,5.963100219691702,5.981429257609327,28278900
2013-03-08,6.024197578430176,6.128063104150493,5.987539500334561,6.128063104150493,23450900
2013-03-11,6.054744720458984,6.079183626773541,6.005866907829871,6.036415686390439,14516700
2013-03-12,6.024197578430176,6.054746365289618,5.981429626428743,6.054746365289618,11780200
2013-03-13,6.109734058380127,6.121953806178317,6.0119784066731885,6.024197571801733,13891800
2013-03-14,6.109734058380127,6.140282845205957,6.042527193499018,6.134172971306862,11158200
2013-03-15,6.176945686340332,6.195275322171707,6.060860906092097,6.103628891025116,19671800
2013-03-18,6.176945686340332,6.20138461811207,6.073080080642919,6.085299837863836,11376800
2013-03-19,6.152501106262207,6.207488797934667,6.09140412425802,6.201378924933381,14949200
2013-03-20,6.201381206512451,6.2258201248394744,6.176942288185428,6.195271913933025,10090200
2013-03-21,6.121955394744873,6.195272152549807,6.109735643775819,6.1769425260962265,8109400
2013-03-22,6.140281677246094,6.152500840050398,6.109732896231032,6.146391549983012,6755700
2013-03-25,6.091403961181641,6.176939850231486,6.07918421550621,6.170830560063314,8408000
2013-03-26,6.164723873138428,6.1708337491337115,6.079187357213995,6.115846030515851,9170300
2013-03-27,6.13417387008667,6.13417387008667,6.073076287482986,6.121954703167772,6768700
2013-03-28,6.085294723510742,6.170831204158201,6.036416901046367,6.1158435082183775,11449300
2013-04-01,5.999757766723633,6.073074494601794,5.956989821128762,6.060855331290213,9236100
2013-04-02,5.956988334655762,6.018085883976407,5.9325494314613865,6.018085883976407,7406800
2013-04-03,5.859236240386963,5.956991911867368,5.8286874473818955,5.950882036732401,10510100
2013-04-04,5.932551860809326,5.9386617347772335,5.847015373267576,5.859235121203391,9830700
2013-04-05,5.902001857757568,5.920330893215642,5.767587571502787,5.847014168713815,16508900
2013-04-08,5.993648529052734,5.993648529052734,5.840905198964097,5.889783017978896,8160700
2013-04-09,6.0180888175964355,6.048637024478589,5.963101112937043,5.999759194263507,6669800
2013-04-10,6.1280622482299805,6.134172121282418,6.0303066100692355,6.054745519609422,9333800
2013-04-11,6.1280622482299805,6.268586415088225,6.07307455609717,6.134172121282418,23954600
2013-04-12,6.0119781494140625,6.128062835181251,6.005868275776416,6.079185011419317,14374000
2013-04-15,5.83479642868042,6.005868827564431,5.834796428680419,5.987539787637134,12563800
2013-04-16,5.895891189575195,5.926439966330034,5.828684346850113,5.926439966330034,13121100
2013-04-17,5.822577476501465,5.889784936541417,5.779809516599498,5.853126269004193,13926500
2013-04-18,5.700382709503174,5.859235959375032,5.675943792805176,5.8225772929931665,21239300
2013-04-19,5.74926233291626,5.773701257223251,5.675945559995289,5.72482340860927,9342100
2013-04-22,5.767588138580322,5.828685706340477,5.682052242919612,5.7370399373698335,8021200
2013-04-23,5.859236240386963,5.895894325857233,5.792028779241861,5.792028779241861,9836700
2013-04-24,5.9447712898254395,5.956991038303404,5.853125506919412,5.853125506919412,6476400
2013-04-25,6.005870342254639,6.0486383070943734,5.963102377414905,5.963102377414905,6502200
2013-04-26,5.987539291381836,6.0486362802989175,5.938661467180322,6.005868329789998,7818500
2013-04-29,6.054744720458984,6.103622533088099,5.999757035583859,5.999757035583859,9326300
2013-04-30,6.091403961181641,6.109732997025245,5.981428580780933,6.011977362299968,13377400
2013-05-01,6.036418914794922,6.109735672949945,6.03030903928122,6.079186878051235,7669300
2013-05-02,6.060855865478516,6.097513941313766,6.011978042585109,6.0425268275608905,8496400
2013-05-03,6.1280622482299805,6.176940067310354,6.097513465637356,6.097513465637356,7671200
2013-05-06,6.195268630981445,6.2013779203234805,6.115842042840335,6.140280948216872,6755200
2013-05-07,6.250257968902588,6.256367843101652,6.170831934993453,6.219709763246616,8867200
2013-05-08,6.323575973510742,6.341905015407978,6.207490681932198,6.238039473540748,7821300
2013-05-09,6.2869157791137695,6.335793600740595,6.262476868300356,6.311354689927182,5453100
2013-05-10,6.293025970458984,6.329684047196568,6.256367311051776,6.299135844138457,6029300
2013-05-13,6.323575973510742,6.3724538070165275,6.274698140004956,6.286917307046534,5657500
2013-05-14,6.445769309997559,6.445769309997559,6.323574749878144,6.329684040881897,8534900
2013-05-15,6.49464750289917,6.549635203743257,6.36634306181952,6.415220888643229,12296200
2013-05-16,6.457988739013672,6.549635099856728,6.451879447759852,6.4946473998848235,9375500
2013-05-17,6.598514080047607,6.629062872338565,6.494648535860202,6.512977578166876,9686200
2013-05-20,6.629060745239258,6.677938564153225,6.574073053293656,6.580182926325292,8770500
2013-05-21,6.635171890258789,6.6901595975745085,6.610732973970662,6.6412817649982525,6393500
2013-05-22,6.531306743621826,6.720708793261153,6.506867825862212,6.629062997330042,12546600
2013-05-23,6.528234958648682,6.565082616865843,6.4115493410340765,6.436114641739841,8596300
2013-05-24,6.546657085418701,6.5527985554189065,6.466819732464471,6.479102672464883,6965800
2013-05-28,6.5957865715026855,6.663341558846823,6.546655991079339,6.620351861714358,9827000
2013-05-29,6.583505153656006,6.644918095060363,6.491384863025269,6.546656920267151,11826700
2013-05-30,6.663342475891113,6.71861394721209,6.5957874792497,6.601928949068519,11078600
2013-05-31,6.620355606079102,6.687910631631256,6.601931774420808,6.651062382631622,12452100
2013-06-03,6.614213466644287,6.687909365003186,6.522093154433459,6.632637294813277,8357700
2013-06-04,6.552802085876465,6.687911570259944,6.540519139258362,6.6080741742916675,6664500
2013-06-05,6.4361162185668945,6.577367171493276,6.4361162185668945,6.534378031146735,8710000
2013-06-06,6.503667831420898,6.509809301293281,6.386982246576847,6.423830480128338,8491500
2013-06-07,6.669486999511719,6.687911419022232,6.522095157526327,6.565084298351287,12458600
2013-06-10,6.749321460723877,6.792311168550566,6.657201745934859,6.675625571756091,15392700
2013-06-11,6.5957865715026855,6.718613022561049,6.595786571502685,6.687906849058496,10677600
2013-06-12,6.4361162185668945,6.657204564767647,6.4361162185668945,6.638780731145288,11838600
2013-06-13,6.55894136428833,6.565082249859252,6.39312515453179,6.436114281942922,9976400
2013-06-14,6.393126010894775,6.546659298709475,6.331713047178704,6.540517826632963,11455800
2013-06-17,6.399266242980957,6.448396838706949,6.356277118141438,6.429973011730427,8790600
2013-06-18,6.448397636413574,6.503669709863538,6.362418790415523,6.380843205354159,10058500
2013-06-19,6.393126010894775,6.460681032370371,6.3747021803482555,6.436115144064328,10232800
2013-06-20,6.3685622215271,6.540519380747634,6.288724822611064,6.337855439531217,26917100
2013-06-21,6.472961902618408,6.522092496568679,6.356276888407234,6.44225513497877,17504700
2013-06-24,6.411548614501953,6.48524509395121,6.337852720735597,6.386983316579835,13526100
2013-06-25,6.583505153656006,6.601928977509033,6.436112805783387,6.472961039172242,11264500
2013-06-26,6.681769847869873,6.737041934224658,6.620356288434976,6.737041934224658,13099200
2013-06-27,6.804594039916992,6.810735510884114,6.7001913762075604,6.743180501611595,9505900
2013-06-28,6.780029773712158,6.810736547538701,6.700192396036346,6.780029773712158,10049300
2013-07-01,6.902856826782227,7.001118042216658,6.792313252260014,6.798454138962384,12289900
2013-07-02,7.001114845275879,7.056386900139457,6.884429851650483,6.902853674710752,12127100
2013-07-03,7.019542694091797,7.037966526181047,6.933563834870195,6.958129139550215,5205100
2013-07-05,7.369597911834717,7.369597911834717,7.080955162963278,7.080955162963278,14123700
2013-07-08,7.314328193664551,7.449437696297516,7.302045831070577,7.4064485486937945,11242700
2013-07-09,7.295902252197266,7.375739635917697,7.252913116995125,7.363456691183919,13754900
2013-07-10,7.240631103515625,7.314327024347574,7.17307665584045,7.289761717403591,10235700
2013-07-11,7.105519771575928,7.345031891151945,7.068672113599902,7.345031891151945,14680700
2013-07-12,7.240631103515625,7.2467725766724,7.111663095638934,7.130086929426143,8326000
2013-07-15,7.22220516204834,7.314324889783892,7.22220516204834,7.271335761598361,6755000
2013-07-16,7.09323787689209,7.240629689777634,7.01340049849167,7.234488217819987,9893600
2013-07-17,7.160791873931885,7.197640117743751,7.0932374435735905,7.111661272638041,10480000
2013-07-18,7.265195846557617,7.36959853938691,7.0256836831816365,7.068673406259215,17963200
2013-07-19,7.394161701202393,7.418726999119362,7.27133521161755,7.283617567734583,13276000
2013-07-22,7.596828460693359,7.602969933942011,7.38802305570422,7.424871309513002,13419300
2013-07-23,7.547696590423584,7.6275339723248,7.504707456201016,7.621392500097853,12564200
2013-07-24,7.596828460693359,7.639817602067668,7.529274012007572,7.584546099879182,10783300
2013-07-25,7.590683460235596,7.676662288715031,7.529270513335587,7.5784011051287345,13390000
2013-07-26,7.61525297164917,7.621394445443716,7.516991733669157,7.516991733669157,9504900
2013-07-29,7.474002838134766,7.6152532260285595,7.44329605381949,7.6029708637123665,8190000
2013-07-30,7.492424964904785,7.547697046924217,7.4371528828853535,7.492424964904785,8846900
2013-07-31,7.541553974151611,7.627532815236883,7.504706317745737,7.51084720335809,9988600
2013-08-01,7.731935977935791,7.756501279001646,7.602968000919309,7.609109472606516,10958600
2013-08-02,7.707369804382324,7.750358929960384,7.639814794836336,7.725793631675363,8399200
2013-08-05,7.688948154449463,7.738078764932335,7.639816958283515,7.676665208987207,5512600
2013-08-06,7.602965831756592,7.71350994785566,7.559976713577092,7.676661713928368,10914200
2013-08-07,7.480142116546631,7.5784033289671076,7.443293869047439,7.572261856770071,11202000
2013-08-08,7.547696590423584,7.596827196873097,7.455576849751503,7.541555118196637,11611300
2013-08-09,7.510846138000488,7.596824966890303,7.486280841986663,7.541552904438483,7821700
2013-08-12,7.480142116546631,7.523131250559833,7.424870038139356,7.467859172152558,7037000
2013-08-13,7.541553974151611,7.596826044443362,7.4310104192510495,7.498564846450445,9871900
2013-08-14,7.547696590423584,7.590685724646151,7.49856598397407,7.535414231652719,8684700
2013-08-15,7.418729305267334,7.480142861991909,7.363457221351834,7.480142861991909,9610800
2013-08-16,7.467859745025635,7.5661209649839085,7.400305302725089,7.424870607714658,7813800
2013-08-19,7.363454818725586,7.455575123754456,7.363454818725586,7.455575123754456,7898400
2013-08-20,7.467859745025635,7.510848882336612,7.302044082766815,7.37573999773552,12509900
2013-08-21,7.424869060516357,7.5047064315166665,7.369596989386685,7.443292888998598,9717800
2013-08-22,7.5845465660095215,7.596828927578547,7.431013239456155,7.4555785482773675,8280700
2013-08-23,7.52593994140625,7.649315890287744,7.488927450893267,7.630809645031253,6664800
2013-08-26,7.470422267913818,7.562954691247052,7.451916018568395,7.5136043007905515,7981900
2013-08-27,7.1866559982299805,7.377889169735717,7.161980807226301,7.377889169735717,11644400
2013-08-28,7.21133279800415,7.297696279935269,7.100294707867672,7.137307208478802,10637000
2013-08-29,7.2730207443237305,7.322371135039678,7.2051641041650685,7.223670353607783,9339600
2013-08-30,7.198995590209961,7.27919012701104,7.11880105340888,7.273021180725626,12161600
2013-09-03,7.205163478851318,7.384058776746627,7.168150394875077,7.273020113120914,9695300
2013-09-04,7.205163478851318,7.27918905850079,7.143475201658587,7.1928255880915675,14743300
2013-09-05,7.3038649559021,7.365552650739292,7.211332531191707,7.217501477166347,10870700
2013-09-06,7.340875625610352,7.396394948939141,7.2360059233899525,7.384057648367699,14096700
2013-09-09,7.396394729614258,7.402563673868512,7.266849841789442,7.371719540900146,9090300
2013-09-10,7.48892879486084,7.4950971521846945,7.421071569571123,7.451915709402536,9438800
2013-09-11,7.439577579498291,7.525940455462856,7.384058251633659,7.470421127598224,7270500
2013-09-12,7.384057521820068,7.458083088888834,7.359382332797146,7.43957684419737,6762400
2013-09-13,7.384057521820068,7.414901655174448,7.328538199442766,7.384057521820068,4549900
2013-09-16,7.433409690856934,7.482760080793162,7.402565550071026,7.470422189157579,6656900
2013-09-17,7.476589679718018,7.49509592526625,7.414901998456263,7.445745544935671,5503000
2013-09-18,7.445742130279541,7.5506117874639855,7.427235893218365,7.482755192704562,8736500
2013-09-19,7.1558146476745605,7.470423282486603,7.11263260893319,7.470423282486603,21310500
2013-09-20,7.137306213378906,7.18048824247547,7.032436495763403,7.137306213378905,23121500
2013-09-23,7.0139312744140625,7.124969953621086,6.9584119348105515,7.0941258106965694,14450400
2013-09-24,7.044776916503906,7.09412732036392,6.921400906853873,6.989257565085587,13479300
2013-09-25,7.063281059265137,7.137306642924761,6.964580281052303,7.0571121135510735,8266400
2013-09-26,6.99542236328125,7.081785224658188,6.946071988693608,7.06327898126354,9182800
2013-09-27,7.007760047912598,7.06327936945067,6.90905929331287,6.952241314677427,8777300
2013-09-30,7.032434463500977,7.038603407061046,6.816526733624106,6.878214404316282,10269200
2013-10-01,7.1126298904418945,7.1311367235304015,6.983085000336924,7.026267022573857,9437500
2013-10-02,7.044776916503906,7.118802522293926,7.0201017145739,7.044776916503906,11051300
2013-10-03,7.063281059265137,7.100294145246471,6.970749226766365,7.026268561586845,12828300
2013-10-04,7.1804890632629395,7.217501562944525,7.057112495516117,7.069450387612029,8576800
2013-10-07,7.063281059265137,7.1311382855137415,7.044774810425991,7.118800394085616,9129500
2013-10-08,6.970744609832764,7.1249646207215305,6.939900489994479,7.057107439416774,15804300
2013-10-09,7.007760047912598,7.06327936945067,6.9337344819628015,6.970747559089151,12837800
2013-10-10,7.248346328735352,7.25451527531426,7.087957247502501,7.087957247502501,11410100
2013-10-11,7.3285417556762695,7.340879062023052,7.174321602370717,7.223672004364238,8228000
2013-10-14,7.359380722045898,7.371718019705633,7.260679987556888,7.285355171179141,7848700
2013-10-15,7.3162007331848145,7.377889003455182,7.27918824166495,7.347044868319998,8655500
2013-10-16,7.48892879486084,7.636979960087981,7.359383878211332,7.427240515198013,18312000
2013-10-17,7.741847991943359,7.741847991943359,7.470420326662303,7.5752900262068605,15742800
2013-10-18,7.77269172668457,7.822042101787727,7.636977900999452,7.8097042138605,11807900
2013-10-21,7.748018264770508,7.778861814852294,7.704836235710593,7.75418662180506,9270600
2013-10-22,7.797368049621582,7.828211597325069,7.7295108327468025,7.75418602389137,17891700
2013-10-23,7.785029411315918,7.8158735443565,7.741847978040846,7.766523166812731,12569700
2013-10-24,7.791200637817383,7.822044779892967,7.74185024581768,7.797369583893116,10623600
2013-10-25,7.828210353851318,7.8528855410763505,7.77269162382215,7.822041998272213,9771900
2013-10-28,7.859055042266846,7.896068119880532,7.791198419661815,7.809704664317203,8856600
2013-10-29,7.809704780578613,7.883730348605079,7.766523346305572,7.865224103674192,8936200
2013-10-30,7.7295074462890625,7.846714994101916,7.717170150273486,7.809701929449777,10594000
2013-10-31,7.735678672790527,7.815873179632642,7.6924972415304955,7.717172429150925,10740800
2013-11-01,7.735678672790527,7.803535291670988,7.698665597208445,7.741847616771354,8735600
2013-11-04,7.711004257202148,7.7788608828764705,7.66165387702029,7.748017336490012,7881500
2013-11-05,7.748018264770508,7.8158748985746485,7.630810656568891,7.6678237402912455,9539000
2013-11-06,7.809704780578613,7.8282110255095,7.711004023209993,7.809704780578613,7547200
2013-11-07,7.686327934265137,7.889898369587899,7.680158990575877,7.834379052990264,9429200
2013-11-08,8.031782150268555,8.031782150268555,7.680159963379755,7.704835152959414,11085400
2013-11-11,7.994770050048828,8.081133518297193,7.970094857449724,8.044120435247038,7800100
2013-11-12,7.920741558074951,8.03178017806941,7.8837284886425385,7.982429222725266,6170700
2013-11-13,8.019445419311523,8.019445419311523,7.84055012195131,7.920744646740786,7876700
2013-11-14,7.9886016845703125,8.0502899646964,7.970095435853703,8.0502899646964,8046500
2013-11-15,7.926910877227783,8.019442672746036,7.9207419339791505,8.000936431302948,13326300
2013-11-18,7.908405780792236,8.000938184893919,7.871393289793914,7.957756160991959,10672500
2013-11-19,7.883731842041016,7.945420121233635,7.80970625999169,7.908407036057457,11454100
2013-11-20,7.852887153625488,7.908406483358129,7.8158746593390545,7.8837312910661765,11582400
2013-11-21,7.982432842254639,8.031783819976337,7.846719565504877,7.88373206341734,13325700
2013-11-22,8.00710678100586,8.025613615362241,7.914574962435771,7.994769479737893,8200300
2013-11-25,7.95775842666626,8.081135000595372,7.95775842666626,8.007108820916663,12891400
2013-11-26,7.9454193115234375,8.000938639478267,7.908406230119228,7.982431804624676,9086400
2013-11-27,7.926910877227783,8.000936431302948,7.914572990730518,7.976261246611227,8167700
2013-11-29,7.899034023284912,7.985768727220441,7.886643098080479,7.936206208066377,5186700
2013-12-02,7.905229568481445,8.04772166483019,7.905229568481446,7.942401162819449,13154600
2013-12-03,7.793712615966797,7.923814361323359,7.737954640695162,7.892837642746699,11969100
2013-12-04,7.954788684844971,7.9795699340787225,7.787514809393455,7.830882438676211,13335000
2013-12-05,7.8928375244140625,7.954790960638552,7.837079549978373,7.917618780737508,9917300
2013-12-06,8.022941589355469,8.04152738926814,7.942402335291326,7.985769989530127,7483800
2013-12-09,7.979573726654053,8.047722046728879,7.923815741669255,8.03533171163885,9458900
2013-12-10,8.053916931152344,8.084893652900064,7.917619709961469,7.960987356741008,11700600
2013-12-11,8.004354476928711,8.097284052085865,7.9671822923667515,8.097284052085865,11461800
2013-12-12,8.103479385375977,8.153041903446695,7.991963424300953,7.998158886767747,12911000
2013-12-13,8.07869815826416,8.134456139022005,8.03533110248887,8.084893620755437,7091400
2013-12-16,8.22119140625,8.245972667085907,8.10347997415555,8.10347997415555,8312500
2013-12-17,8.103479385375977,8.202604421517412,8.066307792238849,8.196408959050617,10929600
2013-12-18,8.22119140625,8.22738627833508,7.967182744142133,8.115870899989433,12504500
2013-12-19,8.22119140625,8.264558465004871,8.15304249582736,8.202605017499174,6718200
2013-12-20,8.252164840698242,8.314118267945057,8.202602335233458,8.276946093430634,13165600
2013-12-23,8.338902473449707,8.351292808787436,8.258363225842887,8.295535413519834,5040800
2013-12-24,8.332707405090332,8.39466085720939,8.326511941712045,8.351293204393286,1957500
2013-12-26,8.326510429382324,8.38226840799587,8.307924633455075,8.36368261206862,3039300
2013-12-27,8.301725387573242,8.35748334077431,8.289335059546076,8.345093012747146,2506300
2013-12-30,8.289339065551758,8.338901583275657,8.276948140704874,8.307924861990266,2991500
2013-12-31,8.314119338989258,8.35748638914967,8.289338083064488,8.295533544753617,3652500
2014-01-02,8.233582496643066,8.326512085595587,8.214996697018947,8.320317212942157,6353900
2014-01-03,8.252164840698242,8.326508598895419,8.21499325701549,8.252164840698242,5570800
2014-01-06,8.326510429382324,8.438026386609414,8.301729171202059,8.301729171202059,12965900
2014-01-07,8.388463973999023,8.469003211788959,8.332705994695852,8.388463973999023,11581100
2014-01-08,8.44422435760498,8.475201087241313,8.3079271017043,8.357489632789642,12565700
2014-01-09,8.524762153625488,8.574324676195134,8.450418369771018,8.450418369771018,16899600
2014-01-10,8.44422435760498,8.518568154232995,8.382270898332314,8.512372690139333,9479500
2014-01-13,8.345097541809082,8.456612917901456,8.30792535589039,8.45041804594155,6563800
2014-01-14,8.407050132751465,8.45661265186262,8.369878538834016,8.400855260986445,11503900
2014-01-15,8.475198745727539,8.518565800737843,8.431831099885423,8.444222024649404,7548500
2014-01-16,8.382267951965332,8.481392979293574,8.345096362133125,8.475198108209383,7824800
2014-01-17,8.388463973999023,8.5061748041032,8.376073640171544,8.40085489865831,7584700
2014-01-21,8.679642677307129,8.679642677307129,8.462806260572762,8.475197183052076,16871000
2014-01-22,8.760183334350586,8.760183334350586,8.61769065668101,8.710620817986856,13922600
2014-01-23,8.475198745727539,8.673448815296712,8.295534472472523,8.580519242894116,25810600
2014-01-24,8.010551452636719,8.431832942535959,7.9919650614289734,8.431832942535959,29808300
2014-01-27,7.967181205749512,8.115869332886442,7.905228361038227,8.041524973902101,18336900
2014-01-28,8.029136657714844,8.07250371898704,7.9362070718938815,7.960988334168264,13179200
2014-01-29,7.973374366760254,8.066304493259901,7.923811868959739,7.960984037725915,13728100
2014-01-30,8.035333633422852,8.053919435918933,7.886645440958175,8.035333633422852,11891500
2014-01-31,7.905229568481445,7.991963682491345,7.874252845978551,7.899034105814499,11633200
2014-02-03,7.626440525054932,7.917620191011945,7.607854136377952,7.8990343931668265,12920300
2014-02-04,7.731761932373047,7.787519927502117,7.589269803338288,7.676004528075951,9689600
2014-02-05,7.6698079109191895,7.725565897665679,7.607854461016004,7.682198246400695,13708300
2014-02-06,7.837080001831055,7.843275463977059,7.688392455317696,7.688392455317696,7244400
2014-02-07,7.8928375244140625,7.973376755173197,7.818493755443729,7.880447191668218,9321200
2014-02-10,7.8494720458984375,7.936206755820364,7.7813237250659855,7.905230031503113,8234000
2014-02-11,7.936204433441162,7.954790226259984,7.781321448010342,7.861860080502471,11112100
2014-02-12,7.99816370010376,8.165437742382675,7.930015344452448,7.930015344452448,9327600
2014-02-13,7.979573726654053,7.991964061744081,7.843276495672533,7.917620278708307,8505300
2014-02-14,8.004354476928711,8.0786982552208,7.9671822923667515,7.985768680063646,8688300
2014-02-18,8.004354476928711,8.047721533224472,7.92381523607099,8.022940273793775,9199900
2014-02-19,7.830885410308838,7.979572962134698,7.806104151671194,7.9547917034970546,11036700
2014-02-20,7.905229568481445,7.923815365650447,7.750346546798808,7.8308857889736005,9387900
2014-02-21,7.960984706878662,8.010547208845102,7.9114222049122205,7.9114222049122205,7328400
2014-02-24,8.035333633422852,8.115872898681882,7.954794368163821,7.973380170659902,8096100
2014-02-25,7.991966247558594,8.041528783137869,7.960990105945568,8.041528783137869,9095300
2014-02-26,8.060108184814453,8.08488943110591,7.991959314389304,8.022936019961508,8020900
2014-02-27,8.060108184814453,8.097279758835882,8.016740560680763,8.047717266252965,7004300
2014-02-28,8.193877220153809,8.224985452613366,8.057001353335865,8.069444883655763,10416500
2014-03-03,8.112994194030762,8.156545353490436,8.044556572974123,8.125437721499267,10157700
2014-03-04,8.343195915222168,8.3556394453799,8.19387711337045,8.206320050188005,8153000
2014-03-05,8.312089920043945,8.349419927222884,8.280982272958555,8.336976393716458,8694600
2014-03-06,8.486295700073242,8.49873864005016,8.299646853696876,8.343198033626576,14969700
2014-03-07,8.64805793762207,8.735160895432811,8.560955573151686,8.573398513787302,17784900
2014-03-10,8.697831153869629,8.716496455406617,8.592064078528583,8.635615262100801,14354800
2014-03-11,8.573394775390625,8.716492387015354,8.548508311630686,8.697827094190323,13018600
2014-03-12,8.56717586517334,8.57961880366672,8.480072922358662,8.536067628929509,8601500
2014-03-13,8.548511505126953,8.660500930552999,8.52362503207009,8.592063277981705,12366700
2014-03-14,8.579621315002441,8.66050251557499,8.517404824303426,8.529848359779402,12983100
2014-03-17,8.67916488647461,8.697829591318136,8.592062534977975,8.616949005882766,9095500
2014-03-18,8.691605567932129,8.735156729396575,8.641832642447026,8.685383803911472,9411600
2014-03-19,8.834704399108887,8.896920865443395,8.685385591914304,8.710272059780069,18783600
2014-03-20,8.977802276611328,9.071126385291276,8.791153465911217,8.791153465911217,21757800
2014-03-21,8.934249877929688,9.145785142162229,8.921806941213745,9.064903976818012,18388700
2014-03-24,8.872034072875977,9.071125808515662,8.816039373892272,8.99646640765078,11701700
2014-03-25,8.959136962890625,8.977802259262717,8.834704620444407,8.903142853794986,10055400
2014-03-26,8.840923309326172,9.021350291420992,8.834701546033935,8.99646383159205,18218400
2014-03-27,8.697831153869629,8.965361209162683,8.666723504655403,8.890701783035864,13122500
2014-03-28,8.797374725341797,8.872034126659273,8.672941796472493,8.735158260907145,8081700
2014-03-31,8.85959243774414,8.940473620982825,8.840927731870691,8.840927731870691,9541200
2014-04-01,8.940470695495605,8.965357159630328,8.865811303091437,8.909362466992176,8621700
2014-04-02,8.921805381774902,8.97157830661922,8.859588929049472,8.965356542678663,9774500
2014-04-03,8.99024486541748,9.008909567761297,8.896920760358205,8.934250165045839,7090300
2014-04-04,8.840923309326172,9.077344974371108,8.828479782741699,9.033793818005464,8336800
2014-04-07,8.635614395141602,8.834706178158942,8.560954976510098,8.822263238390518,12414100
2014-04-08,8.672942161560059,8.716493925833698,8.56717511691317,8.641834521373434,8002100
2014-04-09,8.716492652893066,8.722714417357857,8.579616801368246,8.697827359498692,9032500
2014-04-10,8.399188995361328,8.710270069263599,8.386745467602008,8.704048305383939,10742500
2014-04-11,8.200101852416992,8.355642475758192,8.050782403070743,8.262317745749238,19746600
2014-04-14,8.28097915649414,8.368081484897672,8.17521153485547,8.30586562080088,8385900
2014-04-15,8.368082046508789,8.430298508121258,8.243649716624004,8.293422648577918,10567500
2014-04-16,8.405410766601562,8.467626625432462,8.330751380000446,8.455183691002308,12356500
2014-04-17,8.436521530151367,8.648056225808084,8.34941858958196,8.523623877380533,13772500
2014-04-21,8.480073928833008,8.573398055300606,8.442743922241773,8.455187455552293,7114800
2014-04-22,8.654278755187988,8.685386993374818,8.430300508255334,8.436522274560758,10105200
2014-04-23,8.641834259033203,8.660498961246613,8.492514861305363,8.64805543087755,12317200
2014-04-24,8.47385025024414,8.660499054406563,8.448963782578497,8.654277289155104,10516300
2014-04-25,8.424077987670898,8.504959162378565,8.405413283766126,8.461407988820682,9184400
2014-04-28,8.299643516540527,8.442740532109804,8.206318834206572,8.405411133848292,13506700
2014-04-29,8.386746406555176,8.424076400672421,8.312087011660813,8.355638770354286,10465100
2014-04-30,8.486295700073242,8.49873864005016,8.349419800285197,8.386749213556275,8594900
2014-05-01,8.417854309082031,8.529843693743112,8.374303145420546,8.473849001412571,8826900
2014-05-02,8.504956245422363,8.672939709632281,8.436518625683512,8.442739795957927,7998000
2014-05-05,8.504956245422363,8.517399179311228,8.386745110107942,8.448961559572378,6154800
2014-05-06,8.3307523727417,8.492514099650563,8.324530608115168,8.480071163737634,10035400
2014-05-07,8.47385025024414,8.4800720154956,8.299644976584638,8.374304379581568,8684600
2014-05-08,8.448963165283203,8.554730793469675,8.386746703994636,8.455184930080089,12192700
2014-05-09,8.461407661437988,8.46762883360538,8.312088255956448,8.430299427240158,7475000
2014-05-12,8.623167991638184,8.641833285088177,8.46140626845239,8.498735668672143,6402000
2014-05-13,8.592060089111328,8.672940651522758,8.579616560531045,8.635611252462112,7842000
2014-05-14,8.305865287780762,8.57339462001671,8.27475706030958,8.56095168503229,11579700
2014-05-15,8.193877220153809,8.262314856892688,8.025893120876308,8.231206624433131,12387100
2014-05-16,8.156547546386719,8.193877545488398,8.057001673235852,8.187655780081416,9778900
2014-05-19,8.274757385253906,8.280979149660485,8.137881535009736,8.137881535009736,8590000
2014-05-20,8.231209754943848,8.29964801105149,8.162772092176615,8.293426243525268,8554800
2014-05-21,8.293420791625977,8.33697194899922,8.231204343944183,8.237426107380367,5222600
2014-05-22,8.309053421020508,8.334061834927926,8.277792754574332,8.28404500711309,4927300
2014-05-23,8.359068870544434,8.40283343860436,8.296548144208472,8.321556553992362,5069800
2014-05-27,8.471607208251953,8.496615618613129,8.365321315155072,8.37157356680725,6076300
2014-05-28,8.477860450744629,8.509120520163934,8.384078453743902,8.465355945978825,6225400
2014-05-29,8.521627426147461,8.52787968029212,8.409089236534705,8.502871259961259,12707400
2014-05-30,8.559136390686035,8.615405463351758,8.490363410898784,8.50286791426785,8040000
2014-06-02,8.621659278869629,8.634163784506816,8.496617203735989,8.565390195997578,5143400
2014-06-03,8.690434455871582,8.746703552889457,8.577896858083628,8.596653025006988,6849100
2014-06-04,8.684178352355957,8.74044682432258,8.65916994384385,8.684178352355957,8394300
2014-06-05,8.74670124053955,8.752953493277039,8.627911419765466,8.70293666387241,8158000
2014-06-06,8.83423137664795,8.85298753943342,8.75295387624736,8.759206129258406,5302500
2014-06-09,9.059307098388672,9.078063857379512,8.840483609724513,8.846735266473797,11666700
2014-06-10,8.990533828735352,9.04680291148871,8.946769251592805,9.015542243709328,6455700
2014-06-11,8.915507316589355,8.965524139428062,8.840482082331292,8.959271887511335,5392500
2014-06-12,8.859237670898438,8.928010648807682,8.827977009576955,8.903002239,6464100
2014-06-13,8.89675235748291,8.953021443601537,8.852987777722946,8.859240030902278,6943500
2014-06-16,8.784215927124023,8.871745098059439,8.740450745408557,8.871745098059439,6946700
2014-06-17,8.890499114990234,8.95301984689036,8.74044804668527,8.76545705494241,8572300
2014-06-18,8.928010940551758,8.959271602894757,8.834229549770301,8.903002529926866,9047400
2014-06-19,8.89675235748291,8.946769786669886,8.83423161443263,8.946769786669886,6962600
2014-06-20,8.953022956848145,9.01554430671351,8.934266790387648,8.959275211084238,7757900
2014-06-23,8.940518379211426,8.990535216882023,8.87799703399931,8.953022290505206,5872200
2014-06-24,8.865489959716797,9.02804432602697,8.85298545663658,8.915506779542623,6929100
2014-06-25,8.946769714355469,8.9780297875041,8.7467017879677,8.846735453037747,8026200
2014-06-26,8.96552562713623,8.9967862956596,8.802970627812837,8.921761048952108,7809700
2014-06-27,9.00303840637207,9.009290659641566,8.921761498859395,8.928013155881201,6676300
2014-06-30,8.959273338317871,9.015542422185158,8.928012669919639,8.990534006716103,6389100
2014-07-01,9.00303840637207,9.109324326962726,8.959273825980986,8.971778332519975,7439200
2014-07-02,8.959273338317871,9.05930700019409,8.928012669919639,9.00929016925598,7662100
2014-07-03,9.071807861328125,9.14058082717562,9.034294955072045,9.046799455906545,3847800
2014-07-07,8.97803020477295,9.040551546471349,8.946770130171453,8.971778547601273,5910600
2014-07-08,8.884245872497559,8.97802725801665,8.846732960541416,8.97802725801665,8077400
2014-07-09,8.9342622756958,8.984279091814313,8.896749365483176,8.984279091814313,7410300
2014-07-10,8.846735954284668,8.903005043136636,8.75295453702986,8.80922362588183,7473900
2014-07-11,8.859237670898438,8.903002239,8.76545628318151,8.834229261090755,5395200
2014-07-14,8.859237670898438,8.959271310129164,8.852985419384636,8.940515151835283,4672700
2014-07-15,8.990533828735352,9.0342984058779,8.909256331008018,8.928012493176588,10507200
2014-07-16,8.871743202209473,9.040550446507755,8.82172637343538,9.034298193849086,13434800
2014-07-17,8.515374183654785,8.75920670076576,8.44660118478909,8.702937612490329,20215400
2014-07-18,8.565388679504395,8.671674573612092,8.48411119599571,8.596649341815048,14778500
2014-07-21,8.552885055541992,8.596649626477568,8.490363728850404,8.521624392196198,9683800
2014-07-22,8.471607208251953,8.596649260057832,8.465354956599775,8.577893101348835,14783200
2014-07-23,8.490363121032715,8.552884443248455,8.471606962866998,8.50286762397487,15403600
2014-07-24,8.596648216247559,8.640412780003812,8.502866837842024,8.515370743380613,19752500
2014-07-25,8.665422439575195,8.696683102310363,8.577893299413784,8.596649458555866,14493200
2014-07-28,8.552885055541992,8.69668327218606,8.552885055541992,8.659170953169157,9037800
2014-07-29,8.509121894836426,8.596651653594927,8.502870237691155,8.571643236270742,6297700
2014-07-30,8.590396881103516,8.646665952644188,8.515371651131796,8.59664913266304,7127400
2014-07-31,8.465353965759277,8.584143752009044,8.459101714838903,8.540379188061362,11410200
2014-08-01,8.346565246582031,8.521624121000754,8.284043921880146,8.440346637387318,10232500
2014-08-04,8.2715425491333,8.40908915778888,8.215274051101614,8.377828483606098,11373000
2014-08-05,8.234028816223145,8.334062479590695,8.190264237561756,8.227776563200756,7643100
2014-08-06,8.252782821655273,8.309051891651954,8.190262096518138,8.196513751658594,6297600
2014-08-07,8.121491432189941,8.302802613639026,8.108987521183655,8.29029870263274,6361700
2014-08-08,8.25903606414795,8.271539972176873,8.108985590315383,8.146497910649733,8196700
2014-08-11,8.159001350402832,8.277791144292944,8.146496847757819,8.277791144292944,11362400
2014-08-12,8.196514129638672,8.221522540096284,8.127741149942121,8.152749560399734,6156400
2014-08-13,8.227774620056152,8.271539188381709,8.196513958574673,8.227774620056152,4656200
2014-08-14,8.20901870727539,8.296548442792867,8.19026254832434,8.246531025177493,5410500
2014-08-15,8.246530532836914,8.321556356656957,8.159001398792709,8.240278877724833,8709800
2014-08-18,8.334061622619629,8.44034752808045,8.284044796078959,8.29654930083793,8494300
2014-08-19,8.296548843383789,8.427842558628083,8.29029659134904,8.340313415131886,8327300
2014-08-20,8.40283203125,8.42158878263207,8.27779000327331,8.296546754655381,7858200
2014-08-21,8.484111785888672,8.527876954665558,8.377825884391006,8.409086548875187,8855400
2014-08-22,8.471607208251953,8.590397008405656,8.4403465462386,8.477859459904131,7978200
2014-08-25,8.571645736694336,8.615410330716248,8.521628887455613,8.534132801641356,6262600
2014-08-26,8.590396881103516,8.615405291094088,8.559136219553418,8.58414462954399,5679700
2014-08-27,8.515374183654785,8.615407853367687,8.49036576622656,8.590399435939462,5869200
2014-08-28,8.487102508544922,8.531076940482379,8.430563610850074,8.49966637519561,5108000
2014-08-29,8.54992389678955,8.556206130297781,8.461975024101383,8.48082112551931,4482500
2014-09-02,8.612746238708496,8.644156811537686,8.543643457769758,8.5750534314921,6742600
2014-09-03,8.575054168701172,8.65672142543537,8.531079722423872,8.63787531976037,5900600
2014-09-04,8.619026184082031,8.706975045718366,8.568769520545073,8.593897852313551,7325600
2014-09-05,8.631590843200684,8.637873076496481,8.524795273599096,8.606462509124235,6344100
2014-09-08,8.65043830871582,8.663002177312668,8.556206598258884,8.625309373308534,6426800
2014-09-09,8.543641090393066,8.612743852183966,8.52479439245372,8.600179386891067,8708700
2014-09-10,8.725825309753418,8.757235287969943,8.556208551670915,8.556208551670915,8820900
2014-09-11,8.694411277770996,8.732103476296885,8.644154613665346,8.688129044981116,6990800
2014-09-12,8.750951766967773,8.813772308977157,8.681848391918608,8.700695093717545,11756800
2014-09-15,8.675568580627441,8.769799713001545,8.65044023872055,8.757235242494636,7347200
2014-09-16,8.681848526000977,8.769798005100565,8.64415632003459,8.64415632003459,5517400
2014-09-17,8.769801139831543,8.832622304373116,8.656723283299522,8.700698338121434,10122400
2014-09-18,8.876593589782715,8.90800416083511,8.769798007668658,8.794926344689213,10224000
2014-09-19,8.769801139831543,8.926853452078449,8.750955030111882,8.920571215802887,10492900
2014-09-22,8.644157409667969,8.782362981108546,8.637875174846064,8.757234640927814,7495800
2014-09-23,8.537359237670898,8.669283133583724,8.518513137999554,8.637872568060345,9442000
2014-09-24,8.518515586853027,8.575053902120368,8.461976672478807,8.549925562299258,10384000
2014-09-25,8.42428207397461,8.512231544222498,8.405435972888187,8.487103209738352,7013700
2014-09-26,8.474536895751953,8.493383591837121,8.405434140759533,8.449408566745017,5279200
2014-09-29,8.436845779418945,8.487102443852017,8.361460782769338,8.386589114985874,7364600
2014-09-30,8.374022483825684,8.480818017905612,8.355176389313504,8.424279135262527,11184500
2014-10-01,8.27979564666748,8.430565678085841,8.260948943410048,8.386591235365533,7788400
2014-10-02,8.298639297485352,8.336332093750219,8.14786931063923,8.260946501220486,13433400
2014-10-03,8.49338436126709,8.531076558638784,8.336332140969459,8.361460472252812,13351300
2014-10-06,8.417998313903809,8.562486660313569,8.417998313903809,8.543640562645042,11491500
2014-10-07,8.25466537475586,8.430563703546444,8.25466537475586,8.386589271125475,13057600
2014-10-08,8.480817794799805,8.505946119857173,8.273508963299887,8.279791194340861,15438400
2014-10-09,8.22325611114502,8.46825724383296,8.22325611114502,8.436847272334262,10366700
2014-10-10,8.09133243560791,8.311205238201293,8.09133243560791,8.204410253523081,13086200
2014-10-13,8.02223014831543,8.166717947507736,8.009665679286433,8.122743504119965,7961200
2014-10-14,8.097613334655762,8.179280567562303,7.98453553538413,8.041074435019945,16224200
2014-10-15,7.6264567375183105,7.764662272784592,7.255813367535572,7.350044468772285,45868700
2014-10-16,7.657865524291992,7.714404415957988,7.362607799757673,7.419146691423669,21244700
2014-10-17,7.758381366729736,7.796073571118618,7.626457453155078,7.726970797001144,20074700
2014-10-20,7.852612018585205,7.865176485386182,7.770944781699108,7.796073116194311,11995300
2014-10-21,7.93427848815918,7.990817385082282,7.884021824029021,7.909150156094101,14156900
2014-10-22,7.902868270874023,8.015946069693458,7.8651760706720255,7.971971037315499,16548000
2014-10-23,7.978255748748779,8.059923006697838,7.959409642793429,7.9971018547041295,10407700
2014-10-24,8.034790992736816,8.034790992736816,7.965688236418557,7.978252101609771,7344700
2014-10-27,8.034790992736816,8.04107322488574,7.9845343337586945,8.015944895396679,6264600
2014-10-28,8.166717529296875,8.185563632768417,8.047358075168003,8.053639710253965,7594800
2014-10-29,8.235817909240723,8.267228471948853,8.11017625751485,8.141586820222981,8078000
2014-10-30,8.19184398651123,8.260946749448797,8.135305089968364,8.210690085656623,13566400
2014-10-31,8.2923583984375,8.342615068801438,8.242101728073564,8.323768967191652,15564000
2014-11-03,8.304922103881836,8.361461002632394,8.26094707201656,8.28607540489384,11754500
2014-11-04,8.323766708374023,8.34261280486955,8.22953562678979,8.317484476506646,7629400
2014-11-05,8.367740631103516,8.405433420939314,8.286073419048092,8.3865873255747,9318600
2014-11-06,8.468256950378418,8.480821417827936,8.348897505141897,8.40543641045117,7552800
2014-11-07,8.411718368530273,8.480821139917836,8.367743333004768,8.436846703499093,7201800
2014-11-10,8.468256950378418,8.487103651552697,8.386590308383672,8.39287194300165,5061100
2014-11-11,8.468256950378418,8.505949753620193,8.430564746243425,8.46197531576044,5476800
2014-11-12,8.468256950378418,8.493385885277457,8.411718644175929,8.411718644175929,8028200
2014-11-13,8.449407577514648,8.499664229644628,8.392868694091783,8.455689808807533,9893600
2014-11-14,8.386590003967285,8.48082110999115,8.361461669087138,8.424282206734127,7740900
2014-11-17,8.317486763000488,8.374025667136328,8.292358427729756,8.355179565459972,8666100
2014-11-18,8.361461639404297,8.380307740720815,8.286076035924708,8.330051071138929,11595200
2014-11-19,8.348897933959961,8.367744036995434,8.27351292271125,8.36146240205482,9216100
2014-11-20,8.386590003967285,8.386590003967285,8.267229963956513,8.27351219745324,6733100
2014-11-21,8.317486763000488,8.487103475408011,8.311204529406112,8.405436236001437,8791000
2014-11-24,8.499669075012207,8.518515779634718,8.367745138189095,8.367745138189095,13013500
2014-11-25,8.505950927734375,8.531079266995208,8.461976483804635,8.524797032403283,11647000
2014-11-26,8.556206703186035,8.562488937114898,8.49338616121782,8.49338616121782,6521200
2014-11-28,8.52148723602295,8.622482543985017,8.502550766274942,8.609858431479518,5158900
2014-12-01,8.319500923156738,8.496242803505762,8.23112968199231,8.483618082490915,17273000
2014-12-02,8.332121849060059,8.458366000928622,8.306873018686344,8.338434207148387,11577200
2014-12-03,8.407865524291992,8.43942670218384,8.325806702564952,8.3321190585392,8244300
2014-12-04,8.515172958374023,8.521485314192923,8.395241207711866,8.420490029008077,11942600
2014-12-05,8.69823169708252,8.786602919687025,8.57829988252899,8.57829988252899,12666000
2014-12-08,8.666670799255371,8.8181644148932,8.641421963645687,8.698231994262407,7976100
2014-12-09,8.723479270935059,8.729791629204355,8.559362169790667,8.609859831985805,8360400
2014-12-10,8.508864402770996,8.76766568911682,8.49624028747442,8.70454330669498,10956400
2014-12-11,8.540425300598145,8.635108870978302,8.508864110471427,8.571986490724864,7512500
2014-12-12,8.395243644714355,8.527800145493302,8.382618929411809,8.470990130590959,9526400
2014-12-15,8.275311470031738,8.483614462043139,8.268999714197736,8.420492689846105,14229200
2014-12-16,8.275311470031738,8.401556218384952,8.205877340021129,8.21850205564828,15726400
2014-12-17,8.477299690246582,8.50886026412703,8.275308525931427,8.319494412926902,13780100
2014-12-18,8.717169761657715,8.717169761657715,8.571988493938811,8.58461321373166,9273100
2014-12-19,8.710855484008789,8.786601980150474,8.704543125502072,8.7297919575493,13703900
2014-12-22,8.736102104187012,8.748726216024542,8.672979739060892,8.71716563544097,6788200
2014-12-23,8.87497329711914,8.900222129461714,8.736104418245167,8.767665609168295,5105100
2014-12-24,8.843412399291992,8.900222424440539,8.805538848533072,8.900222424440539,2391800
2014-12-26,8.837099075317383,8.89390909426116,8.82447435911672,8.849723791518045,2502400
2014-12-29,8.8812837600708,8.938093775061544,8.811849631737424,8.824473745080057,4590200
2014-12-30,8.90022087097168,8.950718528516463,8.780288482818147,8.843410855738908,4651900
2014-12-31,8.773978233337402,8.925471844352126,8.76766647611239,8.925471844352126,5081400
2015-01-02,8.74872875213623,8.868661160246377,8.622484587267389,8.837099968534252,6203200
2015-01-05,8.483612060546875,8.704539705646393,8.477300306499572,8.698227349619685,7408500
2015-01-06,8.224813461303711,8.508862929045643,8.193252275559152,8.50255117348037,13236900
2015-01-07,8.287939071655273,8.382622063910782,8.21219255745491,8.319500269733705,11281200
2015-01-08,8.458365440368652,8.483614269069054,8.332121296866648,8.36999484090703,9180100
2015-01-09,8.21850299835205,8.458366602985746,8.21850299835205,8.458366602985746,9640000
2015-01-12,8.117505073547363,8.237437448381339,8.067007421610793,8.212188622413054,7665700
2015-01-13,8.016511917114258,8.256376129056846,7.940765418918649,8.186941989539118,11627300
2015-01-14,7.839768409729004,7.909202534382941,7.726148385768444,7.909202534382941,17117600
2015-01-15,7.675651550292969,7.871330434444335,7.59990506022845,7.808208058400774,12887000
2015-01-16,7.827146053314209,7.827146053314209,7.625155373841752,7.656716568004251,13083300
2015-01-20,7.73877477645874,7.846082466333036,7.70721358496989,7.820833633537887,12997600
2015-01-21,7.782959938049316,7.827145244120982,7.6756522501784294,7.726149914825947,17101800
2015-01-22,8.376307487487793,8.433116902538464,7.9470767827966355,7.953389140684348,30309300
2015-01-23,8.376307487487793,8.489926919568713,8.31318511256983,8.382619243395924,13642200
2015-01-26,8.508864402770996,8.521489120047224,8.338434933399471,8.388932598545082,10233900
2015-01-27,8.401557922363281,8.49624090085193,8.351059651592346,8.363684369780003,9656900
2015-01-28,8.168004989624023,8.47099158720968,8.161693232866979,8.47099158720968,12465100
2015-01-29,8.332121849060059,8.351058321345443,8.142755320267412,8.186941224906109,10502800
2015-01-30,8.199568748474121,8.332125313547875,8.168007546888969,8.19325638776112,10475500
2015-02-02,8.376307487487793,8.407868072967194,8.186940964713484,8.262687453427292,11852500
2015-02-03,8.571986198425293,8.578298556631315,8.420493213358421,8.426805571564444,12911600
2015-02-04,8.553047180175781,8.635106006492382,8.534110713173314,8.55935953650308,6868200
2015-02-05,8.710855484008789,8.736104316056018,8.635108987867104,8.691919010468277,12072400
2015-02-06,8.938095092773438,9.026466307118358,8.824475046041346,8.856036237020222,19184800
2015-02-09,8.761353492736816,8.856036466143431,8.74872877522678,8.83709999185804,10584200
2015-02-10,8.824474334716797,8.83709905088255,8.729791371392038,8.83709905088255,7236700
2015-02-11,8.786600112915039,8.805536582431372,8.704541275704914,8.79922422526609,12513400
2015-02-12,8.957029342651367,8.982278168769572,8.805536385942135,8.84972228313362,9700300
2015-02-13,8.906533241271973,9.020153279577821,8.849723824098652,8.982279732816004,8855500
2015-02-17,8.931784629821777,8.944409349684598,8.786603963277996,8.893911674192866,7620100
2015-02-18,8.799227714538574,8.92547249998765,8.77397887784471,8.919160140319246,6783000
2015-02-19,8.773978233337402,8.79291531095156,8.654046418346274,8.780290592542121,6637300
2015-02-20,8.849721908569336,8.849721908569336,8.628794237901177,8.729789538099373,7623400
2015-02-23,8.780289649963379,8.830787314220709,8.729791985706049,8.818163199146198,4633800
2015-02-24,8.887596130371094,8.893908488041166,8.786600815568171,8.811849644268902,7335300
2015-02-25,8.931784629821777,8.963345827499053,8.849726358632546,8.887599314261456,8384000
2015-02-26,8.906533241271973,8.94440678803379,8.837099107851511,8.900221485128005,8619600
2015-02-27,8.833606719970703,8.935069440453828,8.820923577527553,8.871654937769117,6735900
2015-03-02,8.890679359436035,8.922386004971527,8.808240750559658,8.833606429847352,5770700
2015-03-03,8.877999305725098,8.916048140275116,8.801902241390767,8.839950471175078,6771300
2015-03-04,8.814584732055664,8.846291993202913,8.74482924134428,8.814584732055664,11159100
2015-03-05,8.928726196289062,8.928726196289062,8.713117653277457,8.833605064850016,11170200
2015-03-06,9.07458209991455,9.195068944119953,8.935070539703883,8.954094650943558,13553800
2015-03-09,9.087265014648438,9.106289126674211,9.011167961779728,9.049216790596892,9683000
2015-03-10,8.858969688415527,8.985798050198055,8.839944980574149,8.979456480917595,11961500
2015-03-11,9.023849487304688,9.049215773508827,8.852631288785593,8.877996970224183,11370300
2015-03-12,9.264823913574219,9.277507056881934,9.125312965782713,9.176044329482455,16077500
2015-03-13,9.201411247253418,9.315556528526892,9.125314191482556,9.252142617767326,10739500
2015-03-16,9.252140045166016,9.277505723369924,9.14433576160804,9.24579847442367,8385700
2015-03-17,9.264823913574219,9.264823913574219,9.13799550432487,9.182385296370752,7821600
2015-03-18,9.176046371459961,9.347264610856984,9.074583621481622,9.245801860878645,13410300
2015-03-19,9.150678634643555,9.182385283336716,9.06189844591225,9.169702744812563,13281000
2015-03-20,9.290190696716309,9.309215413933138,9.169703844837876,9.188727957289075,12773900
2015-03-23,9.226774215698242,9.30921281970081,9.201408537910181,9.302871249062429,8403900
2015-03-24,9.07458209991455,9.195068944119953,9.07458209991455,9.195068944119953,10217900
2015-03-25,8.89702320098877,9.074583618151394,8.865315940440752,9.06824204508865,11280100
2015-03-26,8.97312068939209,9.004827951445229,8.81458498389212,8.877999507998396,10579000
2015-03-27,8.877999305725098,8.954096370059426,8.82726792950221,8.954096370059426,7237400
2015-03-30,9.004823684692383,9.055555038033093,8.94140979539921,8.966775472069566,4981800
2015-03-31,8.979458808898926,8.992141950748028,8.884337664092605,8.890679235017158,8104300
2015-04-01,8.979458808898926,8.992141950748028,8.871654522243503,8.935069021958041,17691400
2015-04-02,9.036531448364258,9.055555555763323,8.941410306603453,8.941410306603453,8030400
2015-04-06,8.979458808898926,9.004824487831643,8.833606306227171,8.935069021958041,7257700
2015-04-07,9.036531448364258,9.093604375326928,8.954092843281007,9.011165770243679,8558700
2015-04-08,8.998481750488281,9.106286023169687,8.973116074843562,9.023847426132999,6580400
2015-04-09,8.998481750488281,9.036530566338064,8.922384723554124,8.99214078515116,6776500
2015-04-10,8.916045188903809,9.011166336643484,8.884337938068748,8.99214222804865,9370300
2015-04-13,9.036531448364258,9.04287301908577,8.897019916318337,8.909703057761362,15194100
2015-04-14,8.941411018371582,9.06823941907047,8.916045338231804,9.030190596478043,14360800
2015-04-15,8.998481750488281,9.061896241982783,8.916043758217004,8.922384723554124,10846300
2015-04-16,9.13165283203125,9.214091439298377,8.814581544741754,8.916044864677401,21619400
2015-04-17,8.935068130493164,9.112627865306793,8.877995207397426,9.0618965125029,11848400
2015-04-20,9.0111665725708,9.093605184994136,8.960435211812676,8.998483429998508,8117700
2015-04-21,8.992142677307129,9.080922258362227,8.992142677307129,9.042874039271625,7977800
2015-04-22,9.093605995178223,9.11263010596607,8.916046216705304,8.979460120919986,10232000
2015-04-23,9.093605995178223,9.125313249668354,9.017508947261259,9.08092285147594,9558000
2015-04-24,9.023849487304688,9.087263993283939,9.017508520519202,9.087263993283939,7453200
2015-04-27,8.947752952575684,9.080922938903882,8.947752952575684,9.036533145049676,6984700
2015-04-28,9.04287338256836,9.055555919755694,8.884337736750958,8.941410666007702,7509700
2015-04-29,9.188730239868164,9.233120652968857,9.011170401762739,9.011170401762739,11081800
2015-04-30,9.163360595703125,9.271164887809734,9.11262923527243,9.220433527379038,11544500
2015-05-01,9.13165283203125,9.239457118090916,9.106287153238709,9.207750473174356,6469600
2015-05-04,9.277506828308105,9.283848399805724,9.137995279188246,9.195068213135713,7625300
2015-05-05,9.290190696716309,9.404336580954762,9.220435214551493,9.239459327002692,16124300
2015-05-06,9.169700622558594,9.328236248394832,9.118969270672231,9.137993376438263,19322100
2015-05-07,9.099946022033691,9.195067164588764,9.061897202152377,9.188725593814299,11857300
2015-05-08,9.245800971984863,9.258484116895643,9.08726528919395,9.163362344361712,9149200
2015-05-11,9.347260475158691,9.391650862207944,9.214090523541785,9.252139340331798,7701600
2015-05-12,9.33458137512207,9.37897117374415,9.20141137449018,9.29019097173434,14789800
2015-05-13,9.461407661437988,9.493114912461657,9.296530439927325,9.334579262108829,16405800
2015-05-14,9.467747688293457,9.550186285602072,9.417016336836681,9.486771793898395,11426600
2015-05-15,9.321894645690918,9.512137516983675,9.283846434291616,9.512137516983675,12852900
2015-05-18,9.423360824584961,9.448726509794875,9.321898083745303,9.34092219646133,6735500
2015-05-19,9.581894874572754,9.581894874572754,9.436042360675808,9.461408041560736,9194100
2015-05-20,9.493114471435547,9.57555307836099,9.46774879274814,9.562869936634543,6145400
2015-05-21,9.461407661437988,9.53116312987765,9.423358839256485,9.461407661437988,6833100
2015-05-22,9.448723793029785,9.512138290203998,9.41067557853763,9.474089470946378,4168700
2015-05-26,9.397994041442871,9.423359723689408,9.309214455962774,9.385311502702388,10449000
2015-05-27,9.48043155670166,9.512138807011464,9.404334518817429,9.436041769127232,8899300
2015-05-28,9.423360824584961,9.499457880214704,9.404336711868934,9.47409219500479,6664300
2015-05-29,9.292702674865723,9.445668828960875,9.292702674865723,9.420174469945016,12133000
2015-06-01,9.24808406829834,9.35643520354189,9.146106672265168,9.330940854533598,9810500
2015-06-02,9.330942153930664,9.381930859047774,9.22259100359848,9.2353378759611,8655500
2015-06-03,9.458415031433105,9.528524357273449,9.37555822389449,9.381931964743625,11391800
2015-06-04,9.401053428649902,9.48391024367293,9.273581639319643,9.273581639319643,9099200
2015-06-05,9.624127388000488,9.64962174022985,9.471160666791011,9.471160666791011,10996900
2015-06-08,9.630499839782715,9.706982891067232,9.57951113892637,9.617752968485258,8422400
2015-06-09,9.777093887329102,9.802588240564859,9.541270967940024,9.64962212115032,10789600
2015-06-10,9.821708679199219,9.917312958011335,9.777093713786886,9.828082419353356,11201000
2015-06-11,9.789838790893555,9.85994870406491,9.757971311633709,9.847201226094409,5434800
2015-06-12,9.796213150024414,9.808960628801891,9.70060949052631,9.78346627908018,6439300
2015-06-15,9.783466339111328,9.840828170462215,9.649620850292761,9.694235810621201,4386400
2015-06-16,9.84083080291748,9.859952026316014,9.726106501693321,9.764347732823571,5486000
2015-06-17,9.719735145568848,9.942811277289096,9.687867039918302,9.89182255138165,9836000
2015-06-18,9.796213150024414,9.796213150024414,9.63687331230541,9.751598189969732,8110700
2015-06-19,9.694235801696777,9.796213201115473,9.694235801696777,9.745224501406126,7472900
2015-06-22,9.834455490112305,9.834455490112305,9.764345568855546,9.802587399344077,5306100
2015-06-23,9.974676132202148,9.9874236142182,9.859951833224681,9.872698707407334,11432300
2015-06-24,9.834455490112305,10.0065422077275,9.834455490112305,9.961927245351944,6929000
2015-06-25,9.796213150024414,9.930058638021709,9.75797192935847,9.891817417355764,9773700
2015-06-26,9.789838790893555,9.904563661295262,9.777091920756257,9.83445435595711,7906200
2015-06-29,9.541271209716797,9.751599781199866,9.534897469288016,9.668742979125726,8719800
2015-06-30,9.573140144348145,9.745226896197467,9.547645180395094,9.611381374610929,10361600
2015-07-01,9.757974624633789,9.783468981397363,9.694238428808152,9.732480267870216,8132500
2015-07-02,9.611381530761719,9.726106439080736,9.55401907660221,9.726106439080736,8059700
2015-07-06,9.566764831542969,9.585885443532849,9.464787423819208,9.522149259788852,7355200
2015-07-07,9.503026962280273,9.56676313471961,9.330940269227169,9.541268787310512,9274100
2015-07-08,9.324567794799805,9.452039549130072,9.318194055124975,9.420171458589188,6481600
2015-07-09,9.44566822052002,9.53489877524449,9.39467950577273,9.53489877524449,5912000
2015-07-10,9.509406089782715,9.617757279629004,9.477537985504359,9.585889175350648,10268400
2015-07-13,9.585887908935547,9.662370984399114,9.560393550447692,9.617756009003731,10180200
2015-07-14,9.675117492675781,9.675117492675781,9.50303013434753,9.534898231204618,7509700
2015-07-15,9.745223999023438,9.80896017429104,9.675114692495649,9.71972965048304,10273900
2015-07-16,9.668743133544922,9.808962386050853,9.566765716389101,9.770720550700744,14588900
2015-07-17,9.522150993347168,9.64962338404219,9.43292104926074,9.624129027469868,11328300
2015-07-20,9.687865257263184,9.719733357049709,9.547645982902544,9.547645982902544,8310100
2015-07-21,9.585887908935547,9.783469643091518,9.585887908935547,9.700612826047625,11251500
2015-07-22,9.770722389221191,9.808964231767126,9.579514392158453,9.579514392158453,10169800
2015-07-23,9.655997276306152,9.853579011147346,9.643250400934745,9.777095935418531,11038600
2015-07-24,9.573140144348145,9.681490701981632,9.560392662371619,9.630501989742323,7649000
2015-07-27,9.42016887664795,9.515773122066769,9.401048270697427,9.503025646211018,7661700
2015-07-28,9.439295768737793,9.50940510462011,9.362812083259943,9.413801409523,7339000
2015-07-29,9.534897804260254,9.560392159037686,9.40742603037309,9.445667258622558,8982500
2015-07-30,9.541271209716797,9.566765563598583,9.477535021095662,9.50940311540623,5161200
2015-07-31,9.458415031433105,9.560392453685745,9.43929441671908,9.54127183897172,7105600
2015-08-03,9.401053428649902,9.490283985097804,9.343690971492926,9.452042144382006,6479800
2015-08-04,9.464787483215332,9.54127053948812,9.40105129907136,9.420171911181232,6266300
2015-08-05,9.496654510498047,9.617753132977963,9.471160159633843,9.503028250172415,6301100
2015-08-06,9.439295768737793,9.566767564811762,9.439295768737793,9.528525722072837,6765500
2015-08-07,9.330942153930664,9.52214949420317,9.267205968617622,9.452040176625472,11499200
2015-08-10,9.534897804260254,9.560392159037686,9.381931675595657,9.388304808414993,9839700
2015-08-11,9.381932258605957,9.452041586642276,9.31819606378501,9.407426614967655,12112400
2015-08-12,9.177976608276367,9.330943351086571,9.069625444042776,9.305448995257102,12003900
2015-08-13,9.29907512664795,9.318195741299144,9.19072396390222,9.209844578553414,6548600
2015-08-14,9.413798332214355,9.420171464059617,9.273579098452998,9.31182032085765,6173500
2015-08-17,9.401053428649902,9.445668402957134,9.286328514335949,9.337317230068054,5425200
2015-08-18,9.439295768737793,9.471163261881182,9.38193330854614,9.407427667760933,5560300
2015-08-19,9.330942153930664,9.445666436527505,9.324568413832697,9.394677731410395,10324100
2015-08-20,9.063252449035645,9.279954780804204,9.063252449035645,9.254460424586338,11442000
2015-08-21,8.789188385009766,8.986770117785719,8.789188385009766,8.95490201794012,13568900
2015-08-24,8.247429847717285,8.540615177515576,8.139079315766391,8.349407855857203,23879600
2015-08-25,8.075345039367676,8.534244056706529,8.075345039367676,8.451387247476362,14229600
2015-08-26,8.559739112854004,8.591606604689808,8.20281749065863,8.330289281502177,20050800
2015-08-27,8.846551895141602,8.859298771895551,8.66809136575167,8.693585727093089,16690800
2015-08-28,8.830530166625977,8.875388138340641,8.708774211710638,8.766448310246847,8406000
2015-08-31,8.80489730834961,8.856163037945054,8.727998713956442,8.77285607456853,7654700
2015-09-01,8.388360977172852,8.657506294921166,8.330686893207421,8.599832210955734,10881600
2015-09-02,8.535752296447754,8.55497740424028,8.381955100921928,8.535752296447754,9491900
2015-09-03,8.619062423706055,8.695961049664312,8.529347665656065,8.561388301453373,8194500
2015-09-04,8.503711700439453,8.567793559885326,8.439629229857848,8.516527827874334,7531000
2015-09-08,8.76644515991211,8.779261282128015,8.619055782048543,8.708771082101821,7704200
2015-09-09,8.67032241821289,8.913834877650096,8.651097927270243,8.868977528405404,7883700
2015-09-10,8.695954322814941,8.80489411143491,8.599831267508135,8.625464122998983,8108300
2015-09-11,8.657506942749023,8.670323067291715,8.587016118789645,8.638281839231597,7544600
2015-09-14,8.715179443359375,8.804894132221396,8.62546414336187,8.657505365584942,7094600
2015-09-15,8.856162071228027,8.862570439511861,8.702364899229817,8.702364899229817,6807200
2015-09-16,8.84334659576416,8.86257109089299,8.689549412462167,8.824122100635332,8279800
2015-09-17,8.567790031433105,8.881792663469415,8.535748809337761,8.849752052509551,10734000
2015-09-18,8.279419898986816,8.484482733766406,8.253787044639367,8.484482733766406,15783300
2015-09-21,8.407587051391602,8.452444409085121,8.324280093435304,8.36272969369808,7264200
2015-09-22,8.215339660644531,8.349912334840631,8.144849445069667,8.279422119265767,14183900
2015-09-23,8.266606330871582,8.337097165663993,8.183299980702587,8.196116107214861,10153600
2015-09-24,8.196112632751465,8.234562218260265,8.106397340654551,8.164071413350037,14494000
2015-09-25,8.45884895324707,8.48448180478794,8.330684695542722,8.330684695542722,14803100
2015-09-28,8.17689037322998,8.426810608150017,8.17048200537675,8.420402851432382,10144500
2015-09-29,8.18329906463623,8.260197648508644,8.125624973948016,8.196115189713822,11798300
2015-09-30,8.337098121643066,8.337098121643066,8.196117047028244,8.279424017885377,9591700
2015-10-01,8.388360977172852,8.407585468116146,8.285829543961217,8.330686893207421,8431800
2015-10-02,8.317869186401367,8.324277553012053,7.971825334185534,8.151255932471875,11043900
2015-10-05,8.51652717590332,8.54856840874125,8.369138360438802,8.37554611809784,6094800
2015-10-06,8.484485626220703,8.554976458058876,8.439628268604165,8.49730236333152,6585900
2015-10-07,8.529341697692871,8.651097617483751,8.458850881534785,8.554974555077031,7577000
2015-10-08,8.54857063293457,8.599836374359462,8.433222409160642,8.497304891509678,8589800
2015-10-09,8.36913776397705,8.606241892262414,8.343504901760678,8.548567799491664,13032600
2015-10-12,8.426810264587402,8.465259859003593,8.349911686890591,8.375544546122862,7147400
2015-10-13,8.3499116897583,8.452443126722596,8.330687198111388,8.401177408240448,7571500
2015-10-14,8.14484977722168,8.330688181439125,8.106400178253816,8.330688181439125,12852300
2015-10-15,8.529341697692871,8.587015168455588,8.132031491535095,8.144848225794938,20800700
2015-10-16,8.465258598327637,8.593422875402316,8.394768398720434,8.561381653349775,10150400
2015-10-19,8.375539779663086,8.542153575421908,8.362723662908296,8.401172624307888,8499800
2015-10-20,8.522933006286621,8.593423208627204,8.362727500947157,8.39476872424215,12598400
2015-10-21,8.356319427490234,8.57419902018435,8.356319427490234,8.567790653073224,14715800
2015-10-22,8.45884895324707,8.580605456417743,8.413991615834396,8.413991615834396,14450000
2015-10-23,8.663917541503906,8.702366536167998,8.510119729440284,8.548569335240128,14008100
2015-10-26,8.612649917602539,8.69595687518326,8.522935202619964,8.663916254767004,10521600
2015-10-27,8.535752296447754,8.60624313608222,8.490894933869987,8.535752296447754,7369100
2015-10-28,8.907428741455078,8.926653848348847,8.529344139579822,8.5421602663733,10218900
2015-10-29,8.574199676513672,8.9779176683852,8.510117222768132,8.901019090571895,31957200
2015-10-30,7.959012031555176,8.164074946656212,7.926970798286716,8.119217586761785,80371600
2015-11-02,8.189709663391113,8.215342533576381,8.010279572094236,8.138443923020576,33434100
2015-11-03,8.189709663391113,8.221750903906656,8.132035552690303,8.164076793205846,14338400
2015-11-04,8.208930015563965,8.260195726215137,8.144847571682261,8.2025216489487,17679800
2015-11-05,8.32427978515625,8.356321015666014,8.221748336433517,8.292238554646486,19844100
2015-11-06,8.580610275268555,8.657508873077237,8.452445334451685,8.599834771936793,23972200
2015-11-09,8.439629554748535,8.606243495766067,8.381955451232024,8.53575265318555,20256300
2015-11-10,8.471668243408203,8.516525594369806,8.324278844178465,8.42681028131103,15725100
2015-11-11,8.433220863342285,8.548569065972766,8.388363500601868,8.548569065972766,15112400
2015-11-12,8.317869186401367,8.381951630237271,8.285828575618892,8.369135508151377,19763600
2015-11-13,8.17689037322998,8.32427916704071,8.138440777246192,8.279421814339287,17184200
2015-11-16,8.253790855407715,8.298648218442493,8.112809785838177,8.144851021349764,13723600
2015-11-17,8.260196685791016,8.375544242588182,8.221747092768261,8.305054035037939,12162600
2015-11-18,8.426810264587402,8.433218632179363,8.24097188236955,8.29223760083409,12790100
2015-11-19,8.381954193115234,8.433219919404847,8.317871729685386,8.401178687689923,8498900
2015-11-20,8.381954193115234,8.458852782549652,8.324280098255505,8.420403793400276,9700600
2015-11-23,8.388360977172852,8.4973007777441,8.369136486229557,8.439626693778669,10417000
2015-11-24,8.42039966583252,8.4332157855548,8.260194196924152,8.349908868386205,10345100
2015-11-25,8.426810264587402,8.510117209876173,8.381952913714821,8.426810264587402,10673600
2015-11-27,8.468700408935547,8.4815900439458,8.384915630125635,8.462255284109952,4660400
2015-11-30,8.449365615844727,8.513815639253485,8.404250968243181,8.46870099165194,10033700
2015-12-01,8.571822166442871,8.597602057777571,8.436477583275417,8.48803736594482,11579200
2015-12-02,8.462260246276855,8.64271954472608,8.442925475103333,8.597604873774097,12436700
2015-12-03,8.346248626708984,8.533153014277376,8.326913859620161,8.507373119945223,14494000
2015-12-04,8.642717361450195,8.662052127739473,8.326913515280365,8.38491842878934,19083100
2015-12-07,8.533153533935547,8.636273117544006,8.481593742131318,8.62338347691355,11457600
2015-12-08,8.404253005981445,8.533152469411611,8.378473113295412,8.462257918185301,11474000
2015-12-09,8.281800270080566,8.494484579508017,8.178680064764345,8.365584476523052,17421100
2015-12-10,8.384920120239258,8.520264740848914,8.256020627906551,8.301135296562682,11600200
2015-12-11,8.210906028747559,8.320470760019683,8.172236485146405,8.249576186990026,13767300
2015-12-14,8.185123443603516,8.346247923259652,8.056223982806829,8.223793589163078,15840300
2015-12-15,8.462260246276855,8.507374917228837,8.294690590396215,8.294690590396215,17264300
2015-12-16,8.616935729980469,8.642715618046248,8.36558136035835,8.53315094010643,18795400
2015-12-17,8.378472328186035,8.681386499843029,8.37202720195819,8.636271230889179,15347200
2015-12-18,8.165790557861328,8.333360202791125,8.152900301493842,8.32046994642364,37628000
2015-12-21,8.275355339050293,8.281800467281258,8.14001071940634,8.204460157792205,13522500
2015-12-22,8.378472328186035,8.40425221845635,8.198013096293835,8.326912547645406,11805900
2015-12-23,8.597606658935547,8.604051788878719,8.346252122924662,8.430036968261625,14053800
2015-12-24,8.591157913208008,8.63627257453983,8.565378018926799,8.584712785977414,4296300
2015-12-28,8.571822166442871,8.578267292936818,8.455812348116169,8.552487401602118,10550600
2015-12-29,8.649163246154785,8.674943141679371,8.571823559581025,8.6233833506302,7872800
2015-12-30,8.53959846496582,8.62338327837903,8.53959846496582,8.62338327837903,7118600
2015-12-31,8.50092601776123,8.616935822625022,8.462256492567313,8.488036380910264,9559900
2016-01-04,8.35269546508789,8.39781013575107,8.281800894811283,8.37203023613764,18057000
2016-01-05,8.281800270080566,8.430034528015534,8.217350218588084,8.384919860755543,18014700
2016-01-06,8.133565902709961,8.256020885223556,8.11423113191776,8.17868057277219,20747000
2016-01-07,7.849984169006348,8.107783068382147,7.8306487905723685,8.011108634776487,20453000
2016-01-08,7.68241548538208,7.953104669050731,7.663080719303214,7.920879649158533,14347100
2016-01-11,7.695305347442627,7.779090155732647,7.572851005874841,7.727530368268196,22337700
2016-01-12,7.766200542449951,7.811315202973622,7.572851031483836,7.798425563384496,14513800
2016-01-13,7.527737140655518,7.849986153667946,7.463287092196547,7.817761129438461,22164700
2016-01-14,7.624411106109619,7.682416023046905,7.443951842581197,7.592186083962107,16909200
2016-01-15,7.418173313140869,7.463287983666247,7.269938429835462,7.321498228904833,19433200
2016-01-19,7.302163124084473,7.53418220928953,7.250603327372237,7.508402310933413,14662100
2016-01-20,7.218376636505127,7.295716313742122,6.9476874588550865,7.153927212794857,29515200
2016-01-21,7.199041366577148,7.392390853446433,6.986357115413256,7.012137006019756,22749800
2016-01-22,7.295717239379883,7.4568417410597645,7.257047703175781,7.321497135063016,20038200
2016-01-25,6.992804527282715,7.2892736734772186,6.967024628250205,7.269938288221879,18892900
2016-01-26,7.050808906555176,7.134593732872427,6.992804594158263,7.031474135756205,16094900
2016-01-27,7.037917137145996,7.2699361605337085,6.999246992594163,7.018582372190627,16773900
2016-01-28,7.141036510467529,7.250601199994285,7.063696838091186,7.1732615276179414,13991200
2016-01-29,7.192598342895508,7.21837824103831,7.057253723985485,7.186153214699494,17298000
2016-02-01,7.141036510467529,7.250601199994285,7.102366981599897,7.250601199994285,14086600
2016-02-02,6.934798240661621,7.031472689412237,6.8961280923766815,7.031472689412237,16507100
2016-02-03,6.947689533233643,6.992804819406177,6.651220374654181,6.979914562030796,23400700
2016-02-04,7.031474590301514,7.089479521089403,6.909020214470333,6.921909857622463,17267400
2016-02-05,6.960578918457031,7.153928452372186,6.941244149457883,7.102368658613641,17348800
2016-02-08,6.7994537353515625,6.889683058165034,6.7285585649796475,6.883238545564903,14660000
2016-02-09,6.857460021972656,6.91546433481525,6.664110468573484,6.683445239521015,13925300
2016-02-10,6.780121326446533,6.9605806494797635,6.735006034707192,6.921910487223382,22141200
2016-02-11,6.444979667663574,6.567434010907072,6.36763998540855,6.554544371185147,25375900
2016-02-12,6.7607831954956055,6.8252332348983815,6.54165379909552,6.567433691928405,15587500
2016-02-16,7.031474590301514,7.141039322980565,6.825235382736864,6.967025145258222,17656100
2016-02-17,7.0443620681762695,7.1861511601020345,6.999246798344363,7.115256614139152,16958000
2016-02-18,6.857460021972656,7.07658886020768,6.767230066482033,7.07658886020768,30584100
2016-02-19,6.896127223968506,6.941242493726567,6.760782643976478,6.8058979137345395,13448800
2016-02-22,7.0443620681762695,7.050806579888474,6.941242505088048,6.986357160278875,12654000
2016-02-23,6.851012706756592,7.031471945498093,6.8123425625628675,7.025026819025624,10715100
2016-02-24,6.7930097579956055,6.812344528351216,6.593215082183411,6.747895088952093,11566400
2016-02-25,6.889679431915283,6.915459312670556,6.760780028138919,6.818784913498493,11139800
2016-02-26,6.957834243774414,7.055191749032415,6.892928827613131,7.003267663696959,21332000
2016-02-29,6.847495079040527,6.964323955946066,6.782589665994423,6.951343244727181,17372000
2016-03-01,7.0746636390686035,7.133078394050956,6.860476616789292,6.879948614439387,29905400
2016-03-02,7.340774059295654,7.340774059295655,7.081153041152281,7.081153041152281,21916700
2016-03-03,7.444622993469238,7.444622993469238,7.28236007236737,7.340774823001469,12147900
2016-03-04,7.496546745300293,7.619866287500252,7.457603373614894,7.509527456539497,13573200
2016-03-07,7.4251508712768555,7.490056286209841,7.366736740617862,7.4251508712768555,8270400
2016-03-08,7.197981357574463,7.360244235359338,7.15903799455324,7.327791536005612,11340500
2016-03-09,7.0746636390686035,7.275869948565153,7.042211547619712,7.230436525349531,11315800
2016-03-10,7.113605499267578,7.185000951816236,6.9773046396864435,7.1330768737837875,12655000
2016-03-11,7.282361030578613,7.308323076611635,7.1655315139380145,7.197984226225293,11362500
2016-03-14,7.2304368019104,7.2888509401430985,7.15904071243045,7.2823608929954595,12993900
2016-03-15,7.249907493591309,7.249907493591309,7.113606612676603,7.159040033320194,11643200
2016-03-16,7.146059036254883,7.360246037866105,7.113606328953566,7.2369258739178814,14411600
2016-03-17,7.223943710327148,7.269377120026232,7.048699497515629,7.126585607992821,15026800
2016-03-18,7.392696380615234,7.431639121733863,7.269376256110923,7.288847626670237,22896100
2016-03-21,7.418661594390869,7.48356639707149,7.353756172726273,7.366737504652782,10597700
2016-03-22,7.405678749084473,7.457602828211668,7.314811920103806,7.334283295030542,12373300
2016-03-23,7.308322906494141,7.399189756002587,7.262888862755929,7.392699708883404,12352900
2016-03-24,7.2628865242004395,7.2693771882137,7.146057666880676,7.249905815157705,9821600
2016-03-28,7.2563958168029785,7.314810549622624,7.223943118682761,7.2823578515024066,8497400
2016-03-29,7.152548789978027,7.191491538589546,7.055190680481571,7.191491538589546,13520400
2016-03-30,7.236927509307861,7.327794986488863,7.172022699022043,7.210965461396724,13201000
2016-03-31,7.165531158447266,7.269379337427317,7.107116403024993,7.210964582005045,11399100
2016-04-01,7.120095252990723,7.1655286607114785,7.009756446539953,7.11360458932097,11831000
2016-04-04,7.113605499267578,7.282359062364953,7.068172085735146,7.100624170267549,10777200
2016-04-05,7.009759426116943,7.081154899880401,6.983797379386229,7.009759426116943,12108400
2016-04-06,7.133077621459961,7.172020993558188,6.970814705854499,7.0162487431330804,13825400
2016-04-07,6.918891429901123,7.08115436444471,6.879948672241686,7.029230274909479,15151300
2016-04-08,6.957834243774414,7.1136064997807855,6.951343578361501,7.0097583291098715,8844800
2016-04-11,7.06817102432251,7.152547793200513,7.009756290562067,7.022736998628975,11674900
2016-04-12,7.152548789978027,7.159038835424061,7.035719306175812,7.068172009341297,9191400
2016-04-13,7.464094638824463,7.516018725923657,7.223945581244705,7.243416959160918,17835400
2016-04-14,7.613374710083008,7.704242153804423,7.425149777290219,7.438131105957773,16379500
2016-04-15,7.593903541564941,7.658808948691482,7.548470127966666,7.658808948691482,10827900
2016-04-18,7.652319431304932,7.697752851713917,7.5160185510940485,7.52899988205886,8620800
2016-04-19,7.775638580322266,7.808091287079958,7.658809702572033,7.6717904138847715,12333300
2016-04-20,7.879489898681641,7.892470614167155,7.756169697156724,7.81458446430178,16214400
2016-04-21,7.976844787597656,8.119636324519211,7.7886198330581085,7.801601163225473,18988600
2016-04-22,8.165070533752441,8.216994621488231,7.989826892390136,7.996316939119146,16757500
2016-04-25,8.054731369018555,8.139108162945883,7.996316617916255,8.132617497493642,11495200
2016-04-26,8.158578872680664,8.204012908144424,8.035259334099317,8.106654791279688,11114600
2016-04-27,8.158578872680664,8.22997494884491,8.080692750579201,8.165069537601754,10789300
2016-04-28,8.0612211227417,8.204012651621516,8.022277753416711,8.080692497912265,13239000
2016-04-29,7.976844787597656,8.074202287917327,7.9119393747286155,7.989826117765022,17204600
2016-05-02,8.087182998657227,8.126126367192612,7.918429433310298,8.02876825534607,12211000
2016-05-03,7.9119391441345215,7.97684455511189,7.821072311546856,7.96386384430674,12778100
2016-05-04,7.717222213745117,7.86650375497688,7.639336111495887,7.827561013344123,13918300
2016-05-05,7.704244136810303,7.788620937915802,7.645829380738498,7.736696847848414,10545500
2016-05-06,7.710734844207764,7.736696889380828,7.606886663515509,7.632848708688573,10155900
2016-05-09,7.658809185028076,7.762657344448033,7.593903775898675,7.704242600028343,11078000
2016-05-10,7.808091640472412,7.84703501414099,7.723714846677098,7.730205512119182,10044900
2016-05-11,7.762658596038818,7.898959481999571,7.762658596038818,7.78212997432351,9009500
2016-05-12,7.710734844207764,7.892469160419211,7.652320087822375,7.81458302490002,8357300
2016-05-13,7.574432849884033,7.814581887528432,7.548470808489609,7.6977523917615756,8960200
2016-05-16,7.723714351654053,7.75616705780061,7.574432769957331,7.5939041460517105,10715100
2016-05-17,7.749675750732422,7.840543196617855,7.632846884861249,7.691261627288753,11117200
2016-05-18,8.126127243041992,8.158579331504741,7.736695991649879,7.743186656935993,19136400
2016-05-19,8.041749000549316,8.223483262888431,7.970352933249671,8.106653784749957,14295900
2016-05-20,8.100164413452148,8.178051157298022,8.06122166051311,8.074202371831491,9113700
2016-05-23,8.100164413452148,8.152089115677363,7.989826200802274,8.100164413452148,9997600
2016-05-24,8.275404930114746,8.30785762226486,8.152085442724651,8.17804747264802,11101400
2016-05-25,8.411709785461426,8.489595912671339,8.32733299290471,8.32733299290471,14015300
2016-05-26,8.330041885375977,8.454175568732584,8.29084141411737,8.447642676081443,7934700
2016-05-27,8.41497802734375,8.467244921302925,8.330044168892462,8.349644098359521,13414800
2016-05-31,8.375773429870605,8.480307166425899,8.33657359019748,8.454173732287076,13959400
2016-06-01,8.4215087890625,8.44764222749037,8.205907766265002,8.277774566174061,12618800
2016-06-02,8.467243194580078,8.48030960386998,8.349642395618979,8.395376385809627,8504400
2016-06-03,8.303911209106445,8.316977621827588,8.094843621003678,8.114443551620672,10768300
2016-06-06,8.388843536376953,8.473777384258268,8.303909688495638,8.316976098824062,13909400
2016-06-07,8.290842056274414,8.414976372316048,8.284309163117276,8.408442856088508,9853600
2016-06-08,8.297375679016113,8.356176079677986,8.24510879466565,8.284309269463703,13970100
2016-06-09,8.127510070800781,8.238577384202843,8.029509793361584,8.23204448929198,14828600
2016-06-10,8.003376007080078,8.04910938488082,7.957642629279337,8.042576490245386,11391600
2016-06-13,7.892306804656982,8.055640969692218,7.885773288518679,7.95110720376093,10793400
2016-06-14,7.611372470855713,7.944574344619468,7.532972139923731,7.833507053364883,19381900
2016-06-15,7.617905616760254,7.768173377702311,7.591772174388211,7.624439133120869,11802400
2016-06-16,7.5329718589782715,7.572172334517486,7.408838162066532,7.552572408283089,15131700
2016-06-17,7.591770648956299,7.696304397440264,7.500303307497685,7.500303307497685,15680200
2016-06-20,7.578703880310059,7.813904803176274,7.559103336101846,7.715904574416249,10527700
2016-06-21,7.59830379486084,7.637503637102763,7.487236536724961,7.611370201251395,10815100
2016-06-22,7.559106349945068,7.709374133435713,7.552573455674567,7.604840348261616,8454700
2016-06-23,7.833507537841797,7.833507537841796,7.683240383362909,7.683240383362909,10457600
2016-06-24,7.23243522644043,7.506836620355214,7.219368819767011,7.369635923397822,24581200
2016-06-27,6.722834587097168,7.134436780968883,6.670567701183657,7.134436780968883,23525500
2016-06-28,6.9711012840271,6.9907012067581755,6.762033780041457,6.886167454765355,29016400
2016-06-29,7.069101810455322,7.10830228059428,6.8927012525058515,7.056035402455893,21876600
2016-06-30,7.219369411468506,7.219369411468506,7.056035264707093,7.206302380653837,23249000
2016-07-01,7.160568714141846,7.258568948799024,7.108301839248645,7.16710222927107,17636800
2016-07-05,6.977635860443115,7.160569954250908,6.9253689764980315,7.140970028539103,14182100
2016-07-06,7.056037425994873,7.088704389967221,6.78163592553998,6.8927032292036525,16081700
2016-07-07,7.1475043296813965,7.2455052236859485,7.062571093842855,7.062571093842855,14513500
2016-07-08,7.245504379272461,7.376171599646308,7.232437345699848,7.297771267421999,14107500
2016-07-11,7.330437660217285,7.421904395855618,7.297770701887707,7.343504069706873,11285700
2016-07-12,7.493771076202393,7.552571470676285,7.434970681728501,7.448037089905842,15112200
2016-07-13,7.55256986618042,7.585236191219189,7.434969102216178,7.532969323472906,13072000
2016-07-14,7.696304798126221,7.768172221253233,7.663637844256698,7.728971751995743,14763900
2016-07-15,7.644040584564209,7.7812413401645895,7.604840724718693,7.748574374912968,12625600
2016-07-18,7.663638114929199,7.676705146166651,7.591771312334239,7.637504675524637,9255800
2016-07-19,7.657106399536133,7.722439696556297,7.585238962822383,7.624439439490832,7787200
2016-07-20,7.722436904907227,7.735503933429812,7.598303249293735,7.68977057974119,9376400
2016-07-21,7.630972862243652,7.774706487762176,7.604839419142973,7.696306158460136,10606600
2016-07-22,7.715906620025635,7.72897302989163,7.591772299411347,7.657106217952596,11517900
2016-07-25,7.630972862243652,7.735506634646372,7.604839419142973,7.68977326498779,14631800
2016-07-26,7.585238456726074,7.6505723724575185,7.474171173824858,7.617905414591796,25149900
2016-07-27,7.614857196807861,7.7135808758835305,7.588531007920853,7.61485719680786,18790100
2016-07-28,7.667509078979492,7.720161453350232,7.549041550478232,7.608275628561768,14126000
2016-07-29,7.700416088104248,7.7793946406165375,7.614855832632832,7.614855832632832,76853300
2016-08-01,7.555621147155762,7.766231231067673,7.535876667549101,7.6872526849753395,16378700
2016-08-02,7.5358757972717285,7.581947081254334,7.470060663628262,7.542457498935761,17540400
2016-08-03,7.6806721687316895,7.687253872172266,7.535877831367956,7.535877831367956,18294100
2016-08-04,7.720160961151123,7.766232256537603,7.680671996723594,7.680671996723594,14563500
2016-08-05,8.068984031677246,8.075565735237948,7.825466648923417,7.838629428379025,23633800
2016-08-08,8.009748458862305,8.161123846489046,7.996585054199623,8.095308706172686,18593900
2016-08-09,8.05582046508789,8.0953100580046,8.003168092976136,8.022912575601596,17562200
2016-08-10,7.976841926574707,8.075565595276835,7.976841926574706,8.036076002262826,22098400
2016-08-11,7.976841926574707,8.02291259536956,7.950515740453963,8.00316811269545,11629800
2016-08-12,7.8912811279296875,7.911026236926345,7.825465980938063,7.904444533927459,13092400
2016-08-15,8.02949333190918,8.042656737217316,7.937352005415077,7.943933080403434,15115200
2016-08-16,8.009748458862305,8.082145301510005,7.943932690880263,7.976840574871283,14436000
2016-08-17,8.022911071777344,8.08214513621661,7.9900038161250135,8.022911071777344,15336800
2016-08-18,8.036073684692383,8.128215623374524,7.990003029184116,8.016329207712499,14221300
2016-08-19,8.049237251281738,8.068982357867974,7.9965848890497835,8.022911070165762,14174300
2016-08-22,8.016328811645508,8.11505181933288,7.983420933194526,8.036073287649868,21943600
2016-08-23,7.990006923675537,8.075567202512996,7.983425218918984,8.055822088243335,11203600
2016-08-24,7.9505157470703125,8.04265771240249,7.937352967831881,8.009749822807727,20849000
2016-08-25,8.068984031677246,8.082146811132853,7.94393417468708,7.94393417468708,19800000
2016-08-26,8.108471870422363,8.180869344193377,8.029493321671385,8.088727390151046,19061100
2016-08-29,8.108471870422363,8.174287641547702,8.049237801942702,8.049237801942702,15686400
2016-08-30,8.220358848571777,8.226940551652879,8.108472406856038,8.108472406856038,10910000
2016-08-31,8.266426086425781,8.292752258167102,8.167702471646741,8.246680986870706,20063500
2016-09-01,8.187451362609863,8.319082920028386,8.095310025615836,8.29275673407784,13130100
2016-09-02,8.259849548339844,8.2730123286035,8.1282186073741,8.22694165618195,13488000
2016-09-06,8.128216743469238,8.266429356705794,8.055819271790375,8.253265951794841,13430500
2016-09-07,8.141378402709961,8.161122879699315,8.055818165535289,8.101889448731255,11151400
2016-09-08,8.161124229431152,8.1940321149663,8.082145680746224,8.161124229431152,17418600
2016-09-09,8.068984031677246,8.253267337716343,8.068984031677246,8.134799184286882,18967700
2016-09-12,8.305916786193848,8.305916786193848,7.95051307871589,8.016328835816303,26413000
2016-09-13,8.108471870422363,8.20719552711037,8.016330544045744,8.194032121819019,19901800
2016-09-14,8.042655944824219,8.161123442597011,8.022910838807379,8.101890007543439,14041600
2016-09-15,8.141378402709961,8.154541805813269,7.996584106901622,8.009747510004928,14117500
2016-09-16,8.068984031677246,8.082146811132853,7.9834237683855,8.055820624555839,17026400
2016-09-19,8.068984031677246,8.154544294968991,8.029494437978826,8.11505470127057,9640300
2016-09-20,8.022911071777344,8.154542605049341,7.9900038161250135,8.147960902852608,8813000
2016-09-21,8.05582046508789,8.101891761435015,7.950515720864381,8.05582046508789,14128900
2016-09-22,8.121634483337402,8.141378961682376,8.068982122640373,8.088726600985346,13022900
2016-09-23,8.101893424987793,8.207198190833413,8.068985528744559,8.095311720205963,11499100
2016-09-26,7.90444278717041,8.068981559787618,7.8912793840815425,8.029491978186622,17728600
2016-09-27,7.996586322784424,8.016331432910825,7.825466428682747,7.871537096979454,13497300
2016-09-28,8.05582046508789,8.062402168518306,7.930771238238919,8.016331499836967,11451500
2016-09-29,7.930769920349121,8.14137937379827,7.878117556986833,8.029492944736988,13195700
2016-09-30,8.009748458862305,8.042656342853325,7.897862029892243,7.976840574871283,22705300
2016-10-03,7.996586322784424,8.042657618746912,7.937352875402563,7.970260136948336,11002200
2016-10-04,8.167702674865723,8.273007364451075,8.016327340503144,8.036071812884034,15709500
2016-10-05,8.398061752319336,8.417806235511028,8.20719674102416,8.20719674102416,15362300
2016-10-06,8.378315925598145,8.45729510694835,8.3454086656456,8.411223813216438,10160000
2016-10-07,8.345407485961914,8.437548805069396,8.266428943441646,8.365151964675565,10867800
2016-10-10,8.424388885498047,8.490204046085747,8.41122547678098,8.437551666549236,10389600
2016-10-11,8.384897232055664,8.450713004179216,8.312500384852333,8.411223415371941,15710900
2016-10-12,8.358572006225586,8.417806082388987,8.325664116394165,8.391479896057009,18754000
2016-10-13,8.101893424987793,8.27301335565397,8.029495927719493,8.259850573756223,14401500
2016-10-14,8.240102767944336,8.305917906254402,8.174287001968608,8.246683842409379,14724300
2016-10-17,8.128216743469238,8.27301043149558,8.115053338558283,8.253265951794841,9379600
2016-10-18,8.312498092651367,8.325660866846963,8.13479593351921,8.253264039607314,18228800
2016-10-19,8.50336742401123,8.542856394687682,8.338828581638978,8.358573066977204,15884400
2016-10-20,8.569182395935059,8.654742033474337,8.477040427022082,8.503366614187817,19806800
2016-10-21,8.582345008850098,8.595508416009984,8.45071407558024,8.49678474530824,10194600
2016-10-24,8.621831893920898,8.720554905940778,8.615250192408745,8.621831893920898,12880800
2016-10-25,9.128612518310547,9.141775923546295,8.687648485564313,8.760045959029512,36703600
2016-10-26,9.3326416015625,9.391875674207911,9.1154504203065,9.128613198857838,24081100
2016-10-27,9.391877174377441,9.46427403713818,9.319479683950847,9.391877174377441,15352400
2016-10-28,9.260245323181152,9.431365860192587,9.214174650780318,9.405039672011277,18812700
2016-10-31,9.29315185546875,9.372130408455845,9.260243968141024,9.312896336799088,11500500
2016-11-01,9.306315422058105,9.398456754966857,9.181265573588004,9.352386088512482,15735600
2016-11-02,9.181262969970703,9.279986605661488,9.10228443801742,9.279986605661488,13887300
2016-11-03,9.187848091125488,9.33922351013131,9.174684683734124,9.181266387429806,14461800
2016-11-04,9.24708080291748,9.326059352600165,9.115449886779672,9.201009511519958,13876200
2016-11-07,9.569578170776367,9.595904358038052,9.437947234467948,9.437947234467948,17217900
2016-11-08,9.484017372131348,9.54983315041874,9.326060257440538,9.497180778855137,17263300
2016-11-09,10.023698806762695,10.076351776115303,9.582735602048881,9.64855071532515,33340000
2016-11-10,10.3922700881958,10.55680950802903,10.056610801534235,10.20140511438807,28197300
2016-11-11,10.747674942016602,10.76083834800189,10.2803846998565,10.346200474451456,32090800
2016-11-14,11.05042552947998,11.234708167374539,10.833233125679131,10.92537569995773,32390500
2016-11-15,11.247872352600098,11.267617460316082,10.747674255111182,10.945120310945386,26637700
2016-11-16,11.010939598083496,11.168896744266581,10.885890975270934,10.971450625370677,23338600
2016-11-17,11.188637733459473,11.19521943570715,11.004353836518503,11.043844050004575,25404400
2016-11-18,11.195219039916992,11.254453102720625,11.13598497711336,11.221544592645662,16480700
2016-11-21,11.307106971740723,11.37950444823129,11.168893721652502,11.287361863061985,16731400
2016-11-22,11.307106971740723,11.392666598685643,11.234709495250156,11.366341042445464,13703900
2016-11-23,11.53088092803955,11.563788190252692,11.372923809819616,11.405831072032758,16881200
2016-11-25,11.461437225341797,11.534187663647863,11.375460466713232,11.514346290986675,6134500
2016-11-28,11.243185043334961,11.441593686577962,11.203503566976638,11.382070841314784,12059900
2016-11-29,11.249800682067871,11.388686502875965,11.21673172845766,11.263028263511956,10081900
2016-11-30,11.44820785522461,11.633390186779861,11.375458689734435,11.520958282166214,18361300
2016-12-01,11.81196117401123,11.81857496523445,11.52096066744795,11.52096066744795,15567100
2016-12-02,11.838412284851074,11.897935130367339,11.626776061438314,11.82518470552493,17003700
2016-12-05,11.706140518188477,11.911162956180862,11.653231461240397,11.83179874003303,19851800
2016-12-06,11.87148380279541,11.891323914627703,11.633392369194535,11.706142809784062,12578900
2016-12-07,12.069890022277832,12.102957709539126,11.805344739833258,11.884707693840925,14123900
2016-12-08,12.149252891540527,12.307980043419532,12.016979634249056,12.16909299711836,14593400
2016-12-09,12.208776473999023,12.261686794762737,12.030209187227397,12.261686794762737,11221700
2016-12-12,12.036822319030762,12.215389596036568,11.937616734475816,12.149254221601815,14298500
2016-12-13,11.957459449768066,12.195550861180427,11.80534605312197,12.089732736430834,17939900
2016-12-14,11.997139930725098,12.268299010464975,11.719367061058461,11.851640336690743,20833600
2016-12-15,12.149252891540527,12.228615836754395,11.917775322006088,12.043433528836589,14944500
2016-12-16,12.010368347167969,12.228618384147559,11.97730065668227,12.20877701298522,24526600
2016-12-19,12.016982078552246,12.050049768875581,11.851641104032513,11.944231646099075,13964800
2016-12-20,12.208776473999023,12.23523163438088,12.083118246539634,12.116185935565477,8635000
2016-12-21,12.116188049316406,12.23523376890014,12.116188049316406,12.215392395152286,6923800
2016-12-22,12.142638206481934,12.222001145839323,12.063274005673366,12.136024417960288,9142000
2016-12-23,12.215394973754883,12.255077729627404,12.076509112556954,12.155872101398066,6766800
2016-12-27,12.261685371398926,12.314594424569362,12.215388846104881,12.235230214088043,4867700
2016-12-28,12.076508522033691,12.268303453564531,12.056667145067644,12.261690922694418,7066500
2016-12-29,11.977298736572266,12.096344421558724,11.884706947443169,12.083116842904378,10072700
2016-12-30,12.083118438720703,12.188936559028207,11.950845157610578,12.01698179816564,10246000
2017-01-03,12.076508522033691,12.3410539076548,12.010371860265439,12.241849545728371,13641800
2017-01-04,12.24184513092041,12.314595558774505,12.136027014833424,12.136027014833424,9966400
2017-01-05,12.08973503112793,12.294757529063203,12.00375700004257,12.208779497977844,13709200
2017-01-06,12.116188049316406,12.23523376890014,12.09634793702025,12.169097117858989,9897900
2017-01-09,12.076508522033691,12.136031391479928,11.917781290661026,12.06328093738966,9481300
2017-01-10,12.222002029418945,12.301366235965084,12.01697961623072,12.109570139325157,9456500
2017-01-11,12.294754981994629,12.29475498199463,12.050049784352458,12.182323068718745,10540900
2017-01-12,12.096343994140625,12.255071148030252,11.977298313360583,12.228615991656337,11324400
2017-01-13,12.288142204284668,12.413801708642962,12.155868909017872,12.155868909017872,10607500
2017-01-17,11.712752342224121,12.169093719367671,11.699526024870995,12.169093719367671,25013300
2017-01-18,11.990528106689453,11.997141897700567,11.646619804273092,11.798733213173756,20128300
2017-01-19,11.79872989654541,12.043433787911992,11.673070425560484,12.010366103603415,18762900
2017-01-20,11.81196117401123,11.93100689312583,11.739210732007487,11.81196117401123,12979800
2017-01-23,11.699529647827148,11.851643066829029,11.64662057767642,11.811961579578917,10614000
2017-01-24,11.937618255615234,11.957459627344774,11.692914311542104,11.745823374702637,15465400
2017-01-25,12.169097900390625,12.188939275414375,11.99714310120679,12.12280262012032,9305500
2017-01-26,12.20216178894043,12.28152473315771,12.122797583271893,12.188934211087131,10799700
2017-01-27,12.102958679199219,12.202164271834032,12.083118569833465,12.169095320471925,6536900
2017-01-30,11.950845718383789,12.023596152553198,11.7656646298821,12.023596152553198,10050400
2017-01-31,11.884710311889648,12.043437516321953,11.778892175601444,11.950846962432697,8012800
2017-02-01,11.931005477905273,12.122800354821784,11.878095154395568,12.030209811582885,10218200
2017-02-02,11.79872989654541,11.825183791702012,11.686298003864433,11.825183791702012,12656400
2017-02-03,12.149252891540527,12.195548153157162,11.858252482370053,11.977298161642123,11745300
2017-02-06,12.083118438720703,12.188936559028207,12.036823168767608,12.063277068118735,9110300
2017-02-07,11.964075088500977,12.17571137069452,11.924393600952623,12.155869996194472,7904300
2017-02-08,11.792115211486816,11.864865625180025,11.626774279603126,11.858251836530533,11923000
2017-02-09,11.997139930725098,12.023595090432131,11.805345068654878,11.897935604726609,11387200
2017-02-10,12.076508522033691,12.116190014513881,11.983917952429278,12.050053352745628,8965600
2017-02-13,12.208776473999023,12.327822172814423,12.13602730585187,12.16248120478225,10405900
2017-02-14,12.479940414428711,12.519621904972244,12.195553665721079,12.222007572266152,9949400
2017-02-15,12.632047653198242,12.704796806620829,12.486546823450624,12.645275230711885,14833700
2017-02-16,12.55929946899414,12.638663686720728,12.466708932855992,12.632049896789225,7250200
2017-02-17,12.539460182189941,12.565915346310547,12.334437706061864,12.433642048610826,8007200
2017-02-21,12.605594635009766,12.67834506221587,12.532845469255095,12.632049794521599,7715300
2017-02-22,12.519620895385742,12.579143757127015,12.446870450712687,12.50639331245396,8672400
2017-02-23,12.605594635009766,12.612208424887724,12.367504506660444,12.526231679377137,10621800
2017-02-24,12.449481010437012,12.542486334032969,12.32990201318364,12.46276784726572,16457100
2017-02-27,12.515912055969238,12.549127875971735,12.442835731440972,12.476052818545782,6799400
2017-02-28,12.46940803527832,12.509267268335766,12.402975135447797,12.436190951811973,8761400
2017-03-01,12.861363410949707,12.974298983892641,12.688638342501548,12.688638342501548,14867000
2017-03-02,12.54248332977295,12.95436630308842,12.522554346405911,12.934436052619185,12370800
2017-03-03,12.66870403289795,12.695277696661478,12.555768496107007,12.582342159870537,9912700
2017-03-06,12.615560531616211,12.668706602822246,12.44947890070957,12.582344712275798,10382400
2017-03-07,12.482696533203125,12.64213475379579,12.469409698044817,12.615561083479175,8113000
2017-03-08,12.482696533203125,12.715209812961799,12.442836027728202,12.655420321851755,7924600
2017-03-09,12.515912055969238,12.681993690186344,12.489338386285393,12.509268638548278,8503200
2017-03-10,12.343186378479004,12.628846977584583,12.170461335598832,12.602273309248135,14500100
2017-03-13,12.309974670410156,12.402980006437327,12.236898325187283,12.35647733842374,8302100
2017-03-14,12.270113945007324,12.270113945007324,12.037600608911019,12.223611277788065,9310800
2017-03-15,12.177103996276855,12.456121160966592,12.16381716293397,12.329898778413524,15198900
2017-03-16,12.270113945007324,12.356477127359652,12.177108610568803,12.236898116165753,9758300
2017-03-17,12.190393447875977,12.323258008535008,12.123960533995241,12.270111930850907,18996400
2017-03-20,12.011022567749023,12.216963419360535,12.011022567749023,12.143888369041592,11919900
2017-03-21,11.227119445800781,12.090744798310041,11.193903622170692,12.084101380163533,25665400
2017-03-22,11.393198013305664,11.472917742376197,10.994601902157216,11.167326925891613,19036600
2017-03-23,11.45963191986084,11.625713541887809,11.293550297833871,11.346696366198412,10054500
2017-03-24,11.452987670898438,11.55927979990568,11.340052125440478,11.49949031895134,9196200
2017-03-27,11.413131713867188,11.426418550580784,10.987963075851992,11.067681561928596,10813300
2017-03-28,11.619071960449219,11.698791709140673,11.379913981477271,11.386557399460093,9128400
2017-03-29,11.632356643676758,11.678859293848102,11.519421093073987,11.619069810170036,9244900
2017-03-30,11.951233863830566,11.984450949872592,11.619070606023927,11.625714023232332,14973700
2017-03-31,11.811726570129395,11.924662134839098,11.798439734962995,11.858229226109447,11159600
2017-04-03,11.778510093688965,11.871516677579804,11.592499460112105,11.851586423795537,8265700
2017-04-04,11.685503005981445,11.778508308675072,11.62571352079205,11.658929338296284,8678900
2017-04-05,11.426417350769043,11.891445182993074,11.419773933109825,11.891445182993074,16060200
2017-04-06,11.639002799987793,11.672218624470666,11.359985566183205,11.433060633466026,9486500
2017-04-07,11.585853576660156,11.685502290170962,11.492847012561548,11.532707511647583,7101100
2017-04-10,11.499491691589355,11.645644336746434,11.38655613265083,11.559281179680474,10017300
2017-04-11,11.512779235839844,11.519422653493121,11.306838356997666,11.43305949110287,7534300
2017-04-12,11.406486511230469,11.532708906060103,11.333410187839268,11.49949181947215,8820300
2017-04-13,11.293549537658691,11.539350879238556,11.23376005638527,11.340052185959768,13661700
2017-04-17,11.51942253112793,11.545994934356418,11.260335580914042,11.300194819307945,8082500
2017-04-18,11.426417350769043,11.539352916771032,11.306838367107837,11.40648709779139,10552700
2017-04-19,11.539352416992188,11.678860380486485,11.446345840893686,11.506135330134757,11069700
2017-04-20,12.097382545471191,12.27010755309492,11.831652251858527,11.87151274622692,16549100
2017-04-21,12.057526588439941,12.190392404833055,11.898088369029605,12.017667350362942,13161300
2017-04-24,12.323259353637695,12.588991038165661,12.303330364269902,12.469412033548592,14744800
2017-04-25,12.369759559631348,12.54248332860653,12.356472725986427,12.429547776829097,9324900
2017-04-26,12.409619331359863,12.535841722253336,12.329899593137077,12.356473261578756,8655000
2017-04-27,12.203676223754883,12.44947627609964,12.170459144315037,12.416260463761814,9381100
2017-04-28,12.117316246032715,12.329900541508355,12.104029410789899,12.190392572765846,8575000
2017-05-01,12.323259353637695,12.422909368886971,12.130605276167756,12.21696718666754,9209600
2017-05-02,12.276753425598145,12.356473163186136,12.163817869824799,12.343186329071097,5467400
2017-05-03,12.529200553894043,12.53584397219683,12.190393823066834,12.210322810872713,9104200
2017-05-04,12.555771827697754,12.681994229862736,12.482696767162123,12.58234549851243,10109700
2017-05-05,12.442835807800293,12.608917443036608,12.436192390338562,12.582345040292005,6969300
2017-05-08,12.402975082397461,12.489336964836232,12.376401415738044,12.429547481954712,6396500
2017-05-09,12.270113945007324,12.522558805772812,12.223611277788065,12.409623213767757,6760700
2017-05-10,12.290040016174316,12.323255833701467,12.163817628787148,12.203678130342391,6786700
2017-05-11,12.117316246032715,12.283397885260852,12.044239919299581,12.243538646634757,9310200
2017-05-12,12.097382545471191,12.104025961199257,11.904728557765257,12.024307506666453,8477000
2017-05-15,12.230249404907227,12.263465219376206,12.137244110712405,12.157173092552954,4305700
2017-05-16,12.31661319732666,12.336542180214796,12.090742099178552,12.250180297794481,10647600
2017-05-17,11.725359916687012,12.31661123448607,11.612424385610963,12.31661123448607,14381600
2017-05-18,11.745292663574219,11.838297967633025,11.605783440383775,11.712075578480192,10633300
2017-05-19,11.778510093688965,11.91801933597402,11.751937689079018,11.791796929545143,6391300
2017-05-22,11.765219688415527,11.87151307591449,11.698788063493959,11.844939412264242,7368800
2017-05-23,11.991092681884766,12.050882167573459,11.678859686589984,11.778508407037066,7992400
2017-05-24,12.004380226135254,12.044239463252104,11.858228845305268,12.03095389561469,10659600
2017-05-25,12.114572525024414,12.188035061779592,11.97432725354527,12.027754205603852,9942700
2017-05-26,12.014394760131836,12.147962750618408,11.96096781869696,12.067821701566713,7116300
2017-05-30,11.90754222869873,11.967647703859432,11.800688333701684,11.927577811685266,6391900
2017-05-31,11.667123794555664,11.947615670711517,11.620375360829568,11.914224296278388,14720400
2017-06-01,11.794010162353516,11.860794167194037,11.586980893766949,11.740583213240887,22276100
2017-06-02,11.627050399780273,11.700512930037236,11.526875032756445,11.627050399780273,15596400
2017-06-05,11.6804780960083,11.814046109803071,11.62705114525019,11.640408201389462,14822500
2017-06-06,11.6804780960083,11.753940630975322,11.486805877184766,11.546911356012515,10812400
2017-06-07,11.887507438659668,11.954291445937328,11.687156690625681,11.747262169795675,15073300
2017-06-08,12.154644966125488,12.30824731014003,11.814047633441625,11.887508904083845,15657300
2017-06-09,12.435135841369629,12.515275634685972,12.254819395709282,12.274853707138844,13901900
2017-06-12,12.408419609069824,12.628805913758733,12.408419609069824,12.455168026155528,11281300
2017-06-13,12.468527793884277,12.568703177123377,12.42845789534846,12.48856338005174,10203400
2017-06-14,12.555343627929688,12.568700682723806,12.221424900869868,12.354992901213338,10790800
2017-06-15,12.475205421447754,12.622129221331969,12.435135525806425,12.448491308487524,6848600
2017-06-16,12.381707191467285,12.495238337477295,12.341636026500238,12.468525501298137,12042800
2017-06-19,12.548670768737793,12.615453518497256,12.468529685707415,12.475208215443221,8896800
2017-06-20,12.401742935180664,12.52863242466118,12.401742935180662,12.52863242466118,5331700
2017-06-21,12.281532287597656,12.441813148708665,12.234783862331827,12.441813148708665,6954000
2017-06-22,12.154644966125488,12.288211723347162,12.074503892753166,12.254820352491532,7246000
2017-06-23,11.954291343688965,12.221426096715733,11.880830082730967,12.221426096715733,9008200
2017-06-26,12.101212501525879,12.188030790521236,11.927574649736597,11.98100158307187,7524200
2017-06-27,12.154644966125488,12.381709854581397,12.154644966125488,12.174679279119207,8513600
2017-06-28,12.274853706359863,12.428457312171364,12.234783809704235,12.261497923340686,10452200
2017-06-29,12.508596420288086,12.75569686269343,12.368351152776201,12.568701898878604,12974700
2017-06-30,12.515275955200195,12.615451336310626,12.388386459767474,12.555345852884551,8456700
2017-07-03,12.702271461486816,12.809125375614643,12.602096076216872,12.622130388991382,4962100
2017-07-05,12.822479248046875,12.822479248046875,12.5553432552885,12.735659668260757,9349500
2017-07-06,12.688912391662598,12.915977241627841,12.662198280467189,12.809123344444071,10376100
2017-07-07,12.835833549499512,12.882583234504168,12.668874210164613,12.749015253516779,8669500
2017-07-10,12.882587432861328,12.94937017132044,12.795767834785943,12.855873318438414,7303900
2017-07-11,12.84919548034668,13.009476354100377,12.835838422417416,12.956049396182477,9377200
2017-07-12,12.789092063903809,12.86923315065436,12.68891666081514,12.795770593949635,7816900
2017-07-13,12.936017990112305,12.942695246778317,12.795771397936672,12.822485519798485,6481300
2017-07-14,12.8291597366333,12.909300809430107,12.622130436456995,12.762376995401622,10806400
2017-07-17,12.782410621643066,12.809124735740097,12.682235241377342,12.809124735740097,8731000
2017-07-18,12.655518531799316,12.7490153549552,12.582056014291878,12.688909890412509,8289800
2017-07-19,12.735661506652832,12.769054147467262,12.582059180303451,12.688913083311629,9973300
2017-07-20,12.268174171447754,12.521951834828807,12.114570594186757,12.51527330766104,24780700
2017-07-21,12.034433364868164,12.348316565446083,11.994362193373815,12.301568139168424,18742900
2017-07-24,12.22142505645752,12.288209057479465,12.027752854672642,12.027752854672642,12013300
2017-07-25,12.341639518737793,12.535313049484499,12.328282459969213,12.448493441287964,14646300
2017-07-26,12.04111385345459,12.388388479673353,12.001042675437615,12.388388479673353,12352700
2017-07-27,12.061145782470703,12.101216952559945,11.960970404845673,12.081181367515324,13765000
2017-07-28,11.960969924926758,12.114572249375307,11.840758967080422,12.067823826612617,13865000
2017-07-31,12.04779052734375,12.16800022148032,12.007719355499136,12.034433470062213,12128900
2017-08-01,12.094537734985352,12.154643212894971,12.007718145205251,12.12792910102449,9126700
2017-08-02,12.067822456359863,12.154642037745974,12.041109620871026,12.081179511003702,8669600
2017-08-03,12.04111385345459,12.114575132220468,12.007721205107112,12.06114816866379,9883000
2017-08-04,12.288209915161133,12.488561932210958,12.16799895969103,12.174677487639253,14673600
2017-08-07,12.234785079956055,12.354996056202653,12.214750766447743,12.314926155386846,8134700
2017-08-08,12.254820823669434,12.488564250043353,12.174679747215817,12.221428177730763,8701200
2017-08-09,12.101212501525879,12.201387842304696,12.054462820283767,12.12792533129423,8139600
2017-08-10,11.767297744750977,12.00103985933822,11.75394068854628,11.981005548830165,10471800
2017-08-11,11.700517654418945,11.880834152148552,11.61369803382347,11.787336001215007,12267600
2017-08-14,11.960969924926758,11.967648453006998,11.80736760047821,11.887507389843112,8556700
2017-08-15,11.960969924926758,12.161320672137997,11.95429139684652,12.081180882773095,7790500
2017-08-16,12.007719993591309,12.061146951757488,11.92758019324162,12.021077051582644,15221000
2017-08-17,11.880828857421875,12.127928000812869,11.860793275336587,11.954290110803573,36375900
2017-08-18,11.74726390838623,11.894187727102556,11.700515478512816,11.834082239036974,16152500
2017-08-21,11.627050399780273,11.75393987736987,11.553587869523312,11.733904294445544,8797000
2017-08-22,11.767297744750977,11.80068911146373,11.647086786506685,11.67379962511709,8196600
2017-08-23,11.807368278503418,11.874152289341826,11.647087416770677,11.653765945234424,8521300
2017-08-24,11.780655860900879,11.887509784108202,11.740585958147943,11.847439881355266,8795600
2017-08-25,11.810870170593262,11.891443893890946,11.797440789811567,11.824299551374956,6758600
2017-08-28,11.676580429077148,11.864587942163048,11.663152327261047,11.817586384065674,4875300
2017-08-29,11.582574844360352,11.60943360366113,11.407996750993703,11.50871453697935,9544400
2017-08-30,11.602717399597168,11.690005794540658,11.562429265903898,11.61614549679896,6742600
2017-08-31,11.555715560913086,11.683292100412865,11.549002152088534,11.65643462302643,6444300
2017-09-01,11.656434059143066,11.730293078904872,11.542286904206444,11.596003137076854,7520900
2017-09-05,11.27370834350586,11.555717670683268,11.266993652759306,11.535574879139917,11862500
2017-09-06,11.354278564453125,11.475140399171897,11.273704861771218,11.340849187107503,7144500
2017-09-07,11.058841705322266,11.340852303597877,10.931266427568637,11.340852303597877,12218500
2017-09-08,11.159560203552246,11.246848614366375,11.025268961549989,11.038698341889454,7748700
2017-09-11,11.434855461120605,11.535573246673131,11.307278916382808,11.307278916382808,8059100
2017-09-12,11.723575592041016,11.82429462524685,11.488567929749285,11.501996024240452,12452600
2017-09-13,11.992165565490723,11.998880257335372,11.669866760430095,11.703440219653347,13308100
2017-09-14,12.005590438842773,12.160025748331837,11.965303579309014,12.032449198996062,14608700
2017-09-15,12.03244686126709,12.039161550000845,11.851154107543449,11.965301254625453,12743300
2017-09-18,12.14659595489502,12.220456262106854,12.02573409971061,12.06602095787337,9390100
2017-09-19,12.166742324829102,12.2271719831513,12.059308548254464,12.153312942670224,11923200
2017-09-20,12.186882972717285,12.213741732308419,11.938445849980024,12.160025493822296,19322800
2017-09-21,12.25403118133545,12.294318048542102,12.079453049178058,12.160028064287784,14381300
2017-09-22,12.301031112670898,12.327889874386717,12.126453003606812,12.220457388915934,7692400
2017-09-25,12.26745891571045,12.37489140095781,12.186883911426804,12.26745891571045,6628600
2017-09-26,12.314458847045898,12.361460393068077,12.227169163836646,12.301029467983541,5586100
2017-09-27,12.536038398742676,12.616613391906245,12.38831907208821,12.529323709254372,10743800
2017-09-28,12.52932357788086,12.569610433692192,12.36817487393948,12.549467646134554,7268900
2017-09-29,12.636756896972656,12.717331894709888,12.475608182194335,12.475608182194335,6927600
2017-10-02,12.690473556518555,12.73747510646886,12.54275421657528,12.677044176333842,11678900
2017-10-03,12.58304214477539,12.737476187922983,12.52932590017204,12.697189324644544,6771800
2017-10-04,12.46889591217041,12.59647248305649,12.448753119349085,12.55618561671745,8185100
2017-10-05,12.60318660736084,12.677045645544302,12.41517910507424,12.482324733083477,13747800
2017-10-06,12.549468994140625,12.777763336087252,12.536039613862307,12.643472094696461,11723600
2017-10-09,12.46889591217041,12.589757791883917,12.435323737003941,12.576328409538775,8619700
2017-10-10,12.522612571716309,12.56961413077002,12.455466938483962,12.46218162987684,11992800
2017-10-11,12.38160514831543,12.51589510429818,12.36817576850831,12.47560824557297,12377800
2017-10-12,12.24731159210205,12.455461816905965,12.233882214838339,12.421889654442591,16322800
2017-10-13,12.213741302490234,12.354745943293105,12.066020691329777,12.213741302490234,13147600
2017-10-16,12.374892234802246,12.395035026708234,12.207028805205246,12.233886287978674,13249800
2017-10-17,12.213741302490234,12.435320938534817,12.186882543844296,12.388319391600527,8031900
2017-10-18,12.47560977935791,12.502468542274238,12.146597617810734,12.28088887099976,25823000
2017-10-19,12.25403118133545,12.280889946604162,11.925018990972204,12.066023666543702,22308200
2017-10-20,12.415180206298828,12.435324280697277,12.294318321301034,12.395036131900381,12365400
2017-10-23,12.38831901550293,12.542753030940299,12.374889636587664,12.44203525046793,10385300
2017-10-24,12.395030975341797,12.583038416090119,12.374888190019561,12.455461892700333,11723000
2017-10-25,12.301031112670898,12.636757949941156,12.220457388915934,12.630043259512203,12014600
2017-10-26,12.435321807861328,12.502467428474077,12.28088777693934,12.314459946897617,14302400
2017-10-27,12.334603309631348,12.415177025187031,12.301029860903048,12.38831954690051,10633100
2017-10-30,12.240599632263184,12.361461493188477,12.180168701800536,12.254029012520702,6444800
2017-10-31,12.25403118133545,12.388322446286185,12.24060179870109,12.267460563969806,8859800
2017-11-01,12.274174690246582,12.4756102977032,12.267459999238513,12.307746864590566,7484600
2017-11-02,12.38160514831543,12.40174793732996,12.16002550428255,12.240599221732971,10790100
2017-11-03,12.428606986999512,12.46217915660466,12.25402888752115,12.354746677032773,8553400
2017-11-06,12.47560977935791,12.515896643036097,12.348033216897967,12.401749462034317,11972500
2017-11-07,12.15330982208252,12.556182218529242,12.106308277291344,12.482321916316797,14024500
2017-11-08,12.039162635803223,12.146595103840719,11.998875780463171,12.119736346483325,11375000
2017-11-09,11.985447883605957,12.092880364925872,11.784011020608965,11.951874432758359,11972200
2017-11-10,11.844442367553711,12.113024860985456,11.837727677148292,12.039164547222102,11448700
2017-11-13,12.03244686126709,12.066019024239944,11.683290731287322,11.750436337928956,8340000
2017-11-14,12.25403118133545,12.274175255286984,11.965305858178859,11.985449932130393,12813900
2017-11-15,12.180169105529785,12.30103097046122,12.032449759889273,12.126452863415397,11023000
2017-11-16,12.173454284667969,12.314460219141674,12.160026184805508,12.247314597044491,7449200
2017-11-17,12.29431438446045,12.321173141724431,12.086164138448723,12.099593517080713,9553700
2017-11-20,12.395030975341797,12.401745664014515,12.233882289284344,12.32788665000646,10361800
2017-11-21,12.274174690246582,12.415179359326943,12.247315926214307,12.415179359326943,8848500
2017-11-22,12.193597793579102,12.341317130828465,12.1868831036092,12.294315581735312,9207900
2017-11-24,12.180169105529785,12.280888180103469,12.166741005523363,12.280888180103469,3628800
2017-11-27,12.163287162780762,12.230823716958774,12.122765745535006,12.197054795793454,8470600
2017-11-28,12.480705261230469,12.507720393765247,12.16328518286134,12.210560376644782,19384500
2017-11-29,12.838645935058594,12.919688743080924,12.568501094730479,12.602268716714416,17054200
2017-11-30,12.818384170532227,13.088529002041705,12.791370331457363,12.926442103136019,19812000
2017-12-01,12.919689178466797,12.973718148353164,12.521226330649998,12.838646367713373,15610000
2017-12-04,13.257373809814453,13.45998346263368,13.149315843571893,13.176330979208817,16942200
2017-12-05,13.054763793945312,13.33166245843804,13.020996166822748,13.25737213298551,9827700
2017-12-06,13.088534355163574,13.27088267406876,12.973722593795793,12.987230162933812,10170300
2017-12-07,13.331665992736816,13.358681132118654,13.014245833916682,13.291144571816803,10268300
2017-12-08,13.432966232299805,13.432966232299805,13.237111682083354,13.385691040459708,10344200
2017-12-11,13.324908256530762,13.554531720573,13.257371716256156,13.419459928176153,9581800
2017-12-12,13.507254600524902,13.547776003643866,13.338413918018341,13.392442884894354,8910400
2017-12-13,13.304648399353027,13.608560903001772,13.297894616407183,13.486995386281322,9142100
2017-12-14,13.183084487915039,13.459983181650282,13.129055505921638,13.378939064583912,8270500
2017-12-15,13.345171928405762,13.486997528336637,13.230360176396324,13.257374024317762,16624300
2017-12-18,13.615314483642578,13.642329615024552,13.48699518588293,13.507256534419412,11163100
2017-12-19,13.588299751281738,13.709863970089144,13.5747921864746,13.662588781416439,9227700
2017-12-20,13.568037986755371,13.730124894998843,13.45322626573055,13.696357272171877,7105600
2017-12-21,13.797664642333984,13.858447408100856,13.628823912571018,13.662591543262597,6616900
2017-12-22,13.804418563842773,13.898968961244641,13.730128229796989,13.885461393572218,5494400
2017-12-26,13.73012924194336,13.892216201503391,13.6558389024211,13.804419581465618,3762500
2017-12-27,13.669340133666992,13.743630438746546,13.628818734601804,13.70986153273218,4663100
2017-12-28,13.743632316589355,13.750386098715024,13.635574378883135,13.716617188086687,4168400
2017-12-29,13.622068405151367,13.78415533063605,13.622068405151367,13.73012635547449,5497400
2018-01-02,13.622068405151367,13.757141487131458,13.534271803570972,13.723372572560248,6022800
2018-01-03,13.669340133666992,13.70986153273218,13.574789773130869,13.662586352464118,9274400
2018-01-04,13.72337532043457,13.905723631174151,13.69636147152091,13.804419443480818,10503300
2018-01-05,13.73012924194336,13.824679646315216,13.6558389024211,13.824679646315216,5887400
2018-01-08,13.696361541748047,13.743636743703828,13.615317418286251,13.743636743703828,7924700
2018-01-09,14.007026672363281,14.108330851764658,13.709866629720386,13.757143115716723,9833900
2018-01-10,14.189373016357422,14.371721287088493,14.020532311195842,14.061053719751962,8898100
2018-01-11,14.310943603515625,14.344711241257881,14.20288561695703,14.270420892441544,6688300
2018-01-12,14.466267585754395,14.50003520199273,14.310934490014862,14.425746188637993,10075300
2018-01-16,14.398733139038086,14.662124190460045,14.297428987579808,14.547313763452257,10278700
2018-01-17,14.3582181930542,14.45276860518147,14.223145071598593,14.405493399117834,11754800
2018-01-18,14.061055183410645,14.182620709885489,13.92598337811275,13.952997223911334,20398100
2018-01-19,14.290679931640625,14.432506821105946,14.027288793115515,14.027288793115515,13614700
2018-01-22,14.446014404296875,14.466275758377583,14.236652231407088,14.270419866722218,9070500
2018-01-23,14.594590187072754,14.70264812955404,14.358212954837837,14.385226796382016,9896600
2018-01-24,14.675640106201172,14.770191817771018,14.574335897089753,14.662132534812207,10367900
2018-01-25,14.635111808776855,14.776937377312972,14.567575271694384,14.776937377312972,10159600
2018-01-26,14.743169784545898,14.763431132159893,14.479778706325499,14.655373187856533,8426200
2018-01-29,14.722907066345215,14.851226346317054,14.655371823556845,14.709400790678853,9114500
2018-01-30,14.473024368286133,14.749923000954649,14.473024368286133,14.621603713962426,11783500
2018-01-31,14.452765464782715,14.60809861899785,14.39873648557082,14.493286877153517,7680600
2018-02-01,14.810708999633789,14.810708999633789,14.398737207395204,14.432506126190807,8649700
2018-02-02,14.695895195007324,15.00656147552679,14.648620003463261,14.749924169365158,15179500
2018-02-05,13.919225692749023,14.76342906978325,13.831427820172273,14.452761557195549,12567400
2018-02-06,14.189373016357422,14.243401990483033,13.439719873231256,13.595053012823344,18623700
2018-02-07,14.270419120788574,14.486536355227914,14.081318311864045,14.128593514095177,12236200
2018-02-08,13.561287879943848,14.32444744077429,13.554534095917592,14.32444744077429,12803500
2018-02-09,13.770647048950195,13.885458776219153,13.264124950084614,13.763893266387043,16405400
2018-02-12,13.905720710754395,14.081315200349803,13.70311237791866,13.851691736121374,10383000
2018-02-13,13.878705978393555,13.90572111056297,13.696358988859613,13.804416941232468,9756600
2018-02-14,14.297432899475098,14.310940466872562,13.797664499141627,13.844939696880228,10234300
2018-02-15,14.148845672607422,14.39872909005951,14.108322992897508,14.371715258404711,8448600
2018-02-16,14.196122169494629,14.290672521341547,14.061049134154521,14.081310475901118,6807300
2018-02-20,14.148845672607422,14.391975310107856,14.061047821387751,14.162351944358916,6580600
2018-02-21,14.216389656066895,14.439259379198187,14.101577902444555,14.128593038898096,6875400
2018-02-22,13.865199089050293,14.31093844497074,13.858445306305759,14.29067709673714,8058700
2018-02-23,14.162358283996582,14.162358283996582,13.919228537661555,13.959749947358661,7265600
2018-02-26,14.376172065734863,14.403321858735355,14.152180771281563,14.281145848280467,7657500
2018-02-27,14.362595558166504,14.749489468566972,14.362595558166504,14.416896435158938,13814700
2018-02-28,14.342232704162598,14.668039271209954,14.321870683783748,14.416896897911897,15640300
2018-03-01,14.253994941711426,14.511923804350557,14.10466784172405,14.376172248353432,13067200
2018-03-02,14.484768867492676,14.539069729536424,13.955334491590122,14.172537939765116,13021000
2018-03-05,14.559433937072754,14.647672357852972,14.186114354670908,14.2811418400897,9163700
2018-03-06,14.72912311553955,14.749485129274325,14.376166871610804,14.634095637783567,8532100
2018-03-07,14.91239070892334,14.973479351672525,14.573009935710052,14.600161018991871,9252900
2018-03-08,14.803788185119629,15.007417415100221,14.56622139745969,14.946328775569528,9452800
2018-03-09,15.034568786621094,15.034568786621094,14.824153058639432,14.953118121753665,7517100
2018-03-12,14.796998023986816,15.204255123514862,14.783423779889098,15.02777700389822,9782100
2018-03-13,14.498347282409668,14.87845339210996,14.44404640959534,14.851302308385332,13048700
2018-03-14,14.199692726135254,14.600162173772326,14.165755163983642,14.566223316985704,12838600
2018-03-15,14.192902565002441,14.315079839592272,14.131813927707528,14.274354512940592,6575400
2018-03-16,14.226841926574707,14.342231445591018,14.145391262936698,14.240417468726028,14742100
2018-03-19,14.199692726135254,14.294718935867776,14.036790097464497,14.247205831001514,7935300
2018-03-20,14.206480979919434,14.315082736054526,14.15896787343971,14.226843000047854,5475600
2018-03-21,14.233628273010254,14.410106419408898,14.091088978592978,14.213266256456258,6681000
2018-03-22,13.588808059692383,14.111454822288641,13.554869201620187,14.023215085935995,9421400
2018-03-23,12.923623085021973,13.622746790988291,12.896471996236594,13.58202145244539,15182700
2018-03-26,13.527719497680664,13.561657061338275,13.134037803931061,13.249427332856035,11027000
2018-03-27,13.07973575592041,13.609168951602213,12.943982924156641,13.582019162030429,11489200
2018-03-28,13.07973575592041,13.195125274529127,12.89646982142981,13.12046108759556,10669500
2018-03-29,13.269786834716797,13.324087703044224,13.025433574560779,13.161185098061939,10710200
2018-04-02,12.916838645935059,13.364821369411603,12.747148181144382,13.276581602724569,11223200
2018-04-03,13.195123672485352,13.235848999215966,12.930405812149372,12.957556893059644,9060700
2018-04-04,13.351238250732422,13.378388036493256,12.916831321480922,12.943981107241756,6490700
2018-04-05,13.398755073547363,13.473419270767758,13.276577767054038,13.432693933481692,10824400
2018-04-06,12.957559585571289,13.29694039966245,12.774293635249649,13.276577084748357,10310300
2018-04-09,13.025434494018555,13.337664185282673,13.011858952319702,13.03222226486798,6965200
2018-04-10,13.324089050292969,13.378389924110962,13.147612181360701,13.208699531600361,8865100
2018-04-11,13.208698272705078,13.37160217326796,13.147610928287534,13.154397404062394,7067100
2018-04-12,13.473419189453125,13.568445407425486,13.290153230819183,13.310516546656883,7365200
2018-04-13,13.059371948242188,13.602381960099985,12.971133517181556,13.588806418510687,12978600
2018-04-16,13.12724494934082,13.215483357465319,12.984704388974086,13.174758037918208,6684600
2018-04-17,12.8693208694458,13.208701710449775,12.74714485417791,13.208701710449775,13388400
2018-04-18,12.808231353759766,13.059372408844986,12.747142709088235,12.910045330000663,11541000
2018-04-19,13.269786834716797,13.405539652852779,12.706414840331668,12.733565921812792,14692300
2018-04-20,13.48020076751709,13.575226941826827,13.31729819957131,13.34444798024501,11707000
2018-04-23,13.486990928649902,13.568441579753143,13.405538982911903,13.493777404046208,10471000
2018-04-24,13.622740745544434,13.907820578103514,13.493775720315787,13.731342463220788,10432800
2018-04-25,13.73134708404541,13.853524381204632,13.480206012893701,13.568444452711455,8451800
2018-04-26,13.772071838378906,13.853522495642357,13.636319016760014,13.70419542756946,9059600
2018-04-27,13.853524208068848,13.928188398651923,13.717771369669622,13.738134683820011,8835100
2018-04-30,13.520929336547852,13.982487370679308,13.52092933654785,13.867097862146444,8869000
2018-05-01,13.514142990112305,13.548080551348427,13.324089281139079,13.500567447763865,8058700
2018-05-02,13.41232967376709,13.629533183522826,13.385178587730103,13.459842779696777,7395700
2018-05-03,13.147613525390625,13.364817042866482,12.971135343782722,13.35124149936547,12296900
2018-05-04,13.371602058410645,13.439477172654856,12.94398158871714,13.032221308650323,6996300
2018-05-07,13.391963958740234,13.4802036779085,13.263000207086318,13.405539499325323,7124700
2018-05-08,13.43268871307373,13.670254167112224,13.337661236823708,13.41232540502702,8991400
2018-05-09,13.615957260131836,13.710984763971581,13.466630175005097,13.527718822246719,6502700
2018-05-10,13.765286445617676,13.860312660384592,13.575232721448764,13.643109143983024,6262900
2018-05-11,13.75170612335205,13.846732305096582,13.69061749376353,13.765281662068306,6690100
2018-05-14,13.683831214904785,13.83315827314503,13.656681429149637,13.792432947194921,6486100
2018-05-15,13.894248008728027,13.996063273611279,13.670256756327644,13.683832297596727,7870800
2018-05-16,13.81279468536377,13.948546187958298,13.778855838739172,13.853520006678666,6932100
2018-05-17,14.009635925292969,14.02321146501652,13.731343834133794,13.799220238116826,6211200
2018-05-18,13.744919776916504,14.02321187623638,13.697406681125516,14.016424106175556,9618200
2018-05-21,13.853524208068848,13.928188398651923,13.765285769353861,13.792435560252697,6968000
2018-05-22,13.989272117614746,14.1046616012083,13.839943789061586,13.907820184346244,8249200
2018-05-23,13.75170612335205,13.94854625619924,13.636316633533136,13.860307843812837,9294100
2018-05-24,13.873887062072754,13.894249080912793,13.500567416174048,13.697408895860907,9948700
2018-05-25,13.682710647583008,13.826091714340864,13.621261246892399,13.778298025421579,5811000
2018-05-29,13.10918140411377,13.539325828840575,12.979454770318652,13.539325828840575,11536000
2018-05-30,13.416427612304688,13.498360569263752,13.177457898644263,13.293528828006174,10248300
2018-05-31,13.27304744720459,13.450567780508427,13.232080314863527,13.38911838427709,8974400
2018-06-01,13.484704971313477,13.607603756632049,13.389117605968002,13.498360681300024,7142800
2018-06-04,13.587118148803711,13.641739678257274,13.512014359730053,13.525668765383454,6291100
2018-06-05,13.580293655395508,13.607605078020724,13.423256882141434,13.546155679394294,7650300
2018-06-06,13.948989868164062,13.955817723732753,13.634915023405739,13.64857073454312,9185900
2018-06-07,13.948989868164062,14.106026639403078,13.8329189280569,14.03092153042777,7817000
2018-06-08,14.024094581604004,14.037748990075986,13.812434971785107,13.914850197866368,5476900
2018-06-11,14.037747383117676,14.215267695734507,13.962643587138324,14.037747383117676,9401700
2018-06-12,14.092370986938477,14.215269783126011,14.01726717993077,14.106026698132712,9743200
2018-06-13,14.1128511428833,14.372303081466997,14.044573905693913,14.133334704724112,13490200
2018-06-14,14.017266273498535,14.181130890392112,13.85340165660496,14.181130890392112,12499300
2018-06-15,13.921677589416504,14.071887798126067,13.737330709524183,13.976299128325378,17836500
2018-06-18,13.955819129943848,13.996784965203487,13.689537945055143,13.826092465627834,7017400
2018-06-19,14.044575691223145,14.078714965298058,13.81243383663432,13.826089546264285,7560300
2018-06-20,14.024094581604004,14.194787059166194,14.017266726227886,14.126509807685267,6597000
2018-06-21,14.1128511428833,14.249405617262077,13.846571350352667,13.969468814557587,8951500
2018-06-22,13.92850399017334,14.256233189405636,13.887538165839322,14.228923073942983,11344500
2018-06-25,13.730504989624023,13.887541775623005,13.587122613765517,13.860230350781226,12209500
2018-06-26,13.51884651184082,13.750988433757405,13.464224959759301,13.750988433757405,9384600
2018-06-27,13.341322898864746,13.641740681819757,13.307183626519803,13.518841905938125,9823900
2018-06-28,13.38228988647461,13.518843080882192,13.279874665098873,13.38228988647461,11001300
2018-06-29,13.341322898864746,13.778295166639367,13.334495044395757,13.614430566223884,13045700
2018-07-02,13.566638946533203,13.566638946533203,13.23890839367516,13.293529935438121,7420500
2018-07-03,13.436912536621094,13.669054418832335,13.423256825366243,13.587121453583537,4066100
2018-07-05,13.361806869506836,13.552982912257416,13.314013184389253,13.505189227139834,7059600
2018-07-06,13.450568199157715,13.512017597301668,13.232080726712388,13.3413251140752,5608900
2018-07-09,13.853403091430664,13.880713212601385,13.484706688523307,13.491534544386075,11707600
2018-07-10,13.737332344055176,13.955818525687166,13.621261397278136,13.894369124318123,9452400
2018-07-11,13.593950271606445,13.74415919920306,13.593950271606445,13.607605983828064,6665000
2018-07-12,13.477880477905273,13.730505966544268,13.436914640008316,13.71685025315178,9327000
2018-07-13,13.354978561401367,13.484705203951254,13.245735484184685,13.416427955120778,8151100
2018-07-16,13.600775718688965,13.621259283393254,13.395945280766727,13.416427543190851,5360700
2018-07-17,13.696367263793945,13.764644531370859,13.512020334301013,13.621263441511848,7540700
2018-07-18,13.860227584838867,13.901194713926147,13.682708567914602,13.682708567914602,9153000
2018-07-19,14.085546493530273,14.174307335199531,13.737334890921977,14.058236366903229,14906800
2018-07-20,14.010441780090332,14.146995009126918,13.989958209708606,14.099201313850086,12437500
2018-07-23,14.228927612304688,14.242583325531584,14.024097123023186,14.024097123023186,11366500
2018-07-24,14.304022789001465,14.413265814312862,14.201606313277393,14.249401276345766,11783500
2018-07-25,14.242582321166992,14.358653270849498,14.126511371484485,14.24941017729895,10291900
2018-07-26,14.43375301361084,14.461064430437213,14.263060565286095,14.324509950865405,9319600
2018-07-27,14.522516250610352,14.542998514383804,14.35182377367026,14.433755433324563,10989400
2018-07-30,14.440583229064941,14.624931415946511,14.433755373741894,14.50886048001518,10013400
2018-07-31,14.249406814575195,14.549824599803278,14.242578960054544,14.481547356876863,12636000
2018-08-01,14.399616241455078,14.59761882078003,14.331338995995385,14.351822560317334,9241900
2018-08-02,14.563482284545898,14.604448114947191,14.263063156282467,14.338168263918392,6948200
2018-08-03,14.583965301513672,14.61810327518207,14.474722223038532,14.549826025565054,9125700
2018-08-06,14.543002128601074,14.62493511089756,14.447414734488987,14.62493511089756,9531600
2018-08-07,14.652240753173828,14.747829420316032,14.577136953188024,14.577136953188024,8606800
2018-08-08,14.754658699035645,14.829762506268642,14.631759902479445,14.659070022669544,6563600
2018-08-09,14.727347373962402,14.850246171331372,14.686381542266181,14.741003085287913,5114900
2018-08-10,14.59761905670166,14.700035577686487,14.488375983112661,14.529343112418657,7941300
2018-08-13,14.461071014404297,14.693212954000032,14.454243157089053,14.577141984202164,7466900
2018-08-14,14.645415306091309,14.693208992130312,14.536172223064934,14.570310198155573,12176900
2018-08-15,14.42693042755127,14.638590078405347,14.406448159732202,14.556657100287557,9884100
2018-08-16,14.754658699035645,14.829762506268642,14.508861105923247,14.515688961540848,9573900
2018-08-17,14.741003036499023,14.788796723699814,14.618104239536816,14.741003036499023,7419200
2018-08-20,14.843420028686523,14.857075741587984,14.693211093611849,14.727349073585037,5264200
2018-08-21,14.775141716003418,14.959489920225288,14.754659450387898,14.822935405480116,11716600
2018-08-22,14.700034141540527,14.795621496022285,14.672722724671434,14.73417211034686,7803100
2018-08-23,14.570308685302734,14.720517583297559,14.522515004226205,14.686379611751507,7550300
2018-08-24,14.549829483032227,14.652244730654518,14.522519358063864,14.618106748873931,7607300
2018-08-27,14.639303207397461,14.763190324848392,14.584242412169592,14.618654916904669,6924200
2018-08-28,14.611766815185547,14.666827590297666,14.522293547910511,14.659944829314599,5955500
2018-08-29,14.56359577178955,14.625539337533466,14.453474168856602,14.625539337533466,5248400
2018-08-30,14.439704895019531,14.577357519358753,14.412175157803318,14.54982646938982,5499400
2018-08-31,14.501646041870117,14.515411564573727,14.350229230387914,14.405290008449851,4379700
2018-09-04,14.598002433776855,14.62553347986016,14.453468380097098,14.501646397990351,7655300
2018-09-05,14.680598258972168,14.797602611198739,14.611771937764852,14.632420227952913,6455700
2018-09-06,14.577357292175293,14.708127151984273,14.563591767405358,14.687478864829371,4988800
2018-09-07,14.529178619384766,14.65994716060115,14.501647571074388,14.639300187121004,11533400
2018-09-10,14.391521453857422,14.632412799411556,14.391521453857422,14.577352032949372,8249300
2018-09-11,14.56359577178955,14.708131196109706,14.364000858755977,14.384647838835244,9629700
2018-09-12,14.260757446289062,14.611770467652832,14.246993233634749,14.542944153370234,8729600
2018-09-13,13.717036247253418,14.288292587662847,13.6482099132667,14.267644293640892,18723000
2018-09-14,13.723915100097656,13.799622864425677,13.641323260304736,13.772093126329876,22428400
2018-09-17,13.668854713439941,13.79962327056096,13.627558135951707,13.74456247999611,10228200
2018-09-18,13.586265563964844,13.703269931199088,13.531204762487143,13.682621638362553,10906500
2018-09-19,13.88221549987793,13.937276291978101,13.586263250057202,13.586263250057202,18112000
2018-09-20,14.281404495239258,14.363996327762647,13.944157028544648,13.944157028544648,23372300
2018-09-21,14.302056312561035,14.363999874058525,14.226347223452333,14.329586055030493,16440000
2018-09-24,14.1781644821167,14.425937333087882,14.15063343603516,14.315815774266794,15076500
2018-09-25,14.143754959106445,14.295173132919205,14.129990744648591,14.260759314892246,6755800
2018-09-26,13.930388450622559,14.219457831957959,13.895975960387155,14.178162581125004,9679000
2018-09-27,13.778976440429688,13.93727605088524,13.737679862504299,13.930393287897674,7004400
2018-09-28,13.689501762390137,13.799623344106733,13.641323734483226,13.689501762390137,9283000
2018-10-01,13.68262004852295,13.861567960721048,13.634442016922096,13.77897742447756,7510400
2018-10-02,13.600027084350586,13.75832667785111,13.565613273098728,13.703265892600813,9871200
2018-10-03,13.861565589904785,13.930391900171237,13.634439684952367,13.70326599521882,8583600
2018-10-04,14.068048477172852,14.274526153288882,13.937278582164407,13.951044110639621,12865000
2018-10-05,13.964810371398926,14.185053587539242,13.895984038166796,14.143756999948094,9878500
2018-10-08,14.123109817504883,14.185053385255149,13.916630820752962,13.916630820752962,10601500
2018-10-09,14.068048477172852,14.171287315230867,13.978573854837002,14.081812692895017,9165500
2018-10-10,13.710147857666016,14.205694896104813,13.696382333965678,14.10933885570764,12279100
2018-10-11,13.242131233215332,13.710148561016,13.235248471012069,13.661970538345813,12541000
2018-10-12,12.836058616638184,13.489906644968748,12.61581545716976,13.489906644968748,19927800
2018-10-15,12.712174415588379,12.918653409328686,12.68464467074152,12.815414568835072,16551300
2018-10-16,12.787879943847656,12.794762706327582,12.546988508061096,12.78099718136773,15342400
2018-10-17,12.898001670837402,12.973710746260883,12.622697732142106,12.808528383043704,16048700
2018-10-18,12.457513809204102,12.636461675139378,12.113383600733007,12.113383600733007,28606900
2018-10-19,12.278569221496582,12.588287016912455,12.264803694421895,12.409339103200274,20214800
2018-10-22,11.8724946975708,12.333629326740187,11.838082194563038,12.312981037283823,21731300
2018-10-23,11.934435844421387,12.04455740712345,11.576540109263386,11.624718128851466,21045100
2018-10-24,11.370063781738281,11.906906131891825,11.342532731600805,11.893141919575811,14335700
2018-10-25,11.796785354614258,11.906906937105772,11.432008104893418,11.487068896139176,15442400
2018-10-26,11.74172306060791,11.893141201719152,11.555893734407292,11.645367016448134,15385500
2018-10-29,12.037676811218262,12.18221220874036,11.865611674443695,11.961967730956552,16011100
2018-10-30,12.264801979064941,12.299215791938536,11.982615277265115,12.099619615529877,15856900
2018-10-31,12.498811721801758,12.767232921349734,12.388690136717827,12.42998540293609,13950600
2018-11-01,12.657109260559082,12.698405832757745,12.485044147989209,12.588284265733236,12096400
2018-11-02,12.684638977050781,12.925530371910211,12.574517421586897,12.774112248583004,10643200
2018-11-05,12.725936889648438,12.808528729869792,12.526342020972042,12.677758863166298,11368800
2018-11-06,12.794763565063477,12.842941592903772,12.56075487605107,12.712171722513826,9807000
2018-11-07,12.870471954345703,12.939296954567286,12.62958051531197,12.794762878798684,11005000
2018-11-08,12.898001670837402,12.994357721192575,12.794762857920757,12.801645620482232,10284900
2018-11-09,13.001241683959961,13.03565549994423,12.863590358281435,12.891120098316,13575700
2018-11-12,12.712174415588379,13.04942199466916,12.68464467074152,12.959948682975515,9408900
2018-11-13,12.67776107788086,12.870474530227844,12.57452224413365,12.57452224413365,11753200
2018-11-14,12.540106773376465,12.822293494418075,12.333629133066493,12.774115465862604,14790700
2018-11-15,12.705286026000977,12.7396998327644,12.264799801449154,12.388686880292479,10694200
2018-11-16,12.58828353881836,12.746583118180947,12.540104207368719,12.615813272608458,10142800
2018-11-19,12.56764030456543,12.760353769553571,12.457518699644515,12.588288597770507,10179000
2018-11-20,12.271682739257812,12.491925854700625,12.223504721848762,12.436865075839922,10806200
2018-11-21,12.423103332519531,12.608934009993394,12.147799354458021,12.333630031931886,15389600
2018-11-23,12.347394943237305,12.485046269026693,12.20285954149267,12.33362941683251,4678200
2018-11-26,12.72260856628418,12.875475278285828,12.52805286055313,12.535001467945147,10862000
2018-11-27,12.59753704071045,12.78514547563234,12.555846719164949,12.639228687567375,7701500
2018-11-28,12.757351875305176,12.805990802775202,12.43077394747264,12.618382375123922,7261000
2018-11-29,12.604486465454102,12.743455980028031,12.555847532946679,12.625332290233644,7564600
2018-11-30,12.743453979492188,12.771247082856954,12.555845561862611,12.56279416903163,11216300
2018-12-03,12.812936782836914,13.03528687728171,12.63227699977274,12.958853535324648,9637500
2018-12-04,12.125045776367188,12.778199121940384,12.020817966150158,12.729560184005322,13063800
2018-12-06,11.88879680633545,11.951332954113798,11.596961891806973,11.84710515760889,12624000
2018-12-07,11.624754905700684,12.062507936636528,11.555270150358798,11.881848102872217,12243900
2018-12-10,11.11751651763916,11.58306257482775,11.006341458487668,11.409351379239638,15489400
2018-12-11,11.061931610107422,11.35376654088244,11.006344067355588,11.242591455378772,14318200
2018-12-12,11.124466896057129,11.277332295406238,11.006343211233718,11.256487796815403,14673800
2018-12-13,10.763148307800293,11.19395276759584,10.714509372485484,11.1731069416131,12764300
2018-12-14,10.513005256652832,10.922963925434486,10.485211482294204,10.631128963340965,19489900
2018-12-17,10.408774375915527,10.679764075797062,10.339290296245943,10.464362567369054,12471700
2018-12-18,10.269807815551758,10.603333724444376,10.193375112286418,10.464364871845685,14481200
2018-12-19,10.005766868591309,10.401828934904357,9.894591784242303,10.276756633683839,17657500
2018-12-20,9.964077949523926,10.15168576517612,9.839005630651886,9.92238695568129,14038300
2018-12-21,9.936283111572266,10.123890907154966,9.887643513516473,9.94323172024535,23957700
2018-12-24,9.602757453918457,9.943231999239082,9.602757453918457,9.83205624531768,6926100
2018-12-26,10.22116756439209,10.22116756439209,9.491580354037696,9.665291563043233,11627600
2018-12-27,10.158634185791016,10.165582795078292,9.776469289517003,9.991871538831544,12227600
2018-12-28,10.151684761047363,10.304550839808837,10.103045825255178,10.200324359495351,8691100
2018-12-31,10.269807815551758,10.31844741095312,10.082200030207465,10.207271666218407,9140600
2019-01-02,10.43657112121582,10.471312837439884,10.075251441114867,10.096096603380458,7710700
2019-01-03,10.471311569213867,10.672816547124793,10.353187892922394,10.394878875059959,12083300
2019-01-04,10.825681686401367,10.881269216133019,10.651970490326049,10.686712862072238,8759400
2019-01-07,10.936858177185059,11.089724235280686,10.714508029159207,10.783992781745141,9167100
2019-01-08,10.929908752441406,11.041084480800235,10.721455835575801,10.999393499833717,12223400
2019-01-09,11.013291358947754,11.0688788950527,10.811786374903395,10.929909392134633,8926300
2019-01-10,10.978549003601074,11.054981700223356,10.846528108114939,11.020239324429335,7017700
2019-01-11,11.0897216796875,11.180051572170676,10.895165344999805,10.999391787204322,8383600
2019-01-14,11.284279823303223,11.360713178317717,10.950754624658515,10.978548391212241,13519600
2019-01-15,11.332919120788574,11.339867728318811,11.068878661196408,11.277331585858047,9411500
2019-01-16,11.638649940490723,11.763722211602508,11.40935121855619,11.527474882904963,15318900
2019-01-17,11.346816062927246,11.527475878433947,11.05498118023355,11.47188834484045,23946200
2019-01-18,11.708136558532715,11.722033774285169,11.284280755262907,11.437146152605596,20623600
2019-01-22,11.742877960205078,11.833208534881521,11.617805672383176,11.63170288776592,16662700
2019-01-23,11.735929489135742,11.861001778413655,11.638651630946885,11.81931145709149,11093300
2019-01-24,11.728981018066406,11.74982684162616,11.54832251512762,11.638651766597013,9803600
2019-01-25,11.680340766906738,11.854051967650253,11.666444878083835,11.81236165055897,14462200
2019-01-28,11.708136558532715,11.715085166408942,11.562218443754814,11.596961483135953,11707800
2019-01-29,11.631702423095703,11.756774705921142,11.631702423095703,11.708135779335993,11894100
2019-01-30,11.562217712402344,11.715084425387094,11.548321822840293,11.659496891204826,12567500
2019-01-31,11.444093704223633,11.555268769359245,11.270382499285326,11.492733954867866,15285800
2019-02-01,11.555269241333008,11.603909493963945,11.471888601731283,11.499681706494734,11962500
2019-02-04,11.534423828125,11.596959965515905,11.38850573244247,11.499680793290462,12454900
2019-02-05,11.36766242980957,11.555269536359068,11.312074893552051,11.555269536359068,14158800
2019-02-06,11.457992553710938,11.506631485984467,11.305127148663914,11.339868864484577,16249100
2019-02-07,11.86099910736084,12.166731153933641,11.673390715692681,11.784565764389859,37227800
2019-02-08,11.79151725769043,11.8332089051432,11.61780603590489,11.81931168932561,17675200
2019-02-11,11.826263427734375,11.874902370659585,11.756778655564734,11.84710793166701,9699500
2019-02-12,11.972180366516113,12.076406863072362,11.930490032955976,11.930490032955976,7322900
2019-02-13,11.937433242797852,12.041659692206636,11.8540512880841,12.027762478869143,8973700
2019-02-14,11.826263427734375,11.88185098040773,11.680345273646948,11.819314817986232,6431800
2019-02-15,12.166733741760254,12.173682349445665,11.930486381701888,11.95827948713213,8026900
2019-02-19,12.326546669006348,12.375185593256603,12.020814584033099,12.069454833594639,12376700
2019-02-20,12.472465515136719,12.472465515136717,12.236218161484837,12.298754303646298,9664500
2019-02-21,12.298755645751953,12.493311375652906,12.222322280255716,12.479414159142406,8141600
2019-02-22,12.264008522033691,12.32654465020241,12.125040379122929,12.305698832375812,7615900
2019-02-25,12.23621940612793,12.389084810676563,12.215373581516593,12.333497270357833,7164300
2019-02-26,12.097249984741211,12.270961215223206,12.083352768227888,12.187580566766295,9870500
2019-02-27,12.250113487243652,12.270959308774975,12.076402283749884,12.173681458918082,10583200
2019-02-28,12.270959854125977,12.333495996187894,12.215372319549978,12.270959854125977,6940000
2019-03-01,12.166733741760254,12.430774207248863,12.097248990217546,12.347393565646735,13865000
2019-03-04,12.103585243225098,12.3772310900318,11.970270016545406,12.208833542896542,16135500
2019-03-05,12.07551383972168,12.145679792926442,11.829935010961373,12.054464990573221,9662600
2019-03-06,11.872037887573242,12.11060140265026,11.843970961891392,12.054468889591238,8563900
2019-03-07,11.717671394348145,11.822919667337203,11.63347197297426,11.822919667337203,9605100
2019-03-08,11.766792297363281,11.773809030396475,11.563311054315628,11.577344520382015,7735400
2019-03-11,11.900104522705078,12.040436486860619,11.773807360930842,11.815906414855588,15705200
2019-03-12,11.977283477783203,12.068499627347803,11.928167707235053,11.949217896743278,11026300
2019-03-13,12.152700424194336,12.194799474313102,11.991319616818501,12.026401935533361,11030900
2019-03-14,12.22286605834961,12.293032032123152,12.124634498049433,12.159716815783886,9116300
2019-03-15,12.19479751586914,12.2789969408892,12.159715202788384,12.19479751586914,30656400
2019-03-18,12.433363914489746,12.433363914489746,12.208833846067188,12.208833846067188,12434600
2019-03-19,12.250931739807129,12.531595637076125,12.229882884325209,12.531595637076125,22292200
2019-03-20,11.59839153289795,12.194798955505439,11.584358070687166,12.187783562704665,17489400
2019-03-21,11.184412002563477,11.514190971581407,11.156345750039753,11.500157510743424,24849700
2019-03-22,10.503807067871094,11.072148949205348,10.454690615410241,11.058116155039647,33997200
2019-03-25,10.524855613708496,10.686236411925588,10.398557132215258,10.531872344714186,19290100
2019-03-26,10.812536239624023,10.826569703382628,10.595022904584697,10.60905569919092,19825000
2019-03-27,10.78447151184082,10.868670298885183,10.693255991921307,10.763421982367849,13638700
2019-03-28,11.016016960144043,11.03706648697368,10.798503621548868,10.798503621548868,19243100
2019-03-29,11.051098823547363,11.191430103349246,11.016015836308812,11.156347116110695,13578600
2019-04-01,11.472094535827637,11.500160125580502,11.17739848274621,11.198448009637055,11646600
2019-04-02,11.556292533874512,11.675574300379557,11.408945177882572,11.444027499317384,10761400
2019-04-03,11.528226852416992,11.829939632246543,11.422978550647438,11.682590939125353,13411500
2019-04-04,11.563308715820312,11.668557013423449,11.415961366836866,11.422978098451036,11828100
2019-04-05,11.64048957824707,11.668555161945806,11.507174375340693,11.584357072545096,13926600
2019-04-08,11.59839153289795,11.689606360658805,11.549274415160209,11.584358070687166,9339300
2019-04-09,11.408943176269531,11.549273775693608,11.359827399555877,11.514191460413723,10157400
2019-04-10,11.500158309936523,11.542258695376201,11.310711928676291,11.507175040843137,11412200
2019-04-11,11.535243034362793,11.668556919039558,11.472093788650765,11.577342085402575,12791500
2019-04-12,11.843972206115723,11.914138189386698,11.570326343494221,11.773807561149566,12839600
2019-04-15,11.689605712890625,11.872036696607717,11.654523397612337,11.829937650612862,10759000
2019-04-16,11.914134979248047,11.94921863058302,11.619438999556547,11.717671884990018,10339600
2019-04-17,12.047454833984375,12.068505032921141,11.836958197836612,11.963255376542286,12269200
2019-04-18,11.78082275390625,11.94220355752848,11.61944061197938,11.858004120944692,19536500
2019-04-22,11.92115306854248,11.96325211663934,11.647507248455977,11.717673220820483,14575000
2019-04-23,12.05446720123291,12.082532784679195,11.689605248299776,11.858002763890955,16984700
2019-04-24,12.01938533782959,12.08253458286253,11.836955672517416,11.963252824278609,9471600
2019-04-25,12.02640438079834,12.138669429477757,11.850990074948633,11.949222996271832,9091500
2019-04-26,12.131651878356934,12.152700734801963,11.935187408940182,12.047452437662695,7631300
2019-04-29,12.307065963745117,12.377230601889048,12.152700547897224,12.166734010847886,10188200
2019-04-30,12.314082145690918,12.391264858558783,12.166734790184748,12.32811560954049,8756900
2019-05-01,12.173750877380371,12.384247470756808,12.068502580692153,12.30706610028129,11836400
2019-05-02,12.356184959411621,12.36320169271189,12.131654847023148,12.208836236716039,9796300
2019-05-03,12.433363914489746,12.517563359300594,12.335132344131072,12.377231397384108,10898600
2019-05-06,12.405295372009277,12.510543649239906,12.194797479243563,12.194797479243563,9220400
2019-05-07,12.173750877380371,12.321098225082936,12.096568168600148,12.236900123054243,10327000
2019-05-08,12.05446720123291,12.215847986386397,12.047450470795216,12.124633167305356,12551900
2019-05-09,12.131651878356934,12.152700734801963,11.829939111800917,11.935187408940182,10169100
2019-05-10,12.138668060302734,12.208834042389269,11.900104524191391,12.047453220403595,9186800
2019-05-13,11.59839153289795,11.921153133918256,11.549274415160209,11.872037354485133,15648500
2019-05-14,11.872037887573242,11.935187132052727,11.591375322278124,11.591375322278124,14299400
2019-05-15,11.626456260681152,11.724687812295365,11.437008549735584,11.654523183030651,11642800
2019-05-16,11.766792297363281,11.893090815350792,11.689609572303139,11.724691899164121,7353300
2019-05-17,11.752754211425781,12.00535114810788,11.605406890564195,11.605406890564195,10500400
2019-05-20,11.836956977844238,11.90010489153616,11.738724064568816,11.766790993591746,9132900
2019-05-21,11.893088340759277,12.01938549416319,11.858004682893158,11.872038146039605,7771500
2019-05-22,11.724689483642578,11.815905655976742,11.724689483642578,11.815905655976742,8112400
2019-05-23,11.591377258300781,11.633476315550377,11.458062015654681,11.61242611777313,7554700
2019-05-24,11.789883613586426,11.818242372594478,11.641004185454321,11.66227325471036,6320200
2019-05-28,11.591376304626465,11.782793848072345,11.591376304626465,11.71898800025705,8174700
2019-05-29,11.683538436889648,11.704807501531157,11.371600268799416,11.463763511139765,7772200
2019-05-30,11.555927276611328,11.789881589379881,11.449584653029225,11.697718342867347,5199400
2019-05-31,11.321972846984863,11.492120627133477,11.307793470908392,11.378688322961159,8394000
2019-06-03,11.54175090789795,11.605556761646735,11.243990031700278,11.300706195896975,7567100
2019-06-04,12.009657859802246,12.03092557315579,11.6906286373009,11.74025510475226,7549000
2019-06-05,11.97420883178711,12.030924984990195,11.78988099582214,12.009657272676385,7006000
2019-06-06,12.009657859802246,12.052194638729153,11.860777105228344,11.952941703826433,4795400
2019-06-07,11.846598625183105,11.974210323846178,11.82533091021921,11.945852919821009,7606100
2019-06-10,11.995476722717285,12.165625165679705,11.967117972780404,11.981297347748844,12329700
2019-06-11,12.222344398498535,12.328687033165608,12.08055466968243,12.08055466968243,9191600
2019-06-12,12.066374778747559,12.314508483913935,12.016748308158265,12.193986475817118,5332800
2019-06-13,12.101819038391113,12.193983621241406,12.030923517480023,12.115998413017248,5328500
2019-06-14,12.158535957336426,12.165625645100034,11.889134583417658,12.09473011968362,7999700
2019-06-17,11.967120170593262,12.250702313164656,11.938762767668045,12.15144802237672,6513000
2019-06-18,12.193987846374512,12.22234525323284,11.910405664470872,11.967121830407589,9999200
2019-06-19,12.023837089538574,12.392492816434226,11.981300306349063,12.250703088395868,9110500
2019-06-20,11.967120170593262,12.080553838953742,11.669360002669194,12.052195083808654,16032700
2019-06-21,12.08764362335205,12.22943471162118,12.009659741802059,12.030927458488407,18507600
2019-06-24,12.123089790344238,12.279058876315766,12.016747170262754,12.10182072544003,9007900
2019-06-25,12.07346248626709,12.123088948711867,11.910402371094655,12.094730197475032,8734800
2019-06-26,12.172718048095703,12.25070327867102,12.094732817520386,12.116001885555466,9131200
2019-06-27,12.293237686157227,12.392490613361401,12.229431846606053,12.229431846606053,10968900
2019-06-28,12.583908081054688,12.605177144892187,12.300327324319934,12.463386090414954,13264700
2019-07-01,12.647712707519531,12.810771457978348,12.534280415703,12.71860822795976,8043800
2019-07-02,12.527194023132324,12.690252816476166,12.442119105785137,12.640626344781948,9047600
2019-07-03,12.61226749420166,12.626445518617084,12.463386743971567,12.58390874093125,4519600
2019-07-05,12.76114273071289,12.924201452183803,12.704426594887385,12.754053044707286,5721800
2019-07-08,12.626444816589355,12.775325558541711,12.562638977498306,12.661893256206444,6781100
2019-07-09,12.647712707519531,12.754055312070081,12.513011353905057,12.569727499813322,7963900
2019-07-10,12.48465633392334,12.67607251766883,12.44211820222893,12.605178335951157,7391800
2019-07-11,12.640625953674316,12.654805331496787,12.46338778755313,12.491746543198069,6504500
2019-07-12,12.668983459472656,12.711520236523745,12.5697291767271,12.676071795464702,6045000
2019-07-15,12.470474243164062,12.711518194769448,12.420847785872285,12.676069759404218,8473100
2019-07-16,12.32159423828125,12.420848510877827,12.186894232689562,12.335773613254993,13353400
2019-07-17,12.14435863494873,12.286149709752928,12.108911542357635,12.23652323923743,9816500
2019-07-18,12.271967887878418,12.420848621995365,12.087640068229625,12.172714966613542,10130000
2019-07-19,12.37122631072998,12.470479265284759,12.257793976318778,12.293241073739745,7597500
2019-07-22,12.314506530761719,12.40666976834994,12.279058091520332,12.371222681328245,10351900
2019-07-23,12.739877700805664,12.775326142041823,12.300327847235437,12.392491090009914,10200700
2019-07-24,13.073083877563477,13.11562064698629,12.74696503940318,12.74696503940318,10532600
2019-07-25,12.846222877502441,13.12271398398551,12.782417029510981,13.051818447081676,10946600
2019-07-26,13.122714042663574,13.12980373160765,12.839133246000106,12.910027431001048,7633300
2019-07-29,13.002192497253418,13.193610048888194,12.995102808057322,13.094355752362784,5580200
2019-07-30,13.1439790725708,13.143979072570799,12.867486697550916,12.888755757850749,6100700
2019-07-31,13.023456573486328,13.15815655992736,12.959650747395552,13.129799166231143,8915900
2019-08-01,12.279058456420898,13.044727187932464,12.25779074446374,13.044727187932464,13471700
2019-08-02,12.193987846374512,12.307420178247945,11.988390899716379,12.279061419169556,8371400
2019-08-05,11.662269592285156,11.924581269632862,11.527568233738705,11.924581269632862,11632200
2019-08-06,11.804062843322754,11.839511291633055,11.520482017940532,11.811152532984813,8262800
2019-08-07,11.456674575805664,11.520480421703457,11.236899635613188,11.470853953165141,12742000
2019-08-08,11.711897850036621,11.782793383952162,11.541749379971227,11.584286159432615,8146600
2019-08-09,11.676450729370117,11.789883055593677,11.563018403146557,11.655183013340695,6234000
2019-08-12,11.485031127929688,11.55592529669131,11.421225294268554,11.506298837670338,6794100
2019-08-13,11.662269592285156,11.82532834871423,11.385777187666692,11.449583023177134,9026300
2019-08-14,11.343241691589355,11.548838596314909,11.229809382851045,11.371600444883825,24127900
2019-08-15,11.28652572631836,11.47794325760375,11.229809570998963,11.399958036957152,8638400
2019-08-16,11.648092269897461,11.662271647447323,11.38577919410449,11.392868882879421,8949100
2019-08-19,11.726075172424316,11.889133925302287,11.676447360826169,11.811148716439083,9509700
2019-08-20,11.527568817138672,11.669358518166904,11.506299753485571,11.619732055196037,7070400
2019-08-21,11.612643241882324,11.69771815068218,11.520479996883964,11.641001995555543,7137100
2019-08-22,11.747343063354492,11.782791500756604,11.598463682924496,11.69771660321116,5797700
2019-08-23,11.329060554504395,11.789879406174004,11.272344408948436,11.648089718393894,8863600
2019-08-26,11.447408676147461,11.490444347980231,11.311130302729818,11.440235950170534,5911600
2019-08-27,11.339821815490723,11.53348065074573,11.246578419246136,11.511962470361604,5616600
2019-08-28,11.583686828613281,11.612377731973732,11.253748964284735,11.253748964284735,6138700
2019-08-29,11.79886531829834,11.892108024574231,11.691275791289211,11.719966696640356,8255800
2019-08-30,11.906454086303711,12.021214977463353,11.849073640723889,11.892108632894322,6857700
2019-09-03,11.633894920349121,11.813208968019433,11.554997669653362,11.806036241945707,7514200
2019-09-04,11.763004302978516,11.841902942185413,11.705623847571125,11.763004302978516,5454200
2019-09-05,12.222046852111816,12.322462286831135,11.963834170767633,12.021214614615486,10042800
2019-09-06,12.049904823303223,12.286599338359109,12.042733464473509,12.193356624937358,9037500
2019-09-09,12.673917770385742,12.738470941200461,12.157493771925695,12.214874216199034,16367800
2019-09-10,12.996684074401855,13.046891793871996,12.759989562572807,12.767160921304756,11007800
2019-09-11,12.91061019897461,13.054061970630654,12.752814344598946,13.01102561829935,10971500
2019-09-12,12.932130813598633,12.989511259469104,12.638055857505254,12.824541280540977,13998600
2019-09-13,13.10427188873291,13.262067769701636,13.003855084427618,13.089926435538196,10433700
2019-09-16,13.15447998046875,13.161652707269825,12.874750475515528,12.917785468264235,8598000
2019-09-17,13.00385570526123,13.09709978742085,12.853232543698772,13.082754333541251,7369900
2019-09-18,13.061234474182129,13.161651270376673,12.846058165872225,12.953646320027177,8227300
2019-09-19,12.946475982666016,13.140135516710155,12.91061371401689,13.061236884012649,4896900
2019-09-20,12.74563980102539,12.960816059756752,12.681086649794524,12.881917459795185,19468200
2019-09-23,12.759989738464355,12.846059725011678,12.54481203598051,12.630883390585602,8438200
2019-09-24,12.659571647644043,12.86040387600607,12.559156217491847,12.788677982444087,10337600
2019-09-25,12.838887214660645,12.939304024736487,12.666745870604936,12.681091324624026,8337000
2019-09-26,12.752816200256348,12.889093898296073,12.738470747391846,12.788678464359922,6539500
2019-09-27,12.810197830200195,13.05406507925419,12.738471927291759,12.874751006012005,8897000
2019-09-30,12.795849800109863,12.92495612574345,12.724123911640367,12.853230237273953,6264700
2019-10-01,12.465912818908691,12.939303194769403,12.430050554219074,12.910612288571546,7923700
2019-10-02,12.229219436645508,12.358325790261821,12.107285810236528,12.336808976697656,9314200
2019-10-03,12.272254943847656,12.279427670554659,11.899281363429873,12.164665411300335,10452700
2019-10-04,12.387016296386719,12.394189023360862,12.157494505445221,12.329635848651344,10538500
2019-10-07,12.394186019897461,12.530463695208905,12.315287410359026,12.37984056942548,6438500
2019-10-08,12.006869316101074,12.236391094445159,11.999696589520607,12.179010649859137,9732800
2019-10-09,12.042733192443848,12.150321357210288,11.99252410536562,12.114457723582982,7921000
2019-10-10,12.329636573791504,12.3654988427136,12.114458856085312,12.114458856085312,8274700
2019-10-11,12.480257987976074,12.688262949003551,12.47308526158985,12.638055232357656,10613700
2019-10-14,12.616536140441895,12.673916579322762,12.379841659051115,12.401359836653032,10850100
2019-10-15,12.752816200256348,12.86040436062475,12.609364407726687,12.666744851127016,6499900
2019-10-16,12.688263893127441,12.88909477465469,12.623710718905748,12.80302478773095,10037500
2019-10-17,12.55915641784668,12.932129975872892,12.523292786464744,12.881920891938181,12328000
2019-10-18,12.74563980102539,12.795847503525556,12.52328944987139,12.52328944987139,11816900
2019-10-21,13.00385570526123,13.04689206690003,12.881922083400193,12.910612991159391,8371400
2019-10-22,13.00385570526123,13.204687955402289,12.874750724518172,12.98951161943941,10148500
2019-10-23,13.075583457946777,13.104274369768266,12.946477090866031,12.975168002687518,8038800
2019-10-24,13.039717674255371,13.132960376446306,12.939302246040887,13.075579936315515,8605200
2019-10-25,13.05406379699707,13.154479230370722,12.939302910839276,12.939302910839276,7527000
2019-10-28,13.183171272277832,13.247724454011918,13.089928547583007,13.125790818298416,7811900
2019-10-29,13.233376502990723,13.34096465178383,13.075579274573796,13.089924725894887,10149700
2019-10-30,13.10427188873291,13.204687324980489,12.960820092901187,13.197514598383131,7147700
2019-10-31,12.889094352722168,13.1042720491031,12.767160735190293,12.9966838849415,10307500
2019-11-01,13.11861801147461,13.161653005197458,12.953648027431088,13.046892109898007,9137200
2019-11-04,13.599178314208984,13.60635104112427,13.226206091018554,13.226206091018554,13251700
2019-11-05,13.764147758483887,13.871735921887149,13.599177782003979,13.6278686885423,12142900
2019-11-06,13.721113204956055,13.721113204956055,13.55614457481701,13.649388665283706,8437500
2019-11-07,13.84304428100586,13.972150617464058,13.792836565284926,13.84304428100586,8827900
2019-11-08,13.886083602905273,13.921945873773849,13.742631783315085,13.800012237539573,6438800
2019-11-11,13.771320343017578,13.900425316934678,13.756974889896442,13.771320343017578,8868800
2019-11-12,13.771320343017578,13.857390325628977,13.699594445469607,13.771320343017578,8172200
2019-11-13,13.54179859161377,13.656560860341898,13.455728600139983,13.606351769248034,8260600
2019-11-14,13.534626960754395,13.54897104700693,13.398347880921644,13.491590597823324,6861100
2019-11-15,13.60634994506836,13.642213576755804,13.520279965133826,13.59917721873087,6025900
2019-11-18,13.60634994506836,13.642213576755804,13.49876178612136,13.548969502426116,6098800
2019-11-19,13.706768989562988,13.713941717074666,13.513109450921307,13.66373262449291,9031200
2019-11-20,13.685246467590332,13.721108725719322,13.534623341779627,13.678073742353043,9272500
2019-11-21,13.699593544006348,13.764146710746012,13.548969032261262,13.735455806391665,7159800
2019-11-22,13.81435775756836,13.914773210915268,13.713942304221451,13.728286391801047,6092600
2019-11-25,13.92911434173584,13.986494778412153,13.807180742791486,13.84304300269261,9302200
2019-11-26,13.83587646484375,13.914773737721353,13.785667368211458,13.850220552966405,7815500
2019-11-27,13.95063304901123,13.979322584411602,13.835872171294596,13.914769419688797,6084000
2019-11-29,13.907596588134766,14.01518610722687,13.893252504572374,13.9291147655647,3809000
2019-12-02,13.802597045898438,14.070538946930927,13.795355223574708,13.998122104930008,8836000
2019-12-03,13.5925874710083,13.628795195390538,13.426029728872177,13.607071113255655,7457900
2019-12-04,13.824318885803223,13.889493888380542,13.614310237223856,13.672243419377471,7785000
2019-12-05,13.97639274597168,13.9908763865859,13.80983502261613,13.889493664758346,7038500
2019-12-06,14.237092971801758,14.31675161517333,14.17191796926793,14.17191796926793,11302100
2019-12-09,14.222610473632812,14.26606139963696,14.135711384096762,14.19364457086617,8498600
2019-12-10,14.27330207824707,14.33847708710779,14.12846979951803,14.179161166135001,8486800
2019-12-11,14.229852676391602,14.338477231843902,14.200886772847863,14.28778586471524,5726700
2019-12-12,14.76573371887207,14.772975539432004,14.266060531361106,14.316751894044591,10212300
2019-12-13,14.52676010131836,14.79470195435557,14.46158509331569,14.671593759376764,7304900
2019-12-16,14.562966346740723,14.693316337149406,14.533999068322856,14.61365770273613,13741900
2019-12-17,14.744009017944336,14.830908098534398,14.54124219450755,14.606417195568088,9229800
2019-12-18,14.707802772521973,14.838152799953463,14.686078688774224,14.809186894544382,9792400
2019-12-19,14.64262580871582,14.744009917235996,14.591934445073766,14.744009917235996,6998000
2019-12-20,14.772974014282227,14.867116290606136,14.65710765975734,14.78021583409452,14328400
2019-12-23,14.664351463317871,14.772976012724861,14.657109642525928,14.772976012724861,5943600
2019-12-24,14.73676872253418,14.736768722534181,14.649868251716358,14.671593714729845,4366900
2019-12-26,14.751248359680176,14.787456073636381,14.67158973149362,14.758488797482816,3581200
2019-12-27,14.686076164245605,14.809184348853533,14.649867062163265,14.78021706718766,4797300
2019-12-30,14.64262580871582,14.809184922271799,14.628143548558139,14.801943101574924,5349800
2019-12-31,14.6571044921875,14.736763111671673,14.591929509197831,14.635379037445745,6166800
2020-01-02,14.67159366607666,14.751252315625827,14.490552285273003,14.744010494645346,11104200
2020-01-03,14.418133735656738,14.50503419581335,14.316751016503988,14.425375555772785,6898800
2020-01-06,14.200887680053711,14.251579050420728,14.099503558083425,14.20812950171132,9225600
2020-01-07,14.09225845336914,14.222608450366131,14.019843016136084,14.17915891177911,8343900
2020-01-08,14.229852676391602,14.316753149495138,14.077778575005613,14.10674447854935,10701700
2020-01-09,14.258818626403809,14.352959530653632,14.17915998195209,14.33123545033846,7836700
2020-01-10,14.085017204284668,14.273298987741361,14.04156628696157,14.25881672986951,6898600
2020-01-13,14.106745719909668,14.135713007238621,13.998121154898662,14.113987541741906,8704500
2020-01-14,14.12122917175293,14.251579200489989,14.063295979118266,14.12122917175293,10120300
2020-01-15,13.882253646850586,13.998120024335842,13.809836815613256,13.983636381841142,11296900
2020-01-16,14.056051254272461,14.099500794465403,13.918459432219507,13.983634433126907,7813900
2020-01-17,14.186405181884766,14.193647004126946,14.063296966240436,14.15019745191023,9686800
2020-01-21,14.12122917175293,14.244337378756123,14.0270882516852,14.106745528285197,11608300
2020-01-22,14.208126068115234,14.229850146601882,14.092258330830822,14.171916968577632,12092800
2020-01-23,14.360201835632324,14.534001390197238,14.03432680755056,14.309510471538735,14745300
2020-01-24,13.969155311584473,14.447104504769866,13.853287542984226,14.439862682905083,9356400
2020-01-27,13.643278121948242,13.76638631212053,13.549135833515042,13.636036301204452,10412200
2020-01-28,13.824318885803223,13.93294342968675,13.672243419377471,13.737418421954791,8932100
2020-01-29,13.672245979309082,13.961913325549224,13.672245979309082,13.838805117768045,8441600
2020-01-30,13.8170747756958,13.824316594919434,13.447750282705261,13.5201670937058,9626700
2020-01-31,13.549139022827148,13.686730886874566,13.491205824476088,13.636039510971937,16521800
2020-02-03,13.744664192199707,13.86053058980361,13.672247348388165,13.67948917089296,9474400
2020-02-04,14.012600898742676,14.142950892972936,13.983633619475551,14.005359078925895,10445900
2020-02-05,14.49055290222168,14.512278366088104,14.215369218191695,14.215369218191695,11465500
2020-02-06,14.200887680053711,14.657111394593116,14.193645858396101,14.59917820256849,9084700
2020-02-07,14.193643569946289,14.2370931116503,14.005360380914201,14.063293563598226,8710700
2020-02-10,14.135708808898926,14.229849702285382,14.106741530173325,14.121225169536125,8029300
2020-02-11,14.266058921813965,14.360199815999696,14.15019256839958,14.215366183613773,6421600
2020-02-12,14.27330207824707,14.476068925951106,14.244336174995722,14.352960729351539,5983000
2020-02-13,14.280546188354492,14.287788010637135,14.12123024184543,14.200888905718145,7548600
2020-02-14,14.287789344787598,14.331240282540778,14.186406585836504,14.266065257147504,6350500
2020-02-18,14.164676666259766,14.287784855405475,13.961911212068758,14.237093491857722,7611200
2020-02-19,14.287789344787598,14.360206193139733,14.157439294001051,14.21537249643546,6923000
2020-02-20,14.497793197631836,14.570210021661936,14.23709318361789,14.23709318361789,8423800
2020-02-21,14.24433708190918,14.447103942523045,14.121228877471516,14.396411191442402,8108000
2020-02-24,13.744664192199707,13.846048326030429,13.643281439605396,13.759147837209298,7456100
2020-02-25,13.063947677612305,13.795353695204534,13.006013105440967,13.773629611876506,10468800
2020-02-26,12.796005249023438,13.25947075632132,12.788763427817388,13.1798134855271,10241800
2020-02-27,12.100804328918457,12.701862994419502,12.093563889713208,12.477370704448262,13973800
2020-02-28,11.840105056762695,11.919762314822359,11.470780521713898,11.65906369926246,21650200
2020-03-02,12.429731369018555,12.43705606929312,11.631357899181152,11.873066721545065,13350600
2020-03-03,11.873067855834961,12.693416203389654,11.675305819181583,12.349163639859341,22824300
2020-03-04,12.22464370727539,12.231968406565974,11.675303135351738,11.990258918150888,13860900
2020-03-05,11.704601287841797,11.865741878888912,11.558110793965023,11.741224784463208,15279300
2020-03-06,10.891579627990723,11.440919559655821,10.75241381931851,11.045394836797824,23797200
2020-03-09,8.906631469726562,9.822198038547498,8.89930676953075,9.763601834024707,15961300
2020-03-10,9.792899131774902,9.888118130932423,8.840709838721494,9.41934783473889,17303800
2020-03-11,8.972553253173828,9.529217949179262,8.855360832650984,9.433998932873969,29399900
2020-03-12,7.961766242980957,8.862684047055756,7.712732041878626,8.188827043551262,20950900
2020-03-13,9.324129104614258,9.33145380441967,8.306019581403683,8.73816709061759,17318400
2020-03-16,7.317209720611572,8.327995554763993,7.317209720611572,7.324534422679541,17925300
2020-03-17,7.500320911407471,7.566241813904826,6.826463883579582,7.529619012681647,20549200
2020-03-18,5.9768171310424805,7.141417661440936,5.815677604151408,7.031549976827449,17912800
2020-03-19,6.8484368324279785,7.163391193561372,5.4567755094928465,5.830326761848202,13965800
2020-03-20,6.7312445640563965,7.221988261270242,6.225852166153526,6.958305362171588,23725300
2020-03-23,6.269800186157227,6.789842026475834,6.094010873631802,6.628702114378304,16697600
2020-03-24,7.156068325042725,7.302558829959695,6.76786761386047,6.826463815827258,15626800
2020-03-25,7.192689895629883,7.6394867757475335,7.038874702208061,7.339181088238685,20647100
2020-03-26,8.393914222717285,8.48913322847018,7.068173540800019,7.302559054392472,22494500
2020-03-27,8.203475952148438,8.562377863521759,7.837249340905009,7.851898740645223,20794800
2020-03-30,7.903171062469482,8.232774907073226,7.602865321863361,8.086284387085106,15175400
2020-03-31,7.595539569854736,7.954441468776708,7.4124262705857555,7.822600368297866,15997000
2020-04-01,6.921681880950928,7.119444559688652,6.84843698767608,7.053523666776077,14533700
2020-04-02,6.943655967712402,7.339181364413748,6.701946468742781,6.892384467483028,14255200
2020-04-03,6.643351078033447,7.090148029382039,6.562781468071156,6.8850606064422095,11898600
2020-04-06,7.287908554077148,7.3904522444524545,6.95830478300746,7.178040863227833,13435800
2020-04-07,7.654134750366211,8.086282190851371,7.551591763486145,7.917818313250286,19699300
2020-04-08,8.298697471618652,8.393916503241389,7.7420326860651265,7.8299270155964145,13998100
2020-04-09,8.79676342010498,9.06044633024291,8.577027312395792,8.752815919154411,20269900
2020-04-13,8.46716022491455,8.855360267763494,8.320669010083812,8.833386864947636,9937500
2020-04-14,8.159528732299805,8.716192622018603,7.983739437024711,8.650272422127456,11881600
2020-04-15,7.551592826843262,7.793302327841528,7.507645327333664,7.610189027174854,13975700
2020-04-16,7.13409423828125,7.6175132546400866,7.024226534025816,7.580891152236161,15631500
2020-04-17,7.917817115783691,7.998386693078889,7.4929937396663115,7.522292529797223,20448200
2020-04-20,8.005712509155273,8.327991561885915,7.529617580832883,7.588213772238454,15870100
2020-04-21,7.558917999267578,7.939794058962477,7.544269296175729,7.602865505586958,16088800
2020-04-22,7.492995262145996,7.888520627019704,7.463697164583693,7.771327538248747,14957800
2020-04-23,7.785976409912109,7.866545998131019,7.5003194541004685,7.5808897408410765,15754700
2020-04-24,7.983738422393799,8.100931503857387,7.8079498479809715,7.895844135187385,12073100
2020-04-27,8.503780364990234,8.555052557741426,8.0496595201131,8.0496595201131,13598800
2020-04-28,8.664920806884766,9.067770183657721,8.61364930933027,8.943253090863866,12635500
2020-04-29,8.972553253173828,9.184964690001964,8.848036131737825,9.09707037460983,10844800
2020-04-30,8.533080101013184,8.760140916339692,8.401238990731139,8.642948507857051,9352600
2020-05-01,8.108256340026855,8.298694331206317,7.976415244882575,8.247422833012529,7417700
2020-05-04,7.837249279022217,7.925143581204009,7.661460674658633,7.793302477192231,11397400
2020-05-05,7.785976409912109,8.188825748050055,7.771327012860472,8.049659270146295,9655900
2020-05-06,7.588213920593262,7.976414569396885,7.43439874051602,7.881195581870811,12918900
2020-05-07,7.881197929382324,8.122907470282469,7.698084598486946,7.720058002608253,11804100
2020-05-08,8.262070655822754,8.284044751448294,7.99838779501156,8.108255479052467,9225700
2020-05-11,7.837249279022217,8.093608184277143,7.727381575925432,8.07163478336215,8511700
2020-05-12,7.449049949645996,8.056986119115702,7.4417252491651835,7.89584620114726,11504700
2020-05-13,7.075499057769775,7.427077019487305,6.994929442917933,7.375804811379833,15763600
2020-05-14,7.265935897827148,7.331856798479256,6.628701689059796,6.870411192436316,18563800
2020-05-15,7.119444847106934,7.33185623366617,7.031550552515707,7.163391645141666,10252400
2020-05-18,7.844573020935059,7.895844516316562,7.492995156617182,7.551592049438274,9910700
2020-05-19,7.478346347808838,7.793301411447762,7.463696950187621,7.734705218006342,7718900
2020-05-20,7.866547107696533,7.91049460652848,7.624837610425318,7.676109110294425,10154400
2020-05-21,7.844573020935059,8.020361603833129,7.785976826635702,7.81527492378538,9365000
2020-05-22,7.866547107696533,7.9617661063975875,7.668785109257264,7.888521206373405,9706900
2020-05-26,8.686896324157715,8.833387550355122,8.335319057736584,8.386590567792515,12681600
2020-05-27,9.331454277038574,9.390050481406018,8.862684642099026,9.184963766119965,13175400
2020-05-28,8.855360984802246,9.543866816464703,8.811413477090118,9.521893411869607,10332900
2020-05-29,8.679571151733398,8.826061659663202,8.503781843695792,8.657597051652546,15634800
2020-06-01,8.81722354888916,8.906511800598423,8.62376531538578,8.742816317664799,8024500
2020-06-02,8.91395378112793,9.122293787372723,8.809784487605624,8.973480004055078,7513500
2020-06-03,9.360392570495605,9.464562537224753,9.107408872438993,9.159494210603489,16029800
2020-06-04,10.0672607421875,10.08214247369111,9.263665690592934,9.36783568231816,15875800
2020-06-05,10.83365249633789,11.399144790828062,10.692278890515356,11.0643136495852,24089200
2020-06-08,11.31729793548584,11.369382577151317,10.863415763372346,11.205687786316954,14806500
2020-06-09,11.004785537719727,11.287531972778359,10.66251361208031,10.78900545696443,24688800
2020-06-10,10.327683448791504,10.900616522883313,10.275598817401306,10.900616522883313,25464000
2020-06-11,9.44968318939209,9.8217179662154,9.278547532661378,9.390157681868363,19858600
2020-06-12,9.836600303649902,10.0598213254102,9.449683771318709,10.044939592812815,15234700
2020-06-15,9.948208808898926,10.037497060866311,9.21158019796803,9.285986719807543,15870300
2020-06-16,10.20863151550293,10.528580848297972,9.948206963376906,10.506258966847112,16009500
2020-06-17,10.03005599975586,10.275599574866737,10.000293249681803,10.260717845029742,10680700
2020-06-18,10.104461669921875,10.208631633900389,9.762189742106562,9.903563315334532,12793700
2020-06-19,9.933327674865723,10.34256531430668,9.68034394238226,10.34256531430668,23224200
2020-06-22,9.963091850280762,10.074702002529147,9.739870836183949,9.791955479286523,7391300
2020-06-23,9.933327674865723,10.283039813675272,9.9184459449079,10.15654794743354,9958900
2020-06-24,9.293428421020508,9.77707404969172,9.278547399153709,9.717548543024495,10606400
2020-06-25,9.605936050415039,9.62825793421495,9.129732078150864,9.211579458483795,7269400
2020-06-26,8.75025749206543,9.375275985727242,8.75025749206543,9.278546865555773,15776200
2020-06-29,8.832103729248047,9.003240060945293,8.668408261885439,8.899070089060018,15321400
2020-06-30,9.062769889831543,9.122295413771305,8.646090512652988,8.742819666455157,13704400
2020-07-01,8.698172569274902,9.107410956261148,8.608884310048813,9.099970090592306,12865100
2020-07-02,8.713053703308105,9.085088446046113,8.631206315361728,9.003241058099736,14911700
2020-07-06,8.891629219055176,9.137172065142567,8.75025634478663,8.966036443154334,7342600
2020-07-07,8.5195951461792,8.84698610484456,8.482391531385417,8.772578875256997,7305300
2020-07-08,8.631206512451172,8.683291150551833,8.393103789133916,8.482392044277896,7519200
2020-07-09,8.207084655761719,8.579119327314288,8.147559165081294,8.541915718239066,8606500
2020-07-10,8.594003677368164,8.60144454337386,8.08059527657576,8.102917874592848,10252400
2020-07-13,8.75025749206543,8.906512115480883,8.49727374847851,8.787461108992913,9782400
2020-07-14,8.474950790405273,8.727933792399561,8.400543565959971,8.698171044541416,8854100
2020-07-15,8.921392440795898,8.95859605482222,8.653527697086234,8.780019559015777,13127100
2020-07-16,8.91395378112793,9.099971187675006,8.720496217615038,8.77258086437619,8019200
2020-07-17,8.698172569274902,8.943716169146654,8.675850681868381,8.884189953395921,8349500
2020-07-20,8.527036666870117,8.757698528651764,8.51215493596808,8.675850427890541,8021600
2020-07-21,9.033004760742188,9.033004760742188,8.59400360452753,8.59400360452753,26050400
2020-07-22,8.906512260437012,9.025563268862571,8.720494882372078,8.75025763447847,13285800
2020-07-23,9.233901977539062,9.2934274781672,8.854426378834733,8.928833609419874,9238900
2020-07-24,9.114852905273438,9.397599447895155,9.092531015213854,9.2711075548907,8283000
2020-07-27,8.99580192565918,9.099971219546322,8.913953812347746,9.047886572602751,10738500
2020-07-28,8.921392440795898,9.077647052026515,8.90651142094532,8.94371503497164,5918600
2020-07-29,9.345512390136719,9.352952545170337,8.846985813288985,8.891629581890326,11284400
2020-07-30,9.085086822509766,9.099967840568018,8.794899519575607,9.047883212964386,7586800
2020-07-31,8.936275482177734,9.025563743189332,8.809783601677964,9.018122877371693,8889100
2020-08-03,8.951155662536621,9.047884780270428,8.854426544802815,8.928833776782652,5826400
2020-08-04,8.988357543945312,9.033002016437676,8.891628444878375,8.95115393513498,10166700
2020-08-05,9.13717269897461,9.152054428666716,8.995799814899238,9.085088064252094,5104100
2020-08-06,9.062769889831543,9.189261805603593,8.980921762214205,9.040447286153968,7753500
2020-08-07,9.32319164276123,9.345514241082961,8.8916313429418,8.980919607428573,7019400
2020-08-10,9.457122802734375,9.620818281544864,9.330630938598988,9.352952823564078,5431700
2020-08-11,9.732428550720215,10.052378647916044,9.672903050255867,9.81427593645871,7375100
2020-08-12,9.591056823730469,10.022617109057052,9.427361322868656,9.97053175765555,6995100
2020-08-13,9.397598266601562,9.55385289657736,9.352953782494192,9.427361019473143,5107600
2020-08-14,9.486884117126465,9.591054080535162,9.27110403617974,9.300866781496534,4271900
2020-08-17,9.256224632263184,9.449682880185083,9.233902745072195,9.419920127397098,8521600
2020-08-18,9.05532455444336,9.27110464966872,9.010680078714033,9.27110464966872,4624700
2020-08-19,9.05532455444336,9.233901038160926,9.00323992409237,9.092528165951153,5379300
2020-08-20,8.921392440795898,8.980917939398045,8.832104192892677,8.921392440795898,8017600
2020-08-21,8.891629219055176,8.99579919087402,8.817222704555897,8.854425607005597,10263000
2020-08-24,9.219018936157227,9.226459089904733,8.846984283990103,8.928831652010949,8550300
2020-08-25,9.308311462402344,9.472006273973207,9.137175074450845,9.367836977446315,8896300
2020-08-26,9.122291564941406,9.248783427344666,9.099968970682063,9.233901697838437,11753300
2020-08-27,9.427360534667969,9.464564151244238,9.077647674210999,9.152054907363533,12963400
2020-08-28,9.501769065856934,9.55385371041901,9.419920956287884,9.49432819960519,9398800
2020-08-31,9.301689147949219,9.505541452343087,9.29413962262543,9.47534119095485,15158700
2020-09-01,9.460240364074707,9.520640884704843,9.16578800601055,9.203537791381132,10700800
2020-09-02,9.59614372253418,9.63389423512315,9.377191613555524,9.452692638733463,9088000
2020-09-03,9.535744667053223,9.981199200515007,9.445143854828475,9.67164624540597,11518600
2020-09-04,9.732046127319336,9.920797986669765,9.497993504911076,9.79999619185928,8333600
2020-09-08,9.452692985534668,9.588593827797304,9.362091463984688,9.528193293451428,9521000
2020-09-09,9.475340843200684,9.573491869117971,9.377189817283394,9.52064087360497,5711600
2020-09-10,9.279040336608887,9.686744278297592,9.271490090273826,9.565943217061104,7749100
2020-09-11,9.331892013549805,9.414943295567502,9.188440911931133,9.271491473917603,8370700
2020-09-14,9.671645164489746,9.709394958674318,9.399842038161337,9.43759255237708,9339400
2020-09-15,9.460240364074707,9.70184316662625,9.43004010375964,9.671642906311183,6396300
2020-09-16,9.59614372253418,9.799995338464793,9.39984163309645,9.47534265827439,7553000
2020-09-17,9.573494911193848,9.641445698423334,9.38474304445915,9.43759333673487,8759000
2020-09-18,9.550844192504883,9.626345227398936,9.46779363014641,9.505544147593437,12371500
2020-09-21,9.097838401794434,9.399841043501107,9.014787135301779,9.294140478919319,8630700
2020-09-22,8.863784790039062,9.173337642020392,8.803384268678364,9.097837350335025,10851200
2020-09-23,8.712782859802246,9.097836695797525,8.705232615167603,8.93928515862482,6891800
2020-09-24,8.720335006713867,8.93928710866459,8.55423318867263,8.735434779246098,6403900
2020-09-25,8.84113597869873,8.88643673590472,8.584433367937379,8.629734125143367,5415200
2020-09-28,9.158239364624023,9.203539403013618,8.99968779019819,9.014787562984345,7616600
2020-09-29,8.93173885345459,9.128040980351264,8.758087470452264,9.128040980351264,6785100
2020-09-30,9.007237434387207,9.143138260500852,8.916636643634417,9.007237434387207,10530500
2020-10-01,8.999688148498535,9.120489215721685,8.871336834566149,9.037438662013558,7231200
2020-10-02,9.226190567016602,9.31679136799821,8.758086068596045,8.82603612930888,8707200
2020-10-05,9.633893013000488,9.648992784101887,9.301689408397136,9.362089932864828,6938500
2020-10-06,9.513092994689941,9.973647223659155,9.475342482800077,9.78489538424095,9601500
2020-10-07,9.935894966125488,10.064246251982237,9.656542379269919,9.656542379269919,9168000
2020-10-08,10.049149513244629,10.117099579168128,9.860397650050961,9.988748254593936,7031600
2020-10-09,9.905695915222168,10.124648008408082,9.845295387448887,10.109548236480306,4367700
2020-10-12,10.03404712677002,10.0793478822093,9.88304580869089,9.920796318218443,5037600
2020-10-13,9.671645164489746,9.973647838153344,9.618794156575238,9.943447570786985,7050200
2020-10-14,9.565943717956543,9.807545853080377,9.558393471226134,9.68674478551846,4931800
2020-10-15,9.799994468688965,9.807544714542882,9.437591308073845,9.460241325604521,4552800
2020-10-16,9.762245178222656,9.822645708077632,9.55839284993878,9.792445443150145,5556600
2020-10-19,9.648992538452148,9.898144875546073,9.633892767735167,9.807544091151103,4625700
2020-10-20,9.875496864318848,10.064248716802055,9.762246040841395,9.815096329126716,8018500
2020-10-21,9.377192497253418,9.64144539024801,9.27904144328489,9.437593035075404,13325800
2020-10-22,9.875496864318848,9.898146885008105,9.354542068278917,9.422492130346683,8289700
2020-10-23,10.154850006103516,10.18505027514646,9.9207981010285,9.996298413620258,9689200
2020-10-26,9.815095901489258,9.988747252592965,9.709394609492778,9.883046680627627,8580700
2020-10-27,9.535744667053223,9.792447328372301,9.528194419360014,9.747146562244302,5671500
2020-10-28,9.362092971801758,9.528194828020125,9.150691067543741,9.324343171779145,7233000
2020-10-29,9.626346588134766,9.709397162232884,9.203542029018589,9.301693100242547,7154100
2020-10-30,9.799994468688965,9.807544714542882,9.467791571458438,9.558392361612219,6659500
2020-11-02,10.139749526977539,10.207700307610006,9.716945069726163,9.913247164879701,9870500
2020-11-03,10.396451950073242,10.524802542020616,10.298300904440778,10.381351456884643,6904600
2020-11-04,9.467791557312012,10.071797544132469,9.467791557312012,10.071797544132469,11274400
2020-11-05,9.935894966125488,10.049146481897855,9.520640848355479,9.52819109341317,8837800
2020-11-06,9.679193496704102,10.237899454073151,9.679193496704102,10.071797644042835,21146200
2020-11-09,11.476113319396973,11.627114668330243,10.736206349608334,10.743755877031576,16639200
2020-11-10,11.740368843078613,11.770569119612592,11.287363975037543,11.596916989518673,13058200
2020-11-11,11.340211868286133,11.785665644177374,11.242060816639563,11.763015623037763,8948500
2020-11-12,10.93250846862793,11.181661610939312,10.766407333795376,11.15901086707292,7294400
2020-11-13,11.226960182189941,11.279810470865476,11.030658081350557,11.083509090057273,6393200
2020-11-16,11.929118156433105,11.959318426397493,11.649765479254706,11.778116806611163,9243300
2020-11-17,11.830965995788574,11.9215667972331,11.468562069979304,11.664864166458027,6341900
2020-11-18,11.710163116455078,12.095217003076863,11.702612870827737,11.91401470817593,5893200
2020-11-19,11.793216705322266,11.815866728025412,11.445913237071979,11.57426456577521,4796800
2020-11-20,11.574260711669922,11.7177124877615,11.461009915834255,11.702611997633543,5507800
2020-11-23,11.823416709899902,12.004618327515471,11.695065384081067,11.808316935114217,6739800
2020-11-24,12.64637279510498,12.653923041222955,12.148068071816267,12.178267616225964,7953100
2020-11-25,12.465171813964844,12.50292160632624,12.253769232579128,12.419871775118716,5478800
2020-11-27,12.329269409179688,12.525571484091458,12.185817615962977,12.404770428770702,4249600
2020-11-30,11.80616283416748,12.355997269627483,11.745070200036551,12.233812001365626,12859800
2020-12-01,12.096355438232422,12.310180425352756,12.0658091155412,12.142174558128364,9903300
2020-12-02,12.1803560256958,12.348361142322977,11.935985476624767,12.012350909068623,14050900
2020-12-03,12.187993049621582,12.302542293174158,12.050534248671173,12.226176130805774,12530300
2020-12-04,12.310178756713867,12.45527285947751,12.187992754229453,12.310178756713867,12094900
2020-12-07,12.119263648986816,12.203265844965573,11.943622495136225,12.195629811354193,9526000
2020-12-08,12.187993049621582,12.264358483708268,11.958895290798132,12.027624691273337,12191000
2020-12-09,12.256720542907715,12.508727834889788,12.180355116166206,12.37127050372405,9309300
2020-12-10,12.279630661010742,12.340723292893852,12.012349850310928,12.203264507016048,9879900
2020-12-11,12.096355438232422,12.21090396625406,11.966533384724283,12.08108191274592,5691000
2020-12-14,11.78325366973877,12.317813871995325,11.745070590068538,12.317813871995325,7164200
2020-12-15,11.981804847717285,11.989441609610159,11.699251212216273,11.928348971030573,22412600
2020-12-16,12.035261154174805,12.042897915878262,11.851983242981891,12.042897915878262,8907500
2020-12-17,11.897804260253906,12.042899842707767,11.745072643156524,12.019989553931811,6690500
2020-12-18,11.775617599487305,11.958895518726537,11.645795557955752,11.935985960892062,16984000
2020-12-21,12.02762508392334,12.1574471272187,11.676342036467961,11.928349360916197,10821000
2020-12-22,12.01998519897461,12.165080728858953,12.01998519897461,12.065805031643754,8066400
2020-12-23,12.470545768737793,12.53927516416243,12.15744583694258,12.18035539265691,5907100
2020-12-24,12.363635063171387,12.52400269494251,12.195629941144208,12.508729170993808,2250900
2020-12-28,12.409454345703125,12.615642552099262,12.35599846772563,12.478183747835171,4224200
2020-12-29,12.195627212524414,12.455270507025018,12.180353691992973,12.432361682790944,4671800
2020-12-30,12.409454345703125,12.46291022368062,12.203266139306987,12.226176425538814,5757800
2020-12-31,12.53164005279541,12.554550339807845,12.294906246587521,12.394181243847772,4131200
2021-01-04,12.4399995803833,12.661459822083842,12.24144816501127,12.661459822083842,8488000
2021-01-05,12.638550758361816,12.798919840947411,12.363634619957507,12.455272847237824,5927700
2021-01-06,13.8680419921875,13.982590506838857,13.058564171212732,13.180749447715964,16270000
2021-01-07,14.120047569274902,14.364418092206401,14.08950198219007,14.120047569274902,8182400
2021-01-08,13.9291353225708,14.104776484201295,13.684764757421684,14.089504416302072,6472500
2021-01-11,14.112410545349121,14.127684066888488,13.600759226285767,13.745854767783394,5397900
2021-01-12,14.3873291015625,14.478967324008318,14.112411521098476,14.234596788735091,6267600
2021-01-13,14.349149703979492,14.417877656673012,14.142961476208178,14.280420294722386,5640300
2021-01-14,14.456062316894531,14.677522626798638,14.38733290361582,14.471335843526171,9962800
2021-01-15,14.05895709991455,14.310964422500742,13.898589465797627,14.158233550469877,11254100
2021-01-19,14.16586685180664,14.188777134823471,13.952043369902475,14.13532126434743,5676500
2021-01-20,13.96731948852539,14.112413604916195,13.829860677996418,14.081868011778369,5875400
2021-01-21,13.860404968261719,14.417875463837438,13.829859377995165,13.974953480747182,11935000
2021-01-22,13.898589134216309,14.005500887743644,13.631308293834572,13.722946523554173,5855800
2021-01-25,13.577851295471191,13.761129196334107,13.34111606569706,13.761129196334107,9622400
2021-01-26,13.333478927612305,13.806947917216789,13.325843623118331,13.738218524265118,8245100
2021-01-27,12.76837158203125,13.096745021166857,12.745462755667608,13.012743563561468,11048800
2021-01-28,13.226568222045898,13.310571143692393,12.913468276989594,13.03565355034994,9009200
2021-01-29,12.875287055969238,13.318209074938252,12.783647364619608,13.150203216891175,9279700
2021-02-01,13.10438346862793,13.14256582185674,12.860012912211353,12.99747171433653,6595500
2021-02-02,13.493851661682129,13.654219317750492,13.272389900562615,13.32584724248237,6574600
2021-02-03,13.799312591552734,13.806949353404317,13.501486162157994,13.516759685861157,7839500
2021-02-04,14.28805160522461,14.440783906763562,13.86040320010399,13.86040320010399,8881000
2021-02-05,14.181140899658203,14.517151113548246,14.150595311066352,14.448421718512481,5407800
2021-02-08,14.448421478271484,14.448421478271484,14.196414186185022,14.204050947346825,4407400
2021-02-09,14.463692665100098,14.494238248251765,14.280414796501018,14.379689762447718,5278200
2021-02-10,14.478968620300293,14.677520062126783,14.425512742993817,14.532425954170183,6086300
2021-02-11,14.379693984985352,14.547698383060881,14.089504305297902,14.440786625791313,4505600
2021-02-12,14.562970161437988,14.677518667145428,14.333873150023107,14.402602544760226,4066400
2021-02-16,15.11280632019043,15.173898957717848,14.730976971503212,14.79970491422861,7520600
2021-02-17,15.059348106384277,15.227353942173238,14.87607020452992,15.059348106384277,6683700
2021-02-18,14.876073837280273,14.97535030204684,14.677522364310787,14.906620889997262,6315100
2021-02-19,15.387722969055176,15.46408913262775,14.975348016264748,14.975348016264748,8467000
2021-02-22,15.647364616394043,15.761913115646424,15.349538227025215,15.349538227025215,7448300
2021-02-23,15.845916748046875,15.907009380861153,15.5328168228033,15.830643225702492,7514300
2021-02-24,16.44920539855957,16.46447746213749,15.922280606200449,15.960462949989827,9459200
2021-02-25,15.792458534240723,16.65539202683197,15.71609239040785,16.617209683197053,9252400
2021-02-26,15.380086898803711,15.754279514919913,15.24262808950317,15.593911875111607,9586300
2021-03-01,15.985116004943848,16.085312831246732,15.692236027428402,15.738479924916737,6481900
2021-03-02,15.915745735168457,16.09301519284698,15.869501848397245,15.900330616222503,5746900
2021-03-03,15.908041954040527,16.47838825990486,15.892628301500304,16.02365390352772,7689500
2021-03-04,15.599742889404297,16.09301492699285,15.222081301867231,15.846378908198574,9735400
2021-03-05,15.923455238342285,16.12384739890066,15.299157545492578,16.046773264829465,12799900
2021-03-08,16.35506820678711,16.609411818242858,15.985114130136354,16.17009116846173,12809200
2021-03-09,15.769305229187012,16.108430499618994,15.568914560819636,16.085309290997117,10897700
2021-03-10,16.308828353881836,16.308828353881836,15.715359290146752,15.777018318192788,11770700
2021-03-11,16.262582778930664,16.38590082234837,16.077605713804104,16.154678388389893,7386200
2021-03-12,16.409019470214844,16.632532817650958,16.30111510621809,16.51692236414492,9054400
2021-03-15,16.085309982299805,16.46297159671022,15.854087595677054,16.37818990794187,13783100
2021-03-16,15.653696060180664,16.031357689345356,15.53808559738605,16.031357689345356,16128200
2021-03-17,15.707647323608398,16.054480177910722,15.553500531748192,15.931162156395846,11510900
2021-03-18,15.969696998596191,16.462970508753326,15.861794107343055,16.00823479551991,13549500
2021-03-19,15.715362548828125,15.938877490634253,15.422482472395687,15.730777676552856,34834600
2021-03-22,15.353107452392578,15.676817606843224,15.168130431287448,15.64598736829236,10595600
2021-03-23,14.8444242477417,15.306867659242144,14.829009124342699,15.160426927085801,12764400
2021-03-24,14.8444242477417,15.360819121071565,14.836716686042198,15.145011803686803,10270800
2021-03-25,15.329988479614258,15.422477747560112,14.644031676756086,14.759642159138119,13003800
2021-03-26,15.530380249023438,15.676820973454952,15.276036606625016,15.568918055488046,11749000
2021-03-29,15.01398754119873,15.322282686487442,14.805887766853647,15.291453906992176,12310800
2021-03-30,15.484139442443848,15.576627256288322,15.191257935112652,15.191257935112652,10257900
2021-03-31,15.3993558883667,15.653699551265232,15.353111986948909,15.468722475526947,12576300
2021-04-01,15.622865676879883,15.66910956321109,15.306863091827779,15.353106978158987,9114000
2021-04-05,15.638282775878906,15.977406612004897,15.514963279935934,15.85408858612875,6661300
2021-04-06,15.66140365600586,15.7153551074283,15.430182729890602,15.584329523945176,6868300
2021-04-07,15.830967903137207,15.838673993703042,15.5997454943565,15.730771084978837,7573200
2021-04-08,15.66911506652832,15.715358969101343,15.345404808382838,15.599748477635206,9500600
2021-04-09,15.884922981262207,16.054484943662708,15.769311015464329,15.877215418871202,9630900
2021-04-12,16.062191009521484,16.085313694540137,15.915750277870838,15.977409301186835,5648700
2021-04-13,15.784722328186035,16.008237173344035,15.59203772514646,15.977406931225612,7421800
2021-04-14,16.031360626220703,16.177801356623473,15.692236735906059,15.692236735906059,7120100
2021-04-15,15.877209663391113,16.069894243116572,15.584328278971077,16.069894243116572,9358900
2021-04-16,15.93886661529541,16.177795051734158,15.892622733741636,16.077599730023227,7957600
2021-04-19,15.738483428955078,16.15468153914702,15.692239521170935,16.01594981579459,9297600
2021-04-20,15.291446685791016,15.707644567869545,15.222080127100174,15.56891292055438,12741800
2021-04-21,15.75389575958252,15.78472453594601,15.091060161996245,15.206670645976695,7804200
2021-04-22,15.422480583190918,15.800142345779523,15.414773020272705,15.784727219943095,8462600
2021-04-23,16.008235931396484,16.093016150511033,15.322277798147988,15.453303376852375,11988200
2021-04-26,16.393604278564453,16.547751059201918,16.20091970021762,16.21633481930137,12438100
2021-04-27,16.5323429107666,16.55546412701836,16.331950706204122,16.447561197664395,8168200
2021-04-28,16.609411239624023,16.68648537042462,16.4552644480896,16.57858246934385,6183900
2021-04-29,17.002487182617188,17.04102498123526,16.771266271175566,16.856047958068622,7068500
2021-04-30,16.771265029907227,17.05643736824138,16.76355747075406,16.909998154531017,7420200
2021-05-03,16.956249237060547,17.0795672957247,16.74044189936467,16.956249237060547,5854500
2021-05-04,17.26453971862793,17.26453971862793,16.74043737589063,16.886878082259418,11013200
2021-05-05,17.51117515563965,17.572834166149878,17.056439401851666,17.295369353887228,9537800
2021-05-06,17.64220428466797,17.64991184629012,17.264542585584806,17.588252823379953,5294100
2021-05-07,17.78093147277832,17.78863903180789,17.241415571307545,17.279951896388823,7003700
2021-05-10,17.696149826049805,18.066105309816397,17.696149826049805,17.927372187162245,6686600
2021-05-11,17.5342960357666,17.958201505747496,17.403270468125243,17.549711154328318,8471600
2021-05-12,17.17205238342285,17.919668115355552,17.118099459617234,17.819472768421694,7340100
2021-05-13,17.719276428222656,17.8271793386037,17.033319692114212,17.064148465051552,8582800
2021-05-14,18.02757453918457,18.073819911466877,17.703864283544153,17.78093843394752,7187900
2021-05-17,18.12776756286621,18.15088877407707,17.8425937073753,17.935082962419248,5164800
2021-05-18,17.773223876953125,18.227959568290338,17.76551631793951,18.120056682232885,5807900
2021-05-19,17.649913787841797,17.673036475251834,17.318495951967382,17.611377445558958,6922400
2021-05-20,17.595958709716797,17.726984304684535,17.38015141504437,17.634495044091516,4949200
2021-05-21,17.819473266601562,17.981327632342815,17.673032552311692,17.703861325281355,5861800
2021-05-24,17.757814407348633,17.91196121369144,17.665325147489416,17.896546092037084,6449300
2021-05-25,17.472640991210938,18.073817520756098,17.441810747100796,17.796351204032646,5525300
2021-05-26,17.65761947631836,17.70386337616337,17.41098338372221,17.511178745064246,4989600
2021-05-27,17.935081481933594,17.98132537060486,17.780933226273753,17.896543682985275,7545300
2021-05-28,17.90012550354004,17.970046502709593,17.635974237884298,17.95450932614304,5004400
2021-06-01,17.977811813354492,18.179809882047515,17.915658675437232,18.08658091609547,5603400
2021-06-02,17.837966918945312,17.985581177492637,17.698123469732145,17.985581177492637,6014200
2021-06-03,17.869043350219727,18.04773342807849,17.760275734453106,17.79912088812758,6518200
2021-06-04,17.65927505493164,17.845734450296824,17.488354312975442,17.845734450296824,4688300
2021-06-07,17.667043685913086,17.775811291797652,17.60489055657226,17.72142748885537,5325500
2021-06-08,17.667043685913086,17.744735468050987,17.30966356266523,17.519429448035822,6772200
2021-06-09,17.294130325317383,17.50389775822162,17.239746505345458,17.472820442895976,4466500
2021-06-10,16.905668258666992,17.60489136637656,16.905668258666992,17.581583386108804,5055500
2021-06-11,17.045515060424805,17.162052010947974,16.921208782287064,16.93674595566849,5375500
2021-06-14,16.72698211669922,17.061054354566142,16.563829180208018,17.022209193512378,6252300
2021-06-15,16.859052658081055,17.00666541107784,16.65705462141194,16.73474640195352,5561100
2021-06-16,16.983362197875977,17.068821839332283,16.50944357860475,16.734749637552625,8570800
2021-06-17,15.934526443481445,17.193127883289268,15.895679805309767,17.13097474406231,8093100
2021-06-18,15.483915328979492,15.763605187670409,15.367378381807505,15.57714429397801,14814000
2021-06-21,15.996678352355957,16.012217006429506,15.600451564566193,15.647066044939221,5340100
2021-06-22,15.973372459411621,16.097678744555072,15.763606529386925,15.988911115516505,7639400
2021-06-23,16.004446029663086,16.175366761310844,15.996676703427172,16.058829831467033,6711500
2021-06-24,16.268604278564453,16.330757433669312,15.950069173421028,16.07437548363075,9626200
2021-06-25,16.517215728759766,16.556060892255132,16.229756480610845,16.32298694758693,7307200
2021-06-28,16.0588321685791,16.423981663724167,15.96560172202734,16.423981663724167,8846900
2021-06-29,15.94229793548584,16.299678164097834,15.849067473064316,16.175371868767755,7832200
2021-06-30,16.043292999267578,16.128754115711608,15.880141575344572,15.918986729084061,5819600
2021-07-01,16.229753494262695,16.291906633527624,16.051063404106994,16.190908337915012,6113700
2021-07-02,16.09767723083496,16.24529148625506,16.01221759398978,16.221983504289465,4785300
2021-07-06,15.584916114807129,16.043296131288038,15.54607095348417,16.035526802653862,8271900
2021-07-07,15.468377113342285,15.670375185704014,15.367378818085282,15.41399330190792,7750300
2021-07-08,15.072150230407715,15.336301440661936,14.955613280436197,15.126534041604575,8973800
2021-07-09,15.670378684997559,15.70145452053617,15.297459767445883,15.445072579488388,7741100
2021-07-12,15.864608764648438,15.911223262675243,15.30523034278226,15.445073836862674,6110000
2021-07-13,15.59268569946289,15.872375607493847,15.47614873173264,15.872375607493847,5350300
2021-07-14,15.530527114868164,15.849062073359033,15.289683934951334,15.623757545526493,7470500
2021-07-15,15.662604331970215,15.794679924805033,15.30522418773928,15.382914492591167,6798900
2021-07-16,15.033307075500488,15.802452825913344,14.994460432440498,15.77137551146535,8612300
2021-07-19,14.365158081054688,14.769154234135451,14.256390455935925,14.644847953471793,14320900
2021-07-20,14.839073181152344,15.072147031629866,13.906774815547443,13.953389289273467,12614900
2021-07-21,15.07991886138916,15.274147596318798,14.994457743828873,15.00999639826668,11760500
2021-07-22,14.761387825012207,15.0255390941129,14.668157355156884,15.010000435495673,7286300
2021-07-23,14.839073181152344,15.173146786858222,14.769150729639605,14.955610106391104,7375000
2021-07-26,15.033307075500488,15.17315202682063,14.885692795568351,14.885692795568351,7462000
2021-07-27,15.041077613830566,15.180922576398103,14.753618359458626,14.846848828452995,7250400
2021-07-28,15.219764709472656,15.390685473098,14.924536184663372,15.134303586736115,9908300
2021-07-29,15.437300682067871,15.584913455384681,15.250839790361344,15.398454045525817,10000800
2021-07-30,15.274151802062988,15.592686896508555,15.18869066097094,15.344074284438655,8863200
2021-08-02,15.180919647216797,15.779143064547105,15.173150319479033,15.344071084166586,7933800
2021-08-03,15.546072959899902,15.59268745587322,14.994462410464548,15.297460338911392,7653400
2021-08-04,15.25084114074707,15.615992147336346,15.219765310609484,15.281918452732455,7512400
2021-08-05,15.460607528686523,15.53052999418183,15.351839907626138,15.359609235108694,5549800
2021-08-06,15.794685363769531,15.973375497417678,15.662609725453926,15.693687043574347,6153500
2021-08-09,15.693681716918945,15.903447615641937,15.538298142752387,15.685912390025859,6129300
2021-08-10,15.988911628723145,16.06660342989348,15.60045410471933,15.670376577587845,7416600
2021-08-11,16.221986770629883,16.253064086174845,15.833529217405674,16.019990146979506,6823500
2021-08-12,16.18313980102539,16.260831599364703,16.019988358175855,16.1909091290441,5301300
2021-08-13,16.066600799560547,16.307444010096027,15.988909011109474,16.276368183824165,5761100
2021-08-16,15.94229793548584,16.035526916059435,15.709222520355995,15.88791411650992,6031200
2021-08-17,15.70145034790039,15.895679084406913,15.476145784113609,15.763604966156231,5611400
2021-08-18,15.553841590881348,15.864607353157849,15.530533603017595,15.60822541404873,5857900
2021-08-19,15.336301803588867,15.52276122432532,15.204226195336243,15.367379114635485,5763400
2021-08-20,15.468377113342285,15.476146440954011,15.21976455715792,15.289687023815738,6086000
2021-08-23,15.662604331970215,15.748065445524384,15.553836719699508,15.608220525834861,4428000
2021-08-24,15.856833457946777,15.911217265454521,15.678143381322016,15.724757861778993,4603300
2021-08-25,16.198680877685547,16.299679193325705,15.841299144659093,15.926760283787857,4973100
2021-08-26,15.934526443481445,16.26860012251924,15.86460397662015,16.26860012251924,5157600
2021-08-27,16.229753494262695,16.268600132458108,15.911218470298971,15.934526453216218,4688400
2021-08-30,15.810392379760742,16.265029283049685,15.80255363202097,16.24151303983037,4268200
2021-08-31,15.927971839904785,16.0533888232829,15.771201358226325,15.841747103174187,6984700
2021-09-01,15.684977531433105,15.959327759146843,15.614430287304188,15.943650261542981,6946100
2021-09-02,15.771198272705078,15.927968723712532,15.62226507342313,15.669296059216556,5525600
2021-09-03,15.716327667236328,16.547216921315144,15.59874945055367,15.779036149139621,6050100
2021-09-07,15.708490371704102,15.98283904484126,15.700651624601878,15.763360106331534,5955700
2021-09-08,15.473333358764648,15.72416730051386,15.441979863590111,15.63010531990202,5085800
2021-09-09,15.653619766235352,15.802552976940605,15.371432334742687,15.441979566387904,4872700
2021-09-10,15.575235366821289,15.80255306273249,15.55171912444915,15.755522073076415,6625000
2021-09-13,16.241512298583984,16.27286728811206,15.692813437636367,15.779036668662195,13308200
2021-09-14,16.147449493408203,16.413960910398398,16.03770853076699,16.272866454922635,13302500
2021-09-15,16.46099090576172,16.5707303667053,16.225834490857476,16.241510488786542,11208300
2021-09-16,16.374767303466797,16.633439975497897,16.34341381038721,16.406122291634507,9390500
2021-09-17,16.27286720275879,16.602087115635836,16.210158719119743,16.39044542269598,14040200
2021-09-20,15.724166870117188,15.82606909059371,15.426301946215116,15.794714101189186,12057400
2021-09-21,15.622264862060547,15.87309877634926,15.520362649950718,15.841743789519139,8320200
2021-09-22,15.920135498046875,16.092584997575553,15.818234744306967,15.873104495942965,7159800
2021-09-23,16.437477111816406,16.570732832111506,16.061226193955513,16.13177342794046,8767200
2021-09-24,16.57073211669922,16.727504073250362,16.437476402157202,16.468831391502704,5767000
2021-09-27,17.1037540435791,17.189978764496168,16.766695401908496,16.82156513518732,8736000
2021-09-28,17.048887252807617,17.331076209903053,17.009695006583634,17.229173977579322,8352400
2021-09-29,17.23701286315918,17.299721354670133,16.978340148790455,17.10375713181236,6013100
2021-09-30,16.94698715209961,17.385946605666618,16.94698715209961,17.323238112299904,7711500
2021-10-01,17.511362075805664,17.636779051677195,17.072402660255307,17.095917408801043,9436100
2021-10-04,17.566232681274414,17.89545263292847,17.47217069228089,17.534879183306025,8231600
2021-10-05,17.793550491333008,17.9424822113332,17.54271505194103,17.730842005257074,7023500
2021-10-06,17.73868179321289,17.770036788276563,17.346753325447715,17.636781049432866,7767200
2021-10-07,17.793550491333008,18.0287069403457,17.644617276244574,17.879773725257266,10087800
2021-10-08,18.00519371032715,18.08357970481093,17.707328725394973,17.74652097509262,12401700
2021-10-11,17.911130905151367,18.256028368270602,17.895453407944032,18.146287382907687,5679800
2021-10-12,17.911130905151367,18.036547892633195,17.75435892325487,17.840583662806786,6940100
2021-10-13,17.77787208557129,17.89545030405602,17.370266199408608,17.78571083281536,7651400
2021-10-14,18.193317413330078,18.216833657892305,17.832743967239292,18.020869438472094,8952900
2021-10-15,18.04438591003418,18.459829103574798,17.95032242569028,18.40495936066101,9414800
2021-10-18,18.060060501098633,18.295216931493805,18.005189271924177,18.028705512998943,6793800
2021-10-19,18.18548011779785,18.21683361538599,17.997353151915675,18.146286376952258,6940500
2021-10-20,18.593080520629883,18.632274252966972,18.03654297723538,18.075735214484453,10598900
2021-10-21,18.640111923217773,19.259357907510445,18.48333999309693,18.812559850280355,9893700
2021-10-22,18.843917846679688,19.04771929529285,18.75769312182077,18.812562857608018,7746100
2021-10-25,18.867431640625,18.985009853529935,18.789045666992344,18.945817614257653,5525200
2021-10-26,18.726337432861328,18.906625623108898,18.671467699124808,18.906625623108898,6028000
2021-10-27,18.256025314331055,18.74201568575265,18.248186567038683,18.616598719251066,7458400
2021-10-28,18.420635223388672,18.459827466254207,18.279540756931578,18.318734494885344,4888800
2021-10-29,18.240346908569336,18.45198858962649,18.224669414767746,18.444149842725697,5218600
2021-11-01,18.506858825683594,18.54605106616434,18.365764367811888,18.428472849633966,3930600
2021-11-02,18.444150924682617,18.58524389190931,18.381442440885802,18.45982692431568,4948500
2021-11-03,18.773372650146484,18.883112133609472,18.271703236269254,18.334411726117867,6548100
2021-11-04,18.444150924682617,18.757693343666695,18.25602547329217,18.71066235459113,6157300
2021-11-05,18.56172752380371,18.757691705440003,18.436310567163527,18.655789493739817,5088500
2021-11-08,18.577407836914062,18.796886796803808,18.428474617640102,18.6714698211273,6969700
2021-11-09,18.585241317749023,18.608757556573767,18.3108926735669,18.365762402403323,6616800
2021-11-10,18.73417854309082,18.820403275604097,18.59308406991939,18.62443906177451,6988900
2021-11-11,18.96933364868164,19.0947506070954,18.70282223828039,18.70282223828039,6778900
2021-11-12,18.88311004638672,19.09475173689034,18.72633809154963,18.930141034802578,6491500
2021-11-15,18.74985694885254,19.000690915511964,18.64795621055529,18.969337417223723,7302900
2021-11-16,18.74985694885254,18.875273932182253,18.64795621055529,18.78121044714078,4228300
2021-11-17,18.585241317749023,18.796882981907785,18.491179352626006,18.734174506796446,4037700
2021-11-18,18.553892135620117,18.64795561767098,18.350089170416858,18.585245632911523,5779300
2021-11-19,18.31873321533203,18.514697406148176,18.07573654225656,18.287378227159145,7545900
2021-11-22,18.52253532409668,18.84391798407182,18.342248620884614,18.593082554934128,6189600
2021-11-23,18.789051055908203,18.83608355063011,18.561733311773065,18.69498905664143,4894700
2021-11-24,18.78120994567871,18.961498162603768,18.67930921010223,18.796887441948424,5113300
2021-11-26,17.9503173828125,18.185475280063915,17.589744033483456,18.185475280063915,8458800
2021-11-29,18.04914665222168,18.389100160524535,17.835687262180983,18.31004095962848,7676300
2021-11-30,17.74081802368164,17.938465278599885,17.614323901168273,17.796159013790128,16124800
2021-12-01,17.44038963317871,18.207261783825828,17.4245790021823,18.112390458204537,8518200
2021-12-02,18.04914665222168,18.175640770483835,17.495733753878127,17.63804001390526,8062800
2021-12-03,17.717100143432617,18.199359937039965,17.551077169984858,18.096582518109425,9779800
2021-12-06,18.230979919433594,18.468157498193236,17.914744655682753,18.057050901352802,8455400
2021-12-07,18.34956932067871,18.626275762530287,18.262605559129607,18.341664757934172,8759800
2021-12-08,18.262601852416992,18.547212799246367,18.262601852416992,18.357471665383954,6288800
2021-12-09,18.17563819885254,18.357473279635833,18.017521327360875,18.167732129088662,5810600
2021-12-10,18.191450119018555,18.34166242686363,17.962178622416673,18.317944217858006,5177100
2021-12-13,17.748720169067383,18.14401459147041,17.73290803026841,18.112390313872464,8929500
2021-12-14,17.993804931640625,18.19935824243299,17.756627338605384,17.811969832530416,7643900
2021-12-15,18.2705078125,18.744859890362225,18.03333026564041,18.744859890362225,11667900
2021-12-16,18.436532974243164,18.87926233764435,18.310038870414257,18.49978002615762,8581400
2021-12-17,17.796161651611328,18.381197431934304,17.772443434651127,18.302138216662744,19772200
2021-12-20,17.44829559326172,17.566883618598506,17.124154286974505,17.543166918288282,10854700
2021-12-21,17.938461303710938,18.025425051213485,17.67756704534619,17.685473114742525,6662200
2021-12-22,17.914743423461914,18.03333145072061,17.819873604826387,17.875214583685207,4748400
2021-12-23,17.977991104125977,18.2151686749132,17.914744053501774,18.04914422456928,4851200
2021-12-27,18.254697799682617,18.254697799682617,17.819874508376966,18.096579416701296,4040300
2021-12-28,18.333759307861328,18.41281850934206,18.136112058123928,18.136112058123928,3964000
2021-12-29,18.42072105407715,18.539310597269335,18.262604176368704,18.404910421856382,3667200
2021-12-30,18.333759307861328,18.626276393032526,18.317947165979415,18.507688344775858,3132300
2021-12-31,18.286319732666016,18.42071989965615,18.246790892698336,18.270509101436097,3397000
2022-01-03,18.642086029052734,18.82392111246602,18.51559192685839,18.53931013649307,6834300
2022-01-04,19.62241554260254,19.661945890921086,18.887167651092216,18.93460406907447,8397900
2022-01-05,19.503828048706055,19.97818168604506,19.495921978825397,19.76472232305321,10080400
2022-01-06,20.499971389770508,20.579030585102885,19.843782631990603,19.954464600698696,9425800
2022-01-07,20.832019805908203,20.91107900504357,20.444631388866565,20.555313362898804,11174500
2022-01-10,20.816204071044922,21.1403453744083,20.50787490636477,21.069192258262337,9951900
2022-01-11,20.895263671875,20.98222892843283,20.539498084073497,20.958510719936537,7982800
2022-01-12,20.871543884277344,21.053378945205896,20.74504979772457,20.95060306535494,10741600
2022-01-13,21.108726501464844,21.258937322897506,20.91107925522614,20.974326313705372,10551600
2022-01-14,21.353805541992188,21.361711611637084,20.563216672645993,20.745051750692753,9869500
2022-01-18,21.0296630859375,21.48029847576219,20.88735685590265,21.46448633732976,6643800
2022-01-19,20.231168746948242,21.0770985732903,20.231168746948242,21.029663664616244,10692100
2022-01-20,19.86749839782715,20.594840246302294,19.812157416083714,20.357664179422237,10669000
2022-01-21,19.598695755004883,20.128388767696336,19.495918373491342,19.772624736429165,13063000
2022-01-24,19.75681495666504,19.835874142354854,18.910885138019655,19.250838580935884,11456600
2022-01-25,19.6856632232666,19.85959374558863,19.07690941099681,19.59869947003424,7949800
2022-01-26,19.9544620513916,20.128391052559337,19.567073702475827,19.87540286615953,13971100
2022-01-27,19.717287063598633,20.38928791230432,19.574980824116416,20.08095722411664,9332300
2022-01-28,19.86749839782715,19.86749839782715,19.385240194113877,19.661946610759717,8776500
2022-01-31,19.81216049194336,19.930748543794312,19.385243203694145,19.622419307396054,8375500
2022-02-01,20.199542999267578,20.246979412418188,19.669848449180027,19.7884379741281,6372000
2022-02-02,20.405099868774414,20.44463022004655,20.073052457732057,20.16001772260204,5676700
2022-02-03,20.246978759765625,20.6659898402569,20.21535448535128,20.51577906057396,6388300
2022-02-04,20.68970489501953,20.83201109235401,20.27859843781508,20.35765760388181,6724500
2022-02-07,20.879453659057617,20.98223106507892,20.594841159833976,20.689712495551433,7508600
2022-02-08,21.306371688842773,21.369618741210363,21.021759199224274,21.290559548768705,11143500
2022-02-09,21.108726501464844,21.306373747703542,21.053384005857797,21.26684339369851,6496500
2022-02-10,20.990135192871094,21.424960003007723,20.887359296906403,21.116629299256264,8221500
2022-02-11,20.72924041748047,21.282653250714265,20.571123542219855,20.839923888884424,11342100
2022-02-14,20.48415756225586,20.92688690855837,20.310228553190594,20.808298879289843,8755800
2022-02-15,20.974323272705078,21.02966425235959,20.66599258788499,20.697616866503914,6272200
2022-02-16,21.037572860717773,21.20359581971609,20.760866421125133,20.792489195631525,5209000
2022-02-17,20.341854095458984,20.839925997347155,20.254890333042187,20.792489572833837,6181400
2022-02-18,20.27069854736328,20.5553110287602,20.19954542701405,20.278604617171933,7210700
2022-02-22,20.231168746948242,20.413003820139263,20.057239743190994,20.28650972505607,7548500
2022-02-23,19.503828048706055,20.444629253503408,19.408956718066793,20.357663992744808,8771800
2022-02-24,19.076908111572266,19.124344527844585,18.4049088015951,18.8555442006823,12517100
2022-02-25,20.00189971923828,20.03352400086607,19.203406211210286,19.242935055316277,8884300
2022-02-28,19.974014282226562,19.974014282226562,19.31272866068049,19.31272866068049,11545700
2022-03-01,18.316818237304688,19.73499785297058,18.197309069160383,19.695160450494797,14839300
2022-03-02,19.256959915161133,19.39240404608514,18.643477585702886,18.643477585702886,12759200
2022-03-03,19.248991012573242,19.408337573527035,18.906396970271583,19.23305605254958,10191800
2022-03-04,18.500062942504883,18.76298368066669,18.221208765394856,18.563801257221645,8838100
2022-03-07,17.623661041259766,18.388520798166184,17.61569356217017,18.300880047821853,13428000
2022-03-08,17.846744537353516,18.38055348401679,17.60772624108571,18.045926957457105,12318900
2022-03-09,18.57973861694336,18.810790987427232,18.428359530062252,18.531935254638295,7809000
2022-03-10,18.29291343688965,18.61957401650105,18.10966596805596,18.237142600256902,11670900
2022-03-11,18.261045455932617,18.890461151852012,18.237143016983264,18.508031246510505,7928500
2022-03-14,18.970134735107422,19.36849960618275,18.62754070284002,18.643475662396966,11074500
2022-03-15,18.994037628173828,19.248990908609755,18.715181907831496,19.09761182848539,6940200
2022-03-16,19.408340454101562,19.687194697695944,18.99404054984469,19.352569605382687,12916900
2022-03-17,19.22508430480957,19.22508430480957,18.762981204194386,18.994033514322524,7443500
2022-03-18,19.06574249267578,19.193219126638336,18.667377631632466,19.193219126638336,24007000
2022-03-21,19.033870697021484,19.408334602038654,18.898426596840185,19.13744640167605,6494300
2022-03-22,19.384435653686523,19.615488021305836,19.241024048907843,19.344599772199764,6197900
2022-03-23,18.739084243774414,19.360532481478877,18.691279364226833,19.19321996198657,5056000
2022-03-24,18.80282211303711,19.04184042648279,18.699246396140307,18.90639631029254,5844900
2022-03-25,19.033870697021484,19.1613473184108,18.755016537508098,18.842655764937508,6459700
2022-03-28,18.667377471923828,18.866559900741382,18.364619329122,18.866559900741382,6018300
2022-03-29,18.826725006103516,19.089645786310918,18.65941247308132,19.009974019905037,5608300
2022-03-30,18.33275032043457,18.842656834947693,18.17340377482858,18.818755916855693,8303100
2022-03-31,17.830808639526367,18.492094178641516,17.814875201684977,18.300879247774134,8962700
2022-04-01,17.25716209411621,18.125597433374445,17.169521356504877,18.01405578160804,14329300
2022-04-04,17.19342613220215,17.297000320144267,16.8667670907,17.225296048271257,8741400
2022-04-05,17.010177612304688,17.352771590463753,16.986275176744353,17.081883399344544,9276200
2022-04-06,16.667585372924805,16.978309469418473,16.6118145371071,16.882702756485635,10894900
2022-04-07,16.516206741333008,16.77912748831366,16.28515591260036,16.723356651020996,9634000
2022-04-08,16.548072814941406,16.74725519879104,16.452464602051545,16.731320243369233,10992700
2022-04-11,16.619783401489258,17.018148284404024,16.50824020091695,16.556045081008552,7571600
2022-04-12,16.332965850830078,16.811004179660813,16.213456648532883,16.59588670374069,9048500
2022-04-13,16.396697998046875,16.40466547780852,16.093941365311224,16.149712204001364,12789100
2022-04-14,16.317026138305664,16.50824111028094,16.253287814313904,16.41263438411406,9067900
2022-04-18,16.548072814941406,16.57197372843313,16.269217173623723,16.301085564826348,9049300
2022-04-19,17.07391929626465,17.137657617385184,16.57197868775415,16.63571700887469,12486100
2022-04-20,17.328868865966797,17.663495360026282,17.185457294278287,17.29699895241774,13951100
2022-04-21,16.795061111450195,17.63162664357699,16.659617008952967,16.890669338947564,16539300
2022-04-22,16.50027084350586,16.88270224251859,16.484337404929658,16.81896392929001,13425700
2022-04-25,16.436532974243164,16.49230532951073,15.9505288926133,16.372794659292953,15848300
2022-04-26,15.86288833618164,16.396697300367315,15.85492085675901,16.08597320109133,11212500
2022-04-27,15.823052406311035,16.038168271444412,15.743379131989892,15.89475820123593,11467400
2022-04-28,15.95849609375,16.078005242243208,15.743378714677466,15.990364490848929,8962800
2022-04-29,15.384852409362793,16.07004054132295,15.345016526191797,15.910693969355902,10362700
2022-05-02,15.512324333190918,15.576062638631312,15.153796934954103,15.448586027750524,10348400
2022-05-03,15.703539848327637,15.83101798371056,15.504357446275945,15.66370397577375,8193300
2022-05-04,16.157678604125977,16.20548195986031,15.599967215207405,15.671673008629543,10343100
2022-05-05,15.759313583374023,16.014266837279802,15.45655545462996,15.926626086384218,9991500
2022-05-06,15.568099021911621,15.767281446329275,15.289243323798646,15.75134648766195,8197000
2022-05-09,15.28127384185791,15.48045624017276,15.05818900867448,15.36094710511207,9018300
2022-05-10,15.074124336242676,15.5362274509203,14.827138581753205,15.520292493949073,12488300
2022-05-11,14.803239822387695,15.432657102284242,14.771371420172493,15.082095560067918,9088400
2022-05-12,14.763402938842773,14.95461789809537,14.460644780295103,14.771370418766809,12601100
2022-05-13,14.83510971069336,15.05022560417364,14.731533984534787,14.89884803462113,8640000
2022-05-16,14.763402938842773,14.930715458323265,14.61202385956894,14.859009658648366,7519000
2022-05-17,15.313142776489258,15.40078352112987,15.066157019350717,15.066157019350717,6574200
2022-05-18,14.747464179992676,15.201599781185735,14.651855965174706,15.145828955725678,7998000
2022-05-19,14.627957344055176,14.755433970699736,14.44470836356752,14.54031659337157,9430400
2022-05-20,14.596090316772461,14.8829135433181,14.285366167775724,14.691698565501527,9884200
2022-05-23,15.098029136657715,15.24940669267277,14.827140904279418,14.978518460294472,9014500
2022-05-24,15.177700996398926,15.233473354908078,14.667794447160626,15.066159318663393,13355300
2022-05-25,15.552163124084473,15.703540663358808,15.098027466979053,15.098027466979053,16263100
2022-05-26,15.870854377746582,15.942560166412578,15.639802054346996,15.639802054346996,15423800
2022-05-27,15.947293281555176,16.02775420164195,15.8185564232821,15.890971097893756,6529700
2022-05-31,16.059938430786133,16.188676829991483,15.649590634227408,15.697866574764115,22267600
2022-06-01,15.689817428588867,16.132350126811595,15.456480945576168,16.132350126811595,8022500
2022-06-02,16.027753829956055,16.059937276445783,15.625450773516057,15.754187628803706,5045400
2022-06-03,15.802464485168457,15.979478822484944,15.75418854529326,15.915110391096528,7764800
2022-06-06,15.818556785583496,16.08407675368612,15.79441804860528,15.979478629442728,6143800
2022-06-07,15.866830825805664,15.907062049287495,15.6013108894826,15.649588357660798,7363400
2022-06-08,15.544992446899414,15.730051515394734,15.456485268634424,15.689821816909536,6142000
2022-06-09,15.005904197692871,15.56108286376308,15.005904197692871,15.52889788153783,6735000
2022-06-10,14.297849655151367,14.772567340064677,14.273710921546476,14.643830496833703,7510000
2022-06-13,13.992100715637207,14.273713180267366,13.774858217472884,13.91968603802761,16276700
2022-06-14,14.112792015075684,14.249573581554682,13.87945550473401,14.008192360555492,15323400
2022-06-15,14.273715019226074,14.507051573733316,14.112794686322665,14.273715019226074,14413900
2022-06-16,13.74267292022705,14.000146641549382,13.638074796439017,13.95991694809193,8566500
2022-06-17,13.887503623962402,14.088655180158847,13.750720504362235,13.774859243585057,17306600
2022-06-21,14.096698760986328,14.362218703571221,14.000145357017143,14.27371154448816,7033200
2022-06-22,14.00819206237793,14.072560488918528,13.798994292454895,13.895547699597966,15142500
2022-06-23,13.678302764892578,13.927730209134632,13.428875320650524,13.895546765360288,14936000
2022-06-24,14.346126556396484,14.426587472514896,13.686349806621289,13.718533252270058,14867300
2022-06-27,14.128885269165039,14.466819954328724,14.03233337892663,14.434636502470797,8650200
2022-06-28,14.169116973876953,14.57946635770849,14.128885739384836,14.289807608023953,7895100
2022-06-29,14.072561264038086,14.24152935217917,13.992100342764445,14.24152935217917,7174700
2022-06-30,13.863363265991211,14.120836982312547,13.477152691509211,13.630028286074154,10531100
2022-07-01,14.080606460571289,14.161067375850275,13.638073728533346,13.815086514415661,8677000
2022-07-05,13.984053611755371,13.984053611755371,13.517382126164705,13.72657990034871,6269700
2022-07-06,13.879453659057617,14.000144253507893,13.710487133760067,13.863361170553802,7574900
2022-07-07,14.17716121673584,14.217390910876535,14.008193125083105,14.080607802267926,5105000
2022-07-08,14.072561264038086,14.378312457945029,14.000146588358252,14.305897782265196,5668400
2022-07-11,14.00819206237793,14.153021405760365,13.871408964146113,13.935777390686711,7266100
2022-07-12,13.927730560302734,14.233481724521392,13.823132447068527,13.84726964684181,6039000
2022-07-13,13.670260429382324,13.790951063710796,13.453016366792268,13.774860104554431,6078500
2022-07-14,13.380599021911621,13.453013695060283,13.203586229028435,13.356461820638318,6595600
2022-07-15,14.096698760986328,14.169113430297143,13.533473896272048,13.646118255349187,8562500
2022-07-18,14.24152946472168,14.55532537203775,14.169114788469598,14.313944140973764,7110900
2022-07-19,14.523141860961914,14.619695283969424,14.386358740255623,14.450727177372432,16754400
2022-07-20,14.59555435180664,14.619693087598215,14.378311868339937,14.42658780525872,16636000
2022-07-21,14.692111015319824,15.27142699068474,14.442683495537462,14.885216340441463,19771600
2022-07-22,14.515096664428711,14.84498508546895,14.410496998441586,14.692109476922521,14757100
2022-07-25,14.563371658325195,14.69210851987374,14.490956981871085,14.6840622741939,11060400
2022-07-26,14.185205459594727,14.571417570053494,14.112792319464642,14.4507254222864,8816800
2022-07-27,14.499003410339355,14.539233104581283,14.128883777722873,14.24957439511312,22081200
2022-07-28,14.41049575805664,14.651876984740788,14.169114531372491,14.482910432994766,9106300
2022-07-29,14.724291801452637,14.780615520574704,14.442680879164426,14.4668180812666,17599700
2022-08-01,14.71624755859375,14.732338515618846,14.42658884683935,14.563371956871764,8152600
2022-08-02,14.466816902160645,14.700153401226606,14.442679702025751,14.643831221359457,7109800
2022-08-03,14.571418762207031,14.667970646722763,14.418543154615168,14.571418762207031,8683800
2022-08-04,14.273715019226074,14.55532752013787,14.265668772381204,14.482912833198704,7681700
2022-08-05,14.531187057495117,14.635786719417535,14.209344895165529,14.241529878730729,7073400
2022-08-08,14.603601455688477,14.73233831815055,14.53923302445744,14.684062378393385,7780500
2022-08-09,14.571418762207031,14.643833442926097,14.4265894007689,14.62774095061863,5416300
2022-08-10,15.1829195022583,15.359932311832138,14.81279985630362,14.81279985630362,12419000
2022-08-11,15.45648193359375,15.544989092761575,15.319700374391537,15.34383757440873,7637200
2022-08-12,15.617402076721191,15.625448320746676,15.33578967448579,15.577172391257905,7441200
2022-08-15,15.649591445922852,15.738097085719913,15.367978964634158,15.432347400243183,8235600
2022-08-16,15.915114402770996,15.987529098169372,15.561087173563912,15.569133421348715,8757400
2022-08-17,15.641544342041016,15.705912774120835,15.448439045801555,15.681774036591724,9904600
2022-08-18,15.802464485168457,15.802464485168457,15.6013129452466,15.665681376635016,6062200
2022-08-19,15.528897285461426,15.705911611576772,15.416252921325741,15.64958942950893,5672700
2022-08-22,15.054180145263672,15.287516662541385,14.997857961000618,15.255331680297113,7036500
2022-08-23,15.102457046508789,15.271423592897053,15.070272065483769,15.070272065483769,4827300
2022-08-24,15.08636474609375,15.134640683575222,14.933489153627306,15.110503482166678,6004800
2022-08-25,15.335797309875488,15.376028550033244,15.078323511525433,15.126599465049845,5513300
2022-08-26,14.828893661499023,15.456485563982287,14.828893661499023,15.392117124377219,7755000
2022-08-29,14.645918846130371,14.784164670094565,14.556465209719516,14.735372482541225,10273500
2022-08-30,14.53207015991211,14.792297233104318,14.483276420381792,14.735372754727985,10357700
2022-08-31,14.385696411132812,14.645923563332929,14.369431826351262,14.621526686160601,10605900
2022-09-01,14.37756061553955,14.393825196358112,14.052276754547302,14.345031453902427,7052100
2022-09-02,14.271842002868652,14.686579495999593,14.198652942252854,14.580862825707749,6913200
2022-09-06,14.08480453491211,14.385693079379763,13.979087860468555,14.385693079379763,9018400
2022-09-07,14.450751304626465,14.491411210173476,13.954692391357865,14.003484588229473,6318100
2022-09-08,15.036262512207031,15.044394803635413,14.304373345488615,14.33690096012615,9992400
2022-09-09,15.174506187438965,15.280224409765847,15.076921806449596,15.101317126159053,9411100
2022-09-12,15.369678497314453,15.499792056255082,15.239564938373825,15.288357135207567,8724500
2022-09-13,14.637786865234375,15.190770172759787,14.597126966594564,15.08505195457514,8372300
2022-09-14,14.3450288772583,14.751634018233428,14.247444512026561,14.719106413514687,13859900
2022-09-15,14.694714546203613,14.87362186179005,14.377562924683723,14.410090540469227,15219700
2022-09-16,14.393826484680176,14.540203071921303,14.223051472951623,14.540203071921303,16604900
2022-09-19,14.499540328979492,14.57272938381103,14.133595054821805,14.133595054821805,8848000
2022-09-20,14.320633888244629,14.42635054483709,14.141726629445081,14.36129378283968,11357500
2022-09-21,13.930291175842285,14.442614512088387,13.930291175842285,14.353160886473086,10911100
2022-09-22,13.483030319213867,14.027881428026637,13.417973539851566,14.027881428026637,13440000
2022-09-23,13.352913856506348,13.409838332183968,13.092686795651149,13.27972480175637,17577700
2022-09-26,13.09268856048584,13.43423701166637,13.01949949587031,13.206537527187404,11489200
2022-09-27,12.978837966918945,13.279725720739242,12.824328332728259,13.214668951023388,12110200
2022-09-28,13.149612426757812,13.263461388116726,12.954442113967206,12.970705918930815,11769000
2022-09-29,13.035762786865234,13.157744032125562,12.799931035096341,12.930044570184114,8992700
2022-09-30,13.027631759643555,13.369180210119913,12.995102597181123,13.084556242876975,9116800
2022-10-03,13.393577575683594,13.491163526893466,13.003236872996249,13.239068683625732,12253100
2022-10-04,13.922161102294922,13.962820997109501,13.59687573947602,13.59687573947602,12371300
2022-10-05,13.735124588012695,13.816445946684698,13.629407907492228,13.6538047804166,6929300
2022-10-06,13.515557289123535,13.767652074320624,13.483028129188057,13.621273956762405,8821900
2022-10-07,13.133346557617188,13.42610277361585,13.092686661428758,13.417970484163042,12931400
2022-10-10,12.96257209777832,13.263459821679628,12.881251531488607,13.174007741637396,11590400
2022-10-11,12.743006706237793,13.019498359298082,12.653553843704461,12.873120242845491,10090400
2022-10-12,12.677949905395508,12.905648593874584,12.580364753190189,12.686082195297079,14216500
2022-10-13,13.5887451171875,13.661934177692073,12.409590961090247,12.555968306561518,16254800
2022-10-14,13.401708602905273,13.987221152761204,13.361048698532358,13.661935713474165,16069600
2022-10-17,13.735124588012695,13.84084281960907,13.596878743593065,13.71886155713902,10544900
2022-10-18,13.80831241607666,14.157993141220748,13.67006658406797,14.036011889701495,16378700
2022-10-19,13.40984058380127,13.824578113330285,13.352916098565581,13.645672366721566,14995400
2022-10-20,12.889384269714355,13.5806133727102,12.72674158039452,13.027630090313526,21413700
2022-10-21,13.743254661560059,13.759519240885405,12.808063065411789,12.97070498097612,21911300
2022-10-24,14.418220520019531,14.605258546251124,13.808312698857192,13.808312698857192,16617800
2022-10-25,14.450751304626465,14.588997154992667,14.18239189521866,14.296240871611069,13140800
2022-10-26,14.385696411132812,14.59713136006445,14.369431826351262,14.49954540245132,12541100
2022-10-27,14.43448543548584,14.645920337853042,14.418220854286247,14.540202111131524,10511300
2022-10-28,14.719110488891602,14.727242780091808,14.369429722662497,14.515807862114304,9137300
2022-10-31,14.53207015991211,14.686579015197667,14.51580558006867,14.621522246899616,8120500
2022-11-01,14.678446769714355,14.776032697994724,14.556465522670678,14.662183740897385,10874100
2022-11-02,14.47514533996582,15.093185465977003,14.47514533996582,14.621523468636342,15562400
2022-11-03,14.507675170898438,14.613391851434322,14.092937637579066,14.296240258750764,11473300
2022-11-04,14.824827194213867,14.954940751457224,14.54833549730275,14.719110510607123,9812300
2022-11-07,14.906147003173828,14.987468355752416,14.719108977996125,14.914279293539265,6444200
2022-11-08,14.906147003173828,15.036260546869253,14.751636588382087,14.906147003173826,6953300
2022-11-09,14.556464195251465,14.800428218167196,14.53206887871279,14.751634482938709,9855500
2022-11-10,15.81694221496582,15.841337533220115,15.06878861734579,15.085051645823427,15582900
2022-11-11,16.125961303710938,16.296736285096724,15.873866527554043,15.881998817246286,12219900
2022-11-14,15.45099925994873,16.06903941647579,15.45099925994873,15.987718057524035,12114100
2022-11-15,15.589241027832031,16.02024303180441,15.337146276979569,15.816940463132147,11506700
2022-11-16,15.394074440002441,15.629904669662256,15.280225470585695,15.52418799107183,9650700
2022-11-17,15.182638168334961,15.280224098411662,14.95493869887315,15.280224098411662,9468900
2022-11-18,15.133843421936035,15.524183974142408,14.94680388347944,15.385938168018216,20771000
2022-11-21,15.247692108154297,15.296484288599265,15.036257258125504,15.076918701059185,10591400
2022-11-22,15.369678497314453,15.450999859421339,15.272094103646968,15.377810788632738,7719000
2022-11-23,15.38593864440918,15.467259983072308,15.312749594719916,15.320881883693781,6214200
2022-11-25,15.475395202636719,15.524187394644212,15.434733750067293,15.499790523102556,2839900
2022-11-28,15.068470001220703,15.405516942134454,15.002704782700128,15.347972571924764,5721900
2022-11-29,15.265767097473145,15.282208795646579,14.95338267201109,15.101354819638718,9528100
2022-11-30,15.46306324005127,15.471284089387007,14.640997122077748,15.167120503798147,15632400
2022-12-01,15.389074325561523,15.611032512787345,15.199999529613482,15.5123854748868,10317800
2022-12-02,15.249324798583984,15.339752567009018,15.134236051836908,15.20000127397332,10413900
2022-12-05,14.345056533813477,15.13423937261409,14.32039398211336,15.084915837180782,15433200
2022-12-06,14.106654167175293,14.386156766941781,13.983344565623408,14.287508144920281,16514500
2022-12-07,14.188862800598145,14.271069734194075,13.884697616683257,14.049111483875116,10238000
2022-12-08,14.123095512390137,14.336832881453814,14.040888590755396,14.26284680877921,12291300
2022-12-09,14.320390701293945,14.402597620160364,13.958681199061635,14.057329815294652,7691700
2022-12-12,14.435481071472168,14.443701921080628,14.131317475792878,14.287508914453383,10469300
2022-12-13,14.221742630004883,14.797189516153038,14.081991332966995,14.723203443134944,13180200
2022-12-14,14.04910945892334,14.369714728973879,13.950460839233456,14.197081604474855,13531500
2022-12-15,13.818931579589844,13.934021907116389,13.70384282003005,13.851814978302215,12686400
2022-12-16,13.662739753723145,13.802491058370153,13.50654675018432,13.646298054831329,19929200
2022-12-19,13.687399864196777,13.86825540457912,13.564090266278477,13.703841562043646,10493000
2022-12-20,13.670958518981934,13.892916741740086,13.613414143000188,13.613414143000188,7295500
2022-12-21,13.942241668701172,14.0244486003448,13.86003630502435,13.868257154985391,8290500
2022-12-22,14.032668113708496,14.04088896288651,13.744944664344565,13.810709889802038,8437500
2022-12-23,14.123095512390137,14.1641981892242,14.008006762881468,14.049109439715531,5318000
2022-12-27,14.213521957397461,14.287506455205477,14.016224736687857,14.155976020043386,4919200
2022-12-28,14.106654167175293,14.287508144920281,14.057330640147871,14.139537563838012,5051200
2022-12-29,14.32861328125,14.353274262313027,14.123096743235438,14.164199423651649,4481100
2022-12-30,14.320390701293945,14.386155922793769,14.213522804344192,14.229962933744227,3886100
2023-01-03,14.476583480834961,14.739644363027177,14.427258389449017,14.49302360999707,12443700
2023-01-04,14.862953186035156,15.019146164737402,14.624554861878897,14.665657534605902,8698800
2023-01-05,14.665658950805664,14.788968548860618,14.517686805953074,14.747865872164503,8867400
2023-01-06,15.10135555267334,15.150679081621217,14.608115559294435,14.764306995623828,8378400
2023-01-09,14.95338249206543,15.126015616909143,14.871175570154158,15.06025039297345,8958600
2023-01-10,14.96982192993164,15.068470545257385,14.846512336749369,14.953381800682806,6681400
2023-01-11,15.035587310791016,15.060248286338172,14.920497009027477,14.978041375926045,8601500
2023-01-12,15.076692581176758,15.257546560888837,15.019148204357764,15.158899505761038,9545600
2023-01-13,14.94516372680664,15.002708109777668,14.443702844401669,14.830074960864582,11329400
2023-01-17,14.813630104064941,14.928718845483553,14.665657969117296,14.904056300336777,10854600
2023-01-18,14.172416687011719,14.75608432261925,14.15597499181909,14.68209826221877,21140800
2023-01-19,13.522987365722656,14.065550841953037,13.432559597028733,13.999785619621068,25026600
2023-01-20,14.336831092834473,14.386154612475218,13.43255820359989,13.638074698063821,19077000
2023-01-23,14.85473346710205,14.94516123553522,14.295728294908962,14.386156063342131,13967400
2023-01-24,14.739644050598145,14.936939708060326,14.657437134663944,14.854732792126125,9379100
2023-01-25,15.068470001220703,15.126014371430394,14.493023163190815,14.583450926644037,13523500
2023-01-26,15.397294044494629,15.421956586144775,15.076688842874134,15.183556720758872,14184200
2023-01-27,15.61103343963623,15.742563876623702,15.34797256566129,15.397296087539969,18064100
2023-01-30,15.42195987701416,15.537048626674233,15.356194653213175,15.471283402873246,9953500
2023-01-31,15.775446891784668,15.783667739895177,15.331530501615841,15.438399959086018,17879100
2023-02-01,16.27691078186035,16.375559419699407,15.53705148595159,15.602816721855326,22524900
2023-02-02,16.4824275970459,16.68794415844531,16.26869175300141,16.39200137624767,22094200
2023-02-03,16.457765579223633,16.638619577424933,16.301572563342113,16.318014263533183,11609000
2023-02-06,16.260467529296875,16.33445360149025,16.096053687096795,16.2769076591436,9251700
2023-02-07,16.457765579223633,16.515309961925553,16.08783516475867,16.137158697365052,10949900
2023-02-08,16.27691078186035,16.441324655603143,16.19470541295586,16.260470648859595,6231500
2023-02-09,16.071388244628906,16.42487684409076,15.980962058881826,16.35089078522822,6559200
2023-02-10,15.980966567993164,16.03851094824129,15.849436108006946,15.980966567993164,7777400
2023-02-13,16.153596878051758,16.153596878051758,15.865873459263765,15.923419397394555,6485300
2023-02-14,15.849431037902832,16.13715284710359,15.701458925761722,16.096050179493844,10256400
2023-02-15,15.832991600036621,15.989184581552042,15.676798618521202,15.676798618521202,7403600
2023-02-16,15.685020446777344,15.849434286851777,15.528827455503292,15.668578749176584,7485800
2023-02-17,15.742565155029297,15.808330378863625,15.438401582783012,15.643918103261113,8214600
2023-02-21,15.21644115447998,15.49594370717554,15.10957170129065,15.49594370717554,10471200
2023-02-22,14.95338249206543,15.208222538820415,14.879396419141948,15.134236465896933,12225400
2023-02-23,14.904054641723633,15.19177803121707,14.632772947164982,15.101351845008406,10810100
2023-02-24,15.060250282287598,15.101354526924446,14.624556264903257,14.780747690623459,16929600
2023-02-27,15.047780990600586,15.338760492036123,14.981271526190524,15.205741563216,8188600
2023-02-28,15.205741882324219,15.305505288177594,15.047781306393839,15.130918535078816,13251800
2023-03-01,15.338761329650879,15.372015270816476,15.064409575763811,15.205742393566895,11105800
2023-03-02,14.906449317932129,15.147545550173612,14.640411439992215,15.105977726387064,15062700
2023-03-03,15.230679512023926,15.238993392137644,14.914759996255086,15.03115114642616,8788600
2023-03-06,15.089347839355469,15.430209020717022,14.99789832275082,15.23899452106749,11412000
2023-03-07,14.590524673461914,15.01452303508338,14.532329099737284,14.839936313909488,21675500
2023-03-08,14.390997886657715,14.657035730333392,14.316174544910101,14.557272331810328,12258700
2023-03-09,13.360099792480469,14.257978263581586,13.35178591206067,14.208096566773344,25718500
2023-03-10,13.01923942565918,13.468179481714635,12.437281238970906,12.844651890367164,42348500
2023-03-13,9.460981369018555,10.71634902183045,7.989457538996246,10.175958578804417,111197500
2023-03-14,10.11776065826416,11.423009717113512,9.92654537853389,11.298304685921567,73411900
2023-03-15,9.768584251403809,10.009681192702974,9.02866566948665,9.527487310104645,58652900
2023-03-16,10.209212303161621,10.525132655597524,8.704434679526939,9.65219494397929,76220300
2023-03-17,9.585684776306152,9.968114565108014,9.311333057476046,9.901605105564673,70676000
2023-03-20,9.70207691192627,10.20089866086777,9.618939689484248,9.943173905581755,28571500
2023-03-21,10.608268737792969,10.65815043429954,9.884977795605531,10.05125143871955,34458700
2023-03-22,10.017996788024902,10.58332717901017,9.993055939577607,10.54175936254977,27915300
2023-03-23,9.369529724121094,10.250780487235119,9.344588081365837,10.159330175698477,32445400
2023-03-24,9.860037803649902,9.91823418311497,9.020355567268185,9.178315356432448,28743000
2023-03-27,10.38379955291748,10.791170209243036,10.076193090415202,10.724660746694184,26704600
2023-03-28,10.284035682678223,10.5667013038325,10.117762021074341,10.350545147319774,22110900
2023-03-29,10.533446311950684,10.59164189386417,10.40042738594538,10.475250730037198,16516100
2023-03-30,10.29234790802002,10.774541845518005,10.184269847152509,10.749600998504036,17406100
2023-03-31,10.408740997314453,10.458622696846195,10.026311198531374,10.425367966206593,13592600
2023-04-03,10.284035682678223,10.533446571511725,10.101134258486272,10.42536849325536,13716500
2023-04-04,9.751957893371582,10.367171549881657,9.618938981538674,10.350543789474916,27870700
2023-04-05,9.610627174377441,9.710391371541245,9.327961552652317,9.569058560678682,29540100
2023-04-06,9.901605606079102,10.067879263342391,9.585685260851182,9.61893999230384,20436900
2023-04-10,10.076191902160645,10.184269964271047,9.801840203286252,9.934859112697444,15544600
2023-04-11,10.184270858764648,10.292348930367645,10.00968332661447,10.084506667943876,13120100
2023-04-12,10.017996788024902,10.308975467524089,9.984742059143416,10.242466009761115,15568600
2023-04-13,10.217525482177734,10.30066270341987,9.835095691603449,10.076192681779284,12360600
2023-04-14,10.051252365112305,10.450309145365777,9.951488170048936,10.433682175949555,16962100
2023-04-17,10.234153747558594,10.242466835807951,9.727018100146744,9.984742864405018,57505900
2023-04-18,10.051252365112305,10.250780755239042,9.893291794953797,10.250780755239042,38198400
2023-04-19,10.29234790802002,10.417052935945101,9.934858998447115,10.184269847152509,47773400
2023-04-20,10.009682655334473,10.217524903819703,9.52748870227716,9.64388064685678,37369500
2023-04-21,9.635567665100098,9.918233276253991,9.510861828667617,9.893291633254297,25192400
2023-04-24,9.25313663482666,9.635566388756022,9.244822754928032,9.602311662016739,23021700
2023-04-25,8.712745666503906,9.136743994576163,8.596354528264188,9.053607580527101,31905400
2023-04-26,8.779257774353027,9.003727012151975,8.637924968279293,8.795884743555936,23788900
2023-04-27,9.103490829467773,9.12011859083839,8.770943530608475,8.770943530608475,20468700
2023-04-28,9.361213684082031,9.460977853526947,8.962156213447228,8.987097850449812,19578600
2023-05-01,8.912276268005371,9.427724974030987,8.895648506751982,9.319646904449847,23150000
2023-05-02,8.072592735290527,8.895647825802445,7.956200793992336,8.895647825802445,44634700
2023-05-03,7.922946453094482,8.455022905580106,7.839810027704877,8.172357314973846,34854400
2023-05-04,7.424126625061035,7.723419228063669,7.099892377166638,7.299420779168394,57354500
2023-05-05,8.172356605529785,8.297061629216161,7.873064072969363,8.297061629216161,32463100
2023-05-08,8.047652244567871,8.43839510715231,8.031024483850949,8.355258682133508,20407800
2023-05-09,8.080907821655273,8.20561286870535,7.798242202629387,7.922947249679465,14911100
2023-05-10,7.7483601570129395,8.280436693821255,7.640282073308654,8.255495841537313,24936000
2023-05-11,7.557143688201904,7.7483581612188,7.457379511907629,7.623653139064754,19256500
2023-05-12,7.474008083343506,7.690164241497925,7.266165806546265,7.648595627567404,29034600
2023-05-15,7.972829818725586,7.989456788488492,7.474008040152656,7.523890535152093,22334700
2023-05-16,7.7899274826049805,8.05596531052195,7.7816136022687585,7.889691668073844,17399400
2023-05-17,8.463337898254395,8.488278749863555,8.064280308230941,8.064280308230941,25671300
2023-05-18,8.35525894165039,8.504904828474391,8.197298381354404,8.479963979479606,22661700
2023-05-19,8.164043426513672,8.43839513645338,7.997769783043436,8.371885679065285,23150300
2023-05-22,8.546472549438477,8.554786429190106,8.18898444152571,8.247180014076697,15722600
2023-05-23,8.696120262145996,8.970471984190084,8.554787460746883,8.56310134150102,22592800
2023-05-24,8.479965209960938,8.68780749840535,8.446710475524048,8.563102442480867,12475800
2023-05-25,8.40514087677002,8.504905068419049,8.23055334317039,8.46333724987344,15997600
2023-05-26,8.392413139343262,8.502728066610851,8.282098212075672,8.375441238564507,14327800
2023-05-30,8.426355361938477,8.562127318707464,8.222696617520297,8.460298351130724,20027100
2023-05-31,7.925695419311523,8.341497226374544,7.891752431168923,8.333011277022726,34778300
2023-06-01,8.163297653198242,8.26512663405291,7.798409864853744,8.08692571524104,18079300
2023-06-02,8.723355293273926,8.740327190514453,8.341496507272701,8.40089652908534,17414500
2023-06-05,8.596071243286133,8.842158144024186,8.35847029308572,8.791243250063133,17639900
2023-06-06,9.011872291564941,9.224016180187274,8.519698534702306,8.5960704640887,16236600
2023-06-07,9.351304054260254,9.376761097173768,8.927016229132615,9.071273345152393,20955000
2023-06-08,9.317358016967773,9.41918778273172,9.122186052660195,9.224015009159533,14014500
2023-06-09,9.062788009643555,9.342817903490763,8.994902023817856,9.317360051857536,16885900
2023-06-12,8.672440528869629,9.393729109547131,8.333009894493859,9.0542992844359,37952300
2023-06-13,8.893071174621582,8.994900950473768,8.53667019619769,8.672442151647685,19268000
2023-06-14,8.409383773803711,9.037329501722628,8.400897823875548,8.99490137061127,23224500
2023-06-15,8.553642272949219,8.604557166750071,8.307555372985464,8.358470266786316,18653400
2023-06-16,8.426355361938477,8.65547033666997,8.316040444747498,8.630013297091958,28306700
2023-06-20,8.358470916748047,8.400899054072426,8.214212983903595,8.383927960995644,12228300
2023-06-21,8.349984169006348,8.42635610372826,8.214212200285068,8.333012268283804,10388900
2023-06-22,8.112383842468262,8.341498854843621,8.07844084769914,8.282098816313868,14764600
2023-06-23,7.934183120727539,8.103898098917812,7.90872526705036,8.06146915205403,17268900
2023-06-26,7.934183120727539,8.069955103279757,7.874782271412306,7.976611258326469,19298000
2023-06-27,8.052983283996582,8.10389818261192,7.84932530806495,7.9426683447174,18129100
2023-06-28,7.900238990783691,7.993582013070062,7.840838149997151,7.976610113055412,16996200
2023-06-29,7.917209148406982,8.112381929248611,7.8578091238860965,8.010552159691894,22646900
2023-06-30,7.840837001800537,8.044494916564666,7.832351053035877,8.044494916564666,19148100
2023-07-03,8.120867729187012,8.248154546848527,7.883266802522772,7.883266802522772,13299700
2023-07-05,8.078439712524414,8.163296782890766,7.900238812710943,7.993581832893345,14944600
2023-07-06,8.002069473266602,8.002069473266602,7.722039544294154,7.908725624099194,21222400
2023-07-07,8.137840270996094,8.273612239808017,7.959639359614254,7.959639359614254,18247900
2023-07-10,8.061467170715332,8.23966805633331,8.027524183419748,8.146325043586618,22333400
2023-07-11,8.417868614196777,8.42635456300643,8.061466856837528,8.171781763569165,25268100
2023-07-12,8.680928230285645,8.96095893025223,8.60455710403815,8.70638608163292,29566100
2023-07-13,9.003387451171875,9.020359352799959,8.672443462072343,8.723357548426973,18420700
2023-07-14,8.621527671813965,9.147644428718312,8.587584681344804,9.122187388182622,17618200
2023-07-17,8.731842041015625,8.731842041015625,8.562127099401383,8.63001307604708,11660100
2023-07-18,9.088244438171387,9.105215528849152,8.680927741463494,8.697899641405993,20902700
2023-07-19,9.682246208190918,9.750132182627121,9.122186514459909,9.139158412701285,36097100
2023-07-20,10.081076622009277,10.233820464684525,9.207044119592897,9.368273101877618,44003700
2023-07-21,9.699219703674316,10.267765440152631,9.665276710866571,10.216850546308622,24633900
2023-07-24,10.089564323425293,10.284736325842855,9.724676551104917,9.758619543232525,23567600
2023-07-25,9.86044692993164,10.428992563357758,9.7671039189455,10.216848694445464,25580900
2023-07-26,10.53930950164795,10.67508147441237,10.191393619122927,10.191393619122927,27931100
2023-07-27,10.40353775024414,11.065426536186378,10.327165811622958,10.641138707637413,26584100
2023-07-28,10.666596412658691,10.742968356019041,10.428995440521383,10.573253375920963,14857300
2023-07-31,10.445965766906738,10.759938635027073,10.310192994051016,10.725995644129327,17227000
2023-08-01,10.174420356750488,10.437479125737871,9.91136239702779,10.369593148437517,17426700
2023-08-02,10.098050117492676,10.115022019286341,9.877421059028759,10.047136030641317,11773800
2023-08-03,10.216850280761719,10.242307322389676,9.877420361506418,10.089564263357172,11808400
2023-08-04,10.115021705627441,10.242307728073616,10.0556216697212,10.131992797630026,10010200
2023-08-07,10.225335121154785,10.293221097637192,10.047134230572299,10.089563168189972,7183400
2023-08-08,10.13199234008789,10.15745019083933,9.622847464030444,9.860448406190585,12109300
2023-08-09,9.767105102539062,10.16593504175449,9.741647252514026,10.021677937936289,11161500
2023-08-10,9.809534072875977,9.894391145420936,9.597390177616472,9.851962204516088,13897400
2023-08-11,9.809534072875977,9.868934104583921,9.699219150229265,9.72467619106628,7774400
2023-08-14,9.351304054260254,9.775591879387893,9.300389159168423,9.733162935022168,13559200
2023-08-15,9.028843879699707,9.215529912578024,8.901557065357563,9.17310178372866,16008600
2023-08-16,8.935500144958496,9.096729949580247,8.82518522844485,9.011872072488305,12660200
2023-08-17,9.14764404296875,9.190072981582183,8.82518524247722,8.986415047355331,17761800
2023-08-18,9.190073013305664,9.274930890825456,8.960958038825739,9.003386168320938,14560700
2023-08-21,9.240989685058594,9.300389725227049,9.062788755288379,9.232503733816,15531000
2023-08-22,8.859128952026367,9.215530770541802,8.842157860759555,9.173102637742389,13679900
2023-08-23,9.122190475463867,9.147647524615147,8.782760455896794,8.876103508961489,12845500
2023-08-24,9.224016189575195,9.419188988124032,9.037329340803419,9.10521532049048,11642300
2023-08-25,9.232502937316895,9.402217901203002,9.088245015697506,9.30887487338184,13586500
2023-08-28,9.427098274230957,9.539531659312217,9.314665713955367,9.323313801418795,10666100
2023-08-29,9.695210456848145,9.773049031113866,9.383856984591072,9.453046645092643,11632600
2023-08-30,9.626017570495605,9.703856118676235,9.548179022314976,9.651963478287303,10157600
2023-08-31,9.798994064331055,9.824939978478959,9.591425101536355,9.651965842816708,15466200
2023-09-01,9.997913360595703,10.09304891398964,9.876831072344284,9.876831072344284,11290500
2023-09-05,9.920075416564941,10.188185094825647,9.911426504413136,9.963319152518311,13567200
2023-09-06,9.591424942016602,9.920076206711785,9.513586376061726,9.790344988518417,10235800
2023-09-07,9.418450355529785,9.64331630491584,9.340611793324513,9.530883742625656,15740300
2023-09-08,9.729804039001465,9.73845295165617,9.306017216589439,9.435747607187174,11447900
2023-09-11,9.695210456848145,9.92007726588116,9.677912629319845,9.824940864087138,10140700
2023-09-12,10.179535865783691,10.23142768326323,9.660612742154905,9.70385647325823,21647300
2023-09-13,9.885480880737305,10.343862515662556,9.77304749390551,10.32656469085504,16421900
2023-09-14,10.075752258300781,10.240078298884026,9.937372955581653,9.937372955581653,8730200
2023-09-15,10.136293411254883,10.240077884090242,10.01521111387746,10.01521111387746,22159600
2023-09-18,9.833589553833008,10.101700100773153,9.816292551504564,10.084402273638913,10858500
2023-09-19,9.712504386901855,9.928722213767584,9.617368840010935,9.859532575154995,10092800
2023-09-20,9.548179626464844,10.006561208880896,9.53953071505185,9.824938193235957,13590000
2023-09-21,9.271422386169434,9.56547881783761,9.184934909276778,9.50493725409047,15739000
2023-09-22,9.176285743713379,9.331962867907166,9.115745006440545,9.323313955495138,14498500
2023-09-25,9.193582534790039,9.24547435381601,9.055203250979993,9.124392892885016,10684900
2023-09-26,9.020607948303223,9.288717590166026,8.960066396265212,9.037904945452977,15002500
2023-09-27,8.908178329467773,9.046557664131942,8.821690832899721,9.029259834895974,15074400
2023-09-28,9.098447799682617,9.167637447795318,8.856283206482495,8.856283206482495,11242400
2023-09-29,9.30601692199707,9.522234782685818,9.210880535418385,9.236827272561126,15781900
2023-10-02,9.037906646728516,9.3146660764711,8.968716995494296,9.193583774408363,12846400
2023-10-03,8.709256172180176,8.977366713366475,8.657364341502683,8.942771884646222,15351800
2023-10-04,8.864933013916016,8.873581927004924,8.614120307977938,8.8476351877382,19224200
2023-10-05,8.908178329467773,8.9514220777518,8.726555246519577,8.74385225094965,10687600
2023-10-06,8.83033561706543,8.968714887001711,8.570874073532147,8.752497071524894,17832700
2023-10-09,8.83033561706543,8.88222825569429,8.648712619072683,8.674658525984357,12740700
2023-10-10,9.046555519104004,9.176285908389827,8.882230304354913,8.925473217579722,15199600
2023-10-11,9.13304328918457,9.288719596378098,9.029257984647918,9.098448462607594,12898300
2023-10-12,9.098447799682617,9.133042623738968,8.925472854595196,9.089798887467113,12101800
2023-10-13,9.046555519104004,9.280070384779627,8.951419955281446,9.271422297018084,17530700
2023-10-16,9.271422386169434,9.297368299314947,9.063852606588204,9.236827560373513,11493800
2023-10-17,9.582776069641113,9.677911636873398,9.158989236325848,9.184935150151794,21297100
2023-10-18,9.236827850341797,9.487640551437314,9.141691457812154,9.383856070791486,17760300
2023-10-19,9.13304328918457,9.798993906992784,9.089799549761919,9.427098902686001,28000900
2023-10-20,8.553579330444336,9.072501729404031,8.544930417593577,9.029257989955958,22675500
2023-10-23,8.562227249145508,8.80439185534289,8.432496858172826,8.493037597319315,17772900
2023-10-24,8.48438835144043,8.795741742162743,8.432495707250578,8.605469813207419,20404800
2023-10-25,8.48438835144043,8.52763125932544,8.216277868603127,8.380603063060727,16375800
2023-10-26,8.795742988586426,8.908176379592438,8.449794727649245,8.467091728293246,21638600
2023-10-27,8.579523086547852,8.804389815282072,8.467089722180742,8.804389815282072,14720500
2023-10-30,8.717905044555664,8.761148786454022,8.553579815108833,8.700608042679784,14878400
2023-10-31,8.838984489440918,8.87357930677549,8.605468853828429,8.726551126902184,9705500
2023-11-01,8.7784423828125,8.890875738208416,8.614117217114133,8.821686107934847,12487600
2023-11-02,9.504936218261719,9.530882953385316,8.86493159838075,8.86493159838075,18094400
2023-11-03,9.850886344909668,10.101699038336587,9.807642606427983,9.84223743225219,18211700
2023-11-06,9.747101783752441,10.110347039385074,9.660614307531619,10.110347039385074,9269800
2023-11-07,9.773046493530273,9.842236136066669,9.591423475670835,9.651964206688781,9590900
2023-11-08,9.755749702453613,9.816291264681228,9.651965227670729,9.790344527381242,8360800
2023-11-09,9.470342636108398,9.842237640179556,9.461693723268203,9.790344987944108,12746300
2023-11-10,9.470342636108398,9.591424941453962,9.357909243603032,9.504937462663456,17013300
2023-11-13,9.383853912353516,9.478989458194713,9.280068630774245,9.427096817405078,11517500
2023-11-14,10.3092679977417,10.413052475259216,9.824939611187586,9.842237436510025,25781100
2023-11-15,10.542781829833984,10.594674475895705,10.335212895198358,10.361158805826404,16515300
2023-11-16,10.447647094726562,10.551431570194028,10.28332188143783,10.499539744863142,10840900
2023-11-17,10.655216217041016,10.689811042753263,10.464945088026502,10.637919216587743,15314600
2023-11-20,10.594675064086914,10.663864712806701,10.47359276642445,10.64656771302959,10899400
2023-11-21,10.387105941772461,10.577377060122227,10.309267382081346,10.508187412575829,11975700
2023-11-22,10.404401779174805,10.516835150081285,10.309266230625736,10.490889241350732,7756900
2023-11-24,10.41305160522461,10.508187162132108,10.309267136378526,10.41305160522461,4513900
2023-11-27,10.347064018249512,10.391056804337026,10.259078446074483,10.373459354264979,11591300
2023-11-28,10.496639251708984,10.514235863131363,10.241482092889806,10.338265553444451,11883600
2023-11-29,10.945362091064453,11.094937047118309,10.567026177892227,10.57582490215246,18370400
2023-11-30,10.901371002197266,11.138930702191429,10.901371002197266,10.998154459366354,21429500
2023-12-01,11.631648063659668,11.684438733686347,10.751795731684346,10.786989791399657,23257100
2023-12-04,11.825213432312012,11.886803658111099,11.438078825867935,11.48207160455515,21502800
2023-12-05,11.385289192199707,11.658043793551467,11.22691633766273,11.658043793551467,21383300
2023-12-06,11.402886390686035,11.807618501740192,11.402886390686035,11.455677900429004,10764200
2023-12-07,11.534863471984863,11.702035880631158,11.394087236762227,11.464475354373546,13727000
2023-12-08,11.66684341430664,11.746030267201226,11.482074370583497,11.508469708517472,13680600
2023-12-11,11.587656021118164,11.693238207023775,11.534864508619046,11.658044145055237,8685100
2023-12-12,11.45567798614502,11.59645422772284,11.394087751135283,11.543662717584862,10495800
2023-12-13,12.282739639282227,12.317933702009977,11.385289781085602,11.455678745633747,19030500
2023-12-14,12.995418548583984,13.092201997088887,12.634678409772942,12.775455479088055,30756800
2023-12-15,12.599483489990234,13.021812990849034,12.555491550375587,12.898633378287622,25897100
2023-12-18,12.414716720581055,12.722665387750988,12.405918834533358,12.705067937470368,14594700
2023-12-19,12.63467788696289,12.678670666860205,12.353125438168059,12.449908882668161,15358300
2023-12-20,12.388319969177246,12.793052049381583,12.379521245041985,12.669872428765474,18190300
2023-12-21,12.564291000366211,12.661075293399762,12.449910097112737,12.555493114802534,12421400
2023-12-22,12.573089599609375,12.766657344653128,12.493902756678178,12.643477717972093,7005300
2023-12-26,12.713866233825684,12.766657743794495,12.493903147292047,12.608284052980649,7443600
2023-12-27,12.775456428527832,12.828247099238315,12.573089953224098,12.696269583369526,7038800
2023-12-28,12.793052673339844,12.819448007940496,12.66987304671587,12.678671771280273,7031700
2023-12-29,12.669872283935547,12.801850627178267,12.617081617912467,12.7842531791089,10085500
