Date,Close,High,Low,Open,Volume
2008-01-02,45.21546173095703,46.453541531624175,44.91583077967537,46.453541531624175,830400
2008-01-03,44.54838562011719,45.656441351698994,44.40705191486702,45.42465200477078,774800
2008-01-04,42.8806266784668,44.03390972978162,42.8806266784668,44.03390972978162,1321300
2008-01-07,43.24810028076172,44.028260537010034,42.7166843350088,43.24810028076172,1601800
2008-01-08,41.08851623535156,43.547720723205025,41.08851623535157,43.547720723205025,1636800
2008-01-09,41.738651275634766,41.84606190825107,40.68712865715263,41.26942255932234,2434000
2008-01-10,42.41705322265625,43.31028290211926,40.90195636232226,41.50686419574886,1714300
2008-01-11,41.693443298339844,43.12373971392606,41.33162935578691,42.41707118344572,1613100
2008-01-14,40.94152069091797,41.56904228860737,40.14440134257392,40.42141402118827,2032100
2008-01-15,40.4722900390625,41.190267185244906,39.850423024612155,40.51186759005533,1732100
2008-01-16,41.868690490722656,42.64885521147423,40.206609247321836,40.268796415299484,3258100
2008-01-17,40.74365997314453,42.077849827615736,40.72670062711349,42.077849827615736,1925000
2008-01-18,41.65951919555664,42.213544836354245,40.76063469831706,41.05461118430758,2688200
2008-01-22,43.11807632446289,43.74559819602298,40.053963239199255,40.1444188628872,2829100
2008-01-23,47.8555908203125,47.889509527489395,41.71605465788911,43.19157880435431,3085000
2008-01-24,47.87818908691406,48.85056529780769,47.075410669656755,47.940376238528934,2148800
2008-01-25,47.403289794921875,48.67529222759326,46.87187837822081,48.1438808108922,1439000
2008-01-28,49.21237564086914,49.21237564086913,46.69097968373024,47.55029063846505,930300
2008-01-29,49.709869384765625,49.964268218417686,48.30218749978054,49.18410805714558,863900
2008-01-30,49.551578521728516,51.34368816745227,48.72619052382257,49.66464371639372,1084500
2008-01-31,51.60374450683594,52.157774343857724,48.14954956106753,48.618778340676876,1778100
2008-02-01,53.15840148925781,53.15840148925781,51.292800257182456,51.50197125839328,1141000
2008-02-04,50.91402816772461,52.94923599725097,50.68789779836419,52.525235084959704,1008200
2008-02-05,50.05470657348633,50.88009425154339,49.432839617488156,49.811612617313706,1296000
2008-02-06,49.99819564819336,51.304117252593336,49.585499473880326,50.5578757196275,1149500
2008-02-07,50.66529846191406,51.10625884733998,49.63638945819973,49.87948355698089,1362600
2008-02-08,50.25259017944336,51.03840489602906,49.24629532299034,50.18474847749936,1672700
2008-02-11,49.38198471069336,50.25825521258821,48.99755694583879,50.25825521258821,890800
2008-02-12,49.766414642333984,50.546579315273235,49.03148209525229,49.80598790015252,1062400
2008-02-13,49.86817169189453,50.42220157704845,48.618782564502375,50.17345293720449,835600
2008-02-14,48.856231689453125,49.92471410127954,48.57356429345329,49.868181484712004,1014600
2008-02-15,49.975589752197266,50.077350173593885,48.4887566888377,49.21238874830342,1100000
2008-02-19,48.50571060180664,50.6652886100307,48.26261655029521,50.39958065684836,894600
2008-02-20,49.4498176574707,49.74378974873946,47.68031761674775,48.01952182388333,1019700
2008-02-21,48.00822067260742,49.845558408714815,48.00822067260742,49.46678520289141,673900
2008-02-22,49.12194061279297,49.56855562406214,47.24502924221843,48.16652341696637,812800
2008-02-25,49.38764572143555,49.6816179032656,48.23436227611091,48.52268421573257,1027200
2008-02-26,49.483741760253906,50.145182272757985,48.8788338507298,49.110623130057164,800600
2008-02-27,49.65468215942383,50.600704847635114,49.005005708840564,49.21586728761702,556600
2008-02-28,48.00770950317383,49.2614747375894,48.00770950317383,49.2614747375894,523500
2008-02-29,46.77676010131836,47.79116767956366,46.53170624325313,47.460629108604394,1171100
2008-03-03,45.68256759643555,46.99331724156397,45.28934052893049,46.67417895369498,2193400
2008-03-04,45.24944305419922,45.54578509496277,44.12675468719893,45.16965849138086,1804000
2008-03-05,44.79922866821289,46.21255896755884,44.38890556584385,45.53439016863531,1052200
2008-03-06,43.26620864868164,44.67954301747,43.26620864868165,44.40599288714807,865400
2008-03-07,44.04697799682617,45.00439726969712,42.60515112085704,43.0040740062477,1616500
2008-03-10,43.82470703125,45.11266450257682,43.42577991906862,44.62255690768074,1378900
2008-03-11,47.82536697387695,47.82536697387695,44.90752080220528,44.90752080220528,2345000
2008-03-12,46.28664016723633,48.65738920158035,46.25244803027741,47.87093961600155,1103000
2008-03-13,46.89073181152344,47.16428199398002,44.37750934764628,45.733851284664695,1315000
2008-03-14,45.56858825683594,48.13880377379991,45.072780385459765,47.329557742946776,2061000
2008-03-17,45.665462493896484,46.229658928021614,43.693635914130034,44.57697060340524,2047500
2008-03-18,46.9591178894043,48.33255582286974,45.20954901901527,48.32686003141266,1920700
2008-03-19,45.847816467285156,47.77405449592564,45.477390090637265,47.466312248487256,1815900
2008-03-20,49.26717758178711,49.28997379090554,45.95040524387112,46.33223631168942,1479400
2008-03-24,49.09619140625,51.341562688942915,48.90812602290806,49.569202759044444,1226500
2008-03-25,49.324153900146484,49.5806035586915,48.0304966368198,49.221573167142296,890100
2008-03-26,47.97352981567383,49.16460253207866,47.665787478686106,49.16460253207866,967200
2008-03-27,47.432125091552734,48.80556289863355,46.879329015815024,48.44083227405172,1092000
2008-03-28,46.617191314697266,48.00202976084593,46.38353338751864,47.78546790679098,1067700
2008-03-31,45.864933013916016,47.084502156088405,45.6540713031916,46.554502157074566,1437600
2008-04-01,48.54909896850586,48.54909896850586,46.73114216842092,46.93060349101705,1092600
2008-04-02,48.52633285522461,49.64902144298682,48.20719019326338,48.72579430149199,787000
2008-04-03,48.543418884277344,48.91384969236742,47.802557268097196,48.07040730391513,703100
2008-04-04,47.30675506591797,48.72578549628333,47.067397025717945,48.72578549628333,1242000
2008-04-07,48.94234085083008,49.478040913234146,47.83675293309711,47.83675293309711,1228300
2008-04-08,48.86827087402344,49.20450528632339,47.68289369736518,48.32687486007364,1587800
2008-04-09,47.94501876831055,49.05631092479859,47.92792270170683,48.98222217227383,941600
2008-04-10,48.38383483886719,48.879638128667956,47.489104514177,47.94501553528195,1110700
2008-04-11,47.65437698364258,49.01071855992947,47.51759975482512,47.802545792964246,1379400
2008-04-14,46.01880645751953,47.93934520868074,45.899129587865,47.66579497237502,1772900
2008-04-15,48.93094253540039,49.18739227519796,46.708362181403196,47.42642753994154,2969800
2008-04-16,51.20481872558594,51.261807082037386,48.99933846059112,49.2158959542798,2026400
2008-04-17,52.09953689575195,52.692225226044854,50.275883839413666,51.13642216346635,2084600
2008-04-18,51.57524490356445,54.1397598435207,51.42707171183477,52.999975425762365,1676300
2008-04-21,50.12201690673828,51.52395553529448,49.85417122684029,51.147824598869065,1086500
2008-04-22,50.74320983886719,51.18772512778178,49.780090480930156,50.127725124400925,1072600
2008-04-23,50.16191482543945,50.965464999260774,49.75159605039404,50.560842016305195,835900
2008-04-24,52.29330825805664,52.72642318934661,50.30438139637907,50.44685444302422,883700
2008-04-25,53.72944259643555,53.94030430189166,51.57525050843749,52.6295503398521,1297500
2008-04-28,54.134071350097656,54.52159830942307,53.27923285287397,53.77504074651975,775400
2008-04-29,53.35331344604492,54.24234395530493,52.977182478014754,54.24234395530493,560200
2008-04-30,53.13104248046875,53.83770746817015,52.72071947214803,53.56985748507571,1174600
2008-05-01,55.30235290527344,55.62149122266073,52.076760190784626,53.849125706722674,1431400
2008-05-02,54.316429138183594,56.06599817762934,53.87191387736321,55.75256004783866,1089800
2008-05-05,53.581260681152344,54.276529834223936,53.18233789558616,53.56986475067857,1218300
2008-05-06,53.90610122680664,54.28793230605563,52.60105191218335,53.11395141493934,690900
2008-05-07,52.5611457824707,54.37909846876288,52.19071507969462,54.07135623943804,1059100
2008-05-08,52.133758544921875,52.8005316078808,51.44988505773784,52.452896896847385,1556400
2008-05-09,51.88297653198242,53.06835312580762,51.620826691643856,51.81458791574695,821100
2008-05-12,53.1937370300293,53.1937370300293,52.14513744599183,52.3445988507889,489000
2008-05-13,52.1280403137207,53.393201695429845,51.922878773555304,53.353309415282816,765700
2008-05-14,53.15385055541992,53.56987382909812,52.12804706957998,52.54976613549419,838000
2008-05-15,53.632572174072266,53.68386040121091,52.5155836321815,52.90311062409739,784300
2008-05-16,52.224918365478516,53.621152449610044,51.5467452885352,53.621152449610044,1314700
2008-05-19,52.20212173461914,53.22222923739206,52.08814504015839,52.589648582890796,583100
2008-05-20,50.61212921142578,51.87729069910197,50.47535628917054,51.694925353450714,1391500
2008-05-21,50.492454528808594,50.97686209137364,50.14481989437101,50.67481988228954,1675300
2008-05-22,51.22761917114258,51.71202676291014,50.23030763306036,50.463965566133304,1060600
2008-05-23,50.35566329956055,50.98824384065463,50.07071726656074,50.6235132662494,725600
2008-05-27,51.16492462158203,51.66073243573522,50.39557096701745,50.78879800403317,760700
2008-05-28,49.39255905151367,51.136432250299606,48.46933641185383,51.136432250299606,1729600
2008-05-29,50.31755447387695,50.57609233049785,49.40979212470184,49.50746159201774,853000
2008-05-30,49.78899002075195,50.55886148943101,49.352344080554815,50.553114936927884,777200
2008-06-02,49.18572998046875,49.95560146254342,48.28946064113756,49.75451595478775,1040800
2008-06-03,48.863990783691406,49.725789532022226,48.09411495584829,49.42703017793321,1357300
2008-06-04,48.20902633666992,49.237435700363065,47.91026696863082,48.77781230979298,928900
2008-06-05,48.691612243652344,48.79502823260052,48.11707994579214,48.23773120234276,1638300
2008-06-06,46.64054489135742,48.260726239788355,46.46244123290152,48.053894205236766,1146100
2008-06-09,46.416507720947266,47.077221350111245,45.79026465881071,46.89911319268175,1774900
2008-06-10,46.554378509521484,47.98496353709332,45.864941103865114,45.88792293516514,1842900
2008-06-11,44.64691925048828,46.519896394323865,44.629683977130156,46.29008252176707,2674300
2008-06-12,44.67564010620117,46.57734092432961,44.2964466228276,45.11228156887254,1978400
2008-06-13,44.744590759277344,45.388068755071444,43.50934935678852,45.19847197282828,2198500
2008-06-16,45.30190658569336,45.81898693878593,44.170076363739895,44.359673223763345,1581300
2008-06-17,44.27922058105469,45.933872639727134,44.07238852580373,45.732787136937375,2013900
2008-06-18,43.60126876831055,44.19878306270889,41.91214190497935,43.8483179055778,2321200
2008-06-19,43.641483306884766,44.112599729010114,41.877668903927514,43.66446513032193,2249500
2008-06-20,42.12472152709961,44.28496489301971,41.234194424082425,41.894907656965984,3106500
2008-06-23,41.47548294067383,43.09566364824923,41.31461461817221,42.28557110279501,1209500
2008-06-24,42.13047790527344,42.854385847527666,41.11929927085139,41.39507685599777,2102500
2008-06-25,42.233882904052734,43.75639481926283,41.8087257221943,42.67627097526396,2308300
2008-06-26,41.31462478637695,42.18791205917305,41.228444054302585,41.60763313876203,1600600
2008-06-27,41.11928176879883,41.98108032847744,40.699871207754875,41.47549341813294,1217500
2008-06-30,40.52752685546875,42.14770848122834,40.15982637184498,41.802989825748,2196200
2008-07-01,42.0672721862793,42.1247245621183,39.7863773604546,40.16557093099562,3018500
2008-07-02,42.43497085571289,43.97471813304364,42.067270405902725,42.21665008343033,3416400
2008-07-03,41.06758117675781,43.04971636251056,40.74584002626745,42.77968541150434,1717200
2008-07-07,39.91852569580078,41.825973691263,39.355481837199406,41.34911059656351,2592700
2008-07-08,42.383270263671875,42.509668143836,39.11992474399127,39.878312024976026,3302200
2008-07-09,39.878292083740234,42.555610526285115,39.568044092114754,42.51539343755592,2385100
2008-07-10,39.76340103149414,40.73436253576784,38.95331233848281,39.83234652203516,5413700
2008-07-11,40.044918060302734,40.843517975646726,37.92489587436664,38.154709777223935,3082000
2008-07-14,33.794002532958984,40.79180877743556,30.80068864022063,40.44134359079359,11154500
2008-07-15,32.71388626098633,34.27661567282174,32.173826392681086,33.455033859246626,7280400
2008-07-16,36.844757080078125,37.11478797896802,32.196792592095626,32.8345238348638,5655800
2008-07-17,38.40174865722656,39.470379415072934,37.344611003587325,38.378771215482175,6019700
2008-07-18,39.43016815185547,39.74616281428807,37.64337153337785,38.39601217026216,2944200
2008-07-21,39.682945251464844,40.918190556503006,39.41866092302261,40.06788083528288,2582200
2008-07-22,41.76276397705078,41.808723240378065,37.999574785799574,38.855626884037925,2674100
2008-07-23,41.03310012817383,43.52082630073061,40.23450049787665,41.80297577045115,3857700
2008-07-24,39.3612174987793,41.95810212020602,38.947553453183026,41.95810212020602,3405400
2008-07-25,39.12565612792969,40.32643114059114,38.67752155079645,39.05671504426883,2491500
2008-07-28,38.35003662109375,40.15406795567397,38.148951163417784,39.252052288383865,2856200
2008-07-29,40.3206787109375,40.401112885705174,38.26959848769423,38.637298824727544,2547500
2008-07-30,41.056068420410156,41.77423363427823,39.90700407822124,40.584952215446,2408800
2008-07-31,40.43559265136719,41.061835307370934,39.901277292269775,40.274724265115886,1707600
2008-08-01,41.11928176879883,41.36633086457339,39.70018610586125,40.90096104501387,1594100
2008-08-04,41.469749450683594,41.99257166346065,40.09661734404795,40.75158393954217,1506000
2008-08-05,42.94630432128906,43.0324850728483,41.68233457620389,42.08450557236687,1505300
2008-08-06,43.03823471069336,43.17612129307251,41.36634291392137,42.940560847478345,1437000
2008-08-07,41.84896469116211,43.940267998055205,40.780337776015095,42.40052000543672,2494200
2008-08-08,43.704689025878906,44.06664293883079,41.76851283754448,41.820223044157785,1935200
2008-08-11,45.4627571105957,45.727041546010284,42.7279854484786,43.492110375147476,1951900
2008-08-12,42.84288787841797,45.11803602739236,42.45795215965248,45.0376018289439,2594900
2008-08-13,41.53871154785156,42.842898709550916,40.59647837067602,42.51541528069522,2339700
2008-08-14,42.659053802490234,42.90035648917018,40.99290806350341,41.102070681288644,1378800
2008-08-15,42.81415939331055,43.9345003831862,42.044287957705215,42.90034014381406,1466600
2008-08-18,41.17673110961914,42.91182120385759,40.92968203196269,42.641790306961724,1446500
2008-08-19,40.136837005615234,40.745839995365046,39.4531419925933,40.745839995365046,1377800
2008-08-20,39.75190734863281,40.5677424932398,38.96479620066572,40.337928603443856,1940000
2008-08-21,39.21183395385742,39.550805945575384,38.60857321661829,39.252051044117756,1653600
2008-08-22,40.337921142578125,40.34366769417737,38.99351736843495,39.70018979843291,1167700
2008-08-25,38.913089752197266,40.04491514169058,38.41899143123315,39.998955871137284,1322100
2008-08-26,39.303775787353516,39.59104207651703,38.60858751024237,38.953310563907166,843700
2008-08-27,39.4416618347168,39.68871101532278,39.010762406915816,39.35548107248947,922900
2008-08-28,41.06110763549805,41.06110763549805,39.41843446570258,40.00468686051206,1111500
2008-08-29,41.409393310546875,41.850537535267115,40.17303364493357,40.294927885614435,968200
2008-09-02,42.372947692871094,42.9533990311296,41.815714939562,41.98984768394419,1506400
2008-09-03,42.76182174682617,42.982395948884474,41.36873853802264,42.1059137472868,1123700
2008-09-04,42.140750885009766,43.04625765343994,41.79248109491692,42.39034504646625,1962000
2008-09-05,42.90114212036133,43.01142481591509,40.02790657226866,41.01467608081689,2921500
2008-09-08,44.114288330078125,44.95594074392667,42.92436167609412,43.50481283833199,3228400
2008-09-09,43.27842712402344,44.65990340149615,43.17975151234393,43.80083393363539,3460700
2008-09-10,43.38871765136719,44.26520001045568,41.83891435127306,43.67894318749673,2937700
2008-09-11,43.59767150878906,43.76600281686612,41.34552340154744,41.42098043131053,2255900
2008-09-12,45.37385940551758,45.524777924780665,42.81987379344415,42.953379489040394,2410300
2008-09-15,44.0156135559082,46.72051372200634,42.61092277866652,42.61092277866652,2872000
2008-09-16,47.00493621826172,47.115218925722814,42.210408464726186,43.168153750832445,3978100
2008-09-17,45.01395797729492,47.16162400682602,43.28421277287915,45.35061605070828,4437400
2008-09-18,52.29864501953125,53.62787861557804,43.568659644442576,45.87885705027936,6897800
2008-09-19,54.27216720581055,62.996344819212986,50.13935459010647,58.05670568702791,3942900
2008-09-22,52.00260543823242,56.88420070613843,49.04811183335405,53.98194556807014,2022300
2008-09-23,48.83335876464844,52.47859608797974,48.833358764648445,51.120337952050775,791400
2008-09-24,51.3118782043457,51.66014797918142,48.01491577415271,49.29190642471382,481700
2008-09-25,50.78368377685547,52.02584922365078,49.837549737583764,51.805279320520825,879500
2008-09-26,53.11127471923828,53.11127471923828,47.83497643837949,49.860749501901005,1221700
2008-09-29,46.43611145019531,52.46119531660079,46.43611145019531,52.24062538146973,1081600
2008-09-30,51.80525588989258,53.65689614497867,46.830790599509726,49.071331992836384,1005900
2008-10-01,55.404048919677734,57.75487735737907,51.84007995763223,52.008411287379054,1744500
2008-10-02,50.063907623291016,56.77972670645837,49.355756569220475,55.00354774876639,1029100
2008-10-03,50.88814926147461,55.14285708691314,50.29609106023522,51.39314333642192,764500
2008-10-06,49.46023178100586,51.96197430552212,48.17743553492837,48.902999323105,1048600
2008-10-07,45.855648040771484,51.880730328327296,45.855648040771484,49.524099706893544,740600
2008-10-08,42.686370849609375,47.96266878094192,42.541258086765374,44.32324263735007,884900
2008-10-09,37.572601318359375,44.30002738202827,37.572601318359375,44.30002738202827,2105100
2008-10-10,42.227821350097656,43.02304102338713,35.77320515341166,37.14887376503437,3195100
2008-10-13,40.39940643310547,46.74373882281015,39.44746672987276,45.408703594369946,1796600
2008-10-14,46.43611145019531,50.06393265724182,41.867957392024984,42.239445929347134,2718500
2008-10-15,45.20553207397461,49.27449570499335,43.59187865313297,44.404511114788,1691600
2008-10-16,46.145870208740234,46.42448873212159,42.76183866392807,44.70634929017046,1393900
2008-10-17,45.855648040771484,48.287740157772724,44.044638574524576,44.044638574524576,1116200
2008-10-20,47.062992095947266,47.57959339459671,44.81083823546102,46.26777222695707,1106700
2008-10-21,48.65340042114258,51.20738559021486,44.69472495905185,44.69472495905185,2278300
2008-10-22,45.39707565307617,48.60696922018913,44.30002353339174,47.596985642866485,1351700
2008-10-23,42.97660827636719,45.61765863439281,41.46743601056808,45.54800732317352,2919000
2008-10-24,43.678955078125,44.984970346241695,39.807346435034795,39.807346435034795,2316500
2008-10-27,43.719573974609375,45.710521301782165,42.12333354819794,42.12333354819794,1508400
2008-10-28,46.7553596496582,46.76116097484667,42.500650042466745,44.31746123727161,1522000
2008-10-29,45.75117492675781,48.537343159696334,45.53640633442341,46.714726287050595,1241600
2008-10-30,45.27518081665039,47.341585088088415,44.410310012822336,47.341585088088415,1044300
2008-10-31,47.07457733154297,47.07457733154296,44.98495452325737,44.99656159524395,937600
2008-11-03,47.58539962768555,47.695682363554695,45.87887138479721,46.77856824469008,643500
2008-11-04,50.56309127807617,50.56309127807618,47.34158618183716,48.24128707999114,908700
2008-11-05,45.420310974121094,50.48184665640929,44.590265497390455,50.48184665640929,1851300
2008-11-06,43.09850311279297,46.958504613980445,43.03465312427248,45.130082384103076,1795500
2008-11-07,42.825687408447266,43.66734427765438,41.676396550483155,43.27843862088713,1149500
2008-11-10,41.15398025512695,43.52802291959227,40.64898624829785,43.52802291959227,1394900
2008-11-11,39.8421630859375,41.40357795955478,39.52291321005241,40.707033983575606,1056300
2008-11-12,37.61902618408203,40.556111122041294,37.58420054278064,39.13980932925848,1189800
2008-11-13,39.05855178833008,39.1340088307715,35.62808616240522,38.594189175716494,1742100
2008-11-14,38.21109390258789,39.923422738472176,37.65386142282396,38.30976951881388,1081600
2008-11-17,36.01118850708008,38.60580575740528,35.86607572510208,37.613234860094614,968900
2008-11-18,35.46556854248047,36.96313374811219,33.42818574108723,35.63970567931815,1804500
2008-11-19,32.58652877807617,35.912513762249084,32.54009383524465,35.48298113051402,1561100
2008-11-20,31.92481231689453,35.34947488749591,31.86676808928923,32.592332005582286,2982400
2008-11-21,33.788055419921875,33.97960533113508,30.299545549531437,32.67359045584705,2618900
2008-11-24,36.5103645324707,36.68449936933612,33.77643895812971,34.54843976103401,2445100
2008-11-25,37.369441986083984,38.36201288247471,35.87187922886653,36.69031522989412,1410400
2008-11-26,38.196868896484375,38.196868896484375,36.12535618402213,37.105363937985395,723100
2008-11-28,37.70393753051758,37.78609361209914,36.330751233637024,37.557229602383266,578700
2008-12-01,32.99754333496094,36.88236822222031,32.96233263015131,36.88236822222031,1744100
2008-12-02,35.11602020263672,35.20991321499994,32.751088414710075,33.25576195704617,1260400
2008-12-03,36.5302734375,36.6476402255785,33.39072472826544,34.00689756744597,993900
2008-12-04,36.48332977294922,38.437480625853354,35.655897073447555,35.82021148996417,1161300
2008-12-05,39.834144592285156,39.986722127759144,35.24512191691423,35.24512191691423,1505000
2008-12-08,40.773075103759766,41.64158365351032,39.505516276982696,40.72025791405841,1341300
2008-12-09,38.53724670410156,41.048886318080044,38.226226538422694,40.57942352207916,1003000
2008-12-10,38.038429260253906,39.17688415040479,36.66524304161366,38.29663663175297,932000
2008-12-11,34.59372329711914,37.90345092717369,34.5115672312229,37.621774266149366,1233000
2008-12-12,34.66415786743164,35.19817477166393,33.08558096644708,33.59612405896707,1227500
2008-12-15,33.566776275634766,35.43290140459534,32.74521093685994,35.43290140459534,881600
2008-12-16,35.90237808227539,36.54202498310481,34.182960327896865,34.253379533527884,1829400
2008-12-17,36.01972579956055,36.57721629149584,35.027978919783074,35.20989752957649,1014300
2008-12-18,35.04559326171875,36.51267265494428,34.881278847439354,36.213387205118394,810200
2008-12-19,32.839111328125,34.62308077301201,32.4635392846932,34.62308077301201,3484600
2008-12-22,32.422447204589844,33.32029887236975,32.02340152144655,33.31443154111102,1225900
2008-12-23,31.63022804260254,32.88017789322323,31.00818566387331,32.59849895905863,932400
2008-12-24,32.82149887084961,32.950602567926204,31.618494270862172,31.618494270862172,365800
2008-12-26,32.50460433959961,33.63132225794665,32.12903244634562,33.1266466869172,512900
2008-12-29,31.471790313720703,32.52808711449229,30.691302938927354,32.28161659244703,987900
2008-12-30,32.404842376708984,32.55155027991598,31.254650714241553,31.389623955146746,795000
2008-12-31,33.69001388549805,33.848458741713436,32.40485303653188,32.53982408325188,951900
2009-01-02,33.63719177246094,34.67001678452511,32.62784056489486,34.47049392346171,1039500
2009-01-05,31.665443420410156,32.93300002005444,31.571550421865606,32.79216164153045,1465100
2009-01-06,31.301607131958008,31.929516955409287,30.386148752273296,31.413104363901073,2000500
2009-01-07,29.106853485107422,30.644354259732065,28.89559593856365,30.63261735627095,2581500
2009-01-08,28.93079948425293,29.488289991510943,28.302889806804078,29.341582081105415,1738100
2009-01-09,28.226594924926758,29.189000488194168,27.839286215271848,28.696061926943866,1922800
2009-01-12,26.677364349365234,28.396781139050645,26.360474743939918,28.396781139050645,1864200
2009-01-13,27.581096649169922,28.32637335917141,26.30180305103645,26.30180305103645,2370100
2009-01-14,26.5130615234375,27.07055219419876,26.014255377200737,26.466113903817906,1842000
2009-01-15,24.99315643310547,26.26071252346567,23.80188907296912,26.248975623540098,3565000
2009-01-16,23.432191848754883,25.99664595764966,22.593022271029795,25.515444103950927,3581600
2009-01-20,20.891206741333008,22.980328310900383,20.7092903547186,22.47565271206328,3585800
2009-01-21,22.240922927856445,22.440445800804174,20.46869087722316,21.771455764272133,3869100
2009-01-22,21.266786575317383,23.825371482264064,19.670603276030533,23.12704240811896,5648200
2009-01-23,21.935768127441406,22.340681167870713,19.94053958347424,20.427610936901715,3750400
2009-01-26,21.536725997924805,22.727993752065768,21.17875826684576,22.08834704536359,3019000
2009-01-27,22.18810272216797,22.399360209380635,21.419352550757115,21.947501865250803,1753200
2009-01-28,24.723222732543945,25.233765738115835,23.502611594411714,23.502611594411714,3554000
2009-01-29,23.461532592773438,24.670406777716007,23.414587217845554,24.107048847068867,1561600
2009-01-30,22.8336238861084,24.24202101751188,22.710389752721614,23.754949578051455,2272200
2009-02-02,22.851226806640625,23.091827726885036,22.20571279776599,22.50499599569522,2028200
2009-02-03,21.84773826599121,23.162241918643794,21.478033763903813,23.156372349555667,1796500
2009-02-04,22.446321487426758,23.13878334900159,21.818411496800014,22.27613968921565,1604300
2009-02-05,22.458053588867188,23.197460682893887,21.114208209606556,22.252661112658995,2766000
2009-02-06,24.11878204345703,24.335911384858626,22.70451773196084,22.810147617349376,3301200
2009-02-09,24.312435150146484,25.36873165989767,23.6903928026357,23.848837614886136,1792700
2009-02-10,22.23505973815918,24.312445145861055,22.12942981989732,23.379382360271972,3460800
2009-02-11,22.370027542114258,23.179856051213815,21.759724172723853,22.88644015183136,2518200
2009-02-12,22.63409996032715,23.14464294569046,21.331332785346184,22.1000831681784,3144600
2009-02-13,21.659954071044922,22.862958392474685,21.58366533692941,22.323074399866158,1976400
2009-02-17,20.539112091064453,21.419359752110072,20.48042980909564,21.390018611125665,2218200
2009-02-18,21.1435489654541,21.27852001036294,20.12833022355103,21.084866681088748,2212600
2009-02-19,19.541494369506836,21.50151225753456,19.30089347181115,21.301989398085563,2357500
2009-02-20,20.597789764404297,21.3958811566913,18.71992917924242,19.248077433841306,4071500
2009-02-23,20.726903915405273,21.789070531348138,20.06378319724281,20.879481473219883,2274700
2009-02-24,22.857099533081055,22.857099533081055,19.8701255194169,20.744503665993555,3042800
2009-02-25,22.96465492248535,23.831133374054875,21.37511606990679,22.761480680597,2390800
2009-02-26,23.75344467163086,25.372861358755173,23.05428777170754,23.645881720942317,2518600
2009-02-27,21.87110710144043,23.538331456101574,21.650006374554007,22.647951559434013,2565200
2009-03-02,20.885114669799805,21.936839017767593,20.407058147996267,21.48866060116053,2390100
2009-03-03,20.132169723510742,21.895004940633598,19.62423519566055,21.142066350712287,2311400
2009-03-04,20.030576705932617,20.849248195115358,19.301539483411776,20.5146099522943,2246100
2009-03-05,18.22592544555664,19.833391492082793,17.646281669574996,19.600339039638694,2941900
2009-03-06,19.032636642456055,19.182028253186107,17.395292233680312,18.662142119698924,2852900
2009-03-09,19.319477081298828,20.395104734785175,18.566536128171208,18.77568626628704,2148300
2009-03-10,21.38109016418457,21.38109016418457,19.923017709795946,20.024603688051183,2034300
2009-03-11,21.309391021728516,22.558315045215284,20.849260878385657,22.032451698601527,1400000
2009-03-12,22.976612091064453,23.18576109009636,20.413031208085883,21.058409170046833,1843800
2009-03-13,23.50844383239746,24.41675204917323,21.793415656811256,23.143925148346703,1694200
2009-03-16,22.773433685302734,24.68566155201983,22.641967321352915,23.77735325834039,1941000
2009-03-17,23.75942039489746,23.771372087657973,22.145980624617497,22.74952629193338,1934800
2009-03-18,25.050180435180664,25.1696951159451,22.54038353689225,23.532351511997053,2727000
2009-03-19,23.98650550842285,25.103962916555407,22.47465123391687,24.787250937672308,2917500
2009-03-20,24.064189910888672,24.57810145237688,23.096125309220756,24.57810145237688,1915700
2009-03-23,29.131591796875,29.131591796875,24.607978647909103,24.823104613599106,2866300
2009-03-24,27.249250411987305,28.384636795634115,26.58594818274594,28.10975454428505,2307500
2009-03-25,27.2193603515625,28.241206280447454,25.91665530508652,27.213385644179812,1700700
2009-03-26,28.139617919921875,28.563892774366888,27.213383344306624,28.1097398264283,1495100
2009-03-27,28.528045654296875,28.76707272939124,27.326926452546175,27.542052415818112,1848400
2009-03-30,26.293132781982422,27.870720384172856,26.054103390324933,27.380712182872895,1808900
2009-03-31,27.03411102294922,27.769123024481058,26.054092741354477,26.61581089829512,1410300
2009-04-01,28.755117416381836,29.627572855404527,26.830940243784443,26.830940243784443,2083200
2009-04-02,28.08584213256836,30.320759083993025,27.57193061392482,29.31086245052513,2680800
2009-04-03,28.27108383178711,29.083778448249554,27.553998201212124,28.067909607783402,2244900
2009-04-06,28.33682632446289,28.653540623017257,26.980341653111477,27.8946248956184,1824300
2009-04-07,27.72730827331543,28.671469709308813,27.18949321008573,27.852797694884515,1356900
2009-04-08,28.23523712158203,28.53999740814497,27.428516972786625,27.92449984690926,1364900
2009-04-09,32.603477478027344,32.866407920754426,28.731217327455692,29.800867780052947,3363800
2009-04-13,33.26678466796875,33.98387050046612,31.671270799248653,32.01786315878437,2647300
2009-04-14,30.76894187927246,33.517768468535614,30.511986082676398,33.129346279387185,2058900
2009-04-15,32.926170349121094,32.98592883347898,30.1056359944686,31.07370064553541,1776700
2009-04-16,33.95398712158203,34.587413259753255,32.50786626442008,33.35641606730631,1853500
2009-04-17,35.83634948730469,36.971733522939466,33.08154559124918,34.56352205472898,3234200
2009-04-20,31.378454208374023,34.95790572968129,31.348576112378836,34.6172904203204,3043000
2009-04-21,30.92430305480957,31.324674579884594,28.04401066279346,29.448301773751158,4274300
2009-04-22,29.63951873779297,31.073689955240372,28.390595338794483,29.310855165330697,2812200
2009-04-23,30.798816680908203,31.181261840542202,29.21525226977365,29.97416788072679,1845300
2009-04-24,32.00590133666992,32.97396565052318,30.344652523046236,30.792830741623966,1949300
2009-04-27,30.171369552612305,31.999935884583696,29.920388474378058,30.67930413825922,1301700
2009-04-28,29.609642028808594,30.37453444430162,29.10170760032661,29.603667321925737,1072100
2009-04-29,31.43222427368164,31.557715878554593,30.189278151332882,30.272937701547,1140900
2009-04-30,31.34261131286621,32.86641748584471,30.852603089077885,32.86641748584471,1458300
2009-05-01,29.514036178588867,31.886394168158546,29.322813609508234,31.27687137438172,1776600
2009-05-04,33.63728332519531,33.714965939755565,30.177345537292204,30.59564583233363,2487400
2009-05-05,32.442134857177734,34.1511885305605,32.18517910742842,33.75679170436085,1992100
2009-05-06,34.061546325683594,34.957902807938424,32.86640434934382,32.87237905622246,2144800
2009-05-07,31.611513137817383,35.513651819244295,31.02589143461845,35.232792663582856,2741000
2009-05-08,32.92020797729492,33.165212156094725,30.972126248246965,32.14336562594583,2294000
2009-05-11,30.643444061279297,33.159220024804114,30.565761462643163,32.58555005913212,2221000
2009-05-12,29.968196868896484,31.63541879985057,28.94634837498839,30.960164978885736,2120300
2009-05-13,27.79901123046875,29.800873747402658,27.637666740276437,29.454283652567895,2018800
2009-05-14,28.677448272705078,28.844767510647713,27.338887530503072,27.7571879049133,1781100
2009-05-15,27.583890914916992,28.84476671341656,27.45242450042211,28.617688982803653,1430200
2009-05-18,29.089754104614258,29.257073241596107,28.079860017105936,28.74316185852068,1410400
2009-05-19,30.58966064453125,31.766876320000687,29.89647833095466,30.88844616382379,3247400
2009-05-20,28.522075653076172,30.739064456240417,28.002189300859584,30.661381834571873,3467200
2009-05-21,27.834871292114258,28.50415048685086,27.15363811868821,28.181461448841713,2506300
2009-05-22,27.924503326416016,28.545977953199827,27.536083394341137,28.020114632109422,2881400
2009-05-26,29.280986785888672,29.4363542841982,27.739252101752324,27.90059658820053,2419400
2009-05-27,29.143545150756836,29.573797106615107,28.790978082384758,29.34074244415653,3623700
2009-05-28,29.440608978271484,29.725555631066083,28.81614640086584,29.495173624593388,2144300
2009-05-29,30.495525360107422,30.495525360107425,29.216289215002096,29.76193573136136,1503200
2009-06-01,30.798662185668945,31.2836800325402,29.955943243089973,30.956294431369304,1681800
2009-06-02,29.683122634887695,32.011210820726795,29.525492687844203,31.520131218698715,2554500
2009-06-03,29.707374572753906,30.22270565554951,29.36179917600904,29.54974462324219,1469300
2009-06-04,30.113574981689453,30.434901203616132,29.537617554915204,29.834689992109634,1534700
2009-06-05,29.36786651611328,30.55616348444307,29.09504548631771,30.55616348444307,1510500
2009-06-08,29.719511032104492,29.8468278425785,28.500900666857255,28.96166957059453,1131900
2009-06-09,29.834697723388672,29.877136653985378,28.876787459243772,29.664942001001837,1147500
2009-06-10,28.991981506347656,30.453099688120357,28.640344286120474,30.192402051672453,1170700
2009-06-11,29.4891300201416,30.556172217557272,29.12536700128332,29.367874909605884,1350700
2009-06-12,29.622493743896484,30.174201980699106,29.119286135613503,30.168137956666943,816200
2009-06-15,28.658531188964844,29.81651277703119,28.5312143864742,29.464873250820702,774800
2009-06-16,27.78550148010254,29.05867425731519,27.74912425601838,28.852541279668994,969500
2009-06-17,27.130720138549805,27.761244692360037,26.372878793897577,27.700615997138915,1202800
2009-06-18,27.409610748291016,27.815814993902983,26.954905849429856,27.148913087924054,1056600
2009-06-19,28.373584747314453,28.37358474731445,27.330796436202217,28.149264315233445,1509600
2009-06-22,26.809389114379883,28.458449875001804,26.809389114379883,28.058309842522146,1390800
2009-06-23,27.245908737182617,27.476293132783074,26.57900933903419,26.8275811851893,1207700
2009-06-24,27.852170944213867,28.21593600330494,27.191333515249585,27.60966321756696,1261700
2009-06-25,30.113574981689453,30.513717331192225,27.28834325241907,27.28834325241907,1925800
2009-06-26,29.798330307006836,30.13178012238279,29.149618133153076,29.49519369071073,1033800
2009-06-29,31.132118225097656,31.8232714011307,30.113579380441386,30.313650584417584,1189800
2009-06-30,30.877487182617188,31.568638102136894,30.616789581360013,31.180623713125705,892300
2009-07-01,31.016921997070312,31.283681245001407,30.707723830439896,31.283681245001407,400300
2009-07-02,31.768701553344727,32.73873728865012,30.701659931761164,30.701659931761164,1226300
2009-07-06,32.447731018066406,32.672051378979766,31.06542932749508,31.641386823401174,943600
2009-07-07,31.974849700927734,32.72662717649976,31.714152038967622,32.20523185257954,870700
2009-07-08,30.932048797607422,32.42954385059527,30.51372125938419,32.14459479996248,1205600
2009-07-09,31.0472469329834,31.671709839623944,30.73804864930584,31.247318179229488,767400
2009-07-10,31.138187408447266,31.404946745189996,30.634979615269664,30.82898682612772,718800
2009-07-13,33.10857391357422,33.12676136624895,31.750521170319164,31.750521170319164,1295800
2009-07-14,32.429561614990234,32.86001512656232,31.829349997429055,32.86001512656232,919600
2009-07-15,33.708778381347656,33.939162772378424,32.43560598731847,32.62961316521343,1171500
2009-07-16,33.775474548339844,34.03617217178121,32.78725103996741,33.708784135913206,886600
2009-07-17,33.00550842285156,34.25443190544483,31.896029795622987,33.73910066913487,1266700
2009-07-20,34.624244689941406,36.376372950343345,33.369260008174365,34.4120477934159,3039800
2009-07-21,33.272254943847656,34.75155987807563,32.57504023520787,34.75155987807563,1477000
2009-07-22,33.308631896972656,34.042223854929624,32.969120557171955,33.46020012016869,994000
2009-07-23,34.6606330871582,35.115337926198926,33.120701123295746,33.120701123295746,1237400
2009-07-24,34.87281799316406,34.909195200282724,33.96947034140534,34.909195200282724,543600
2009-07-27,36.09143829345703,36.09143829345703,34.533316551445346,34.860704593118605,711600
2009-07-28,35.40635299682617,36.2915112435597,35.21840748714363,35.89137105580697,751300
2009-07-29,34.709136962890625,35.72767601424511,34.55756867920988,35.30328435738933,632500
2009-07-30,35.85498809814453,36.024743813443735,34.76975877477165,35.29115397204569,699500
2009-07-31,35.35783767700195,36.26118537524217,35.18808199387536,35.74585198857572,1048000
2009-08-03,35.24870300292969,35.96410514839158,34.95769231349988,35.96410514839158,904800
2009-08-04,35.76405715942383,35.958064398804346,34.86070907194995,35.06078033848227,901500
2009-08-05,36.43096160888672,36.52796524149941,35.64280680481496,36.37033520578467,1120700
2009-08-06,35.79436492919922,37.03116262726772,35.5639805000888,36.594645248479225,1063400
2009-08-07,37.097843170166016,37.582863409025954,36.048991182215026,36.582512057312215,831100
2009-08-10,37.358551025390625,37.63137440668152,36.52795745368149,37.63137440668152,616500
2009-08-11,36.14599609375,37.35248039742462,36.00655357942294,37.158473219861065,622800
2009-08-12,36.158111572265625,37.35246979937263,35.74584585872861,37.340344065121855,588000
2009-08-13,36.540069580078125,36.66738633966171,35.70947631783345,36.41275282049454,642300
2009-08-14,36.388511657714844,36.47945123486137,35.59429306591114,36.24906912255816,650300
2009-08-17,35.01226806640625,36.115684814388295,34.92739021083042,35.69129322376102,689300
2009-08-18,35.21839904785156,35.57003618907006,34.86069788142786,35.04257932086832,435800
2009-08-19,35.43059158325195,36.376378250350285,34.75156650348148,34.75156650348148,870100
2009-08-20,36.12782669067383,36.170265637418815,35.32754610526959,35.47305040475265,612400
2009-08-21,36.64313507080078,37.07359060895572,36.23086929322132,36.29149797389341,885300
2009-08-24,36.8917121887207,37.37066842759153,36.64314034406273,37.37066842759153,1069700
2009-08-25,37.18272399902344,37.38279288531247,36.37637980326537,37.219098898668015,812200
2009-08-26,37.26152801513672,37.87386487577959,36.709819825855554,37.164524453705326,708900
2009-08-27,37.1281623840332,37.57680314328931,36.55220252732775,37.43736062012873,674900
2009-08-28,37.80278778076172,37.93157673116861,36.98712208869429,37.692396583415686,816400
2009-08-31,37.87636184692383,38.4283175526138,37.03003288418492,37.440931423262455,983100
2009-09-01,35.95063781738281,38.360839457914224,35.79731711424208,37.78435445632084,1230800
2009-09-02,34.90192413330078,36.34313778076272,34.84672858759651,35.834114272146174,819900
2009-09-03,35.80345916748047,35.98744358402476,35.03685548230524,35.03685548230524,609200
2009-09-04,35.85251998901367,36.26342077395064,35.32509628808887,36.2511548344537,391500
2009-09-08,36.005855560302734,36.94418043281685,35.736011798642636,36.93191448826552,788500
2009-09-09,36.183712005615234,36.44128984947969,35.75441325968452,36.03039119203212,791100
2009-09-10,36.68659210205078,36.78471729710835,36.09170679105159,36.15916830130789,812100
2009-09-11,36.38608932495117,37.26308205090931,36.3370255514626,36.78472195684315,866200
2009-09-14,36.37995910644531,36.55167765319311,36.165310923010566,36.165310923010566,582000
2009-09-15,38.23207473754883,38.55711408453777,36.42902297384166,36.51488224742442,939200
2009-09-16,40.973445892333984,40.99184363825934,38.232071793446664,38.232071793446664,1349300
2009-09-17,39.986061096191406,41.37208238034226,39.605828522639605,40.96731791833884,703000
2009-09-18,40.5012092590332,40.72199150995834,39.746869121876,40.08417663828327,880500
2009-09-21,40.15165328979492,40.29883995294895,39.513838177487905,39.96153698826348,471600
2009-09-22,39.97380447387695,40.679081183372354,39.5567716553129,40.56869000554716,618100
2009-09-23,39.121334075927734,39.912469928730545,39.10906813175758,39.912469928730545,462300
2009-09-24,38.73496627807617,39.992196352640136,38.45285657148908,39.403445050330625,568200
2009-09-25,38.311790466308594,38.790150466508095,37.26920887915286,38.71655716020564,1074800
2009-09-28,38.777889251708984,38.79628699565462,37.48999570674968,38.37925664945459,812800
2009-09-29,38.311790466308594,39.31144009034144,38.115540089842696,38.8208141491767,559400
2009-09-30,38.219810485839844,39.01094640945105,37.974496259459826,38.72883668675693,665900
2009-10-01,36.9012336730957,38.50803667322734,36.79697669541331,38.0112766456233,1037100
2009-10-02,36.882843017578125,37.477728337051715,36.23889626962145,36.35541920932186,1078100
2009-10-05,37.06682205200195,37.54518436187309,36.925767248927414,37.06682205200195,1167900
2009-10-06,38.213687896728516,38.26274935013991,37.23856723796395,37.410285834139465,998900
2009-10-07,38.3056640625,38.39765746857432,37.624919408120604,37.9928906929284,627800
2009-10-08,38.72882843017578,38.876015063033265,38.342459424818536,38.833085433492386,578300
2009-10-09,40.48894119262695,40.51960721390865,38.587764847609606,38.77175161734396,1280300
2009-10-12,40.61160659790039,40.77106150995956,39.9492597437887,40.45828582679927,617000
2009-10-13,40.40921401977539,40.758785121197754,39.74073783664291,40.4889391204585,844500
2009-10-14,41.255558013916016,41.280089902923,40.02899163744309,40.924389209770204,744100
2009-10-15,41.206504821777344,41.38435753333839,40.519625868056764,41.0777158952635,573600
2009-10-16,40.801719665527344,41.77070798605283,40.0351158699809,40.56253965563511,1429100
2009-10-19,40.64226531982422,41.50086251833309,40.23136680276626,41.04090023473673,843000
2009-10-20,41.28620910644531,42.862346142764565,40.39695067685211,42.046678674585706,1578000
2009-10-21,40.64226531982422,42.55571010401728,40.519610582456515,41.267816645743125,1307200
2009-10-22,42.291996002197266,42.30426428268127,40.45828110399634,40.79558395365737,1056900
2009-10-23,42.17548751831055,42.702911493563555,41.6357999366707,42.27974922800841,627600
2009-10-26,41.660316467285156,42.69676628655749,41.48246382688482,42.16320836535646,879800
2009-10-27,40.89371871948242,42.25520799753952,40.844654946818636,41.59899524484286,899700
2009-10-28,39.77140808105469,41.286218086000005,39.67328521816841,41.01024256271744,816600
2009-10-29,40.274295806884766,40.77105824720379,39.60581954428929,40.77105824720379,1294600
2009-10-30,38.54484558105469,40.25590615497472,38.176876621701595,40.10258536532933,1199200
2009-11-02,38.80855941772461,39.90633688656286,38.25660595179572,38.86375499826647,884600
2009-11-03,38.483516693115234,39.07226794080733,38.18300692780955,38.47738489114509,939300
2009-11-04,37.37961959838867,39.18880589786912,37.23243056915541,38.6920455561334,1462000
2009-11-05,38.37312698364258,38.4405885052965,37.03616951292343,37.5635934027746,1121200
2009-11-06,38.532569885253906,38.790147608076204,37.72303421762518,37.93155051969084,665500
2009-11-09,39.6303596496582,39.6303596496582,38.55097997342212,39.40957733681493,787000
2009-11-10,38.968021392822266,39.64876622925577,38.64297965339151,39.64876622925577,501800
2009-11-11,39.397308349609375,39.863404854950645,39.004807506894345,39.19492612611112,597200
2009-11-12,38.63683319091797,39.43410304898862,38.58163762135137,39.31757776907623,636400
2009-11-13,38.3301887512207,39.017065078585645,38.146204313112655,38.74722139199311,633800
2009-11-16,38.88214111328125,39.237844018244544,38.336317306502366,38.58776322984346,1217800
2009-11-17,38.949615478515625,39.02934295054688,38.38539605057701,38.918951786038924,1035300
2009-11-18,39.783687591552734,39.83888084019512,38.7411032203894,38.833096647106764,954000
2009-11-19,40.06578063964844,40.36015386769887,39.250113103756256,39.29304272780436,1746100
2009-11-20,40.38471221923828,40.46444205828364,39.28080487204745,39.94928155307632,1145200
2009-11-23,40.85078048706055,41.36593595462816,40.666793717799024,40.777184843560356,794500
2009-11-24,40.73426055908203,40.85691998098898,40.200707280467,40.74652884076198,950500
2009-11-25,40.703609466552734,40.88146216388708,40.47669298809586,40.72814135711399,325400
2009-11-27,39.575531005859375,40.4308861716096,39.56313667873957,39.94122749542684,420200
2009-11-30,40.64781188964844,40.67260526635431,39.66849478960532,39.80485599706108,636700
2009-12-01,40.69120407104492,40.914339759712675,40.226338841129376,40.765579481365066,926200
2009-12-02,40.56105041503906,40.920542670178136,40.28212838448345,40.54245655877294,577300
2009-12-03,38.94331741333008,41.094094988123864,38.906127337614485,40.90814697397312,830500
2009-12-04,39.32139205932617,39.89782739044108,38.552816346692396,39.43295988284178,927500
2009-12-07,38.0755500793457,39.66229043434654,37.945388421886264,39.278000258381375,1580800
2009-12-08,39.5135383605957,39.71808016468113,38.38546576831791,38.404059617988786,1469800
2009-12-09,39.64369583129883,39.90401915677887,39.18503024895031,39.383372505818784,933800
2009-12-10,39.41437530517578,39.97841171699349,39.24082636751708,39.72428310909762,734800
2009-12-11,39.94123840332031,40.03420770424442,39.16646033882101,39.48257014852975,758600
2009-12-14,40.19533920288086,40.2201325784534,39.59411521401864,39.947410176008354,774200
2009-12-15,38.937110900878906,40.0775827073145,38.81934589554428,40.0775827073145,795800
2009-12-16,39.06727600097656,39.25942116114781,38.497042412484326,39.08587221933313,744200
2009-12-17,39.296607971191406,39.8668415123452,38.78835551427544,38.906120520098035,884400
2009-12-18,40.2077522277832,40.2077522277832,39.432974340668345,39.519748820901,974200
2009-12-21,40.765586853027344,40.79038023723535,39.86684913754621,40.288327211373215,613600
2009-12-22,41.441192626953125,41.50937324976268,40.62302988209277,40.920541028121406,628200
2009-12-23,41.06928634643555,41.52795195439036,41.03829344597329,41.34820353518516,376100
2009-12-24,41.41639709472656,41.52796495091303,40.932937960869914,41.10028738072254,352100
2009-12-28,41.43498992919922,41.571351164387195,41.13747880592913,41.44738898450033,374100
2009-12-29,41.4225959777832,41.775893395398896,41.33582150530596,41.565152013058366,333100
2009-12-30,41.577537536621094,41.65191292947871,41.19324733439739,41.31721420391433,316500
2009-12-31,41.459774017333984,42.11058713798901,41.428781114882604,41.726296900315674,441400
2010-01-04,41.53417205810547,41.93085679052348,41.10649440986995,41.91845773265446,721000
2010-01-05,42.277950286865234,42.389518151635585,41.342020128450315,41.40400595354292,779200
2010-01-06,43.69111633300781,43.94524483692407,42.24073960842375,42.41428847507292,1355100
2010-01-07,45.321258544921875,45.6621568463325,43.46799258600122,43.74691453681345,1827000
2010-01-08,45.76752853393555,46.08363820999086,44.893584372769624,44.97415930912139,1381700
2010-01-11,45.333648681640625,45.97826225186953,45.22828038342077,45.82950672915603,550400
2010-01-12,44.434913635253906,45.24687662027518,44.1931841247689,45.07332771314267,779500
2010-01-13,45.63117218017578,45.95967618250009,43.93906068078469,44.47210651699706,1475700
2010-01-14,46.69725799560547,46.9079993514802,45.538197089281674,45.62497155086142,942900
2010-01-15,45.34605407714844,46.66007004783194,45.20969285856352,46.424540043182915,1404200
2010-01-19,46.30058670043945,46.57950874613779,44.91219018722245,45.3770555345315,1286100
2010-01-20,48.153839111328125,48.544324185704944,45.649764610331104,45.649764610331104,3381000
2010-01-21,48.711666107177734,49.77775758282314,48.22201232203739,48.22201232203739,2716300
2010-01-22,46.85220718383789,48.71786733124782,46.653864906724245,48.57531133177549,1646200
2010-01-25,46.48652267456055,47.62698976099336,45.73034114910445,47.335678191136495,1181900
2010-01-26,45.699363708496094,46.80883814894527,45.41424214104414,46.151829987345366,1468300
2010-01-27,47.29230880737305,47.50924504928926,45.56920374436111,45.76135132622011,1356600
2010-01-28,46.93278884887695,47.78813906893198,46.64147258244321,47.317074367276284,1040700
2010-01-29,45.711761474609375,47.13115097463952,45.55680635096663,47.044376483707985,1837500
2010-02-01,46.42453384399414,46.64766949390932,46.00925544565034,46.00925544565034,857400
2010-02-02,46.48652267456055,46.98238080796398,46.14561961673899,46.567097611475816,667400
2010-02-03,44.732421875,46.1704045233549,44.67664032787699,46.15181067431389,1246000
2010-02-04,43.784114837646484,44.571289432637776,43.3316485714839,44.490709750195826,2136400
2010-02-05,45.04233169555664,45.09191844526647,43.44319448381017,43.79029700292623,1775800
2010-02-08,44.186988830566406,45.023745272300125,44.05682713775036,44.81920344265198,853000
2010-02-09,44.62087631225586,45.24069681005188,44.23659063008961,44.62087631225587,595900
2010-02-10,45.04233169555664,45.47620866223854,44.4473048855969,44.627053306655476,574100
2010-02-11,44.875,45.166316358211866,44.55889025716855,45.116729588972696,429900
2010-02-12,44.67045211791992,44.74483226177882,43.93906392096297,44.472109796483494,830700
2010-02-16,46.560909271240234,46.69726578442793,45.104327575659426,45.271681728657946,1116600
2010-02-17,46.1704216003418,46.88321602662128,45.74274872765771,46.7158665945022,1018500
2010-02-18,46.75305938720703,46.79644663201629,46.120844573007126,46.269600165373866,1454200
2010-02-19,47.47821807861328,47.5092109747392,46.62906757944665,46.71584201397678,1711800
2010-02-22,48.401756286621094,48.54431701077883,47.71995502452742,47.77574130053793,1179800
2010-02-23,47.86253356933594,48.40177430804731,47.05057033270326,48.40177430804731,1805100
2010-02-24,48.91334915161133,49.394979449526076,48.043917845732885,48.15650631271565,1590300
2010-02-25,47.90005874633789,48.36917657345689,47.255804360632595,48.36917657345689,1080300
2010-02-26,48.43171691894531,48.56306931688322,47.387149202882554,47.87503090154121,1042000
2010-03-01,48.66315460205078,48.86331133741081,48.16276037759422,48.38168106125159,829200
2010-03-02,49.07597732543945,49.47003456842441,48.700684031342384,48.76948835867338,694500
2010-03-03,47.91255187988281,49.213572736617266,47.624826939432054,49.1260044839632,832000
2010-03-04,47.63734817504883,47.90630444899794,47.08065736352408,47.45595539774081,1004500
2010-03-05,49.13227462768555,49.18231023471155,47.96260581890071,47.96260581890071,708100
2010-03-08,49.2448616027832,49.35745006637888,48.7882515081693,49.06972028110198,906200
2010-03-09,49.28240966796875,49.520094400778,48.53181801279242,49.007192250525925,1177500
2010-03-10,49.764015197753906,50.03923250359989,49.06346899685588,49.28238968463651,1067500
2010-03-11,50.22689437866211,50.35199058306625,49.495066789343596,49.63893171931122,490800
2010-03-12,50.03923034667969,50.87113369650032,49.901621699688256,50.62093659034435,849900
2010-03-15,50.23312759399414,50.339464578421186,49.864090584627704,49.9766790365232,709900
2010-03-16,50.946189880371094,51.29021150050011,50.13305524424067,51.29021150050011,852000
2010-03-17,51.78435134887695,51.865663383795926,50.989975859899786,51.06503642667251,621100
2010-03-18,52.54119110107422,52.60373918367675,51.5966993058038,51.66550362830042,1273700
2010-03-19,52.090858459472656,53.166703097453606,51.928229560864786,52.090858459472656,1057600
2010-03-22,52.072078704833984,52.20968736404855,51.140099293035284,51.80937386748616,543300
2010-03-23,52.04703903198242,52.1220995740329,51.19637197718977,52.1220995740329,462000
2010-03-24,51.940711975097656,52.5411820544956,51.771826931825494,51.853143720109124,288100
2010-03-25,51.57170486450195,52.91651078633189,51.50915675067351,52.31604030377147,606700
2010-03-26,50.5458984375,52.347314582830194,50.25191706533208,51.78437203741451,963200
2010-03-29,50.633445739746094,50.952447178479815,49.864095223645535,50.68348611682452,658900
2010-03-30,49.88911437988281,50.77105334010432,49.22609132759537,50.55213266005734,2020300
2010-03-31,49.651424407958984,50.12054219070577,49.25736718841232,49.73899267896936,1217400
2010-04-01,49.770259857177734,50.03922086018571,49.25110179544643,49.95165260544935,561900
2010-04-05,51.046268463134766,51.18387710533841,49.67019158532375,49.982936764109226,741800
2010-04-06,52.82891845703125,52.94150691958689,51.05252801683441,51.14009629080957,1411300
2010-04-07,52.134620666503906,53.16042447739619,51.73430721699047,52.74134708057942,1174100
2010-04-08,52.62251281738281,52.81016187184344,51.846905951698666,52.09710310027494,812000
2010-04-09,53.379371643066406,53.44817599873654,52.50993999099664,52.67882514477429,740200
2010-04-12,53.36057662963867,53.58575352220847,52.797639170326505,53.38559681460335,475800
2010-04-13,53.11665725708008,53.39813087259869,52.484915226841125,53.36059819392765,471800
2010-04-14,54.286319732666016,54.41767216178219,53.38561190773945,53.42314458185385,571400
2010-04-15,53.8797492980957,54.80547730363252,53.82345744578956,54.80547730363252,694400
2010-04-16,52.69756317138672,54.123680437887394,51.477858870330294,53.986071794257896,2127500
2010-04-19,52.60374069213867,54.31758301958055,51.740565674400706,52.79764595751357,2139400
2010-04-20,53.16668701171875,54.011098145129274,52.47239224662019,53.04784230191042,1323000
2010-04-21,53.967315673828125,54.730414792183005,53.22298050557813,53.373101650644095,1283400
2010-04-22,54.93054962158203,55.04313804938569,53.360567870573085,53.74837351569937,758900
2010-04-23,55.349632263183594,55.49975336283856,54.34259255386357,54.93681116941246,609300
2010-04-26,53.44815444946289,55.45598289596953,53.323058274379996,55.162001635200234,797900
2010-04-27,52.59749221801758,53.97983037947161,52.24096283499416,53.16669084592378,1328300
2010-04-28,53.43564987182617,54.28006103339636,52.94776807945733,52.94776807945733,1067000
2010-04-29,55.943851470947266,56.15025963396184,54.161200377541675,54.29255753415831,1579000
2010-04-30,54.63658142089844,56.018914529406445,54.52399296638992,55.70616935267307,814800
2010-05-03,55.76248550415039,55.80626965334973,55.043170391206075,55.074446828683186,706800
2010-05-04,54.49273681640625,55.26834373919127,54.192499261588225,55.036910524599996,1038500
2010-05-05,54.67411804199219,55.36840799421804,53.573253604068185,54.129939677152436,720800
2010-05-06,52.7100830078125,55.299618101197794,50.42079023010196,54.43643814603141,1699800
2010-05-07,52.58497619628906,54.27379831795858,52.290994953365114,53.2167228179695,2062900
2010-05-10,55.33088302612305,55.66864843195932,54.01735407372419,55.093198379992316,1570500
2010-05-11,55.52478790283203,56.29414329425013,54.298827132633114,54.298827132633114,1157300
2010-05-12,56.725704193115234,56.79450849255162,55.54977963701065,55.93132901675379,813400
2010-05-13,56.431724548339844,57.213587269809615,56.2503318243055,56.51929279137555,693200
2010-05-14,54.574058532714844,56.043960587482474,53.87350729547967,55.96264852195669,1133000
2010-05-17,54.943084716796875,55.305870361925464,53.648319537629725,54.711656279684505,916700
2010-05-18,52.29726791381836,55.39970062616599,52.0032865769029,55.349660234326244,2288700
2010-05-19,52.15964889526367,53.229237005470424,51.22766944931396,52.19092532699972,2046200
2010-05-20,49.85157775878906,51.62171655101457,49.83907005182658,51.290207437214484,1508800
2010-05-21,52.54119110107422,52.59123147600137,48.700680609502825,49.10099406469436,2559400
2010-05-24,50.91493606567383,52.603758785825256,50.82736776297647,52.603758785825256,1920500
2010-05-25,50.5458984375,50.73980378610234,49.31368108034427,49.957940465279165,1866400
2010-05-26,50.23937225341797,51.61544877307768,50.10801988516866,51.22139166832976,1929600
2010-05-27,51.41303634643555,51.5897126697524,50.32142218584392,51.07860780407864,1745800
2010-05-28,49.9996223449707,51.65281708756904,49.76615923760587,51.450900576677356,1592100
2010-06-01,48.92061996459961,50.195221575535236,48.5672673504321,49.70304567342837,1448700
2010-06-02,50.27095413208008,50.30250554640358,48.99635690697145,49.33709196257156,1013000
2010-06-03,49.822940826416016,50.712638519385216,49.185639949371556,50.22677380626805,1194800
2010-06-04,47.55136489868164,49.10990959606199,47.41254645071081,48.93323332194181,1201900
2010-06-07,46.844669342041016,48.19498678122259,46.819429178851685,47.955212452027254,1280500
2010-06-08,48.327484130859375,48.46630259293887,46.76263284612377,47.00871836924,1442600
2010-06-09,48.11927032470703,48.636681626518126,47.70281485994578,48.51679205683192,1894400
2010-06-10,49.62102508544922,49.709363250245886,48.49155304804161,48.56096229382027,1216200
2010-06-11,49.46327209472656,49.526370089024574,48.37166283257266,49.10360823175268,770600
2010-06-14,48.92061996459961,50.24569708179609,48.71870349735127,49.86079306390577,1117200
2010-06-15,50.07534408569336,50.22678026910643,49.04683258498915,49.49483470421869,1036200
2010-06-16,51.69697189331055,52.4920200414808,49.87972379727515,49.96175070232975,2532800
2010-06-17,56.37261199951172,57.41374586597377,52.227010266638615,52.35952232711994,5959000
2010-06-18,57.2370491027832,57.33169847759168,54.656304713137175,55.56492619472394,3728800
2010-06-21,59.59695816040039,60.56237616855442,56.96573302081922,56.984661936143574,3348100
2010-06-22,59.130035400390625,60.66965157952788,58.7009622757492,59.48969928324678,1836300
2010-06-23,57.43266677856445,59.786259920539294,57.104554330435946,59.33194667384734,2025000
2010-06-24,54.70050048828125,57.129809952840155,54.46703255829987,57.129809952840155,2199700
2010-06-25,55.760562896728516,56.42309920962038,55.053852682241036,55.186359944819415,1421900
2010-06-28,56.309513092041016,56.56822115044523,55.21159248653378,55.38195756801623,1143700
2010-06-29,54.44810485839844,56.18963787645916,54.195708001364046,55.489238884871796,1449700
2010-06-30,53.60257339477539,55.45137341887179,53.50161754551626,54.51751135342991,1003400
2010-07-01,55.02228927612305,55.394575630459656,53.129320542117874,53.60256272561917,1834300
2010-07-02,53.56470489501953,55.55232302867144,53.21765870146802,55.55232302867144,892400
2010-07-06,54.239864349365234,55.31885596601463,53.5899458446643,54.675248705126194,1100800
2010-07-07,56.3032112121582,56.429407222413,54.359761844191425,54.586918513905424,1165800
2010-07-08,55.918277740478516,57.16132271194807,55.04120293207749,56.675463032284675,1100200
2010-07-09,56.93418884277344,57.09824265857265,55.39457281032899,55.56493786952608,833200
2010-07-12,56.23379135131836,56.801678104377324,55.68482870075062,56.74489135469875,608900
2010-07-13,57.74188232421875,57.85546068939364,56.681819187276645,56.915282349974106,890400
2010-07-14,56.7512092590332,57.51470613897695,56.120219624626586,57.281238241181704,717000
2010-07-15,56.019264221191406,57.00360660259337,55.18004677342213,56.751214576437505,595800
2010-07-16,54.09474182128906,55.49553472300825,53.949612091624275,55.24944915824212,1165000
2010-07-19,54.315574645996094,54.70047860720513,53.495286410682645,54.580589067595476,628700
2010-07-20,53.6845817565918,53.949596161306275,52.687617303731855,53.38170471258432,1387700
2010-07-21,52.687625885009766,56.31581569146254,52.2774817266841,55.0980057029948,1440700
2010-07-22,54.694183349609375,55.10432758713569,53.21766505732846,53.45744420662609,906800
2010-07-23,56.511444091796875,56.782769894251246,54.27143322415737,54.66895505907282,1111600
2010-07-26,58.29082489013672,58.366545384781894,56.1959393456457,56.789071185193194,932700
2010-07-27,56.694400787353516,58.978584316028304,56.599751407594844,58.87131726553327,621700
2010-07-28,55.419837951660156,57.12981981411662,55.211610152280386,56.675506366040885,531600
2010-07-29,54.8961067199707,56.145468508339974,53.96223979780816,55.842591318590884,1199000
2010-07-30,55.11063003540039,55.937229695198596,54.01270946574966,54.485951671607395,735300
2010-08-02,56.511444091796875,56.990997680475076,55.678537760971615,56.01927282550059,645500
2010-08-03,55.52075958251953,56.65023125994078,55.438732688228875,56.4672437443071,436900
2010-08-04,55.90566635131836,56.088653876197206,55.21157889375328,56.08234263352755,584600
2010-08-05,55.318851470947266,55.552319332353754,54.580594869134174,55.21158440519353,432500
2010-08-06,54.82038116455078,54.92134182318173,53.640433554733896,54.82669240923251,609000
2010-08-09,55.495540618896484,55.766866374780975,54.650016755577376,55.274695192960095,436600
2010-08-10,55.47028732299805,55.90566678926196,54.52380310597645,54.95287132952127,449600
2010-08-11,53.249210357666016,54.675248158724145,53.249210357666016,54.62476783686563,787100
2010-08-12,53.754005432128906,54.01901990809983,52.60560455551967,52.68132022632931,953500
2010-08-13,53.85497283935547,54.31559746341117,53.51423780527377,53.87390176112618,865300
2010-08-16,53.918052673339844,54.04425346604973,53.31230331053639,53.59625148358264,617600
2010-08-17,57.06038284301758,58.27819281679646,55.52707810726559,55.735305805544165,1913900
2010-08-18,56.820613861083984,57.51470143940301,56.11390379522964,56.78906245631419,1256900
2010-08-19,56.35368347167969,56.99098435900208,55.57125766235659,56.864788356038936,996500
2010-08-20,56.63762664794922,56.72596480495834,55.55863503242201,55.82364950344936,672200
2010-08-23,56.019264221191406,57.35696410453636,55.9750951352072,56.6060848287355,485900
2010-08-24,55.12955856323242,55.779477027673884,54.91501961351365,55.205274228018176,609400
2010-08-25,54.77619171142578,55.43873254863578,54.037935222466565,54.896081245451896,620200
2010-08-26,54.67525100708008,55.80472299364584,54.549050195859245,54.92133657137482,459600
2010-08-27,55.388282775878906,55.558652714381225,54.25250404683364,54.99076094282357,438600
2010-08-30,54.03347396850586,55.43917549333019,54.03347396850586,55.43917549333019,468500
2010-08-31,54.47232437133789,55.038418904134936,53.67088525921173,53.94439198819637,721000
2010-09-01,55.649051666259766,55.89711540742192,54.75856407740659,54.796731089500966,748800
2010-09-02,55.515472412109375,56.15789618060483,55.27377067822019,56.024323786658194,677400
2010-09-03,56.564964294433594,56.571326269883976,55.769887209924384,56.18968538710723,479200
2010-09-07,53.87443923950195,56.227871104742476,53.85535815956429,56.03068862226363,808000
2010-09-08,54.357852935791016,55.33102692979905,53.88716845787727,53.88716845787727,614300
2010-09-09,55.47095489501953,56.22787007040292,54.974827414698865,55.331020507694845,650100
2010-09-10,55.06386184692383,55.922544181850604,54.504129291088134,55.922544181850604,399900
2010-09-13,56.221500396728516,56.285105604232676,55.41370407061649,56.151533212644054,596300
2010-09-14,55.90983200073242,56.2533059477549,55.01934452912966,56.164257685871256,488700
2010-09-15,55.591793060302734,55.78897063267886,54.82851611537449,55.65539825918868,629100
2010-09-16,55.2865104675293,55.47733101758339,54.74585871273359,55.47733101758339,319100
2010-09-17,55.146549224853516,55.86530207477051,55.019338821863045,55.572714265679785,754600
2010-09-20,57.88162612915039,60.425873431530626,55.07023402468421,55.375540983420535,1996400
2010-09-21,56.412322998046875,58.63853931395697,56.34871293537914,58.07244469613257,1065000
2010-09-22,56.57134246826172,57.83710419045845,55.59180663733875,56.208787408023795,1000700
2010-09-23,56.08156967163086,57.722610336778466,55.680852470834324,55.680852470834324,832600
2010-09-24,57.639923095703125,57.67172327461302,55.833505027899854,57.003861284307106,1066300
2010-09-27,53.58184051513672,55.25468602509011,53.429187053757616,54.77127773582924,1921100
2010-09-28,52.475101470947266,53.67089597565285,51.57189482847497,53.40375116919203,1991100
2010-09-29,52.03620910644531,52.60866563980742,51.69909716256706,52.080733233886484,880800
2010-09-30,52.03620910644531,52.557779536227244,51.71817823821814,52.386045002601584,1094600
2010-10-01,52.099822998046875,53.42282781917335,51.521004445931425,52.831290166609406,706300
2010-10-04,52.252471923828125,52.545059736365445,51.61641019585156,52.06801344038302,766900
2010-10-05,52.85037612915039,54.230634014568054,52.379691724785424,53.00939158967055,1673400
2010-10-06,50.191654205322266,51.01216990599325,49.06582175997465,50.776830074315484,11228600
2010-10-07,48.89408493041992,50.21073300207852,48.44248151821281,49.98175030676679,16449400
2010-10-08,48.8749885559082,49.24390558097612,48.48063332814363,48.8749885559082,3610800
2010-10-11,49.11669921875,49.50469735431412,48.79230630072146,48.86227349584069,2162700
2010-10-12,49.326595306396484,49.45380572728934,48.66509044166732,49.24390416532628,2250800
2010-10-13,48.83684158325195,49.72732939026785,48.70963111915031,49.63828109484307,2103700
2010-10-14,48.12444305419922,48.938601465277465,46.852319323697735,48.824110135421655,3750000
2010-10-15,47.844573974609375,48.61420824430848,46.756908774318894,48.61420824430848,2758000
2010-10-18,48.84319305419922,48.84319305419922,47.70464169019452,47.79368996646152,1553300
2010-10-19,48.168983459472656,49.091271534477336,47.97816289434204,48.296193934380696,1774100
2010-10-20,47.113101959228516,48.58876528605408,46.87140019848504,48.05447565090527,3343700
2010-10-21,46.40707778930664,47.53291012195782,45.81554000082061,47.53291012195782,2240100
2010-10-22,47.34844970703125,47.501103205282156,46.42615703417383,46.667863663568916,1674400
2010-10-25,47.43747329711914,47.69189889696924,46.99858925869684,47.46927346412247,1061400
2010-10-26,47.81275177001953,48.12442546406357,47.24665730508299,47.24665730508299,1195000
2010-10-27,47.67283630371094,48.417032396702986,47.418415432116355,47.46293956992211,1417100
2010-10-28,47.48838806152344,48.06720191922943,47.07494681872337,48.06720191922943,1031400
2010-10-29,47.54563903808594,47.59016318822491,46.74419948281596,47.3039372020127,1047300
2010-11-01,49.27571105957031,49.841805703645136,48.32798028562444,48.35341848855139,6236000
2010-11-02,49.390201568603516,49.77183769217551,48.88135016866313,49.77183769217551,2025100
2010-11-03,51.31745910644531,51.35562125627148,49.55557029982825,49.752747877617765,4020600
2010-11-04,52.4687385559082,52.92034186907173,51.25386299428145,51.99169218742703,2186800
2010-11-05,52.602317810058594,53.740869206835484,52.32245387063545,52.538712589860936,2729000
2010-11-08,52.29701614379883,52.54507992479741,51.864493808484006,52.309735248028204,1442500
2010-11-09,51.08846664428711,52.7104256376579,50.85312210931609,52.7104256376579,1986300
2010-11-10,52.322444915771484,52.621394737579884,51.1202885045432,51.43831940386849,9431900
2010-11-11,52.21432113647461,52.79313981802467,51.64186928572198,51.978981329803936,2609000
2010-11-12,51.508277893066406,52.15069670724297,51.23477117171603,51.83902783730227,1834700
2010-11-15,51.70546340942383,52.37968735286924,51.55916706273867,52.2842771139673,941200
2010-11-16,50.73229217529297,51.62913681899692,50.108949455820564,51.34291094080273,1584400
2010-11-17,50.59235382080078,51.063038172316254,50.357009218659954,50.98671386560716,1267000
2010-11-18,49.472900390625,51.31748111670051,49.4092951627123,51.15210364191321,3502900
2010-11-19,49.48561477661133,50.05806656987281,49.12305970958784,49.31387535641937,2969300
2010-11-22,48.8877067565918,49.64462179605462,48.64600503728546,48.938592861529784,2640000
2010-11-23,49.046730041503906,49.256631618378854,48.258014699849745,48.48063537861098,1610400
2010-11-24,49.1802978515625,49.56829593517777,48.64600827247902,49.30115114563603,822900
2010-11-26,48.62693786621094,49.35204815660746,48.506089386323474,48.76051515639213,330100
2010-11-29,49.42293167114258,49.6732877397385,48.3701510499672,48.56915566938224,747500
2010-11-30,49.403690338134766,49.55775453102112,48.76817125706772,49.18543313968013,1466100
2010-12-01,50.392269134521484,50.70681823294715,49.58984446677432,50.08413590715752,1113100
2010-12-02,51.76601791381836,51.836631673851706,50.37943068453266,50.48213849155577,1056400
2010-12-03,51.90724182128906,52.04204856353111,50.85446116011318,51.53491563931904,849100
2010-12-06,51.12406539916992,51.89439090056253,51.00209531736555,51.72106937691272,565700
2010-12-07,51.01495361328125,51.90082872072032,50.80311231662896,51.355180903146724,754400
2010-12-08,52.21537399291992,52.62621991573754,51.002108325105866,51.09840026174107,1750600
2010-12-09,53.43506622314453,53.5441997085571,52.19612224471557,52.19612224471557,1132600
2010-12-10,54.57770919799805,55.33519821296244,53.807383544439126,53.839482487342025,1804400
2010-12-13,54.776702880859375,55.05273708277967,53.29381919258519,54.61621799364084,1722700
2010-12-14,53.833045959472656,55.16186050629501,53.582689950477835,54.738178092544004,820000
2010-12-15,52.72250747680664,53.98712950969629,52.549185907236165,53.60196665695304,836700
2010-12-16,52.95359420776367,53.544182339363985,52.067719356778625,52.76101527369403,1048600
2010-12-17,53.12051773071289,53.52493803609645,52.82522601442477,52.96003278288596,1058300
2010-12-20,54.154014587402344,54.365855789909546,53.09481347247587,53.24887757538587,907600
2010-12-21,55.03993225097656,55.36732301054456,54.134799430258774,54.32737848477092,724300
2010-12-22,55.30952072143555,55.746034966943725,54.77028888694251,55.0527438906108,756000
2010-12-23,54.6611442565918,55.39295482586186,54.57127312686455,55.19395516683855,480000
2010-12-27,55.251747131347656,55.35445982927146,54.22464464016457,54.52635706830201,396600
2010-12-28,55.70750427246094,55.95786026428748,55.136178558025044,55.41221271537345,446300
2010-12-29,56.09270477294922,56.407258839430376,55.534220213596626,55.938640573570495,706800
2010-12-30,55.48284149169922,56.150459283480835,55.335193224312356,56.041330723626984,630700
2010-12-31,55.88084030151367,56.099097399672175,55.08483172589879,55.48925678059623,676400
2011-01-03,56.42648696899414,57.05558498025382,56.20822497699891,56.27883871873766,762600
2011-01-04,55.8487548828125,57.34447558556052,55.49568608255478,56.76672886587122,829900
2011-01-05,56.50994873046875,56.696111823681164,55.656167788442815,55.733202312478966,796200
2011-01-06,56.19538497924805,56.785968149723146,56.156870176098295,56.44574099494096,846300
2011-01-07,55.733192443847656,56.61265140482722,54.962866930331224,56.35587460111835,918900
2011-01-10,55.270999908447266,55.65616269817929,54.32734789015692,55.65616269817929,923200
2011-01-11,55.66899871826172,56.40723018238753,55.290251835925126,55.56628603911617,854400
2011-01-12,56.079856872558594,56.79883115468274,55.90653039764102,56.176148814444836,790100
2011-01-13,55.37370300292969,56.259577755575094,55.052733250833704,56.009221740749005,1151400
2011-01-14,55.45072555541992,56.124763908125146,54.462138257003176,55.25172590166904,1971100
2011-01-18,55.335201263427734,55.71394824059466,54.65474673535221,55.39939915277257,1388300
2011-01-19,55.5213623046875,56.15688612278459,55.129778702769094,55.129778702769094,983400
2011-01-20,55.033477783203125,55.553447232635236,54.62905274688045,55.49567012847061,739800
2011-01-21,55.70109939575195,56.30452421362306,55.28384255542221,55.87442583806462,810100
2011-01-24,55.44432830810547,55.790976300406946,55.07200214256565,55.61764985545082,595300
2011-01-25,55.835906982421875,55.848743619109904,55.14261105862024,55.38654633657548,724600
2011-01-26,55.25815200805664,56.03489819668506,54.68682625858938,56.03489819668506,769300
2011-01-27,55.79740905761719,55.86802283099122,54.77672707493977,55.25818194924698,681600
2011-01-28,55.431480407714844,56.37513235102255,55.405802237425014,55.73961355358254,637200
2011-01-31,55.50851058959961,55.7973814120139,55.25815457081127,55.50851058959961,525200
2011-02-01,56.02206802368164,56.33020119370699,55.270999849858754,55.72036051874528,872400
2011-02-02,55.66899871826172,56.266002697367455,55.35444970919615,55.8102262032818,491100
2011-02-03,55.656150817871094,55.977120557068986,55.270988110355525,55.469992679032714,420800
2011-02-04,56.163299560546875,56.16972032848691,55.20039006920139,55.64333000245581,569800
2011-02-07,56.4842643737793,56.747461962221784,56.00280967087178,56.054166014608434,485200
2011-02-08,57.209651947021484,57.23533011560715,56.33019303899954,56.63190539786874,627800
2011-02-09,56.9849853515625,57.729637758826335,56.56130769381098,56.8886983140812,623100
2011-02-10,56.5612907409668,56.72819638526067,56.022059004636525,56.6832608153673,513400
2011-02-11,57.68467712402344,58.33945318259488,56.195377853883535,56.195377853883535,921000
2011-02-14,57.26744079589844,57.81308856848996,57.13263404485428,57.659024409812524,533500
2011-02-15,57.415077209472656,57.63333431432589,57.068429250931956,57.13262222897054,613500
2011-02-16,57.774559020996094,58.02491505161161,57.51778222360299,57.537039626325715,473000
2011-02-17,57.768157958984375,57.88370731234475,57.35731690206121,57.67828678388316,468900
2011-02-18,58.42290496826172,58.44858313144866,57.569124408329294,57.74244588783005,861600
2011-02-22,57.51778030395508,58.057012050244815,56.97213268871192,57.69752258684836,794200
2011-02-23,57.190391540527344,57.90936559189623,56.83732773040935,57.52420284558113,813700
2011-02-24,56.69865036010742,57.5009628113814,56.29102745563471,57.5009628113814,993600
2011-02-25,57.300384521484375,57.50743178961527,56.82806025499652,56.90569989529795,638000
2011-02-28,56.97041702270508,57.902127438463,56.9186539617193,57.61096885911312,882800
2011-03-01,55.7734260559082,57.287463676098305,55.760487757382506,57.287463676098305,947400
2011-03-02,55.456382751464844,56.12281615653271,55.21051560229729,55.75401296458265,699700
2011-03-03,56.562767028808594,56.64041159000635,55.7022249870157,55.999860003409474,540700
2011-03-04,56.94453811645508,57.09335075315059,56.28457139946544,56.40750744087276,989300
2011-03-07,56.34280776977539,57.31334302330731,56.019296018598084,57.04806101787109,678400
2011-03-08,58.09624481201172,58.219180865450475,56.543387313682516,56.543387313682516,737300
2011-03-09,57.90212631225586,58.057415492192774,57.41039205164693,57.97977090222432,380200
2011-03-10,56.71809387207031,57.53334009305472,56.45281181384627,57.38452742228393,687100
2011-03-11,56.743961334228516,57.25511051284416,56.27810854143744,56.27810854143744,489500
2011-03-14,56.66630554199219,56.79570823598185,56.07104525140559,56.420433512456945,1001700
2011-03-15,55.98692321777344,56.388079425532474,55.33989994252096,55.46930755940896,512300
2011-03-16,54.99050521850586,56.11632923965055,54.796401203284695,55.96104010379877,779000
2011-03-17,56.51102066040039,56.750421092427096,55.54048557287113,55.85105897289505,929200
2011-03-18,56.65983581542969,57.70154382688527,56.18103990802913,57.24862944642481,1202500
2011-03-21,56.17456817626953,57.18392304286789,55.98693080863841,57.18392304286789,612500
2011-03-22,55.870460510253906,56.588656762285,55.77987764390728,56.14220910929378,426100
2011-03-23,55.9351921081543,56.1551827142733,55.048772874235816,55.644033442607096,615200
2011-03-24,56.278099060058594,56.43985491453102,55.64401393851207,56.12928150192933,591400
2011-03-25,56.640419006347656,56.989812172893245,56.051625447058996,56.310435748544165,409500
2011-03-28,56.43340301513672,56.97043382435084,56.36223001939034,56.89278920997334,543400
2011-03-29,56.627479553222656,56.6921858352067,56.122802146683114,56.33632102987946,299800
2011-03-30,57.26805114746094,57.533328214516374,56.69866731035116,56.905714632100846,421300
2011-03-31,57.24214553833008,57.55918553657078,56.394546692741585,57.326256780525846,909800
2011-04-01,58.03154754638672,58.21271336232381,57.41687217214502,57.64980106017792,860400
2011-04-04,57.79214096069336,58.1350626385569,57.61097516381434,58.0832995719064,639600
2011-04-05,57.38450241088867,57.85682669134609,57.33273935822593,57.604487980110726,622700
2011-04-06,58.09624481201172,58.19976601248812,57.42981134917659,57.617448769962834,607900
2011-04-07,57.099822998046875,58.05094831826287,56.98335857237966,58.05094831826287,729400
2011-04-08,56.743961334228516,57.423338012028516,56.65985005283522,57.423338012028516,593500
2011-04-11,56.776302337646484,57.07393250397196,56.69219107424908,56.776302337646484,702300
2011-04-12,56.39457321166992,56.73749489254804,56.17458264467025,56.51750432554837,599600
2011-04-13,55.605194091796875,56.64043057274463,55.59872247542932,56.54984768918651,826000
2011-04-14,55.12638854980469,55.45637184710633,55.02933899447759,55.45637184710633,917500
2011-04-15,55.22346496582031,55.46286548226351,54.751140487722346,55.31404787768564,1405800
2011-04-18,56.42691421508789,56.9380633305365,54.6928911798384,54.6928911798384,1693700
2011-04-19,55.26874542236328,56.85395593732038,55.249335507454816,56.68572844745119,747400
2011-04-20,55.52754211425781,55.98692808727498,55.132857487114165,55.88340692115659,1058200
2011-04-21,55.53401184082031,55.922224839252976,54.9969813091838,55.605184799779174,713400
2011-04-25,55.72163009643555,56.006316898309116,55.41752845535736,55.501639679666354,408800
2011-04-26,56.43340301513672,56.67279860410306,55.870490667796766,55.909315443184845,540600
2011-04-27,58.00569152832031,58.72388842630602,56.54341618491514,56.6922338485592,1722900
2011-04-28,57.52685546875,57.94741674867897,57.09334601945564,57.80507080440891,800900
2011-04-29,57.17746353149414,57.58508652416899,57.09981894110015,57.51391355040713,465000
2011-05-02,56.76985549926758,57.27453317271637,56.69221581805937,57.27453317271637,803000
2011-05-03,57.26156997680664,57.31979971239738,56.303973188230806,56.64042811518855,990000
2011-05-04,56.27161407470703,57.26803049389665,56.16808798296984,57.255087264231626,1027500
2011-05-05,55.74106979370117,56.21339413586192,55.572842318768615,56.025756747744275,659800
2011-05-06,55.922237396240234,56.401033370604615,55.65695541029958,56.258687420723994,625200
2011-05-09,55.961063385009766,56.03870798523776,55.56637863921354,55.96753500246154,395000
2011-05-10,56.789215087890625,56.789215087890625,55.92220650682709,56.09043389434482,427500
2011-05-11,56.51750183105469,56.80866536837405,56.33633604057911,56.53691174626313,498800
2011-05-12,56.75690460205078,56.93159878239898,56.18752073875758,56.511032502393164,560000
2011-05-13,55.89632797241211,56.938035609728956,55.585759633467376,56.80863295790111,1964200
2011-05-16,55.909305572509766,56.25222725343731,55.70872492154631,55.84459927041962,811500
2011-05-17,56.918636322021484,56.96392775224844,55.79281724466896,55.80575553770709,919300
2011-05-18,57.83094787597656,57.83741949196188,56.67924705042208,56.834531279293216,809200
2011-05-19,57.6950798034668,58.16740909358616,57.42333113942961,58.02506314488177,758200
2011-05-20,56.96394348144531,57.708021414686094,56.85395068286457,57.565675469983006,779800
2011-05-23,56.478660583496094,57.2227383148444,56.342786292163986,56.3816061078601,574100
2011-05-24,56.556312561035156,56.83452785850209,55.838116258188,56.808651268911575,814300
2011-05-25,56.25222396850586,56.595145629407995,55.98694196734158,56.29104379837479,749200
2011-05-26,56.200462341308594,56.549855628254406,55.72813300810472,56.25222540672225,566800
2011-05-27,57.15280532836914,57.17237294237849,56.37659012930458,56.46138478217978,534800
2011-05-31,57.59634017944336,57.824637240383986,57.022330453075284,57.726794220980096,1459900
2011-06-01,56.01780319213867,57.50500573479836,55.965624575599044,57.48543315503199,1031500
2011-06-02,56.37657928466797,56.68315178251944,55.81561790062128,56.05696337215401,799900
2011-06-03,55.95912551879883,56.34396849321681,55.541666539954015,55.74387183319034,651700
2011-06-06,55.3003044128418,55.96563288160397,55.189417993548794,55.81560627347068,864900
2011-06-07,55.71778106689453,56.298310125722466,55.365549113812925,55.554710994718064,727500
2011-06-08,55.450340270996094,55.972161436394906,55.28727022371467,55.554702513474695,686400
2011-06-09,55.724281311035156,56.13521592474503,55.15679591224401,55.63296250798851,457700
2011-06-10,55.058963775634766,55.56121724606062,54.34145170859489,55.56121724606062,1068100
2011-06-13,55.55469512939453,55.77647295200107,54.680642180862684,55.19594405896073,864700
2011-06-14,56.6766242980957,57.120175018429,56.037392510161226,56.089571142286516,924100
2011-06-15,56.12218475341797,56.53311945674488,55.75690946157183,56.20046016302898,950800
2011-06-16,57.165828704833984,57.2506233279826,55.95911149109217,56.122181519341126,1114800
2011-06-17,57.41366958618164,57.70067430955664,56.787481534136404,57.6419715124119,1303300
2011-06-20,57.27019119262695,57.609374633775374,56.93100277497661,57.19191579397643,528800
2011-06-21,57.465885162353516,57.66157121478556,56.83317256619334,57.557203993087654,858100
2011-06-22,56.957115173339844,57.55069263064711,56.90493155536704,57.33543893888709,981100
2011-06-23,56.27873611450195,56.68967583462583,55.9721636174264,56.357011531788196,1113600
2011-06-24,55.65253829956055,56.56573144087681,55.626446498208395,56.40266141480256,3558000
2011-06-27,56.565731048583984,57.14625993926208,55.59383509334234,55.59383509334234,936000
2011-06-28,56.37005615234375,56.68967704738955,55.88737017667692,56.68967704738955,665500
2011-06-29,57.15280532836914,57.250643398415875,55.99826633677698,56.70273030013788,950400
2011-06-30,57.3680419921875,57.596344044953035,56.86578842440998,57.231063746429996,583200
2011-07-01,58.07248306274414,58.13771006234338,57.25713312650096,57.40063551151993,512900
2011-07-05,57.400634765625,57.88984472101385,56.99621941096319,57.88984472101385,601500
2011-07-06,57.687644958496094,57.9289853742297,56.89186255996573,57.21800256090431,664800
2011-07-07,58.20947265625,58.70520690800483,58.07249443731157,58.111629649436246,824700
2011-07-08,57.11367416381836,57.694203361667675,56.91146881837789,57.459382003379766,971200
2011-07-11,56.20699691772461,56.95712032023095,56.050451026163756,56.46138585770006,848500
2011-07-12,57.041908264160156,57.58982628492086,56.591838256807115,56.85275136305014,1541400
2011-07-13,56.800559997558594,57.53763481887485,56.72228458341324,57.36152135767642,1028100
2011-07-14,56.096099853515625,57.0484283933833,55.796051544502795,57.0484283933833,1079100
2011-07-15,55.809078216552734,56.40917963104925,55.60034880435882,56.31785584774404,971200
2011-07-18,55.34597396850586,55.86780011904867,55.019833868542364,55.626454653534594,809900
2011-07-19,56.617916107177734,56.7092349253746,55.352491088589154,55.528604530396734,1007200
2011-07-20,56.83967590332031,57.400637072834016,56.05041774074899,56.957086496392975,971600
2011-07-21,57.77245330810547,57.831161110018556,57.04842193569426,57.24410797340099,1215900
2011-07-22,58.10511779785156,58.163820623480454,56.87882791313049,57.84420473877244,973800
2011-07-25,57.7594108581543,58.13772957339426,57.446314187901045,57.524589599590044,1008300
2011-07-26,57.56372833251953,58.300803175717775,57.48545291605036,57.82464141091371,630000
2011-07-27,56.83967590332031,57.73330124929009,56.78097309503458,57.381069470072106,745200
2011-07-28,56.304832458496094,57.32891227880995,56.239605427085074,56.90492910988307,489300
2011-07-29,56.252628326416016,56.45483851949501,55.58730488627349,55.90692070717027,738100
2011-08-01,57.07452392578125,57.27020999841392,55.86780641522258,56.83317843306809,1303600
2011-08-02,55.841697692871094,56.872301407097325,55.80908169847705,56.702707193952016,1084900
2011-08-03,55.000247955322266,56.15478133531605,54.50451377493165,55.880824936877026,1623700
2011-08-04,52.886871337890625,54.771960415779354,52.69770951301396,54.62845799852794,1542400
2011-08-05,51.30183029174805,53.47392419503635,51.06700906023027,53.41521639890582,3279600
2011-08-08,47.329437255859375,51.2822576109519,47.19898324081412,50.271221576595345,2044300
2011-08-09,49.25366973876953,49.390647957011396,46.064020577774926,48.1578390163326,2482600
2011-08-10,45.91399002075195,48.125218881333005,45.85528720791428,48.125218881333005,2104200
2011-08-11,48.60791015625,49.19496323302278,46.253183607837315,46.253183607837315,1642600
2011-08-12,47.64255142211914,49.56677622414601,47.4729571588394,48.91449595545846,1580700
2011-08-15,48.790565490722656,48.803608906275066,48.060009807200984,48.12523683796997,883800
2011-08-16,48.04043960571289,48.79708207954805,47.62949987866586,48.22307727262127,772200
2011-08-17,48.48399353027344,49.07756598656104,48.17089681187198,48.26221565130084,814000
2011-08-18,46.67715835571289,47.39467038530747,46.32492653477605,47.12723317854916,1559300
2011-08-19,45.56828308105469,47.231599140385434,45.535667089106376,45.6791694912763,1168000
2011-08-22,45.640045166015625,46.618465439770986,45.50958614361319,46.442347003653424,912600
2011-08-23,47.34248733520508,47.34900655263915,45.157350157843155,45.848765419996006,1189300
2011-08-24,48.379615783691406,48.56877761753929,46.96416910367727,47.205514542000934,1072300
2011-08-25,47.7208251953125,50.225578951715406,47.32293384705527,49.35152581062793,1663200
2011-08-26,48.523128509521484,48.81665263813556,46.65760655372066,47.44034585753067,1039900
2011-08-29,50.11466979980469,50.153805004361,48.881861091269954,48.99927168143998,923000
2011-08-30,49.69995880126953,50.14758777017135,48.98901778790909,49.864528201273735,1110600
2011-08-31,50.0751953125,50.58206704177835,49.56832358322164,50.1146903759535,915900
2011-09-01,48.956119537353516,50.272675076666125,48.91661945603678,50.08835308246328,931300
2011-09-02,47.5869026184082,48.692809519899534,47.50790747463703,47.88970980280617,920700
2011-09-06,47.13926315307617,47.15901067911295,45.92802965946801,46.283500194909756,926500
2011-09-07,49.75920867919922,50.10810007712311,47.567147766267645,47.94236585246857,1131700
2011-09-08,48.23201370239258,49.469579219286295,48.041117554021,49.21285127105009,927600
2011-09-09,46.40858459472656,48.1661851038225,46.375668696038666,47.613234166145084,1533700
2011-09-12,47.626399993896484,48.03453405649211,45.74372499840062,45.74372499840062,1226600
2011-09-13,47.85022735595703,48.73890161303881,47.435509019659804,47.8304798203738,823200
2011-09-14,48.0147819519043,48.659891351364294,47.17218721335855,48.16618302591069,1325400
2011-09-15,49.127254486083984,49.13383866818345,48.350486732908536,48.58088790605487,935700
2011-09-16,48.81128692626953,49.370821903389334,48.001603237259665,49.30499514530342,1232900
2011-09-19,47.409156799316406,48.00819190506226,47.066854611933195,47.98186019491583,930000
2011-09-20,47.284095764160156,48.212264854212314,47.19851643557859,47.71197734028481,867900
2011-09-21,44.95378875732422,47.606647322092435,44.947204573502304,47.448662066191645,1121500
2011-09-22,44.697052001953125,45.18417604105399,43.716219741230375,44.032190190602925,1703500
2011-09-23,45.427757263183594,45.47383651324207,44.53249895725178,44.53249895725178,1499600
2011-09-26,48.311004638671875,48.42291065307145,45.941205695643035,45.95436904111209,1271800
2011-09-27,47.88970947265625,49.3971662223019,47.547407229863026,49.23918095810972,1063400
2011-09-28,46.26376724243164,48.14644232565168,46.19794046081964,47.92263026371857,1072200
2011-09-29,47.42890167236328,47.988436611199965,46.12550985349699,47.29065896090375,986100
2011-09-30,46.01362609863281,47.51449890329312,46.01362609863281,46.91546360511527,1061600
2011-10-03,45.10519027709961,46.73772134514739,45.09202693158586,45.85563155016359,1232900
2011-10-04,45.97410583496094,46.099180187884016,43.70963427350782,44.49298121364503,1700000
2011-10-05,46.125518798828125,46.303251570194185,44.92745357115442,45.95436518851464,1016100
2011-10-06,47.975276947021484,48.027940368340936,45.5857307050794,46.06627563566393,850600
2011-10-07,46.619224548339844,48.35049301836174,46.553397785566176,48.30441378219416,1259900
2011-10-10,48.679630279541016,48.679630279541016,47.29066403423597,47.758045586005835,775400
2011-10-11,48.65331268310547,48.837629656248886,47.40916306986572,47.93578729792763,781500
2011-10-12,49.96327209472656,50.54255458920903,49.15358841667095,49.16675678146581,1135600
2011-10-13,49.95670700073242,50.50307883651512,48.232017178558486,49.43008269742786,1334200
2011-10-14,49.844783782958984,50.93752205550695,49.20625366759055,50.661046651613354,1206600
2011-10-17,48.54798889160156,49.6078165763042,48.40316696863432,49.410331222755936,1208800
2011-10-18,50.73346710205078,51.22717542535694,48.580901022230655,48.73888627945561,1055400
2011-10-19,47.91603088378906,49.5288091220171,46.21767333656889,49.51564577877365,4403100
2011-10-20,48.3702507019043,48.890285698601936,47.007615976574435,48.47557252907045,1650700
2011-10-21,49.331356048583984,49.397182845627924,48.42951336006768,48.81131581409029,2528900
2011-10-24,50.351654052734375,50.483312590888126,49.20625239322513,49.52222786253442,1015100
2011-10-25,49.344505310058594,50.20026849407714,49.219430915802945,50.03569903732444,1010700
2011-10-26,50.37800979614258,50.628158626852986,49.55516237356802,50.19369277704781,816900
2011-10-27,52.16194152832031,52.67539750780927,50.82563814009597,52.148778179575835,1375800
2011-10-28,51.543148040771484,52.22117329612198,51.26008841722841,52.06976720909455,762300
2011-10-31,50.10152816772461,51.34567291740386,50.088359798099866,50.86512787133054,1253500
2011-11-01,47.600059509277344,48.94294663770515,47.48815350414011,48.49531759489588,1416400
2011-11-02,48.139854431152344,48.80471642540075,47.73172540325146,48.409750743903295,2381600
2011-11-03,48.139854431152344,48.89687491700811,47.06686340900306,48.86396403986898,2364800
2011-11-04,47.46184158325195,47.81731229684384,47.119539241790754,47.74490131691239,1117300
2011-11-07,47.2314338684082,47.810716545470115,47.00762181895062,47.46183010233844,1323200
2011-11-08,48.600643157958984,48.73888087047195,47.29066693613849,47.75804851658835,1138500
2011-11-09,46.45466232299805,47.600064243838354,46.27034534978936,47.343336313688994,1767900
2011-11-10,47.639564514160156,47.77121806061341,46.744306335947634,47.15243534330922,1296600
2011-11-11,48.65331268310547,48.92978814282059,48.192515227986085,48.30442124421447,993000
2011-11-14,47.402584075927734,48.291258069449285,47.106356063246636,48.23859464200453,714400
2011-11-15,47.89630126953125,48.06744990699997,47.14586486751671,47.178775749062936,815100
2011-11-16,47.35649490356445,48.59405505548016,47.20508883697028,47.349910720949104,896800
2011-11-17,46.79037857055664,48.16617650727327,46.57314573141397,47.30383435597739,816200
2011-11-18,47.238006591796875,47.38940764210551,46.829872631957045,47.16559564695013,560400
2011-11-21,46.138694763183594,46.829888554547445,45.78980828607561,46.59290811306622,894600
2011-11-22,45.80297088623047,46.415169445891046,45.677896496132384,45.967540337512766,666100
2011-11-23,44.38766098022461,45.48698342164911,44.348165929380066,45.46065171366616,1089800
2011-11-25,44.5654182434082,45.21711707435289,44.256031804522515,44.387685394590356,302700
2011-11-28,45.329002380371094,46.263755499884844,44.91428924144153,46.184765390904104,772300
2011-11-29,45.45537185668945,45.94749883286686,45.162758422285656,45.48197400051527,771600
2011-11-30,48.534481048583984,48.64088450241323,46.5593171498447,47.19110129289507,1454800
2011-12-01,48.48793029785156,48.76059328040748,47.8361907274783,48.45467636332224,985400
2011-12-02,49.133026123046875,49.871219017098156,48.94681621713113,49.039921170089,890200
2011-12-05,50.23698425292969,50.36998985814158,49.63844888179895,49.89116156123699,1121000
2011-12-06,49.937713623046875,50.46974618723127,49.518741403592685,49.99091789423303,886300
2011-12-07,49.638465881347656,49.95103474186268,48.853720364635194,49.47885808566522,1622000
2011-12-08,47.856143951416016,49.352479766599764,47.70318802054671,49.22612089635597,1220800
2011-12-09,48.5544319152832,48.860348824947785,48.201962542709616,48.34826665911083,881700
2011-12-12,47.78298568725586,48.082255871654816,47.35070991457156,47.76968715796251,777400
2011-12-13,47.19776153564453,48.56108679180417,46.81203816462153,48.26847343606153,992600
2011-12-14,47.36402893066406,47.97586295401727,46.8852005388782,46.97830549574327,1117100
2011-12-15,47.709835052490234,48.17536479781383,47.47042091462973,48.14876266318062,729900
2011-12-16,48.38153076171875,49.11972359574281,47.9958073743507,48.1753705360533,1426100
2011-12-19,47.4172248840332,48.61429057939471,47.22436320044879,48.58104171426281,491000
2011-12-20,49.944366455078125,50.07072533329066,48.24187033273039,48.27511919752829,1162800
2011-12-21,50.42985534667969,50.58946311749809,49.611856007786244,49.87787234170994,758300
2011-12-22,50.90202713012695,51.13478949767483,50.303491703690206,50.436497321192114,694900
2011-12-23,51.13478469848633,51.261143574941244,50.53624932822434,50.98847548866244,365500
2011-12-27,50.93528366088867,51.434062412321616,50.72247159656421,50.86213411194449,342700
2011-12-28,50.40989303588867,51.16803610949668,50.30348449805819,51.13478217296507,400700
2011-12-29,51.16804504394531,51.194647183047934,50.48305645203037,50.66926635190947,372400
2011-12-30,50.769020080566406,51.294400932912176,50.70916907054902,51.294400932912176,390900
2012-01-03,51.899574279785156,52.3518003937616,51.420746032770325,51.77321541631233,800900
2012-01-04,51.892921447753906,52.2121419640385,51.08822596621235,51.55375060054615,613400
2012-01-05,52.690975189208984,52.830632592728925,51.30104280854939,51.62026335505101,768600
2012-01-06,52.8372802734375,53.1498490233561,52.012634368049525,52.53801512819207,809000
2012-01-09,52.95699691772461,53.00354939481752,51.646875755584446,51.766577776246656,1303700
2012-01-10,53.296173095703125,53.83485253691467,52.92375324240526,53.189769597835145,1021900
2012-01-11,53.60872268676758,53.65527515171705,52.53135911728802,53.20970083379527,757700
2012-01-12,54.16736602783203,54.26712278487869,53.036802978208506,53.83484688690283,1013200
2012-01-13,54.75923538208008,55.058505575009185,53.2562529110317,53.72842935889254,1285600
2012-01-17,53.89469909667969,54.87230611255482,51.952788670960395,53.65528492651275,1641900
2012-01-18,54.346923828125,54.46663090996911,53.322764366534045,54.00110111442471,781700
2012-01-19,54.39349365234375,54.46664828535435,53.562195617078395,54.21393043537573,698200
2012-01-20,54.346923828125,54.51318338213966,53.788289088239516,54.340272025289515,643700
2012-01-23,54.55307388305664,55.178211313257734,54.14740024096928,54.39346616162754,513700
2012-01-24,54.32697296142578,54.42672463378655,53.80159216702393,54.17401194074114,636300
2012-01-25,54.53313446044922,54.71934435167066,53.64198567422118,54.16736140709353,625000
2012-01-26,53.296173095703125,54.86566401151549,52.64443835243186,54.86566401151549,707200
2012-01-27,53.27621078491211,53.61538168871384,52.883835607212305,53.06339876315862,534300
2012-01-30,53.12324142456055,53.32275488343154,52.75082171342858,52.82397631009208,423600
2012-01-31,53.030147552490234,53.814892874434705,52.863887993381994,53.4291694795822,502100
2012-02-01,53.34271240234375,53.96784992212638,53.07669611261675,53.27620959837168,707000
2012-02-02,53.5688362121582,53.85480287940139,53.15651064636772,53.50232832418206,357800
2012-02-03,54.832401275634766,55.06516872047697,54.23387091415238,54.413429007829265,615900
2012-02-06,53.86144256591797,54.69939212121572,53.68188448384501,54.51318223644707,471000
2012-02-07,54.11414337158203,54.42006023981018,53.60206127510659,53.63531520432503,412000
2012-02-08,54.34026336669922,54.47992076095782,53.81488265086652,54.20060597244062,398400
2012-02-09,53.74174118041992,54.55974048813483,53.57548161228464,54.49323767564859,483900
2012-02-10,53.07006072998047,53.26956918455045,52.797392579409774,52.883845735672786,407200
2012-02-13,53.641990661621094,53.90135518762827,53.362670724979985,53.595433110648024,466600
2012-02-14,53.88803482055664,53.97449301822889,52.91707983243754,53.46906265666076,752100
2012-02-15,53.854793548583984,54.333616771711306,53.761683536317406,54.100854425641366,729900
2012-02-16,54.44667434692383,54.533127478539704,53.648625534642186,53.86808933855751,619500
2012-02-17,55.14495849609375,55.39102442173614,54.3469147989457,54.719334514436376,683200
2012-02-21,54.965415954589844,55.364437915791605,54.55974218978018,55.258029353423396,442100
2012-02-22,53.774993896484375,54.99201512518472,53.69518747901838,54.99201512518472,494700
2012-02-23,54.60629653930664,54.686102963818634,53.50233049916936,53.72844616503349,442200
2012-02-24,54.38018035888672,54.69940098007447,53.941257712823166,54.63289816386359,403600
2012-02-27,54.75259017944336,54.89224757716556,53.7217790537017,54.06094991893463,448800
2012-02-28,54.433380126953125,54.74594891844497,54.0476567215445,54.74594891844497,425800
2012-02-29,54.28040313720703,54.885585076031326,54.14739249351574,54.5331157494646,696000
2012-03-01,54.488365173339844,54.796928475793635,54.186506097350396,54.488365173339844,631600
2012-03-02,54.05907440185547,54.609128241840146,53.945041096472714,54.609128241840146,299400
2012-03-05,53.74378204345703,53.965139205734275,53.421800080016986,53.80415078287909,433800
2012-03-06,52.8046760559082,53.542545240197306,52.73088862570629,53.4754671539401,599500
2012-03-07,53.55595397949219,53.70352882658442,52.80467129281096,52.89858162864611,355000
2012-03-08,54.11271667480469,54.2401686211628,53.569377522823146,53.97856050222873,342800
2012-03-09,54.56884002685547,54.83715741696738,53.95842295413621,54.15295293402413,386200
2012-03-12,54.4347038269043,54.56886001222952,53.93161045533906,54.46153608751543,356100
2012-03-13,56.17877197265625,56.30622395868622,54.7097373723539,54.85060293272471,650300
2012-03-14,55.78297424316406,56.56779837554397,55.12559690296862,56.212280013922054,788900
2012-03-15,56.983707427978516,57.01724903332559,55.64212509778262,55.943984192714964,558200
2012-03-16,57.48011016845703,57.81550583032412,56.795900152318424,57.265457149571354,906400
2012-03-19,58.110633850097656,58.446029415678176,56.95016805911797,57.466674978310685,586600
2012-03-20,57.862430572509766,58.33869154763661,57.325795748793595,57.77522447096173,710200
2012-03-21,57.33919906616211,57.95632536562407,57.09100463111155,57.60080706523245,668600
2012-03-22,57.01055145263672,57.25203673132005,56.57453608180672,56.896518159295,602100
2012-03-23,57.594146728515625,57.64110191912823,56.76907110177193,57.13129905123999,484200
2012-03-26,58.10393142700195,58.305165701958124,57.600838063015985,57.815491026940784,728000
2012-03-27,57.66792297363281,58.23138515141332,57.62767713742877,58.224680923866615,437200
2012-03-28,58.53992462158203,58.607007811529286,57.5203246177675,57.76180977193678,576700
2012-03-29,58.07038116455078,58.21124667133746,57.41300368181671,58.10392276424125,486900
2012-03-30,58.27834701538086,58.459463534528716,57.84233675922601,58.459463534528716,543500
2012-04-02,58.35883331298828,58.91559122687328,57.755120220687104,58.036851291184114,498000
2012-04-03,58.37892150878906,58.45941824579716,57.929492908714266,58.305134112630206,677800
2012-04-04,57.90941619873047,58.358845157318584,57.594143457779154,57.84233808991206,410500
2012-04-05,58.27834701538086,58.35213446870309,57.61426505321233,57.6276837453063,590700
2012-04-09,57.21179962158203,57.6813515586047,56.95019138270765,57.292296432671186,419600
2012-04-10,56.312904357910156,57.413001226683626,56.25253562232436,57.21176699033494,655500
2012-04-11,57.084312438964844,57.35262985951425,56.755626285599625,56.97698854138257,644800
2012-04-12,57.90941619873047,57.94295269427384,57.07092704417129,57.15141872766071,444200
2012-04-13,56.6348876953125,58.01001137400132,56.63488769531251,57.83560427068818,587800
2012-04-16,57.433143615722656,58.224677425810775,56.681855639420675,57.19165837754454,940700
2012-04-17,58.580177307128906,58.734456366062,57.74839281006808,58.0100059996654,871500
2012-04-18,58.41920471191406,58.861929372250344,58.217970417177355,58.238093334877945,873300
2012-04-19,58.3253059387207,58.8082765304133,57.90941857633241,58.526545391169904,996900
2012-04-20,58.62042999267578,58.84179226947982,58.399067715871745,58.59359773629987,930800
2012-04-23,57.54718017578125,58.204552714566,57.27886266051503,57.929530971773055,639900
2012-04-24,58.097232818603516,58.44604203029068,57.4197321969391,57.55389352276593,499600
2012-04-25,58.43260192871094,58.82166192038215,57.88255353686609,58.492970659627694,360100
2012-04-26,58.60032653808594,58.694236907719784,58.016736283020194,58.298472509653045,463000
2012-04-27,58.61372375488281,59.02961607415163,58.22466881114152,58.88875055901136,573700
2012-04-30,57.86915588378906,58.67410841267154,57.741709032957395,58.49299191863738,661400
2012-05-01,58.258216857910156,58.70094152284656,57.620967241359644,57.95636285380326,707900
2012-05-02,58.124061584472656,58.34542392046157,57.50693487601659,57.9630731209039,501200
2012-05-03,57.67462158203125,58.37223982910853,57.45996863268516,58.15088265346382,455700
2012-05-04,57.39289093017578,57.67462711135849,57.01724951223949,57.439846107417814,503400
2012-05-07,58.06370162963867,58.358851481703205,57.19838011423038,57.19838011423038,488000
2012-05-08,57.862430572509766,58.13074798436785,57.2788405855481,57.84901188716593,563200
2012-05-09,56.708675384521484,57.34592482822545,56.500731798882626,57.21176866672867,508700
2012-05-10,57.171539306640625,57.84903477035944,56.963590543385145,57.4465610522313,516400
2012-05-11,56.88311767578125,57.43316646653803,55.803143019167024,56.60138137399251,539400
2012-05-14,56.239131927490234,56.76235336402146,56.058020554724955,56.185472520797646,535800
2012-05-15,55.6890983581543,56.54100628039173,55.635438936997154,56.14523670324867,768200
2012-05-16,55.360389709472656,56.440363810283024,55.34697613902056,56.00434856350424,513300
2012-05-17,54.488365173339844,55.38722282165349,54.48165582914538,55.340267647752476,625300
2012-05-18,54.139556884765625,54.97804588084562,53.95844551341385,54.662773199482636,505000
2012-05-21,54.6963005065918,54.78350149700321,53.97184497512531,54.320659172229625,461500
2012-05-22,54.736572265625,55.54152494345776,54.5621650844348,54.79023680102687,483200
2012-05-23,54.66276931762695,54.97804197660098,54.0925978643292,54.407870523303224,1200000
2012-05-24,54.50178146362305,54.94450608340737,54.24017332201609,54.93108739434885,1051200
2012-05-25,54.884132385253906,55.19940504859435,54.407871276833596,54.521904545526404,595200
2012-05-29,55.60858917236328,55.66225369436897,54.74326794651097,55.36039459638486,569700
2012-05-30,54.742645263671875,55.32443850890559,54.57351944032045,55.32443850890559,542800
2012-05-31,55.01326370239258,55.52740780091364,54.329993731057804,54.74266127362823,656100
2012-06-01,53.15288543701172,54.11351927038169,52.80110585060604,53.99851490187528,776200
2012-06-04,52.327545166015625,53.315239665591406,52.219307288918955,53.315239665591406,611900
2012-06-05,52.07724380493164,52.99052253456627,52.0366500835994,52.090771604500844,732400
2012-06-06,53.044654846191406,53.044654846191406,52.13137076945767,52.42903403365612,715900
2012-06-07,53.51143264770508,54.33676784885722,53.37613399496099,53.89703948546978,708700
2012-06-08,54.07292938232422,54.07292938232422,53.044646249231604,53.24082773831628,419600
2012-06-11,52.9025764465332,54.64119039319348,52.86875436524463,54.60060183112216,396000
2012-06-12,53.74819564819336,53.77525640485104,52.550786843632245,52.949921391382084,410400
2012-06-13,53.403202056884766,54.21500440693142,53.17318812220635,53.45055710794893,539000
2012-06-14,54.30292892456055,54.329989681551204,53.43024402784228,53.54524837406882,642800
2012-06-15,54.8238410949707,54.918551166599144,54.05939404216631,54.465295086475614,724500
2012-06-18,54.634422302246094,54.95237976256352,54.30969836198457,54.580300785317185,320900
2012-06-19,55.080909729003906,55.25003559171491,54.51264930772457,54.82384027575541,541700
2012-06-20,55.27710723876953,55.41917237207638,54.47206632205128,55.08092058001833,431400
2012-06-21,54.113521575927734,55.75742553211473,54.05263872929367,55.45300097631868,454000
2012-06-22,54.769737243652344,54.98621821452395,54.23529871777573,54.56678923669903,414400
2012-06-25,53.7752571105957,54.201457581908265,53.484360424347315,53.95791593010442,338700
2012-06-26,53.991729736328125,54.28262637802448,53.49788519008532,53.957907666225815,456000
2012-06-27,54.769737243652344,54.89150811234971,53.78204249146852,54.09323356451437,338400
2012-06-28,54.68852996826172,54.80353946378948,53.741429379052725,54.458521299828426,481600
2012-06-29,55.8588752746582,56.22418766293636,55.22972702173088,55.68974945571333,636600
2012-07-02,56.44742965698242,56.50831246862944,55.743865697194046,56.176827339939216,419800
2012-07-03,57.096923828125,57.13751240598006,56.217466791624986,56.25129404738059,297200
2012-07-05,56.7112922668457,57.326907796438164,56.46098410219556,56.9074789102776,481700
2012-07-06,56.74512481689453,56.826307113701176,55.9536167779546,56.21745279093458,546300
2012-07-09,56.609798431396484,56.92098934147841,56.22419174267422,56.76539646709283,331600
2012-07-10,55.89948272705078,57.056303100559845,55.67624049312991,56.826294386425566,274700
2012-07-11,56.609798431396484,56.85334004125378,55.79123002766364,55.79123002766364,517500
2012-07-12,55.72359848022461,56.373041259644175,55.66947695827821,56.373041259644175,662000
2012-07-13,56.81275939941406,56.819520717459895,55.78447131218485,55.94683068757997,739300
2012-07-16,56.521854400634766,57.16453048954321,56.27154631438384,56.75862953016363,446900
2012-07-17,57.99666213989258,58.044017190535854,56.691009844941206,56.691009844941206,774000
2012-07-18,58.80168533325195,59.23464717766472,57.73957500222184,57.996649645744135,926900
2012-07-19,58.598724365234375,59.024919634609965,58.16576261692264,58.8084387604541,534600
2012-07-20,57.482513427734375,58.51079665934491,57.40133113524682,58.22666637760801,661900
2012-07-23,56.954830169677734,57.20513315639745,56.58275118764573,56.670694782802386,628700
2012-07-24,57.13750457763672,57.26604193831978,56.433940077094185,56.866902052610534,428900
2012-07-25,57.096923828125,57.52988586296097,56.684256082216564,57.408114968081186,700100
2012-07-26,57.922210693359375,58.253695843956244,57.59748685918574,58.04398148601071,412200
2012-07-27,58.48372268676758,58.842273859958205,57.847812937162765,58.19282598936015,391300
2012-07-30,58.294342041015625,58.72054281746426,58.08462747566176,58.30787500986673,276300
2012-07-31,58.07105255126953,58.45666446519624,57.901926692029384,58.21312281498549,443300
2012-08-01,57.84104537963867,58.40930580418443,57.80045682397448,58.26047937964513,688500
2012-08-02,57.17129898071289,57.48925637783617,56.51508991197947,57.41484059717707,405400
2012-08-03,59.13994598388672,59.43084275068835,57.956064633628735,58.09136845616035,808300
2012-08-06,58.632545471191406,59.53229618635899,58.551368370540004,59.51876839002078,476200
2012-08-07,58.89641189575195,59.37672891501863,58.69346387762851,58.94376694944546,309600
2012-08-08,58.69343185424805,58.85579121242561,58.38900225119032,58.59872179853523,289500
2012-08-09,58.72050857543945,58.90992873837436,58.368723848864036,58.57843829192593,274200
2012-08-10,58.62579345703125,58.666382013797964,58.2198872441165,58.51078394400572,172500
2012-08-13,58.422828674316406,58.62578174021203,58.016927703836025,58.61224878311986,233900
2012-08-14,58.321353912353516,58.71372709896739,58.20634958013218,58.58518980924294,230100
2012-08-15,58.632545471191406,58.78814351629172,58.17252297602619,58.19281725118904,165000
2012-08-16,58.747562408447266,58.83551116810305,58.42961009383017,58.6122637707937,214900
2012-08-17,59.04520034790039,59.08578888957202,58.61223869903647,58.85578027168617,345600
2012-08-20,59.32258605957031,59.32934737756998,58.77461478422178,58.77461478422178,362200
2012-08-21,58.876075744628906,59.54581250243502,58.639300644526756,59.46463541743433,297100
2012-08-22,58.605472564697266,58.99107919676476,58.36869746804354,58.842252822660996,302400
2012-08-23,57.84104537963867,58.59196462729682,57.75986310699853,58.483721597109955,282400
2012-08-24,58.091373443603516,58.2063778316443,57.56369623239602,57.800476651826905,290300
2012-08-27,60.76355743408203,61.22358012100176,59.57967605052675,59.61350329743934,3706800
2012-08-28,59.81641387939453,60.85146298720523,59.59993305397864,60.56733287159249,2655200
2012-08-29,59.884098052978516,60.02616835485298,59.70821082827178,59.816448723374926,2012200
2012-08-30,59.3249397277832,59.904550167391726,59.07263638709247,59.80226474806021,1664600
2012-08-31,59.256744384765625,59.8227191313489,59.16127939166145,59.8227191313489,774100
2012-09-04,59.62498092651367,59.66589301694033,58.87489125233831,59.195383167221785,605100
2012-09-05,60.24549865722656,60.48416116958495,59.65906779688732,59.71362071469855,1435000
2012-09-06,61.2682991027832,61.38422006926899,60.46366234299841,60.47048275351196,1071500
2012-09-07,61.87520217895508,61.98430796665032,61.254679919401894,61.40469777625769,882900
2012-09-10,61.67066955566406,61.841143538113414,60.92740028690927,60.92740028690927,865300
2012-09-11,62.57075119018555,62.89124300312206,61.691105108652785,61.83430258204863,1213000
2012-09-12,62.80942153930664,63.03444839825911,62.488929686092895,62.632127177484826,895600
2012-09-13,63.90727996826172,64.35732852450664,62.386649931924964,63.06173056997106,1635400
2012-09-14,64.64372253417969,64.9437531420757,63.825444470262944,63.98228278997721,1690700
2012-09-17,64.15274810791016,64.59598134927795,64.00955063653618,64.41186659861764,833100
2012-09-18,64.04366302490234,64.30960201529322,63.859553417113645,64.23459304852113,472600
2012-09-19,64.28231811523438,64.45961248912822,63.81181352646752,64.03001998570134,595900
2012-09-20,64.33003234863281,64.38458524856367,63.43675072268135,63.65495711995388,948300
2012-09-21,64.77326202392578,65.27104810435942,64.53459960280716,65.2028595843899,1813400
2012-09-24,65.005126953125,65.31879839244229,64.22094575360579,64.2686782508399,768100
2012-09-25,64.54827117919922,65.44837359797907,64.54827117919922,65.14833772423475,831300
2012-09-26,64.11864471435547,64.67097850520098,63.839070213693816,64.56869832352645,1015900
2012-09-27,64.39141845703125,64.67099302044271,63.900452664994425,64.55507198689288,633100
2012-09-28,64.88920593261719,65.2096925841491,63.98909849464428,64.28913430730192,1070200
2012-10-01,65.22335052490234,66.10299694987516,65.0528765325228,65.16879759875208,844200
2012-10-02,65.20968627929688,65.51654247687863,64.79372947103937,65.5097220629453,505400
2012-10-03,66.07572174072266,66.28710783049968,65.13470195535965,65.29154032040464,1274100
2012-10-04,66.8803482055664,66.92126029299831,66.06207003975987,66.16435546079227,898500
2012-10-05,67.17353820800781,67.50084518845976,66.81213436596889,67.23490631592355,613200
2012-10-08,66.81216430664062,66.96217703847707,66.52576406733672,66.81216430664062,380500
2012-10-09,66.1302490234375,66.75077142156826,66.0756961174069,66.64848602337376,618500
2012-10-10,67.25537109375,67.42584501894171,66.38254542916067,66.873511166105,1008900
2012-10-11,67.09172058105469,67.60996279348775,66.98943518087754,67.52131301885683,632600
2012-10-12,65.6801986694336,66.83941936764522,65.2710622584443,66.81214811570409,1093000
2012-10-15,66.47119140625,66.80531882387038,65.8029313685582,66.06887026048376,659300
2012-10-16,66.40982818603516,66.98943854622142,66.02796822213867,66.75077606878612,1072700
2012-10-17,70.28301239013672,70.80125474693668,67.48724015370132,67.54179307598616,2363200
2012-10-18,71.5172119140625,71.82406806951586,69.23286259045784,69.92839904752482,1606700
2012-10-19,70.71257019042969,71.32627725834764,70.19433329081049,71.26490915278107,1324600
2012-10-22,71.30582427978516,71.32628031585088,70.67848156233283,70.79440256833911,749700
2012-10-23,70.84217834472656,70.98537588714491,70.20801482690025,70.45349781460423,1129200
2012-10-24,71.17627716064453,71.67406335175889,70.54211389926824,70.54893431351687,968400
2012-10-25,71.06037139892578,71.73544688593908,70.78079678408305,71.60589020208883,676200
2012-10-26,70.5353012084961,71.34675364972492,70.2625418557717,71.05353825597528,700500
2012-10-31,70.9853286743164,71.25808794617942,69.79201141205981,70.84895163961009,1721600
2012-11-01,71.26493072509766,71.40130780260581,70.41937619670058,71.09445677698645,1150500
2012-11-02,70.61030578613281,71.56495565784813,70.43301143747784,71.52404357833223,1152200
2012-11-05,70.38530731201172,70.58305778012605,69.36246329225364,70.22165372553746,621500
2012-11-06,71.39449310302734,71.4285899763598,70.35801370462129,70.52848766637871,808900
2012-11-07,68.85103607177734,70.51486388278504,68.38052619351129,70.51486388278504,1226300
2012-11-08,68.31233978271484,69.33518375718005,68.31233978271484,68.9737797185949,698100
2012-11-09,67.56903839111328,68.29867174100637,67.50767027894527,67.80088562057813,1146500
2012-11-12,68.16229248046875,68.33958681637917,67.4531203392783,67.78043255923207,643700
2012-11-13,66.9076156616211,68.03273953422355,66.75759775795359,68.03273953422355,1165000
2012-11-14,65.57108306884766,67.1939927159382,65.39378875703844,67.14626023227231,1038100
2012-11-15,65.74156951904297,66.06887655453947,65.3051514676284,65.63246370557644,1229500
2012-11-16,66.21208190917969,66.40301190300679,65.26424715235792,65.77566900830286,980900
2012-11-19,66.94850158691406,67.2962697547754,66.44390036463972,66.91440473032868,705600
2012-11-20,67.15310668945312,67.43268128722566,66.32119290652805,66.82579438704968,636800
2012-11-21,67.0235366821289,67.15309854480739,66.45074152300731,67.09854563394782,367100
2012-11-23,67.96453857421875,67.96453857421875,67.23491043265888,67.33719582123196,202000
2012-11-26,67.44632720947266,67.80773121074228,67.09173842156262,67.60998077180263,591500
2012-11-27,67.26902770996094,67.64406731193804,66.7439649837594,67.42586084457513,647900
2012-11-28,67.01671600341797,67.1462778655856,66.19162273911502,66.97580392166057,693100
2012-11-29,66.79694366455078,67.60735300217938,66.63211091672082,67.60735300217938,663600
2012-11-30,67.11975860595703,67.2571140385453,66.5771957396178,66.8999867699515,740000
2012-12-03,66.74199676513672,67.40818135179079,66.57029992279378,67.23648450944786,502800
2012-12-04,66.03461456298828,67.0579263994131,65.95219818242369,66.76260758543881,899100
2012-12-05,66.15135955810547,66.61837518133872,65.71181605856498,66.29558427766358,755600
2012-12-06,66.85189056396484,66.94117628951997,66.03461702855044,66.15823898412687,934100
2012-12-07,67.05793762207031,67.12661533081501,66.5153748153726,66.85876859886937,571000
2012-12-10,67.29830169677734,68.26667452987118,66.64585570608854,66.8587581418301,723800
2012-12-11,67.16779327392578,67.64167290017444,66.96862434820416,67.4562426533416,684800
2012-12-12,67.3807373046875,67.9026973900383,67.03734347691507,67.26398466079063,948400
2012-12-13,67.47686767578125,68.11558022062381,67.14034328886021,67.75845304834857,718700
2012-12-14,67.24335479736328,67.40131296027133,67.06478861167552,67.1059941776912,895200
2012-12-17,68.60319519042969,68.78176138735365,67.17467609458231,67.45626145279981,1367300
2012-12-18,69.52350616455078,69.52350616455078,68.38343631363011,68.69935795864143,1882100
2012-12-19,69.10456085205078,69.79821246159868,68.91912529085741,69.23504691535676,695600
2012-12-20,69.4548110961914,69.6539800801992,69.00153411585514,69.10455327858638,654200
2012-12-21,68.58259582519531,69.07708363223836,68.31474913634241,68.65127352289075,1693000
2012-12-24,68.0949935913086,68.43151805807254,67.93016602959597,68.38344313424912,231900
2012-12-26,67.90267181396484,68.47270137113274,67.52493664978249,68.36281811231642,396400
2012-12-27,67.48372650146484,68.07436404185076,66.61837297302964,68.01941979628657,576800
2012-12-28,66.99609375,67.60046460233562,66.95488295477516,66.96862163310695,552600
2012-12-31,67.6279525756836,67.64855535824141,66.68705200062676,66.934295870864,627800
2013-01-02,69.38612365722656,69.38612365722656,68.39714821752185,68.90537461835429,704900
2013-01-03,69.4548110961914,69.55096091746796,68.80236513184734,69.33118914886838,727000
2013-01-04,70.60173797607422,70.64294353818794,69.36551871494876,69.50287408184208,852100
2013-01-07,70.36822509765625,70.41629999836064,69.68830714775955,70.38882787799082,612400
2013-01-08,70.29268646240234,70.34076136884201,69.6333712141848,70.18280320758534,828200
2013-01-09,70.60173797607422,70.84898182829932,70.24460563851736,70.38883034568677,483200
2013-01-10,71.10997009277344,71.30913907333826,70.59487952779371,71.04129239873058,681900
2013-01-11,70.90393829345703,71.29540694926266,70.244622938404,70.91080763542489,619000
2013-01-14,70.59488677978516,70.95201396935789,70.06605747780857,70.76658365241627,573000
2013-01-15,71.04814910888672,71.23358462726029,70.0248374267222,70.26521195075122,1165500
2013-01-16,70.6704330444336,71.59759509847369,70.44379191751169,71.59759509847369,1087000
2013-01-17,70.96574401855469,71.08936596139807,70.49185903102634,70.81464995066031,1066800
2013-01-18,70.93827819824219,71.30914405973358,70.5330708674419,71.25419980474837,949500
2013-01-22,71.94784545898438,71.98905102394805,70.78030380055334,70.78030380055334,1288400
2013-01-23,71.50147247314453,71.98909114278972,71.34350898646596,71.83799700069058,696100
2013-01-24,71.43962860107422,72.0577383571225,71.24732895247529,71.56325055228388,533000
2013-01-25,71.41901397705078,71.72120208319824,70.91079281288864,71.67312717901764,584800
2013-01-28,70.828369140625,71.4327452905849,70.80089702110219,71.42587595076144,894500
2013-01-29,71.02755737304688,71.08250162701894,70.55367759191202,70.81465493862066,851600
2013-01-30,70.95199584960938,71.09622055701462,70.29268065585475,70.965734530184,1168400
2013-01-31,70.52618408203125,70.72535301246447,69.93554663033851,70.64293665649424,1128500
2013-02-01,71.37093353271484,71.52202757405992,70.51244942486434,70.89705386822575,721900
2013-02-04,70.53302764892578,71.06872594712824,70.3544667892943,70.96570684209817,521800
2013-02-05,71.74183654785156,71.85858918959768,70.50562193450813,70.79407148697754,773300
2013-02-06,71.4602279663086,71.52203631453708,71.00694578687921,71.20611475301287,587800
2013-02-07,71.28168487548828,71.6525508043211,70.72538860212582,71.19240437475527,498700
2013-02-08,71.69371795654297,71.79673708818672,71.15802475972029,71.32285222648787,408200
2013-02-11,71.59072875976562,71.67314514749626,71.24733500388064,71.37782630784426,468300
2013-02-12,72.42172241210938,72.57968580472924,71.57010758346597,71.67312673171617,653500
2013-02-13,71.88603210449219,72.7033107440626,71.70747116255701,72.58655814977304,660100
2013-02-14,71.83798217773438,72.05775400095625,71.44651345387749,71.7761738085971,794000
2013-02-15,71.99593353271484,72.18136384873823,71.42589866085679,72.09895270373792,639200
2013-02-19,72.64837646484375,72.72392350440136,72.02340260278014,72.10581374428118,1174600
2013-02-20,71.87229919433594,72.46980085175015,71.79675216458466,72.39425906177065,666100
2013-02-21,70.80091094970703,71.96845268014663,70.71849981469694,71.72807813674707,647000
2013-02-22,71.92725372314453,71.92725372314453,70.89020318085646,71.18552200125217,696300
2013-02-25,69.9561767578125,72.5316299412983,69.90810184131168,72.27065257169,952800
2013-02-26,70.08668518066406,70.42320967836345,69.28313960892893,70.2240406214222,757300
2013-02-27,70.4987564086914,70.65671464083744,69.57159408853134,70.05234336868125,626200
2013-02-28,70.59553527832031,71.06575750630847,70.22212831927729,70.37425454019348,741600
2013-03-01,70.98970794677734,71.14183419107948,69.71733955013862,70.24979459457047,616700
2013-03-04,71.41151428222656,71.4737522971793,70.65086201827202,70.65086201827202,537200
2013-03-05,71.68119812011719,72.04077733173807,71.52906662744145,71.67428161342771,793500
2013-03-06,71.79874420166016,72.0476856567237,71.47373700889673,71.98544765508372,785600
2013-03-07,71.88866424560547,71.99930727797124,71.5359961746273,71.88174773714508,604100
2013-03-08,71.88866424560547,72.3312258235682,71.6604669481637,72.31048157393717,556200
2013-03-11,72.040771484375,72.06843223313896,71.74342502984786,71.90247301630356,660000
2013-03-12,71.97856140136719,72.05462717103707,71.77803012760157,71.78494136066216,989200
2013-03-13,72.06844329833984,72.13067603580252,71.69503104631615,72.02003829950802,475100
2013-03-14,72.37960815429688,72.4487573899855,72.08226169266213,72.20673242720106,395700
2013-03-15,72.15834045410156,72.5179249857595,71.93014318698204,72.36579347434649,968600
2013-03-18,71.43917083740234,72.33121031046976,70.87905511449335,71.98545882210637,636000
2013-03-19,71.12108612060547,71.93705991323381,70.96895460872993,71.66737415154516,867100
2013-03-20,71.42535400390625,71.5636525100664,71.01045320967593,71.54290826171737,1002100
2013-03-21,71.0035171508789,71.40459009435801,70.87212991317925,71.08649939717581,547500
2013-03-22,71.30780792236328,71.34237991499248,70.90673482246135,71.20408139297479,574600
2013-03-25,71.08650207519531,71.66736199391103,70.94819832615687,71.62587350707378,584600
2013-03-26,70.92745971679688,71.4460869464534,70.76841171170598,71.43225920832546,851100
2013-03-27,71.32160949707031,71.37693099588066,70.38808162657695,70.53329660414272,486500
2013-03-28,71.33544921875,71.70194495027756,69.67584102859306,71.51523619316983,710800
2013-04-01,70.87906646728516,71.34928877780544,70.5817199286363,71.34928877780544,427700
2013-04-02,70.58866119384766,71.24558724705877,70.38812459505385,71.11419992611586,880600
2013-04-03,69.71734619140625,70.6439631401055,69.57904767404828,70.6439631401055,639800
2013-04-04,70.26361846923828,70.53330421033552,69.8072239684589,69.93169471633064,528800
2013-04-05,69.98011016845703,70.05617592995044,69.07424281435338,69.22637433734023,1127400
2013-04-08,69.90402221679688,69.96626021814838,69.44071656258932,69.92477173441283,1133400
2013-04-09,71.07959747314453,71.18332398335822,69.79340140829343,69.848722917174,885600
2013-04-10,72.25514221191406,72.32429145218886,71.11416128225903,71.30778654107685,648800
2013-04-11,72.55253601074219,72.78073340064924,72.15837928079014,72.24136158868879,629400
2013-04-12,69.3162841796875,71.58441399153924,69.10883637050658,70.18757975035044,2484700
2013-04-15,68.0162582397461,69.47533047957069,68.0162582397461,69.15032311680156,1471400
2013-04-16,68.09923553466797,68.21678980916884,67.53220313770716,67.82954444059155,1470400
2013-04-17,66.76458740234375,67.63587700067784,66.68160517956326,67.45609009827379,882800
2013-04-18,67.46995544433594,67.73964122403461,66.16301504248857,66.81302962727503,1261500
2013-04-19,68.28593444824219,68.41732173187634,67.40772778983288,67.72581859822326,914500
2013-04-22,68.23753356933594,68.4380701233209,67.7811389411459,68.3827486031008,615800
2013-04-23,68.8460464477539,68.9428564589908,68.15454335277606,68.5832771709323,598400
2013-04-24,69.094970703125,69.17103644660827,68.70773075502738,69.03964920318288,565900
2013-04-25,69.21253967285156,69.49605846362023,69.03966390552912,69.2747776924775,755000
2013-04-26,69.02584838867188,69.41308848780727,68.92903836388803,69.26096221725456,598800
2013-04-29,69.01892852783203,69.46149012699519,68.79073649520915,69.24020932741361,422700
2013-04-30,69.28861999511719,69.4130907847797,68.4864790095427,68.9774456588363,657400
2013-05-01,68.83218383789062,69.24708442954528,68.69388012350757,69.06038100981223,731900
2013-05-02,69.44071960449219,69.9455190402966,68.7768774569024,68.94975318103772,717300
2013-05-03,69.68275451660156,70.12532128729265,69.49605102919604,69.89020752549584,420100
2013-05-06,70.00086212158203,70.14607714154006,69.6205333009181,69.67585481587832,282200
2013-05-07,70.74075317382812,70.78224166216536,70.02850071096324,70.18754870917063,501500
2013-05-08,71.356201171875,71.45992240841795,70.53331085697049,70.76841936080059,407000
2013-05-09,71.27320861816406,71.5636385900581,71.03810014827332,71.34235785779377,472300
2013-05-10,71.58438110351562,71.7019406113673,71.10724766858324,71.4391661210798,374400
2013-05-13,71.45989990234375,71.84714507455752,71.23861920782785,71.34234568745204,381700
2013-05-14,71.90938568115234,71.91630218741841,71.39767500818222,71.51522923596278,612400
2013-05-15,72.86366271972656,73.18866465220162,71.56363388683245,71.56363388683245,578800
2013-05-16,72.39344024658203,73.05036589089556,72.15141001112589,72.62854870008424,602200
2013-05-17,73.25782012939453,73.35463011494048,72.44184648282973,72.44184648282973,530900
2013-05-20,73.32006072998047,73.52059722892426,72.9120765007752,73.1471849835547,400800
2013-05-21,73.47218322753906,73.76952968598398,73.15409252618494,73.2993075022978,486300
2013-05-22,72.37960815429688,74.27432992180596,72.25513741975796,73.39611827374004,622200
2013-05-23,72.09611511230469,72.53176016862753,71.75036356024688,71.84025706451192,465900
2013-05-24,72.40727233886719,72.42801658298308,71.39076217119876,71.77800740577406,385900
2013-05-28,73.3546371459961,73.70038863487156,72.9535641527208,73.03654640932056,486300
2013-05-29,73.29238891601562,73.665801105029,72.96047048739148,73.06419697474213,741400
2013-05-30,73.79360961914062,74.11381518635791,73.1671181568351,73.6474291630735,439000
2013-05-31,73.02091979980469,73.98849875573308,73.02091979980469,73.64741110852687,664700
2013-06-03,73.50819396972656,73.5917279214322,72.6937578561869,73.20191343512072,818100
2013-06-04,72.5963134765625,73.96763215440214,72.39444371735935,73.49428365612486,1270800
2013-06-05,71.55215454101562,72.65895153172578,71.46166340876907,72.2760995314604,691100
2013-06-06,71.47557067871094,71.54517963842619,70.07640775189452,71.21105450746369,1030700
2013-06-07,72.21345520019531,72.2761069988576,71.51039760839144,71.8027585066163,405500
2013-06-10,72.38746643066406,72.68678976267205,72.12295023688961,72.4222735688976,635600
2013-06-11,71.62873840332031,72.17169591244254,71.3224525014257,71.80972600996941,892100
2013-06-12,71.04401397705078,72.2134630072042,71.04401397705078,71.96982889901084,666100
2013-06-13,72.08815002441406,72.15080181708888,70.70291182497789,71.05792448793737,552300
2013-06-14,71.35724639892578,72.74248457021785,71.22498563660714,72.74248457021785,544900
2013-06-17,71.7261734008789,71.98373241606079,71.37812326130408,71.94196278795172,531800
2013-06-18,72.48493957519531,72.8817166281771,71.25284408777556,71.71923012515633,1459200
2013-06-19,72.05335235595703,72.68680094483283,71.92109158331094,72.47797401577657,634300
2013-06-20,72.60325622558594,73.03483496992632,71.26673974569377,71.62871483991448,1070900
2013-06-21,73.96066284179688,74.24606653701733,72.73552472792784,73.45250724503879,1407100
2013-06-24,73.2088623046875,73.77270712075622,72.65894246773446,73.25063193121106,784500
2013-06-25,74.64282989501953,74.83773710941456,73.23670445832975,73.58475457284182,953300
2013-06-26,76.36919403076172,76.6615549999023,75.51995047302633,75.5895594688942,1109900
2013-06-27,77.61517333984375,77.81008054872332,76.70328376509016,76.7172034325145,974300
2013-06-28,77.78921508789062,77.9702026681908,77.04438791648428,77.48989172120447,1063000
2013-07-01,78.58970642089844,79.25099942580587,77.81703484503002,77.96321523629938,861500
2013-07-02,79.16748809814453,79.39719715697922,78.4365806713491,78.50618963799063,947100
2013-07-03,79.04218292236328,79.2579722933304,78.30431307017638,78.78462392640462,456300
2013-07-05,81.02606964111328,81.02606964111328,79.6060245029463,79.66171379718581,634300
2013-07-08,81.36021423339844,81.52728215605319,80.67803880377794,80.88686574085936,859400
2013-07-09,81.84049987792969,82.39041967038186,81.13048001436717,81.6595123398361,1076600
2013-07-10,81.80570983886719,82.13287784927422,81.10265231737988,81.75002584774457,876200
2013-07-11,81.33932495117188,82.51573624381098,80.8102871973877,82.51573624381098,725900
2013-07-12,81.98670959472656,82.09112572368277,81.01913040066067,81.48551642439676,752700
2013-07-15,82.16071319580078,82.43219187351694,81.75001658980788,82.24424713926096,496600
2013-07-16,81.85444641113281,82.1955394431124,80.71284213921388,82.08416082593747,874600
2013-07-17,82.09806823730469,82.64798809255244,81.20706073390406,82.32777729212067,867800
2013-07-18,83.04476165771484,83.21182423009763,80.07241062659122,81.71520763568836,1500900
2013-07-19,82.29996490478516,82.90556894419049,82.00759865694856,82.81507779058951,1373500
2013-07-22,83.00997924804688,83.18400436177443,82.27211446530602,82.39741275962285,760300
2013-07-23,82.62710571289062,83.03780766258951,82.43916096358704,83.0099630125401,625300
2013-07-24,82.43917846679688,83.07958962143144,82.2860355144223,82.66193040366217,702400
2013-07-25,81.94491577148438,82.58532667602388,81.59686567412729,82.27904089088628,670300
2013-07-26,81.61775970458984,81.770902619439,80.9912683760359,81.770902619439,434700
2013-07-29,80.85204315185547,81.70824346466759,80.61536631092908,81.70824346466759,504700
2013-07-30,81.29755401611328,81.68040599151942,81.04695748527621,81.29059152613898,536100
2013-07-31,81.34629821777344,82.5853561569459,81.2279624170266,81.4437518549561,886900
2013-08-01,82.91947937011719,82.95428120270337,82.04935389309591,82.20249151595912,645900
2013-08-02,82.91947937011719,83.10742413639103,82.42524873646803,82.69672746043273,815000
2013-08-05,82.73151397705078,83.14221588780087,82.20247629793099,82.58533356127231,515500
2013-08-06,82.32081604003906,82.68974831827192,82.0562945493639,82.68974831827192,551300
2013-08-07,81.70128631591797,82.25816331621121,81.304509395265,82.02149178602183,1192900
2013-08-08,82.13983917236328,82.64799475146337,81.46462100062132,82.02846057005266,433800
2013-08-09,81.9101333618164,82.29995319988227,81.51335634349596,81.96582266880075,587500
2013-08-12,82.01453399658203,82.18855906492573,81.31147123344292,81.62471954295573,532300
2013-08-13,81.70824432373047,82.0911015803617,81.38108167176412,82.0911015803617,512300
2013-08-14,81.736083984375,81.98668048055093,81.38803388533321,81.74304647338629,550400
2013-08-15,81.26274871826172,81.68040784217861,81.03303965214295,81.3254005078024,623600
2013-08-16,81.28362274169922,81.87531219474853,81.05391369857333,81.09567801353742,614800
2013-08-19,80.78942108154297,81.40199291100092,80.6710852729705,81.32542143231868,570900
2013-08-20,81.24186706542969,81.6386440322492,80.69890966986867,80.8381276084347,398700
2013-08-21,80.90773010253906,81.45068741900633,80.26731387028391,80.90076761337782,650200
2013-08-22,82.66191864013672,82.96820450129869,81.02608383868625,81.04000350927345,658700
2013-08-23,82.32081604003906,83.12828955848438,81.9170766254047,83.12133237986279,562600
2013-08-26,82.51573944091797,82.78721816345721,82.00062664825691,82.23729822756827,804600
2013-08-27,79.64083099365234,81.79874067510988,79.60602385732909,81.67344241949888,1078200
2013-08-28,79.69651794433594,80.1629091586474,79.36239279081344,79.55730001550549,593700
2013-08-29,79.71051025390625,80.13774389725364,79.14320228373705,79.45137221493664,396800
2013-08-30,79.38136291503906,80.06774022797616,78.75102283716258,80.06073490565667,511100
2013-09-03,79.96269226074219,80.98525037027194,79.10822450447179,80.09576668479951,996800
2013-09-04,80.908203125,81.09730943694342,79.92066634578053,79.92066634578053,759000
2013-09-05,81.18138122558594,81.58759923012384,80.78916318384634,80.85920040231858,489800
2013-09-06,80.52995300292969,81.1743033868652,79.22023627914322,80.77508572035163,559900
2013-09-09,79.24127960205078,80.73309247831226,79.0941999108837,80.55099686648332,1461400
2013-09-10,79.2482681274414,79.87160802415355,78.99613004073835,79.66849649078199,1139400
2013-09-11,78.89807891845703,79.48639757323205,78.46383990410378,79.26928073780228,768500
2013-09-12,78.2397232055664,79.13621189070122,78.13466476888784,79.08018535550084,634600
2013-09-13,78.39380645751953,78.80702953084337,78.0716311774296,78.23972146628219,454200
2013-09-16,78.64596557617188,79.34634820093768,78.3868220813502,78.87008780235712,829000
2013-09-17,79.52143096923828,79.54944691090786,78.22572439211338,78.8350537570697,583700
2013-09-18,79.4723892211914,80.3268565766069,79.00313431075617,79.5144104539189,969500
2013-09-19,78.8630599975586,79.8856176969853,78.01559790440689,79.57745306351713,1005300
2013-09-20,78.1136474609375,79.30430073550873,78.05061561042457,78.8490511112166,1792200
2013-09-23,77.55335235595703,78.23972417625022,76.67086895780024,78.11365511937068,921600
2013-09-24,77.38525390625,77.86151417677002,77.05607330616344,77.55334953831161,796200
2013-09-25,77.77747344970703,77.98758497925844,76.95102194241909,77.61638313457297,638600
2013-09-26,78.47085571289062,78.50587163169209,77.72845197496903,77.81249445488807,813700
2013-09-27,78.49886322021484,78.80702785263315,77.87552329147896,77.98758170049639,836300
2013-09-30,78.38682556152344,78.54091060077216,77.41329409735631,77.88254919434424,854000
2013-10-01,78.596923828125,78.75100883077698,78.13466882016904,78.41482288467316,656400
2013-10-02,78.04363250732422,78.30277599024502,77.74947310087043,78.26074940111225,571600
2013-10-03,77.81951141357422,78.26775585182317,77.35725633091396,77.84052203669602,644200
2013-10-04,79.02415466308594,79.12220778052611,77.66541097356614,77.84751191030968,501600
2013-10-07,77.46231842041016,78.44285517884481,77.4132918496632,78.33079139228292,538500
2013-10-08,76.97904968261719,77.96658631293455,76.94402841724283,77.62340035494432,1054800
2013-10-09,77.48332977294922,77.71445732728438,76.5027983487919,77.30123413331742,931400
2013-10-10,79.15724182128906,79.23428433741643,78.1767104223869,78.20472636856917,877900
2013-10-11,80.15876770019531,80.43892174342479,78.36579037311697,78.98913031396823,975800
2013-10-14,80.4599380493164,80.50196463204277,79.59847058409349,79.59847058409349,598900
2013-10-15,79.65450286865234,80.43892783692479,79.45139130551199,80.11675253302799,532000
2013-10-16,81.28639221191406,81.36343471531471,80.13076534789332,80.35488753683306,858100
2013-10-17,78.87709045410156,80.78212664042626,78.2677556675283,80.56500974401868,2118200
2013-10-18,80.4039077758789,80.46693963179848,77.29420797332268,78.76501005654731,1972500
2013-10-21,79.84361267089844,80.86617057792039,79.67552235092776,80.48796335036516,1289600
2013-10-22,79.29029846191406,79.8436012521615,79.17123472494154,79.82259063310684,782700
2013-10-23,79.05215454101562,79.08017047509112,78.38678812958187,78.93308548532148,1347400
2013-10-24,78.68098449707031,79.86463288791015,78.48487820962846,79.56346813405426,1184600
2013-10-25,78.82804870605469,79.03115491897229,78.22571935765961,78.82804870605469,1026300
2013-10-28,78.47085571289062,78.88407882181095,78.35179197067573,78.72999916079458,1157300
2013-10-29,78.9261245727539,78.95414052069549,78.39383224885522,78.82106610384689,1129000
2013-10-30,80.06072235107422,80.53698266770503,78.80003704951812,78.92610611402318,1340800
2013-10-31,78.8140640258789,80.04673906858113,78.8140640258789,80.02572844263383,953400
2013-11-01,78.37279510498047,79.56344310039506,77.93855607406176,78.84905537184508,927300
2013-11-04,78.19070434570312,78.77202312152897,77.81950246392105,78.49887436536879,629700
2013-11-05,78.04363250732422,78.2677547232169,77.67243058820465,77.8755421812785,731900
2013-11-06,78.53388214111328,78.75100433404069,77.95956874624596,78.44283434633343,665300
2013-11-07,77.8404769897461,79.10816705709314,77.79145044966893,78.71595473647574,374400
2013-11-08,79.75257873535156,80.11677538256309,77.95959541759125,77.95959541759125,1039100
2013-11-11,79.50043487548828,79.80859960317376,79.24129137531379,79.50043487548828,478400
2013-11-12,78.01559448242188,79.66849736063632,77.82649358707667,79.23425835246351,851300
2013-11-13,78.21171569824219,78.26774758297744,77.31522691645671,77.87553507681996,827300
2013-11-14,78.8000259399414,78.9611109008519,78.10664351117252,78.44282941695383,658900
2013-11-15,79.30432891845703,79.43039800777856,78.63195687974519,79.00316416860535,1469700
2013-11-18,79.66850280761719,80.25682149424249,79.14321597591862,79.31831158648481,743700
2013-11-19,79.514404296875,79.9486432609107,79.07316535692239,79.72452113122941,538500
2013-11-20,79.82260131835938,80.13777133335705,79.20626124494896,79.82260131835938,550600
2013-11-21,80.80313110351562,81.18133829545978,80.04671671962731,80.11675390106265,602700
2013-11-22,81.32842254638672,81.35643848923293,80.27084341379482,80.8101356189739,493700
2013-11-25,81.57356262207031,82.01480173827878,81.11831286144526,81.34944040286193,493800
2013-11-26,81.35641479492188,81.94473339286573,81.30738290160006,81.62255815920697,695600
2013-11-27,81.70170593261719,81.96242051986293,81.3353013277363,81.6382919220361,535300
2013-11-29,81.28596496582031,81.98354585386502,81.23664117324928,81.72987909895964,228200
2013-12-02,80.79979705810547,81.91311204318609,80.69410164480682,81.08164970160452,738300
2013-12-03,80.41221618652344,81.48324927207695,79.87669695580195,80.73634469104476,805700
2013-12-04,79.91192626953125,80.87021614971779,79.51028283601393,79.8273689083872,553700
2013-12-05,79.43280029296875,80.1233334482557,79.34824290877638,79.78511466326759,925200
2013-12-06,80.53907012939453,80.73636532379382,79.98945517599398,80.25016975481638,994700
2013-12-09,80.90546417236328,81.3141500936925,80.50382604302668,80.87727838028297,1026500
2013-12-10,80.50386047363281,80.88436076561747,80.02471255512167,80.62364610928749,926200
2013-12-11,80.19377899169922,80.89840758946728,79.96125564011183,80.6658842378799,1057200
2013-12-12,80.32769012451172,80.70819035441903,79.84854228417196,80.17267091500598,759200
2013-12-13,80.15151977539062,80.84205831115513,79.92603879193724,80.41223434646419,1084700
2013-12-16,81.14505004882812,81.45508304558517,80.20789251397234,80.2854021071343,986200
2013-12-17,80.13741302490234,81.38460328122318,79.37641284686441,81.31414149641735,3079100
2013-12-18,80.42632293701172,80.64475612336591,78.61542731313546,80.34881334652012,2252600
2013-12-19,80.13741302490234,80.37698416842007,79.66530777733517,80.36289396181473,1590300
2013-12-20,80.56725311279297,80.8632012896994,79.8626243241519,80.46156309520963,947300
2013-12-23,81.26484680175781,81.58192763484173,80.65886555888906,81.25075121421676,586300
2013-12-24,81.55374145507812,81.72989866727859,81.14506080845058,81.2577986287953,167300
2013-12-26,81.6805419921875,82.09627564114044,80.98296121785079,81.65940399537266,740800
2013-12-27,81.7862319946289,82.05398889655945,81.4691513113983,82.0187606961388,379100
2013-12-30,81.96945190429688,82.0328659021837,81.50439441623371,81.82148053333768,562600
2013-12-31,82.0328369140625,82.64586555645761,81.94123715752036,81.95532736010836,549200
2014-01-02,81.07459259033203,82.01879803116518,80.93366897272298,82.00470244386942,1069000
2014-01-03,81.18026733398438,81.4903056649002,81.06048175190872,81.20140533365772,741600
2014-01-06,80.9266128540039,81.94832779218373,80.89842705820334,81.37757483503125,877700
2014-01-07,81.3705062866211,81.6100774101536,80.78566330733062,81.12388199653994,941700
2014-01-08,81.59600830078125,81.82853169377147,81.27187435731024,81.36347953190051,2240700
2014-01-09,82.10330963134766,82.33583832422939,81.72985739023453,82.00466207240792,1795800
2014-01-10,81.73695373535156,82.06108238953989,81.49738248586574,82.00471078640489,837300
2014-01-13,80.57431030273438,81.84264442056146,80.2501816672656,81.51146799113485,1118500
2014-01-14,80.89137268066406,81.03229626293924,80.22197222513184,80.33471539166402,834200
2014-01-15,81.04641723632812,81.6030747366374,81.0111890153316,81.10278884099309,1001800
2014-01-16,80.79979705810547,81.2296211298658,80.1797255431212,80.99004987722144,1090800
2014-01-17,78.91136932373047,80.86319390040717,77.69236464127324,80.32062677223445,2671900
2014-01-21,78.7563705444336,79.32007582020738,77.50917974484088,77.74170857428946,2490900
2014-01-22,79.3411865234375,79.39051031490193,78.67179144272173,78.79862481732883,939900
2014-01-23,78.81272888183594,79.18618127942442,78.43222869111625,78.99593387201008,1290900
2014-01-24,78.40401458740234,78.93248598773123,78.12216747460486,78.32651039450539,1298500
2014-01-27,77.97418212890625,79.08044851328437,77.9389485581875,78.32649633254117,1885800
2014-01-28,78.38993835449219,78.4604001452508,77.68530969512597,78.19969098185493,986100
2014-01-29,78.6999740600586,79.39050711270808,77.70644510306167,77.81214047361941,1452100
2014-01-30,79.48211669921875,79.64417828398834,78.74930223203022,79.05229277734962,692100
2014-01-31,78.57312774658203,79.11568934142608,78.37583262118419,78.38287503574199,840300
2014-02-03,77.01592254638672,78.79863237793643,76.91727495399279,78.46745601380368,1396700
2014-02-04,78.10100555419922,78.26307244386777,77.12862034385135,77.57958206829278,1261300
2014-02-05,78.46040344238281,78.84795137167613,77.83328433926474,77.92488413351121,683200
2014-02-06,79.21435546875,79.26367926165895,78.46040299091877,78.56609836883516,567100
2014-02-07,79.62301635742188,80.21490168620099,79.20728814447777,79.48913522910294,764900
2014-02-10,79.58074951171875,79.86964441941282,79.05227810350576,79.52437793796264,537100
2014-02-11,80.32061767578125,80.51087042028152,79.20026071153048,79.55962282544994,565500
2014-02-12,79.75695037841797,80.88435559224929,79.5314693356517,80.2431406849468,942200
2014-02-13,79.87669372558594,80.003527080999,78.70700773945553,79.33412672569534,822800
2014-02-14,80.36994171142578,80.41926550165249,79.93307539110054,79.93307539110054,343600
2014-02-18,80.13741302490234,80.8208982509974,79.98943628815364,80.54609352713197,384300
2014-02-19,79.08753204345703,80.49678959065423,79.01002244828992,80.27130859813832,942100
2014-02-20,79.2214126586914,79.69351264337975,78.42518408559505,79.23550286866963,710100
2014-02-21,79.9823989868164,80.15150835634104,79.08047518149843,79.19321296921821,770200
2014-02-24,80.96182250976562,81.41983214832452,79.65826075070511,79.8978318803545,724000
2014-02-25,80.6729507446289,81.06049873949087,80.32063634053301,80.81387973180198,750800
2014-02-26,81.53964233398438,81.92718493294528,80.19379879939984,80.81387555916272,658800
2014-02-27,82.00752258300781,82.00752258300781,80.80945106664078,81.53254946902608,791600
2014-02-28,82.6526107788086,83.45369025981807,81.96496599556305,82.05003255382515,813700
2014-03-03,82.00752258300781,82.20601848684448,81.36240548693087,81.84446928565184,532400
2014-03-04,83.53878021240234,83.63803357251352,82.51085268242745,82.51085268242745,702400
2014-03-05,83.198486328125,83.4678727982068,82.88656116695172,83.40407287447951,687000
2014-03-06,84.29730987548828,84.5737870295372,83.46078773004099,83.46078773004099,730700
2014-03-07,84.6305160522461,85.537934425592,84.15554292361102,85.0275132807749,968700
2014-03-10,84.6092300415039,85.02040313723577,84.36111021084041,84.40364349363796,590900
2014-03-11,83.78691864013672,84.71559836425371,83.17724946608186,84.63052636021982,901100
2014-03-12,83.90742492675781,83.96413959048381,83.09216921367275,83.44662774904816,566300
2014-03-13,83.15597534179688,84.36113220992398,82.85822605874912,84.26188425177743,700600
2014-03-14,83.24812316894531,83.77981091666268,82.88657398608741,82.95037932828937,658400
2014-03-17,83.44662475585938,83.85779794021221,83.02836629525096,83.54587270951588,576300
2014-03-18,83.66638946533203,83.92160004091376,83.24104030889846,83.80108543816904,485400
2014-03-19,83.84361267089844,84.60924434230272,83.23394901619604,83.68056478687808,761500
2014-03-20,85.75059509277344,85.82857639129864,83.27647640927584,83.5742202353136,1175100
2014-03-21,85.8711166381836,87.22515074176916,85.67971142267643,86.37444707307333,1404100
2014-03-24,85.81437683105469,86.87775198183056,85.37484648830261,86.05540593576647,825300
2014-03-25,85.89949035644531,86.31775429028983,85.36780249029954,86.11216766634709,628200
2014-03-26,85.76477813720703,86.58002833273012,85.7222394407936,86.20430320082318,679500
2014-03-27,84.75811004638672,85.99162945155935,84.67304347265564,85.61589891935404,1052700
2014-03-28,85.38197326660156,85.7576984466743,84.72976545452363,85.07004802641681,672700
2014-03-31,85.99163818359375,86.12632874188088,85.48121705494769,85.76478494959636,680800
2014-04-01,86.32482147216797,86.42407482896292,85.55210453147909,86.34609352558601,621000
2014-04-02,85.9490966796875,86.45951779168092,85.72224345309125,86.45951779168092,600400
2014-04-03,86.37445831298828,86.42408770308255,85.7080799056928,85.99164783215879,541400
2014-04-04,85.45996856689453,87.09756552873174,85.41742985806407,86.51625365506506,566300
2014-04-07,84.99917602539062,85.48832523086526,84.64471741428275,85.45288261491997,650700
2014-04-08,85.75767517089844,85.96326171352965,84.55251323912309,84.9707770075401,1259800
2014-04-09,86.02709197998047,86.33901724552832,85.52376147059726,85.97746799760772,734100
2014-04-10,83.97831726074219,86.12633516344373,83.96414129882628,86.01291124229203,1124100
2014-04-11,83.80815124511719,84.28312423866413,82.30524556933467,83.29063956252874,1196900
2014-04-14,85.67262268066406,86.62965959711562,84.41075122252415,84.64469514236568,1296500
2014-04-15,85.34651184082031,86.51622589912859,84.40365099193005,85.88529024141576,1170100
2014-04-16,86.232666015625,86.36736198039111,85.52374899451094,85.65135427465577,795500
2014-04-17,86.16177368164062,86.43825088168789,85.63717661085961,86.13341635232712,700600
2014-04-21,85.89949035644531,86.61549819726538,85.63719447065628,86.16179165084301,547700
2014-04-22,86.45240020751953,86.97700252528699,85.46700630404041,85.81437942465543,538600
2014-04-23,87.189697265625,87.23932123754481,86.05543118702403,86.43824700266572,649800
2014-04-24,87.13300323486328,88.0191496086198,86.77145399996031,87.905720276647,878800
2014-04-25,86.65799713134766,87.13297554729321,86.28936273679066,87.13297554729321,602800
2014-04-28,86.409912109375,87.02667198502934,85.70808563611915,86.93450929281613,888300
2014-04-29,86.21138763427734,87.19678172679403,86.10504901386476,86.63673670732082,521300
2014-04-30,86.49498748779297,86.56587812476094,85.79315557856587,86.14052889434414,673700
2014-05-01,86.12633514404297,86.79271893471152,85.90657257844296,86.6509376811518,557000
2014-05-02,86.34607696533203,87.18259908862399,85.87109855169368,86.31771964148747,436800
2014-05-05,86.09796905517578,86.19721700429538,85.58046266456752,85.99872110605618,559100
2014-05-06,84.65179443359375,85.99164733456895,84.56672243356373,85.85695135334015,596100
2014-05-07,85.71517181396484,85.75770511052858,84.73686272413184,84.99207332073102,674500
2014-05-08,85.72224426269531,86.19721736527214,85.33942842508473,85.67262028792769,531700
2014-05-09,86.041259765625,86.09088374016227,84.97788424673409,85.69388653525651,754200
2014-05-12,87.23225402832031,87.50873127322043,86.24685966139762,87.40948330882595,777200
2014-05-13,86.46662139892578,87.19680516214198,86.3602827499332,87.19680516214198,580000
2014-05-14,84.92826080322266,86.55876669721913,84.80774079978636,86.55876669721913,513000
2014-05-15,84.16264343261719,84.65888326544287,83.04964374304367,84.36113936574746,744500
2014-05-16,84.0491943359375,84.46036747710953,83.47497332028476,84.09173303204281,797100
2014-05-19,85.14802551269531,85.2614494258275,83.7514580882671,83.7514580882671,765700
2014-05-20,84.6375961303711,85.16219317075347,84.1200897740581,85.10548392402009,575800
2014-05-21,85.1054916381836,85.45285946856829,84.47455591399991,84.77938504471975,426300
2014-05-22,85.61590576171875,85.61590576171875,84.99206073386904,85.09839936813859,868800
2014-05-23,85.89949035644531,85.97038099020969,85.20475457350236,85.4670504592914,361900
2014-05-27,86.09796905517578,86.83524339764108,85.84984918237679,86.23975570292347,415200
2014-05-28,86.56584167480469,86.60837495735436,85.63007159846536,86.22555918858737,700900
2014-05-29,86.01685333251953,86.57299591323708,85.61757259555145,86.27353536051102,996700
2014-05-30,86.53734588623047,87.10062001435396,85.77443139670457,85.77443139670457,1127500
2014-06-02,86.5943832397461,86.7013349889836,85.78155864920812,86.55160471596787,793500
2014-06-03,87.19331359863281,87.49277415780803,86.39474666770677,86.39474666770677,684700
2014-06-04,86.99365997314453,87.43571917702356,86.75836723829782,86.95087601421427,507300
2014-06-05,87.87064361572266,87.89203287318935,86.72270632015663,87.14338166290116,499500
2014-06-06,88.22002410888672,88.69773568258444,87.76369635395287,88.10594081020548,507500
2014-06-09,89.56047058105469,89.56047058105469,87.82073834787725,88.17011437161607,959300
2014-06-10,88.90450286865234,89.76723736997788,88.89023973717777,89.22535260955024,708100
2014-06-11,88.14158630371094,88.75477038666179,87.97046136908,88.71198643310873,798400
2014-06-12,87.62824249267578,88.43393551227852,87.58545852930253,88.0703017424614,689300
2014-06-13,87.4642333984375,88.4766981667416,87.35728166887502,87.89916644281155,981000
2014-06-16,86.94377136230469,87.42861464486825,86.88672969616951,87.35018371388057,884700
2014-06-17,88.18438720703125,88.44820080172518,86.85819854577773,86.85819854577773,670800
2014-06-18,88.33409118652344,88.50521067386892,87.45709905406123,88.16297169917796,539300
2014-06-19,88.14158630371094,88.3554843123136,87.54265991208398,88.3554843123136,618800
2014-06-20,88.9330062866211,89.27524521796006,88.51233102710435,88.64780355064546,1156400
2014-06-23,88.5765380859375,89.11841750766175,88.36976615930911,88.98295037212658,781600
2014-06-24,88.07742309570312,89.0471094095706,87.93482440710726,88.36975747905332,886700
2014-06-25,88.53376007080078,88.69062191807659,87.2360922066903,87.77084553706207,985400
2014-06-26,88.28421020507812,88.58367076657308,87.67815751449297,88.31273103566701,497900
2014-06-27,88.49810028076172,88.71199831802072,87.69953346487051,88.02038324065471,573700
2014-06-30,88.44819641113281,88.71913611995315,88.05604182224256,88.54801659016093,667900
2014-07-01,89.10417175292969,89.62466198298635,88.54802912254912,88.80471117346208,636000
2014-07-02,88.29130554199219,89.2752493144785,88.14870144756591,88.96865731119951,603200
2014-07-03,89.082763671875,89.22536236346467,88.43392711362179,88.55513654545214,388100
2014-07-07,88.8759994506836,89.07563981209839,88.44106633197627,88.82608936032989,543200
2014-07-08,87.89915466308594,88.89023004061767,87.71377205267426,88.61215884489525,479500
2014-07-09,87.5711898803711,88.53374461908805,87.50702210302586,88.14159550913216,591200
2014-07-10,86.7654800415039,87.10771900018788,86.25211616368777,86.63000750713849,672900
2014-07-11,86.99365997314453,87.02218079916759,86.04536290709544,86.53020606990472,553600
2014-07-14,86.72270965576172,87.9134309518505,86.69418883144553,87.87777856150751,419900
2014-07-15,87.82073974609375,87.94908073976153,86.92235823021056,87.15764551877548,558200
2014-07-16,87.17192840576172,88.07744169310475,86.70847441028072,87.89919057482685,899500
2014-07-17,86.92235565185547,88.35549035887846,86.69418905673308,87.56405516136854,1108500
2014-07-18,87.02934265136719,87.57835925804744,86.53737315994222,87.57835925804744,660500
2014-07-21,87.307373046875,87.31450461290933,86.55159024096739,87.05782263358391,501900
2014-07-22,87.20757293701172,88.22004339487742,87.1861836737808,87.40721331355664,771600
2014-07-23,87.3216323852539,87.47136262672353,86.72983754530911,87.11486049756992,452300
2014-07-24,88.10592651367188,88.26991986896796,87.30735987185615,87.52839486723695,743600
2014-07-25,88.55513763427734,88.75478342066558,87.89204337462867,87.89204337462867,591800
2014-07-28,87.47136688232422,88.3768799409209,87.20755333559097,88.24853895059,496400
2014-07-29,87.15054321289062,87.82789531806996,87.15054321289062,87.35018360432063,423300
2014-07-30,87.49276733398438,87.94195813771344,86.86532543420209,87.61397677375055,444300
2014-07-31,86.63001251220703,87.3430167304145,86.40898294529568,87.14337641968288,857400
2014-08-01,85.49634552001953,86.79401308738522,85.16835876537692,86.27351757133938,605700
2014-08-04,85.65320587158203,85.79580999757263,84.81186056750666,85.75302603987986,445000
2014-08-05,85.41078186035156,86.19508546667784,85.0328904689265,85.20400996999257,491000
2014-08-06,85.5819320678711,86.15946399105452,85.28960304198803,85.30386073894628,322100
2014-08-07,84.71915435791016,85.82431298553487,84.53377175254683,85.63179881540641,481500
2014-08-08,85.4892349243164,85.51775575518535,84.498159170738,84.7049311146936,390700
2014-08-11,85.26106262207031,85.61043323511444,85.18263170733508,85.56052314753671,357400
2014-08-12,85.20403289794922,85.49636733740233,84.89744076281679,85.1969013302134,461000
2014-08-13,85.7245101928711,85.93840822101842,85.16123613777147,85.52486441755929,534100
2014-08-14,85.6318130493164,86.02396757973322,85.48921436905081,85.71024395539978,283800
2014-08-15,85.53199005126953,86.24499430855566,84.9188059548202,85.81006127642786,480000
2014-08-18,86.32344818115234,86.55874095421372,85.71739548915761,85.87425733786519,309800
2014-08-19,86.55873107910156,86.97227491673443,86.34482759348687,86.55873107910156,313200
2014-08-20,86.55873107910156,86.65855125511065,85.98119384385853,86.27352824487917,353200
2014-08-21,87.90628051757812,88.07026842245897,86.49452993579652,86.63713402676882,543600
2014-08-22,87.4642333984375,88.1130699019365,87.37867636662027,87.61396364390859,394100
2014-08-25,88.26995086669922,88.61218994781125,87.642503485007,87.79936533043006,690600
2014-08-26,88.54086303710938,88.66920401253248,88.17722936677886,88.17722936677886,666300
2014-08-27,88.25567626953125,88.76904026431802,88.1487245306521,88.76904026431802,453200
2014-08-28,87.95452117919922,88.21265756695908,87.39521017198496,87.95452117919922,326500
2014-08-29,88.6500473022461,88.69307458423039,87.89713825163076,87.9688430939662,359800
2014-09-02,89.20935821533203,89.2380357756874,88.36322794590026,88.91536124976605,409800
2014-09-03,88.6213607788086,89.46032436033096,88.46361232017863,89.23803224590367,396200
2014-09-04,88.97991180419922,89.62526645614305,88.44211717270102,88.6285541767581,355300
2014-09-05,89.2595443725586,89.28822193041452,88.28434328360697,88.77194382808278,336900
2014-09-08,89.33840942382812,89.45314152989603,88.95120224266876,89.08743978021448,369600
2014-09-09,88.77198028564453,89.23806464705102,88.4062783594163,88.98709488227894,568500
2014-09-10,89.65391540527344,89.91922929206584,88.67154775318077,88.67154775318077,534000
2014-09-11,90.16305541992188,90.27778756004636,88.95839530226257,89.41014626559078,531200
2014-09-12,90.30645751953125,90.99483384841892,89.94075571424666,90.17021449054256,512200
2014-09-15,90.1200180053711,90.51440283037957,89.73997743076033,90.18455071997505,392100
2014-09-16,90.13436889648438,90.41402163880265,89.56072463025195,90.02681435769222,523600
2014-09-17,90.55742645263672,91.20278096523629,89.88338890939619,90.09850890383896,523300
2014-09-18,91.16692352294922,91.60433015547906,90.61479024146142,90.61479024146142,578800
2014-09-19,91.55416107177734,92.27839272937653,91.43942892094853,91.86966354509644,917800
2014-09-22,90.78688049316406,91.5111119345807,90.68649262651958,91.06653318892057,418700
2014-09-23,89.89054870605469,91.05935332304354,89.88337658169594,90.71516794401535,482100
2014-09-24,90.1200180053711,90.30645496544133,89.5893956259558,89.8045101453643,468300
2014-09-25,89.01579284667969,90.12723759652154,88.81501700120073,90.12723759652154,448600
2014-09-26,89.51053619384766,89.56073013861426,88.73611064253767,88.90820338591888,534600
2014-09-29,89.15201568603516,89.32410844723748,88.53534403176906,88.7289477042804,330300
2014-09-30,88.40624237060547,89.25954469419499,88.291510255855,89.06593561823566,719300
2014-10-01,87.6820297241211,88.42060009117777,87.53144789429949,88.38475040068474,996500
2014-10-02,87.6318359375,87.97602688537145,86.94345951248663,87.6820298808636,1059700
2014-10-03,88.44927215576172,88.75043577805198,87.77524006835904,88.27717943884282,1006000
2014-10-06,88.10509490966797,88.86517616153004,88.01187368168004,88.65005614234336,443900
2014-10-07,86.75700378417969,87.8684478952727,86.73549288034522,87.60313398294817,761900
2014-10-08,88.54965209960938,88.59267937803233,86.73549293210887,86.76417596081473,605000
2014-10-09,86.7713623046875,88.5640108620977,86.76419017865368,88.5640108620977,608300
2014-10-10,86.0184326171875,87.49557301846984,86.00409383836701,86.80719674979278,758200
2014-10-13,85.28705596923828,86.70683067049295,85.25837293366257,86.25508516931731,522100
2014-10-14,85.97543334960938,86.8574134525914,85.33007871893368,85.33007871893368,623500
2014-10-15,83.08568572998047,85.20818118060545,82.0602904323773,85.07911025255996,1509800
2014-10-16,83.29363250732422,83.6234792143476,81.57268864703418,81.82365837295092,1105700
2014-10-17,80.92733001708984,82.94226532226187,80.83411425799206,81.68024462836942,1411400
2014-10-20,81.09223175048828,81.35754565486316,80.61180334348592,80.61180334348592,868200
2014-10-21,82.5191879272461,82.5335267065375,81.39340501273837,81.49379287996364,729200
2014-10-22,82.40448760986328,83.45856609322553,82.31127183167601,82.62677980512609,779700
2014-10-23,82.86336517333984,83.55891352110571,82.6769337072775,83.41550385940731,884800
2014-10-24,83.44420623779297,83.51591108527154,82.65543650334106,82.65543650334106,502600
2014-10-27,83.9389877319336,84.08956957836192,83.1215402966198,83.17890637261063,657000
2014-10-28,84.95719146728516,84.97153024670415,84.02501215392442,84.03218427899817,763200
2014-10-29,85.63839721679688,85.67425237209743,84.34768821617735,84.62734092119015,1102300
2014-10-30,85.76030731201172,88.08357834906997,84.92852121238342,85.65991942879329,885800
2014-10-31,87.6103286743164,87.86129840157675,85.94675087696676,86.32679153120809,1249900
2014-11-03,87.26612854003906,88.02621523936277,87.11554671950972,87.92582735900987,451600
2014-11-04,86.95777893066406,87.43104069475943,86.31242993704792,87.23743709082025,510300
2014-11-05,88.07640075683594,88.13376681747432,86.98646748762121,87.25178141502725,463700
2014-11-06,89.22370147705078,89.22370147705078,87.86845964694378,88.26283903502005,686400
2014-11-07,89.30257415771484,89.51768868522109,88.47078266665,89.13048144156407,525500
2014-11-10,89.38866424560547,89.73284983575363,88.9154022207376,89.10900593135453,421500
2014-11-11,89.52487182617188,89.632431838524,89.15916997246644,89.2380469501427,350100
2014-11-12,90.07698822021484,90.36380755403118,89.00856596005497,89.1089538210363,744700
2014-11-13,89.89054870605469,90.34946619191092,89.56070210501602,90.03395836886178,411500
2014-11-14,89.58940887451172,90.23475799890059,89.33126703646441,89.67545250670788,406100
2014-11-17,89.42448425292969,89.75433094676154,88.72176904846646,89.74716429111463,472800
2014-11-18,89.46034240722656,89.632435150912,88.96556961456002,89.374293300019,693400
2014-11-19,89.35993957519531,89.48183835364213,88.28435053323898,89.3312565442557,688200
2014-11-20,89.4961929321289,89.53922022149814,88.70025646291964,88.85801042557081,512600
2014-11-21,89.40294647216797,90.42834140660725,89.19499863559186,90.27058749812,680600
2014-11-24,90.38533020019531,90.52873987705568,89.79016964684062,89.84753570587617,377400
2014-11-25,90.50723266601562,90.69366963012502,90.04831511646074,90.42118357395081,465100
2014-11-26,91.11293029785156,91.19224715362294,90.06739792812107,90.50723844480086,645400
2014-11-28,90.86775970458984,91.43018976966722,90.7091315080807,91.28597481660715,410900
2014-12-01,89.55545043945312,90.62983140866663,89.36797921768508,90.23324709100541,989500
2014-12-02,90.65144348144531,91.10570819554937,89.72848980763766,89.77175154196057,621900
2014-12-03,91.57440185546875,91.98540485634534,90.21160214197066,90.21160214197066,754400
2014-12-04,91.84840393066406,92.15845921855609,91.08408389591368,91.60324675017364,650600
2014-12-05,92.31708526611328,92.98767514826964,91.97818701429323,92.0070300039415,739700
2014-12-08,92.19451141357422,92.73530511942519,91.73303455801376,92.28104038695606,582900
2014-12-09,92.15125274658203,92.36757243662213,90.78845300254882,91.06245317552647,1049900
2014-12-10,88.88484191894531,91.99981312378911,88.69015862543398,91.39412687620941,1155100
2014-12-11,89.39679718017578,90.29090779906419,89.21653263194293,89.50495150812553,753700
2014-12-12,87.86094665527344,89.41843511574389,87.83210366512718,88.74063860040161,730100
2014-12-15,87.38502502441406,88.48824293779617,87.06054560791354,88.11328967889372,546600
2014-12-16,86.31788635253906,87.92584874333104,86.22415075624392,87.16152322290974,1114900
2014-12-17,87.8681640625,87.90421917766064,86.46210259104647,86.81541961442025,1011600
2014-12-18,89.6563720703125,89.69242718005263,88.82715955866333,88.94252600760446,951200
2014-12-19,90.21160888671875,90.7019287754095,89.80060585511316,89.98087043917243,955400
2014-12-22,90.70914459228516,90.78846145259966,89.7789786405196,90.23324343039819,749400
2014-12-23,91.79072570800781,92.24499046605165,90.73076910466715,91.026400153199,499500
2014-12-24,91.30042266845703,92.19453360365205,91.24273667231816,91.79074263315869,196800
2014-12-26,91.38693237304688,92.08635984229343,91.35808937932924,91.6681446852456,222200
2014-12-29,91.9493408203125,92.43245400353798,91.04801805485553,91.06244229979589,273500
2014-12-30,91.8123779296875,92.25222404426816,91.25715981727078,91.65374418328273,264400
2014-12-31,90.57933044433594,92.14402537277837,90.54327533488389,92.14402537277837,399700
2015-01-02,90.41349792480469,91.42298062415004,89.33191049719997,91.15618707822848,438400
2015-01-05,87.50043487548828,89.76455778902584,87.291327281405,89.69245304998584,663800
2015-01-06,85.53912353515625,87.71672215708736,85.02717292567577,87.63019320149353,887500
2015-01-07,85.71942138671875,86.61353777169639,84.78204875898545,86.41163679682981,748100
2015-01-08,87.4571762084961,87.69512680681274,86.23137359674435,86.59190280586442,753100
2015-01-09,85.69774627685547,87.38502493777109,85.69774627685547,87.38502493777109,582500
2015-01-12,85.13536834716797,85.69779304063303,84.28451918234568,85.69779304063303,1159800
2015-01-13,85.69774627685547,86.40438557101793,85.26511255651995,85.67611541602413,1703100
2015-01-14,83.14524841308594,85.01279266605823,81.4435500247653,84.38546983181854,1355900
2015-01-15,82.47466278076172,83.95283479031914,81.96992407084615,82.82798537894196,1020400
2015-01-16,82.94334411621094,83.52739964041062,81.99154727988163,82.20065486908322,1232600
2015-01-20,81.3786392211914,84.29892750234788,81.2200055168586,83.10196809782822,1013500
2015-01-21,80.96041107177734,82.0203674700498,80.59988198399691,81.1190447505987,1092500
2015-01-22,84.45756530761719,84.74598975726498,81.25606987011926,81.32096248313964,966700
2015-01-23,83.080322265625,84.52243858892697,83.05869140097342,84.06816842629505,438500
2015-01-26,84.29171752929688,84.29892965274276,82.38091190777479,82.92170564021094,602500
2015-01-27,83.75091552734375,84.29170920638225,83.01543304315823,83.31106956162674,828500
2015-01-28,81.99874114990234,84.31333736159476,81.99874114990234,84.00328210886875,1107800
2015-01-29,83.21012878417969,83.27502139047921,81.6742710868987,81.9266458924766,680600
2015-01-30,81.5949935913086,82.92895089737739,81.52288333051527,81.93388651133085,1035200
2015-02-02,83.31829071044922,83.45528804980523,81.63101138841806,82.20786024237913,973900
2015-02-03,85.29398345947266,85.3372451952973,83.6427593602299,83.6427593602299,706100
2015-02-04,85.51028442382812,86.20250509746465,84.89017946830892,84.98391504852104,866500
2015-02-05,86.13763427734375,86.25300625989388,85.67615734962104,85.78431720795206,770000
2015-02-06,87.71674346923828,89.33912464745634,86.71447287034928,87.47158078610809,841800
2015-02-09,86.9596176147461,87.55088511730268,86.46209119876049,87.0100914685776,467700
2015-02-10,87.356201171875,87.56530870796878,86.61351211337075,87.54367784237932,412100
2015-02-11,86.9091567993164,87.26968595255424,86.36836306945963,87.0245287689469,419700
2015-02-12,88.96417999267578,88.98581636488507,87.12548444407994,87.21200792796189,792800
2015-02-13,89.33914184570312,89.6924589410726,88.58202828295778,89.10840336487662,747200
2015-02-17,89.43285369873047,89.98807163087714,88.6829524599954,89.33190598401977,631500
2015-02-18,87.75279235839844,89.3391239091789,87.56532116246734,89.19490894934164,775100
2015-02-19,87.39949035644531,87.96191504338626,86.77216755111318,87.7023335722998,709300
2015-02-20,87.49319458007812,87.68788336416291,86.13760721838685,87.05335416318263,1243000
2015-02-23,87.39227294921875,87.51485705405013,86.82264167340897,87.28411859383641,468100
2015-02-24,87.66627502441406,88.18543791371707,87.24084773964243,87.31295247399261,872700
2015-02-25,87.65185546875,87.76722745087694,87.18317191976625,87.75280320249163,659500
2015-02-26,88.00718688964844,88.08696311045532,87.43425109162587,87.65182360893535,951500
2015-02-27,87.75335693359375,88.25377040901337,87.42700368716297,87.95642166764837,600400
2015-03-02,89.03701782226562,89.2110780483518,87.63006695987879,87.75335547019897,751400
2015-03-03,89.0080337524414,89.17483459102834,88.3335654375329,88.69618269214823,641100
2015-03-04,88.80497741699219,88.86299751480512,88.13776289144674,88.442360105313,593300
2015-03-05,89.36338806152344,89.39964646345243,88.15224788172267,88.94275076082988,724800
2015-03-06,90.2409439086914,91.35055199102099,89.3416545299493,89.42143078072733,1126900
2015-03-09,90.26993560791016,90.52376656646986,89.56645728483048,89.95808456365113,623500
2015-03-10,87.96370697021484,89.57372869811847,87.96370697021484,89.57372869811847,656600
2015-03-11,88.23204803466797,88.50763520306667,87.86943071846387,88.16677404053864,826100
2015-03-12,91.11849212646484,91.20552228702444,88.70345911867999,88.70345911867999,948000
2015-03-13,90.81387329101562,91.14748052759163,90.07413093474221,91.09671432926703,533100
2015-03-16,91.37954711914062,91.39404937459548,90.66156651247256,91.31427866994359,758800
2015-03-17,91.88721466064453,91.88721466064453,90.62530810130525,90.85738293443777,900400
2015-03-18,92.15554809570312,92.6777178232771,91.37229350434215,91.78567694982154,1077500
2015-03-19,91.7131576538086,92.08302881198124,90.8283706452507,91.69865539782747,662500
2015-03-20,92.83002471923828,93.04033787486424,91.95249155578631,92.21357644295722,901500
2015-03-23,92.3441162109375,93.97589394192576,92.27884222448571,92.83002202955433,1713000
2015-03-24,91.40131378173828,92.37313100199461,91.04595038466954,92.30060311707787,1552600
2015-03-25,89.43589782714844,91.39402831526208,89.43589782714844,91.37952606314889,946600
2015-03-26,90.00885009765625,90.32795503357093,88.79045597237275,89.44316809897103,689600
2015-03-27,90.63253784179688,90.72681631562777,89.40689001650017,89.97982581847026,970300
2015-03-30,92.01778411865234,92.48918781805232,90.88641966657408,91.03871830180753,657400
2015-03-31,92.10478973388672,92.28609837509516,91.23451046932647,91.54636155352901,901500
2015-04-01,91.56810760498047,92.06851563701105,90.83561922602556,92.03951112674551,592000
2015-04-02,92.25709533691406,92.48191629849903,90.92266629213728,91.488348410384,604800
2015-04-06,89.75499725341797,90.39320143651585,87.93465763678276,89.93630582586495,3864900
2015-04-07,90.32069396972656,91.26349538165975,89.58820566729659,89.58820566729659,2271100
2015-04-08,90.11040496826172,90.63982869559754,89.5302150369157,90.59631085423078,1206500
2015-04-09,90.43675994873047,90.57455630481428,89.77679928490554,90.07414261849001,1698600
2015-04-10,90.21190643310547,90.64704596580911,89.87104538033948,90.36420499289677,1065700
2015-04-13,90.08140563964844,90.5528093233347,89.20387227554417,89.21112617215218,913700
2015-04-14,89.39242553710938,90.13941634991049,88.81223559719132,89.45769400047196,1070400
2015-04-15,89.9145736694336,90.75584279280595,89.41416010539055,89.80578739032423,1565400
2015-04-16,89.3561782836914,89.90010437906311,89.17486958523418,89.78406968926372,806900
2015-04-17,87.61558532714844,89.37790552734432,87.44153058220704,88.85573575941953,1403800
2015-04-20,86.45519256591797,88.05071157326823,86.26663007176488,87.5140341309171,1714900
2015-04-21,86.65827178955078,87.12242144261657,85.91853500907102,86.58574944371556,1108600
2015-04-22,87.39075469970703,87.4777848290833,86.08533042456271,86.57849009149501,867600
2015-04-23,87.16595458984375,87.48505407419793,86.74531716376178,87.1514467982678,570000
2015-04-24,86.74532318115234,87.34726931198077,86.27391951805656,86.97739806455465,591500
2015-04-27,85.84600830078125,87.41251191699789,85.47613716278703,86.8033176032192,1074100
2015-04-28,87.34000396728516,87.4995564661669,85.64295210920785,85.85327080927006,925800
2015-04-29,87.15144348144531,87.89118589682953,86.85410016267011,86.99189097878985,1024500
2015-04-30,86.7888412475586,87.66637463152117,86.43347776915108,87.03542393989383,846600
2015-05-01,86.51323699951172,87.56482496722978,86.1578735910768,87.35450626706599,497300
2015-05-04,88.2755355834961,88.3335556657602,86.62200197066602,86.81781283193291,1176300
2015-05-05,87.24573516845703,88.30457714882913,87.18046116933259,87.71713328911535,1243300
2015-05-06,87.62284851074219,87.9709635706286,86.9701362316434,87.62284851074219,672100
2015-05-07,87.15868377685547,87.78963979351204,86.73804643241776,87.70260966025245,704700
2015-05-08,88.11597442626953,88.3335469467345,87.28195380861919,87.78236728582921,606500
2015-05-11,87.93468475341797,88.35532209915156,87.72436608055116,87.91292860331109,486800
2015-05-12,87.970947265625,88.26103663981227,86.98462790070788,87.44877753912768,795600
2015-05-13,88.49312591552734,88.60916611063904,87.36901557416323,87.83316528840794,919800
2015-05-14,89.05880737304688,89.18934981691785,88.39884125872676,89.16033977015756,737500
2015-05-15,87.89842987060547,89.18209819016839,87.47779801463477,89.16034203782,1241200
2015-05-18,88.84849548339844,88.98628629967907,87.74613575454694,87.89843436186831,528000
2015-05-19,89.96537780761719,89.96537780761719,88.89928178226654,89.1676151130675,1150700
2015-05-20,89.62449645996094,90.18292468773383,89.13859058820904,89.75503891403918,507900
2015-05-21,89.6462173461914,89.8782921140199,89.1530577729185,89.29810242789922,493600
2015-05-22,89.31986999511719,89.87829804002092,89.18932758378784,89.4794169128759,636300
2015-05-26,88.54388427734375,89.3198905639631,88.12325244006202,89.02979563497185,574100
2015-05-27,88.67442321777344,89.13857840569443,88.38433383333577,88.88474189466098,753500
2015-05-28,88.83486938476562,88.97345910426829,88.25863465599349,88.6525168338235,667400
2015-05-29,88.17113494873047,88.97349091167918,88.05443216818533,88.92243240176064,808300
2015-06-01,87.4198226928711,88.94429310232977,87.31041003569175,88.61605513079174,616500
2015-06-02,88.27322387695312,88.36805076873905,87.20828560543826,87.31769825329056,568900
2015-06-03,89.45488739013672,89.84876965798959,87.9377124839537,88.41183033775583,641500
2015-06-04,88.98807525634766,89.68830862335649,88.71090128762337,88.92972108452356,978100
2015-06-05,90.34476470947266,90.50523587387018,89.46947453179793,89.8706468778325,618200
2015-06-08,90.42500305175781,90.9939422411083,89.83418244204142,90.11135637494158,710700
2015-06-09,91.05957794189453,91.52640564730528,90.1697020625674,90.33746331290789,545900
2015-06-10,92.21934509277344,92.7299300803398,91.26381937391679,91.34405495267137,544900
2015-06-11,92.05891418457031,92.63514924530895,91.80362157917001,92.25585816942299,498300
2015-06-12,92.00053405761719,92.0661838890439,91.48265332841474,91.86923995972361,320300
2015-06-15,91.72337341308594,92.23395855401348,90.98666722549564,91.38784523976774,482600
2015-06-16,92.14640045166016,92.32875301858026,91.40969452311447,91.64310558617386,346600
2015-06-17,91.3951416015625,92.54760600917092,91.27113758213771,92.51842892018631,748900
2015-06-18,92.32148742675781,92.60595707860804,91.13255030658785,91.73795679657447,814000
2015-06-19,91.63584899902344,92.37255524170219,91.57020471812153,92.05890847026161,1069700
2015-06-22,92.64970397949219,92.80288505639125,92.3360572936276,92.4527656255584,565700
2015-06-23,93.48123931884766,93.81676186931631,92.83205894458703,93.07276571162033,642300
2015-06-24,93.00711822509766,93.87511278484818,92.99252690125944,93.24781941883312,516300
2015-06-25,92.85395050048828,93.69276804785792,92.64242080677316,93.45206126897935,562300
2015-06-26,93.33536529541016,93.7146563002573,93.10195416205183,93.35724671963744,349300
2015-06-29,90.92832946777344,92.66432471912736,90.89915237552867,92.32150084145297,512500
2015-06-30,91.12525939941406,92.55490339652357,90.86996682224465,91.98596406312865,750100
2015-07-01,92.84664916992188,92.93418042006873,91.78900076591283,92.3214727989601,794000
2015-07-02,91.84004211425781,93.02897875190388,91.37321446059447,92.5986238346849,426900
2015-07-06,91.64313507080078,91.67960782190278,90.42502086745691,90.69489919175389,410200
2015-07-07,91.19816589355469,91.52640385664237,89.76852242077118,91.41699120227982,593800
2015-07-08,89.72479248046875,90.85537548349319,89.46220423971037,90.36667175512208,455900
2015-07-09,90.58549499511719,91.25655134337542,90.031141437227,90.95749035656603,490200
2015-07-10,92.05891418457031,92.25585816942299,91.39515341052955,91.91303428575912,604000
2015-07-13,92.86124420166016,93.18218658595285,92.5986559899589,92.86124420166016,466400
2015-07-14,92.76641845703125,93.13841933350561,92.31418198827888,92.46006741285703,869800
2015-07-15,93.34996795654297,93.69278625266439,92.51843478021469,92.94878991379517,789700
2015-07-16,95.4141845703125,95.63300994365031,91.99325315085697,92.71536797893508,1140000
2015-07-17,95.71321105957031,95.88097229572303,94.81603959502881,95.04944508055648,906700
2015-07-20,96.28218078613281,96.60312316954051,95.54548022779812,95.9174755558823,763800
2015-07-21,96.18003845214844,97.15015544486917,95.61109933309679,96.36968111519317,861100
2015-07-22,97.15746307373047,97.58052244140664,96.11441154388014,96.11441154388014,553700
2015-07-23,96.4791259765625,97.74100297319694,96.32594488070815,97.47112466089028,489700
2015-07-24,95.99768829345703,96.55203610466917,95.76427165931442,96.23839502369745,459600
2015-07-27,95.3558349609375,95.5892516716524,94.82336839326102,95.2683092593801,548100
2015-07-28,96.14358520507812,96.19464927658767,95.01299683367206,95.97582392568331,588400
2015-07-29,96.39888763427734,96.86570987655315,95.26100911435006,96.27488919350785,788000
2015-07-30,96.442626953125,96.81462218468471,95.98309492067317,96.28215580305984,426800
2015-07-31,95.66217803955078,96.50829685019156,95.53817959608246,96.43536248163865,511900
2015-08-03,95.29747772216797,95.8226541744857,94.48054152074971,95.62572135230731,624700
2015-08-04,95.58924102783203,96.28946882216394,95.08594604007591,95.51629553137575,418600
2015-08-05,96.45723724365234,97.12099226226944,95.90287820534927,96.06334938697178,444700
2015-08-06,96.0050048828125,96.61771815156054,95.67677238914939,96.61771815156054,490200
2015-08-07,95.38499450683594,96.28216612021527,94.64099283407522,95.95393368897099,414000
2015-08-10,96.82193756103516,96.88758182386003,95.53816817289142,95.69863934640938,465700
2015-08-11,95.53817749023438,96.23111519077563,95.16618216802891,96.18735234462441,530300
2015-08-12,94.05747985839844,94.80877176790331,92.9050155209337,94.80877176790331,553000
2015-08-13,94.47325134277344,94.67748539295566,93.84595786580776,94.29818881550825,492000
2015-08-14,95.16618347167969,95.47253452885495,94.45136433827076,94.49512718502147,536500
2015-08-17,95.48712158203125,95.99770665447822,94.17418058865341,94.52429447691422,500900
2015-08-18,95.67680358886719,96.11445447641425,94.99115572567484,95.62575062561054,413100
2015-08-19,94.75767517089844,95.808027566723,94.56802140892613,95.443322492057,906100
2015-08-20,91.49724578857422,94.32006058087532,91.49724578857422,93.37182479932595,880400
2015-08-21,89.19960021972656,91.1617160146988,89.18500889506515,91.05230333957755,873700
2015-08-24,84.69184875488281,87.41984231062236,83.32784919453296,85.95372573131156,1082300
2015-08-25,82.39419555664062,88.61606518496556,82.32125563189844,88.61606518496556,911200
2015-08-26,85.84432220458984,85.9245578035518,83.0871514474181,84.36361980277245,1224000
2015-08-27,88.0179672241211,88.36808672672437,86.42785204784593,87.0332641226804,814900
2015-08-28,87.32097625732422,87.9886153970852,86.66801358076165,87.68780947325513,594000
2015-08-31,86.74870300292969,87.1742308064847,86.29383347268721,86.71935567881248,838800
2015-09-01,82.64751434326172,85.26670295388631,82.0679172628104,84.71645319873467,779700
2015-09-02,84.56970977783203,84.56970977783203,82.75022053487075,83.97544188118985,903500
2015-09-03,86.76339721679688,87.07887401882105,84.73113798592946,84.76048531605159,1483200
2015-09-04,85.88299560546875,86.33787083416019,85.32541311570233,85.9270194001363,1603700
2015-09-08,88.1426773071289,88.34810299528719,87.13021973087871,87.76117325732498,650700
2015-09-09,88.34078979492188,90.01354859210416,88.1867148974796,89.48530779353472,979500
2015-09-10,88.33343505859375,89.0597632222079,87.89323634117397,88.06197647742688,591700
2015-09-11,88.79564666748047,88.83233222776275,87.22560096320544,87.95926738940612,629800
2015-09-14,89.33856964111328,89.7274175983971,88.23073722651543,88.75163978381133,634700
2015-09-15,90.09424591064453,90.37303715774554,89.11112991756964,89.42660672761362,814800
2015-09-16,89.56600189208984,90.07956617002523,88.63424236256743,89.89614955684391,922000
2015-09-17,88.31875610351562,90.89392664401632,87.73915899625591,89.61001048927689,978200
2015-09-18,86.81475067138672,87.15957479172135,85.74359834705977,87.11555099933074,1860900
2015-09-21,88.08399963378906,88.36279649068688,87.13756916167912,87.42370425097721,988400
2015-09-22,86.56531524658203,87.36501470209865,85.89034335944817,86.74139924991124,544900
2015-09-23,86.56531524658203,87.11556516276472,85.90501422767646,86.330542172908,381500
2015-09-24,87.34298706054688,87.95192591781355,84.7898255285546,85.56017748665867,1514400
2015-09-25,88.92769622802734,89.48528421263127,88.42146466322707,88.68558499291156,779800
2015-09-28,87.98126220703125,88.88367422766392,87.86387850855472,88.33342449732027,943500
2015-09-29,88.11334991455078,88.5095305159543,87.21827584442781,88.13535901505684,725500
2015-09-30,89.47061920166016,90.46107336344933,87.5484167309247,88.80298565876957,4744200
2015-10-01,85.94902038574219,89.65403236910717,85.30339036758384,89.22851010864788,3195100
2015-10-02,85.58953094482422,85.58953094482422,81.80380936716445,83.96079052640924,2426100
2015-10-05,86.7780532836914,87.00548805656166,85.88297945862408,86.07373427317037,862400
2015-10-06,86.15443420410156,87.20357724151908,85.44277699444658,86.57996200331812,1097000
2015-10-07,87.76117706298828,87.77584792816569,86.46992262758933,86.7707229418849,925300
2015-10-08,88.18671417236328,88.48018190220343,86.92481244968403,87.21094194698453,985100
2015-10-09,87.7318344116211,88.72962121978354,87.28429743454393,88.03997297364548,926200
2015-10-12,88.16468811035156,88.3040865146291,87.32830887954685,87.72448939899597,513200
2015-10-13,87.4897232055664,88.26007520861288,87.28429749740222,87.65113071838992,740900
2015-10-14,85.18599700927734,87.36498687900792,85.09795503565142,87.328301323973,881500
2015-10-15,87.53372955322266,87.58508597331262,85.50881447759281,85.86097118751539,1528700
2015-10-16,85.83898162841797,88.03264292497457,85.83898162841797,87.90792096171849,1234800
2015-10-19,83.21244049072266,86.65333764605093,82.61817250685517,86.02238410376408,2864800
2015-10-20,84.73846435546875,84.92188094498275,83.08771504984273,83.30047896537059,2676000
2015-10-21,84.49637603759766,85.80963984649495,84.2982885300511,84.7384873448236,1898000
2015-10-22,87.1595687866211,87.59976749818377,85.09062980458927,85.09062980458927,2265600
2015-10-23,89.94749450683594,89.94749450683594,87.65112081791088,88.12066683994392,1880200
2015-10-26,90.40237426757812,90.40237426757812,88.7296157792347,89.6687078711166,1775400
2015-10-27,90.35833740234375,90.63712856031178,89.1477869788574,89.72004575425078,1703300
2015-10-28,92.64571380615234,92.64571380615234,90.21815336358634,90.30669860356696,2318900
2015-10-29,90.77154541015625,93.0884312620088,90.59446056554596,92.4981409407402,1975100
2015-10-30,88.43254089355469,91.26592689432032,88.43254089355469,90.83058646354368,3524600
2015-11-02,88.74242401123047,89.70164430935156,88.58747407927405,89.22941433688665,1883200
2015-11-03,88.64651489257812,89.20729016334569,88.2923451853546,88.81622519813281,956900
2015-11-04,88.21856689453125,89.05972710253593,87.90866695040886,88.77934224300996,820000
2015-11-05,88.98592376708984,89.50980374391376,88.17427881186158,88.22592879184633,969400
2015-11-06,91.24378204345703,91.79717711466841,90.02631176090684,90.3878616311924,1484100
2015-11-09,91.2216567993164,91.33971713641775,89.73118163468575,90.74205216076572,2899500
2015-11-10,91.12574005126953,91.5832154287279,90.07059967813039,90.75680992960447,2384800
2015-11-11,91.90786743164062,92.49077768242965,91.17738738825321,91.56845240512297,1412900
2015-11-12,91.53156280517578,91.93738254968316,91.04457235645484,91.33971757118631,1829400
2015-11-13,90.35834503173828,91.77503503914383,89.73116508746843,91.28805031197192,1673500
2015-11-16,91.1109848022461,91.2216593345711,89.86399919673366,90.29933403568364,995600
2015-11-17,91.69388580322266,92.83019120194902,90.81583598149108,91.5389358346818,1152700
2015-11-18,92.45390319824219,92.45390319824219,90.33624198795812,92.07759284720036,1226400
2015-11-19,92.54978942871094,93.06628922941995,91.81192935374057,92.54240925172206,694300
2015-11-20,92.29154205322266,93.33192186009175,91.84882712201397,93.16221719068422,733900
2015-11-23,92.29154205322266,92.85969184954573,91.91523182845367,92.42435709552782,564100
2015-11-24,91.92997741699219,92.09230752250161,90.76416286087262,91.47988798275043,1055200
2015-11-25,92.1882553100586,92.53505050522068,91.39874512020248,91.97427517624739,689900
2015-11-27,92.56454467773438,92.60882011049289,91.62008467712909,92.38007965794661,236200
2015-11-30,92.47601318359375,92.940863047645,91.98164823825616,92.54979807209656,1089400
2015-12-01,93.08103942871094,93.50899957656755,92.15133425943539,93.06627907634346,552900
2015-12-02,92.28418731689453,93.47214284794542,92.09234206302685,93.20651269010625,678100
2015-12-03,90.60184478759766,92.8818298557011,90.34359487154764,92.61619976221368,946300
2015-12-04,93.01461791992188,93.28762811164944,90.85268817083946,91.24375864961388,1147200
2015-12-07,92.6678237915039,92.97034905802276,91.80452904416984,92.68258414224475,830600
2015-12-08,91.17000579833984,92.22514612442053,90.96340584012991,91.76767639679187,841500
2015-12-09,89.26631927490234,91.33970439861625,88.68340910796451,90.76417440907474,989500
2015-12-10,90.49854278564453,91.44300281705618,89.0523376588672,89.48767241764178,873400
2015-12-11,88.84573364257812,89.48028812307632,88.17427827742077,88.99330340466132,836400
2015-12-14,89.1851577758789,89.70903780343367,87.53972717515457,89.30321247180794,1158100
2015-12-15,91.68651580810547,92.13661100883334,89.76070011434902,90.22555004305933,900200
2015-12-16,93.28028869628906,93.51640374413171,91.04457310559191,92.22514834480513,1036000
2015-12-17,92.04066467285156,93.99599500797262,91.98164014489849,93.70084985050471,1062700
2015-12-18,88.56534576416016,91.65698134484656,88.5284561372897,91.62008608855037,3568400
2015-12-21,89.01546478271484,90.1370155740723,88.07838469296856,89.43604492211708,726500
2015-12-22,89.8492431640625,90.04108841170444,88.50633768942322,89.32536304461044,591500
2015-12-23,90.9412612915039,91.0298065339592,89.79757583485048,90.24767096583594,406200
2015-12-24,91.00029754638672,91.49466251698875,90.43952223213998,90.67563726507127,510700
2015-12-28,90.50594329833984,90.5502131130635,89.34012272224865,90.47642821204838,419500
2015-12-29,91.49468994140625,91.66440031098789,90.68304462426327,90.8970248165931,409700
2015-12-30,90.49118041992188,91.48729062944804,90.46166533445252,91.38399064501877,310000
2015-12-31,89.41388702392578,90.68300729494129,89.41388702392578,89.87136231190894,797100
2016-01-04,86.68382263183594,87.98245258845968,85.76149734077694,87.98245258845968,1143600
2016-01-05,87.16340637207031,87.79796647046338,86.3886566910733,86.97156681073322,650100
2016-01-06,85.39993286132812,86.49934854672493,85.06051786517031,85.85002800674803,859700
2016-01-07,82.99451446533203,84.5366395197483,82.56655421532534,84.10130472122265,982400
2016-01-08,81.29005432128906,83.82091495271251,81.1351043597031,83.77664514352406,865700
2016-01-11,80.5226821899414,82.09432803030052,79.92501722497478,81.23102731160506,1260300
2016-01-12,81.52616882324219,81.71063386623133,80.44151346975781,81.44500375397286,1317800
2016-01-13,78.74444580078125,82.02054707142878,78.57473546844534,81.8877320029045,1595200
2016-01-14,79.10596466064453,79.68149452163993,77.78519467299945,78.98790999580109,1148800
2016-01-15,77.09901428222656,78.12463955723626,75.79300414486214,78.08036974460836,1712000
2016-01-19,78.47142028808594,79.85860087501122,77.04735007392006,77.98443555075904,1698100
2016-01-20,77.27607727050781,78.27218710586898,75.19531237663733,76.82598223766483,2039500
2016-01-21,75.43880462646484,77.43840454570426,75.13628495455706,77.26869989862611,1675500
2016-01-22,77.1654281616211,77.71144318358205,75.40194257184105,76.5456226093346,1776100
2016-01-25,75.10679626464844,77.07688180053893,74.90019629331674,76.86290165039482,1607100
2016-01-26,77.97705078125,78.13938089394081,75.24697083149228,75.45357074603496,2693100
2016-01-27,79.35686492919922,80.6776297028037,77.21706927272776,77.7040540661801,2061400
2016-01-28,79.83647155761719,80.86947696569422,78.88463685149308,79.6372517801422,1678300
2016-01-29,81.29742431640625,81.33431957239291,80.1242238550238,80.4562642706267,1821500
2016-02-01,79.80695343017578,81.29004822095527,79.06909330879957,81.00228322397263,1308800
2016-02-02,77.88851165771484,78.63375194742248,77.31298167079395,78.63375194742248,1251700
2016-02-03,78.33860778808594,78.40501812635593,76.12502742247,78.16152293507594,1245600
2016-02-04,79.82909393310547,80.83995876747025,78.12463310514913,78.13939346109063,1011500
2016-02-05,79.54131317138672,81.03178794914857,78.91412764482541,79.83645267867998,1260600
2016-02-08,78.1393814086914,78.4787963604511,77.18754125662758,77.94015604019464,1097000
2016-02-09,79.334716796875,79.89549205845749,76.98832141460389,77.06211192937398,1411600
2016-02-10,77.82209014892578,80.33081511518182,77.75567982585041,79.85120501981417,1023400
2016-02-11,74.36153411865234,76.58249442091125,73.84503434111556,75.57162413696027,1724000
2016-02-12,78.16153717041016,78.51571257036107,75.69708098721196,75.69708098721196,1365500
2016-02-16,80.33819580078125,81.3490660403014,78.38287127931636,79.48228111713674,1105100
2016-02-17,80.07994842529297,81.968868307048,79.58558355458759,81.06130361956504,1294600
2016-02-18,78.33124542236328,80.41938561365104,77.68192481129903,80.41201106447211,1513000
2016-02-19,78.9879379272461,79.21667279149419,77.35726190522546,78.01396267281898,714800
2016-02-22,80.75141143798828,80.89898120675262,79.9323862736668,80.01355133531493,579400
2016-02-23,78.19105529785156,81.0760860847405,77.89591005798238,80.41201633181886,682400
2016-02-24,77.36463165283203,77.59337211566665,75.22483620116449,77.02521667668731,1040400
2016-02-25,77.6893081665039,78.2943533600997,76.32426779881634,77.59338835841415,1962500
2016-02-26,78.92234802246094,79.73942531562575,77.1247768440777,78.36524909524357,1323500
2016-02-29,76.17401885986328,78.98922131198732,76.15915971035211,78.98922131198732,1603600
2016-03-01,78.14237213134766,78.58062603731736,76.63449261956362,76.79047956901361,2064700
2016-03-02,80.87591552734375,80.942770353197,77.79330564235381,78.2761202344869,1976400
2016-03-03,81.59639739990234,81.61125654044028,79.96967287130137,80.67532903510846,973000
2016-03-04,81.87870025634766,82.79233945098372,80.71250656588013,81.90098330981135,1010400
2016-03-07,81.49243927001953,81.76727681087449,80.69021536733798,81.15818214412087,699600
2016-03-08,80.08853149414062,80.90560868471293,79.56857482753169,80.62334730385417,1254100
2016-03-09,80.22222900390625,80.95017394579999,79.82111717883446,80.78675738738902,956100
2016-03-10,80.06623077392578,81.13586215725793,78.77376329713368,81.01701170706485,952500
2016-03-11,82.6883316040039,82.78489337212915,80.35594468809114,80.89076053300671,1492300
2016-03-14,82.87401580810547,83.36426546371784,81.96780086925979,82.62889098029929,835800
2016-03-15,82.73290252685547,82.90374869115138,81.73755516518504,81.92325480732684,662300
2016-03-16,82.1980972290039,83.29743600258847,81.15817803745637,82.37636730932233,756300
2016-03-17,82.51004791259766,82.7403136039078,80.80903889076284,81.91580692373671,746000
2016-03-18,83.64651489257812,84.22589664513139,82.91114618103754,82.91114618103754,2461200
2016-03-21,83.57966613769531,84.18876054554379,82.97057172984684,83.32711742407349,438600
2016-03-22,83.520263671875,83.94365858268013,82.48777422855895,82.71803994600128,488400
2016-03-23,83.1711654663086,83.95110064591184,82.80719571582709,83.56484784274222,615000
2016-03-24,82.6363296508789,82.64375922235534,81.522131947721,82.49519612833942,619700
2016-03-28,82.69575500488281,83.73567399604778,82.21293486608094,82.98544595474341,480500
2016-03-29,82.56204986572266,82.61404553117765,81.0838825188426,82.10151278090514,712600
2016-03-30,83.1711654663086,84.15908902757663,81.98268876374372,82.71062826470674,617600
2016-03-31,82.45064544677734,83.46085200652057,82.33179494934701,82.88889390506849,718900
2016-04-01,83.50538635253906,83.80250681601679,81.38098268926025,82.49518017697564,966700
2016-04-04,83.32715606689453,83.91396770356823,82.88890189923262,83.30487301325319,523800
2016-04-05,81.69295501708984,82.56202762000227,81.5518215344097,82.36146891649881,599000
2016-04-06,82.35404968261719,82.55460273038841,81.09128917049402,81.58896267212371,498400
2016-04-07,80.08111572265625,81.79698435235997,79.48688023942984,81.54442987998344,775600
2016-04-08,80.86103820800781,81.79696582429165,80.40793070861417,80.85360863685808,681400
2016-04-11,81.53699493408203,82.547201422811,81.19530827864476,81.32158834006331,672600
2016-04-12,82.78488159179688,83.03000643035227,81.22500604416626,81.29928475270063,450200
2016-04-13,85.81548309326172,86.01604179942724,83.63908393885333,83.78764699288354,854300
2016-04-14,86.32803344726562,87.52393935916291,85.4960971750886,85.55552240890886,835000
2016-04-15,85.28069305419922,86.6622987027061,84.68645766085284,86.58801998692564,893800
2016-04-18,86.02348327636719,86.32803334902279,83.7950880145632,84.93899826234151,959500
2016-04-19,87.53881072998047,87.6725146998586,85.45154855248063,85.77095216568375,915000
2016-04-20,89.32894897460938,89.96032656461846,87.44224010924968,87.89534764649093,1090400
2016-04-21,87.87307739257812,89.25468325367144,87.79879299826484,88.66787167463902,856500
2016-04-22,88.4227294921875,88.97239876663015,86.4394589610925,87.55365665277768,698200
2016-04-25,88.31133270263672,88.43018320907731,87.13770945350417,87.89536726430278,744900
2016-04-26,88.8609848022461,89.0912561968035,88.0959032342883,88.63071907479164,530100
2016-04-27,89.4552001953125,89.78945716608621,88.1033075054234,88.8312466715399,827700
2016-04-28,88.49700164794922,89.58891621163482,88.14788549035156,88.49700164794922,961100
2016-04-29,87.8879165649414,88.45244500062836,87.28625160524645,88.13304142522553,1027000
2016-05-02,88.35589599609375,88.69758835768026,87.5016820934391,88.33361294362156,1176400
2016-05-03,86.67715454101562,87.31596167315396,85.74865646140788,87.31596167315396,802300
2016-05-04,84.7681884765625,86.11265229093607,84.06995589503603,85.65211506333925,1084300
2016-05-05,84.84243774414062,85.52581094094741,84.3521880591908,84.9241460249656,656900
2016-05-06,85.19156646728516,85.3549830530158,84.32248786745427,84.43390878200726,597500
2016-05-09,84.59734344482422,85.31042951639401,84.13680621091059,85.08759330677464,674100
2016-05-10,86.0086441040039,86.12748892416988,84.88701671558995,85.25841598765123,665500
2016-05-11,85.77095031738281,86.53603192465829,85.34755536640981,85.60010415567994,646100
2016-05-12,85.50353240966797,86.81828320918991,84.95386312817712,86.26861392769908,431300
2016-05-13,84.10709381103516,85.98637349277595,83.66883965971356,85.2881409468249,580800
2016-05-16,84.7161636352539,85.13212894467736,83.61681945978894,83.94365258410869,560400
2016-05-17,84.06250762939453,85.27327285086977,83.49798483127785,84.36705774454693,478900
2016-05-18,86.71428680419922,86.72914594632041,83.89165618111164,84.07735578791092,1161000
2016-05-19,86.03092956542969,86.97428124938641,84.85730647270928,86.07549566585342,684200
2016-05-20,86.45433044433594,87.2342712578102,86.0532185117295,86.58803442187143,394400
2016-05-23,86.0383529663086,86.57316880144415,85.22127573689723,86.47660136798179,377600
2016-05-24,87.50167083740234,87.98448535780186,86.38747302028993,86.5434600346333,563100
2016-05-25,88.39301300048828,89.13581142906382,88.09589249563761,88.1850303472235,1609800
2016-05-26,87.99935150146484,88.66044180549765,87.53138475411102,88.30389598213776,463000
2016-05-27,89.19487762451172,89.19487762451172,88.0889991352081,88.30569173449011,764300
2016-05-31,89.29202270507812,89.74034971239388,88.6643660349935,89.56849378163666,981900
2016-06-01,89.12017059326172,89.2995059759742,87.61827524336232,89.29203224316423,577000
2016-06-02,89.72541046142578,89.755299689522,88.45514392087922,88.72414127295792,800900
2016-06-03,88.38787078857422,88.52984315403664,86.51236362161923,88.52984315403664,757000
2016-06-06,89.65066528320312,90.1512968876696,88.15623849915815,88.70170108289454,685100
2016-06-07,88.5373306274414,89.85242805211684,88.49249963935951,89.76276037516615,801200
2016-06-08,88.94084167480469,89.03798309980476,88.15627074665707,88.37295769291605,679300
2016-06-09,88.44766235351562,88.72412769471791,87.45386704935795,88.72412769471791,652500
2016-06-10,87.83492279052734,88.02172610934957,87.05782030013268,87.22220813282182,839700
2016-06-13,87.93954467773438,88.89597689376278,87.31935620300838,87.52857503766639,1133400
2016-06-14,86.31810760498047,88.20108896125069,85.92208533185654,87.47629089876183,937600
2016-06-15,86.86356353759766,88.25338101026212,86.3255689416261,86.90839452033322,908700
2016-06-16,86.75151824951172,86.85612772208388,85.3691739041321,86.01177820752608,661200
2016-06-17,87.58090209960938,87.66309604860133,86.65435886644838,86.8112730324911,1583100
2016-06-20,87.72286987304688,89.66562391777462,87.61078670299229,88.67182855116378,937900
2016-06-21,88.0740737915039,88.20857247472384,86.9607213634326,88.03671082919206,597900
2016-06-22,87.67056274414062,88.81379850554417,87.64814725090316,87.9993328129344,522100
2016-06-23,89.9794692993164,90.25594041111657,88.86612252072733,88.86612252072733,776800
2016-06-24,84.16612243652344,86.34798433934284,84.06898674043967,84.26325813260719,2041500
2016-06-27,81.28190612792969,83.26949732474695,80.72896958102075,82.77633354179355,1332100
2016-06-28,83.35167694091797,83.48617561304546,81.55088948081037,82.68665731228407,1137900
2016-06-29,84.79379272460938,84.83862371154,82.94070068739175,84.32304455869094,1010500
2016-06-30,88.34304809570312,88.35051612558581,85.48869296431899,86.08646029974584,1346700
2016-07-01,87.46137237548828,88.36550033569232,86.93831932608204,87.9096994887018,773300
2016-07-05,84.3379898071289,86.48996263509696,83.74021672674449,86.48996263509696,1228700
2016-07-06,84.74895477294922,84.82367498364812,83.0378351542471,83.75515943837253,866700
2016-07-07,85.33177947998047,86.57215662723448,84.64434442768352,86.57215662723448,625900
2016-07-08,86.63194274902344,87.22971018192203,86.2134992751286,86.64688451201138,711300
2016-07-11,87.07280731201172,87.47630337447264,86.84864663339198,87.25213699506507,576800
2016-07-12,88.24589538574219,88.6792804963949,87.50615576637668,87.50615576637668,1009600
2016-07-13,88.14129638671875,88.5522660575804,87.54352905730359,88.32062601546468,586300
2016-07-14,89.26214599609375,89.91969198565307,88.75404046300173,89.78519899530531,780000
2016-07-15,88.96324157714844,89.9645106776056,88.64941326090432,89.47882074011152,598300
2016-07-18,88.56719970703125,89.1649726824887,88.51489499923764,88.9333326615865,461400
2016-07-19,88.71665954589844,88.86609996252237,87.87230465969246,88.12636020889691,690700
2016-07-20,85.04036712646484,88.71666190135707,85.0104779021892,88.52238479395866,2118800
2016-07-21,84.2333984375,85.51860114460817,83.88220710501822,84.70414099122515,1038500
2016-07-22,85.541015625,85.87725946542662,84.15866590132146,84.50238347398502,1025000
2016-07-25,84.7041244506836,85.51858444502349,84.50237360934972,85.27200831786287,812700
2016-07-26,85.5185775756836,85.78757487533024,84.4575358386253,84.5621452661783,819200
2016-07-27,85.87726593017578,86.63942135288447,85.24213546112058,85.42146514279536,1060000
2016-07-28,85.80253601074219,86.24338928271675,85.01795947827475,85.54848043135013,809000
2016-07-29,85.60079193115234,86.46756248139447,85.3467420324323,85.69793335189979,805900
2016-08-01,84.270751953125,86.30317393098503,84.06900678215234,85.50365557801086,1380700
2016-08-02,83.68792724609375,84.28570043530947,83.55342856355959,83.8672569225434,994900
2016-08-03,85.10761260986328,85.21969576688142,83.81493084038839,83.91207223683764,800000
2016-08-04,85.159912109375,85.74273764924412,84.69663774909618,84.97310875937664,855400
2016-08-05,87.57341766357422,87.72286378019608,85.7801098704036,86.1238273874542,1210400
2016-08-08,87.9694595336914,88.32811886883195,87.5136587821603,87.85737635366472,845800
2016-08-09,87.8424072265625,88.38787552775531,87.63318838252775,87.84988095693114,698200
2016-08-10,87.1026840209961,87.64815242538587,86.9382961265009,87.63320496182067,542900
2016-08-11,87.26707458496094,87.74529081950978,86.99807724042881,87.30443184344267,588000
2016-08-12,86.90840148925781,86.93829071374032,86.30316037065043,86.38535431278065,500100
2016-08-15,88.24589538574219,88.31314755156748,87.16991203960656,87.16991203960656,613900
2016-08-16,87.7004623413086,88.23098331355907,87.60332092474152,87.76023509674907,525400
2016-08-17,87.7751693725586,88.12636062414474,87.34925791230839,87.7079171942104,440000
2016-08-18,88.09646606445312,88.09646606445312,87.49869302977534,87.85735799073925,448900
2016-08-19,87.91712188720703,87.99184207898168,87.40901660204011,87.93206364524788,318400
2016-08-22,88.0815200805664,88.08899381134142,87.25958641968757,87.57341470280355,333900
2016-08-23,88.17864990234375,88.63445050641722,88.14128695415982,88.4028104890908,418200
2016-08-24,87.57341766357422,88.60457591551241,87.55100217127756,88.08899678954332,616300
2016-08-25,87.76021575927734,88.03668678282172,87.31188883792962,87.62571711279442,846100
2016-08-26,87.94702911376953,88.67930087246576,87.07279066266287,88.08152777553876,801500
2016-08-29,88.32811737060547,88.73161339138498,88.148787706077,88.17120320154466,774400
2016-08-30,88.65884399414062,88.8166986186782,87.86959954518386,88.5761604230957,1641400
2016-08-31,88.9444808959961,89.1474278315965,88.1101326617848,88.66636290634358,935200
2016-09-01,88.18528747558594,89.38794964544522,87.26073752750143,89.20755175365272,774600
2016-09-02,88.2003402709961,88.62127643663104,87.79444634678103,88.48597655031034,1068200
2016-09-06,87.04275512695312,88.47091315040738,86.55417203404997,88.3656805746738,905700
2016-09-07,87.19308471679688,87.19308471679688,86.45645096055674,86.66692184430049,667400
2016-09-08,87.35094451904297,87.8846257093445,86.98263046216503,87.29080997329875,1465800
2016-09-09,88.01242065429688,88.47845485231264,86.95257636500271,87.23069438015278,1531600
2016-09-12,88.79415130615234,88.94448769099539,86.93754426500102,87.58397064821266,818800
2016-09-13,87.29833221435547,87.86959895553802,86.53914931019476,87.59899922206976,732500
2016-09-14,86.86986541748047,88.02742942741314,86.74960208040363,87.15549586093984,779900
2016-09-15,86.93001556396484,87.2231643107419,86.45646317705882,86.6518975864922,638200
2016-09-16,86.29862213134766,86.52412383461775,85.63715926170006,86.52412383461775,1241300
2016-09-19,86.4639892578125,87.1630376560548,86.07312613830176,86.68949096101835,508500
2016-09-20,86.6894760131836,87.29832247821108,86.59175594909584,87.0202045235125,349900
2016-09-21,86.96758270263672,87.83199804790914,86.53913415546624,87.19308435261915,534700
2016-09-22,87.60650634765625,87.63656788333807,86.82477452078317,87.18557029641968,568500
2016-09-23,88.03495025634766,88.34312972611295,87.20060218406957,87.2231512020103,891800
2016-09-26,85.8100357055664,87.55389739322897,85.68224836185824,87.55389739322897,633800
2016-09-27,86.83982849121094,86.8473467445129,85.37408450841015,85.52441516596772,447100
2016-09-28,86.97513580322266,87.32090093292557,85.87770585205752,87.11795395441966,569300
2016-09-29,86.09568786621094,87.80196445846386,85.59958633985045,86.6895037531815,809200
2016-09-30,87.26829528808594,87.70426231414402,85.98294897449938,86.65193028856346,708900
2016-10-03,86.59176635742188,87.32840024597319,86.4339174673208,86.90746987237029,591500
2016-10-04,87.55387878417969,88.04245609516121,86.60677995928286,86.9525449225559,540300
2016-10-05,88.7415542602539,89.13242321090974,87.65916072826015,87.86210772340024,640400
2016-10-06,88.95199584960938,89.26769937493368,88.06503702886573,88.52354720961185,494400
2016-10-07,88.56863403320312,88.92191728419806,87.68918789864892,88.7715809355059,440400
2016-10-10,88.61375427246094,89.26018639693639,88.53107069365035,88.9670376119704,524700
2016-10-11,87.23820495605469,88.86180349254262,86.95257442896737,88.56865471257896,1010300
2016-10-12,87.83953094482422,88.23791228943841,87.21564791262843,87.42611309583998,614300
2016-10-13,85.06587982177734,86.80974143191769,84.37434977899227,86.80974143191769,1142800
2016-10-14,85.59207153320312,86.68950143627166,85.37408805636287,86.18588740430306,1138800
2016-10-17,85.68977355957031,86.57673811176976,85.41917381586563,86.15580772589422,571400
2016-10-18,86.64437103271484,86.86235444259195,85.25379274808066,86.49404041509051,831500
2016-10-19,88.32061767578125,89.22261317942213,86.1107212366893,87.34345110121401,1511300
2016-10-20,89.3353500366211,89.56085174452961,88.1627549188888,88.26798751998032,1078900
2016-10-21,89.38043975830078,89.47063583947781,88.17025930137923,88.4709205516303,630800
2016-10-24,89.3879623413086,89.97425987396583,89.18501540106048,89.60594578661001,667300
2016-10-25,89.48567962646484,89.73372460463685,88.89937637736368,89.4255450776217,591700
2016-10-26,90.34259033203125,90.47789021970755,88.84677331418023,89.2977767629326,589100
2016-10-27,91.68804931640625,92.23676125627654,90.26739796371456,90.88376843357574,989300
2016-10-28,91.75568389892578,92.1014488755309,90.92885410837049,91.98118553941583,864400
2016-10-31,92.25181579589844,92.71032601000135,91.78578159394138,92.0037650560787,915200
2016-11-01,92.3720703125,92.70280460053901,91.36484241310308,92.70280460053901,959300
2016-11-02,91.56025695800781,91.97367475421464,90.89879421882227,91.78575861680162,1234700
2016-11-03,91.25960540771484,92.31944955309606,90.87625484099371,91.89100094372986,885300
2016-11-04,91.56025695800781,92.13152362147214,90.43276013352961,91.16187566425144,879600
2016-11-07,93.8678970336914,93.91300082077863,92.39463473153057,92.55248364946775,1258300
2016-11-08,94.0557861328125,94.25873877936375,92.74037312757545,93.43942141117697,1094000
2016-11-09,98.87396240234375,99.2798677337467,94.02572773375523,94.29632746485977,2238600
2016-11-10,100.50508117675781,101.62505411774268,97.16016444915395,99.33247473763494,2907900
2016-11-11,102.22640991210938,102.34667902939049,99.74591384828433,100.20442982211107,1585200
2016-11-14,105.19544982910156,105.66900215841316,102.79012560071602,102.79012560071602,1671300
2016-11-15,104.36863708496094,104.48889470735882,101.19661147069267,102.0610211959801,1447100
2016-11-16,102.7826156616211,103.55682923783527,102.30906332043519,102.88784824083008,995500
2016-11-17,105.1654052734375,105.32324842903188,103.00811990121012,103.17348704387543,1590900
2016-11-18,106.18012237548828,106.72884571456514,104.82713546083454,105.4059088636291,1331100
2016-11-21,106.02982330322266,106.48833924005703,105.0752058997491,106.48833924005703,898300
2016-11-22,106.95435333251953,107.22495305348541,106.05235808579724,106.36054333152067,1451000
2016-11-23,107.9164810180664,108.23217874122842,106.31543191464654,107.4203796804588,1028700
2016-11-25,108.02176666259766,108.02176666259766,107.18741817380055,107.88646101791637,324700
2016-11-28,105.77426147460938,107.66845980121656,105.49614919540082,107.03705271268514,1237000
2016-11-29,105.82685089111328,106.53341742955902,105.58632419028629,106.10497458423013,930100
2016-11-30,108.73521423339844,109.06760105372659,107.0355183331935,107.4812136028151,1255500
2016-12-01,111.11479187011719,111.27343523733215,109.03738562053861,109.33956071837632,1503000
2016-12-02,110.41227722167969,110.97884266941801,109.33201977405407,110.48781236529601,749700
2016-12-05,111.30363464355469,112.1497132968947,110.7295193115169,111.23564957662917,1531500
2016-12-06,112.48969268798828,112.58033947816035,111.16014495584092,112.11198235986541,711500
2016-12-07,114.28755187988281,114.4537452967679,112.27814229474654,112.77671101860084,891700
2016-12-08,115.95704650878906,116.90887218716036,114.41599376378764,114.82391576114618,1310700
2016-12-09,116.46318817138672,116.47073822745558,114.64262182691287,115.81352601856548,1079900
2016-12-12,115.42827606201172,116.93155575799666,114.40090353085418,115.8210980221966,929400
2016-12-13,115.74552154541016,116.4329569170322,114.74836102479782,115.95703834793983,1175300
2016-12-14,115.47358703613281,116.72002634696632,114.76348986683742,115.0732150622625,1858000
2016-12-15,116.22144317626953,117.02218702505559,114.57462056827426,115.61710449877766,1019900
2016-12-16,115.1940689086914,116.64447479373784,114.89189381172257,115.95703941578523,2080200
2016-12-19,116.47074890136719,116.49342212525801,114.68796725426495,115.40561455788401,677100
2016-12-20,118.61612701416016,118.80498213418731,117.07506277972958,117.09017441683625,853900
2016-12-21,117.77762603759766,118.63880504242975,117.7323026468386,118.63880504242975,937700
2016-12-22,117.86824035644531,118.0268837072126,117.28656343936545,117.65672357328903,954800
2016-12-23,118.67657470703125,118.69167481894841,117.46789719908475,117.91359256350387,506300
2016-12-27,119.43199157714844,119.43199157714844,118.49526596109614,118.96362300572096,467700
2016-12-28,118.33661651611328,119.62084058540438,118.04200298267872,119.62084058540438,439500
2016-12-29,117.56612396240234,118.66148164160121,116.94667347275049,118.38952973608659,509000
2016-12-30,118.17041778564453,118.47259288767063,117.362123882178,118.10999429204085,836900
2017-01-03,118.40457916259766,121.44136039725727,117.64915888051938,119.50748631942467,1259100
2017-01-04,119.12982177734375,119.54530539687995,118.17799600724521,118.52548301500048,765900
2017-01-05,117.37728118896484,118.9107844071588,116.5991987295583,118.79746437725707,952100
2017-01-06,118.26860809326172,118.69164164476469,117.46786436694543,117.7775894767243,932000
2017-01-09,117.81537628173828,118.44992668160735,116.83332740948316,117.46787780935223,695700
2017-01-10,118.37438201904297,118.94850893727138,117.43010645806336,117.93623677553228,674500
2017-01-11,118.60858917236328,118.66902420608457,117.32437640449676,118.18555546311822,679700
2017-01-12,117.35457611083984,118.14020833779264,116.50849733550405,118.14020833779264,827900
2017-01-13,117.89852905273438,119.92305125122651,117.45282202314424,118.05716096473219,934900
2017-01-17,115.3376235961914,116.55385134897033,115.17144165167448,116.34989606518852,1078400
2017-01-18,116.81822204589844,116.98441547290247,114.97499423861865,115.98725491087829,1065800
2017-01-19,117.35457611083984,118.90317887250269,115.29226990233548,117.09017433227208,890000
2017-01-20,118.62367248535156,119.1373643859118,117.46033006273197,117.64918517546121,632900
2017-01-23,117.80024719238281,118.70674927600405,117.33189027998505,117.77758550480223,1143800
2017-01-24,120.55754852294922,121.03346710163353,118.07222027973425,118.42726881830802,832000
2017-01-25,122.52920532226562,123.04289726679953,120.92016746229856,121.4716212111698,1065600
2017-01-26,123.60948944091797,123.86632970544366,122.29505330930239,122.66521359180457,894100
2017-01-27,123.91915893554688,124.28931908594858,123.14863841694843,123.43569033441032,639600
2017-01-30,123.3224105834961,123.84365263178225,121.91732783338688,123.84365263178225,708800
2017-01-31,122.80876159667969,123.32244219362377,121.9173590833623,122.49903631080124,982300
2017-02-01,122.92201232910156,125.65663057570956,122.8464656759728,123.88139949519257,1136800
2017-02-02,122.46121215820312,123.09576258297174,121.26009638414794,121.93242013756263,819700
2017-02-03,123.80586242675781,124.24400768986261,122.92202184537118,123.80586242675781,1272600
2017-02-06,123.47347259521484,123.87384451918454,122.05328996043235,122.84647222657513,693000
2017-02-07,122.7558822631836,124.07786868755635,122.62746210803277,124.07786868755635,847400
2017-02-08,122.98243713378906,123.27705061364512,121.44893472238446,122.12880843688308,845700
2017-02-09,124.25154113769531,124.7727830452858,122.41587514327689,123.08819882182688,788100
2017-02-10,124.87858581542969,125.38471626774648,124.1987118411067,124.75016568813777,634000
2017-02-13,126.00414276123047,127.12971193850902,125.34691908249776,125.4753507121598,959200
2017-02-14,127.07685089111328,127.72651305099241,125.75486487609903,126.14012522225401,1077600
2017-02-15,127.76427459716797,129.03337552162233,126.89553409423108,127.62829291137515,950700
2017-02-16,126.59341430664062,127.78698050916164,125.74734673090165,127.5679020303538,1183000
2017-02-17,126.84265899658203,126.92575571270334,125.58865819940658,125.76240168700494,730800
2017-02-21,126.85777282714844,127.91536855823679,126.4498507845823,127.0995129463012,809400
2017-02-22,126.93333435058594,127.37147972272224,125.92107341848036,126.06460519017385,928600
2017-02-23,128.25531005859375,128.48948860306723,126.44985526437101,127.17506412071825,877600
2017-02-24,127.41681671142578,127.76431532874439,126.4800908303631,127.33371996772823,1257600
2017-02-27,126.87284088134766,127.78690454352888,126.79730576516369,127.4696293912377,991300
2017-02-28,126.13255310058594,126.97107025877766,125.47534099952802,126.29874652125827,1042200
2017-03-01,130.0909881591797,131.23166912922116,128.00601990100105,128.14955166101234,1049600
2017-03-02,126.79808044433594,130.50824412371261,126.38079108068229,130.50824412371261,877900
2017-03-03,127.47332000732422,127.73129517836672,126.77529474197999,126.90427653889174,621000
2017-03-06,126.68425750732422,127.37469972700707,125.19715207856264,126.37317761794364,805000
2017-03-07,126.50218963623047,127.4505956885145,125.66759925655393,126.54771127438454,614600
2017-03-08,126.44908905029297,127.83755694548384,126.04696579715942,127.51889389076797,538200
2017-03-09,126.35047149658203,127.29129465077705,125.90282653158967,126.92709832044214,608400
2017-03-10,126.09249114990234,127.18505684237155,124.95440381645075,127.18505684237155,913500
2017-03-13,125.55378723144531,126.35045065395245,125.25788499762524,126.0166098614944,988800
2017-03-14,125.91798400878906,126.16076994604913,124.05909882304556,125.12132058307365,534500
2017-03-15,124.24117279052734,126.50216921251338,124.1046078981135,126.35042658409118,789500
2017-03-16,124.8026351928711,125.62964237127977,123.86181235845918,124.24117472402874,718200
2017-03-17,122.98168182373047,125.09093552889529,122.49609848679799,124.67364621252797,2603100
2017-03-20,122.1091537475586,123.66454168115325,121.89671176003756,122.66301953093698,875800
2017-03-21,117.64028930664062,123.13344976446282,117.4506080957551,122.8830807540496,1337200
2017-03-22,117.42028045654297,118.47490777600655,115.08340599514504,117.05609568692482,1004300
2017-03-23,117.57960510253906,119.49917827822728,116.50980015656216,117.33680756420792,965700
2017-03-24,117.57960510253906,119.01359477878884,116.51739481539991,118.30797456308481,875500
2017-03-27,116.97261047363281,117.19264716664748,113.43694984155387,114.78747916844709,811000
2017-03-28,118.40657806396484,118.90733915817616,116.64634273203784,117.07122672328848,877400
2017-03-29,117.16983795166016,118.23964244842946,116.86635273340256,117.79958077790268,457100
2017-03-30,118.84664916992188,119.40051501813707,116.94225413841835,116.94225413841835,756200
2017-03-31,117.39747619628906,118.79353852154416,117.23055582671749,118.27759967635362,504700
2017-04-03,117.2154312133789,118.27005851644535,115.69798119013367,117.80723579626655,820700
2017-04-04,116.98778533935547,117.76927100109914,116.4111470495251,116.69946619444028,659900
2017-04-05,115.61448669433594,118.55833099402474,115.40204468025185,118.11826922850155,575300
2017-04-06,116.3656234741211,116.60842097679134,114.71919198226324,115.60689864410979,798100
2017-04-07,116.10006713867188,116.7677370614131,115.11372262569684,115.61448375066864,589300
2017-04-10,114.98475646972656,116.69947050970386,114.5371115745482,115.89522399911962,548200
2017-04-11,114.931640625,114.93164062499999,113.55076737503931,114.39295244792457,616000
2017-04-12,113.67218017578125,114.98477112779332,112.92862137210918,114.29432862890822,1071200
2017-04-13,112.23818969726562,114.08189756605412,111.94988205435504,113.20177374043678,1516500
2017-04-17,116.62361907958984,116.73742319307493,113.14106270303236,113.43696497531774,1406000
2017-04-18,115.21236419677734,117.2153971828419,114.28671902515751,116.22145798131254,1264900
2017-04-19,114.931640625,116.66153241083629,114.69643776651162,116.16078279288995,802200
2017-04-20,117.0560531616211,117.47335408834535,115.45514348071235,115.98624848871553,613400
2017-04-21,116.77537536621094,117.79206415591467,116.43395140874036,116.7450198809277,630600
2017-04-24,119.0970230102539,120.53859538108406,118.89975874623927,119.55226248379013,693300
2017-04-25,119.67367553710938,121.32770184343573,119.62057081413155,120.15167593002599,862600
2017-04-26,120.40204620361328,121.06972776470543,119.34741914355484,119.34741914355484,726700
2017-04-27,119.08185577392578,120.97866778554366,118.60386701950887,120.49308437365835,357200
2017-04-28,117.91344451904297,119.59781479509495,117.86792287545623,118.93771623141596,432800
2017-05-01,119.08950805664062,119.79511690932732,117.89830397987618,119.0288086536309,593500
2017-05-02,118.96807098388672,119.77990063640411,118.32315016442472,119.49159303637785,459300
2017-05-03,120.86485290527344,121.32008080108726,118.0803345100787,118.29277651023597,620600
2017-05-04,120.70555114746094,122.06367530955195,120.0227033141266,121.61601878431478,949600
2017-05-05,120.58413696289062,121.10007589007196,119.71160800101589,120.89521693536594,365900
2017-05-08,121.32011413574219,121.4035743428232,119.96958465913958,120.44000199778887,422700
2017-05-09,120.8724365234375,122.7920091901966,120.50825188971953,121.44907473548011,486100
2017-05-10,120.86485290527344,120.99383472128173,120.02266798421405,120.43996890495893,442100
2017-05-11,120.20478820800781,120.85729212775247,119.00601297559741,120.37930328201698,426600
2017-05-12,119.73440551757812,119.90132596483464,118.58873479070493,119.32469905981971,564500
2017-05-15,121.80564880371094,121.88152589871828,119.52947488012141,119.83297168293157,1171300
2017-05-16,123.19412994384766,124.05149258815834,121.60839804648302,121.97258267301,1274800
2017-05-17,118.76321411132812,123.19416498908416,117.9589675260697,123.19416498908416,1082600
2017-05-18,119.18048095703125,120.02266586320779,118.08791550283244,118.56591578334955,892000
2017-05-19,119.34741973876953,120.57655027579894,118.93770184161153,119.2184379051375,843000
2017-05-22,120.44756317138672,120.59930581741813,118.20173264756784,119.79505937395207,641100
2017-05-23,122.38230895996094,123.03481273187982,120.1971778954472,120.462736198534,580900
2017-05-24,121.70706939697266,122.73893576992431,121.25942446461003,122.66305864566257,956000
2017-05-25,122.30643463134766,122.77685187673062,121.36562329502493,121.94983305154095,782100
2017-05-26,121.5477523803711,122.62514057704696,121.3884266009076,121.81331078244447,410500
2017-05-30,120.49576568603516,121.25805935404826,119.2760911645429,121.2123119633577,475400
2017-05-31,119.27606201171875,120.87688297595338,118.30032728568018,120.59482647818605,1072500
2017-06-01,120.97602844238281,121.21233766851178,118.55193964723718,120.1070139418256,625800
2017-06-02,120.12985229492188,120.9988665818512,119.30657376546074,120.07649778843495,644800
2017-06-05,119.81732177734375,121.31904134193002,119.58864296582635,120.1603632579781,639200
2017-06-06,118.81866455078125,119.3293997158507,118.23170702727276,118.82629492879681,589500
2017-06-07,119.4666519165039,120.0459908553721,118.64337344652677,119.08550512290395,705100
2017-06-08,121.26566314697266,122.51582414305787,118.80345815983738,119.46664984707668,832300
2017-06-09,124.52828979492188,125.03902513914788,122.02796758024755,122.02796758024755,698500
2017-06-12,123.82698822021484,124.98567787985448,123.36960735592382,124.63501766634089,915200
2017-06-13,124.00994110107422,124.9018350203835,123.49158693664508,124.33773346055223,709500
2017-06-14,123.91083526611328,124.00992553117801,121.32666025512174,122.47010073134238,638200
2017-06-15,123.1180419921875,124.24624495770696,122.05083554553708,123.31624578347822,407000
2017-06-16,123.24006652832031,124.02522839831667,122.54637621391716,123.23244777591523,860700
2017-06-19,123.99468231201172,124.35296124189789,123.35435846647461,124.09377257250455,381200
2017-06-20,123.33911895751953,124.0861635022476,123.03419450847248,123.42297172704767,617300
2017-06-21,122.7521743774414,123.7812756994658,122.40914448066019,123.7812756994658,397100
2017-06-22,121.57818603515625,122.48530546637281,120.80064346243857,122.2794946105129,436000
2017-06-23,120.3204345703125,122.16518392473809,119.91641984067311,122.16518392473809,885900
2017-06-26,121.05985260009766,121.38764491781208,119.87829511719252,120.64058876659222,375700
2017-06-27,121.32666778564453,122.98084371478069,121.28093202482545,121.91362555839433,419600
2017-06-28,123.22476959228516,123.44584127479122,122.11182732534071,122.40150264792996,623000
2017-06-29,122.8664779663086,124.93991750743142,121.42574351465932,124.33771067597054,1347700
2017-06-30,123.45343017578125,123.9641654257129,121.7611376728193,123.69736967933558,747000
2017-07-03,125.2524642944336,125.9766409155007,123.75837529563714,124.23861237226858,386300
2017-07-05,125.35154724121094,126.02998800306824,124.37581247430775,125.35154724121094,533600
2017-07-06,124.70361328125,126.18246479805127,124.58927388837476,125.30583176820036,700100
2017-07-07,125.86229705810547,126.07573833607468,124.72647540402289,125.5650030186714,549600
2017-07-10,125.29057312011719,126.08335332440521,125.00852821800038,125.54975014539626,579300
2017-07-11,125.90798950195312,126.67790158752243,124.52824041838845,125.70979742106577,987200
2017-07-12,125.96141052246094,126.15960268973546,124.79510213507801,125.68698433533093,630600
2017-07-13,126.95242309570312,127.15824570899106,125.72512943106052,126.22062745329579,443400
2017-07-14,126.36541748046875,126.88377156229365,125.24484492111938,125.9004179039246,488000
2017-07-17,126.53314971923828,126.80757594745181,125.15338819603578,126.19773859234618,596700
2017-07-18,126.14433288574219,126.46449477964308,125.27531870753222,125.64884673292147,1051400
2017-07-19,123.85752868652344,127.18876145200524,122.65310274326593,127.16589356201862,1550900
2017-07-20,122.2261734008789,124.21576049370238,121.25806874235592,123.96420216797996,792500
2017-07-21,120.5262680053711,122.4015157907484,120.1603702539608,121.63159164154952,679800
2017-07-24,122.2261734008789,123.0037162593228,120.60249567184032,120.60249567184032,956300
2017-07-25,123.11043548583984,124.94756613825317,122.79027352000632,124.34534758715184,1316800
2017-07-26,120.42716217041016,123.46871839006472,120.09938144437632,123.46871839006472,930200
2017-07-27,121.2123031616211,121.25805054898971,119.87828933946655,120.48812655592982,836800
2017-07-28,122.41671752929688,123.2399959532229,120.76254193340272,121.20467358504872,724500
2017-07-31,124.36817932128906,125.19145769344244,122.3023704591805,122.59204571003326,690500
2017-08-01,125.51925659179688,125.88515423268103,124.58925754613927,124.92466856348153,947100
2017-08-02,125.71747589111328,125.73272502201766,124.70362387203025,125.16100474573105,436900
2017-08-03,124.85604858398438,125.68695734795504,124.33007583396001,125.50400271859276,607800
2017-08-04,124.69601440429688,125.93855695272026,124.34535415746731,125.00855763686761,679000
2017-08-07,124.7264633178711,125.48113809792582,124.0480225432799,124.51302206058462,479800
2017-08-08,125.2981948852539,127.07434036303619,124.40631277207757,124.48254678449013,570600
2017-08-09,124.25383758544922,125.29055718639852,123.81932471743698,124.50539583034964,761100
2017-08-10,120.99127197265625,123.97184350023919,120.91503794054734,123.49159468764955,806300
2017-08-11,119.37518310546875,122.08131609583208,118.94067016774196,121.50959589251408,658000
2017-08-14,121.27328491210938,121.78402022359008,120.35091617836922,120.35091617836922,379200
2017-08-15,120.82357788085938,122.51587119559267,120.73972509024894,122.05087147160413,391900
2017-08-16,120.89979553222656,121.76880995726638,120.54913528311096,121.29617991439929,419100
2017-08-17,117.29408264160156,120.79301821469251,117.15687541174567,120.60244486322091,509700
2017-08-18,116.95869445800781,117.99541415716686,115.8991068827529,116.66140043708525,619500
2017-08-21,116.24214935302734,116.98157503804147,115.70853455476231,116.98157503804147,610800
2017-08-22,117.08831024169922,117.22551751660588,116.09732616233147,116.60806151616973,457400
2017-08-23,116.791015625,117.86584083501904,116.18879712574643,116.27264989279396,471500
2017-08-24,116.50135803222656,117.11119537334457,116.30316583982714,117.04258009410493,407400
2017-08-25,117.24076843261719,117.78199042300908,116.86724034799532,116.86724034799532,488200
2017-08-28,115.86862182617188,117.7667369895437,115.31976952909271,117.4236955801117,481500
2017-08-29,114.44315338134766,114.7404474499318,113.7037275845679,114.29068534069658,906600
2017-08-30,114.37419128417969,115.14798092399217,114.17500404595204,114.72661206420487,658300
2017-08-31,113.27864074707031,114.95644744780894,113.1867099766444,114.95644744780894,570400
2017-09-01,114.15201568603516,115.20926628354937,113.46251154248603,113.89153738203458,797100
2017-09-05,111.4322738647461,113.50079779519048,111.27139503475307,113.11008037513113,692900
2017-09-06,111.21014404296875,112.48956490432535,110.77344939545779,112.20610383213224,473500
2017-09-07,109.14926147460938,111.27907695197793,108.11499343275908,111.27907695197793,751000
2017-09-08,110.37506103515625,110.88069202422838,108.91942408215245,109.06498894646073,723000
2017-09-11,112.25202941894531,113.13306371416499,111.51654826452892,112.10646458806566,737700
2017-09-12,114.16736602783203,114.65001435649613,112.42061090961934,112.75003736108722,835900
2017-09-13,115.30120086669922,115.5233707945025,113.40888121959433,113.70766791702786,970000
2017-09-14,114.85682678222656,115.66891294460622,114.61167420965697,115.2475441744822,1801800
2017-09-15,114.91046142578125,114.9257754247169,113.78426293000777,114.70360553939466,1566300
2017-09-18,116.19757080078125,116.77216155144185,115.0330636062204,115.40081010349988,696600
2017-09-19,116.99433135986328,117.6148874374251,115.71489913047529,116.06731989888492,496800
2017-09-20,118.41163635253906,118.84833084697374,116.20520457029316,117.2624550809654,690400
2017-09-21,118.30443572998047,119.37701243698329,118.15121382614632,118.42701792908055,524500
2017-09-22,117.84471893310547,118.23543637201985,117.37738473044622,118.12051122640254,496400
2017-09-25,118.52654266357422,118.61081641103755,117.28541913819849,117.72977056208924,664000
2017-09-26,119.0858383178711,119.17011208712898,117.95963962418725,118.97091316520438,643400
2017-09-27,120.97821044921875,121.94351902421585,119.81370286582987,120.75602873833294,804300
2017-09-28,121.98179626464844,122.01243596345263,119.8136722592618,121.12374441717488,820100
2017-09-29,123.37608337402344,123.94301695094943,121.7825624633467,122.06602340677209,647300
2017-10-02,123.64424896240234,123.85876187464895,122.05838481185943,123.47570143276901,675000
2017-10-03,123.5829849243164,124.27250088458727,122.7785554823735,123.78984088140562,422200
2017-10-04,123.10796356201172,123.86641573606421,122.58699529541724,123.3454591595464,431000
2017-10-05,123.78215789794922,124.1115842696502,122.4797430319468,123.15393315645845,697700
2017-10-06,124.17288208007812,124.73981577827152,123.13861414569122,124.08095130904914,447400
2017-10-09,123.47567749023438,124.69380665359293,123.16923387218212,124.32607197391528,344700
2017-10-10,125.00031280517578,125.10756928412775,123.4144366270151,123.4144366270151,527500
2017-10-11,124.99260711669922,125.42164459559645,123.88173426562794,124.58656401727369,443100
2017-10-12,124.74749755859375,126.0269183665571,124.67854946662638,125.06926701118812,652600
2017-10-13,125.03858947753906,125.39099852323885,123.2688404886369,124.3797250767998,598800
2017-10-16,125.81242370605469,125.9962970014711,124.95437170760822,124.95437170760822,728300
2017-10-17,125.7510986328125,126.18012451612378,125.0386117244731,126.04988535083847,573800
2017-10-18,123.05435180664062,125.56722776220562,122.33419619314111,125.21481864713914,1302500
2017-10-19,124.31077575683594,125.33738666985056,122.04306438945471,122.24225161940332,734600
2017-10-20,126.56315612792969,127.44420207802752,125.51357435363083,125.91961744982277,993900
2017-10-23,126.36397552490234,126.98453154620914,126.01155478844059,126.64743650004829,594600
2017-10-24,126.98456573486328,128.09543893419607,126.44828333071085,126.6551392901981,699600
2017-10-25,127.02283477783203,128.0877422540851,126.2337312654325,127.92685173763886,663700
2017-10-26,128.40187072753906,128.87686195659455,126.81599481363706,127.72768057785193,699100
2017-10-27,128.57044982910156,128.85391089795652,127.37529108213178,128.05713839997665,458800
2017-10-30,127.86557006835938,128.80023847623272,127.39057886405801,127.9575125231199,558700
2017-10-31,127.7659912109375,129.014760381901,127.4978442084796,127.55913528590078,606600
2017-11-01,128.15667724609375,129.34416673846678,127.83490793610893,128.4248241827852,638000
2017-11-02,129.49740600585938,129.78853566893198,127.4748474346858,128.18734590218548,543700
2017-11-03,129.29052734375,129.75786144637803,128.27925408122297,128.90746698717209,747400
2017-11-06,129.2522735595703,129.61233965939272,128.85388738328228,128.86154438452846,521000
2017-11-07,124.7857666015625,129.83450014940848,124.62487608095965,129.44378272805343,1061100
2017-11-08,123.50638580322266,124.87773740780814,122.83985250706763,124.6402417408196,1142400
2017-11-09,121.51448059082031,123.23059623910845,120.03586063745675,122.79390155611956,1114000
2017-11-10,120.35758972167969,122.02772755665254,120.32693834136151,121.50677099200735,727000
2017-11-13,122.15033721923828,122.40315855848223,119.33867448048862,119.71406629839225,1092800
2017-11-14,123.12328338623047,123.49101811037364,121.4914422821012,121.4914422821012,505400
2017-11-15,123.51404571533203,123.90476327118708,121.80559892119514,122.43381214963348,589400
2017-11-16,122.4797592163086,124.70917410803028,122.3878284381192,123.90474472863725,514500
2017-11-17,123.01605987548828,123.59065065021699,121.26929316544013,121.76727885091921,371400
2017-11-20,123.8127670288086,123.82809271605834,122.86277315058487,123.13857707070954,291100
2017-11-21,122.72492218017578,124.1728903709499,122.2805706070707,124.1728903709499,596000
2017-11-22,122.51802825927734,123.56760994014586,122.02771144959335,122.96237969462767,409800
2017-11-24,121.92047119140625,123.20756029391781,121.77490635998352,123.03134408215534,180700
2017-11-27,122.19625091552734,122.86277217969743,121.47609559144405,121.87448162627028,361900
2017-11-28,125.90431213378906,126.12649375223232,122.15798121491473,122.53338468292841,758300
2017-11-29,129.55870056152344,130.7615042464317,126.40994332385347,126.40994332385347,766800
2017-11-30,130.01275634765625,132.2751880018762,129.35865954629892,130.07432047169388,1075600
2017-12-01,130.4129180908203,130.81307902846618,125.64180999882564,130.50525840637087,699200
2017-12-04,132.55213928222656,135.91499676516466,131.92881905462144,132.4136288948249,846600
2017-12-05,131.15159606933594,133.56794266630553,130.7976172152353,132.9907925091784,598000
2017-12-06,130.44363403320312,131.75954163279317,130.16660147235,130.73606055358997,436800
2017-12-07,131.64418029785156,132.04432950307717,129.5202590512642,130.24362285309286,463800
2017-12-08,132.14437866210938,132.3752412092178,131.01316274921933,132.32136819329116,401700
2017-12-11,131.2132568359375,132.19825955711718,130.37446747436644,132.05974905358818,658300
2017-12-12,132.7368927001953,133.49103255520365,131.61336815762212,132.2213064503929,945800
2017-12-13,131.6056671142578,133.72188495733317,131.39019860051695,132.92156327016426,514200
2017-12-14,130.08200073242188,132.12896365283,129.70493664961066,132.03662334555463,479200
2017-12-15,131.51329040527344,132.8445920165953,130.38207504928263,131.09005630978328,1478000
2017-12-18,133.7911834716797,133.99896094222,132.56762721368347,132.72153166727895,779700
2017-12-19,133.8219451904297,134.86082068860222,133.28327379003335,134.51453276993,612800
2017-12-20,132.76766967773438,135.27634571608812,132.32904150409885,134.66072805078596,624400
2017-12-21,133.5833740234375,134.4221630755739,132.89848938805434,134.01431108720834,444500
2017-12-22,133.1832275390625,134.29134640703344,132.19052230826065,134.29134640703344,332200
2017-12-26,132.3521270751953,133.82963061333254,131.6595395859047,133.32942658070806,308200
2017-12-27,132.0289306640625,132.62146328490726,131.32865202980426,132.62146328490726,364600
2017-12-28,132.5829620361328,132.61374996113835,131.7980460807857,132.19050405845925,224200
2017-12-29,131.58258056640625,133.1832121806556,131.54410153035084,132.72917834264672,414100
2018-01-02,131.73646545410156,133.05236140033716,130.82071854553857,132.72915868122402,424000
2018-01-03,133.21397399902344,133.56026180187374,131.1131503690564,131.59794859618606,437600
2018-01-04,133.46791076660156,135.9842889509865,133.16779312935572,133.4371228466963,628300
2018-01-05,132.9908447265625,135.82272363987352,132.1982140634456,134.2528797626519,549700
2018-01-08,132.68309020996094,133.06785732404,132.1521097137862,132.85238867952856,488900
2018-01-09,134.59915161132812,135.8765804599562,133.29094657911466,133.42945701847873,539100
2018-01-10,136.01515197753906,137.30027251361435,134.60690316752448,134.86085082921483,549900
2018-01-11,136.9693145751953,137.13091008494882,135.46871438885174,136.46141948880683,342000
2018-01-12,137.37716674804688,138.12361541628107,136.67688822553387,137.50028322258575,439600
2018-01-16,136.80772399902344,138.37757959518527,136.0843603166895,137.88506666920944,607900
2018-01-17,137.9081268310547,138.21593558581964,135.13010996044864,137.3617527878729,824800
2018-01-18,143.24868774414062,145.2110009479272,137.90043109463946,138.51606037808355,1397000
2018-01-19,145.27259826660156,145.32647127196608,143.67196646052835,144.23372287936962,749600
2018-01-22,145.25723266601562,145.42653108428468,143.7335586437511,144.67239105700423,649400
2018-01-23,145.31105041503906,146.28836150476727,144.10287686618932,144.1721438234325,991900
2018-01-24,145.7958526611328,146.26526866429137,144.76466863078082,145.91896912292628,637900
2018-01-25,144.4107208251953,146.25759731354614,144.10290024903395,146.25759731354614,597500
2018-01-26,145.72659301757812,145.78815712263898,143.95667490122636,144.90319806446308,434400
2018-01-29,146.04981994628906,147.69662186735832,145.8805333070308,146.01904375973874,649800
2018-01-30,146.6500701904297,147.1348685271643,144.57231941927867,145.10329965003262,614700
2018-01-31,146.81163024902344,148.27373950151775,146.0882667321772,146.62693794403555,633100
2018-02-01,148.4046173095703,148.45078746482474,144.9724909490749,146.34226035168135,571500
2018-02-02,145.59579467773438,149.17413394380733,145.21102777227412,147.7504916967427,568300
2018-02-05,138.36988830566406,145.1879591108926,137.81582295979157,144.2337328502999,1000600
2018-02-06,142.409912109375,144.94937580094185,134.9069581410179,134.9069581410179,1422000
2018-02-07,142.34068298339844,144.172177378639,141.23255231542618,141.4634148282796,512100
2018-02-08,137.2463836669922,142.84858984229615,137.15403160900718,142.51768414031577,1093400
2018-02-09,140.53224182128906,141.57880813254312,136.20746614523975,139.01625947905742,813500
2018-02-12,142.17138671875,144.18756176073592,139.43953905041872,141.14790523209493,783200
2018-02-13,143.24868774414062,144.12595565684907,140.97856576970798,141.0863000136493,711100
2018-02-14,147.73512268066406,147.9813791779778,142.3022149368578,142.47920445545452,763200
2018-02-15,147.0579376220703,148.52004738129324,146.0421472058184,148.1506743854543,671200
2018-02-16,147.4734649658203,149.47425765126656,146.14986581861518,146.14986581861518,821800
2018-02-20,146.70396423339844,148.85095896992107,146.4269315181545,146.67318803933009,807700
2018-02-21,148.3815460205078,151.32115968570935,146.9117333168288,147.00407363591847,845900
2018-02-22,145.82666015625,149.63585024989533,145.28028597275784,149.3972966423686,642700
2018-02-23,148.9125213623047,149.04334073434353,146.20377011392938,146.41153584131965,524700
2018-02-26,150.3053436279297,150.52081214707508,148.45845550962875,149.65892632833985,660300
2018-02-27,147.896728515625,151.88290865377505,147.896728515625,150.57470331563204,506400
2018-02-28,146.0883026123047,150.50543111871877,146.0883026123047,148.20452069033703,746700
2018-03-01,145.3264617919922,147.7427974370993,144.0875119131286,146.67314593240246,831600
2018-03-02,147.5515899658203,147.91471400473566,143.54951554744386,144.69296369712626,654600
2018-03-05,149.69163513183594,150.85053811350178,143.8198553091408,145.97542145686285,663800
2018-03-06,150.9200897216797,151.22913763165784,148.20826062459105,149.94661533043637,532600
2018-03-07,150.80421447753906,150.99736501367218,148.23144792156899,149.91571493794277,594500
2018-03-08,150.4178924560547,151.42999923819698,148.16961769923645,151.42999923819698,556100
2018-03-09,152.0558319091797,152.09446437565674,150.22476853010846,151.6463537002648,805000
2018-03-12,150.58790588378906,152.47305724133392,149.94664460797014,151.64636718332258,631000
2018-03-13,149.1508331298828,151.66178987688767,148.7027225111253,151.63087919202323,406000
2018-03-14,147.03395080566406,150.15527089009953,146.43132191798145,149.97756386218515,476400
2018-03-15,147.04934692382812,148.10008616432748,146.2922002294742,147.76786115858846,473800
2018-03-16,147.08021545410156,148.60997565760084,146.99522877612938,147.07249367936555,1298900
2018-03-19,146.24588012695312,147.54385808524967,144.54615747185247,147.09574734899104,635900
2018-03-20,145.7823028564453,147.636543317222,145.3110150692267,147.06482526611876,482100
2018-03-21,146.52401733398438,148.45552302933865,145.41920173494984,146.19180401309154,419000
2018-03-22,140.96127319335938,146.0836297030422,140.88402004446328,144.2371108620922,906200
2018-03-23,137.1445770263672,141.93471886628973,136.7582760256619,140.96123279957095,958100
2018-03-26,142.34417724609375,142.86954087549856,138.93700006296828,139.75595618466951,819500
2018-03-27,139.32337951660156,143.2327454182861,138.28809522425348,142.77691287315946,511100
2018-03-28,139.5242156982422,141.2162162476122,138.25714867777353,139.74054335132416,578600
2018-03-29,142.43695068359375,142.43695068359375,139.48560444227593,140.47454616398105,861600
2018-04-02,138.9833526611328,142.06603842719986,136.96686126914307,141.6951810342352,586500
2018-04-03,141.401611328125,142.12012547854025,139.1224379473097,139.7250665215193,537900
2018-04-04,143.68858337402344,144.04398564618472,139.27703050755315,139.67877524602505,506900
2018-04-05,144.1366424560547,145.125572177378,142.81549949835232,144.6542844360464,498400
2018-04-06,140.3740997314453,143.84307616649508,138.52758089071384,143.00094257308885,641500
2018-04-09,141.2625732421875,144.29890579971868,140.87627217001636,141.30120570719924,424700
2018-04-10,144.04393005371094,145.06375864336118,141.98108396674007,142.08151421810967,780700
2018-04-11,142.87730407714844,144.0516625978656,142.30558605455445,142.54509082498953,600300
2018-04-12,144.58470153808594,145.82086914357072,144.0670597426175,144.09023685368564,918200
2018-04-13,141.50982666015625,145.867302746829,140.7372244335194,145.867302746829,941000
2018-04-16,140.28138732910156,144.22937325977657,138.9679541558963,142.9314072204819,1219700
2018-04-17,137.0828094482422,142.0429261911732,135.90072896705968,140.76812542491538,1092800
2018-04-18,137.56185913085938,139.44701086560048,137.04421693959472,138.11813379976581,1057000
2018-04-19,139.2538299560547,139.8796358751158,137.3841339771281,137.8013339935107,1070500
2018-04-20,140.25051879882812,141.5021309685244,138.9061863206146,139.30022110661346,936100
2018-04-23,140.59815979003906,141.93477022417963,139.60922981351527,140.51317306757335,981700
2018-04-24,140.86082458496094,143.57265378998267,139.87961658880752,141.6643256049394,932400
2018-04-25,141.0153350830078,142.76141154151748,139.01428673419528,140.26591012154339,898900
2018-04-26,140.96900939941406,142.7150862116132,140.1423193468275,141.01536364741432,766100
2018-04-27,142.54507446289062,143.27132225695865,140.8221752377742,140.8221752377742,759000
2018-04-30,140.8221893310547,143.88942063868484,140.76810152486274,142.9159344390105,582400
2018-05-01,141.21620178222656,141.9347278191259,139.3233291171678,140.16546252247167,854300
2018-05-02,138.75161743164062,141.64887549711602,138.58164401534822,140.50542761485426,1243900
2018-05-03,138.75161743164062,140.01096270990539,136.0861423691979,138.0640019889934,1067900
2018-05-04,139.41604614257812,140.56722751193686,136.59605320216068,138.1026249345614,1002500
2018-05-07,139.7791748046875,140.58268761515777,137.97901044179542,139.60147961714947,712800
2018-05-08,139.8873291015625,141.36300188665805,139.16881483417467,139.70963392612876,748800
2018-05-09,142.24378967285156,142.99321474027155,139.90280598026303,140.79129378317592,636100
2018-05-10,143.49539184570312,144.0053120863352,141.42482377376393,142.26695727515832,531200
2018-05-11,143.42584228515625,144.53066933301523,143.0318194886456,143.6189927952251,423800
2018-05-14,142.3982696533203,143.84303158959565,142.05060111863548,143.79667735683378,331700
2018-05-15,142.4600830078125,143.95893278140608,141.68748100401962,142.10468089892052,552400
2018-05-16,142.3596649169922,143.15544417161587,141.42482293700422,142.32876601879113,450000
2018-05-17,142.35195922851562,142.77689280788815,140.90719684762337,142.2360736109478,544300
2018-05-18,140.48228454589844,142.3597025686994,140.48228454589844,141.9270471456165,487600
2018-05-21,140.65220642089844,141.7492999239346,140.2968042885763,140.88398939511097,568600
2018-05-22,142.0738067626953,143.40268338389743,140.59041207160357,141.1698636754194,572900
2018-05-23,139.6555938720703,141.93478019217847,138.93707935901529,141.2239756694683,458700
2018-05-24,138.9833526611328,139.5396269616106,137.0827468363388,139.5396269616106,567400
2018-05-25,138.3575897216797,139.1920014299211,137.77813812892643,138.32667903490804,423900
2018-05-29,132.68667602539062,137.01324029226416,131.7904548469844,136.65011639737494,1097000
2018-05-30,134.533203125,135.20536315794268,133.0729856744531,134.50229244016808,648900
2018-05-31,133.56300354003906,135.1541504597598,132.8799718453176,134.23050855713916,1037900
2018-06-01,135.5810089111328,136.5900295931523,134.91351585810725,135.24726238462003,537300
2018-06-04,135.89151000976562,136.63662474053265,135.08428856748537,136.14764689952463,609500
2018-06-05,135.317138671875,135.88374989100973,134.1451291481437,135.34819202701422,543400
2018-06-06,138.5149688720703,138.52272628970556,135.60433840177626,135.74404297952523,549600
2018-06-07,137.90179443359375,139.81117330260454,137.25757344487752,138.96514101417833,782300
2018-06-08,137.46713256835938,138.49166830108072,136.93933210216903,138.1812057986525,910800
2018-06-11,136.43482971191406,139.06603913654772,136.19421949225563,137.85521877737264,871500
2018-06-12,135.95361328125,137.73103309816284,134.9601190165622,136.6055916718165,752300
2018-06-13,135.36367797851562,137.28081365252405,134.75051054427396,136.2097099964604,905700
2018-06-14,135.6043243408203,136.3339123546116,134.2149769081002,136.2640600729802,1289000
2018-06-15,135.62759399414062,135.82163598471308,133.60179513882886,135.16964589541837,2243100
2018-06-18,135.10757446289062,135.6431204543391,133.71046964232363,134.1063110734075,1165400
2018-06-19,135.34042358398438,135.73627688239887,133.74151924281787,133.95108793942643,1223300
2018-06-20,135.10757446289062,136.68319461394046,134.82038423872305,136.11658342565946,876100
2018-06-21,135.4646453857422,136.20200286360424,134.30815041544474,135.32494078385554,1385900
2018-06-22,134.2615509033203,136.380498284871,133.93556173155523,135.99241424561944,1147100
2018-06-25,133.376708984375,134.37797235698986,132.259025146751,133.99764576565323,662100
2018-06-26,132.08828735351562,133.32240368749487,131.44407822450333,133.32240368749487,676400
2018-06-27,130.76107788085938,133.989940936028,130.60584658546233,133.23705671779425,987800
2018-06-28,130.9240264892578,131.73900534467177,129.86844926656246,130.7920793364209,1351100
2018-06-29,132.0650177001953,134.36248083908552,132.05726028162616,132.23577565581357,1446400
2018-07-02,132.01846313476562,132.37550576339723,131.13363174763936,131.4596210120134,732600
2018-07-03,131.218994140625,132.93433107559196,131.04823618896722,132.62385668922016,383100
2018-07-05,131.2344970703125,132.41427583823832,130.90073864578892,132.22799124012855,680100
2018-07-06,131.14137268066406,131.83991926150705,130.24101480590826,130.69119374328616,829500
2018-07-09,133.96664428710938,134.53324379176803,131.66918106288284,131.94860210578352,1108800
2018-07-10,133.4232940673828,134.32365192209025,132.4065157329225,134.2537996342385,1810300
2018-07-11,132.59278869628906,133.79585153605638,132.39874668482287,132.9653460421565,1043300
2018-07-12,131.0482177734375,133.70271122611308,130.59803885899984,133.6406163575646,1742200
2018-07-13,129.1931610107422,131.72347626618762,128.47908787316743,130.83864522143372,2205000
2018-07-16,130.48939514160156,131.6924582308583,129.50367004617192,129.50367004617192,1518200
2018-07-17,130.78431701660156,131.87871681446435,130.40399040676272,130.68341137976205,1312200
2018-07-18,135.4258270263672,136.1011014278644,128.9060187486078,130.34969210426144,1737900
2018-07-19,134.0985565185547,135.50341878577302,133.11281978475895,135.36370237904248,906900
2018-07-20,134.2770538330078,135.2395063437524,133.27580239990795,134.02867440699,1287100
2018-07-23,135.54226684570312,135.6742140285136,134.01321442815274,134.24606727450734,939300
2018-07-24,134.4477996826172,136.13208254299124,133.842389690165,135.71295710336352,928300
2018-07-25,133.6639404296875,134.6419081675512,132.58506702877085,134.36248712196334,1184200
2018-07-26,134.2460174560547,135.15413256078884,133.87344830279196,134.0597328794233,1455800
2018-07-27,136.29510498046875,136.3882413502054,133.67165336130503,134.57976849638854,1029500
2018-07-30,136.33389282226562,137.69218670629257,136.16313492937448,136.51241997425905,744400
2018-07-31,134.5487060546875,136.65988362507787,134.44780044091576,136.65988362507787,617600
2018-08-01,134.711669921875,136.20191054888494,134.03640778365886,135.27826905114395,742000
2018-08-02,135.55776977539062,135.97690723068678,133.3922657343161,133.76482314972304,719600
2018-08-03,135.38697814941406,135.80611550045282,134.3701999674028,135.2162320858389,672600
2018-08-06,135.9690704345703,136.0699760391315,134.2459888028802,135.48009277077725,664300
2018-08-07,136.27957153320312,137.3506871054901,136.16313923343364,136.21747667533603,391100
2018-08-08,137.49813842773438,137.97160131936806,135.5577186822491,136.41926552297983,418900
2018-08-09,136.55897521972656,137.42827943327606,136.01566008625812,137.3118589915977,411000
2018-08-10,135.02218627929688,135.68192195268725,133.93554400716258,134.97560625230747,745800
2018-08-13,134.3003692626953,135.82942141119506,134.04423236111364,134.8359271620583,622600
2018-08-14,135.87596130371094,136.58227699035217,134.26153052426665,134.6961826873126,863300
2018-08-15,134.78155517578125,135.7207235742862,134.1528610526998,134.81260852501492,734400
2018-08-16,137.32740783691406,137.87073494834368,135.41804106015795,135.53446153067313,722400
2018-08-17,136.99362182617188,138.02592646000542,136.29507551738521,137.22647454356115,892200
2018-08-20,136.24853515625,137.1877037138385,135.64312502085346,136.80737710329058,848500
2018-08-21,137.44384765625,138.31315213259245,135.96912117001452,136.30287960935794,923400
2018-08-22,137.38946533203125,137.5679924627741,136.49687705184243,137.0169080843347,346900
2018-08-23,137.04803466796875,137.6301608600589,136.6677079588503,137.28087567009464,519800
2018-08-24,136.84619140625,137.78535998807524,136.74528576661834,137.59907538645948,555600
2018-08-27,137.59909057617188,138.2510689887223,136.86173319221228,137.3429536619443,527700
2018-08-28,138.0259552001953,138.29760689089596,137.25754462582424,138.01819778390683,898400
2018-08-29,137.83966064453125,138.20446052121446,137.05573529430924,138.1346082495218,717200
2018-08-30,136.885009765625,137.69221939726364,136.42707341841282,137.59132559542482,651600
2018-08-31,138.28224182128906,138.37592121391467,136.66641820727776,137.93097685397538,822100
2018-09-04,139.9995574951172,140.4444899412852,137.78266118463324,138.92233381873024,829700
2018-09-05,140.2961883544922,141.10801297017755,139.6326904493783,139.94492335638225,1175600
2018-09-06,139.4453582763672,140.37426735249016,139.12531177080962,139.95273978153062,756400
2018-09-07,139.57801818847656,140.1868805859385,138.93012370688606,140.1868805859385,675500
2018-09-10,139.3438720703125,140.47574323548255,139.28923666775077,140.05421568007395,806500
2018-09-11,139.6404571533203,140.36641575124474,138.50078469724713,138.9457289848329,640000
2018-09-12,136.17466735839844,139.21899214317696,136.11221838779073,138.74282916435106,815200
2018-09-13,133.48941040039062,136.5883703399473,133.28646019549203,136.5883703399473,1184200
2018-09-14,133.65328979492188,134.50413429547598,133.458141318047,133.83282305858975,694700
2018-09-17,132.48248291015625,134.49641789738496,132.24830220728307,133.67679139279156,846300
2018-09-18,132.0063018798828,132.49026653193246,131.3506055298303,132.2951179579223,859200
2018-09-19,134.27780151367188,134.57441917466818,132.16238624459066,132.16238624459066,714600
2018-09-20,134.94912719726562,135.99512055183806,134.19975153506738,134.72274821235362,972400
2018-09-21,135.04278564453125,135.63603290047152,134.66810379398586,134.76957293232698,1417800
2018-09-24,132.81813049316406,135.3940943584514,132.74007820083725,135.25359308570808,793500
2018-09-25,131.600341796875,133.52060830971536,131.31932747575004,133.52060830971536,817600
2018-09-26,130.6636505126953,133.48159578912478,130.39825136799297,132.78686749215623,1008800
2018-09-27,129.2664031982422,130.6324430367644,129.07905630388433,130.54657719904898,820900
2018-09-28,128.4389190673828,129.76593826746716,128.2359689349892,128.58723381875114,921100
2018-10-01,128.5560760498047,129.88308396602847,128.00184886083943,129.7269674895769,694900
2018-10-02,128.77462768554688,128.8292630865286,127.35394050710838,128.19698368262314,692200
2018-10-03,130.48411560058594,131.53010885990122,129.11026233015778,129.62545730656834,846600
2018-10-04,132.03749084472656,133.263029332328,130.57778364948757,130.57778364948757,754800
2018-10-05,131.38180541992188,133.0288596273145,131.25690749165466,132.65417775343485,778500
2018-10-08,132.77130126953125,133.30211166573557,130.92129631635152,131.28036307735175,820300
2018-10-09,132.1780242919922,133.19279918773896,131.2335000193321,132.13899219774754,579700
2018-10-10,129.43814086914062,133.43477951318582,129.32104458814734,132.3107219168174,894800
2018-10-11,125.2463150024414,129.3132153107059,125.19948126441751,129.1336701003874,1304800
2018-10-12,123.73980712890625,126.4953039516587,121.27312637482315,126.47968873118586,1087300
2018-10-15,124.12228393554688,125.19170612758587,123.18557324391105,123.73980038672741,763200
2018-10-16,123.90371704101562,125.00435774837555,122.81088989883577,124.71554169885428,807000
2018-10-17,126.37821197509766,127.59594908412515,122.38937463924948,124.27842332042697,1386300
2018-10-18,125.49615478515625,128.33751769292252,125.2931926347216,126.95586238257808,963500
2018-10-19,126.94805145263672,127.61154944348023,124.80141718458569,125.72251271690614,1049500
2018-10-22,123.3338851928711,128.39994590423183,123.33388519287108,128.15015003976302,1531100
2018-10-23,123.95055389404297,124.94972547739965,121.8819839263298,121.8819839263298,1159800
2018-10-24,120.71892547607422,123.84130323851703,120.46914144876028,123.65396819576304,1308000
2018-10-25,123.61492156982422,124.86387729245001,120.89845657067629,121.14824056864674,811500
2018-10-26,123.74762725830078,124.87168508169273,122.10057262476053,122.45965128370382,1131200
2018-10-29,126.10501098632812,127.40080037718675,124.86386891346984,125.66788008602008,862000
2018-10-30,127.39298248291016,127.5647141751855,125.14487908471868,126.26112317358509,1062900
2018-10-31,129.1180877685547,131.06175967779194,128.46239150787036,128.64192483643157,891900
2018-11-01,128.01742553710938,130.29675875760603,127.73641119973745,129.64106260737825,908800
2018-11-02,128.157958984375,130.07042443660575,126.58116716617657,128.61851864682365,933200
2018-11-05,128.56390380859375,129.24302908098025,127.86137356645719,128.0565221793758,820000
2018-11-06,128.165771484375,129.02441801061792,127.2446640780586,128.22822045352552,784300
2018-11-07,129.14932250976562,129.39130483318985,125.9488930769484,128.53265826332728,793400
2018-11-08,130.64805603027344,131.3427844375025,128.27505474709693,128.6419349980865,795900
2018-11-09,130.14065551757812,131.35838046596302,129.25858033097464,130.5465678040135,744200
2018-11-12,128.89956665039062,130.53880786549954,128.74343823006257,130.03922788885782,773600
2018-11-13,130.74952697753906,131.28813887501497,128.89170899167655,128.89170899167655,815400
2018-11-14,129.02439880371094,132.41218638800453,127.65835907306841,131.60817538512862,1090100
2018-11-15,131.3662109375,131.45989035394885,127.38518711067883,127.97063284205758,984500
2018-11-16,131.95167541503906,132.70105129847298,130.09386879628983,130.39048657623349,1038400
2018-11-19,131.59254455566406,132.79465413520924,130.0781902138917,131.9828415752582,906200
2018-11-20,131.35057067871094,132.0843310280491,128.5404271942075,130.98369050404185,1337800
2018-11-21,131.00714111328125,133.06790956233846,129.88308342999122,131.69406789994153,1148700
2018-11-23,130.5543670654297,131.24909535842923,129.13368004439636,130.0782041739859,221900
2018-11-26,132.7556610107422,133.28645934829802,131.5145071832507,132.0765359588523,900700
2018-11-27,130.7026824951172,133.06008009307462,130.33580230265318,132.092139087926,877700
2018-11-28,131.49111938476562,132.8337426554737,129.50060135695452,130.79639087116055,1039300
2018-11-29,131.67845153808594,132.56052688959298,129.9689481521389,130.6558749328469,901300
2018-11-30,132.71498107910156,133.53164706837728,131.32509843254493,131.32509843254493,1497200
2018-12-03,132.36160278320312,134.28546092024757,130.79110438856247,133.74364903893613,833100
2018-12-04,126.49579620361328,132.10247525395263,125.82834154402076,131.5685115262786,1148300
2018-12-06,126.66065979003906,126.67636812420263,122.60092410000448,123.48824727810003,1109800
2018-12-07,123.96730041503906,127.7600558879906,123.47260151470846,126.62144682456346,892300
2018-12-10,121.98847961425781,123.79454336045846,120.26092162440024,123.79454336045846,721000
2018-12-11,120.58287048339844,123.92803988945008,119.85259444694924,123.47259389579203,554600
2018-12-12,121.17182159423828,123.11138838827536,120.45724183181329,122.3182908824121,808900
2018-12-13,117.53607177734375,121.62722459031832,117.00995635291008,121.25030840214711,1160000
2018-12-14,116.06766510009766,118.2899214439509,115.73001374557214,116.84506600616473,824700
2018-12-17,114.9212417602539,117.12779041286184,114.41082251758765,115.43164902096652,830400
2018-12-18,113.1544189453125,116.20903797369122,112.25137514076695,115.09398550384616,907700
2018-12-19,111.15203094482422,114.324432563162,110.32751685662268,112.98166308924876,1009700
2018-12-20,110.79866027832031,111.7409568655066,109.55010501879852,110.22541976963974,1142400
2018-12-21,108.92976379394531,112.68325379814267,108.30156207324487,110.13119404313248,2174400
2018-12-24,106.5897445678711,108.98474535342827,106.55047970638007,108.36440367690263,575700
2018-12-26,110.78296661376953,110.83792783114329,105.05064464136305,107.2022319190145,953600
2018-12-27,110.4453125,110.4453125,106.99806845090765,109.46375084613597,756200
2018-12-28,110.90074920654297,112.20426584877734,110.13905646872848,111.11276986087091,710500
2018-12-31,112.39271545410156,112.50264985658681,110.62590485433405,111.38759749367881,580900
2019-01-02,113.77476501464844,113.93967263161571,110.8065237648601,110.8065237648601,874200
2019-01-03,112.9659423828125,114.9133569058084,112.8010347904444,113.38212347075212,1022100
2019-01-04,116.4367446899414,116.76654789988422,114.32442252873385,114.96047243233436,1013000
2019-01-07,117.86592864990234,118.5804964304261,115.34527304085826,115.92636185572253,1130200
2019-01-08,118.37633514404297,118.78466814592137,117.27699088739388,118.31351376052676,1423200
2019-01-09,119.63272857666016,120.1274274586917,118.35276845908955,119.21654743081561,911600
2019-01-10,118.1329116821289,119.43642845177503,117.29268914370934,119.20085125526788,566200
2019-01-11,118.42344665527344,119.21655612770299,116.99429914010493,117.44188501668526,461200
2019-01-14,118.60403442382812,119.37358727025865,117.34764288740728,117.52039867073233,771100
2019-01-15,118.92599487304688,119.0830423244866,117.18274060357518,118.81606045884382,719400
2019-01-16,121.2582015991211,122.13767702536329,119.03594452992678,119.9389884597578,1092500
2019-01-17,128.16053771972656,128.38825473435207,124.75254680581493,124.75254680581493,1932100
2019-01-18,130.0294189453125,131.08165005261458,127.86213535359222,129.19705666694063,1227600
2019-01-22,130.8853302001953,130.97956825141537,129.4640310729575,129.4640310729575,1146000
2019-01-23,131.5685272216797,132.00826492797597,130.2571622825626,131.67060148652814,946400
2019-01-24,132.2516632080078,133.0997337458153,130.62620366367364,131.14445900737428,828800
2019-01-25,132.165283203125,133.34315693421854,131.7883669641214,132.78563674472693,689100
2019-01-28,131.66270446777344,132.56574804861393,130.66543483680852,131.5920349301801,576600
2019-01-29,131.92189025878906,132.56580047448543,131.45859601985873,131.70986958021172,469000
2019-01-30,130.49269104003906,132.21238850398657,130.2100128637797,131.68627303936412,658900
2019-01-31,129.20486450195312,130.16286923542268,127.59511364605888,129.82521791855083,1210400
2019-02-01,128.78086853027344,129.84880791931474,127.92494977973458,129.4561833201371,894500
2019-02-04,128.63168334960938,129.00075147180252,127.70509494543302,128.92222175058788,1216200
2019-02-05,127.53234100341797,128.72591130599827,126.10318153375943,128.5688638432328,874600
2019-02-06,126.94336700439453,128.27043984429227,126.24449581427646,127.08470608507128,846400
2019-02-07,130.89321899414062,131.35651324532648,127.7600697041097,127.7600697041097,1321700
2019-02-08,129.88023376464844,131.25442008554023,128.1212829423574,130.3513881531643,969300
2019-02-11,132.19671630859375,132.23596918561427,130.20217649950118,130.2964025754747,1108400
2019-02-12,133.4923858642578,134.3640130982967,132.5108242034912,132.84062748367433,926000
2019-02-13,133.979248046875,134.90584856432602,133.33534977308113,133.49239725581464,617900
2019-02-14,132.8170623779297,133.4609725371122,131.6784533214236,133.15472579802503,619800
2019-02-15,135.27487182617188,135.29056818186544,133.67295688105963,133.97920356439715,1284700
2019-02-19,136.22506713867188,136.6334001953526,133.8379141544456,134.3875863565416,648400
2019-02-20,138.203857421875,138.29023531204174,135.37695554546505,136.1465083785694,843800
2019-02-21,135.91091918945312,137.70913440301538,135.51829462927395,137.1123493850453,872100
2019-02-22,135.4319305419922,136.4056438639222,134.77232408937115,135.9109330334805,669000
2019-02-25,135.4319305419922,136.58624782505493,135.18850520699766,136.27214095574593,661300
2019-02-26,133.89283752441406,135.6203953595998,133.55518611786994,134.8272859947322,984300
2019-02-27,135.4790496826172,135.62824895451902,133.61015266734566,134.09701534122837,852000
2019-02-28,135.89520263671875,136.7040082232364,135.14921841386607,135.7224468821276,756600
2019-03-01,136.31382751464844,137.50645289911083,135.4845214255113,136.64554753998522,919600
2019-03-04,136.51129150390625,138.39105051352337,135.55562441445264,136.3533312963163,1072200
2019-03-05,136.37698364257812,137.11940965135247,134.03914435067986,136.2743041153598,753100
2019-03-06,134.18922424316406,136.653449004926,134.17343666026605,136.16375674851722,1269700
2019-03-07,132.4042510986328,133.79431764279738,131.94615811154006,133.4862910542545,1096500
2019-03-08,132.56219482421875,132.93340785297167,131.2827017771231,131.39327510154385,791900
2019-03-11,133.5494842529297,134.18923088808936,132.44375081581302,132.98872374253145,866200
2019-03-12,134.55255126953125,135.2712840352201,133.87331156654005,134.0391776092339,851800
2019-03-13,135.98208618164062,136.6613257608752,134.52883333123737,135.02641931706864,782800
2019-03-14,136.89833068847656,137.30113110334176,135.66622395915374,136.10062365259284,904800
2019-03-15,136.25852966308594,137.90923578961986,136.0531705888643,136.4164898383103,1347800
2019-03-18,138.00404357910156,138.54901656211473,136.6613636805947,136.82722973909117,672700
2019-03-19,135.33445739746094,138.78593622411964,134.95533849424777,138.78593622411964,756300
2019-03-20,129.36343383789062,135.3423225477043,129.3081532084472,134.93952235631835,941900
2019-03-21,126.62281036376953,128.93695638424964,126.41745129602147,128.74739694900262,890600
2019-03-22,121.46531677246094,125.77770037368607,120.93614359227556,125.77770037368607,1129700
2019-03-25,121.07046508789062,122.45263824454491,120.24906462892295,121.63123778557723,810300
2019-03-26,122.87911224365234,123.50305923257099,121.02304680870822,121.5838193608372,791000
2019-03-27,122.6658706665039,123.2740301281169,121.54433751038624,122.53949767808717,668800
2019-03-28,124.31657409667969,124.37976058933432,122.50001365212148,122.91070777698982,672900
2019-03-29,124.01643371582031,125.53287314503044,123.72419472704254,125.15376630062522,817700
2019-04-01,127.73641967773438,127.9417787169947,124.72723486370916,124.90099464235091,735900
2019-04-02,127.74439239501953,128.92120636002704,126.71763281595241,127.34948579165473,592700
2019-04-03,127.85494995117188,129.67941630484623,127.27837770441197,128.75533641343682,557400
2019-04-04,128.96856689453125,129.56092667864493,127.12040726047832,127.76805974253946,624000
2019-04-05,128.91329956054688,129.71891232457935,128.08399336683038,129.26081926470175,703700
2019-04-08,129.5767059326172,129.71097268303967,128.23402637680377,128.82638606774398,378800
2019-04-09,128.05239868164062,129.16602596666394,127.05722648654204,128.8264121265908,520100
2019-04-10,128.77902221679688,128.97647548236952,126.98614319095181,128.39200947770175,589800
2019-04-11,129.9242706298828,130.76147068866547,128.8422304088063,129.5530574639557,617500
2019-04-12,132.49903869628906,133.74694481579357,130.8641318784589,131.21954535610968,1019600
2019-04-15,129.3081817626953,133.12297989381818,127.91020941675336,131.48016745287404,1167200
2019-04-16,132.9097442626953,133.33625007518566,129.0080657155882,129.60833136996848,953300
2019-04-17,133.0677032470703,133.50999663996987,131.79610371668852,133.02821018307762,562500
2019-04-18,131.37750244140625,133.24936760198696,131.25903530220094,132.64910195910412,567400
2019-04-22,131.49594116210938,131.81975526014165,130.42179524140084,131.06943548905264,465700
2019-04-23,132.0172576904297,132.38847081955973,129.94795118032826,131.25113800278612,824200
2019-04-24,131.55126953125,131.94617608582345,130.2480827217943,131.50388267295585,593300
2019-04-25,132.5148468017578,133.0835132229804,130.36655411082626,130.7614606782535,457700
2019-04-26,133.44679260253906,133.57315350706278,131.9382470743701,132.5385005385201,429400
2019-04-29,134.773681640625,135.53980116815467,133.58106842173544,133.68373591040975,622600
2019-04-30,134.3235321044922,135.37397301908385,133.54950651787686,135.1449325016357,605200
2019-05-01,132.5859375,135.666216198701,132.5543502748266,134.1339766685421,551300
2019-05-02,133.79432678222656,134.16553988244206,132.16731381613695,132.58591377142832,586500
2019-05-03,134.55255126953125,135.02644391872164,133.6916579400397,134.18923196493986,473400
2019-05-06,134.0944366455078,134.813169295368,132.3331572076692,132.49901117204385,594200
2019-05-07,132.3332061767578,133.35205991827468,131.53548711904043,132.72020693789844,825000
2019-05-08,132.04881286621094,133.58105172980584,131.2905872243746,131.9540391803268,922400
2019-05-09,131.19586181640625,131.7408348139566,129.51355596337547,130.4534355328792,1212000
2019-05-10,132.206787109375,132.5464129392834,129.3318684993014,130.5560809625897,1102000
2019-05-13,127.68907928466797,130.81674438630546,127.27047931610922,130.20069114761176,1032000
2019-05-14,128.4947052001953,130.04273224817493,127.54693181651092,127.66539897012431,720900
2019-05-15,127.40473937988281,128.18665862698592,125.84880672908376,127.39684558806623,672400
2019-05-16,129.4503631591797,130.2322824721274,128.2972427741446,128.36832306125123,592900
2019-05-17,129.3555908203125,130.9431108405545,128.0129109371057,128.0129109371057,1412000
2019-05-20,130.76934814453125,131.29061558106727,128.96856336267743,129.26869616825147,536700
2019-05-21,131.3458709716797,131.5828172218552,130.35860497227077,130.87988431233956,490900
2019-05-22,130.82461547851562,131.58284120697041,130.13748207418314,131.1247482535524,534800
2019-05-23,128.54209899902344,129.75051223746746,127.68120549872414,129.75051223746746,704700
2019-05-24,130.25595092773438,130.658751195703,128.57364547920264,128.87377825823177,554700
2019-05-28,128.13133239746094,130.49287710438594,128.13133239746094,129.71886390324966,827800
2019-05-29,130.12168884277344,130.5007956998581,127.38893062113013,127.50740979943701,859300
2019-05-30,128.0919189453125,130.89575865241144,127.08095885595321,130.3428917366048,725100
2019-05-31,126.83621978759766,127.99649416104722,126.16070877980746,126.95542190597948,991600
2019-06-03,128.98988342285156,129.37929721368704,126.05739009584498,126.50242749887995,698600
2019-06-04,132.92373657226562,132.9475770001486,130.42039463365626,130.4601327222486,793800
2019-06-05,132.20852661132812,133.02708047357086,130.88929940808399,132.99529727199257,546700
2019-06-06,132.6297149658203,133.2098523354881,131.32638551295506,131.8667847885111,401800
2019-06-07,131.73162841796875,132.39919658391744,130.96871069453962,132.39919658391744,447100
2019-06-10,133.19393920898438,134.28269242921144,132.21643322704435,132.6853232382548,413600
2019-06-11,133.32110595703125,135.42710359023286,132.4946094165258,134.14761462389995,575900
2019-06-12,131.4853057861328,133.9012408752495,131.3263655601977,133.47208892622658,548300
2019-06-13,132.43893432617188,133.57538037398933,131.52501910438917,131.7793331190805,576000
2019-06-14,133.43231201171875,133.69456876506248,131.63626494118208,132.7488583253449,321400
2019-06-17,131.0800018310547,134.39395453828243,130.77006415703661,133.63102450342785,429000
2019-06-18,132.7091827392578,133.46415797405515,130.59524238073487,131.008496705839,421800
2019-06-19,131.8111114501953,134.72770698793025,131.6044904156428,133.30517591554806,497700
2019-06-20,131.78729248046875,132.50252951572767,129.1091128551739,132.2084895097774,587800
2019-06-21,131.53294372558594,132.73296811153827,131.50910330579225,131.85877896457683,1266700
2019-06-24,131.4853057861328,133.39262487643998,130.3329739901508,131.29458236555544,495300
2019-06-25,131.5091094970703,132.37535592033493,130.20578060610566,131.66804967863018,571300
2019-06-26,131.93829345703125,132.891946904991,131.44556300993554,132.1528572975282,527500
2019-06-27,134.08401489257812,134.14759340507788,132.16875312999233,132.44690760638363,702400
2019-06-28,135.1569061279297,135.37942489725754,132.66149455150673,132.66149455150673,1296600
2019-07-01,135.74496459960938,136.9688297620792,134.65621135716253,136.09464036031503,631000
2019-07-02,135.16482543945312,136.5317331431755,134.33037413610288,135.49860353552097,407100
2019-07-03,136.3330535888672,136.52377699837936,135.17276696676956,135.59396399792388,285100
2019-07-05,138.28802490234375,139.01915951365035,136.88933418415195,137.1674886252007,598400
2019-07-08,137.50921630859375,138.24035095639766,137.0959620724053,137.67611140682615,567800
2019-07-09,138.4708251953125,138.7171843343949,136.38866847272223,136.84960356012434,663200
2019-07-10,136.1343994140625,138.81257952575828,135.9039257515725,138.08144469820334,601400
2019-07-11,138.09732055664062,138.24831800966643,135.86417833375125,136.61915347251878,370200
2019-07-12,138.3357391357422,138.44699850398877,136.99267182353316,137.92248485667133,598900
2019-07-15,136.9529266357422,138.57413622133166,136.5396723780974,138.57413622133166,683400
2019-07-16,135.9833984375,137.25494461657024,135.2761040585625,137.25494461657024,833700
2019-07-17,135.45098876953125,135.99138820024748,134.63243472653224,135.77682425789283,698500
2019-07-18,129.34750366210938,133.34490970465004,127.64681806225924,131.92237854866937,1957600
2019-07-19,129.43495178222656,130.4362983049023,128.2269962926192,129.99920356296946,1016700
2019-07-22,128.37002563476562,128.6879060726625,127.5117339008103,128.21108541581717,721400
2019-07-23,129.22833251953125,129.4031704187811,127.774005699242,128.3779834526014,801700
2019-07-24,130.11041259765625,130.29319319124704,128.01237077452143,128.815026534514,902200
2019-07-25,129.7925567626953,131.40582347818744,129.53029996947873,130.73031245386954,922800
2019-07-26,131.0879364013672,131.18331022873656,129.68924557234428,129.7846072733529,1374800
2019-07-29,130.0945281982422,132.13694662550688,129.9435307734892,130.88924127474502,582100
2019-07-30,130.70648193359375,130.74622001915768,129.22037211912013,129.44289084664467,517600
2019-07-31,130.53163146972656,131.89059625624267,129.9594370465998,130.53957423552887,751000
2019-08-01,123.78448486328125,130.77001849225965,123.64938511679485,130.24550503435438,1292300
2019-08-02,125.2627182006836,125.36603481979876,122.64811653433665,123.77660807089481,1038100
2019-08-05,122.35408782958984,123.42694370892087,121.40042199058688,122.93422525143691,1058300
2019-08-06,122.98979949951172,123.4109964878447,121.2811711224145,122.94211865198119,689100
2019-08-07,119.68385314941406,121.28916562403347,118.28514968464918,120.27193335494913,1140500
2019-08-08,121.48780822753906,122.19510252089827,119.9858007000072,120.66925456645015,561400
2019-08-09,121.59114837646484,122.53685924850002,120.66927793596298,121.16995125089078,506800
2019-08-12,119.09573364257812,120.3990629478502,118.81757914165858,119.77918755426728,498400
2019-08-13,120.25601959228516,121.61497251305734,118.26923638828649,119.23083266825894,570100
2019-08-14,115.04267120361328,118.60299484582221,114.35921740970679,117.80032680362531,869900
2019-08-15,114.9711685180664,116.43343803983142,114.613549968099,115.81356265285794,578500
2019-08-16,117.23609161376953,117.86390968986092,115.74996972245114,115.87712674147446,744900
2019-08-19,118.56327056884766,119.60434297612964,118.45995396690428,119.20698635494648,593200
2019-08-20,116.31422424316406,117.70497234084576,116.24270296560995,117.70497234084576,577800
2019-08-21,117.12483215332031,117.71291214466774,116.52084237665764,116.98973236810913,490600
2019-08-22,117.86392211914062,118.39637855029481,116.40165262525188,118.15796214607421,480500
2019-08-23,114.35923767089844,118.41228030364886,113.65194332729355,117.27584611870407,611100
2019-08-26,115.72613525390625,115.78177099997795,114.58970116958713,115.15394076520974,409300
2019-08-27,114.32744598388672,116.48112417713793,114.00956554178896,116.08376756133495,535600
2019-08-28,115.5036392211914,116.02021019169446,113.61222963119602,113.88242926885768,535300
2019-08-29,117.04536437988281,117.91159889644013,116.57648648116225,116.60032690812352,520400
2019-08-30,116.98939514160156,118.36563553621532,116.54130296070609,117.7895414364482,631200
2019-09-03,114.41287994384766,116.08518213913356,113.22065801884604,115.86114223781578,770300
2019-09-04,115.20503234863281,115.56509565268465,113.78077326379801,115.52509811499269,599000
2019-09-05,117.70148468017578,119.9578901126393,116.94934546626816,116.94934546626816,666200
2019-09-06,117.17339324951172,118.61365862726143,116.8933372393831,117.64547650383352,671700
2019-09-09,123.3425521850586,123.8306419359134,118.22162054433939,118.34964688767339,1000200
2019-09-10,124.09466552734375,125.99102023653069,122.27033325188755,123.95864214470359,770100
2019-09-11,124.0306167602539,124.29466638342787,121.91023492011799,124.29466638342787,874000
2019-09-12,125.45491027832031,126.78315582592717,122.57439144569473,123.54256145611966,830300
2019-09-13,126.77517700195312,127.66333985023152,125.0628644721229,126.01504048712786,612200
2019-09-16,127.71131896972656,127.83934527540812,125.33488408602733,125.89498391180852,543300
2019-09-17,126.51905822753906,127.13517395225014,125.04679278989146,127.07917009141647,568800
2019-09-18,127.57530975341797,128.15941305016554,125.32690092593009,125.9670081068394,560000
2019-09-19,125.5909194946289,127.55927178551153,125.32686985380147,126.59909904294008,589800
2019-09-20,125.06279754638672,126.7110960274248,124.87876742131866,126.0629798488862,1443000
2019-09-23,124.94280242919922,125.54291197441009,123.63056337870852,124.02263934357987,424600
2019-09-24,124.35869598388672,125.37488487256195,123.11047011584955,125.04682206617126,510200
2019-09-25,125.81494903564453,126.37504873859211,124.5587140790084,124.57472041602342,465300
2019-09-26,125.53491973876953,126.05500981425742,124.27869672461338,125.73495626153571,369200
2019-09-27,126.57513427734375,127.67933998345393,125.27890128965795,126.36708844328673,424500
2019-09-30,126.39911651611328,127.11124626025548,126.19108286599517,126.91920674604059,508100
2019-10-01,122.99848175048828,127.75934946608952,122.95847199638821,127.2552534248068,467700
2019-10-02,119.82184600830078,122.07826325935132,119.79784260854554,122.05424765033884,489000
2019-10-03,120.87008666992188,120.89409007990604,117.62949202017329,119.37381713768445,456200
2019-10-04,123.26254272460938,123.59060564519902,120.66206719121789,120.66206719121789,554400
2019-10-07,123.23849487304688,124.3826978347025,122.46235224774865,122.81441845418408,378200
2019-10-08,120.4219970703125,122.07830548182476,119.9339074243813,121.16612713860712,687000
2019-10-09,121.9582290649414,122.6783676559268,121.03005694816382,121.46214254460641,480600
2019-10-10,123.98265075683594,124.55075992865999,122.48638127572914,122.48638127572914,409200
2019-10-11,125.20684814453125,126.81514948888861,125.09482818799599,126.18302728402132,549300
2019-10-14,125.27886962890625,125.63893290012714,123.72658437906645,124.55873087720497,364400
2019-10-15,127.07921600341797,127.55129929649432,125.23887743684065,125.98300748769717,489100
2019-10-16,127.16719055175781,128.43142262362196,126.82313365213608,127.23120369316011,948300
2019-10-17,121.710205078125,124.11864007412159,120.26194281289983,121.710205078125,2015500
2019-10-18,121.80622100830078,122.7343932897362,121.31813146455104,121.4941645596253,1135100
2019-10-21,123.25448608398438,123.77458831635914,121.59819019108245,122.6943863184924,760900
2019-10-22,125.0948257446289,126.05499852607129,122.51835458538196,123.27850307123069,627900
2019-10-23,126.26306915283203,126.36707985352788,124.2146968935122,124.87881968543041,676500
2019-10-24,125.04682159423828,126.82314677182096,123.38251637338335,126.26304698818218,586200
2019-10-25,125.28690338134766,126.19906963320264,124.20670104211223,124.7508068500109,586500
2019-10-28,126.95118713378906,127.51128697948569,125.7589650121012,126.17504441573053,574000
2019-10-29,126.39911651611328,127.46331259835078,125.70299311713833,126.19108286599517,593400
2019-10-30,125.51092529296875,126.38308166426977,124.25468997986988,126.21505781033684,639900
2019-10-31,125.24684143066406,125.51089105264236,123.51852329185598,125.00679520984218,579500
2019-11-01,128.6074676513672,128.64747739461583,125.78295314949811,126.53509236923834,697500
2019-11-04,131.2639617919922,131.40798222038032,129.81569939665476,130.24777289107894,612800
2019-11-05,132.96824645996094,134.13646490453294,131.55199693670744,131.84804702756978,811300
2019-11-06,133.0242919921875,133.17632170794602,131.8320698821567,132.3041653703702,448500
2019-11-07,133.48837280273438,135.86480765151703,133.26433287571368,133.62439617204976,685100
2019-11-08,134.09649658203125,134.61659892926608,132.61623346127493,133.10432312383526,554900
2019-11-11,133.35235595703125,134.1364957399639,132.65622052684876,132.98428336791378,407900
2019-11-12,132.4081573486328,133.84842259795988,132.08810383067527,133.20030628807748,524800
2019-11-13,130.5678253173828,131.68803710211841,130.08774501757586,131.43198450814697,516000
2019-11-14,130.51185607910156,130.55186583368504,129.0315806243532,130.2718097608636,424500
2019-11-15,131.19993591308594,131.97607848211945,130.879882408215,131.16792323704368,530700
2019-11-18,130.39979553222656,131.05590890811882,129.96770985194175,130.69584564738753,669100
2019-11-19,130.32778930664062,131.12793533684493,129.78368365728676,130.99191197682134,453000
2019-11-20,130.39979553222656,131.2319420061224,128.87952300502377,130.39179846750244,698300
2019-11-21,130.455810546875,131.44799607407506,129.64766740738202,131.09592984799568,405300
2019-11-22,131.95208740234375,132.5281935323192,130.42380552395724,130.83187561216496,458100
2019-11-25,132.84024047851562,133.2323041991,131.7920511866742,132.28813779276493,585400
2019-11-26,132.61624145507812,133.1763413780248,131.7600791227247,132.04813225584908,990800
2019-11-27,133.4483642578125,133.72842027373932,132.4321753022974,133.26433407523052,568000
2019-11-29,132.6912078857422,133.68996833541675,132.42540516565566,133.27113885860032,227900
2019-12-02,132.5864715576172,134.32626417683065,132.41731993200625,133.50469339159378,673100
2019-12-03,130.2989959716797,130.78226358987422,129.24384753808857,130.78226358987422,619400
2019-12-04,132.09515380859375,133.49665559668708,130.3150856574577,130.5970009628104,821200
2019-12-05,132.94894409179688,133.40806121890438,131.86158276867388,132.29652483985944,457200
2019-12-06,133.89138793945312,135.3573285817126,133.8350122249251,134.89821125188726,474300
2019-12-09,134.3021697998047,134.55185999639934,133.4886487576215,133.4886487576215,521800
2019-12-10,134.5437774658203,135.51838762258575,133.68194329360045,134.2215989938415,440800
2019-12-11,134.06051635742188,134.80958687229253,133.73832557926124,134.4874083844534,629400
2019-12-12,138.5227508544922,139.00603087573458,134.4954583118773,134.54378385593722,677400
2019-12-13,137.0084686279297,138.635485626624,136.08218416221234,137.87030266125328,571600
2019-12-16,136.95213317871094,139.04633058334852,136.9118577881749,138.38584859146368,559300
2019-12-17,136.750732421875,137.57230346873192,135.65530845617255,137.3226133197657,731500
2019-12-18,135.4378662109375,137.34681155658916,135.3573277206493,137.20182260955266,628000
2019-12-19,135.63916015625,136.2432538249215,135.02701632984372,135.59083462920702,526300
2019-12-20,136.5332489013672,137.30649437277876,135.47005020478605,136.57352427941402,1071400
2019-12-23,135.88087463378906,137.0326869183043,135.3251061872342,137.0326869183043,315100
2019-12-24,136.3963623046875,136.3963623046875,135.49425256636806,136.29971120138853,125900
2019-12-26,136.799072265625,137.12931320893313,135.76808634190544,136.73463410910233,260600
2019-12-27,136.5655059814453,137.16959992212674,135.95334958908163,137.16959992212674,288400
2019-12-30,136.46080017089844,137.29848403206273,136.24332289862954,137.29848403206273,263300
2019-12-31,136.72657775878906,137.12125684075272,136.12248389534815,136.12248389534815,396800
2020-01-02,137.78976440429688,137.78976440429688,136.0821843625959,137.2178835739897,509100
2020-01-03,136.3802032470703,137.1695489281576,134.9142632633044,135.60695788271678,461900
2020-01-06,135.25253295898438,136.52515832856648,134.25376041454476,136.12242924795123,372900
2020-01-07,133.6175079345703,135.3734138274306,133.25505407343638,134.7370947400362,324800
2020-01-08,134.2941131591797,135.34926199190397,133.95582201138188,134.1974620570441,462500
2020-01-09,134.72097778320312,135.36534701016706,133.94774454310303,135.06733131245355,443600
2020-01-10,133.6980438232422,134.93039418817042,132.84424759803824,134.93039418817042,546000
2020-01-13,134.39073181152344,134.39073181152344,132.73953972124167,134.02826571853734,463100
2020-01-14,134.17327880859375,134.9223493164936,133.7544369460434,134.16522864808522,446600
2020-01-15,130.98365783691406,133.6980613496904,130.26680026079148,133.4403087293526,618800
2020-01-16,132.05490112304688,132.4979056974244,131.08030334973606,131.70049746354485,615200
2020-01-17,131.31385803222656,132.67508444654655,131.0883307045624,132.46566972523485,755000
2020-01-21,129.65464782714844,131.2655647289801,129.4774459847213,130.4842690483661,700900
2020-01-22,130.37957763671875,131.2011488373284,129.437192564103,130.04934895646113,991500
2020-01-23,137.22596740722656,137.58843358216802,127.59269015980773,132.47376694149958,1879400
2020-01-24,138.12808227539062,139.69872388875447,135.38951600742575,137.58842655645645,1282200
2020-01-27,135.3412322998047,137.41126717932733,135.33318213685027,135.57482221905926,1144800
2020-01-28,137.5159454345703,138.6838579643227,136.11445531499666,136.48495939406803,709500
2020-01-29,136.2030029296875,138.90128085026547,135.96941314099496,138.05554718040858,739300
2020-01-30,137.48370361328125,137.70118083419862,133.72221415900438,135.16397936435038,981100
2020-01-31,135.73582458496094,136.9037365623255,135.07534293591834,136.3801936280881,814100
2020-02-03,136.19496154785156,138.03140576572812,136.14663600901062,136.48492707121733,605200
2020-02-04,137.3548126220703,138.85296565755132,137.161498191895,137.83809255234902,523000
2020-02-05,139.37652587890625,139.6987166356383,138.58718003297392,139.4490264806214,402600
2020-02-06,137.84616088867188,140.14977258484012,137.74144735556217,140.14977258484012,359300
2020-02-07,136.88766479492188,137.2098555577652,135.76807801097337,136.35605925397113,568100
2020-02-10,135.9694366455078,136.81517046156347,134.8176369811207,136.36411570375256,646200
2020-02-11,136.41249084472656,137.33071330423869,136.04197442161734,136.7185690946722,479000
2020-02-12,136.59771728515625,137.77369221670767,136.41246525351767,137.37901308899524,340000
2020-02-13,137.40318298339844,137.46762114781248,135.8647540701112,135.88892913579926,375200
2020-02-14,136.750732421875,137.3226133197657,136.14663859425204,136.95209703108264,387300
2020-02-18,134.35047912597656,136.3560629082711,133.27921785516486,136.24329921083412,649100
2020-02-19,135.5264129638672,135.84860366716424,134.22962457260334,134.62430357527273,750300
2020-02-20,136.5493621826172,137.19373136357783,135.01899613186552,135.01899613186552,538900
2020-02-21,135.776123046875,136.08218886941904,134.73707486916476,135.68752213474716,826600
2020-02-24,131.982421875,133.5289006214242,131.36221542830802,133.4966876912223,799500
2020-02-25,125.61123657226562,132.09517923035625,125.53874826504772,132.09517923035625,1083800
2020-02-26,123.60564422607422,128.06787809276082,123.56536885037116,126.39252324413044,985100
2020-02-27,116.52568054199219,124.86218099191628,116.46930483756168,120.85098878459482,1429300
2020-02-28,113.93659973144531,115.45434355361294,110.69008040480594,113.63628827227906,1945500
2020-03-02,119.72348022460938,119.76406418231551,111.6071840627882,113.93656948268077,1320700
2020-03-03,113.00321197509766,120.21048845936951,112.54870127509632,119.1634914814727,1493100
2020-03-04,116.13607788085938,116.35522134313638,109.94335238023619,114.08265595905662,1159700
2020-03-05,106.80233001708984,112.3133016229519,104.5541250697909,111.25006888894335,1630600
2020-03-06,101.55923461914062,104.88691555985135,99.40030257165279,102.35463454752707,1354800
2020-03-09,88.14299774169922,93.2400320510813,88.14299774169922,91.11356587297587,1380900
2020-03-10,94.830810546875,96.73002725224725,88.67866216777635,94.15716260644697,1762200
2020-03-11,90.23698425292969,93.04522208386784,88.20791013876257,91.47877662004112,1314600
2020-03-12,83.01348114013672,91.78719583670835,81.99894405895154,82.86738755275633,1927400
2020-03-13,91.51123809814453,91.69791563215537,86.6333424311029,91.11354132493835,2085400
2020-03-16,80.78150177001953,87.11221580658794,76.78828519544221,77.94079786503887,1467100
2020-03-17,89.08450317382812,90.7889247945628,80.35136336151561,82.76190525312028,1772900
2020-03-18,87.45310974121094,89.87176923636723,81.64995551297415,82.2749139179925,1896900
2020-03-19,85.09124755859375,89.15751374453596,82.44533941942514,85.5619942308051,1339100
2020-03-20,80.15655517578125,86.63335705914538,79.9698776102499,86.63335705914538,1342000
2020-03-23,71.50459289550781,80.0672908106945,71.1312438848698,79.3855184752616,1387800
2020-03-24,80.1646728515625,81.30907384512514,73.67975246477285,76.29320141903499,1394400
2020-03-25,85.22113037109375,88.45141975165213,76.16333868508893,79.75885900462579,1560200
2020-03-26,89.85552978515625,90.67527757474734,84.1741214778888,85.86231286104389,1134500
2020-03-27,87.07975769042969,89.86364801482226,85.21300676559738,85.7081014145596,812600
2020-03-30,86.7632064819336,88.0374647209817,83.93873271667965,86.47913735709659,1145500
2020-03-31,83.94686889648438,88.3134349098611,82.46158490403923,85.46461882339347,978100
2020-04-01,77.80281829833984,80.8951252655941,76.65841752612408,79.50723931511992,899700
2020-04-02,77.70543670654297,81.43082077507167,76.39060037008679,76.80452711706681,793400
2020-04-03,74.402099609375,79.02839301867158,73.8177251835907,76.75582718334233,1138500
2020-04-06,83.42741394042969,84.14976384631157,77.81904998757364,78.89040089681082,1141700
2020-04-07,84.10107421875,90.84571524276288,83.68714132573766,89.149405899865,921300
2020-04-08,87.36381530761719,87.75340026543924,83.71959990139078,85.22111352020293,672200
2020-04-09,93.13451385498047,93.46728502490916,88.82476186203264,89.95292671966774,1221500
2020-04-13,89.89610290527344,93.01275782843157,88.65431051582003,93.01275782843157,731800
2020-04-14,88.77605438232422,92.31476037072139,86.96612361845987,92.08750504541494,833900
2020-04-15,81.93400573730469,85.07501452212327,81.64993661542658,84.88833698932197,725900
2020-04-16,78.15182495117188,81.98271814529816,77.66484836715857,81.64994699433909,889800
2020-04-17,85.61070251464844,85.87853560652167,81.17108711498133,81.49574022976694,1130900
2020-04-20,85.70808410644531,90.06653726654349,81.84472549532867,87.21771565051318,1208100
2020-04-21,84.92082214355469,85.78926576548986,81.50386149305298,82.51028688449183,903200
2020-04-22,84.45818328857422,87.50179461629712,84.20658006700026,86.8037925897599,590000
2020-04-23,84.05236053466797,85.90287505701174,83.24884895359607,84.48252323774442,630700
2020-04-24,85.26981353759766,86.32493461505507,83.04594991332202,85.17242193750464,679100
2020-04-27,89.53900146484375,90.07468011814224,85.56201410972149,86.27625231411947,656900
2020-04-28,90.73208618164062,93.93802106481449,90.47236492167902,92.95594985707707,721600
2020-04-29,96.226806640625,97.37120738750691,93.18319553795095,95.2609715947681,744400
2020-04-30,90.96747589111328,93.65396873722237,90.82138226911145,93.30496765089823,684800
2020-05-01,87.00670623779297,89.2873900332973,85.77303174926138,88.6380837600216,511400
2020-05-04,84.73414611816406,85.69186945932185,82.43723246718277,85.38344619499969,1096300
2020-05-05,83.3056640625,87.6884652679453,83.09463862655741,86.74697193238806,583800
2020-05-06,81.26036834716797,84.77472026602084,80.68411199930875,84.66109260262569,583000
2020-05-07,82.47781372070312,85.48084118396064,82.17750849748006,82.4859255594235,598600
2020-05-08,85.11561584472656,86.18696688885035,83.6303318858466,84.96952223906224,519400
2020-05-11,80.62728118896484,83.58973045628922,80.27828640682807,83.58973045628922,897800
2020-05-12,77.35643005371094,81.73111394265506,77.3158522812619,81.22790745703038,1054800
2020-05-13,72.62461853027344,77.0155313977992,72.15387188133577,76.69899635267548,970400
2020-05-14,74.97835540771484,75.895501004543,69.06157368203935,70.83092681616004,1155500
2020-05-15,72.33243560791016,75.30299686467254,71.88603682986533,74.03685661020752,861600
2020-05-18,78.36286163330078,78.85795631910398,75.51403922998537,75.74129458892898,1014600
2020-05-19,74.29658508300781,77.55933382277024,74.13425542416184,77.55933382277024,1053300
2020-05-20,78.01384735107422,78.15994094168879,75.48156051116942,75.55460421035517,1106100
2020-05-21,78.54141235351562,80.03481439278296,77.46194943480053,77.526875112143,1085100
2020-05-22,79.5640640258789,79.7345055316467,77.0317831490504,79.11767137522334,977900
2020-05-26,87.54237365722656,88.72735219114887,82.97290100324092,83.58973507257511,1268000
2020-05-27,91.63300323486328,94.28702988608005,89.14130006245567,93.49163617077389,1409300
2020-05-28,88.52445983886719,93.15074710702675,87.81833970120334,93.15074710702675,927500
2020-05-29,86.6304931640625,88.098106222585,85.72859965726518,86.71248177686311,983300
2020-06-01,88.98359680175781,89.31975824068473,86.38451966087104,87.1142289369518,795200
2020-06-02,86.90925598144531,90.41842116550366,86.08115660220511,90.41842116550366,1184100
2020-06-03,93.28807067871094,94.01778000246108,89.36895599466035,90.13146201620417,1116300
2020-06-04,96.66605377197266,97.07600310412239,92.06642176482625,92.71414246026247,1092700
2020-06-05,101.09349822998047,106.70160155976997,99.84724887536294,105.75872318944316,1479000
2020-06-08,104.45508575439453,104.86503506563209,101.84780788471049,103.53679704530359,1014700
2020-06-09,101.57722473144531,102.4873125674708,98.70757997955613,99.77345053238949,786400
2020-06-10,95.7231674194336,100.02763533336959,95.6821699847878,99.8226606708012,996000
2020-06-11,87.1388168334961,92.45176218620408,86.80266168099756,89.26235732931376,1245400
2020-06-12,89.33616638183594,92.73874741997788,86.7780800490309,92.73874741997788,1078200
2020-06-15,90.77916717529297,91.26290431040572,83.74443621432552,84.00680349640842,1275600
2020-06-16,92.86172485351562,95.23123150269936,90.5824075582037,95.23123150269936,1046000
2020-06-17,90.24622344970703,93.2962467287799,89.91006833310429,92.86170154483231,803200
2020-06-18,90.55780029296875,92.40257219237098,88.64744125786083,88.93440452447962,772100
2020-06-19,91.04975128173828,92.3615879239398,88.1883003732103,92.09922059549949,3473000
2020-06-22,88.96720886230469,90.81198092017334,88.72943749087305,89.67232223818316,967600
2020-06-23,88.93441009521484,92.0418268177143,88.77862734557945,90.75458615082464,616600
2020-06-24,84.38395690917969,87.72914448036424,83.98220837286468,87.17981395545786,714900
2020-06-25,86.20414733886719,86.49931136623054,83.24431258221239,83.62966596545512,789500
2020-06-26,82.36701965332031,84.65453769369765,80.90760102129394,84.19539644011554,1433100
2020-06-29,83.89202117919922,85.26945102285858,82.78515936410304,83.79363109917725,655500
2020-06-30,85.24485778808594,86.12214903313426,82.68677192381587,82.76876053212014,1024900
2020-07-01,83.06391143798828,85.73678218378893,82.96552762565734,85.67118880534906,528800
2020-07-02,82.47359466552734,86.35991841528109,82.06364537798343,85.71219779032214,582100
2020-07-06,83.57225036621094,86.00734979583342,82.85074197256787,84.64631534823923,762600
2020-07-07,80.79280090332031,82.89993984929538,80.45663950759604,82.51458654408142,771300
2020-07-08,81.153564453125,82.47359541612681,79.80892502283993,80.64522508002541,799500
2020-07-09,78.06254577636719,81.25195086348471,77.42302586249396,80.77640816920412,679500
2020-07-10,82.2932357788086,82.33422696111224,77.98876755108945,77.98876755108945,859200
2020-07-13,83.33448791503906,84.69552250722407,81.096168382071,83.3836798262117,763900
2020-07-14,80.62064361572266,84.00682311843235,80.16149607333443,82.89996108408717,1020600
2020-07-15,84.26099395751953,84.67914408229271,82.40802723858583,82.74418248198023,748200
2020-07-16,84.05599975585938,85.81878295574155,82.7687592341463,83.1541125679961,424900
2020-07-17,81.43233489990234,84.04781363468166,81.15357235724305,84.02321767566235,498900
2020-07-20,80.99779510498047,81.72750446360212,80.37467032778383,80.87480904620958,878800
2020-07-21,85.22026062011719,85.90077168916915,81.76028760300797,81.76028760300797,993800
2020-07-22,84.81031799316406,85.51543132955969,83.94122117427513,84.46595580759323,639600
2020-07-23,86.08936309814453,87.90953920450106,82.8425650119399,84.83491909385305,1227300
2020-07-24,86.19593811035156,87.59796397456485,85.76139285046048,86.72067271723853,741500
2020-07-27,84.36756896972656,85.5400242426578,83.26070708745738,85.50722754732676,763700
2020-07-28,84.31837463378906,84.89230744518876,83.72805285697353,83.90023082379436,574700
2020-07-29,87.58155822753906,88.09809203479472,83.26889033119596,83.85101752026067,988400
2020-07-30,86.72886657714844,87.13881584722785,82.99013123572959,85.2284507473787,956500
2020-07-31,86.86825561523438,87.03223909116454,84.58074398781102,85.90897573853039,1469700
2020-08-03,86.11393737792969,87.10601379989161,84.52333230610311,86.85184726977342,752200
2020-08-04,85.31865692138672,86.3927284745431,84.7939222525764,85.59742573281571,499600
2020-08-05,85.76139831542969,86.79447237527576,85.09728240462238,86.08935902946514,888500
2020-08-06,84.91690063476562,86.72067511387287,84.2937759261178,85.26945729494832,736000
2020-08-07,88.22928619384766,88.27028362474704,84.26917457362768,84.3757653918342,813100
2020-08-10,89.42634582519531,90.18885182263627,88.16370114903877,88.5162578200132,615400
2020-08-11,91.29570770263672,93.57502480588177,90.78737457491812,91.64006361276802,523200
2020-08-12,90.47579956054688,93.21426384377376,89.01638120983932,93.21426384377376,484200
2020-08-13,88.4096908569336,89.76252515480347,87.93414804223217,89.3689709706602,456900
2020-08-14,89.5411376953125,90.40203384608732,87.43399825313404,87.72916229023794,405100
2020-08-17,87.36837768554688,88.95078195975023,87.19619976000087,88.77860403420422,627000
2020-08-18,85.67940521240234,87.44218848458476,85.46622982114702,87.4257870093105,554300
2020-08-19,85.62201690673828,86.9584494642624,85.3022569312857,86.12215558738572,631200
2020-08-20,83.35910034179688,84.49875904823455,82.645792467531,84.375779246003,788200
2020-08-21,84.00680541992188,84.4577521285129,83.03932487221442,83.51486753666866,871300
2020-08-24,86.76988220214844,86.81907412316822,83.95762936945405,84.12160660974048,680700
2020-08-25,86.86825561523438,88.36867157951292,85.32684847347079,87.97512374794051,659200
2020-08-26,85.05628204345703,86.36811859913786,84.99069490717058,86.36811859913786,484800
2020-08-27,86.80267333984375,87.4257918172737,85.07268666773959,85.35964994752054,564600
2020-08-28,87.23721313476562,87.72915104845734,86.39271856945103,87.72095031088566,426100
2020-08-31,85.54714965820312,87.22892968711858,85.46430456567695,87.18750398051779,703600
2020-09-01,85.79569244384766,86.93068990487477,84.2630359756252,84.71869350540732,540500
2020-09-02,86.25961303710938,86.89752708550256,84.56954691218782,85.3980103271097,692700
2020-09-03,85.93650817871094,89.88827567377966,85.27373495422917,87.17091683061746,795700
2020-09-04,87.73428344726562,89.1343824248394,85.53885396986064,88.10708948351329,656100
2020-09-08,84.71868896484375,87.2123598340347,84.17189995841079,86.86440664121861,855100
2020-09-09,83.80738830566406,85.24062692227467,83.21917353485951,85.24062692227467,695000
2020-09-10,82.05931091308594,84.93407390352034,81.8107693387237,84.37071847955075,1244600
2020-09-11,84.22161865234375,84.37902244957712,82.0179022843154,82.52326562222638,969600
2020-09-14,86.35904693603516,87.68458747858953,84.68555318618698,85.01693990199455,864200
2020-09-15,85.96139526367188,86.35905430000928,84.25475574397161,86.29278200773732,732900
2020-09-16,85.54714965820312,88.14852475171257,84.89266268209815,85.83711064238244,1447600
2020-09-17,84.85123443603516,85.61341937754564,84.0973358997319,84.63583846604864,813700
2020-09-18,84.32101440429688,85.70454693866188,83.94820835586196,84.28787510566434,1614100
2020-09-21,80.04613494873047,83.23571773336566,79.0354086024877,81.84389898652998,996600
2020-09-22,77.13823699951172,80.69234617340082,76.5251757792303,79.88044916221064,1154800
2020-09-23,75.27418518066406,79.4413550797161,75.19962018776393,77.46132805539783,1124700
2020-09-24,74.61143493652344,76.45062526661121,73.73326548260539,75.63873442222405,1213100
2020-09-25,75.63872528076172,75.96182556233082,73.3024583028984,73.87409385915703,915000
2020-09-28,78.05784606933594,79.01886061603072,76.24350865426491,77.04711940561009,831600
2020-09-29,75.49787139892578,77.61874211426066,74.68598076313992,77.61874211426066,1049300
2020-09-30,76.293212890625,77.19624153689172,74.84340153360512,75.58073998162564,1551500
2020-10-01,76.39263916015625,77.24595578377041,75.18308288272799,76.40092556717795,864200
2020-10-02,77.4862060546875,78.64605645698583,74.93453643376641,75.01738785731901,990800
2020-10-05,80.84973907470703,80.97400984715513,78.3974882024722,78.50519248824179,1225700
2020-10-06,81.5622329711914,84.37072386567121,81.32198410682545,81.7776352613447,1359400
2020-10-07,84.21332550048828,85.25719139755542,82.38242171826752,82.47355321916012,971500
2020-10-08,84.32101440429688,85.29860159159443,82.69722669535219,83.81565116133183,812700
2020-10-09,83.98135375976562,84.90922890623153,82.89606219284514,84.90922890623153,586900
2020-10-12,85.5802993774414,85.72113668394823,83.50085380231404,83.67483041400062,809400
2020-10-13,82.64752960205078,85.48915997180501,82.08417410738397,85.36488916902876,644900
2020-10-14,81.02375030517578,83.76596305905791,80.94089888076473,82.74694995315879,683300
2020-10-15,83.69139862060547,83.71625784050664,79.90531983556099,80.61779910982986,517000
2020-10-16,82.93749237060547,84.039350487112,81.3716966558544,83.76595597928544,576700
2020-10-19,81.15629577636719,83.62512015478845,81.02374488339653,83.38486494556106,508000
2020-10-20,82.36583709716797,84.55298016364539,82.35755701331082,82.52324717989939,841200
2020-10-21,82.04275512695312,83.42628792030992,81.68651550081039,82.1670259399194,1004100
2020-10-22,86.72357940673828,87.36978007426127,79.88875395756206,82.34929213057372,1279700
2020-10-23,87.91655731201172,89.32494286857158,85.70455475153582,87.60173710664091,1456000
2020-10-26,85.55542755126953,86.98867226589036,84.22160705821378,86.84783498013621,712700
2020-10-27,82.26644897460938,84.91753031973539,82.20845676770588,84.8015459059284,752500
2020-10-28,80.17872619628906,82.0427697612518,80.01303596322994,80.56810519672297,995900
2020-10-29,82.46525573730469,82.95404615764548,78.43063630547367,79.53249425323565,702300
2020-10-30,85.81224822998047,85.88680690878273,82.19186056994701,82.49010792650547,1012000
2020-11-02,87.85028839111328,89.01841887993702,85.3814638715657,86.98868541518648,1259100
2020-11-03,91.13929748535156,92.06717282564188,89.25868126261356,89.64806023034684,1704900
2020-11-04,81.54566955566406,88.52961771281818,81.49596376401453,88.44677261984381,2235100
2020-11-05,85.79569244384766,86.3756207836318,81.2557152410911,82.01790027211213,1104600
2020-11-06,82.0676040649414,86.65729327209067,81.31370545850004,86.01937906664028,828700
2020-11-09,102.66321563720703,103.87277182712073,91.66121920010198,91.66121920010198,3062500
2020-11-10,102.66321563720703,104.53554528601849,100.59205647899671,101.79333258316439,2048000
2020-11-11,98.00725555419922,103.16029431770755,97.09594045261578,103.14372782525888,1092300
2020-11-12,95.38101196289062,97.2284885714133,94.03061857075387,96.1100639758963,1279900
2020-11-13,98.44633483886719,99.415635770669,96.36688935420811,96.36688935420811,1044000
2020-11-16,105.14859771728516,105.19830983092962,102.08328495114384,103.56623554124565,1354200
2020-11-17,103.53309631347656,104.20414980174104,100.86544253051942,102.53065612360504,976200
2020-11-18,100.9814453125,105.59598811658587,100.97315890526542,104.08818435440728,1019600
2020-11-19,99.79672241210938,100.14467559987618,97.65928485181233,100.14467559987618,1065600
2020-11-20,97.83325958251953,99.50675952725668,97.07936102338232,99.11738063950074,1046100
2020-11-23,98.45458984375,100.27721316098528,98.18948180205614,99.84640864281133,968900
2020-11-24,102.45608520507812,103.20170366052746,100.29379484461272,100.9731346994276,1747100
2020-11-25,101.3210678100586,101.89270320982912,99.87953706464937,101.38734007276156,1490300
2020-11-27,100.22752380371094,102.19097838654613,99.43219322761593,101.02284805913062,539400
2020-11-30,97.39325714111328,101.32276836772951,97.22604661175635,99.90981579357396,1832200
2020-12-01,101.07195281982422,101.70736435463996,99.88474139902436,100.50342805260449,1457000
2020-12-02,102.84441375732422,103.32932687509107,99.1072001401046,100.32785494313866,1055400
2020-12-03,104.36604309082031,105.48636764013105,100.85456466174423,102.96145299492441,1058600
2020-12-04,107.0331039428711,107.08326582938076,104.26572292807758,106.02145912132207,1304100
2020-12-07,106.3475112915039,107.11668989219118,105.25226771055414,105.94620349056814,622500
2020-12-08,105.46965026855469,107.25882331493999,104.10685959993148,104.87604460684597,622500
2020-12-09,107.13341522216797,108.66341636901944,105.85423623596093,106.75718835987384,751200
2020-12-10,106.99966430664062,107.76883664853122,105.36097033163232,105.67867930045006,611600
2020-12-11,105.21047973632812,106.35589177067814,104.03999313617314,105.16031784737108,690700
2020-12-14,104.30752563476562,107.42605251925762,103.52998452374082,107.36752181518152,648700
2020-12-15,105.89604949951172,106.31408221085607,103.78916106227938,105.68703314383956,687900
2020-12-16,106.17195129394531,106.38933010021789,104.08178763775243,106.02145925555249,954000
2020-12-17,105.20210266113281,106.59833024006248,104.1653770528207,105.86259504139427,911700
2020-12-18,103.44637298583984,105.72046547700306,102.4932525777025,105.28571428302746,1872300
2020-12-21,103.70555114746094,103.9480108746139,100.23587852308577,103.01997778673187,1389200
2020-12-22,101.28096771240234,104.34097030937322,101.21408094577855,103.85605081936038,925300
2020-12-23,105.01818084716797,105.25227815071311,102.11703273821985,102.11703273821985,576600
2020-12-24,104.47472381591797,105.03488606120106,103.11193961201901,105.03488606120106,243400
2020-12-28,105.09342956542969,106.48966378183904,104.17375880195524,105.24392160881085,347800
2020-12-29,103.51325225830078,105.19374545166251,103.25407403267336,104.95964816675095,477400
2020-12-30,105.04325866699219,105.42784799405025,103.48817647833356,103.48817647833356,516000
2020-12-31,106.43113708496094,106.69867778072302,104.12359459734216,105.22720076469491,531200
2021-01-04,106.02981567382812,108.34571406673311,104.8844037589702,107.54309841245679,936400
2021-01-05,107.42604064941406,108.18685041691606,104.92620067806546,105.54488724663295,767800
2021-01-06,116.89028930664062,117.64275574234347,111.0127511799916,111.12979981345504,1386900
2021-01-07,123.3614273071289,124.68241190215065,118.94700391084147,121.31307004394912,1597800
2021-01-08,120.59407043457031,122.9434120221792,118.1861981490534,122.33308788996088,915700
2021-01-11,122.65076446533203,122.85978076904163,118.26142208743016,118.88011493905401,635100
2021-01-12,125.11720275878906,126.2458963389305,122.46687653209192,123.57048916666112,1041100
2021-01-13,122.65914916992188,125.05029650437307,121.06226134097716,123.97176509341996,1059700
2021-01-14,124.87471008300781,125.80274304928518,123.32798422009766,123.92995223916101,628700
2021-01-15,121.03716278076172,123.4199409503861,120.29306526179695,122.39158432470279,653500
2021-01-19,122.23274230957031,122.751111462087,120.76127199827819,121.53880659103746,883200
2021-01-20,120.16765594482422,122.32470584106792,119.46536418995699,121.7311066520766,760100
2021-01-21,120.81978607177734,122.05717184126877,117.65946041108663,119.29815393312865,1020800
2021-01-22,119.69113159179688,121.08735934734419,118.269822893608,119.41522846539345,802600
2021-01-25,117.08257293701172,118.18618519939916,114.18143823296971,117.58421719397754,1086500
2021-01-26,114.7416000366211,118.49552486189118,114.64963234839936,118.09421711207972,644900
2021-01-27,111.05457305908203,112.96080122681246,110.50276681122688,112.44244474041004,1238900
2021-01-28,114.83358764648438,115.56096046120614,111.43079534929828,113.48752184390727,888500
2021-01-29,110.75358581542969,114.88375097947448,110.15161770001086,114.20654003896473,835000
2021-02-01,111.1548843383789,112.02439943559791,109.76701281300471,111.60636676583542,592600
2021-02-02,113.77179718017578,115.06770128408797,111.7485201582114,112.99424961488951,554500
2021-02-03,114.85867309570312,115.02588363058324,112.71834763160712,113.3453967054171,678500
2021-02-04,117.88522338867188,119.0975156876536,115.31849644384644,115.59439956138228,757700
2021-02-05,117.38359069824219,119.20622011587017,117.00736377598986,119.18113917154315,540500
2021-02-08,119.47373962402344,120.22620613255435,117.29160843677111,117.67620413099965,525700
2021-02-09,119.60752868652344,120.10917309071085,118.46212303102364,119.47375514442717,607700
2021-02-10,119.85833740234375,121.72275969014515,119.20620740468505,120.58571022496022,560000
2021-02-11,118.89688110351562,120.10917353454327,117.34179875360479,119.48212440566547,666400
2021-02-12,118.91358947753906,119.96704014552787,118.26145942466351,118.74637893324861,696100
2021-02-16,124.29783630371094,125.07538372710574,119.90013707574606,120.31816975831346,764800
2021-02-17,123.90489196777344,125.17571497079686,122.80129225364858,123.73768143622068,582300
2021-02-18,122.68426513671875,123.88818882959276,121.55557152529855,122.48360480923239,561000
2021-02-19,125.38472747802734,125.9114527557382,123.48685547189456,123.48685547189456,605000
2021-02-22,129.81588745117188,130.4429365457126,124.57375344875452,124.95834917330528,1917200
2021-02-23,133.25209045410156,133.6283172844077,128.34437851017694,131.45454242010388,1706600
2021-02-24,135.55130004882812,136.93080298477605,132.8591681887162,134.30555789379477,1235900
2021-02-25,131.01148986816406,137.71674021243305,130.61853797688542,137.64149736278816,945700
2021-02-26,127.08784484863281,130.278927867943,126.49846428606622,130.09369214148882,1285000
2021-03-01,129.85794067382812,131.73555619860684,128.92334690218863,129.82426729042766,888400
2021-03-02,130.17787170410156,131.4913518233671,129.15066025749024,130.5146568663382,776100
2021-03-03,131.20510864257812,134.12676610136344,130.43049234090913,131.48296223679628,1238100
2021-03-04,128.81390380859375,132.7796032951582,126.39742412216594,131.0198766622875,722800
2021-03-05,131.6429443359375,133.19217699363816,126.29639193820674,132.01340296036156,958100
2021-03-08,134.01730346679688,136.18960284679906,132.3249365202112,133.74787785749243,852000
2021-03-09,128.84756469726562,131.75237884181192,128.62865559899927,131.44085188513827,1153600
2021-03-10,131.86181640625,131.87865951775186,129.15906872527714,129.15906872527714,844100
2021-03-11,130.9861602783203,132.75430146505366,129.563219349871,130.3462505509538,690900
2021-03-12,132.66171264648438,135.11186544925658,131.55031120707682,133.95836264791373,658600
2021-03-15,130.7588653564453,132.61962497933564,128.97386763681104,132.25758149387607,928000
2021-03-16,128.51922607421875,129.54643790153352,126.96156521463325,129.0665053775676,778900
2021-03-17,128.68760681152344,131.21353477334492,127.33202495811122,130.15264965449214,957000
2021-03-18,130.8262176513672,135.6254776457614,129.60534233515594,130.7167566746643,1321600
2021-03-19,128.03929138183594,130.3631404240708,126.86051732031365,129.03281685540725,3083900
2021-03-22,125.80806732177734,127.71935666610985,123.69471193586531,127.18049247600493,1008800
2021-03-23,123.40839385986328,125.95957939622771,122.75164094440903,124.32614435894502,874800
2021-03-24,124.41879272460938,127.938246113536,124.30091660267246,125.42074618484013,1015200
2021-03-25,128.46029663085938,128.89811494202408,122.56646407368368,124.35986438690021,619800
2021-03-26,130.6241455078125,131.27247057242047,128.8223175281824,130.32103365855076,810400
2021-03-29,126.74263000488281,129.51273788439798,125.21865569584868,128.80546837093786,764100
2021-03-30,129.55484008789062,130.13580557039785,126.92787913832811,127.94667572827372,741400
2021-03-31,127.65196228027344,129.82426156854572,127.62670403195312,129.08331869106402,1280800
2021-04-01,128.96546936035156,128.97388449569485,126.71739486034727,127.31520350562704,995200
2021-04-05,128.99911499023438,130.76725642086066,128.4855092502006,130.39678502181587,888500
2021-04-06,128.83912658691406,129.18432686347725,126.70892907097247,128.84754171889327,872200
2021-04-07,129.82424926757812,130.3462701467789,128.55285760077098,129.8663506266336,577100
2021-04-08,128.7044219970703,129.65585876741926,127.01205525504056,128.62021927760307,1174200
2021-04-09,129.3527374267578,131.0451040440101,128.54443506107404,130.026307742709,1088900
2021-04-12,131.53346252441406,132.05548341722337,129.36957851835763,129.86635401211274,1022700
2021-04-13,130.1021270751953,130.80938378806883,128.72128703445173,130.3294513309189,1081800
2021-04-14,130.9861602783203,132.37541498557715,129.62215096566425,129.7316119132462,829200
2021-04-15,129.57164001464844,131.00299613575618,127.16358899771488,130.5651780217898,1316400
2021-04-16,129.54635620117188,132.19857399479397,128.78858335943045,131.72706975126357,1136900
2021-04-19,130.48939514160156,131.41557358434827,128.27500770626546,129.54638643446316,1541200
2021-04-20,126.01850128173828,130.0010427392498,125.96798479542142,128.9991024497295,1261200
2021-04-21,128.81390380859375,128.9317799264049,124.45246175451587,125.54703304706669,845300
2021-04-22,125.53019714355469,128.79706809278701,125.45442238793657,128.79706809278701,1001400
2021-04-23,128.92337036132812,129.5716955256694,124.72191803896239,125.38707347429997,1076100
2021-04-26,131.0535125732422,131.3313660959611,129.53796659118197,130.24522309581403,717700
2021-04-27,132.0049591064453,132.04706046410496,129.9084348312879,131.06195036301574,838600
2021-04-28,131.69345092773438,133.84890713235217,131.10407037921112,132.89747027346525,735500
2021-04-29,134.90135192871094,135.4486310119283,133.3942081836471,133.56261360697243,703600
2021-04-30,132.77114868164062,134.85924479663225,132.27438610768604,133.60469639276084,774200
2021-05-03,132.61117553710938,134.21935224131576,131.6765819765657,134.12673439846802,542900
2021-05-04,134.6319580078125,134.64038599028112,130.46417935419996,131.73557134367448,787200
2021-05-05,135.33921813964844,136.1306647366943,132.99009805647958,134.7161513147059,851400
2021-05-06,136.85475158691406,136.87159470154063,133.78154481547182,135.93700097651464,647100
2021-05-07,137.3683624267578,137.6462160144115,133.59631400632466,134.34567204059093,796500
2021-05-10,137.13262939453125,140.11323168100492,137.10737114189456,138.5892571500973,934100
2021-05-11,136.4001007080078,139.49015083049142,135.62548439383914,136.26538147575246,1013900
2021-05-12,133.1332244873047,139.08600023539722,132.8132823833319,138.34505733613537,802600
2021-05-13,138.65660095214844,139.13653343702293,132.4343988512262,132.4343988512262,1120100
2021-05-14,140.45838928222656,140.82043265827085,138.38712345389158,138.76600994086536,787900
2021-05-17,140.8373260498047,141.08992141380986,138.96813834271376,139.76801295578525,656100
2021-05-18,138.28610229492188,141.67926355163806,138.25241607018555,140.20580598391905,635000
2021-05-19,136.5685272216797,136.98110015503985,133.96682403471374,136.98110015503985,1016300
2021-05-20,135.33078002929688,137.27574226273208,134.46354589791696,136.62743008327527,677300
2021-05-21,136.7789764404297,137.5704358076343,135.54127089342362,136.19801103907596,525100
2021-05-24,136.0464630126953,137.14103421639095,135.2044871402421,137.14103421639095,585800
2021-05-25,132.4175567626953,137.1241990801554,132.02182705181434,135.93700994751242,848700
2021-05-26,132.77960205078125,133.58790459929176,132.0049857342058,133.3689826343133,772200
2021-05-27,134.95188903808594,136.18959457298143,134.23620442218268,135.62547229172455,1552600
2021-05-28,136.23207092285156,136.6814008761355,133.9091098362722,135.11297621453437,728700
2021-06-01,137.40199279785156,138.48716818568488,136.72375494637797,137.50372394786373,735200
2021-06-02,137.7665557861328,138.59739046962932,135.6470703125,137.34265869140626,824200
2021-06-03,138.19894409179688,139.36890436462062,137.08833562936366,137.53766557315245,678700
2021-06-04,136.7238311767578,137.9870367814128,135.56234384251698,137.85139948454233,515400
2021-06-07,135.4097137451172,137.21551983861198,134.58735219600646,137.21551983861198,564900
2021-06-08,136.02011108398438,136.63052397684388,132.78153085040685,134.18887240540587,738400
2021-06-09,133.6632537841797,134.92645902461618,133.1121797218604,134.7738622585156,626500
2021-06-10,130.467041015625,135.748794939439,130.24661919405287,135.748794939439,1198900
2021-06-11,131.5268096923828,132.13722263492676,130.67054209012946,131.026614150561,575600
2021-06-14,129.3395233154297,131.72182372551228,128.44933652749438,131.48444230690515,617100
2021-06-15,130.84005737304688,131.78958257003848,128.59339537731492,129.48358171764983,567300
2021-06-16,131.90829467773438,132.9849969192458,128.3560349582781,129.81424199733382,841400
2021-06-17,125.86355590820312,133.25631079842367,125.60072879107841,133.25631079842367,1405600
2021-06-18,121.21765899658203,124.75296065530368,120.85311355595127,122.99803269467459,1919400
2021-06-21,125.17679595947266,125.54135415596265,122.48081688203386,122.69276541087571,999300
2021-06-22,124.73597717285156,125.59224474281281,123.79492499994541,124.90553344242721,601000
2021-06-23,124.30359649658203,125.51594907607617,124.0916479209508,124.71054707594038,657200
2021-06-24,125.34638214111328,125.99070109915449,123.48971070669829,125.041175700712,1084500
2021-06-25,128.29673767089844,129.31408843949475,125.38879593518135,125.94834338562023,1192700
2021-06-28,124.63423156738281,127.7541212226791,123.93056076758415,127.66933662075098,894600
2021-06-29,123.65081787109375,126.55874644088206,123.18452836587986,125.77030386177883,661500
2021-06-30,123.1929931640625,124.30360167684363,122.76062270882927,123.20995267298781,1025100
2021-07-01,124.86312866210938,125.15986180644681,123.69316852722935,124.6935724094792,977900
2021-07-02,123.71861267089844,125.35486235289059,123.36254062680756,125.01574981651282,715400
2021-07-06,120.03921508789062,122.91323780423225,119.13208173803207,122.72672198719276,1013500
2021-07-07,119.96288299560547,121.06501807682068,118.75901674687641,118.88618070626872,964000
2021-07-08,116.61408996582031,118.6487907869954,116.00367713220531,117.59753430179028,916100
2021-07-09,120.66654968261719,120.84457921975712,118.00447641991784,119.04725966067596,1134000
2021-07-12,121.38722229003906,122.27740919022672,118.05539578538541,119.17449084535131,772300
2021-07-13,119.68311309814453,121.31087651092795,118.64880307497272,121.31087651092795,698300
2021-07-14,118.73355865478516,121.17519670903629,116.91927991494019,119.91199186053056,798300
2021-07-15,119.70008087158203,120.38679219386346,116.59715058778526,117.18213073234043,868100
2021-07-16,115.99520874023438,120.2935186105683,115.63912379201258,120.2935186105683,934600
2021-07-19,111.2306137084961,114.4013691654638,110.39977888577216,113.18054325826094,1098000
2021-07-20,114.48611450195312,116.30039343662602,110.49301136333894,110.75582547584627,1013000
2021-07-21,112.79903411865234,114.39287860477714,110.21325891830612,111.10344551990917,1691600
2021-07-22,109.35699462890625,112.57860271456228,108.924611243954,111.91732417602744,1333800
2021-07-23,109.64521789550781,111.72231095535527,108.90764113186822,110.5693104052214,1020700
2021-07-26,112.12077331542969,112.39207364554696,109.9673819244489,110.08607258479726,1157100
2021-07-27,113.57052612304688,114.63026896075093,110.30651300839278,111.06104939138552,1311700
2021-07-28,113.99443817138672,115.3085091130012,112.18863200007497,114.00291145812385,1024800
2021-07-29,114.647216796875,116.249547467709,113.68921805771471,115.51197058414998,1040400
2021-07-30,113.47726440429688,115.83413136086557,112.87532480082744,114.52852098456253,905400
2021-08-02,113.06182861328125,116.78364442261856,113.00247681321925,114.00288063932979,835000
2021-08-03,115.50350189208984,116.07152252959895,111.30690969252927,113.9266039520218,792700
2021-08-04,112.7820816040039,115.21524725445798,112.74817552190488,113.62987595594639,765400
2021-08-05,113.92657470703125,114.36741832260178,112.68878963547085,113.89265569887273,739600
2021-08-06,116.97865295410156,118.52164477716346,115.25763157380287,116.24954934449367,958400
2021-08-09,117.41104125976562,118.8522890315508,115.27459592889082,116.19021535640859,775400
2021-08-10,118.6996841430664,119.64922262661291,116.61411725378152,117.04648772197098,586100
2021-08-11,120.93782806396484,120.96326085308482,118.11468498115327,118.62335369986454,1089300
2021-08-12,120.0731201171875,121.42111005352476,119.31858364939663,121.1837286661062,543900
2021-08-13,118.64033508300781,120.58177831628481,118.29273631918555,120.0307172019826,441400
2021-08-16,117.91123962402344,118.67424936367986,116.14782582555502,117.82645501458822,546700
2021-08-17,117.08040618896484,118.13166291521114,115.67306444786998,116.80063249804971,635100
2021-08-18,115.9612808227539,118.02990058325462,115.55434325986731,116.34278559647959,595500
2021-08-19,114.16397857666016,115.40175095648183,112.84989488155902,114.206370877079,982300
2021-08-20,115.04566955566406,115.07958856776426,113.16356540979885,113.86723614328113,835400
2021-08-23,116.08001708984375,116.9532443576076,115.49503683669153,116.00371869238484,534400
2021-08-24,117.6653823852539,117.89429050184464,115.81719675083265,116.0206720696151,841600
2021-08-25,120.06458282470703,120.84455175679541,117.55511981473747,118.53856396505711,1470100
2021-08-26,118.48768615722656,120.63260396719994,118.31812994252189,120.63260396719994,631600
2021-08-27,120.53938293457031,120.83611610319069,118.55554745019462,118.75054944617438,477000
2021-08-30,117.81797790527344,120.59874224516,117.56363702153564,120.48852484373352,787400
2021-08-31,119.646728515625,120.27056559670109,118.0059777929394,118.0059777929394,1218400
2021-09-01,118.97164916992188,120.24494617638398,117.80944895395488,119.9031149131411,1124900
2021-09-02,119.02290344238281,119.87746191801138,118.24525210007423,118.68108526794241,1835700
2021-09-03,118.74943542480469,119.87744567927854,117.71541407197172,119.50999184350718,660700
2021-09-07,118.28797912597656,120.49274149249743,118.18543628458907,118.83489601258837,770800
2021-09-08,117.29669189453125,118.53581211818086,116.64723214604327,117.7752555950002,653600
2021-09-09,117.88634490966797,119.09981644006743,116.59596624216171,117.00615067959282,767900
2021-09-10,116.01486206054688,118.87763836967369,115.94649581297803,118.87763836967369,584100
2021-09-13,117.45904541015625,118.80070831073186,116.66431238461216,117.48468111810762,894900
2021-09-14,114.22882843017578,118.03161099080019,113.45117709768647,117.21124216669087,999000
2021-09-15,117.29669189453125,118.05724841771189,114.23737098119575,114.56210737520351,830800
2021-09-16,117.51033782958984,118.97163864163672,116.29686629140382,117.98890155577983,818000
2021-09-17,117.54449462890625,118.73233012265928,117.08302585318948,117.08302585318948,1694000
2021-09-20,114.45956420898438,114.664649897653,112.30607320127113,114.51937652167022,852600
2021-09-21,113.98956298828125,115.55340667929386,113.18627587534847,114.8868520620791,548400
2021-09-22,116.64722442626953,117.7752478005733,115.08338095163569,115.63885174881013,738300
2021-09-23,121.3045654296875,122.49240111502614,117.93760315972028,118.30507006183926,858300
2021-09-24,122.42405700683594,123.26153380048355,121.03967628519703,121.50968611029946,668000
2021-09-27,129.23487854003906,130.61071824913378,124.15879895444081,125.20136136950777,1572700
2021-09-28,129.14939880371094,130.5166842467843,128.20083857829565,130.32013949075042,1394900
2021-09-29,130.73890686035156,131.64473676498136,128.29486908015807,129.50834055990063,810900
2021-09-30,127.61976623535156,132.2087543542006,127.5172233856102,131.8241925886141,1453000
2021-10-01,130.57652282714844,131.75580452246024,128.13248534334858,130.1663384565846,955600
2021-10-04,131.3029022216797,133.10602109466402,130.37999055925258,131.11489831723375,1151600
2021-10-05,131.4396209716797,133.82384612916712,131.29434761333678,132.81546047072243,987600
2021-10-06,130.09796142578125,130.43977953296536,127.12408912727466,130.31160100265254,993100
2021-10-07,131.3370819091797,132.4736461400976,130.53379493097256,131.37981243686596,583600
2021-10-08,131.3798370361328,132.67875665222326,130.4483583004589,130.74745901073942,783100
2021-10-11,129.44850158691406,132.66164948657322,129.3032282249972,132.15745012518386,722300
2021-10-12,128.77340698242188,129.89287639662118,128.13248818441224,128.867408927711,620500
2021-10-13,127.52572631835938,128.44865080990644,124.52623150047471,127.85900352034656,816700
2021-10-14,129.055419921875,129.13232705238303,127.36338481353604,128.7306835403606,961900
2021-10-15,129.14939880371094,130.9610582095574,128.26065087816477,130.65341670294907,659300
2021-10-18,128.901611328125,130.33727650359378,128.18378526015508,128.56833400802975,564300
2021-10-19,129.58526611328125,129.58526611328125,127.8932437294179,129.35453163926778,975500
2021-10-20,137.07972717285156,137.25917714924688,129.2177918641748,129.58524574695494,1314700
2021-10-21,136.52426147460938,137.27627712840865,133.53330672003415,136.78063163290713,1577600
2021-10-22,136.62681579589844,138.89993147328443,135.3449780586275,136.68662810974996,997600
2021-10-25,135.8748016357422,137.31045365820304,135.105704200785,137.31045365820304,849700
2021-10-26,132.7812957763672,135.80642694383536,132.54202045417318,135.80642694383536,1074000
2021-10-27,127.4232177734375,131.90964987438477,127.16684761690637,131.88401416268442,1442900
2021-10-28,126.53443908691406,127.93591401503818,125.9960632476116,127.55990632025699,1232600
2021-10-29,125.72259521484375,127.24370773142725,125.1244070970058,126.79079293938402,1280400
2021-11-01,130.49966430664062,130.69620915580722,126.91906128124721,127.35488152232037,922600
2021-11-02,131.4481658935547,132.2941702776712,129.3801233024309,130.1663284247478,1059600
2021-11-03,136.1568145751953,136.89173544566862,130.61072492246484,130.90127169835395,1222800
2021-11-04,131.7472686767578,135.58424063689083,130.47397194996785,135.5073335093769,960800
2021-11-05,132.53346252441406,134.413488444709,131.71309374151616,133.1658404508565,735300
2021-11-08,133.81529235839844,134.4134806109666,132.6701872692643,133.32820086685223,845900
2021-11-09,132.12326049804688,133.22563497778054,131.1063340253831,132.62744677019154,659200
2021-11-10,133.6443634033203,134.29382297523992,132.08907417809672,133.01198560784206,748100
2021-11-11,136.0627899169922,136.66097819095904,133.12310692546777,133.47347900005065,815300
2021-11-12,136.6182403564453,137.43008122718916,134.89204186382065,136.15678458107183,1067000
2021-11-15,136.9088134765625,138.6606478477953,136.45588550677678,137.03699202681423,899000
2021-11-16,137.08824157714844,138.10516804533785,136.0627742201471,137.20787921813985,853600
2021-11-17,137.72915649414062,138.02825710810524,135.5671250877836,137.0027897794794,916400
2021-11-18,136.2337188720703,139.0281289077097,135.99444352756285,138.63502624771695,1160600
2021-11-19,134.4818878173828,135.91755310046906,132.03784960696962,134.39643977785488,913800
2021-11-22,137.9001007080078,139.42121379192972,136.02861551027084,137.0113656071037,806800
2021-11-23,138.31027221679688,139.51518956329997,137.9428053509151,138.79736368888845,946400
2021-11-24,137.9855499267578,139.42120182177297,136.77207852801118,137.96845510719047,576900
2021-11-26,131.59347534179688,132.58475334623773,129.17507308913466,132.33693710500967,956700
2021-11-29,131.0508575439453,134.28062031972112,129.85369266740193,133.67773389663066,1053300
2021-11-30,126.27079010009766,129.18188678735044,125.6851196900638,129.0096222807932,1277300
2021-12-01,124.05731964111328,130.95610045297164,123.97120053000789,129.22493941715737,1107200
2021-12-02,129.81063842773438,131.05086954996426,124.00567286916268,125.66793109718844,1117300
2021-12-03,126.57225799560547,129.96565110525987,125.56456042709722,129.67282242921848,901300
2021-12-06,130.63743591308594,132.82506921694028,128.19143210573063,129.44889217116716,774400
2021-12-07,131.52459716796875,132.97152500643895,130.79251213463704,131.34372461718885,727000
2021-12-08,130.86997985839844,132.86813265793594,130.45657391922919,131.76570805885933,705500
2021-12-09,131.1197509765625,132.1532723595686,129.37998187764083,129.97426028690214,1075200
2021-12-10,131.09393310546875,132.32554309108934,130.11208567668712,131.6623614070186,1038000
2021-12-13,127.1493148803711,131.22311895984038,127.0373455568326,130.7149727316785,821100
2021-12-14,128.69097900390625,130.180972623086,127.1665272206413,127.67468657635563,1044300
2021-12-15,129.7244873046875,130.8183039190857,128.1053085899038,129.5177909089785,887300
2021-12-16,131.92935180664062,134.92658131218067,130.80971115457504,131.77432949183986,1176600
2021-12-17,126.73590087890625,131.6623673267691,126.48613831083757,131.6623673267691,1977200
2021-12-20,124.62576293945312,124.95304973585966,121.86109367507622,124.39321636611497,983800
2021-12-21,128.37228393554688,128.91487504749406,126.12436892337708,126.56361185056024,693800
2021-12-22,129.62974548339844,130.43073343274298,127.519636570855,128.15698111431533,643000
2021-12-23,130.00872802734375,131.955206999841,129.75896546339004,130.82693205097928,481100
2021-12-27,132.18772888183594,132.24802409587804,128.99242422800737,130.2498711918206,570800
2021-12-28,132.7992401123047,133.4193556416863,131.62791223924373,131.62791223924373,415300
2021-12-29,132.72169494628906,133.49683258841532,131.67955259976011,132.80781404989446,480400
2021-12-30,131.92935180664062,134.194496447117,131.82600359677346,133.2643231324948,600900
2021-12-31,132.27381896972656,132.94560837003417,131.28335080326892,131.3867121169631,578600
2022-01-03,136.29598999023438,136.63188479533844,133.70357178376125,134.1600438742376,1049800
2022-01-04,141.248291015625,143.14308253500792,138.13910554746937,138.44055532775366,1325800
2022-01-05,142.3593292236328,144.49528853648573,141.74783481135788,142.1095666767752,1396800
2022-01-06,148.07818603515625,149.58540895495358,144.46085365603088,144.46085365603088,1675000
2022-01-07,152.38449096679688,152.71177776400143,147.26855833444154,148.46572307871347,1698100
2022-01-10,152.86680603027344,155.02858884360666,150.98062276329975,154.54627978102525,1798800
2022-01-11,153.4783172607422,154.33097932455718,151.54908079755512,153.36636109296364,1106600
2022-01-12,154.623779296875,155.4506041576661,153.46105971118587,153.73667237876134,1708300
2022-01-13,157.79331970214844,159.14550708728996,155.95020199307825,156.94065746992825,1871800
2022-01-14,159.6277618408203,159.66221999667755,154.80465823374402,155.88985358840063,1681000
2022-01-18,157.0870361328125,160.9971961841752,156.27744022310117,159.98951185249322,1629200
2022-01-19,151.51463317871094,157.50045769648293,151.49740409710864,157.16456288590115,2490500
2022-01-20,143.2722625732422,156.06211354680906,142.78133238972705,153.96923385987392,3911200
2022-01-21,137.89793395996094,142.4109932859969,135.95146857950058,142.4109932859969,2660900
2022-01-24,143.51344299316406,143.94407804923964,134.78877255165258,136.78692551997392,2590100
2022-01-25,141.75645446777344,143.34980954288832,138.44057219044828,141.3947225725347,1497000
2022-01-26,144.48667907714844,144.8139659473709,141.28275299141868,142.37656978773595,1782900
2022-01-27,145.43405151367188,149.58536604526864,144.1765915416988,146.50203103586904,1995800
2022-01-28,148.19876098632812,148.25043509260655,143.75460385923134,144.9259317886536,1722100
2022-01-31,145.88192749023438,146.7690346038537,143.57371688736697,146.36423662285011,1517700
2022-02-01,148.87051391601562,149.40449707171103,144.98617808803334,145.64935961948285,1108700
2022-02-02,151.42852783203125,152.01418524040707,147.28580726868643,148.05233719549585,1243900
2022-02-03,150.87730407714844,154.33100591557866,150.0935581999092,152.1003192997055,1707100
2022-02-04,154.649658203125,155.80375699164054,150.98065228094356,151.05816343645455,1243800
2022-02-07,155.44200134277344,156.39801154029817,152.72900617944111,154.64963454313968,963100
2022-02-08,158.72344970703125,159.41246836662825,156.7597550694394,157.75022349946565,1130400
2022-02-09,157.6554718017578,159.05933292671352,157.06980138402332,158.36170634856884,913700
2022-02-10,157.70713806152344,161.01441145236424,156.6649956594528,158.01719576328577,1451100
2022-02-11,157.00953674316406,160.62686841692704,155.82958780808733,156.070755518814,1319900
2022-02-14,155.38174438476562,158.7751507358488,154.25348263839757,157.29376508875728,952400
2022-02-15,158.4133758544922,158.96460123965286,156.1913109447616,157.49182384029174,789100
2022-02-16,160.2823944091797,160.78191957564422,156.84592147432988,156.84592147432988,1095800
2022-02-17,157.31959533691406,158.84403391021408,156.0535272730287,158.84403391021408,1517500
2022-02-18,157.05259704589844,158.66316781522832,156.28606723599975,156.39802340467853,1489600
2022-02-22,157.25926208496094,158.86122456553503,154.49459316744554,156.71667100449577,1351000
2022-02-23,155.72628784179688,159.72258168779396,154.79611429894294,159.2575014873382,1468700
2022-02-24,150.26577758789062,150.61890144110143,144.77949190658083,149.1202869136289,2090400
2022-02-25,158.72999572753906,159.2243259506792,151.4625633496941,151.65335607796356,1530100
2022-02-28,158.0362091064453,158.27903381517586,153.69136710420838,153.81277945857366,1386000
2022-03-01,147.2998504638672,156.6226254746701,146.01633330674593,155.96351849318776,1813500
2022-03-02,155.0702667236328,156.83943328869503,149.4939527989169,149.4939527989169,1345400
2022-03-03,156.6659698486328,156.95215893615435,153.509235534241,154.77540423361324,1209200
2022-03-04,152.8241424560547,153.13634756432572,149.61537581896366,152.26911262279003,1319100
2022-03-07,147.85488891601562,155.14832466646354,147.79417611871276,150.52597410528776,2863300
2022-03-08,145.80824279785156,151.8788885478256,144.8456112996088,151.68809576561839,3357500
2022-03-09,150.21376037597656,153.88216023729407,149.06900397502403,151.2544395922353,1263900
2022-03-10,150.81216430664062,152.13903282527687,147.80285773615026,148.52266438890004,1078700
2022-03-11,149.35520935058594,154.68003159976365,149.26848055938257,151.47993240551193,1100900
2022-03-14,151.93955993652344,154.35047202846386,150.08367768086524,151.70540279580834,976600
2022-03-15,151.77476501464844,153.34447119517773,149.1643929027142,153.04093370713613,808800
2022-03-16,157.32510375976562,157.4031517334761,153.30113390867984,153.30113390867984,1276000
2022-03-17,155.2957305908203,155.50385845845616,151.61865054481447,154.0902616036537,854300
2022-03-18,155.4865264892578,156.28439417601484,150.2397663662327,155.0876058788326,2443300
2022-03-21,156.60528564453125,158.8340725391473,155.0529277054395,156.51855685812936,1155300
2022-03-22,159.9961395263672,161.90405327891776,157.8540686923319,158.73863858602652,826300
2022-03-23,155.15701293945312,159.61460019273295,155.11364854400404,158.608604443319,1024000
2022-03-24,155.83340454101562,157.09955978590637,154.58458446230878,156.76133878400253,809500
2022-03-25,159.19833374023438,159.81406317373933,155.9288541170772,157.01289785644377,882500
2022-03-28,155.5732421875,156.50985731095884,152.8067612014688,156.06757234972224,1141600
2022-03-29,157.86273193359375,159.13756800568137,155.9981826152636,158.00149266198662,1130600
2022-03-30,149.38987731933594,156.5619135615889,147.01366219091148,156.1022801287351,4229100
2022-03-31,146.99630737304688,150.72541988219868,146.05969214519337,149.060330554777,3673700
2022-04-01,142.7989044189453,149.87554450814957,142.29590657980066,149.28581788423855,9479700
2022-04-04,143.5880889892578,144.8195609613997,140.5354184308338,143.09375874359816,2908400
2022-04-05,142.0357208251953,144.69813813185095,141.76688014246793,143.3192246812583,1736700
2022-04-06,140.94300842285156,142.63411369651297,140.44867821742181,140.7435348840185,1944700
2022-04-07,139.80691528320312,141.7928769730486,136.97972162186855,141.25519568023358,1762500
2022-04-08,141.4199981689453,142.69482126764635,139.62481561634576,140.700191630919,1348900
2022-04-11,141.81890869140625,145.2531643922776,140.5354048663325,141.5587355994844,1646900
2022-04-12,139.17384338378906,142.9116234259984,137.91635551268863,141.55007160866867,1636400
2022-04-13,138.50607299804688,139.737544801798,137.2485719764926,137.79493412425887,1403100
2022-04-14,138.37600708007812,139.8763198445888,137.40470816658524,138.23724631159195,1303300
2022-04-18,138.02908325195312,139.14781023479546,137.34396040257025,137.6735138355874,954000
2022-04-19,140.5267333984375,141.14247598252,138.2025502839995,139.44268980410172,2305500
2022-04-20,152.92819213867188,157.81939622302184,139.89365324279902,142.22651713503035,4121300
2022-04-21,154.17701721191406,159.8227115646063,153.9602084900801,156.82208626487895,2361900
2022-04-22,149.51995849609375,154.14232167477132,149.3378333613895,154.04692531525066,1316200
2022-04-25,150.8988494873047,151.43653080840434,145.70410846810302,148.0716689101985,1537900
2022-04-26,146.7448272705078,150.98560551833492,146.59738568846984,148.14107602706608,1274300
2022-04-27,148.51394653320312,149.85816300242976,145.87755879388618,147.23911042987322,1124200
2022-04-28,148.5659942626953,150.45657304336004,145.87757427194416,149.1036756142549,988000
2022-04-29,144.51600646972656,149.0776567515607,144.1170726394287,148.0890096093779,1088300
2022-05-02,145.89492797851562,147.03100361494734,142.7121773862447,145.9122763822728,1067500
2022-05-03,147.62936401367188,148.6440270572815,146.25046397232688,147.4038877482981,793900
2022-05-04,152.71139526367188,153.50058222389598,146.4412904407706,147.23914498640914,1451000
2022-05-05,149.28579711914062,150.73407763919678,146.39790366311746,150.73407763919678,1270500
2022-05-06,147.84619140625,149.40721676049353,145.47864400487012,148.99094774367975,1235500
2022-05-09,145.72146606445312,147.98494947891834,144.82821525653708,145.73013364880893,1315100
2022-05-10,143.81353759765625,147.30849251875296,140.09309317651983,146.33719385074153,1355500
2022-05-11,142.70350646972656,148.14107303712981,142.53006213506782,143.71816972208237,1226700
2022-05-12,143.72683715820312,144.611420466886,140.7088633928171,142.58209396427927,1265300
2022-05-13,144.4639892578125,147.20445468031025,144.13443576576597,145.49600089199677,1032600
2022-05-16,142.11376953125,144.5767265431666,141.72351649837157,144.45531419442767,1039400
2022-05-17,148.07168579101562,148.07168579101562,144.36858920781066,145.2184756712998,1334000
2022-05-18,143.70079040527344,147.40388636355638,142.92895203407153,146.28514616470935,1046900
2022-05-19,141.263916015625,143.98703352885767,139.9457150413916,141.29859959494001,1195100
2022-05-20,141.12515258789062,143.47536533938026,138.24593917225934,142.03575201508642,1143500
2022-05-23,145.9469757080078,147.3692406116329,143.3799674590046,143.3799674590046,1172400
2022-05-24,146.61473083496094,147.18710904783012,143.19782319401733,145.90360509441956,830700
2022-05-25,150.6040496826172,151.18509560796124,146.1291134192111,146.4239701754232,1075900
2022-05-26,154.15101623535156,155.16567956438908,152.1043411726132,152.1043411726132,887500
2022-05-27,156.7960662841797,156.96951061063936,154.34179002756164,154.34179002756164,971000
2022-05-31,157.11907958984375,158.12305792692217,153.75791155463418,154.08094144471477,2185700
2022-06-01,155.2158660888672,157.59050673894444,152.33488019139887,157.59050673894444,1487400
2022-06-02,157.47703552246094,157.56433046303462,153.53093920298008,154.68333099669405,980300
2022-06-03,155.37298583984375,157.18014910143046,155.04996934431486,156.69999376635772,779900
2022-06-06,155.27699279785156,158.70799157396073,155.16349472530635,156.27224567319476,784500
2022-06-07,157.6778564453125,157.9310291355646,153.65318997061368,154.16827417168113,946900
2022-06-08,155.30319213867188,156.42066865247511,154.6135048064694,156.05399792026193,1129100
2022-06-09,149.602294921875,155.55634756370037,149.42769173368737,155.33809024812348,987300
2022-06-10,144.7831573486328,147.48081434257054,144.69586242264901,145.5252374870203,1175000
2022-06-13,141.77120971679688,144.81808638742808,140.53150986481296,140.90690602248273,1078500
2022-06-14,143.96253967285156,145.72606275336813,142.3299789923755,142.68792423589983,979000
2022-06-15,144.4776153564453,146.74748341328214,142.78393648028117,145.4903191620523,882700
2022-06-16,140.24342346191406,142.02439733749677,138.9949979817161,142.02439733749677,1097000
2022-06-17,141.72752380371094,144.73947117117925,141.09894186181222,143.00215199738483,3022500
2022-06-21,144.27684020996094,145.83083154477197,143.20301773059649,145.03638487998444,728800
2022-06-22,143.8053741455078,145.0537995355157,141.79740427577306,141.99819726633592,875400
2022-06-23,139.37039184570312,143.35140317736483,136.9084562364363,143.17679998799483,1134000
2022-06-24,145.48159790039062,146.36335267273395,139.00372227635128,139.2481694077211,1598000
2022-06-27,143.54345703125,146.29350695743616,142.49582467328926,145.7784096139311,947100
2022-06-28,142.4085235595703,146.7824085221656,142.22519488146241,145.66493217484984,757600
2022-06-29,141.71885681152344,143.49110533666146,141.2561523190315,143.49110533666146,624700
2022-06-30,139.15213012695312,140.9418427344643,136.3584392212954,138.5060836932136,1130700
2022-07-01,139.43150329589844,140.33072233135687,135.15365210334622,138.4886301349445,1077200
2022-07-05,138.48863220214844,138.49735769883026,134.26316056857016,136.5243164178488,895100
2022-07-06,137.11798095703125,138.0695797054418,134.88302806039474,137.15290958931186,1588500
2022-07-07,138.6807098388672,140.47040924942092,138.47990350818353,138.9251569775195,778700
2022-07-08,138.74179077148438,139.99022938176424,136.86478342953305,139.9203854512746,862800
2022-07-11,138.54103088378906,139.09976913977735,136.78623334940127,137.28386647747269,1084300
2022-07-12,137.8425750732422,139.5886334126696,135.89572375476365,135.89572375476365,757700
2022-07-13,134.5600128173828,137.57196129508748,133.18935039619566,136.68146766225794,1004400
2022-07-14,131.4520263671875,131.8972665086412,129.906760796518,131.3909079227334,679800
2022-07-15,136.3759307861328,137.07434366107427,132.59571182040813,133.53858518722512,803200
2022-07-18,137.91244506835938,141.3783725928303,137.12672399567705,138.6283221957012,882500
2022-07-19,143.796630859375,144.51250780390723,139.99022339924713,140.7934085835022,1392400
2022-07-20,144.52122497558594,148.64192321146908,138.87273920348343,139.52751099959156,2437700
2022-07-21,147.73402404785156,147.93481706344105,142.74029522266994,144.5474723270863,1547800
2022-07-22,147.50704956054688,148.7642006748492,146.06654309409976,147.54196487426174,1216400
2022-07-25,150.54515075683594,151.33087167372418,148.27526960814217,149.43639999162747,1081500
2022-07-26,148.2403564453125,150.69356629342673,147.873685790708,150.13482815478636,786700
2022-07-27,151.01661682128906,152.21267611774044,148.53721660550553,149.1308835047243,799300
2022-07-28,151.8110809326172,151.98568414730715,149.38406028072373,150.87694640727153,758000
2022-07-29,154.91905212402344,155.4690648654003,151.42693479997052,152.78013292731512,1750300
2022-08-01,153.7317352294922,154.83176073749408,152.43965551992008,154.21190403684454,1154600
2022-08-02,151.74122619628906,153.74047082828602,151.3832809727269,153.65316256646145,958900
2022-08-03,154.09840393066406,154.88413832909356,152.2563114913302,152.9983917585074,743700
2022-08-04,153.16427612304688,154.10714944933005,152.69283279921973,153.4174487811236,714000
2022-08-05,156.07144165039062,156.28096014323486,152.86742592407998,152.98964948536212,736900
2022-08-08,156.49923706054688,157.11036826488976,155.54763826267808,156.272254224406,713100
2022-08-09,157.07542419433594,157.6690910232887,155.80080892388023,157.14526813429327,654200
2022-08-10,161.35330200195312,161.69378293910694,158.61197686516152,158.89135267070904,1217600
2022-08-11,163.1429901123047,164.50491376472024,162.32234039319,162.49695692000896,1085800
2022-08-12,165.7184295654297,165.77080919246728,162.8810843156862,163.692995177509,631300
2022-08-15,166.09381103515625,166.73985746115662,163.82392970823074,163.95489208557387,779000
2022-08-16,167.10655212402344,168.86133633278666,165.0025481802573,165.86685203784737,770600
2022-08-17,166.50413513183594,166.90572111603055,164.1207690736453,164.7755409934733,888900
2022-08-18,166.90573120117188,167.33352034366774,165.3866687810589,166.4255757547134,708600
2022-08-19,164.8454132080078,166.08511332364478,164.2954004381642,165.77954771342695,802900
2022-08-22,160.70726013183594,162.44459350467682,160.44534863683586,162.27871578046435,729300
2022-08-23,160.8992919921875,162.44455748077314,160.4278487414608,161.13501361755084,687200
2022-08-24,160.9342041015625,161.73738938980955,159.8254665774585,160.44530986709637,526000
2022-08-25,163.8937530517578,163.97233579683723,161.09133703508473,161.52785159530882,551400
2022-08-26,160.6548614501953,164.97635398054706,160.5151735599068,164.49618518353677,625300
2022-08-29,160.25326538085938,161.2747081219624,157.896088799747,159.58102905126535,698700
2022-08-30,159.572265625,161.3881678402436,158.91749376802423,160.98656857323007,661000
2022-08-31,159.74806213378906,161.34748255993972,159.33502558019663,160.2841299963618,801400
2022-09-01,158.8956298828125,159.73048617126955,157.22591730589846,159.73048617126955,686300
2022-09-02,158.84292602539062,162.99085855507195,158.08715831677728,160.88174622887192,747000
2022-09-06,157.3225860595703,160.13473991537066,155.87255979918373,159.8007920355106,657100
2022-09-07,160.65321350097656,161.01352424297485,156.32074166421785,156.6371097824153,611700
2022-09-08,165.1262969970703,165.24054513750502,158.94834221246967,159.70410975273265,801200
2022-09-09,164.87144470214844,166.72571072112038,164.62538210896403,165.94358031934013,843800
2022-09-12,167.45510864257812,168.15815034187483,164.64295525479642,165.5744798073674,834500
2022-09-13,163.7026824951172,165.76786558265414,163.25449981649408,164.3354188704728,1000100
2022-09-14,161.03988647460938,164.92417571523657,156.3558870760691,164.16840818094403,1849300
2022-09-15,163.89598083496094,165.56569323841802,160.67957391774397,161.15413279243154,1431800
2022-09-16,160.68838500976562,161.95384416801429,158.91320746850366,161.95384416801429,2869600
2022-09-19,164.59024047851562,164.80115704241175,159.28230100983058,159.28230100983058,1128500
2022-09-20,164.4935760498047,166.1281425837478,162.8765892489641,163.62357369763663,880800
2022-09-21,163.14019775390625,167.82419665288185,163.06110908546802,165.84689948549803,1303200
2022-09-22,160.99594116210938,164.44083092780843,159.63380030905907,163.86083389768484,877000
2022-09-23,157.22593688964844,159.46687708682867,154.6774116697421,159.01868100174727,998200
2022-09-26,155.65284729003906,158.27167750551348,154.08858641713738,156.30316326337143,791700
2022-09-27,155.81101989746094,158.70226186330854,153.89523166382622,156.59315024276475,919200
2022-09-28,157.4368133544922,158.7374453464295,155.35406430828624,156.0834689848789,913700
2022-09-29,153.64918518066406,156.23285590254073,152.50674401263208,155.10799446585247,1016800
2022-09-30,154.9498291015625,157.61258870641367,152.94615526492893,154.3522388742911,952600
2022-10-03,159.08018493652344,159.90625807037785,153.49980640678436,157.1556131479493,832700
2022-10-04,164.62538146972656,164.69568698313563,160.14350220808868,160.14350220808868,1256400
2022-10-05,163.28961181640625,164.4847787861725,161.9802101147857,162.75354398270065,1031600
2022-10-06,161.795654296875,163.15779517509955,160.8465499444877,161.6989858885002,688500
2022-10-07,159.99411010742188,161.16291414045693,157.48954153040884,161.16291414045693,734000
2022-10-10,159.3086700439453,162.1120407952662,158.01683453528392,161.11021054461122,538200
2022-10-11,157.38404846191406,159.8534705456869,156.294346707881,159.0889200041439,838800
2022-10-12,157.1468048095703,158.95712815701086,155.98678397951795,157.81468705725166,679200
2022-10-13,164.54632568359375,165.67997046655873,154.12376925448825,155.40680825477986,1418400
2022-10-14,163.06991577148438,168.57120526620318,162.2438426902067,165.9172289306828,955500
2022-10-17,165.1262969970703,167.54299381182437,164.4935607582731,166.76086337906204,960000
2022-10-18,166.40933227539062,169.2214856009286,163.97505597683528,167.9560132520853,1328100
2022-10-19,143.2969512939453,153.72829029574908,142.18087289888376,149.98461168359168,5949200
2022-10-20,141.83816528320312,146.98792839697248,141.18786254999142,142.5236274886699,2931600
2022-10-21,142.1632843017578,145.1336150995968,140.08052204683074,141.65357939339364,2110100
2022-10-24,143.3672332763672,144.56240016057552,140.84508505393705,142.5060142215334,2116000
2022-10-25,143.68360900878906,144.7381649251375,141.592063497957,141.73267452931174,2204000
2022-10-26,145.0018310546875,145.73123581397036,143.64848653165004,143.88575260042015,2089500
2022-10-27,146.82093811035156,147.9457996253916,146.17940526097806,146.17940526097806,1713000
2022-10-28,147.79640197753906,148.29732381895445,146.34638906396134,147.89307039907143,1390000
2022-10-31,147.96336364746094,149.0179330346417,146.5221340156416,147.2163926425158,1449500
2022-11-01,147.72608947753906,149.9494494565882,147.62062449897846,149.14973929874995,1240300
2022-11-02,143.86817932128906,147.77003532261122,143.71877170229686,146.32880560786856,1817000
2022-11-03,144.28997802734375,145.42362258635367,142.42692885060583,142.66419487332996,2153900
2022-11-04,146.7769775390625,147.55910792513953,144.8611892055559,146.3990870867842,1422500
2022-11-07,148.49061584472656,148.67515606051288,146.14422494961656,148.0863625468549,1019600
2022-11-08,149.817626953125,151.01279394751717,147.79638687901092,148.28852550797777,980500
2022-11-09,145.82791137695312,149.64189590164113,145.73124294847446,148.66642845405045,991200
2022-11-10,149.5627899169922,150.67007172567156,146.8121450141671,149.24642177031131,1332500
2022-11-11,146.05638122558594,150.79310697838685,143.9912117611069,150.54704434780555,2264100
2022-11-14,145.74880981445312,148.8948982248073,145.203945352315,146.1354700848184,1337600
2022-11-15,149.32553100585938,149.32553100585938,146.6539878290834,147.2076221049145,1538500
2022-11-16,148.24461364746094,150.4152483701623,147.89308598239046,149.51886958599425,1155400
2022-11-17,147.54153442382812,148.12154486749344,146.36394721474218,146.36394721474218,946400
2022-11-18,149.93186950683594,150.61733152415414,148.17427183998805,149.67702374528164,1407400
2022-11-21,148.9739990234375,150.71401715785618,148.02489456573434,150.06370111940933,1110600
2022-11-22,150.8634033203125,151.3818914453785,149.7121789238617,150.51188912927955,654600
2022-11-23,151.03915405273438,151.2149245502527,150.25702361264044,150.69642303762367,671800
2022-11-25,151.27642822265625,151.67188500947245,150.52944386246557,151.63673895683792,316500
2022-11-28,148.9739990234375,151.13583689147728,148.44671429935545,150.2834008528756,683900
2022-11-29,150.204345703125,150.73163054493364,148.91250990916333,149.2376747056899,885500
2022-11-30,150.4697723388672,150.4697723388672,146.08010605090007,148.47849496411837,1662500
2022-12-01,148.9652862548828,151.57607000443116,148.0625698705158,151.053902451148,1205000
2022-12-02,149.65560913085938,150.23970707854212,147.5758244934326,147.92097880515254,1094600
2022-12-05,142.76132202148438,149.48742043528625,142.09756284265717,148.68205605729761,1607400
2022-12-06,141.9117431640625,143.69061321930363,140.64616841502067,142.7259529482423,1205600
2022-12-07,130.95526123046875,132.30932886696402,128.09667549833594,131.65441495286098,4485000
2022-12-08,132.85804748535156,133.25631383970412,131.03492423487643,131.53938774814085,2359100
2022-12-09,133.9731903076172,135.06175185054164,132.53946094178028,132.53946094178028,1496100
2022-12-12,134.11477661132812,135.16794355515125,131.9199495839312,133.58377726017065,1608200
2022-12-13,129.34454345703125,135.85823458632177,128.31793944260218,135.85823458632177,1967600
2022-12-14,127.25592803955078,130.6101326238859,126.48597156693823,129.9375280561959,1497000
2022-12-15,124.79559326171875,125.85761894168223,123.04327249652698,125.6186618132687,2030100
2022-12-16,123.94599914550781,124.67170234883807,122.51226976099436,123.78668987868694,2420800
2022-12-19,124.47698211669922,125.4505011072251,123.50347663039018,124.42388353616451,1212400
2022-12-20,124.17610168457031,125.67177496988697,124.14955238991419,124.85756509058835,998000
2022-12-21,126.56562042236328,126.57447918919969,124.9460460847779,125.08765131198288,1108700
2022-12-22,128.11439514160156,128.21174704955382,125.63637112866807,126.28242642459588,1338100
2022-12-23,127.93738555908203,128.85780598273678,127.51258340428132,128.18518794140053,1060500
2022-12-27,129.08792114257812,129.5215821202026,127.14974164665509,128.0790074534397,561800
2022-12-28,127.06123352050781,129.47731352991738,127.03467072530285,129.36225759949215,611800
2022-12-29,128.7427520751953,129.24720210990117,126.42402395957137,127.10547376953862,666200
2022-12-30,128.37989807128906,129.4596142921407,127.5391389823879,127.82233593147713,782000
2023-01-03,128.30023193359375,130.08796052903628,127.53027556761208,128.32678122178513,874400
2023-01-04,129.7339630126953,131.09688965569492,128.82240133130736,129.74282177929467,1071000
2023-01-05,129.42420959472656,130.09681411229255,128.39759203827063,129.3710975107306,1175800
2023-01-06,132.92002868652344,133.397929491614,129.80478092524368,130.53049765263262,1269400
2023-01-09,131.4685821533203,132.95539636116632,131.15882244124427,132.92000181040552,1148600
2023-01-10,130.98182678222656,132.61024625256115,130.41541942279642,132.06154292117415,1400500
2023-01-11,132.17660522460938,132.39785832106554,130.01717284252229,131.67214168266497,1062900
2023-01-12,132.43325805664062,133.62803022594133,132.03500516827967,133.026214757839,1052100
2023-01-13,132.35360717773438,132.42440979027091,127.77809468827374,130.6897795436696,1413300
2023-01-17,133.22976684570312,133.97318755889927,130.31808185843016,132.20316267796983,1112600
2023-01-18,129.0347900390625,132.265079382126,128.88433957556632,131.88453059285013,1264700
2023-01-19,136.12376403808594,137.6017332228065,123.04328098593732,131.13229431389598,3522100
2023-01-20,136.01756286621094,139.25671160909235,135.92905622130326,137.5132360373117,2094400
2023-01-23,136.96449279785156,138.69912277312818,136.21224047772338,136.78749304630466,1182500
2023-01-24,137.12380981445312,138.76993325533192,135.52193969002806,137.12380981445312,981400
2023-01-25,137.9645538330078,138.0353564308043,135.85822043725946,136.47773979192525,1010400
2023-01-26,137.1857452392578,139.83193675196765,136.8317457377744,138.7876287696409,892000
2023-01-27,137.1592254638672,138.2566457613379,136.46891683449283,137.02647899830222,849100
2023-01-30,135.840576171875,137.07958829468072,135.61932304250118,136.2211250723727,1143500
2023-01-31,138.06195068359375,138.06195068359375,135.27416669647806,136.1060671070531,1384600
2023-02-01,136.6458740234375,138.8141646492929,135.99097365852705,136.26532527130996,2280200
2023-02-02,138.07965087890625,139.1770577111529,136.33617521337123,137.6017365774541,1713700
2023-02-03,140.7346649169922,141.28336824187735,137.5928684352903,137.5928684352903,2265700
2023-02-06,139.6372528076172,140.71696899597399,138.95578949104703,140.28330806648074,1347000
2023-02-07,141.6904754638672,142.17722142835314,138.66372149638028,138.98232646642015,1186100
2023-02-08,140.61961364746094,142.42503292395003,140.38065652855812,140.57536032852087,1053500
2023-02-09,139.64605712890625,142.124093777389,139.50446545224324,140.81427961481612,1602100
2023-02-10,140.7346649169922,140.96476326195966,138.91154167243621,139.00889356919487,841300
2023-02-13,142.77903747558594,142.9471919750225,139.69919842049498,140.39835220296587,1185800
2023-02-14,142.15066528320312,143.36314126571,141.9382709828983,142.48697426430633,1068200
2023-02-15,141.82327270507812,142.28348304979596,140.92055604926801,141.0798653434561,743900
2023-02-16,141.31878662109375,142.77906531869107,140.725829878755,141.04443491239272,851600
2023-02-17,141.53115844726562,142.24801621439818,140.9028073074744,141.40725727151698,1298900
2023-02-21,137.57518005371094,141.38958148050554,137.38933500508264,140.84972335603138,1825700
2023-02-22,136.4689178466797,138.06194296636605,135.61931345232588,138.06194296636605,1671400
2023-02-23,136.92910766601562,138.6106256776744,136.06179937083914,137.78757069948185,995700
2023-02-24,138.177001953125,138.177001953125,136.03527338552584,136.23882247346208,1046600
2023-02-27,137.23887634277344,140.41606754814094,136.70786351272227,139.59299901198335,1008900
2023-02-28,137.43356323242188,138.58408199950622,136.61050822090436,137.61057650752477,1197500
2023-03-01,136.45118713378906,137.2565515512854,135.66352674311017,136.61049636671444,1398500
2023-03-02,133.92007446289062,135.90249347203667,132.15004977374358,135.8493948920369,1731800
2023-03-03,136.16964721679688,136.74096290411254,133.70585086923066,134.32180336143233,1250900
2023-03-06,135.79469299316406,137.28546932717836,135.4287039638011,135.63401687606384,1391500
2023-03-07,128.72462463378906,134.7770020010077,128.34970016923606,134.2056865853221,1586500
2023-03-08,125.31464385986328,129.17995671424123,125.15395409331526,128.82287591149,2294200
2023-03-09,119.29794311523438,124.5379786343544,118.53023655760673,124.09163792925084,2648000
2023-03-10,117.58399963378906,122.5830211151334,111.11205923411815,114.90595533047696,4544900
2023-03-13,113.4687271118164,117.28940220579004,107.4788360616974,111.13882824000774,7864400
2023-03-14,113.75440216064453,121.11009570653884,111.33523614815289,120.64589751935283,4248600
2023-03-15,111.48698425292969,112.42430248712735,108.20191628848934,109.57664652035709,3629900
2023-03-16,113.87043762207031,116.3520908334695,108.34474436703283,110.99600241383317,2999300
2023-03-17,109.35347747802734,113.29020593633344,108.04123465859199,113.29020593633344,6635000
2023-03-20,108.64826965332031,111.83514248565292,108.11266209027494,111.64768017911803,3044300
2023-03-21,113.86151885986328,115.85219463025562,112.51356799667849,113.0313248594407,2805500
2023-03-22,105.03291320800781,114.08470347380376,104.96149705029818,113.87938372304349,2660600
2023-03-23,100.31061553955078,106.29157844392098,100.26597874344787,105.79167901853904,2990200
2023-03-24,102.59589385986328,103.23862568464432,98.1949734152809,98.87341332039642,3069300
2023-03-27,105.27391815185547,108.80893569125507,103.86347990025027,107.18425580985497,2421200
2023-03-28,106.47904205322266,108.07694266279933,104.979336947799,105.92558391412634,1757900
2023-03-29,109.26420593261719,109.43381076927552,107.32708890770512,107.56810989170312,1567900
2023-03-30,106.7557601928711,110.72819631708599,105.81844885458224,110.62107210244515,2210100
2023-03-31,106.73792266845703,108.40723946250161,105.09539203932535,107.98767808358105,2082600
2023-04-03,105.99700927734375,108.27335003864756,104.78296177939771,107.71096309308051,1728000
2023-04-04,104.60442352294922,107.40744302423931,102.88154787184622,107.32710495443467,1505300
2023-04-05,104.80973815917969,104.9972004568608,102.45305273397017,103.09578450351646,1392200
2023-04-06,104.95255279541016,105.94342970247192,104.00631268296577,105.14001507368958,1473500
2023-04-10,104.84542083740234,105.64883540689493,103.56888624660249,104.1491304807148,1131200
2023-04-11,105.5060043334961,105.98805304960442,104.22054109054056,104.8275646429787,1590000
2023-04-12,103.85454559326172,106.18444447514706,103.03328038103882,106.0326902793138,1242400
2023-04-13,104.04202270507812,104.37231047320539,102.37270599015667,103.64031197785424,1811000
2023-04-14,104.07771301269531,106.22907828744528,103.01542686104113,105.89878374346854,2757900
2023-04-17,112.17435455322266,112.28147196869114,102.10490205142624,103.55104845582176,5167200
2023-04-18,112.2368392944336,113.74546628130884,111.69230307678018,112.91527227821584,2029800
2023-04-19,115.70043182373047,115.93252407410512,111.48697470721017,112.6474632015566,1981200
2023-04-20,111.41556549072266,115.19160407117253,111.04064093008286,114.26322139071743,1328500
2023-04-21,110.77283477783203,110.9245957961779,108.5946967316855,110.68356799744073,1210100
2023-04-24,111.13884735107422,111.64767553640135,109.86231252674554,110.7103572320843,1161600
2023-04-25,107.1307144165039,110.4157827835464,106.39871582001932,109.39812636430246,1891500
2023-04-26,107.68417358398438,109.28207438554206,105.88988856114489,107.11285793333602,1287900
2023-04-27,110.77283477783203,111.22810421163206,108.03230307504465,108.71967158635708,1102000
2023-04-28,112.29933166503906,112.4332284370614,109.79982082446219,109.79982082446219,1419800
2023-05-01,108.63040924072266,112.51357223653098,108.58577244339536,111.64767012908615,1512000
2023-05-02,104.8008041381836,108.35367251374903,102.31022206243225,108.19298957948703,2988500
2023-05-03,102.48875427246094,108.62147823655856,101.97100421168716,105.31855962231751,2254800
2023-05-04,101.48004913330078,103.051170727072,97.62366471994987,100.31956027675899,4063200
2023-05-05,105.85417175292969,108.40724133588489,104.81865796488052,106.00592597029645,2045800
2023-05-08,103.7563705444336,107.57704615700088,103.52427145461228,107.5681174353026,1145300
2023-05-09,104.20272064208984,104.80974437034332,101.55145534090359,102.97081574058203,1078100
2023-05-10,102.53339385986328,105.45245926071912,101.5335881648503,105.26499696989528,893000
2023-05-11,101.09618377685547,103.28325081201862,99.96248122477219,100.89979274957656,1477900
2023-05-12,99.47149658203125,102.24773650158127,98.59666574381335,102.04241676658695,1312400
2023-05-15,102.56016540527344,102.79226447602967,99.73929572543216,100.06065476336263,878800
2023-05-16,100.82837677001953,103.80100791953868,100.8194548583054,102.88154702712986,1106500
2023-05-17,107.10391998291016,107.1217706146737,102.533388651528,102.84582578703038,1073400
2023-05-18,109.39812469482422,109.76412058217134,105.68456624500385,106.7022226487178,2266400
2023-05-19,108.55899810791016,109.85338356281245,106.59510152586127,109.79982485203892,1506500
2023-05-22,110.04082489013672,110.50502299710743,107.48776254427014,109.1570722776976,1213100
2023-05-23,110.6835708618164,113.46873943218608,110.67464895097953,111.13884030739833,1161000
2023-05-24,108.45186614990234,110.21044967496267,107.93411609119629,109.74625832321475,910700
2023-05-25,108.09478759765625,108.57683637155817,106.50581579328617,107.64844689707506,710100
2023-05-26,110.33541870117188,110.49610162417423,106.94323349757113,108.06800714796908,1008400
2023-05-30,111.7905044555664,112.06723353427141,107.75558036218023,110.16582443848237,1248600
2023-05-31,107.48775482177734,111.02377185044575,106.4413786435864,110.78021568942542,2113600
2023-06-01,109.41813659667969,109.73385118766507,106.52256409661709,108.29959507138587,1114000
2023-06-02,113.28789520263672,113.66675955691865,110.03151715952718,111.42968360664476,1176300
2023-06-05,110.1307373046875,113.71185922008603,109.22869175953166,113.71185922008603,1341700
2023-06-06,114.64997863769531,115.84067839088354,111.32143551063548,113.38711359472335,1726700
2023-06-07,117.23884582519531,118.06872597042424,113.67576224177682,115.04687515151726,1436900
2023-06-08,116.01209259033203,116.89609348094584,113.57657206730457,116.19249896905177,1119000
2023-06-09,114.48760223388672,116.24658803745152,114.06363978839666,115.93989590023934,903500
2023-06-12,113.0714111328125,116.95020296520035,111.73638753951006,113.68480239737517,1152500
2023-06-13,114.2891616821289,115.84068103762425,111.96188953094688,112.80980761806613,778900
2023-06-14,109.95934295654297,115.43475862376583,109.35497415000384,113.84715668710032,1494500
2023-06-15,112.54820251464844,112.8909841741662,109.39104358702447,109.80599053086812,1405200
2023-06-16,111.09593200683594,113.88324942197241,110.04955587707433,113.47733168180773,2641300
2023-06-20,110.2299575805664,110.73510774143746,109.0302422933926,110.56371689381504,977700
2023-06-21,110.18486022949219,111.1590710302767,109.20162704664641,110.60882271957773,944900
2023-06-22,106.071533203125,110.49155778628888,105.76484101869906,110.49155778628888,1197000
2023-06-23,104.52001190185547,106.02642619681319,104.01486175491321,104.6553132177624,2618700
2023-06-26,107.49678039550781,107.74033657935063,104.9079137378856,104.9079137378856,1399400
2023-06-27,109.88719177246094,110.78021496555647,106.2339044375204,107.3704837900448,1012300
2023-06-28,109.68873596191406,109.78796152158436,107.83052435729084,109.31890087028401,834100
2023-06-29,112.04307556152344,113.62165525460692,110.95160128529594,110.95160128529594,1316200
2023-06-30,111.63714599609375,113.6036053378813,111.42967251601638,113.06237256622227,969100
2023-07-03,114.9656982421875,114.9656982421875,111.88070422967706,112.03405031567681,753900
2023-07-05,113.22476196289062,114.83942443097742,112.59333278858264,113.53146104902724,901600
2023-07-06,113.03531646728516,113.3420155079921,109.88717968101734,110.89747309232263,993500
2023-07-07,115.96696472167969,117.06746130855309,112.73764713322436,112.96315850325381,1133400
2023-07-10,116.787841796875,117.5094810103206,115.11003647536634,115.41672866774068,908600
2023-07-11,118.57389831542969,118.79940972864432,116.39094948720695,117.80716776897454,959700
2023-07-12,118.60997009277344,122.01970104898996,118.1860075982699,119.72849772582761,1283000
2023-07-13,120.233642578125,121.55063510748867,118.93470857742918,119.43082260738626,807400
2023-07-14,117.978515625,121.23490017487045,116.17442476665894,121.23490017487045,933900
2023-07-17,118.48368072509766,119.39474171574385,116.94117687957869,117.95146342478014,868800
2023-07-18,121.55964660644531,121.9294885647784,117.8973440792613,117.8973440792613,1300500
2023-07-19,124.57247161865234,127.41390904027415,122.73229134832273,124.15752469052075,2308700
2023-07-20,124.96936798095703,125.23998436313846,122.19108016531588,124.6626758377412,1527100
2023-07-21,124.35601043701172,126.13304141973383,123.05706253450175,126.04283135156689,1629300
2023-07-24,126.09693145751953,127.18841254336049,124.46423134273303,124.46423134273303,987900
2023-07-25,124.36500549316406,126.92682510824062,124.25676444045719,126.28636676344107,927900
2023-07-26,126.68328857421875,128.00929673150628,125.96164932824698,126.78251414259141,1005500
2023-07-27,124.68072509765625,128.29792245212303,124.06732702497784,127.06212457133411,898200
2023-07-28,126.33148956298828,126.49385116489036,125.04155719223071,126.27736902902093,771700
2023-07-31,126.16007232666016,127.79277232599338,124.85210922737978,127.5311852117856,1781500
2023-08-01,125.11369323730469,125.41136986864399,123.07507560451714,124.88818188908888,1002800
2023-08-02,124.87017059326172,126.0518619364743,123.21040992895608,123.53514690798319,973100
2023-08-03,126.1240005493164,126.34048264677442,123.40883495464705,123.96809872524182,708200
2023-08-04,126.16908264160156,127.13427780303248,125.1407514610405,125.1407514610405,796100
2023-08-07,127.68453216552734,128.46930727770987,126.57502015104157,126.66521643471864,616500
2023-08-08,125.82633209228516,125.96163341200433,120.95527812056449,123.86889500365629,826900
2023-08-09,121.86636352539062,125.4384563190225,121.58671783335598,124.81604266573673,676800
2023-08-10,121.86636352539062,123.36374872944431,120.98234894564864,122.6781990428188,687500
2023-08-11,122.58798217773438,122.93977938431826,120.53131946784052,120.97332673318847,453000
2023-08-14,119.85476684570312,121.55061658739645,119.58416423936514,121.54160108855864,651600
2023-08-15,114.73115539550781,118.20402188972062,114.52368192763053,118.1228411079818,1195200
2023-08-16,115.71440124511719,116.4270249325514,113.55851294623143,114.64998722826495,923100
2023-08-17,116.12933349609375,116.93215337741877,115.43475466174081,116.58035621063861,546900
2023-08-18,115.17317199707031,116.04815036847397,114.46055521210478,115.00178114641524,529400
2023-08-21,115.81362915039062,116.04815604141781,114.3342749793295,115.74146385373851,535400
2023-08-22,113.38711547851562,115.98501089740422,113.34201733319716,115.326514660794,760900
2023-08-23,114.13582611083984,114.73117949689677,112.2595696531631,113.14357734947325,592600
2023-08-24,113.93737030029297,116.18346865678126,113.90128765273631,113.96443056544514,420400
2023-08-25,113.27887725830078,114.9566824642908,112.151320366214,114.40643415038755,448100
2023-08-28,114.64997863769531,115.69634781131609,113.48633914766077,114.14483537333085,559000
2023-08-29,115.63321685791016,116.32779575894179,113.63067471195984,114.39741202387981,638200
2023-08-30,114.04561614990234,116.13836149535167,113.36005962303031,115.4167223215852,1192200
2023-08-31,113.97270202636719,114.99348464649526,113.07951028019504,114.46486110189461,967900
2023-09-01,114.61981964111328,117.00773501302261,114.43753204389073,114.64716104230646,1160000
2023-09-05,112.8425521850586,115.27604119705042,112.79698550087889,114.40107463664566,705200
2023-09-06,111.0014877319336,112.94280362171928,110.2358937638865,112.1863257715286,777100
2023-09-07,108.7593994140625,111.2840216101251,107.74772592140643,110.59134269768484,1219500
2023-09-08,110.99236297607422,111.0652780061299,107.38315243103821,109.10573003313358,837500
2023-09-11,114.984375,116.21478659077255,111.96757992438366,111.96757992438366,1181200
2023-09-12,118.1287612915039,118.4386397426229,115.52210804096151,116.1327557795031,1401800
2023-09-13,114.99348449707031,119.30448313588815,114.1276411038282,118.9854955210727,829300
2023-09-14,117.51809692382812,118.18342736464226,116.2967946660025,116.6795950474458,993400
2023-09-15,117.84623718261719,117.90091998504208,115.9504878915315,116.21479969251986,2323300
2023-09-18,115.46743774414062,118.16522464504858,115.18489370708488,118.16522464504858,775200
2023-09-19,115.203125,115.94137063976184,113.89979824431579,115.88668783787156,884600
2023-09-20,115.40362548828125,117.19000201170114,115.2304540294732,116.20566996199221,726200
2023-09-21,115.08463287353516,117.6457196243846,113.88156259309919,115.02995007328461,968600
2023-09-22,113.26178741455078,115.69527608676648,113.152421824941,115.12107892707566,690800
2023-09-25,114.4648666381836,114.50132415546008,112.2410137128012,112.68760613070744,522700
2023-09-26,112.35038757324219,114.88413305858487,112.29570477008633,112.88812730066486,895200
2023-09-27,113.50788116455078,113.61725371472197,111.50275946610762,112.8516597706443,1049100
2023-09-28,115.25780487060547,116.63404662951608,113.46231208289016,113.47142820082695,954900
2023-09-29,115.24869537353516,116.72520060745232,114.8112190372851,115.33072653255766,1062000
2023-10-02,111.28401947021484,115.45831119265688,110.5184324924186,115.45831119265688,1084500
2023-10-03,109.96247863769531,110.73718181109366,108.65915185757868,110.62780925170202,798600
2023-10-04,111.56657409667969,111.66682358359198,108.41306471126039,110.0627344431434,778800
2023-10-05,112.43241119384766,113.17977291897049,110.7098334743138,111.47542048141308,761100
2023-10-06,113.76309204101562,115.19401673436074,110.33616149988265,110.97415769752341,996900
2023-10-09,114.20056915283203,115.03907124344825,111.73062261177895,112.45975909709098,896900
2023-10-10,115.6861572265625,117.58189925496447,115.02081977345375,115.20310734108067,1398000
2023-10-11,114.5742416381836,117.18090202744725,113.55345199331143,115.38540229262681,961300
2023-10-12,112.72406768798828,114.30993150177017,111.45719846985781,114.30993150177017,906400
2023-10-13,109.54322052001953,114.48309939994822,108.8232001960095,113.91801830990526,1214700
2023-10-16,111.79443359375,111.91291532276281,110.11742238234042,111.00149815126403,991500
2023-10-17,113.37116241455078,114.82031909032344,110.93768064315974,110.93768064315974,1385400
2023-10-18,110.58223724365234,116.39707577694196,109.99893086209931,113.41674495099316,1517400
2023-10-19,109.01459503173828,112.10429830683701,108.94167999813138,110.66425768412235,906400
2023-10-20,103.6919174194336,108.72294356045285,103.46406315099946,108.72294356045285,1381300
2023-10-23,101.64122009277344,104.59421615935786,101.5683120179722,103.57342662298252,1185500
2023-10-24,101.27667999267578,103.1268557636865,100.3561466898085,102.16074882019323,1245000
2023-10-25,101.76883697509766,102.3339111282147,99.55409313848439,101.13995694940479,1008200
2023-10-26,103.04480743408203,103.64634601303524,101.431602346675,101.70502328419545,1262200
2023-10-27,99.2897720336914,102.17896230804529,98.91608771910077,102.17896230804529,1031800
2023-10-30,102.11515808105469,102.78048857469105,100.0918112965152,100.95765463597938,1327400
2023-10-31,102.76225280761719,103.92886529676616,101.71412200911152,102.46148356957002,848200
2023-11-01,102.19719696044922,103.33646833590328,101.24021317720418,102.20631307844982,940400
2023-11-02,107.95734405517578,108.03937520344824,102.62555583850823,103.18152078120356,1328300
2023-11-03,111.69416046142578,112.97013874804321,110.5913397295405,110.5913397295405,1362600
2023-11-06,110.56401062011719,112.58735777601783,109.55233704216688,111.53011751337229,649500
2023-11-07,110.3543701171875,110.74627969854086,109.20598277008423,110.2723389727574,500700
2023-11-08,108.76850891113281,110.21766565649365,108.02114719795588,110.21766565649365,638300
2023-11-09,106.9548110961914,109.98071603710748,106.50821859820714,109.2424703021757,810400
2023-11-10,107.86620330810547,108.08494144668295,105.66057578075255,107.42872703095054,696800
2023-11-13,106.5082015991211,107.65658907849846,105.7881812642331,107.20088053390306,810000
2023-11-14,112.37773132324219,114.63804183949729,108.30369576961874,109.35182682637378,1254000
2023-11-15,114.19144439697266,114.98437974325394,112.4779828257266,112.4779828257266,972000
2023-11-16,112.53266143798828,114.92968571575348,112.4415211259989,113.9818111732317,1086900
2023-11-17,115.50389099121094,115.53123239136869,112.75140748265405,113.92713636436153,842500
2023-11-20,115.69529724121094,116.05985854464868,113.78131563035706,115.26693006075432,737300
2023-11-21,114.33728790283203,115.71352985726831,113.82689648282879,114.99350941629997,592900
2023-11-22,113.99092864990234,115.51299343431275,113.15242664390429,115.51299343431275,384700
2023-11-24,114.49221801757812,114.8932368110984,113.3255982945756,113.97271055138725,277800
2023-11-27,113.6810531616211,114.24612728957766,113.11597208010419,113.60813812783304,655900
2023-11-28,114.15499114990234,114.61069969740694,112.5235537154086,113.7083987203448,617500
2023-11-29,116.4153060913086,117.94648705600332,115.01172296087506,115.01172296087506,894600
2023-11-30,118.01747131347656,118.7080627525779,115.66025478269636,116.96777288804729,1153400
2023-12-01,122.1978530883789,122.99893462058695,116.9401443531273,117.4005386222341,1147800
2023-12-04,123.7447738647461,124.11308366824736,120.91796029507192,120.91796029507192,914100
2023-12-05,121.64539337158203,123.1923116136729,121.52568634685348,122.95291161433606,865700
2023-12-06,120.46678161621094,124.23280384927659,119.88668026657612,121.93083220802083,2022200
2023-12-07,122.26231384277344,123.2567672546812,121.08370551387232,121.2494407241305,1256200
2023-12-08,122.1426010131836,123.70795285845392,121.18498706030518,122.59379248095337,925100
2023-12-11,122.85160827636719,123.36724762315362,121.5440902041249,121.55329303170379,815200
2023-12-12,121.3230972290039,122.6766575543033,120.76141563789247,122.62141248798392,640600
2023-12-13,127.53842163085938,127.60288357575548,120.62330442745058,121.24023109232482,1471800
2023-12-14,133.569580078125,136.48847799209622,128.89197272399554,128.89197272399554,2297200
2023-12-15,131.4517822265625,134.38910025938057,130.41130060922615,132.5475229648358,2202000
2023-12-18,126.26771545410156,131.12026011632352,126.16642816996912,131.12026011632352,1599900
2023-12-19,128.3210906982422,128.76306526066003,125.72446028753666,126.33218409218493,1663700
2023-12-20,123.34884643554688,128.16456685599084,123.25676195594906,127.5292204770752,1283700
2023-12-21,125.4206314086914,125.6324088695783,123.42250762294405,124.30647093162179,968900
2023-12-22,125.70606231689453,127.07802832474859,125.19962578206432,126.12041437262147,631900
2023-12-26,127.86070251464844,128.25663485916726,125.44824093610823,126.00070565288698,723200
2023-12-27,126.9583511352539,128.00804969689796,126.50715961178247,127.57527788155939,562500
2023-12-28,127.42794036865234,127.58447275271682,126.39666157946532,127.15170096437161,469800
2023-12-29,126.22169494628906,127.89752278564418,125.84416827227128,127.52001016174452,635000
