"Date","Price","Open","High","Low","Vol.","Change %"
"11/30/2023","7.54","7.92","8.00","7.46","24.64M","-2.71%"
"11/29/2023","7.75","7.92","8.44","7.69","31.60M","-1.40%"
"11/28/2023","7.86","7.81","7.89","7.62","4.73M","0.26%"
"11/27/2023","7.84","8.03","8.05","7.81","4.59M","-3.21%"
"11/24/2023","8.10","8.11","8.16","8.01","1.23M","-0.12%"
"11/22/2023","8.11","8.14","8.25","8.03","2.98M","-0.12%"
"11/21/2023","8.12","8.31","8.33","8.11","2.54M","-2.64%"
"11/20/2023","8.34","8.19","8.37","8.12","3.61M","0.97%"
"11/17/2023","8.26","8.19","8.26","8.07","4.21M","3.38%"
"11/16/2023","7.99","8.08","8.19","7.92","3.01M","-3.15%"
"11/15/2023","8.25","8.22","8.29","8.11","4.73M","1.73%"
"11/14/2023","8.11","7.89","8.13","7.77","7.18M","10.34%"
"11/13/2023","7.35","7.21","7.38","7.14","1.55M","0.82%"
"11/10/2023","7.29","7.41","7.49","7.22","2.34M","-0.82%"
"11/09/2023","7.35","7.52","7.70","7.30","3.05M","-3.42%"
"11/08/2023","7.61","7.75","7.77","7.45","2.55M","-2.19%"
"11/07/2023","7.78","7.91","8.01","7.74","2.56M","-1.89%"
"11/06/2023","7.93","8.27","8.38","7.90","3.04M","-3.76%"
"11/03/2023","8.24","8.00","8.39","7.89","5.68M","6.05%"
"11/02/2023","7.77","7.38","7.79","7.31","4.38M","8.07%"
"11/01/2023","7.19","6.94","7.20","6.89","2.71M","1.55%"
"10/31/2023","7.08","6.84","7.18","6.80","3.60M","3.21%"
"10/30/2023","6.86","6.92","6.96","6.64","3.49M","1.48%"
"10/27/2023","6.76","7.10","7.15","6.66","6.04M","-4.65%"
"10/26/2023","7.09","6.77","7.14","6.76","5.22M","4.96%"
"10/25/2023","6.76","6.81","7.02","6.25","9.88M","-2.38%"
"10/24/2023","6.92","7.24","7.52","6.40","14.94M","-5.21%"
"10/23/2023","7.30","7.33","7.52","7.23","6.05M","-0.68%"
"10/20/2023","7.35","7.83","8.03","7.35","7.75M","-4.55%"
"10/19/2023","7.70","7.62","8.00","7.56","4.08M","0.00%"
"10/18/2023","7.70","7.92","7.95","7.69","2.91M","-4.35%"
"10/17/2023","8.05","7.74","8.32","7.72","4.06M","2.94%"
"10/16/2023","7.82","7.67","7.86","7.61","2.49M","3.17%"
"10/13/2023","7.58","7.95","8.03","7.52","3.15M","-3.56%"
"10/12/2023","7.86","7.81","7.92","7.55","3.24M","0.26%"
"10/11/2023","7.84","7.77","7.95","7.71","4.07M","1.29%"
"10/10/2023","7.74","7.47","7.82","7.47","3.67M","3.89%"
"10/09/2023","7.45","7.50","7.51","7.18","3.96M","-1.97%"
"10/06/2023","7.60","7.45","7.72","7.35","3.96M","0.13%"
"10/05/2023","7.59","7.47","7.65","7.42","2.86M","0.93%"
"10/04/2023","7.52","7.33","7.53","7.19","3.30M","1.76%"
"10/03/2023","7.39","7.63","7.68","7.31","2.74M","-3.65%"
"10/02/2023","7.67","7.89","8.00","7.60","3.11M","-3.03%"
"09/29/2023","7.91","7.79","8.12","7.79","2.77M","1.93%"
"09/28/2023","7.76","7.67","7.89","7.61","2.04M","0.78%"
"09/27/2023","7.70","7.73","7.78","7.64","3.11M","0.00%"
"09/26/2023","7.70","7.70","8.00","7.52","2.58M","-1.28%"
"09/25/2023","7.80","7.56","7.84","7.52","2.68M","1.83%"
"09/22/2023","7.66","7.70","7.76","7.58","1.80M","-0.52%"
"09/21/2023","7.70","7.81","7.98","7.68","2.77M","-3.14%"
"09/20/2023","7.95","7.91","8.14","7.86","1.67M","1.02%"
"09/19/2023","7.87","7.94","8.03","7.83","1.61M","-1.01%"
"09/18/2023","7.95","8.15","8.18","7.95","2.58M","-4.56%"
"09/15/2023","8.33","8.23","8.38","8.06","9.00M","0.00%"
"09/14/2023","8.33","8.12","8.35","8.07","3.80M","3.61%"
"09/13/2023","8.04","8.10","8.19","7.83","2.13M","-1.23%"
"09/12/2023","8.14","8.12","8.32","8.09","2.08M","0.49%"
"09/11/2023","8.10","7.92","8.12","7.86","2.97M","3.18%"
"09/08/2023","7.85","7.70","7.86","7.57","1.30M","2.35%"
"09/07/2023","7.67","7.81","7.95","7.67","1.85M","-3.03%"
"09/06/2023","7.91","8.00","8.09","7.83","2.58M","-1.49%"
"09/05/2023","8.03","8.16","8.24","8.01","1.80M","-2.55%"
"09/01/2023","8.24","8.03","8.29","8.00","2.53M","3.65%"
"08/31/2023","7.95","8.05","8.17","7.92","1.72M","-1.00%"
"08/30/2023","8.03","8.05","8.13","7.92","1.50M","0.00%"
"08/29/2023","8.03","7.80","8.05","7.67","2.16M","3.08%"
"08/28/2023","7.79","7.67","7.85","7.66","1.31M","2.23%"
"08/25/2023","7.62","7.70","7.83","7.46","2.03M","-0.78%"
"08/24/2023","7.68","7.50","7.76","7.48","1.82M","1.05%"
"08/23/2023","7.60","7.47","7.63","7.35","1.88M","1.74%"
"08/22/2023","7.47","7.69","7.80","7.36","3.72M","-3.36%"
"08/21/2023","7.73","7.89","7.90","7.61","2.78M","-1.90%"
"08/18/2023","7.88","7.66","7.90","7.57","2.84M","1.03%"
"08/17/2023","7.80","7.75","7.90","7.71","2.42M","-0.38%"
"08/16/2023","7.83","7.97","8.12","7.82","2.70M","-2.61%"
"08/15/2023","8.04","8.20","8.30","7.94","3.49M","-3.71%"
"08/14/2023","8.35","8.60","8.65","8.28","2.99M","-4.35%"
"08/11/2023","8.73","8.75","8.84","8.68","1.94M","-1.02%"
"08/10/2023","8.82","8.76","8.86","8.58","3.04M","1.26%"
"08/09/2023","8.71","8.87","8.94","8.69","2.74M","-2.57%"
"08/08/2023","8.94","8.84","9.02","8.70","4.89M","-1.43%"
"08/07/2023","9.07","9.10","9.14","8.87","2.97M","-0.33%"
"08/04/2023","9.10","8.97","9.23","8.96","4.18M","1.00%"
"08/03/2023","9.01","8.97","9.12","8.81","3.41M","-0.22%"
"08/02/2023","9.03","8.89","9.05","8.80","4.46M","-0.77%"
"08/01/2023","9.10","9.25","9.25","8.94","5.40M","-2.15%"
"07/31/2023","9.30","9.42","9.54","9.24","5.77M","-1.59%"
"07/28/2023","9.45","9.35","9.48","9.11","8.26M","2.05%"
"07/27/2023","9.26","9.70","9.89","9.21","12.28M","-5.12%"
"07/26/2023","9.76","9.79","10.10","9.25","35.99M","26.92%"
"07/25/2023","7.69","10.65","11.21","7.50","49.87M","-27.04%"
"07/24/2023","10.54","9.70","10.63","9.68","14.11M","8.55%"
"07/21/2023","9.71","10.20","10.23","9.53","9.64M","-2.41%"
"07/20/2023","9.95","10.06","10.49","9.66","17.89M","0.00%"
"07/19/2023","9.95","8.89","10.04","8.78","19.59M","11.30%"
"07/18/2023","8.94","8.24","9.20","8.18","15.00M","8.50%"
"07/17/2023","8.24","8.13","8.26","7.96","5.90M","1.23%"
"07/14/2023","8.14","8.66","8.66","7.91","10.94M","-3.78%"
"07/13/2023","8.46","8.34","8.50","8.19","5.64M","2.17%"
"07/12/2023","8.28","8.55","8.71","8.21","7.92M","1.22%"
"07/11/2023","8.18","8.05","8.49","7.92","7.84M","2.63%"
"07/10/2023","7.97","8.05","8.29","7.90","6.17M","-0.99%"
"07/07/2023","8.05","8.03","8.37","8.00","7.45M","0.88%"
"07/06/2023","7.98","8.18","8.22","7.66","12.39M","-5.23%"
"07/05/2023","8.42","8.33","8.47","8.17","5.76M","-0.12%"
"07/03/2023","8.43","8.21","8.48","8.19","4.93M","3.44%"
"06/30/2023","8.15","8.56","8.60","8.15","7.68M","-3.32%"
"06/29/2023","8.43","8.40","8.66","8.30","10.44M","3.31%"
"06/28/2023","8.16","7.90","8.16","7.76","6.85M","2.90%"
"06/27/2023","7.93","7.53","8.05","7.33","10.85M","5.45%"
"06/26/2023","7.52","7.66","8.05","7.49","15.76M","4.01%"
"06/23/2023","7.23","6.95","7.28","6.88","22.33M","0.56%"
"06/22/2023","7.19","7.52","7.54","7.14","9.92M","-5.89%"
"06/21/2023","7.64","7.53","7.81","7.45","8.17M","-0.13%"
"06/20/2023","7.65","7.88","7.98","7.41","11.26M","-5.90%"
"06/16/2023","8.13","8.19","8.24","7.78","16.62M","-0.97%"
"06/15/2023","8.21","7.90","8.29","7.77","9.87M","1.36%"
"06/14/2023","8.10","8.76","8.92","8.07","15.87M","-6.47%"
"06/13/2023","8.66","8.71","8.90","8.47","14.23M","0.81%"
"06/12/2023","8.59","8.60","9.01","8.28","14.47M","0.70%"
"06/09/2023","8.53","9.05","9.05","8.47","13.33M","-6.47%"
"06/08/2023","9.12","9.20","9.33","8.46","22.61M","-0.33%"
"06/07/2023","9.15","8.36","9.38","8.14","35.44M","14.37%"
"06/06/2023","8.00","7.39","8.13","7.32","18.34M","8.11%"
"06/05/2023","7.40","8.07","8.11","7.36","17.60M","-3.52%"
"06/02/2023","7.67","6.99","7.85","6.90","28.35M","14.14%"
"06/01/2023","6.72","6.53","6.85","6.26","13.05M","4.19%"
"05/31/2023","6.45","6.66","6.83","6.31","13.32M","-5.56%"
"05/30/2023","6.83","7.16","7.18","6.61","16.53M","-3.94%"
"05/26/2023","7.11","6.82","7.12","6.44","19.61M","4.41%"
"05/25/2023","6.81","7.02","7.20","6.55","21.30M","-5.42%"
"05/24/2023","7.20","7.41","7.62","6.90","30.46M","-2.44%"
"05/23/2023","7.38","7.76","8.50","7.28","66.18M","7.74%"
"05/22/2023","6.85","6.28","7.16","6.04","56.43M","19.55%"
"05/19/2023","5.73","6.05","6.34","5.33","39.25M","-1.88%"
"05/18/2023","5.84","5.83","6.38","5.62","49.32M","5.04%"
"05/17/2023","5.56","5.06","5.64","4.76","41.86M","21.66%"
"05/16/2023","4.57","5.46","5.70","4.55","30.44M","-14.58%"
"05/15/2023","5.35","4.48","5.45","4.40","39.47M","17.58%"
"05/12/2023","4.55","4.78","4.90","4.43","22.94M","-3.19%"
"05/11/2023","4.70","4.61","5.23","4.00","72.05M","-22.70%"
"05/10/2023","6.08","6.56","6.64","5.78","25.63M","-0.49%"
"05/09/2023","6.11","5.57","6.61","5.37","39.10M","2.35%"
"05/08/2023","5.97","7.48","7.50","5.80","101.36M","3.65%"
"05/05/2023","5.76","4.42","6.22","4.17","135.65M","81.70%"
"05/04/2023","3.17","3.59","4.15","2.48","106.64M","-50.62%"
"05/03/2023","6.42","6.43","7.50","6.23","38.65M","-1.98%"
"05/02/2023","6.55","8.92","8.92","5.26","74.41M","-27.78%"
"05/01/2023","9.07","10.14","10.52","9.01","24.26M","-10.64%"
"04/28/2023","10.15","10.80","10.92","10.06","13.22M","-6.45%"
"04/27/2023","10.85","11.05","11.21","10.40","13.81M","-2.08%"
"04/26/2023","11.08","11.87","12.08","10.88","30.35M","7.47%"
"04/25/2023","10.31","10.81","11.12","10.15","19.38M","-8.92%"
"04/24/2023","11.32","11.34","11.74","11.20","13.09M","0.27%"
"04/21/2023","11.29","11.12","11.42","11.01","7.05M","1.26%"
"04/20/2023","11.15","11.04","11.59","10.86","8.22M","-2.36%"
"04/19/2023","11.42","10.73","11.70","10.49","19.39M","13.18%"
"04/18/2023","10.09","10.24","10.30","9.87","5.39M","-1.94%"
"04/17/2023","10.29","9.72","10.30","9.55","7.50M","3.11%"
"04/14/2023","9.98","10.42","10.43","9.71","7.29M","-1.77%"
"04/13/2023","10.16","10.09","10.24","9.91","3.74M","1.20%"
"04/12/2023","10.04","10.40","10.52","9.81","6.99M","-2.43%"
"04/11/2023","10.29","10.05","10.35","9.99","5.84M","2.69%"
"04/10/2023","10.02","9.53","10.03","9.36","6.35M","3.19%"
"04/06/2023","9.71","9.40","9.82","9.30","8.86M","3.52%"
"04/05/2023","9.38","9.35","9.55","8.97","15.57M","-4.67%"
"04/04/2023","9.84","10.11","10.15","9.42","33.08M","-2.67%"
"04/03/2023","10.11","9.74","10.20","9.72","11.63M","3.91%"
"03/31/2023","9.73","9.54","9.90","9.38","10.93M","3.18%"
"03/30/2023","9.43","10.16","10.26","9.34","15.74M","-4.36%"
"03/29/2023","9.86","9.26","10.06","9.23","17.65M","5.06%"
"03/28/2023","9.39","9.85","9.89","9.18","14.57M","-5.01%"
"03/27/2023","9.88","10.41","10.51","9.67","21.50M","3.46%"
"03/24/2023","9.55","8.99","9.76","8.70","18.87M","3.19%"
"03/23/2023","9.26","10.54","10.59","8.85","30.15M","-8.55%"
"03/22/2023","10.12","11.07","12.07","10.03","46.81M","-17.12%"
"03/21/2023","12.21","11.48","12.64","11.20","39.17M","18.77%"
"03/20/2023","10.28","11.03","11.40","9.65","40.88M","10.78%"
"03/17/2023","9.28","10.00","10.67","9.05","39.36M","-18.95%"
"03/16/2023","11.45","9.88","13.91","8.50","82.58M","0.70%"
"03/15/2023","11.37","11.06","12.28","9.88","62.34M","-12.87%"
"03/14/2023","13.05","15.21","17.25","11.88","65.98M","33.85%"
"03/13/2023","9.75","7.34","10.81","5.00","69.86M","-21.05%"
"03/10/2023","12.35","15.70","17.85","12.21","38.21M","-37.91%"
"03/09/2023","19.89","25.43","25.43","19.79","11.36M","-25.45%"
"03/08/2023","26.68","26.95","27.03","26.40","1.11M","-0.22%"
"03/07/2023","26.74","27.16","27.24","26.67","1.61M","-2.41%"
"03/06/2023","27.40","27.73","27.86","27.26","2.01M","-0.87%"
"03/03/2023","27.64","27.66","27.75","27.29","1.05M","1.28%"
"03/02/2023","27.29","27.61","27.64","26.99","1.30M","-2.50%"
"03/01/2023","27.99","27.68","28.14","27.48","1.10M","0.86%"
"02/28/2023","27.75","28.18","28.40","27.74","1.14M","-0.68%"
"02/27/2023","27.94","28.67","28.89","27.83","1.31M","-1.31%"
"02/24/2023","28.31","26.49","28.50","26.49","1.99M","2.50%"
"02/23/2023","27.62","27.51","27.79","27.05","1.29M","0.66%"
"02/22/2023","27.44","27.14","27.59","27.05","2.64M","1.29%"
"02/21/2023","27.09","27.16","27.55","26.88","1.90M","-1.99%"
"02/17/2023","27.64","27.26","27.70","26.89","1.14M","0.91%"
"02/16/2023","27.39","27.41","27.82","27.14","859.45K","-1.86%"
"02/15/2023","27.91","27.11","28.04","27.07","879.92K","1.90%"
"02/14/2023","27.39","27.66","27.81","26.96","1.16M","-2.25%"
"02/13/2023","28.02","27.77","28.07","27.60","1.34M","0.65%"
"02/10/2023","27.84","27.95","28.16","27.59","1.64M","-1.28%"
"02/09/2023","28.20","29.19","29.25","28.17","759.94K","-2.56%"
"02/08/2023","28.94","29.01","29.46","28.77","1.22M","-2.13%"
"02/07/2023","29.57","28.76","29.73","28.60","1.14M","1.86%"
"02/06/2023","29.03","29.02","29.22","28.76","1.36M","-1.12%"
"02/03/2023","29.36","29.16","30.07","29.16","1.44M","-0.74%"
"02/02/2023","29.58","29.06","29.91","28.71","1.87M","4.01%"
"02/01/2023","28.44","27.52","28.90","27.40","1.70M","2.82%"
"01/31/2023","27.66","26.54","27.68","26.41","1.82M","4.22%"
"01/30/2023","26.54","26.46","26.88","26.43","1.57M","-1.67%"
"01/27/2023","26.99","25.16","27.22","25.01","2.98M","3.41%"
"01/26/2023","26.10","25.99","26.32","25.67","1.60M","1.08%"
"01/25/2023","25.82","25.00","25.88","24.62","2.54M","2.22%"
"01/24/2023","25.26","25.65","25.72","25.00","1.01M","-2.17%"
"01/23/2023","25.82","24.79","25.85","24.79","1.96M","4.58%"
"01/20/2023","24.69","23.59","24.70","23.53","2.03M","5.60%"
"01/19/2023","23.38","23.16","23.49","22.93","1.57M","-0.81%"
"01/18/2023","23.57","23.86","24.24","23.45","1.16M","-1.59%"
"01/17/2023","23.95","24.28","24.34","23.86","1.03M","-1.84%"
"01/13/2023","24.40","23.92","24.41","23.29","1.15M","0.29%"
"01/12/2023","24.33","24.16","24.50","24.10","1.16M","1.33%"
"01/11/2023","24.01","24.09","24.20","23.91","1.14M","0.13%"
"01/10/2023","23.98","23.55","24.00","23.35","858.38K","1.18%"
"01/09/2023","23.70","23.78","23.93","23.53","967.70K","0.59%"
"01/06/2023","23.56","23.02","23.70","22.69","1.04M","2.88%"
"01/05/2023","22.90","23.11","23.30","22.62","1.87M","-2.09%"
"01/04/2023","23.39","23.00","23.65","22.92","1.20M","3.18%"
"01/03/2023","22.67","23.21","23.60","22.55","1.22M","-1.22%"
"12/30/2022","22.95","22.68","23.00","22.68","795.03K","0.00%"
"12/29/2022","22.95","22.42","23.04","22.28","936.90K","3.10%"
"12/28/2022","22.26","22.40","22.47","22.10","727.93K","-0.27%"
"12/27/2022","22.32","22.30","22.49","21.96","852.66K","0.13%"
"12/23/2022","22.29","22.15","22.35","21.84","1.11M","0.72%"
"12/22/2022","22.13","22.16","22.16","21.62","936.91K","-1.34%"
"12/21/2022","22.43","22.43","22.75","22.27","1.00M","1.31%"
"12/20/2022","22.14","22.30","22.55","22.12","1.17M","-0.90%"
"12/19/2022","22.34","22.49","22.56","22.09","1.40M","0.18%"
"12/16/2022","22.30","22.65","22.97","22.29","4.07M","-2.53%"
"12/15/2022","22.88","23.13","23.40","22.88","1.73M","-4.47%"
"12/14/2022","23.95","24.49","24.75","23.92","1.27M","-2.48%"
"12/13/2022","24.56","25.50","25.94","24.20","1.69M","-1.09%"
"12/12/2022","24.83","24.26","24.94","23.92","1.10M","2.73%"
"12/09/2022","24.17","23.60","24.38","23.60","946.54K","-0.78%"
"12/08/2022","24.36","24.26","24.70","23.89","854.99K","1.20%"
"12/07/2022","24.07","23.81","24.36","23.49","831.13K","0.42%"
"12/06/2022","23.97","24.36","24.60","23.68","1.12M","-2.00%"
"12/05/2022","24.46","25.58","25.62","24.02","1.10M","-5.52%"
"12/02/2022","25.89","25.54","25.99","25.42","792.23K","0.00%"
"12/01/2022","25.89","26.28","26.42","25.72","693.30K","-0.88%"
"11/30/2022","26.12","25.34","26.16","24.64","1.29M","2.47%"
"11/29/2022","25.49","24.85","25.52","24.66","1.15M","2.08%"
"11/28/2022","24.97","25.96","26.13","24.89","918.34K","-5.38%"
"11/25/2022","26.39","26.19","26.41","25.94","370.78K","0.42%"
"11/23/2022","26.28","26.05","26.32","25.82","638.69K","0.46%"
"11/22/2022","26.16","25.98","26.70","25.95","1.31M","1.59%"
"11/21/2022","25.75","25.79","25.86","25.50","884.32K","-0.58%"
"11/18/2022","25.90","26.34","26.57","25.58","1.00M","0.50%"
"11/17/2022","25.77","25.87","25.88","25.49","897.99K","-2.50%"
"11/16/2022","26.43","26.93","26.96","26.10","919.55K","-2.54%"
"11/15/2022","27.12","27.25","27.86","26.72","871.54K","1.27%"
"11/14/2022","26.78","27.90","27.96","26.77","1.27M","-5.27%"
"11/11/2022","28.27","26.80","28.35","26.80","1.99M","5.64%"
"11/10/2022","26.76","25.26","26.99","25.26","1.63M","10.67%"
"11/09/2022","24.18","24.45","24.48","23.99","2.01M","-2.70%"
"11/08/2022","24.85","24.84","25.16","24.47","800.30K","0.00%"
"11/07/2022","24.85","24.80","24.96","24.44","854.14K","1.43%"
"11/04/2022","24.50","23.91","24.57","23.91","968.86K","4.08%"
"11/03/2022","23.54","23.62","23.66","23.03","1.36M","-1.38%"
"11/02/2022","23.87","24.94","25.08","23.80","1.51M","-4.94%"
"11/01/2022","25.11","25.00","25.25","24.72","1.34M","1.01%"
"10/31/2022","24.86","25.26","25.54","24.83","2.02M","-2.43%"
"10/28/2022","25.48","24.50","25.61","24.44","1.49M","4.86%"
"10/27/2022","24.30","24.45","24.71","24.22","1.51M","0.41%"
"10/26/2022","24.20","23.96","24.60","23.67","1.81M","1.30%"
"10/25/2022","23.89","22.82","23.90","22.68","1.21M","4.01%"
"10/24/2022","22.97","22.18","23.13","22.01","2.00M","4.50%"
"10/21/2022","21.98","22.38","22.45","21.29","1.96M","-2.09%"
"10/20/2022","22.45","23.14","23.69","22.38","1.88M","-4.79%"
"10/19/2022","23.58","23.94","24.29","23.35","1.29M","-2.92%"
"10/18/2022","24.29","24.70","25.00","23.99","1.53M","0.04%"
"10/17/2022","24.28","23.77","24.35","23.62","1.45M","4.97%"
"10/14/2022","23.13","23.72","24.20","22.96","1.75M","-1.87%"
"10/13/2022","23.57","22.31","23.80","21.94","2.13M","4.11%"
"10/12/2022","22.64","22.72","22.93","22.39","1.07M","-0.44%"
"10/11/2022","22.74","22.76","23.14","22.48","1.33M","-0.52%"
"10/10/2022","22.86","23.15","23.21","22.69","973.34K","-0.04%"
"10/07/2022","22.87","23.18","23.24","22.65","1.32M","-2.31%"
"10/06/2022","23.41","23.83","24.17","23.37","1.59M","-3.66%"
"10/05/2022","24.30","24.30","24.67","24.12","1.25M","-2.25%"
"10/04/2022","24.86","23.52","24.87","23.45","1.48M","7.48%"
"10/03/2022","23.13","23.07","23.34","22.46","1.44M","2.35%"
"09/30/2022","22.60","22.74","23.24","22.58","1.93M","-0.44%"
"09/29/2022","22.70","22.81","22.85","22.26","1.34M","-2.37%"
"09/28/2022","23.25","23.00","23.57","22.91","1.38M","1.22%"
"09/27/2022","22.97","23.61","23.87","22.71","1.08M","-1.50%"
"09/26/2022","23.32","23.53","23.88","23.28","1.24M","-1.77%"
"09/23/2022","23.74","23.62","23.76","23.20","1.54M","-0.92%"
"09/22/2022","23.96","25.04","25.04","23.89","1.25M","-3.58%"
"09/21/2022","24.85","25.49","25.79","24.84","1.81M","-2.32%"
"09/20/2022","25.44","25.69","25.80","25.20","1.09M","-1.93%"
"09/19/2022","25.94","24.89","26.05","24.89","1.19M","2.90%"
"09/16/2022","25.21","25.80","25.80","24.95","2.54M","-3.48%"
"09/15/2022","26.12","25.71","26.63","25.71","1.08M","1.59%"
"09/14/2022","25.71","25.71","25.85","25.23","965.18K","0.12%"
"09/13/2022","25.68","26.49","26.66","25.59","848.69K","-5.83%"
"09/12/2022","27.27","26.71","27.60","26.71","1.10M","1.26%"
"09/09/2022","26.93","27.00","27.19","26.57","813.49K","0.60%"
"09/08/2022","26.77","25.78","27.04","25.60","1.93M","3.04%"
"09/07/2022","25.98","25.05","26.00","24.95","1.16M","3.42%"
"09/06/2022","25.12","26.21","26.41","24.90","931.03K","-2.94%"
"09/02/2022","25.88","26.44","26.57","25.63","783.27K","-0.54%"
"09/01/2022","26.02","26.19","26.19","25.70","640.82K","-1.18%"
"08/31/2022","26.33","26.68","26.68","26.23","648.95K","-0.72%"
"08/30/2022","26.52","27.32","27.32","26.34","590.42K","-1.19%"
"08/29/2022","26.84","27.05","27.17","26.77","674.46K","-1.65%"
"08/26/2022","27.29","28.58","28.68","27.28","677.30K","-4.28%"
"08/25/2022","28.51","28.00","28.54","27.93","457.91K","2.33%"
"08/24/2022","27.86","27.59","28.23","27.46","1.58M","0.29%"
"08/23/2022","27.78","27.91","28.22","27.64","493.62K","0.18%"
"08/22/2022","27.73","28.07","28.07","27.68","636.86K","-3.21%"
"08/19/2022","28.65","29.09","29.11","28.44","818.59K","-2.85%"
"08/18/2022","29.49","29.55","29.58","29.22","728.66K","-0.41%"
"08/17/2022","29.61","29.70","29.98","29.33","669.78K","-2.28%"
"08/16/2022","30.30","29.70","30.43","29.61","650.05K","1.71%"
"08/15/2022","29.79","29.13","29.87","29.13","703.35K","0.24%"
"08/12/2022","29.72","29.38","29.75","29.11","574.21K","1.16%"
"08/11/2022","29.38","29.43","29.68","29.25","608.05K","0.69%"
"08/10/2022","29.18","28.78","29.56","28.48","1.25M","3.40%"
"08/09/2022","28.22","28.08","28.24","27.72","800.51K","0.71%"
"08/08/2022","28.02","28.05","28.43","27.92","613.19K","0.43%"
"08/05/2022","27.90","27.56","28.15","27.48","706.78K","1.34%"
"08/04/2022","27.53","27.56","27.70","27.31","808.81K","0.15%"
"08/03/2022","27.49","27.57","27.82","27.30","641.39K","0.51%"
"08/02/2022","27.35","27.61","27.75","27.31","645.60K","-1.80%"
"08/01/2022","27.85","27.79","28.09","27.25","842.10K","-0.64%"
"07/29/2022","28.03","27.98","28.29","27.63","1.67M","0.79%"
"07/28/2022","27.81","27.14","27.89","26.85","1.28M","2.09%"
"07/27/2022","27.24","27.04","27.39","26.74","1.03M","1.95%"
"07/26/2022","26.72","26.86","27.16","26.56","1.06M","-1.62%"
"07/25/2022","27.16","27.31","27.45","26.92","2.14M","1.15%"
"07/22/2022","26.85","27.10","27.47","26.50","1.95M","-2.58%"
"07/21/2022","27.56","28.15","28.15","26.13","2.93M","-5.42%"
"07/20/2022","29.14","28.31","29.15","28.27","1.09M","2.21%"
"07/19/2022","28.51","28.11","28.70","28.07","829.19K","3.56%"
"07/18/2022","27.53","27.53","28.19","27.23","1.57M","0.88%"
"07/15/2022","27.29","26.84","27.45","26.18","1.76M","4.60%"
"07/14/2022","26.09","25.76","26.21","25.48","1.50M","-1.36%"
"07/13/2022","26.45","26.71","26.86","26.08","745.00K","-2.22%"
"07/12/2022","27.05","26.73","27.55","26.63","641.71K","0.33%"
"07/11/2022","26.96","27.05","27.34","26.70","633.70K","-1.79%"
"07/08/2022","27.45","27.64","28.02","27.23","679.88K","-0.80%"
"07/07/2022","27.67","27.08","27.92","27.08","1.09M","2.63%"
"07/06/2022","26.96","27.42","27.66","26.79","1.41M","-2.21%"
"07/05/2022","27.57","26.54","27.61","26.35","1.02M","1.14%"
"07/01/2022","27.26","26.51","27.36","26.49","936.19K","2.25%"
"06/30/2022","26.66","26.47","27.27","25.88","1.27M","-1.91%"
"06/29/2022","27.18","27.22","27.29","26.84","849.59K","-0.48%"
"06/28/2022","27.31","27.76","28.07","27.25","797.18K","-0.18%"
"06/27/2022","27.36","27.64","27.69","27.00","843.57K","-0.40%"
"06/24/2022","27.47","26.21","27.58","26.21","2.85M","5.86%"
"06/23/2022","25.95","26.39","26.71","25.65","1.61M","-2.44%"
"06/22/2022","26.60","26.11","26.76","26.09","1.93M","0.15%"
"06/21/2022","26.56","27.20","27.40","26.54","1.35M","0.45%"
"06/17/2022","26.44","26.13","26.95","25.85","3.60M","2.08%"
"06/16/2022","25.90","26.65","26.93","25.60","1.83M","-5.37%"
"06/15/2022","27.37","28.05","28.05","26.97","3.22M","-0.18%"
"06/14/2022","27.42","27.96","27.96","27.12","1.31M","0.37%"
"06/13/2022","27.32","28.01","28.12","27.11","1.88M","-5.37%"
"06/10/2022","28.87","29.78","30.18","28.65","1.25M","-6.14%"
"06/09/2022","30.76","32.29","32.29","30.75","993.37K","-3.69%"
"06/08/2022","31.94","31.86","32.06","31.54","886.69K","-1.24%"
"06/07/2022","32.34","31.55","32.52","31.52","1.29M","0.87%"
"06/06/2022","32.06","32.33","32.60","32.01","768.40K","0.60%"
"06/03/2022","31.87","32.13","32.24","31.63","1.15M","-1.76%"
"06/02/2022","32.44","31.44","32.68","31.27","1.44M","3.28%"
"06/01/2022","31.41","31.70","32.03","30.89","2.96M","-0.54%"
"05/31/2022","31.58","31.35","31.77","30.93","1.51M","0.45%"
"05/27/2022","31.44","31.14","31.50","30.95","776.31K","0.77%"
"05/26/2022","31.20","30.56","31.33","30.33","1.06M","2.94%"
"05/25/2022","30.31","29.33","30.41","29.03","1.20M","3.73%"
"05/24/2022","29.22","29.97","30.22","28.77","1.39M","-3.34%"
"05/23/2022","30.23","30.37","30.65","29.57","1.86M","2.13%"
"05/20/2022","29.60","30.10","30.27","28.84","1.30M","-0.27%"
"05/19/2022","29.68","30.01","30.58","29.62","1.76M","-2.62%"
"05/18/2022","30.48","30.65","31.18","30.40","1.50M","-2.43%"
"05/17/2022","31.24","30.73","31.35","30.45","794.51K","4.31%"
"05/16/2022","29.95","30.55","30.69","29.54","733.38K","-1.84%"
"05/13/2022","30.51","30.90","31.13","30.15","977.18K","0.53%"
"05/12/2022","30.35","30.01","30.60","29.18","1.72M","0.50%"
"05/11/2022","30.20","31.21","31.85","30.07","1.38M","-2.83%"
"05/10/2022","31.08","31.89","32.22","30.42","1.03M","-0.89%"
"05/09/2022","31.36","31.71","32.02","31.04","1.06M","-3.09%"
"05/06/2022","32.36","33.02","33.13","31.88","880.13K","-2.27%"
"05/05/2022","33.11","33.99","34.21","32.72","988.18K","-4.03%"
"05/04/2022","34.50","33.58","34.68","33.19","938.41K","2.62%"
"05/03/2022","33.62","33.49","34.13","33.18","882.62K","0.66%"
"05/02/2022","33.40","33.17","33.53","32.45","987.08K","1.55%"
"04/29/2022","32.89","34.04","34.36","32.79","1.22M","-3.60%"
"04/28/2022","34.12","33.83","34.23","33.11","825.38K","2.09%"
"04/27/2022","33.42","33.59","34.01","33.19","1.14M","-0.51%"
"04/26/2022","33.59","34.04","34.58","33.35","1.41M","-3.03%"
"04/25/2022","34.64","34.20","34.98","33.37","2.11M","0.41%"
"04/22/2022","34.50","35.23","35.87","34.47","1.43M","-2.24%"
"04/21/2022","35.29","38.26","38.61","35.28","2.17M","-7.38%"
"04/20/2022","38.10","39.12","39.17","37.51","2.61M","-5.20%"
"04/19/2022","40.19","38.51","40.28","38.26","1.98M","5.74%"
"04/18/2022","38.01","37.21","38.12","37.21","1.34M","1.82%"
"04/14/2022","37.33","38.67","38.80","37.29","1.18M","-3.44%"
"04/13/2022","38.66","37.69","38.75","37.49","1.78M","1.66%"
"04/12/2022","38.03","38.76","39.36","37.77","1.19M","-1.60%"
"04/11/2022","38.65","38.54","39.59","38.42","1.14M","0.26%"
"04/08/2022","38.55","38.89","39.20","38.19","978.24K","-0.44%"
"04/07/2022","38.72","39.77","39.77","38.12","1.25M","-2.17%"
"04/06/2022","39.58","40.61","40.69","39.10","1.75M","-3.20%"
"04/05/2022","40.89","41.50","42.03","40.71","1.25M","-1.87%"
"04/04/2022","41.67","42.27","42.72","41.53","759.73K","-2.11%"
"04/01/2022","42.57","43.90","44.82","42.31","1.17M","-1.30%"
"03/31/2022","43.13","44.17","44.90","43.08","1.12M","-3.04%"
"03/30/2022","44.48","46.36","46.50","43.98","1.74M","-3.47%"
"03/29/2022","46.08","46.07","46.44","45.40","721.36K","2.13%"
"03/28/2022","45.12","45.50","45.50","44.29","685.56K","-0.77%"
"03/25/2022","45.47","44.58","45.50","44.35","838.43K","2.18%"
"03/24/2022","44.50","44.50","44.94","44.10","871.37K","0.77%"
"03/23/2022","44.16","46.23","46.23","44.12","825.93K","-4.93%"
"03/22/2022","46.45","45.57","46.76","45.42","1.22M","3.48%"
"03/21/2022","44.89","45.23","45.80","44.33","598.32K","0.09%"
"03/18/2022","44.85","44.70","45.18","43.83","2.13M","-0.49%"
"03/17/2022","45.07","45.18","45.26","44.51","558.95K","-1.79%"
"03/16/2022","45.89","44.81","46.84","44.68","1.63M","4.30%"
"03/15/2022","44.00","44.57","45.21","43.15","1.06M","-0.99%"
"03/14/2022","44.44","44.54","45.81","43.99","1.80M","1.37%"
"03/11/2022","43.84","44.26","45.06","43.55","1.20M","-0.05%"
"03/10/2022","43.86","42.90","44.04","42.49","793.85K","0.85%"
"03/09/2022","43.49","43.14","43.93","42.78","645.41K","4.85%"
"03/08/2022","41.48","41.29","43.11","40.29","1.55M","2.17%"
"03/07/2022","40.60","43.31","44.00","40.54","1.54M","-7.07%"
"03/04/2022","43.69","46.05","46.05","43.01","1.74M","-7.51%"
"03/03/2022","47.24","47.85","48.17","46.61","1.09M","-0.90%"
"03/02/2022","47.67","46.86","48.47","46.68","1.45M","2.91%"
"03/01/2022","46.32","48.87","48.87","45.95","2.26M","-6.27%"
"02/28/2022","49.42","47.67","49.50","47.55","940.78K","0.82%"
"02/25/2022","49.02","45.95","49.13","45.95","832.45K","5.33%"
"02/24/2022","46.54","45.53","46.67","44.42","1.10M","-2.25%"
"02/23/2022","47.61","48.67","49.22","47.33","785.06K","-1.41%"
"02/22/2022","48.29","49.15","49.31","47.78","839.94K","-0.84%"
"02/18/2022","48.70","49.02","49.57","48.56","619.29K","-0.57%"
"02/17/2022","48.98","50.53","50.81","48.80","592.41K","-4.17%"
"02/16/2022","51.11","50.50","51.50","50.30","577.57K","0.12%"
"02/15/2022","51.05","49.31","51.23","49.31","534.67K","4.44%"
"02/14/2022","48.88","49.67","50.15","48.55","982.73K","-2.02%"
"02/11/2022","49.89","50.33","51.44","49.56","692.65K","-1.23%"
"02/10/2022","50.51","50.48","51.81","50.18","916.33K","0.24%"
"02/09/2022","50.39","50.77","50.77","49.81","723.80K","-0.51%"
"02/08/2022","50.65","49.28","50.79","49.09","737.04K","3.98%"
"02/07/2022","48.71","48.89","49.32","48.37","335.70K","-0.10%"
"02/04/2022","48.76","47.66","49.09","47.28","655.47K","3.28%"
"02/03/2022","47.21","47.18","48.14","46.71","566.23K","0.15%"
"02/02/2022","47.14","47.76","48.02","46.83","599.49K","-0.97%"
"02/01/2022","47.60","46.43","47.64","45.97","678.91K","2.52%"
"01/31/2022","46.43","45.74","46.55","44.86","1.30M","1.07%"
"01/28/2022","45.94","46.04","46.39","44.65","1.01M","-0.20%"
"01/27/2022","46.03","47.69","49.04","45.53","1.57M","-3.36%"
"01/26/2022","47.63","48.06","48.74","46.54","1.11M","0.70%"
"01/25/2022","47.30","47.07","47.76","45.67","1.15M","-0.71%"
"01/24/2022","47.64","47.05","47.78","45.24","1.38M","-1.10%"
"01/21/2022","48.17","47.91","48.81","46.83","1.36M","-0.08%"
"01/20/2022","48.21","50.77","51.33","48.07","1.33M","0.17%"
"01/19/2022","48.13","50.47","50.49","48.02","988.06K","-3.39%"
"01/18/2022","49.82","51.07","51.10","49.34","1.47M","-2.70%"
"01/14/2022","51.20","50.02","51.25","49.52","566.61K","0.97%"
"01/13/2022","50.71","50.81","51.72","50.46","752.63K","0.26%"
"01/12/2022","50.58","50.67","51.55","50.16","1.23M","0.26%"
"01/11/2022","50.45","50.20","50.49","49.07","1.13M","0.92%"
"01/10/2022","49.99","50.05","50.25","48.69","1.09M","0.18%"
"01/07/2022","49.90","49.57","50.40","48.97","1.12M","0.89%"
"01/06/2022","49.46","48.38","49.63","47.73","927.38K","3.84%"
"01/05/2022","47.63","47.64","48.71","47.63","1.12M","0.17%"
"01/04/2022","47.55","46.97","48.35","46.74","984.45K","2.83%"
"01/03/2022","46.24","45.85","46.81","45.53","708.63K","2.37%"
"12/31/2021","45.17","45.03","45.50","45.03","397.84K","-0.15%"
"12/30/2021","45.24","45.45","46.24","45.19","426.07K","-0.37%"
"12/29/2021","45.41","45.04","45.64","44.99","393.97K","0.91%"
"12/28/2021","45.00","44.69","45.37","43.84","340.52K","0.38%"
"12/27/2021","44.83","44.19","44.83","43.90","281.06K","1.45%"
"12/23/2021","44.19","44.40","44.69","44.16","362.14K","0.52%"
"12/22/2021","43.96","43.53","44.01","43.27","388.87K","0.99%"
"12/21/2021","43.53","42.47","43.58","42.13","603.39K","3.87%"
"12/20/2021","41.91","42.58","43.14","40.79","864.86K","-2.85%"
"12/17/2021","43.14","44.34","44.34","42.62","2.78M","-2.93%"
"12/16/2021","44.44","45.41","45.96","44.23","677.00K","-0.58%"
"12/15/2021","44.70","44.16","44.91","43.49","951.35K","1.38%"
"12/14/2021","44.09","43.82","45.00","43.82","719.66K","0.57%"
"12/13/2021","43.84","44.60","44.68","43.80","704.69K","-2.40%"
"12/10/2021","44.92","45.43","46.19","44.11","353.83K","-0.22%"
"12/09/2021","45.02","45.01","45.74","44.60","391.24K","-1.01%"
"12/08/2021","45.48","45.26","46.07","45.26","602.70K","1.02%"
"12/07/2021","45.02","44.86","45.50","44.60","837.90K","1.46%"
"12/06/2021","44.37","44.35","45.22","43.15","883.71K","1.88%"
"12/03/2021","43.55","44.98","44.98","43.13","674.89K","-3.11%"
"12/02/2021","44.95","43.76","45.45","43.42","680.05K","3.67%"
"12/01/2021","43.36","46.04","46.53","43.35","839.23K","-3.08%"
"11/30/2021","44.74","45.35","46.61","43.73","1.17M","-2.95%"
"11/29/2021","46.10","47.33","47.78","45.74","466.34K","-0.39%"
"11/26/2021","46.28","47.05","47.13","45.34","721.35K","-6.01%"
"11/24/2021","49.24","49.20","49.62","48.66","484.48K","-0.36%"
"11/23/2021","49.42","48.95","49.52","48.43","682.72K","1.60%"
"11/22/2021","48.64","48.35","49.40","48.35","506.78K","2.01%"
"11/19/2021","47.68","47.49","47.89","46.83","536.38K","-1.04%"
"11/18/2021","48.18","48.44","48.62","47.98","690.28K","-0.12%"
"11/17/2021","48.24","48.81","49.10","47.79","463.89K","-1.27%"
"11/16/2021","48.86","48.92","49.49","48.31","603.99K","-0.08%"
"11/15/2021","48.90","49.01","49.02","48.18","915.53K","1.07%"
"11/12/2021","48.38","48.81","48.91","47.99","514.65K","-1.33%"
"11/11/2021","49.03","49.02","49.32","48.18","568.71K","0.12%"
"11/10/2021","48.97","49.37","49.62","48.77","683.05K","-0.91%"
"11/09/2021","49.42","48.90","49.90","48.52","473.23K","0.41%"
"11/08/2021","49.22","49.74","50.05","49.11","430.79K","-0.63%"
"11/05/2021","49.53","49.42","49.88","48.89","980.71K","1.10%"
"11/04/2021","48.99","50.20","50.20","48.49","544.58K","-2.57%"
"11/03/2021","50.28","49.07","50.42","48.62","881.21K","2.07%"
"11/02/2021","49.26","49.20","49.98","48.88","868.71K","-0.06%"
"11/01/2021","49.29","47.88","49.43","47.74","1.19M","3.83%"
"10/29/2021","47.47","46.64","47.99","46.34","1.46M","1.87%"
"10/28/2021","46.60","45.88","46.64","45.88","609.30K","1.95%"
"10/27/2021","45.71","46.84","47.22","45.69","676.27K","-3.18%"
"10/26/2021","47.21","47.89","47.99","46.94","680.53K","-1.07%"
"10/25/2021","47.72","47.97","48.44","47.68","905.60K","0.23%"
"10/22/2021","47.61","47.42","48.33","47.33","709.82K","0.87%"
"10/21/2021","47.20","48.03","48.03","46.44","818.26K","-1.95%"
"10/20/2021","48.14","47.88","48.39","46.93","719.20K","0.54%"
"10/19/2021","47.88","47.12","48.31","46.40","1.22M","-0.48%"
"10/18/2021","48.11","47.55","48.34","47.43","976.85K","1.18%"
"10/15/2021","47.55","48.00","48.37","47.55","698.12K","-0.38%"
"10/14/2021","47.73","47.73","47.78","46.86","591.74K","1.29%"
"10/13/2021","47.12","46.33","47.20","45.72","608.31K","1.62%"
"10/12/2021","46.37","46.13","46.58","45.90","901.93K","0.61%"
"10/11/2021","46.09","47.30","47.71","46.08","492.82K","-1.85%"
"10/08/2021","46.96","46.68","47.24","46.04","810.48K","0.75%"
"10/07/2021","46.61","46.60","47.14","46.25","493.83K","1.24%"
"10/06/2021","46.04","46.09","46.35","45.00","516.56K","-1.29%"
"10/05/2021","46.64","46.56","46.98","45.84","808.26K","0.91%"
"10/04/2021","46.22","46.49","47.22","45.99","558.18K","-1.03%"
"10/01/2021","46.70","45.44","47.24","45.18","738.34K","3.05%"
"09/30/2021","45.32","46.26","46.26","45.32","468.91K","-1.41%"
"09/29/2021","45.97","45.65","46.17","44.95","400.55K","0.97%"
"09/28/2021","45.53","46.48","46.81","45.36","622.03K","-1.75%"
"09/27/2021","46.34","46.00","46.72","45.99","1.01M","2.12%"
"09/24/2021","45.38","44.50","45.59","44.50","748.89K","1.48%"
"09/23/2021","44.72","43.02","44.95","42.97","531.47K","4.88%"
"09/22/2021","42.64","42.46","43.13","42.46","542.70K","1.38%"
"09/21/2021","42.06","42.22","42.60","41.52","739.79K","2.21%"
"09/20/2021","41.15","40.78","41.20","40.06","655.32K","-2.09%"
"09/17/2021","42.03","41.53","42.37","41.47","1.94M","0.53%"
"09/16/2021","41.81","42.30","42.63","41.70","591.46K","-0.64%"
"09/15/2021","42.08","41.22","42.20","41.22","474.99K","2.16%"
"09/14/2021","41.19","42.40","42.47","41.02","503.96K","-2.72%"
"09/13/2021","42.34","42.21","42.73","41.68","623.47K","1.39%"
"09/10/2021","41.76","42.84","43.13","41.70","522.76K","-1.99%"
"09/09/2021","42.61","41.89","43.11","41.57","452.02K","1.45%"
"09/08/2021","42.00","42.05","42.36","41.58","1.13M","-0.99%"
"09/07/2021","42.42","42.92","43.56","41.90","458.19K","-0.28%"
"09/03/2021","42.54","42.45","42.94","42.06","622.65K","0.52%"
"09/02/2021","42.32","42.56","43.04","42.13","562.18K","-0.45%"
"09/01/2021","42.51","42.76","42.76","41.94","565.03K","-0.09%"
"08/31/2021","42.55","42.00","43.05","41.92","578.77K","1.53%"
"08/30/2021","41.91","43.43","43.46","41.88","312.91K","-2.99%"
"08/27/2021","43.20","41.94","43.22","41.85","423.51K","3.47%"
"08/26/2021","41.75","42.90","42.90","41.67","459.72K","-2.27%"
"08/25/2021","42.72","42.41","43.40","42.21","606.59K","1.26%"
"08/24/2021","42.19","41.80","42.29","41.52","472.18K","1.59%"
"08/23/2021","41.53","41.28","41.67","40.85","439.26K","1.64%"
"08/20/2021","40.86","39.59","40.88","39.47","443.77K","2.97%"
"08/19/2021","39.68","39.97","40.10","39.20","581.14K","-1.56%"
"08/18/2021","40.31","40.10","41.12","39.90","697.05K","-0.20%"
"08/17/2021","40.39","41.16","41.44","39.90","564.83K","-2.84%"
"08/16/2021","41.57","41.53","41.92","41.12","603.07K","-1.56%"
"08/13/2021","42.23","42.80","42.87","42.14","331.25K","-1.19%"
"08/12/2021","42.74","43.25","43.25","42.42","312.63K","-0.88%"
"08/11/2021","43.12","42.25","43.12","41.70","453.65K","2.30%"
"08/10/2021","42.15","41.36","42.18","41.11","572.89K","1.96%"
"08/09/2021","41.34","41.41","42.15","40.98","963.68K","-1.15%"
"08/06/2021","41.82","40.92","42.24","40.87","907.77K","3.90%"
"08/05/2021","40.25","40.20","40.37","40.01","506.95K","1.49%"
"08/04/2021","39.66","39.36","40.34","39.36","529.71K","-1.54%"
"08/03/2021","40.28","39.92","40.38","38.83","534.70K","2.08%"
"08/02/2021","39.46","40.13","41.00","39.37","657.81K","-0.90%"
"07/30/2021","39.82","40.50","41.19","39.62","775.89K","-2.21%"
"07/29/2021","40.72","41.17","41.46","40.66","520.60K","-0.37%"
"07/28/2021","40.87","40.82","41.31","39.87","441.95K","1.44%"
"07/27/2021","40.29","40.33","40.85","39.84","666.90K","-1.61%"
"07/26/2021","40.95","40.82","41.68","40.53","852.56K","0.49%"
"07/23/2021","40.75","41.11","41.60","40.39","658.49K","0.25%"
"07/22/2021","40.65","40.98","41.37","40.52","934.85K","-1.48%"
"07/21/2021","41.26","39.99","41.68","39.96","1.35M","4.43%"
"07/20/2021","39.51","37.38","40.16","36.70","2.45M","9.29%"
"07/19/2021","36.15","36.97","37.24","35.70","1.35M","-4.06%"
"07/16/2021","37.68","39.54","39.70","37.56","673.11K","-4.20%"
"07/15/2021","39.33","39.09","39.88","38.98","675.87K","0.28%"
"07/14/2021","39.22","40.01","40.01","38.84","352.22K","-0.73%"
"07/13/2021","39.51","40.57","40.57","39.50","505.19K","-2.71%"
"07/12/2021","40.61","39.30","40.70","39.18","617.82K","0.54%"
"07/09/2021","40.39","39.47","40.43","39.07","807.17K","5.32%"
"07/08/2021","38.35","38.81","38.92","37.96","969.10K","-2.91%"
"07/07/2021","39.50","39.08","40.03","38.94","705.34K","-0.03%"
"07/06/2021","39.51","40.41","40.41","39.15","884.86K","-3.42%"
"07/02/2021","40.91","41.59","41.64","40.70","338.60K","-1.99%"
"07/01/2021","41.74","41.53","41.89","41.36","710.79K","1.41%"
"06/30/2021","41.16","40.65","41.43","40.65","660.50K","0.96%"
"06/29/2021","40.77","41.56","42.02","40.53","640.07K","-0.78%"
"06/28/2021","41.09","41.93","42.61","40.95","766.50K","-4.66%"
"06/25/2021","43.10","42.47","43.37","42.09","1.17M","1.67%"
"06/24/2021","42.39","41.43","42.56","41.21","683.86K","1.65%"
"06/23/2021","41.70","41.85","41.98","41.61","599.08K","0.53%"
"06/22/2021","41.48","41.19","41.81","40.96","813.23K","-0.55%"
"06/21/2021","41.71","40.85","41.86","40.73","855.87K","3.63%"
"06/18/2021","40.25","40.38","41.19","39.54","1.94M","-2.07%"
"06/17/2021","41.10","44.29","44.29","40.69","1.27M","-6.29%"
"06/16/2021","43.86","42.79","44.24","42.35","1.49M","0.60%"
"06/15/2021","43.60","42.85","43.81","42.10","770.35K","3.02%"
"06/14/2021","42.32","43.59","44.01","42.01","719.95K","-3.09%"
"06/11/2021","43.67","44.07","44.45","43.52","584.41K","0.09%"
"06/10/2021","43.63","45.41","45.41","43.63","481.09K","-2.31%"
"06/09/2021","44.66","45.25","45.43","44.60","662.42K","-2.77%"
"06/08/2021","45.93","45.28","46.07","44.85","583.58K","0.39%"
"06/07/2021","45.75","45.72","45.90","45.39","592.35K","0.88%"
"06/04/2021","45.35","45.19","45.40","44.57","433.74K","0.02%"
"06/03/2021","45.34","45.28","45.73","45.11","478.47K","0.11%"
"06/02/2021","45.29","45.69","46.01","45.21","500.73K","-1.56%"
"06/01/2021","46.01","45.97","46.19","45.46","616.04K","1.86%"
"05/28/2021","45.17","45.28","45.50","44.22","554.00K","-0.02%"
"05/27/2021","45.18","45.46","45.55","44.68","597.37K","1.48%"
"05/26/2021","44.52","43.74","44.55","43.56","795.66K","1.88%"
"05/25/2021","43.70","44.96","45.45","43.65","653.08K","-2.46%"
"05/24/2021","44.80","45.13","45.59","44.71","656.16K","-0.75%"
"05/21/2021","45.14","44.94","45.53","44.55","620.27K","1.71%"
"05/20/2021","44.38","44.48","44.58","43.58","542.20K","-0.78%"
"05/19/2021","44.73","43.78","44.74","43.48","893.65K","-0.42%"
"05/18/2021","44.92","46.42","46.42","44.92","976.33K","-3.17%"
"05/17/2021","46.39","45.22","46.42","45.13","1.49M","1.40%"
"05/14/2021","45.75","41.97","45.76","41.97","1.16M","3.72%"
"05/13/2021","44.11","43.11","44.34","43.11","859.93K","2.37%"
"05/12/2021","43.09","44.22","44.72","42.96","699.90K","-1.53%"
"05/11/2021","43.76","44.17","44.44","43.29","514.94K","-1.02%"
"05/10/2021","44.21","45.54","45.64","44.19","707.96K","-1.91%"
"05/07/2021","45.07","43.79","45.15","43.48","717.46K","0.94%"
"05/06/2021","44.65","44.57","44.65","43.53","832.39K","0.50%"
"05/05/2021","44.43","44.60","44.88","43.78","695.19K","0.77%"
"05/04/2021","44.09","43.33","44.11","42.66","740.27K","1.54%"
"05/03/2021","43.42","44.25","44.47","43.21","928.84K","0.02%"
"04/30/2021","43.41","43.30","44.38","43.15","770.97K","-0.98%"
"04/29/2021","43.84","44.22","45.00","43.19","913.18K","0.32%"
"04/28/2021","43.70","43.39","44.11","43.16","1.29M","0.88%"
"04/27/2021","43.32","42.89","43.37","42.62","563.14K","1.05%"
"04/26/2021","42.87","43.01","44.18","42.71","845.47K","0.40%"
"04/23/2021","42.70","40.52","43.14","40.49","1.10M","5.51%"
"04/22/2021","40.47","40.90","41.49","40.28","1.59M","1.71%"
"04/21/2021","39.79","37.97","39.84","37.71","1.49M","6.19%"
"04/20/2021","37.47","39.39","39.39","37.21","1.09M","-6.09%"
"04/19/2021","39.90","40.03","40.60","39.70","669.05K","-0.70%"
"04/16/2021","40.18","40.21","40.38","39.51","510.16K","1.75%"
"04/15/2021","39.49","39.52","39.67","38.69","550.99K","-0.95%"
"04/14/2021","39.87","39.95","40.42","39.62","621.62K","1.58%"
"04/13/2021","39.25","39.69","39.69","38.57","688.87K","-2.34%"
"04/12/2021","40.19","40.36","40.58","39.91","610.44K","0.55%"
"04/09/2021","39.97","39.71","40.02","39.39","627.25K","1.34%"
"04/08/2021","39.44","39.03","39.65","38.50","776.52K","0.20%"
"04/07/2021","39.36","39.57","39.81","39.18","546.36K","-0.46%"
"04/06/2021","39.54","39.50","39.88","39.15","628.22K","0.84%"
"04/05/2021","39.21","40.05","40.20","38.92","689.34K","-0.46%"
"04/01/2021","39.39","38.19","39.43","37.95","1.09M","3.25%"
"03/31/2021","38.15","38.98","39.34","38.13","1.25M","-2.93%"
"03/30/2021","39.30","38.99","39.59","38.78","782.75K","3.67%"
"03/29/2021","37.91","38.96","39.12","37.81","1.15M","-4.44%"
"03/26/2021","39.67","39.17","39.73","38.65","1.12M","3.01%"
"03/25/2021","38.51","36.74","38.68","36.40","1.17M","3.91%"
"03/24/2021","37.06","38.57","39.25","36.97","1.36M","-1.85%"
"03/23/2021","37.76","38.87","39.03","37.50","1.22M","-4.41%"
"03/22/2021","39.50","41.30","41.30","39.16","1.05M","-4.24%"
"03/19/2021","41.25","39.00","41.57","38.97","6.29M","1.44%"
"03/18/2021","40.67","41.69","42.59","40.40","1.29M","-0.74%"
"03/17/2021","40.97","40.62","41.22","40.49","2.17M","2.17%"
"03/16/2021","40.10","40.16","40.26","39.42","1.54M","-1.38%"
"03/15/2021","40.66","40.65","40.68","39.68","1.58M","0.42%"
"03/12/2021","40.49","40.13","40.77","40.02","1.06M","1.84%"
"03/11/2021","39.76","38.92","39.84","38.53","1.35M","1.14%"
"03/10/2021","39.31","38.66","39.55","38.62","738.89K","2.48%"
"03/09/2021","38.36","38.75","39.22","37.43","733.41K","-2.57%"
"03/08/2021","39.37","39.22","40.26","38.96","1.03M","1.52%"
"03/05/2021","38.78","38.48","39.10","37.36","1.88M","3.61%"
"03/04/2021","37.43","38.43","38.46","36.90","1.44M","-1.11%"
"03/03/2021","37.85","37.87","38.95","37.70","1.51M","1.07%"
"03/02/2021","37.45","37.35","37.90","37.00","713.95K","-0.87%"
"03/01/2021","37.78","37.33","38.18","37.07","953.70K","4.25%"
"02/26/2021","36.24","36.64","37.04","35.47","1.22M","-2.69%"
"02/25/2021","37.24","38.88","39.47","37.19","1.13M","-4.02%"
"02/24/2021","38.80","38.53","39.45","38.24","1.27M","1.46%"
"02/23/2021","38.24","37.95","38.58","37.12","1.21M","1.68%"
"02/22/2021","37.61","36.76","37.95","36.30","1.09M","2.31%"
"02/19/2021","36.76","35.85","36.82","35.81","909.17K","3.23%"
"02/18/2021","35.61","35.91","36.40","35.32","1.14M","-2.30%"
"02/17/2021","36.45","36.55","37.04","36.17","1.21M","-0.76%"
"02/16/2021","36.73","35.74","36.84","35.74","1.21M","3.58%"
"02/12/2021","35.46","34.68","35.50","34.50","869.62K","2.43%"
"02/11/2021","34.62","34.75","35.27","33.50","1.23M","-0.23%"
"02/10/2021","34.70","34.98","35.16","34.38","1.35M","0.35%"
"02/09/2021","34.58","32.87","34.61","32.87","923.18K","2.31%"
"02/08/2021","33.80","33.40","33.84","33.17","1.04M","3.25%"
"02/05/2021","32.74","32.57","32.79","32.24","874.54K","0.85%"
"02/04/2021","32.46","31.56","32.46","31.56","861.43K","3.38%"
"02/03/2021","31.40","31.96","32.24","31.06","759.02K","-1.44%"
"02/02/2021","31.86","31.73","32.44","31.57","1.46M","2.54%"
"02/01/2021","31.07","30.02","31.24","30.02","1.01M","2.91%"
"01/29/2021","30.19","30.78","31.33","29.87","993.43K","-2.77%"
"01/28/2021","31.05","29.18","31.20","29.18","1.22M","6.41%"
"01/27/2021","29.18","30.18","30.76","29.12","1.19M","-5.60%"
"01/26/2021","30.91","32.40","32.60","30.83","992.80K","-4.39%"
"01/25/2021","32.33","31.30","32.38","30.98","1.35M","1.57%"
"01/22/2021","31.83","30.73","32.12","30.52","1.66M","4.98%"
"01/21/2021","30.32","30.07","31.77","30.07","1.59M","1.07%"
"01/20/2021","30.00","30.89","31.04","29.83","973.91K","-2.94%"
"01/19/2021","30.91","31.21","31.49","30.58","696.44K","-0.06%"
"01/15/2021","30.93","31.42","31.92","30.92","849.31K","-4.27%"
"01/14/2021","32.31","31.55","32.62","31.27","648.95K","3.72%"
"01/13/2021","31.15","31.26","31.33","30.89","713.12K","-0.76%"
"01/12/2021","31.39","30.97","31.82","30.65","893.34K","2.68%"
"01/11/2021","30.57","29.66","30.70","29.09","695.01K","1.09%"
"01/08/2021","30.24","30.54","30.64","29.60","899.85K","-0.82%"
"01/07/2021","30.49","30.74","31.11","30.00","1.79M","2.80%"
"01/06/2021","29.66","27.40","30.05","26.77","1.76M","12.31%"
"01/05/2021","26.41","25.77","26.64","25.76","938.38K","2.96%"
"01/04/2021","25.65","25.61","26.00","24.91","867.52K","0.98%"
"12/31/2020","25.40","25.02","25.65","24.81","537.87K","0.59%"
"12/30/2020","25.25","24.93","25.49","24.27","512.63K","1.41%"
"12/29/2020","24.90","25.35","25.52","24.77","623.75K","-2.05%"
"12/28/2020","25.42","25.23","25.79","25.03","823.87K","1.23%"
"12/24/2020","25.11","25.47","25.47","24.50","206.94K","-0.75%"
"12/23/2020","25.30","24.47","25.40","24.47","767.67K","4.50%"
"12/22/2020","24.21","24.67","24.98","24.19","506.15K","-2.02%"
"12/21/2020","24.71","24.91","25.24","24.40","724.15K","-0.60%"
"12/18/2020","24.86","25.00","25.30","24.63","3.18M","-0.92%"
"12/17/2020","25.09","25.10","25.32","24.69","779.57K","-1.03%"
"12/16/2020","25.35","25.49","25.50","24.94","906.82K","0.08%"
"12/15/2020","25.33","25.00","25.38","24.68","766.01K","2.68%"
"12/14/2020","24.67","25.51","25.59","24.45","770.57K","-1.00%"
"12/11/2020","24.92","24.61","25.33","24.61","732.19K","-0.88%"
"12/10/2020","25.14","24.45","25.20","24.45","662.22K","0.92%"
"12/09/2020","24.91","25.20","25.43","24.81","622.49K","-0.04%"
"12/08/2020","24.92","24.63","25.39","24.63","589.24K","-0.95%"
"12/07/2020","25.16","25.44","25.44","24.74","543.09K","-1.45%"
"12/04/2020","25.53","24.98","25.54","24.65","553.35K","4.03%"
"12/03/2020","24.54","24.97","24.97","24.19","372.15K","-0.12%"
"12/02/2020","24.57","23.69","24.66","23.64","678.29K","2.72%"
"12/01/2020","23.92","23.80","24.36","23.71","960.50K","2.84%"
"11/30/2020","23.26","24.59","24.85","23.14","1.36M","-6.13%"
"11/27/2020","24.78","25.25","25.38","24.49","360.73K","-3.39%"
"11/25/2020","25.65","25.38","25.89","25.08","665.01K","-1.69%"
"11/24/2020","26.09","25.19","26.52","24.98","827.58K","6.10%"
"11/23/2020","24.59","23.98","24.78","23.90","894.39K","1.15%"
"11/20/2020","24.31","24.58","24.59","24.02","625.59K","-0.69%"
"11/19/2020","24.48","24.26","24.50","24.14","682.20K","0.20%"
"11/18/2020","24.43","25.10","25.50","24.42","868.10K","-2.71%"
"11/17/2020","25.11","24.54","25.25","24.25","877.14K","-0.67%"
"11/16/2020","25.28","24.27","25.49","24.27","1.11M","6.58%"
"11/13/2020","23.72","23.20","23.92","23.20","889.51K","3.58%"
"11/12/2020","22.90","22.31","23.16","22.24","973.22K","-0.26%"
"11/11/2020","22.96","24.38","24.49","22.74","1.01M","-5.36%"
"11/10/2020","24.26","24.12","24.62","23.74","1.38M","1.00%"
"11/09/2020","24.02","21.06","24.73","21.00","2.42M","25.37%"
"11/06/2020","19.16","19.98","20.13","19.13","674.29K","-2.79%"
"11/05/2020","19.71","18.98","19.95","18.98","2.34M","4.07%"
"11/04/2020","18.94","19.97","19.97","18.64","1.34M","-7.11%"
"11/03/2020","20.39","20.00","20.48","19.88","796.96K","4.30%"
"11/02/2020","19.55","19.61","19.75","19.14","780.47K","1.61%"
"10/30/2020","19.24","18.67","19.27","18.67","1.16M","2.50%"
"10/29/2020","18.77","18.05","18.89","17.78","710.62K","2.62%"
"10/28/2020","18.29","18.42","19.09","18.27","880.57K","-3.79%"
"10/27/2020","19.01","19.92","20.00","19.00","708.12K","-4.74%"
"10/26/2020","19.95","20.20","20.36","19.58","978.27K","-3.13%"
"10/23/2020","20.60","20.89","21.07","20.06","1.01M","0.05%"
"10/22/2020","20.59","18.95","20.64","18.93","1.52M","9.40%"
"10/21/2020","18.82","18.68","19.04","18.60","920.47K","0.64%"
"10/20/2020","18.70","18.89","19.33","18.50","983.60K","0.92%"
"10/19/2020","18.53","18.89","19.37","18.48","1.16M","-0.22%"
"10/16/2020","18.57","18.65","18.83","18.09","1.09M","-0.21%"
"10/15/2020","18.61","18.10","18.74","18.01","1.75M","-0.69%"
"10/14/2020","18.74","19.21","19.22","18.74","943.12K","-0.74%"
"10/13/2020","18.88","19.34","19.42","18.81","924.24K","-3.53%"
"10/12/2020","19.57","19.14","19.58","19.02","1.04M","2.30%"
"10/09/2020","19.13","19.45","19.67","19.08","1.41M","-1.65%"
"10/08/2020","19.45","19.00","19.50","18.91","1.46M","2.80%"
"10/07/2020","18.92","18.38","18.99","18.27","1.22M","4.82%"
"10/06/2020","18.05","18.47","18.97","17.92","1.36M","-0.66%"
"10/05/2020","18.17","17.64","18.33","17.58","1.05M","4.43%"
"10/02/2020","17.40","16.65","17.47","16.65","1.68M","2.32%"
"10/01/2020","17.00","17.11","17.40","16.80","1.65M","-0.44%"
"09/30/2020","17.08","17.03","17.33","16.84","1.49M","1.24%"
"09/29/2020","16.87","16.15","16.98","16.15","1.16M","-0.82%"
"09/28/2020","17.01","16.92","17.17","16.63","1.06M","5.06%"
"09/25/2020","16.19","15.89","16.24","15.84","650.41K","0.94%"
"09/24/2020","16.04","15.71","16.41","15.71","898.21K","0.44%"
"09/23/2020","15.97","16.44","16.86","15.95","971.92K","-1.78%"
"09/22/2020","16.26","16.94","17.29","16.21","927.03K","-3.62%"
"09/21/2020","16.87","17.30","17.48","16.59","1.44M","-4.96%"
"09/18/2020","17.75","17.82","18.05","17.45","2.76M","-0.56%"
"09/17/2020","17.85","17.69","18.03","17.45","1.37M","-0.53%"
"09/16/2020","17.94","17.89","18.34","17.63","1.43M","-0.03%"
"09/15/2020","17.95","18.79","18.91","17.91","1.29M","-4.01%"
"09/14/2020","18.70","18.70","19.01","18.49","764.51K","0.86%"
"09/11/2020","18.54","18.34","18.73","17.90","1.31M","1.76%"
"09/10/2020","18.22","18.56","18.67","18.00","1.45M","-1.19%"
"09/09/2020","18.44","18.80","19.00","18.37","1.61M","-1.91%"
"09/08/2020","18.80","19.74","19.75","18.76","1.83M","-6.65%"
"09/04/2020","20.14","19.89","20.28","19.34","992.68K","4.62%"
"09/03/2020","19.25","19.41","20.29","19.07","1.46M","0.00%"
"09/02/2020","19.25","19.02","19.32","18.74","1.17M","1.53%"
"09/01/2020","18.96","18.88","19.22","18.55","1.28M","-0.63%"
"08/31/2020","19.08","19.23","19.39","19.01","974.64K","-1.50%"
"08/28/2020","19.37","19.51","19.52","19.14","994.58K","-0.21%"
"08/27/2020","19.41","19.00","19.69","18.88","929.59K","2.45%"
"08/26/2020","18.94","19.49","19.49","18.90","735.22K","-3.00%"
"08/25/2020","19.53","19.92","20.24","19.32","725.07K","-1.14%"
"08/24/2020","19.75","18.70","19.78","18.41","900.45K","7.25%"
"08/21/2020","18.42","18.60","18.77","18.23","551.01K","-1.60%"
"08/20/2020","18.72","18.98","19.10","18.69","493.89K","-2.90%"
"08/19/2020","19.28","19.01","19.56","18.88","783.06K","1.90%"
"08/18/2020","18.92","19.88","19.90","18.86","736.58K","-4.59%"
"08/17/2020","19.83","20.32","20.39","19.75","667.29K","-3.46%"
"08/14/2020","20.54","20.03","20.87","19.94","1.20M","1.38%"
"08/13/2020","20.26","20.16","20.57","19.92","1.12M","-1.12%"
"08/12/2020","20.49","20.98","21.20","20.06","598.59K","-0.49%"
"08/11/2020","20.59","20.75","21.23","20.49","884.62K","2.18%"
"08/10/2020","20.15","19.74","20.61","19.72","772.50K","2.44%"
"08/07/2020","19.67","18.42","19.68","18.21","1.26M","5.58%"
"08/06/2020","18.63","18.61","18.97","18.56","503.06K","-0.80%"
"08/05/2020","18.78","18.51","18.95","18.48","915.47K","2.74%"
"08/04/2020","18.28","18.19","18.36","17.99","638.78K","0.44%"
"08/03/2020","18.20","18.47","18.47","17.94","950.83K","-0.41%"
"07/31/2020","18.27","18.33","18.40","17.72","1.11M","-1.75%"
"07/30/2020","18.60","18.39","18.69","17.91","846.24K","-2.16%"
"07/29/2020","19.01","18.47","19.06","18.00","1.16M","3.43%"
"07/28/2020","18.38","18.71","18.85","18.21","835.28K","-1.71%"
"07/27/2020","18.70","19.01","19.01","18.36","870.53K","-3.31%"
"07/24/2020","19.34","19.28","19.74","19.02","1.00M","0.89%"
"07/23/2020","19.17","19.03","19.53","18.95","2.58M","0.05%"
"07/22/2020","19.16","18.93","19.21","18.62","1.08M","0.90%"
"07/21/2020","18.99","18.32","19.01","18.27","1.29M","4.74%"
"07/20/2020","18.13","18.35","18.75","18.07","1.20M","-2.32%"
"07/17/2020","18.56","18.99","19.35","18.53","1.52M","-1.38%"
"07/16/2020","18.82","17.29","19.04","17.24","1.65M","0.16%"
"07/15/2020","18.79","18.05","18.86","17.90","1.21M","7.37%"
"07/14/2020","17.50","17.94","18.13","17.24","1.44M","-3.58%"
"07/13/2020","18.15","18.22","18.53","17.44","827.92K","1.51%"
"07/10/2020","17.88","16.69","17.93","16.69","985.11K","6.75%"
"07/09/2020","16.75","17.66","17.78","16.72","1.08M","-6.37%"
"07/08/2020","17.89","17.87","18.37","17.47","982.50K","-0.11%"
"07/07/2020","17.91","18.44","18.50","17.88","1.72M","-4.58%"
"07/06/2020","18.77","19.32","19.66","18.45","1.69M","0.64%"
"07/02/2020","18.65","19.39","19.83","18.58","1.43M","-1.32%"
"07/01/2020","18.90","19.44","20.06","18.85","1.55M","-4.11%"
"06/30/2020","19.71","18.95","19.89","18.88","1.57M","4.29%"
"06/29/2020","18.90","17.91","18.90","17.64","1.12M","8.06%"
"06/26/2020","17.49","18.03","18.17","17.18","2.01M","-5.46%"
"06/25/2020","18.50","17.89","18.59","17.75","1.34M","2.38%"
"06/24/2020","18.07","19.02","19.28","18.01","1.41M","-8.09%"
"06/23/2020","19.66","20.46","20.56","19.45","1.39M","-1.70%"
"06/22/2020","20.00","19.59","20.16","19.19","1.17M","0.45%"
"06/19/2020","19.91","20.50","20.50","19.20","4.32M","-1.29%"
"06/18/2020","20.17","19.69","20.53","19.69","1.52M","0.10%"
"06/17/2020","20.15","21.51","21.51","20.10","1.32M","-4.86%"
"06/16/2020","21.18","21.14","21.66","20.45","2.10M","6.27%"
"06/15/2020","19.93","18.20","20.02","18.15","1.53M","3.10%"
"06/12/2020","19.33","19.64","19.90","18.47","1.40M","4.94%"
"06/11/2020","18.42","19.09","19.83","18.33","1.41M","-12.08%"
"06/10/2020","20.95","22.47","22.47","20.88","1.19M","-8.71%"
"06/09/2020","22.95","23.51","23.98","22.26","2.13M","-7.20%"
"06/08/2020","24.73","23.95","24.76","23.40","2.05M","8.27%"
"06/05/2020","22.84","22.63","23.46","22.37","2.35M","9.44%"
"06/04/2020","20.87","19.80","20.89","19.19","1.75M","4.87%"
"06/03/2020","19.90","18.40","20.15","18.40","2.40M","11.67%"
"06/02/2020","17.82","18.07","18.42","17.59","1.28M","0.22%"
"06/01/2020","17.78","17.35","18.25","17.21","768.52K","2.72%"
"05/29/2020","17.31","17.77","17.83","17.04","1.36M","-4.99%"
"05/28/2020","18.22","19.35","19.37","18.05","1.15M","-4.76%"
"05/27/2020","19.13","18.87","19.20","18.18","1.38M","6.81%"
"05/26/2020","17.91","17.08","18.19","17.01","1.48M","9.81%"
"05/22/2020","16.31","16.86","16.92","15.95","1.04M","-2.10%"
"05/21/2020","16.66","16.69","17.12","16.56","1.16M","-1.01%"
"05/20/2020","16.83","16.31","16.95","16.31","1.71M","4.86%"
"05/19/2020","16.05","17.15","17.15","16.05","1.29M","-8.70%"
"05/18/2020","17.58","16.45","17.75","16.42","1.47M","13.05%"
"05/15/2020","15.55","15.55","15.96","15.30","1.10M","-2.57%"
"05/14/2020","15.96","15.25","16.28","14.52","1.30M","1.08%"
"05/13/2020","15.79","16.58","16.75","15.40","1.55M","-5.90%"
"05/12/2020","16.78","18.23","18.59","16.75","959.45K","-7.50%"
"05/11/2020","18.14","18.76","19.47","18.07","1.20M","-6.88%"
"05/08/2020","19.48","18.31","19.56","18.23","1.01M","9.44%"
"05/07/2020","17.80","17.80","18.57","17.70","1.25M","1.08%"
"05/06/2020","17.61","18.09","18.40","17.57","1.37M","-2.81%"
"05/05/2020","18.12","18.91","19.49","18.01","1.98M","-2.16%"
"05/04/2020","18.52","17.59","18.55","17.53","1.57M","-1.23%"
"05/01/2020","18.75","19.49","19.49","18.56","991.90K","-7.36%"
"04/30/2020","20.24","20.32","20.72","19.54","1.63M","-4.57%"
"04/29/2020","21.21","20.58","21.53","20.25","1.33M","8.27%"
"04/28/2020","19.59","19.62","20.11","18.90","1.44M","3.54%"
"04/27/2020","18.92","17.29","19.04","17.16","1.62M","12.02%"
"04/24/2020","16.89","16.71","17.09","16.13","1.15M","0.96%"
"04/23/2020","16.73","16.36","17.30","16.16","1.07M","3.98%"
"04/22/2020","16.09","17.25","17.44","15.77","1.94M","-3.94%"
"04/21/2020","16.75","16.75","17.53","16.18","1.60M","-6.89%"
"04/20/2020","17.99","17.93","18.62","17.36","1.53M","-2.33%"
"04/17/2020","18.42","17.92","18.71","17.85","1.26M","9.12%"
"04/16/2020","16.88","17.52","17.59","16.50","1.42M","-4.42%"
"04/15/2020","17.66","18.00","18.57","17.37","1.58M","-6.71%"
"04/14/2020","18.93","21.11","21.11","18.55","1.46M","-5.82%"
"04/13/2020","20.10","20.64","20.64","19.51","1.46M","-2.05%"
"04/09/2020","20.52","20.22","20.87","19.76","1.50M","6.49%"
"04/08/2020","19.27","17.85","19.33","17.61","1.64M","10.11%"
"04/07/2020","17.50","17.94","18.64","17.20","1.78M","4.67%"
"04/06/2020","16.72","16.91","17.30","16.05","2.23M","4.76%"
"04/03/2020","15.96","16.40","16.67","15.70","1.93M","-4.32%"
"04/02/2020","16.68","16.41","17.21","16.18","1.39M","1.52%"
"04/01/2020","16.43","16.80","16.97","16.10","1.10M","-8.31%"
"03/31/2020","17.92","18.30","18.54","17.44","1.82M","-2.77%"
"03/30/2020","18.43","18.74","18.82","17.54","1.17M","-2.85%"
"03/27/2020","18.97","18.62","19.50","18.29","1.23M","-3.61%"
"03/26/2020","19.68","18.10","19.88","18.01","1.29M","10.38%"
"03/25/2020","17.83","17.09","18.36","16.24","1.78M","7.28%"
"03/24/2020","16.62","15.15","16.67","14.86","1.76M","17.54%"
"03/23/2020","14.14","16.13","16.41","13.85","2.01M","-14.04%"
"03/20/2020","16.45","16.87","17.84","16.28","2.59M","-0.60%"
"03/19/2020","16.55","16.35","17.15","14.32","2.97M","2.03%"
"03/18/2020","16.22","19.01","19.09","15.93","2.40M","-19.54%"
"03/17/2020","20.16","20.79","20.99","19.34","2.59M","-0.69%"
"03/16/2020","20.30","19.72","20.55","19.27","1.99M","-11.78%"
"03/13/2020","23.01","23.36","23.95","21.57","2.26M","6.04%"
"03/12/2020","21.70","23.19","23.96","20.76","2.46M","-13.92%"
"03/11/2020","25.21","27.65","27.93","24.93","1.94M","-11.67%"
"03/10/2020","28.54","28.07","28.76","26.37","1.59M","6.25%"
"03/09/2020","26.86","27.84","29.26","26.80","1.45M","-12.16%"
"03/06/2020","30.58","30.30","30.96","29.85","2.19M","-3.01%"
"03/05/2020","31.53","31.75","31.76","30.97","1.48M","-1.71%"
"03/04/2020","32.08","31.52","32.85","30.48","1.80M","3.02%"
"03/03/2020","31.14","32.77","32.98","30.91","1.85M","-4.86%"
"03/02/2020","32.73","31.59","32.76","31.35","1.46M","3.45%"
"02/28/2020","31.64","31.40","32.06","31.01","1.77M","-2.53%"
"02/27/2020","32.46","33.40","34.20","32.46","1.22M","-4.87%"
"02/26/2020","34.12","34.49","34.91","34.00","1.03M","-0.20%"
"02/25/2020","34.19","35.54","35.69","34.06","1.18M","-3.80%"
"02/24/2020","35.54","35.23","35.83","35.07","823.19K","-2.31%"
"02/21/2020","36.38","36.75","36.86","35.93","1.03M","-1.81%"
"02/20/2020","37.05","36.62","37.33","36.56","891.58K","1.23%"
"02/19/2020","36.60","36.73","36.93","36.48","1.05M","-1.43%"
"02/18/2020","37.13","37.10","37.52","36.72","1.63M","0.11%"
"02/14/2020","37.09","36.96","37.12","36.74","930.75K","0.27%"
"02/13/2020","36.99","36.39","37.08","36.21","782.57K","1.04%"
"02/12/2020","36.61","35.92","36.64","35.80","987.10K","3.30%"
"02/11/2020","35.44","35.88","36.26","35.43","1.69M","-0.48%"
"02/10/2020","35.61","35.40","35.75","35.26","929.80K","0.06%"
"02/07/2020","35.59","35.97","36.13","35.56","1.08M","-1.58%"
"02/06/2020","36.16","36.76","36.85","36.07","1.08M","-0.88%"
"02/05/2020","36.48","36.43","36.83","36.36","1.06M","1.76%"
"02/04/2020","35.85","36.17","36.36","35.81","1.29M","1.07%"
"02/03/2020","35.47","35.40","35.79","35.24","1.01M","1.20%"
"01/31/2020","35.05","35.12","35.27","34.81","1.29M","-1.24%"
"01/30/2020","35.49","34.86","35.56","34.61","824.90K","1.17%"
"01/29/2020","35.08","35.73","35.96","35.07","719.37K","-1.76%"
"01/28/2020","35.71","35.13","35.80","35.09","798.29K","2.09%"
"01/27/2020","34.98","34.92","35.38","34.78","877.39K","-1.66%"
"01/24/2020","35.57","36.67","36.70","35.22","970.87K","-2.97%"
"01/23/2020","36.66","36.63","36.83","36.25","1.16M","-0.27%"
"01/22/2020","36.76","36.80","37.13","36.57","1.17M","0.11%"
"01/21/2020","36.72","37.81","37.93","36.55","2.01M","-3.34%"
"01/17/2020","37.99","37.72","38.04","37.50","993.38K","1.31%"
"01/16/2020","37.50","37.06","37.61","37.06","971.85K","2.01%"
"01/15/2020","36.76","36.84","36.98","36.48","1.34M","-0.65%"
"01/14/2020","37.00","36.73","37.16","36.60","1.12M","0.87%"
"01/13/2020","36.68","36.80","36.92","36.41","1.52M","0.19%"
"01/10/2020","36.61","36.97","37.02","36.52","746.37K","-1.05%"
"01/09/2020","37.00","37.43","37.51","36.85","687.84K","-0.83%"
"01/08/2020","37.31","37.30","37.62","37.21","626.39K","0.05%"
"01/07/2020","37.29","37.37","37.46","37.05","711.56K","-0.45%"
"01/06/2020","37.46","37.50","37.65","37.03","805.26K","-1.00%"
"01/03/2020","37.84","37.78","38.02","37.38","627.60K","-1.05%"
"01/02/2020","38.24","38.53","38.53","37.82","767.64K","-0.08%"
"12/31/2019","38.27","38.17","38.49","38.15","598.07K","0.05%"
"12/30/2019","38.25","38.56","38.56","38.19","447.93K","-0.13%"
"12/27/2019","38.30","38.61","38.84","38.21","429.01K","-0.93%"
"12/26/2019","38.66","38.70","38.88","38.51","294.04K","-0.15%"
"12/24/2019","38.72","38.84","38.84","38.60","135.86K","0.13%"
"12/23/2019","38.67","39.03","39.06","38.57","523.78K","-0.67%"
"12/20/2019","38.93","39.07","39.39","38.80","1.84M","0.13%"
"12/19/2019","38.88","39.13","39.24","38.77","671.58K","-0.59%"
"12/18/2019","39.11","39.01","39.27","38.79","790.67K","0.41%"
"12/17/2019","38.95","38.58","39.15","38.50","899.20K","1.04%"
"12/16/2019","38.55","38.70","38.98","38.39","972.47K","1.18%"
"12/13/2019","38.10","38.46","38.88","37.91","586.03K","-1.40%"
"12/12/2019","38.64","37.33","38.68","37.29","736.73K","3.51%"
"12/11/2019","37.33","37.67","37.80","37.26","548.35K","-0.74%"
"12/10/2019","37.61","37.75","37.82","37.48","522.62K","-0.19%"
"12/09/2019","37.68","37.70","37.90","37.59","707.23K","-0.24%"
"12/06/2019","37.77","37.68","38.14","37.58","654.45K","1.59%"
"12/05/2019","37.18","37.25","37.43","37.12","876.09K","0.65%"
"12/04/2019","36.94","36.84","37.33","36.62","679.01K","1.18%"
"12/03/2019","36.51","36.43","36.66","36.01","749.66K","-1.30%"
"12/02/2019","36.99","37.43","37.70","36.95","880.72K","-0.67%"
"11/29/2019","37.24","37.52","37.79","37.22","223.21K","-1.06%"
"11/27/2019","37.64","37.65","37.85","37.45","425.13K","0.64%"
"11/26/2019","37.40","37.83","37.83","37.26","1.05M","-1.19%"
"11/25/2019","37.85","37.84","38.00","37.55","1.27M","0.08%"
"11/22/2019","37.82","37.78","38.09","37.50","441.50K","0.67%"
"11/21/2019","37.57","37.91","37.91","37.27","753.75K","-0.05%"
"11/20/2019","37.59","37.73","37.92","37.16","1.19M","-0.69%"
"11/19/2019","37.85","38.11","38.37","37.81","1.29M","-2.37%"
"11/18/2019","38.77","38.85","38.85","38.30","709.04K","-0.36%"
"11/15/2019","38.91","38.96","39.19","38.77","564.07K","0.21%"
"11/14/2019","38.83","38.67","39.00","38.50","480.07K","-0.05%"
"11/13/2019","38.85","38.85","38.98","38.50","631.94K","-0.77%"
"11/12/2019","39.15","39.01","39.38","38.76","533.93K","0.10%"
"11/11/2019","39.11","39.27","39.54","38.99","339.95K","-0.86%"
"11/08/2019","39.45","39.32","39.55","39.19","480.14K","-0.13%"
"11/07/2019","39.50","39.36","39.84","39.32","519.87K","1.67%"
"11/06/2019","38.85","39.28","39.36","38.59","351.75K","-1.25%"
"11/05/2019","39.34","39.59","40.14","39.28","643.77K","-0.38%"
"11/04/2019","39.49","38.39","39.60","38.39","1.05M","3.21%"
"11/01/2019","38.26","37.31","38.28","37.20","681.27K","3.43%"
"10/31/2019","36.99","37.53","37.62","36.46","503.09K","-2.17%"
"10/30/2019","37.81","37.93","38.00","37.25","476.80K","-0.47%"
"10/29/2019","37.99","37.67","38.12","37.67","492.29K","0.45%"
"10/28/2019","37.82","37.91","38.21","37.67","460.49K","0.53%"
"10/25/2019","37.62","37.07","37.89","37.07","672.62K","1.48%"
"10/24/2019","37.07","37.40","37.40","36.64","513.89K","-0.56%"
"10/23/2019","37.28","37.37","37.68","37.01","551.15K","-0.13%"
"10/22/2019","37.33","37.09","37.90","36.64","659.48K","0.84%"
"10/21/2019","37.02","36.91","37.26","36.84","581.13K","1.12%"
"10/18/2019","36.61","36.22","36.69","36.13","713.72K","1.16%"
"10/17/2019","36.19","35.15","36.38","35.15","971.45K","1.12%"
"10/16/2019","35.79","36.48","36.80","35.71","1.18M","-2.93%"
"10/15/2019","36.87","36.02","37.10","35.78","822.56K","2.33%"
"10/14/2019","36.03","35.98","36.27","35.65","506.23K","-0.55%"
"10/11/2019","36.23","36.47","36.92","36.19","578.14K","1.66%"
"10/10/2019","35.64","35.35","36.01","35.31","459.25K","1.22%"
"10/09/2019","35.21","35.02","35.35","34.92","407.63K","1.27%"
"10/08/2019","34.77","35.06","35.42","34.75","571.96K","-2.11%"
"10/07/2019","35.52","35.64","35.89","35.45","621.22K","-1.09%"
"10/04/2019","35.91","35.27","35.92","34.96","662.01K","1.93%"
"10/03/2019","35.23","35.00","35.25","34.38","611.46K","0.31%"
"10/02/2019","35.12","35.16","35.24","34.64","517.87K","-0.90%"
"10/01/2019","35.44","36.54","36.83","35.33","537.05K","-2.48%"
"09/30/2019","36.34","36.37","36.54","36.00","826.53K","0.33%"
"09/27/2019","36.22","36.42","37.09","36.13","693.31K","0.56%"
"09/26/2019","36.02","36.75","36.89","35.98","709.85K","-2.60%"
"09/25/2019","36.98","35.94","37.02","35.91","1.07M","3.01%"
"09/24/2019","35.90","36.82","36.96","35.71","1.13M","-2.26%"
"09/23/2019","36.73","36.71","37.05","36.50","743.32K","-0.14%"
"09/20/2019","36.78","37.27","37.40","36.75","1.51M","-1.10%"
"09/19/2019","37.19","37.71","37.79","37.05","508.01K","-1.01%"
"09/18/2019","37.57","37.25","37.69","36.88","1.01M","0.72%"
"09/17/2019","37.30","37.71","37.71","37.03","632.25K","-1.66%"
"09/16/2019","37.93","37.54","38.08","37.25","697.40K","-0.73%"
"09/13/2019","38.21","38.71","39.00","38.13","1.14M","-0.16%"
"09/12/2019","38.27","37.69","38.35","37.06","1.30M","0.66%"
"09/11/2019","38.02","37.02","38.06","36.12","1.08M","2.76%"
"09/10/2019","37.00","36.19","37.00","35.99","806.99K","3.04%"
"09/09/2019","35.91","34.87","36.04","34.80","615.39K","3.76%"
"09/06/2019","34.61","34.80","34.90","34.37","635.89K","-0.32%"
"09/05/2019","34.72","34.23","34.93","34.05","667.27K","3.43%"
"09/04/2019","33.57","33.59","33.71","33.23","491.04K","0.81%"
"09/03/2019","33.30","33.93","33.93","33.04","529.54K","-2.29%"
"08/30/2019","34.08","34.30","34.35","33.88","554.16K","0.38%"
"08/29/2019","33.95","33.59","34.16","33.59","757.26K","1.89%"
"08/28/2019","33.32","32.64","33.57","32.64","694.20K","1.62%"
"08/27/2019","32.79","33.45","33.59","32.70","960.90K","-1.83%"
"08/26/2019","33.40","33.48","33.57","32.87","766.60K","0.78%"
"08/23/2019","33.14","33.88","34.46","33.00","1.42M","-2.01%"
"08/22/2019","33.82","33.49","33.95","33.23","1.07M","1.62%"
"08/21/2019","33.28","33.31","33.42","33.11","697.74K","0.85%"
"08/20/2019","33.00","33.37","33.42","32.88","668.35K","-1.32%"
"08/19/2019","33.44","33.56","33.85","33.38","689.33K","-0.51%"
"08/16/2019","33.61","33.10","33.79","33.10","935.87K","2.59%"
"08/15/2019","32.76","33.17","33.36","32.71","1.04M","-1.21%"
"08/14/2019","33.16","33.88","34.51","32.90","1.36M","-4.52%"
"08/13/2019","34.73","34.06","35.22","34.05","814.79K","2.03%"
"08/12/2019","34.04","34.30","34.38","33.88","579.07K","-2.04%"
"08/09/2019","34.75","35.05","35.15","34.34","708.40K","-1.17%"
"08/08/2019","35.16","34.69","35.32","34.48","1.20M","2.54%"
"08/07/2019","34.29","34.01","34.59","33.65","1.07M","-0.92%"
"08/06/2019","34.61","34.78","34.95","33.79","1.12M","0.61%"
"08/05/2019","34.40","35.00","35.60","33.78","1.38M","-3.88%"
"08/02/2019","35.79","36.73","36.77","35.48","1.13M","-2.56%"
"08/01/2019","36.73","38.52","38.91","36.57","805.10K","-4.92%"
"07/31/2019","38.63","39.00","39.20","38.59","706.55K","-1.08%"
"07/30/2019","39.05","38.20","39.09","38.13","529.17K","1.40%"
"07/29/2019","38.51","38.91","39.11","38.41","436.01K","-1.23%"
"07/26/2019","38.99","38.48","39.07","38.26","741.26K","1.70%"
"07/25/2019","38.34","38.89","39.11","38.28","665.67K","-1.34%"
"07/24/2019","38.86","37.80","39.04","37.80","726.67K","2.45%"
"07/23/2019","37.93","37.53","37.97","37.31","603.79K","1.23%"
"07/22/2019","37.47","37.66","37.73","37.16","420.03K","-0.43%"
"07/19/2019","37.63","37.56","37.98","37.42","632.07K","0.13%"
"07/18/2019","37.58","36.95","37.75","36.90","728.77K","1.21%"
"07/17/2019","37.13","37.27","37.39","36.63","957.28K","-0.51%"
"07/16/2019","37.32","37.32","37.38","36.11","1.47M","1.69%"
"07/15/2019","36.70","37.76","37.76","36.59","752.69K","-2.37%"
"07/12/2019","37.59","37.50","37.69","37.21","1.05M","0.32%"
"07/11/2019","37.47","37.20","37.53","37.07","898.42K","0.70%"
"07/10/2019","37.21","37.50","37.64","36.96","962.60K","-0.56%"
"07/09/2019","37.42","37.40","37.48","37.03","1.47M","-0.64%"
"07/08/2019","37.66","38.30","38.36","37.53","1.10M","-2.81%"
"07/05/2019","38.75","38.65","38.94","38.39","320.52K","1.04%"
"07/03/2019","38.35","37.91","38.41","37.79","720.71K","1.16%"
"07/02/2019","37.91","38.70","38.84","37.79","614.51K","-1.91%"
"07/01/2019","38.65","39.21","39.50","38.45","691.64K","-0.46%"
"06/28/2019","38.83","38.55","39.07","38.19","1.46M","1.52%"
"06/27/2019","38.25","37.93","38.48","37.93","650.49K","0.74%"
"06/26/2019","37.97","38.04","38.32","37.91","664.84K","0.37%"
"06/25/2019","37.83","37.98","37.98","37.30","698.87K","-0.24%"
"06/24/2019","37.92","38.65","38.93","37.89","839.82K","-2.49%"
"06/21/2019","38.89","38.26","39.46","38.00","2.34M","1.36%"
"06/20/2019","38.37","38.48","38.48","37.33","895.65K","0.63%"
"06/19/2019","38.13","38.77","39.37","38.05","1.06M","-1.12%"
"06/18/2019","38.56","37.75","38.83","37.52","943.88K","2.31%"
"06/17/2019","37.69","38.36","38.44","37.57","777.00K","-1.82%"
"06/14/2019","38.39","38.34","38.47","37.74","558.93K","0.31%"
"06/13/2019","38.27","38.17","38.55","38.06","366.09K","0.39%"
"06/12/2019","38.12","38.48","38.76","38.00","596.68K","-1.01%"
"06/11/2019","38.51","38.70","38.94","38.42","811.23K","0.34%"
"06/10/2019","38.38","38.56","39.03","38.33","564.90K","0.58%"
"06/07/2019","38.16","38.07","38.39","37.82","728.91K","0.03%"
"06/06/2019","38.15","37.66","38.49","37.41","785.38K","0.93%"
"06/05/2019","37.80","37.95","38.04","37.16","706.19K","-0.50%"
"06/04/2019","37.99","37.29","38.02","37.20","865.79K","3.37%"
"06/03/2019","36.75","36.44","37.23","36.30","984.62K","1.13%"
"05/31/2019","36.34","36.53","36.67","36.18","921.56K","-1.76%"
"05/30/2019","36.99","37.65","37.81","36.63","719.28K","-1.44%"
"05/29/2019","37.53","36.39","37.63","36.33","937.93K","1.79%"
"05/28/2019","36.87","37.75","37.82","36.87","725.10K","-2.33%"
"05/24/2019","37.75","37.65","37.90","37.49","751.89K","1.04%"
"05/23/2019","37.36","37.60","37.88","36.93","792.83K","-1.61%"
"05/22/2019","37.97","38.48","38.52","37.84","541.01K","-1.66%"
"05/21/2019","38.61","38.05","38.62","38.05","605.98K","1.69%"
"05/20/2019","37.97","37.74","38.23","37.69","447.34K","0.40%"
"05/17/2019","37.82","37.87","38.59","37.79","635.70K","-2.60%"
"05/16/2019","38.83","38.14","39.05","38.14","977.47K","1.86%"
"05/15/2019","38.12","38.10","38.47","37.62","841.91K","-1.22%"
"05/14/2019","38.59","37.84","38.86","37.63","654.18K","2.28%"
"05/13/2019","37.73","38.55","39.19","37.66","786.26K","-4.04%"
"05/10/2019","39.32","39.30","39.49","38.71","623.85K","-0.30%"
"05/09/2019","39.44","39.01","39.59","38.55","532.48K","0.20%"
"05/08/2019","39.36","39.67","39.95","39.32","553.89K","-1.20%"
"05/07/2019","39.84","39.94","40.12","39.60","756.64K","-1.24%"
"05/06/2019","40.34","40.01","40.51","39.87","606.39K","-0.52%"
"05/03/2019","40.55","40.13","40.60","40.02","649.55K","1.40%"
"05/02/2019","39.99","39.27","40.09","39.27","852.46K","1.91%"
"05/01/2019","39.24","39.68","40.07","39.03","738.06K","-0.78%"
"04/30/2019","39.55","39.80","40.00","39.29","793.89K","-0.63%"
"04/29/2019","39.80","39.30","40.22","39.30","553.50K","1.35%"
"04/26/2019","39.27","38.96","39.29","38.69","679.43K","0.77%"
"04/25/2019","38.97","39.35","39.88","38.64","474.32K","-1.07%"
"04/24/2019","39.39","39.55","39.75","39.14","680.23K","-0.56%"
"04/23/2019","39.61","38.94","39.67","38.84","775.21K","2.04%"
"04/22/2019","38.82","39.09","39.28","38.64","735.79K","-0.99%"
"04/18/2019","39.21","39.85","39.85","39.02","823.44K","-1.66%"
"04/17/2019","39.87","39.56","39.92","39.13","618.80K","0.66%"
"04/16/2019","39.61","39.49","39.69","38.08","1.85M","1.12%"
"04/15/2019","39.17","40.00","40.10","38.98","1.08M","-2.85%"
"04/12/2019","40.32","40.12","40.60","39.51","1.08M","2.08%"
"04/11/2019","39.50","39.28","39.69","39.10","543.01K","1.20%"
"04/10/2019","39.03","38.58","39.07","38.11","818.50K","1.09%"
"04/09/2019","38.61","39.62","39.63","38.50","854.00K","-2.94%"
"04/08/2019","39.78","39.78","40.00","39.66","693.29K","-0.20%"
"04/05/2019","39.86","40.11","40.24","39.74","569.94K","-0.52%"
"04/04/2019","40.07","39.16","40.10","39.16","824.44K","2.35%"
"04/03/2019","39.15","39.66","39.89","38.96","1.62M","0.13%"
"04/02/2019","39.10","38.70","39.49","38.59","1.30M","1.19%"
"04/01/2019","38.64","38.03","38.65","38.01","904.19K","2.74%"
"03/29/2019","37.61","37.92","38.11","37.44","737.15K","-0.05%"
"03/28/2019","37.63","37.21","37.67","36.96","904.45K","1.32%"
"03/27/2019","37.14","36.82","37.41","36.70","761.72K","0.46%"
"03/26/2019","36.97","35.82","36.99","35.62","1.16M","3.10%"
"03/25/2019","35.86","35.62","36.06","35.11","1.14M","0.56%"
"03/22/2019","35.66","37.25","37.42","35.38","1.55M","-5.31%"
"03/21/2019","37.66","37.72","38.38","37.39","1.11M","-0.79%"
"03/20/2019","37.96","39.09","39.36","37.92","1.38M","-3.29%"
"03/19/2019","39.25","40.44","40.46","39.14","710.83K","-2.31%"
"03/18/2019","40.18","39.60","40.54","39.58","980.78K","2.01%"
"03/15/2019","39.39","39.62","39.97","39.33","1.99M","-0.61%"
"03/14/2019","39.63","39.54","39.84","39.31","859.80K","0.33%"
"03/13/2019","39.50","39.32","39.59","39.03","1.41M","1.13%"
"03/12/2019","39.06","39.08","39.38","38.56","1.34M","0.18%"
"03/11/2019","38.99","39.26","39.26","38.83","1.65M","-0.38%"
"03/08/2019","39.14","39.04","39.25","38.76","1.61M","-0.38%"
"03/07/2019","39.29","40.13","40.15","39.16","1.59M","-2.58%"
"03/06/2019","40.33","41.08","41.25","40.27","778.56K","-1.99%"
"03/05/2019","41.15","41.13","41.30","40.46","814.77K","0.17%"
"03/04/2019","41.08","41.11","41.47","40.62","656.09K","0.07%"
"03/01/2019","41.05","41.35","41.55","40.77","693.15K","0.07%"
"02/28/2019","41.02","41.09","41.28","41.01","581.31K","-0.58%"
"02/27/2019","41.26","40.86","41.29","40.77","840.38K","0.93%"
"02/26/2019","40.88","41.03","41.30","40.75","1.06M","0.02%"
"02/25/2019","40.87","41.45","41.60","40.75","1.36M","-0.85%"
"02/22/2019","41.22","41.21","41.50","40.97","947.40K","0.07%"
"02/21/2019","41.19","41.56","41.57","40.82","723.01K","-0.75%"
"02/20/2019","41.50","40.94","41.52","40.44","790.39K","1.62%"
"02/19/2019","40.84","40.43","40.98","40.00","828.10K","-0.71%"
"02/15/2019","41.13","40.59","41.27","40.20","988.80K","2.11%"
"02/14/2019","40.28","40.26","40.50","39.92","920.94K","-0.76%"
"02/13/2019","40.59","40.87","41.11","40.49","807.05K","-0.51%"
"02/12/2019","40.80","40.20","41.04","40.20","1.41M","2.23%"
"02/11/2019","39.91","39.52","40.01","39.39","1.08M","1.24%"
"02/08/2019","39.42","39.75","39.82","39.15","1.01M","-1.03%"
"02/07/2019","39.83","39.81","40.76","39.41","1.24M","1.01%"
"02/06/2019","39.43","39.24","39.59","38.97","1.17M","0.31%"
"02/05/2019","39.31","39.77","39.77","39.08","838.80K","-0.91%"
"02/04/2019","39.67","39.29","39.82","39.08","825.38K","0.63%"
"02/01/2019","39.42","38.71","39.47","38.71","1.60M","2.15%"
"01/31/2019","38.59","38.61","38.79","37.57","1.68M","-0.69%"
"01/30/2019","38.86","39.21","39.36","38.68","913.02K","-0.69%"
"01/29/2019","39.13","39.58","39.83","39.13","736.23K","-0.91%"
"01/28/2019","39.49","38.92","39.65","38.78","789.84K","1.18%"
"01/25/2019","39.03","38.85","39.22","38.57","652.07K","1.09%"
"01/24/2019","38.61","38.79","39.16","38.17","1.14M","-0.82%"
"01/23/2019","38.93","39.10","39.34","38.65","1.04M","0.05%"
"01/22/2019","38.91","39.12","39.45","38.74","1.43M","-1.62%"
"01/18/2019","39.55","38.70","39.72","37.02","1.39M","2.99%"
"01/17/2019","38.40","38.11","38.65","37.02","1.51M","0.76%"
"01/16/2019","38.11","37.44","38.32","37.20","1.76M","2.92%"
"01/15/2019","37.03","36.61","37.05","36.12","996.84K","1.34%"
"01/14/2019","36.54","35.99","37.06","35.84","1.50M","0.69%"
"01/11/2019","36.29","36.03","36.47","35.41","1.24M","0.67%"
"01/10/2019","36.05","35.53","36.18","35.39","1.27M","1.21%"
"01/09/2019","35.62","35.28","35.83","35.21","1.25M","1.02%"
"01/08/2019","35.26","34.92","35.30","34.10","1.24M","1.76%"
"01/07/2019","34.65","34.19","35.06","33.90","1.08M","0.93%"
"01/04/2019","34.33","33.79","34.63","33.70","1.33M","3.50%"
"01/03/2019","33.17","33.20","34.06","33.03","1.31M","-0.96%"
"01/02/2019","33.49","32.68","33.66","32.62","1.63M","0.63%"
"12/31/2018","33.28","32.96","33.28","32.39","1.94M","1.22%"
"12/28/2018","32.88","32.91","33.42","32.60","1.85M","-0.15%"
"12/27/2018","32.93","32.74","33.13","31.70","1.84M","-1.38%"
"12/26/2018","33.39","31.49","33.39","31.26","1.64M","6.03%"
"12/24/2018","31.49","31.92","32.17","31.16","886.68K","-1.32%"
"12/21/2018","31.91","32.51","32.83","31.70","3.22M","-1.42%"
"12/20/2018","32.37","31.61","32.59","31.50","2.36M","0.94%"
"12/19/2018","32.07","32.76","33.32","31.91","1.84M","-2.52%"
"12/18/2018","32.90","33.10","33.74","32.60","1.80M","-0.12%"
"12/17/2018","32.94","32.93","33.70","32.60","1.62M","-0.18%"
"12/14/2018","33.00","33.71","34.17","32.92","1.71M","-2.74%"
"12/13/2018","33.93","35.65","35.70","33.80","1.69M","-4.29%"
"12/12/2018","35.45","35.45","36.12","35.22","1.19M","1.20%"
"12/11/2018","35.03","35.85","36.14","35.00","2.17M","-1.32%"
"12/10/2018","35.50","36.51","36.89","35.44","1.65M","-3.14%"
"12/07/2018","36.65","37.37","38.75","36.25","1.71M","-2.19%"
"12/06/2018","37.47","37.00","37.60","36.55","1.93M","-0.43%"
"12/04/2018","37.63","39.53","39.79","37.29","2.20M","-5.48%"
"12/03/2018","39.81","40.95","40.98","39.65","947.81K","-1.07%"
"11/30/2018","40.24","39.58","40.37","39.48","2.08M","1.98%"
"11/29/2018","39.46","39.68","40.49","39.42","1.11M","-1.20%"
"11/28/2018","39.94","39.93","40.35","39.27","1.43M","0.03%"
"11/27/2018","39.93","39.77","40.08","39.55","1.14M","0.28%"
"11/26/2018","39.82","39.73","40.08","39.27","862.98K","1.56%"
"11/23/2018","39.21","38.87","39.78","38.82","377.92K","0.15%"
"11/21/2018","39.15","38.96","39.79","38.54","788.70K","0.90%"
"11/20/2018","38.80","39.13","39.42","38.37","1.18M","-1.65%"
"11/19/2018","39.45","39.66","39.96","38.97","946.02K","-1.94%"
"11/16/2018","40.23","40.30","40.52","39.95","1.14M","-1.18%"
"11/15/2018","40.71","39.90","40.72","39.63","1.51M","1.34%"
"11/14/2018","40.17","41.83","41.83","39.89","1.25M","-3.16%"
"11/13/2018","41.48","40.99","41.84","40.82","1.34M","1.72%"
"11/12/2018","40.78","41.22","41.42","40.77","864.48K","-1.14%"
"11/09/2018","41.25","41.60","41.95","40.90","879.28K","-1.34%"
"11/08/2018","41.81","41.50","42.27","41.49","1.06M","0.26%"
"11/07/2018","41.70","42.14","42.37","41.04","839.10K","-0.74%"
"11/06/2018","42.01","41.60","42.22","41.42","853.17K","0.57%"
"11/05/2018","41.77","41.69","42.11","41.35","913.99K","0.53%"
"11/02/2018","41.55","41.57","41.81","40.84","1.29M","0.46%"
"11/01/2018","41.36","40.84","41.51","40.49","1.22M","1.82%"
"10/31/2018","40.62","39.80","41.13","39.59","2.25M","4.34%"
"10/30/2018","38.93","39.17","39.47","37.65","3.29M","-0.36%"
"10/29/2018","39.07","39.21","39.53","38.74","1.59M","1.38%"
"10/26/2018","38.54","38.55","39.96","38.05","1.53M","-1.13%"
"10/25/2018","38.98","38.83","39.36","38.70","2.84M","1.40%"
"10/24/2018","38.44","40.21","40.22","38.40","1.53M","-4.52%"
"10/23/2018","40.26","40.05","40.67","39.63","1.98M","-0.69%"
"10/22/2018","40.54","42.41","42.41","40.47","2.28M","-4.12%"
"10/19/2018","42.28","43.66","43.66","42.23","1.86M","-3.27%"
"10/18/2018","43.71","44.23","44.59","43.41","1.13M","-1.20%"
"10/17/2018","44.24","43.92","44.78","43.28","1.38M","-0.29%"
"10/16/2018","44.37","45.56","45.56","43.70","2.36M","-1.36%"
"10/15/2018","44.98","44.82","45.42","44.60","714.55K","0.20%"
"10/12/2018","44.89","46.64","47.57","43.75","1.08M","-2.43%"
"10/11/2018","46.01","47.18","47.43","45.98","867.36K","-2.93%"
"10/10/2018","47.40","48.00","48.63","47.36","1.53M","-1.23%"
"10/09/2018","47.99","48.60","48.63","47.93","1.10M","-1.58%"
"10/08/2018","48.76","48.26","48.95","48.09","513.21K","0.74%"
"10/05/2018","48.40","48.99","49.16","48.26","718.58K","-0.88%"
"10/04/2018","48.83","48.56","49.40","48.40","863.35K","0.60%"
"10/03/2018","48.54","47.13","48.65","47.13","1.54M","3.39%"
"10/02/2018","46.95","47.24","47.73","46.70","1.48M","-1.12%"
"10/01/2018","47.48","47.99","48.25","47.25","928.32K","-0.36%"
"09/28/2018","47.65","47.61","48.10","47.50","1.48M","-0.42%"
"09/27/2018","47.85","49.40","49.48","47.78","2.44M","-3.45%"
"09/26/2018","49.56","50.45","50.45","49.39","1.18M","-1.43%"
"09/25/2018","50.28","50.38","50.51","50.12","598.65K","0.14%"
"09/24/2018","50.21","50.67","50.80","49.95","677.15K","-1.06%"
"09/21/2018","50.75","50.82","51.05","50.54","1.72M","-0.16%"
"09/20/2018","50.83","50.28","50.99","50.12","1.17M","1.40%"
"09/19/2018","50.13","49.43","50.33","49.43","937.39K","1.50%"
"09/18/2018","49.39","49.81","49.81","49.23","671.80K","-0.06%"
"09/17/2018","49.42","50.40","50.40","49.34","815.09K","-1.73%"
"09/14/2018","50.29","49.88","50.54","49.73","863.87K","1.11%"
"09/13/2018","49.74","49.55","50.07","49.35","1.78M","0.28%"
"09/12/2018","49.60","50.06","50.11","49.15","1.02M","-0.88%"
"09/11/2018","50.04","49.98","50.38","49.91","614.47K","-0.04%"
"09/10/2018","50.06","50.32","50.54","50.03","465.92K","-0.28%"
"09/07/2018","50.20","50.26","50.80","49.70","714.87K","-0.04%"
"09/06/2018","50.22","50.95","51.10","50.15","1.05M","-1.34%"
"09/05/2018","50.90","50.63","51.04","50.60","852.79K","0.45%"
"09/04/2018","50.67","50.26","50.81","50.15","464.51K","0.36%"
"08/31/2018","50.49","50.14","50.60","49.88","596.73K","0.54%"
"08/30/2018","50.22","50.60","50.71","50.14","1.14M","-0.93%"
"08/29/2018","50.69","50.37","50.81","50.00","664.32K","0.80%"
"08/28/2018","50.29","50.66","50.66","50.01","362.49K","-0.32%"
"08/27/2018","50.45","50.76","51.06","50.38","605.61K","0.06%"
"08/24/2018","50.42","51.02","51.02","50.36","580.43K","-0.77%"
"08/23/2018","50.81","51.58","51.60","50.68","542.02K","-1.53%"
"08/22/2018","51.60","51.40","51.62","51.20","465.45K","0.41%"
"08/21/2018","51.39","51.14","51.88","51.11","1.03M","0.57%"
"08/20/2018","51.10","51.25","51.40","50.75","510.28K","-0.10%"
"08/17/2018","51.15","51.21","51.33","50.26","1.32M","-1.14%"
"08/16/2018","51.74","51.17","52.15","51.17","840.01K","1.53%"
"08/15/2018","50.96","51.02","51.35","50.83","1.58M","-0.88%"
"08/14/2018","51.41","50.65","51.65","50.65","623.08K","1.76%"
"08/13/2018","50.52","50.85","51.18","50.48","611.85K","-0.84%"
"08/10/2018","50.95","50.70","51.26","50.36","723.07K","-0.12%"
"08/09/2018","51.01","51.45","51.68","50.86","600.94K","-0.86%"
"08/08/2018","51.45","51.15","51.60","50.88","546.00K","0.80%"
"08/07/2018","51.04","50.92","51.41","50.83","422.90K","0.63%"
"08/06/2018","50.72","50.40","50.89","50.22","434.53K","0.60%"
"08/03/2018","50.42","50.81","51.11","50.21","383.75K","-0.98%"
"08/02/2018","50.92","50.26","51.83","50.04","512.43K","0.63%"
"08/01/2018","50.60","50.65","51.11","50.35","768.88K","0.76%"
"07/31/2018","50.22","50.03","50.46","49.63","980.64K","0.40%"
"07/30/2018","50.02","50.40","50.74","49.96","511.87K","-0.46%"
"07/27/2018","50.25","50.22","50.63","49.89","363.72K","0.22%"
"07/26/2018","50.14","50.07","50.93","50.06","801.53K","0.22%"
"07/25/2018","50.03","50.55","50.55","49.78","759.13K","-1.05%"
"07/24/2018","50.56","51.17","51.18","50.21","405.22K","-1.13%"
"07/23/2018","51.14","50.45","51.43","50.43","643.99K","1.43%"
"07/20/2018","50.42","50.66","50.84","50.20","577.81K","0.02%"
"07/19/2018","50.41","50.62","50.99","49.87","906.46K","-0.79%"
"07/18/2018","50.81","50.59","51.00","50.38","1.33M","0.24%"
"07/17/2018","50.69","51.27","51.27","48.92","1.63M","2.92%"
"07/16/2018","49.25","49.19","49.70","49.08","907.20K","0.47%"
"07/13/2018","49.02","49.65","49.75","48.88","1.10M","-1.57%"
"07/12/2018","49.80","50.71","50.71","49.14","867.62K","-1.35%"
"07/11/2018","50.48","50.33","50.79","50.17","846.81K","-0.06%"
"07/10/2018","50.51","51.35","51.52","50.43","1.08M","-1.48%"
"07/09/2018","51.27","50.34","51.60","50.27","824.04K","2.42%"
"07/06/2018","50.06","49.62","50.25","49.25","766.79K","0.79%"
"07/05/2018","49.67","49.99","50.30","49.44","718.53K","0.32%"
"07/03/2018","49.51","49.65","50.10","49.43","587.55K","-0.30%"
"07/02/2018","49.66","49.05","49.79","49.00","853.44K","0.49%"
"06/29/2018","49.42","50.51","50.96","49.38","1.07M","-1.30%"
"06/28/2018","50.07","50.44","50.89","49.99","1.08M","-0.75%"
"06/27/2018","50.45","51.57","51.65","50.41","1.34M","-1.94%"
"06/26/2018","51.45","52.10","52.10","51.23","819.14K","-1.27%"
"06/25/2018","52.11","52.18","52.47","51.54","853.42K","-0.44%"
"06/22/2018","52.34","53.42","53.42","52.04","1.68M","-1.30%"
"06/21/2018","53.03","53.74","53.92","52.87","1.17M","-1.56%"
"06/20/2018","53.87","54.25","54.35","53.65","891.66K","-0.13%"
"06/19/2018","53.94","53.52","54.01","53.48","1.52M","-0.07%"
"06/18/2018","53.98","53.78","54.67","53.45","646.66K","0.02%"
"06/15/2018","53.97","53.81","54.55","53.34","1.81M","-0.52%"
"06/14/2018","54.25","54.75","54.78","53.91","759.68K","-0.64%"
"06/13/2018","54.60","54.94","55.36","54.22","633.83K","-0.49%"
"06/12/2018","54.87","55.36","55.44","53.14","519.52K","-0.47%"
"06/11/2018","55.13","55.82","55.86","55.01","663.76K","-0.88%"
"06/08/2018","55.62","55.20","55.79","54.87","823.70K","0.71%"
"06/07/2018","55.23","55.46","55.69","54.91","708.68K","0.09%"
"06/06/2018","55.18","54.72","55.37","54.66","866.02K","1.21%"
"06/05/2018","54.52","54.47","54.63","54.05","524.86K","-0.11%"
"06/04/2018","54.58","53.95","54.73","53.78","1.01M","2.02%"
"06/01/2018","53.50","53.93","54.20","53.27","810.11K","0.83%"
"05/31/2018","53.06","53.83","54.01","53.01","692.71K","-1.56%"
"05/30/2018","53.90","53.71","54.20","53.15","787.69K","1.76%"
"05/29/2018","52.97","53.40","53.84","52.63","1.04M","-1.85%"
"05/25/2018","53.97","53.83","54.24","53.75","490.39K","-0.24%"
"05/24/2018","54.10","54.19","54.46","53.20","575.65K","-0.73%"
"05/23/2018","54.50","53.92","54.74","53.92","951.07K","0.24%"
"05/22/2018","54.37","54.59","55.12","54.33","938.13K","-0.24%"
"05/21/2018","54.50","54.19","54.89","53.98","1.00M","1.17%"
"05/18/2018","53.87","54.11","54.67","53.69","1.15M","-1.54%"
"05/17/2018","54.71","54.38","54.96","54.18","1.26M","0.61%"
"05/16/2018","54.38","53.70","54.60","53.40","901.51K","1.15%"
"05/15/2018","53.76","53.15","54.03","53.15","587.79K","0.75%"
"05/14/2018","53.36","53.45","53.62","53.13","604.86K","-0.04%"
"05/11/2018","53.38","53.49","53.83","53.24","435.15K","-0.26%"
"05/10/2018","53.52","53.44","53.71","52.87","539.97K","-0.11%"
"05/09/2018","53.58","53.20","53.90","52.78","605.40K","1.09%"
"05/08/2018","53.00","52.33","53.23","52.33","543.56K","1.30%"
"05/07/2018","52.32","52.03","52.73","51.66","401.77K","0.58%"
"05/04/2018","52.02","51.07","52.55","50.53","552.08K","1.52%"
"05/03/2018","51.24","51.60","51.91","50.88","735.03K","-1.18%"
"05/02/2018","51.85","51.90","52.43","51.38","766.02K","-0.17%"
"05/01/2018","51.94","50.99","52.12","50.43","796.88K","1.37%"
"04/30/2018","51.24","52.74","52.76","51.22","619.75K","-2.21%"
"04/27/2018","52.40","52.17","52.66","51.95","752.37K","0.42%"
"04/26/2018","52.18","52.19","52.48","51.53","894.87K","0.00%"
"04/25/2018","52.18","52.02","52.44","51.43","561.51K","0.52%"
"04/24/2018","51.91","52.45","53.00","51.47","738.38K","-0.31%"
"04/23/2018","52.07","51.22","52.34","51.02","739.30K","2.14%"
"04/20/2018","50.98","51.40","51.46","50.59","932.48K","-0.37%"
"04/19/2018","51.17","50.69","51.48","50.54","892.78K","1.15%"
"04/18/2018","50.59","49.96","52.07","49.70","1.93M","2.02%"
"04/17/2018","49.59","49.48","50.91","48.92","1.98M","1.41%"
"04/16/2018","48.90","49.02","49.14","48.50","559.14K","0.60%"
"04/13/2018","48.61","49.78","49.83","48.48","836.87K","-1.54%"
"04/12/2018","49.37","48.93","49.67","47.77","615.37K","1.44%"
"04/11/2018","48.67","48.48","48.94","47.72","765.91K","-0.08%"
"04/10/2018","48.71","48.90","48.98","47.92","889.07K","2.72%"
"04/09/2018","47.42","47.96","48.70","47.39","941.27K","-0.61%"
"04/06/2018","47.71","48.68","48.90","46.99","876.21K","-3.09%"
"04/05/2018","49.23","49.50","49.50","48.85","423.73K","0.26%"
"04/04/2018","49.10","48.17","49.23","47.85","875.84K","0.41%"
"04/03/2018","48.90","48.49","49.09","48.09","1.20M","1.26%"
"04/02/2018","48.29","49.64","49.89","47.56","1.16M","-2.50%"
"03/29/2018","49.53","49.24","50.17","48.75","844.17K","1.27%"
"03/28/2018","48.91","48.69","49.40","47.97","1.24M","0.80%"
"03/27/2018","48.52","49.74","49.74","48.20","1.16M","-2.08%"
"03/26/2018","49.55","48.84","49.70","48.52","835.79K","2.86%"
"03/23/2018","48.17","49.79","50.16","48.10","868.83K","-2.73%"
"03/22/2018","49.52","51.18","51.27","49.44","729.91K","-4.18%"
"03/21/2018","51.68","51.75","52.17","51.26","657.88K","-0.25%"
"03/20/2018","51.81","52.26","52.55","51.70","717.09K","-0.88%"
"03/19/2018","52.27","52.73","52.85","51.71","930.24K","-1.30%"
"03/16/2018","52.96","52.65","53.39","52.56","3.22M","1.22%"
"03/15/2018","52.32","52.17","52.50","51.74","667.74K","0.31%"
"03/14/2018","52.16","53.27","53.27","51.89","744.25K","-1.42%"
"03/13/2018","52.91","53.72","53.76","52.40","1.40M","-0.90%"
"03/12/2018","53.39","54.31","54.31","53.17","875.11K","-1.35%"
"03/09/2018","54.12","54.22","54.41","53.78","950.36K","0.93%"
"03/08/2018","53.62","54.48","54.55","53.22","382.35K","-1.18%"
"03/07/2018","54.26","53.22","54.54","53.22","840.59K","0.56%"
"03/06/2018","53.96","53.48","54.37","52.56","900.61K","1.49%"
"03/05/2018","53.17","52.46","53.48","52.00","1.02M","0.45%"
"03/02/2018","52.93","51.73","53.12","51.45","599.54K","1.55%"
"03/01/2018","52.12","52.14","52.88","51.80","741.21K","-0.04%"
"02/28/2018","52.14","53.31","53.72","52.12","616.05K","-1.72%"
"02/27/2018","53.05","53.84","54.69","51.55","809.02K","-1.27%"
"02/26/2018","53.73","53.96","54.00","53.19","462.92K","-0.09%"
"02/23/2018","53.78","53.02","53.80","52.90","399.85K","1.97%"
"02/22/2018","52.74","54.01","54.09","52.65","615.27K","-1.79%"
"02/21/2018","53.70","53.74","54.62","53.53","522.69K","-0.07%"
"02/20/2018","53.74","54.30","54.77","51.45","686.27K","-1.21%"
"02/16/2018","54.40","53.39","54.86","53.39","899.75K","0.80%"
"02/15/2018","53.97","54.17","54.44","53.41","802.33K","-0.15%"
"02/14/2018","54.05","52.09","54.12","52.09","475.40K","3.35%"
"02/13/2018","52.30","51.86","52.43","51.47","366.42K","0.29%"
"02/12/2018","52.15","51.97","52.65","51.27","615.55K","1.07%"
"02/09/2018","51.60","50.99","51.97","50.04","935.04K","2.56%"
"02/08/2018","50.31","51.84","52.02","50.31","761.40K","-2.48%"
"02/07/2018","51.59","50.91","52.03","50.81","533.61K","1.20%"
"02/06/2018","50.98","49.30","51.36","48.48","888.04K","0.93%"
"02/05/2018","50.51","52.27","52.97","50.51","810.02K","-4.46%"
"02/02/2018","52.87","53.34","53.92","52.51","501.17K","-0.99%"
"02/01/2018","53.40","52.42","53.41","52.02","616.00K","1.85%"
"01/31/2018","52.43","52.85","53.08","52.29","539.92K","-0.32%"
"01/30/2018","52.60","52.50","53.07","52.27","775.28K","-0.28%"
"01/29/2018","52.75","53.15","53.64","52.73","808.21K","-0.73%"
"01/26/2018","53.14","53.14","53.16","52.30","406.89K","0.55%"
"01/25/2018","52.85","53.59","53.59","52.52","666.81K","-0.47%"
"01/24/2018","53.10","54.15","54.29","52.79","591.37K","-1.19%"
"01/23/2018","53.74","53.68","54.05","53.21","472.37K","-0.02%"
"01/22/2018","53.75","53.82","53.83","53.15","480.51K","-0.37%"
"01/19/2018","53.95","52.57","53.98","52.57","999.25K","2.49%"
"01/18/2018","52.64","52.39","53.28","52.13","1.78M","0.50%"
"01/17/2018","52.38","52.31","52.56","51.96","844.41K","0.54%"
"01/16/2018","52.10","53.26","53.45","52.02","979.34K","-1.72%"
"01/12/2018","53.01","52.95","53.08","52.46","662.70K","0.70%"
"01/11/2018","52.64","52.52","52.78","52.22","695.14K","1.00%"
"01/10/2018","52.12","51.86","53.08","51.86","823.25K","0.83%"
"01/09/2018","51.69","50.93","51.85","50.67","833.52K","2.15%"
"01/08/2018","50.60","50.87","50.87","50.31","789.51K","-0.39%"
"01/05/2018","50.80","50.83","50.94","50.31","742.59K","0.55%"
"01/04/2018","50.52","50.73","51.47","50.19","908.45K","0.54%"
"01/03/2018","50.25","50.46","50.67","50.08","927.66K","-0.38%"
"01/02/2018","50.44","50.66","51.05","50.11","1.18M","0.08%"
"12/29/2017","50.40","50.07","50.62","50.05","1.00M","0.54%"
"12/28/2017","50.13","50.17","50.17","49.84","487.02K","0.06%"
"12/27/2017","50.10","49.85","50.18","49.58","790.15K","0.70%"
"12/26/2017","49.75","50.48","50.67","49.58","571.91K","-1.37%"
"12/22/2017","50.44","50.39","50.67","50.05","621.05K","-0.08%"
"12/21/2017","50.48","49.74","50.74","49.54","1.06M","2.35%"
"12/20/2017","49.32","49.51","49.61","48.53","931.74K","0.59%"
"12/19/2017","49.03","49.54","49.55","48.81","938.93K","-0.77%"
"12/18/2017","49.41","48.82","49.45","48.72","934.45K","2.36%"
"12/15/2017","48.27","47.18","48.82","47.18","2.11M","2.70%"
"12/14/2017","47.00","48.34","48.34","46.89","850.46K","-2.19%"
"12/13/2017","48.05","48.65","48.91","47.98","967.28K","-1.23%"
"12/12/2017","48.65","48.64","49.08","48.48","1.16M","0.12%"
"12/11/2017","48.59","47.60","48.88","47.25","1.59M","2.68%"
"12/08/2017","47.32","48.07","48.09","46.97","661.02K","-0.96%"
"12/07/2017","47.78","47.34","48.15","47.01","653.58K","0.53%"
"12/06/2017","47.53","47.49","47.91","47.40","713.81K","0.02%"
"12/05/2017","47.52","48.69","48.80","47.43","979.21K","-2.18%"
"12/04/2017","48.58","48.59","49.39","48.45","1.34M","2.06%"
"12/01/2017","47.60","47.71","48.07","45.84","1.37M","-0.13%"
"11/30/2017","47.66","48.30","48.81","47.40","1.33M","-0.50%"
"11/29/2017","47.90","46.75","48.18","45.60","1.72M","3.59%"
"11/28/2017","46.24","44.84","46.37","44.72","2.19M","3.40%"
"11/27/2017","44.72","44.93","45.19","44.71","614.20K","-0.51%"
"11/24/2017","44.95","45.36","45.39","44.93","254.36K","-0.38%"
"11/22/2017","45.12","45.57","45.57","45.12","855.58K","-0.66%"
"11/21/2017","45.42","45.85","45.90","45.32","686.72K","-0.61%"
"11/20/2017","45.70","45.22","45.72","45.03","666.72K","1.20%"
"11/17/2017","45.16","43.87","45.47","43.61","1.81M","1.80%"
"11/16/2017","44.36","45.00","45.02","44.34","770.69K","-0.52%"
"11/15/2017","44.59","44.41","45.10","43.97","1.12M","-0.78%"
"11/14/2017","44.94","44.77","45.27","44.71","969.69K","-0.58%"
"11/13/2017","45.20","44.50","45.56","44.39","1.27M","1.12%"
"11/10/2017","44.70","45.09","45.44","44.69","714.97K","-0.67%"
"11/09/2017","45.00","45.11","45.84","44.83","1.19M","-0.97%"
"11/08/2017","45.44","45.45","45.73","45.00","1.40M","-0.07%"
"11/07/2017","45.47","47.33","47.41","45.47","935.72K","-3.83%"
"11/06/2017","47.28","47.50","47.60","47.07","533.34K","-0.51%"
"11/03/2017","47.52","47.46","47.54","47.09","510.65K","-0.23%"
"11/02/2017","47.63","47.46","47.81","46.99","937.88K","0.19%"
"11/01/2017","47.54","47.90","48.75","46.99","1.33M","-1.61%"
"10/31/2017","48.32","48.19","48.58","48.11","742.08K","0.10%"
"10/30/2017","48.27","48.69","48.88","48.00","748.00K","-1.33%"
"10/27/2017","48.92","48.74","49.24","48.51","984.11K","0.08%"
"10/26/2017","48.88","48.05","48.92","47.91","703.37K","2.07%"
"10/25/2017","47.89","48.90","48.90","47.82","1.87M","-1.62%"
"10/24/2017","48.68","48.73","49.10","48.48","1.01M","0.64%"
"10/23/2017","48.37","48.05","48.58","47.76","2.07M","0.79%"
"10/20/2017","47.99","47.90","48.02","47.01","2.37M","2.08%"
"10/19/2017","47.01","45.96","47.23","45.96","1.14M","0.84%"
"10/18/2017","46.62","46.31","47.02","45.66","1.99M","0.00%"
"10/17/2017","46.62","47.49","47.56","46.21","2.06M","-3.06%"
"10/16/2017","48.09","47.85","48.72","47.76","857.89K","0.27%"
"10/13/2017","47.96","48.46","48.68","47.86","535.98K","-1.36%"
"10/12/2017","48.62","48.70","48.86","48.28","608.45K","-0.02%"
"10/11/2017","48.63","49.21","49.21","48.56","558.98K","-1.22%"
"10/10/2017","49.23","49.19","49.59","48.96","632.34K","0.26%"
"10/09/2017","49.10","49.23","49.32","48.82","409.73K","-0.08%"
"10/06/2017","49.14","49.38","49.75","48.75","603.00K","-0.28%"
"10/05/2017","49.28","48.82","49.52","48.62","611.34K","1.46%"
"10/04/2017","48.57","49.93","50.17","48.50","783.25K","-2.72%"
"10/03/2017","49.93","50.74","50.83","49.50","660.57K","-1.62%"
"10/02/2017","50.75","50.16","50.78","49.78","811.15K","0.48%"
"09/29/2017","50.51","50.61","51.56","50.43","735.26K","-0.08%"
"09/28/2017","50.55","50.53","50.67","49.91","630.58K","0.26%"
"09/27/2017","50.42","49.54","50.59","49.12","1.21M","2.90%"
"09/26/2017","49.00","48.58","49.16","48.51","655.75K","1.05%"
"09/25/2017","48.49","47.99","48.69","47.94","409.94K","0.94%"
"09/22/2017","48.04","48.07","48.39","47.76","586.09K","-0.08%"
"09/21/2017","48.08","48.07","48.41","47.77","439.80K","0.06%"
"09/20/2017","48.05","47.35","48.68","47.04","864.41K","1.54%"
"09/19/2017","47.32","46.88","47.47","46.54","911.32K","0.98%"
"09/18/2017","46.86","46.10","46.87","45.82","956.99K","2.58%"
"09/15/2017","45.68","45.12","45.88","45.00","957.35K","1.08%"
"09/14/2017","45.19","45.78","45.95","45.08","681.00K","-1.25%"
"09/13/2017","45.76","46.00","46.12","45.70","631.99K","-0.87%"
"09/12/2017","46.16","45.00","46.34","45.00","748.19K","2.85%"
"09/11/2017","44.88","44.34","45.45","44.27","587.92K","2.68%"
"09/08/2017","43.71","43.38","44.02","43.24","511.54K","0.71%"
"09/07/2017","43.40","44.15","44.20","43.08","737.66K","-0.75%"
"09/06/2017","43.73","43.90","44.34","43.61","365.64K","0.11%"
"09/05/2017","43.68","45.01","45.15","43.60","512.49K","-3.58%"
"09/01/2017","45.30","45.29","45.81","45.23","429.48K","0.33%"
"08/31/2017","45.15","45.65","45.82","45.10","464.43K","-0.68%"
"08/30/2017","45.46","44.97","45.85","44.80","455.89K","1.22%"
"08/29/2017","44.91","44.80","45.02","44.36","495.86K","-1.14%"
"08/28/2017","45.43","45.95","46.02","45.22","302.30K","-0.79%"
"08/25/2017","45.79","45.75","46.11","45.67","447.09K","0.13%"
"08/24/2017","45.73","45.74","45.96","45.23","714.64K","0.31%"
"08/23/2017","45.59","44.84","45.92","44.53","1.04M","0.71%"
"08/22/2017","45.27","43.83","45.31","43.79","1.43M","3.74%"
"08/21/2017","43.64","43.80","44.03","43.47","487.28K","-0.71%"
"08/18/2017","43.95","44.02","44.43","43.43","1.02M","-0.41%"
"08/17/2017","44.13","45.12","45.73","44.06","804.11K","-3.56%"
"08/16/2017","45.76","46.08","46.30","45.53","669.87K","-0.44%"
"08/15/2017","45.96","46.43","46.71","45.95","458.90K","-0.30%"
"08/14/2017","46.10","45.81","46.38","45.57","722.38K","1.79%"
"08/11/2017","45.29","45.58","46.05","44.94","661.09K","-0.61%"
"08/10/2017","45.57","46.74","46.81","45.51","602.05K","-3.37%"
"08/09/2017","47.16","47.39","47.51","47.01","448.82K","-1.40%"
"08/08/2017","47.83","47.70","48.66","47.50","609.23K","-0.08%"
"08/07/2017","47.87","48.41","48.65","47.83","508.75K","-0.81%"
"08/04/2017","48.26","48.47","48.86","48.18","478.57K","0.56%"
"08/03/2017","47.99","48.12","48.41","47.92","467.96K","-0.31%"
"08/02/2017","48.14","48.25","48.41","47.82","378.71K","-0.21%"
"08/01/2017","48.24","48.37","48.44","47.95","452.86K","0.46%"
"07/31/2017","48.02","48.05","48.37","47.77","412.28K","0.54%"
"07/28/2017","47.76","48.20","48.20","47.70","467.07K","-1.18%"
"07/27/2017","48.33","48.30","48.84","47.91","627.10K","0.27%"
"07/26/2017","48.20","49.60","49.80","48.11","605.33K","-2.61%"
"07/25/2017","49.49","49.75","50.20","49.29","1.28M","1.46%"
"07/24/2017","48.78","48.32","49.05","48.32","798.97K","0.87%"
"07/21/2017","48.36","48.55","48.99","48.18","731.01K","-0.76%"
"07/20/2017","48.73","49.28","49.75","48.66","1.05M","-0.85%"
"07/19/2017","49.15","49.10","49.65","48.72","1.14M","0.82%"
"07/18/2017","48.75","47.75","49.01","47.41","1.93M","3.83%"
"07/17/2017","46.95","46.29","47.02","45.96","893.09K","1.43%"
"07/14/2017","46.29","46.07","46.71","45.87","975.33K","-0.52%"
"07/13/2017","46.53","46.47","46.97","46.30","647.48K","0.06%"
"07/12/2017","46.50","46.12","46.63","46.04","864.80K","0.56%"
"07/11/2017","46.24","46.27","46.49","45.84","804.45K","-0.13%"
"07/10/2017","46.30","46.75","46.80","46.05","1.11M","-1.28%"
"07/07/2017","46.90","46.81","46.98","45.95","1.25M","0.56%"
"07/06/2017","46.64","47.22","47.46","46.47","1.30M","-1.14%"
"07/05/2017","47.18","47.54","47.54","46.47","933.48K","-0.72%"
"07/03/2017","47.52","46.82","47.97","46.82","356.59K","1.76%"
"06/30/2017","46.70","47.19","47.71","46.44","694.17K","-0.57%"
"06/29/2017","46.97","47.33","47.87","46.20","1.05M","1.29%"
"06/28/2017","46.37","46.32","46.86","46.20","956.13K","0.74%"
"06/27/2017","46.03","46.46","46.73","45.98","1.04M","-0.17%"
"06/26/2017","46.11","45.77","46.44","45.43","720.90K","0.94%"
"06/23/2017","45.68","46.01","46.19","45.40","1.46M","-0.13%"
"06/22/2017","45.74","47.19","47.19","45.56","930.98K","-2.16%"
"06/21/2017","46.75","47.57","47.57","46.65","630.76K","-1.45%"
"06/20/2017","47.44","48.48","48.48","47.35","594.15K","-2.43%"
"06/19/2017","48.62","48.76","49.15","48.38","620.52K","0.60%"
"06/16/2017","48.33","48.77","48.95","48.10","2.75M","-1.06%"
"06/15/2017","48.85","48.23","49.75","48.23","745.31K","-0.39%"
"06/14/2017","49.04","49.10","49.71","47.69","2.24M","-1.47%"
"06/13/2017","49.77","49.40","50.15","49.04","1.08M","1.12%"
"06/12/2017","49.22","49.35","50.14","48.74","1.26M","0.26%"
"06/09/2017","49.09","47.45","49.12","47.44","1.48M","4.27%"
"06/08/2017","47.08","46.05","47.75","45.77","1.02M","2.28%"
"06/07/2017","46.03","46.07","46.50","45.82","878.67K","0.22%"
"06/06/2017","45.93","45.69","46.10","45.09","896.31K","0.07%"
"06/05/2017","45.90","46.08","46.60","45.88","1.10M","-0.33%"
"06/02/2017","46.05","46.90","47.07","46.03","1.02M","-3.17%"
"06/01/2017","47.56","47.12","47.56","46.47","622.83K","1.91%"
"05/31/2017","46.67","46.75","47.20","45.51","766.74K","-0.11%"
"05/30/2017","46.72","47.24","47.24","46.29","458.44K","-1.48%"
"05/26/2017","47.42","47.66","47.73","47.21","336.99K","-0.63%"
"05/25/2017","47.72","47.98","48.28","47.40","486.27K","-0.19%"
"05/24/2017","47.81","48.02","48.27","47.27","400.91K","-0.48%"
"05/23/2017","48.04","47.39","48.42","46.91","412.96K","1.63%"
"05/22/2017","47.27","47.32","47.43","46.81","593.52K","0.36%"
"05/19/2017","47.10","46.85","47.81","46.85","587.33K","0.15%"
"05/18/2017","47.03","46.75","47.32","46.42","733.79K","-0.02%"
"05/17/2017","47.04","48.61","48.98","46.45","882.83K","-4.93%"
"05/16/2017","49.48","49.57","50.00","48.96","653.40K","-0.40%"
"05/15/2017","49.68","49.12","50.13","49.12","552.38K","1.31%"
"05/12/2017","49.04","49.06","49.16","48.30","461.60K","-0.53%"
"05/11/2017","49.30","49.98","50.04","48.81","621.79K","-1.60%"
"05/10/2017","50.10","50.14","50.73","49.99","883.10K","-0.63%"
"05/09/2017","50.42","51.08","51.29","50.09","678.49K","-0.87%"
"05/08/2017","50.86","50.37","51.05","50.12","682.02K","1.09%"
"05/05/2017","50.31","50.51","50.97","49.79","793.65K","0.18%"
"05/04/2017","50.22","50.72","51.10","50.09","589.31K","0.14%"
"05/03/2017","50.15","49.12","50.26","48.70","649.42K","1.54%"
"05/02/2017","49.39","50.10","50.34","49.11","746.42K","-1.32%"
"05/01/2017","50.05","49.79","50.43","49.14","824.27K","1.34%"
"04/28/2017","49.39","50.58","50.85","49.35","870.01K","-2.18%"
"04/27/2017","50.49","51.25","51.25","50.10","831.40K","-0.90%"
"04/26/2017","50.95","50.61","51.61","50.11","768.53K","0.57%"
"04/25/2017","50.66","50.80","51.33","50.60","1.24M","0.64%"
"04/24/2017","50.34","49.86","50.70","49.63","1.39M","3.88%"
"04/21/2017","48.46","48.56","49.23","48.31","953.07K","-0.21%"
"04/20/2017","48.56","48.02","48.65","47.83","1.71M","1.65%"
"04/19/2017","47.77","47.74","48.00","47.43","1.11M","1.27%"
"04/18/2017","47.17","47.33","47.94","46.38","2.01M","-1.65%"
"04/17/2017","47.96","48.50","48.91","46.95","2.82M","-4.23%"
"04/13/2017","50.08","51.50","52.10","50.08","772.95K","-3.04%"
"04/12/2017","51.65","52.79","52.92","51.56","631.32K","-1.94%"
"04/11/2017","52.67","52.14","52.68","51.87","891.92K","0.44%"
"04/10/2017","52.44","52.74","53.26","52.10","596.27K","-0.61%"
"04/07/2017","52.76","52.56","53.10","52.16","1.01M","-0.23%"
"04/06/2017","52.88","52.35","52.90","51.47","1.83M","2.24%"
"04/05/2017","51.72","53.50","53.72","51.60","618.04K","-2.19%"
"04/04/2017","52.88","52.33","53.08","52.33","633.33K","0.25%"
"04/03/2017","52.75","53.32","53.57","52.14","799.99K","-0.96%"
"03/31/2017","53.26","54.10","54.42","52.26","505.44K","-1.24%"
"03/30/2017","53.93","51.58","54.05","51.55","915.81K","4.39%"
"03/29/2017","51.66","51.72","52.11","51.16","497.94K","-0.02%"
"03/28/2017","51.67","50.46","52.04","50.41","815.98K","1.59%"
"03/27/2017","50.86","49.90","51.02","49.21","791.43K","-0.92%"
"03/24/2017","51.33","51.45","51.72","50.86","939.96K","0.47%"
"03/23/2017","51.09","50.82","51.95","50.41","855.12K","0.59%"
"03/22/2017","50.79","50.41","51.39","49.50","836.46K","-0.04%"
"03/21/2017","50.81","55.15","55.15","50.65","1.33M","-7.28%"
"03/20/2017","54.80","55.68","55.68","54.76","490.26K","-1.81%"
"03/17/2017","55.81","55.69","55.91","54.69","3.37M","0.36%"
"03/16/2017","55.61","55.77","57.08","54.93","672.99K","1.46%"
"03/15/2017","54.81","55.67","56.03","54.73","652.05K","-1.06%"
"03/14/2017","55.40","55.14","55.44","54.25","635.77K","-0.09%"
"03/13/2017","55.45","55.31","56.03","54.92","600.79K","0.14%"
"03/10/2017","55.37","55.56","55.90","54.60","672.23K","-0.45%"
"03/09/2017","55.62","55.59","56.17","55.25","806.12K","0.18%"
"03/08/2017","55.52","56.64","56.83","55.44","627.33K","-1.05%"
"03/07/2017","56.11","56.29","56.63","55.78","443.61K","-0.39%"
"03/06/2017","56.33","56.38","56.65","55.78","513.11K","-0.76%"
"03/03/2017","56.76","56.30","57.03","56.01","881.73K","1.00%"
"03/02/2017","56.20","57.40","57.53","56.16","1.05M","-1.66%"
"03/01/2017","57.15","56.37","57.30","55.84","776.45K","3.72%"
"02/28/2017","55.10","56.05","56.16","54.93","917.65K","-2.08%"
"02/27/2017","56.27","55.60","56.27","55.38","551.51K","1.37%"
"02/24/2017","55.51","54.86","55.51","54.69","596.66K","-0.25%"
"02/23/2017","55.65","55.79","55.79","54.64","520.18K","0.00%"
"02/22/2017","55.65","55.30","56.23","54.80","784.64K","0.13%"
"02/21/2017","55.58","55.92","56.14","55.15","625.84K","0.00%"
"02/17/2017","55.58","55.53","55.70","54.88","479.81K","-0.63%"
"02/16/2017","55.93","56.06","56.20","55.30","469.10K","-1.17%"
"02/15/2017","56.59","56.89","57.09","56.33","556.73K","-0.05%"
"02/14/2017","56.62","55.66","56.71","55.28","457.72K","1.76%"
"02/13/2017","55.64","55.79","56.20","55.14","553.37K","0.45%"
"02/10/2017","55.39","55.75","55.75","54.65","420.51K","0.25%"
"02/09/2017","55.25","54.61","55.61","54.56","377.55K","1.67%"
"02/08/2017","54.34","54.84","54.84","53.77","420.55K","-1.36%"
"02/07/2017","55.09","55.47","55.82","54.54","437.26K","-0.43%"
"02/06/2017","55.33","55.04","55.86","54.84","312.81K","-0.52%"
"02/03/2017","55.62","55.00","55.83","54.78","527.53K","2.77%"
"02/02/2017","54.12","54.55","54.65","53.81","695.29K","-1.80%"
"02/01/2017","55.11","56.07","56.77","54.86","493.25K","-0.52%"
"01/31/2017","55.40","55.07","55.62","54.88","616.46K","0.40%"
"01/30/2017","55.18","55.41","55.42","54.04","698.88K","-1.43%"
"01/27/2017","55.98","56.90","57.02","55.76","432.18K","-1.62%"
"01/26/2017","56.90","56.00","57.07","55.55","1.23M","1.79%"
"01/25/2017","55.90","55.29","55.98","55.04","560.46K","2.31%"
"01/24/2017","54.64","53.71","54.81","53.56","548.06K","2.15%"
"01/23/2017","53.49","53.38","53.98","53.02","418.12K","0.04%"
"01/20/2017","53.47","53.15","53.90","53.06","473.72K","0.81%"
"01/19/2017","53.04","53.90","53.90","52.29","852.09K","-0.95%"
"01/18/2017","53.55","53.50","53.62","52.76","838.95K","0.75%"
"01/17/2017","53.15","54.71","54.85","53.10","475.92K","-4.08%"
"01/13/2017","55.41","55.01","56.46","55.01","442.43K","1.61%"
"01/12/2017","54.53","55.21","55.60","53.92","548.07K","-2.01%"
"01/11/2017","55.65","55.15","55.66","54.68","709.14K","0.96%"
"01/10/2017","55.12","54.79","55.69","54.36","593.67K","1.14%"
"01/09/2017","54.50","55.31","55.38","54.48","574.15K","-2.35%"
"01/06/2017","55.81","55.68","56.01","55.27","652.96K","1.36%"
"01/05/2017","55.06","55.89","56.05","54.77","594.79K","-1.75%"
"01/04/2017","56.04","55.28","56.34","55.28","689.42K","1.67%"
"01/03/2017","55.12","55.33","55.90","54.45","723.90K","1.25%"
"12/30/2016","54.44","54.62","54.72","54.23","426.77K","0.07%"
"12/29/2016","54.40","54.52","55.25","53.93","306.05K","-0.06%"
"12/28/2016","54.43","55.32","55.36","54.22","333.47K","-1.31%"
"12/27/2016","55.15","55.38","55.59","54.80","348.10K","0.18%"
"12/23/2016","55.05","54.85","55.08","54.27","224.79K","0.07%"
"12/22/2016","55.01","54.90","55.21","54.52","364.97K","0.20%"
"12/21/2016","54.90","55.07","55.18","54.71","529.68K","-0.51%"
"12/20/2016","55.18","54.79","55.22","53.68","520.22K","1.94%"
"12/19/2016","54.13","53.85","54.45","53.23","466.19K","0.58%"
"12/16/2016","53.82","54.43","55.07","53.73","2.14M","-0.83%"
"12/15/2016","54.27","53.68","54.48","53.24","905.71K","1.65%"
"12/14/2016","53.39","53.43","53.99","53.02","1.06M","-0.76%"
"12/13/2016","53.80","53.80","54.14","53.48","773.95K","0.19%"
"12/12/2016","53.70","55.38","55.49","53.47","716.78K","-3.03%"
"12/09/2016","55.38","55.34","55.50","54.56","688.63K","0.07%"
"12/08/2016","55.34","55.19","56.07","54.75","868.01K","0.78%"
"12/07/2016","54.91","53.94","55.09","53.72","931.22K","2.23%"
"12/06/2016","53.71","53.05","53.76","52.58","730.32K","2.01%"
"12/05/2016","52.65","52.35","52.74","52.10","630.72K","1.62%"
"12/02/2016","51.81","52.19","52.35","51.55","774.88K","-1.39%"
"12/01/2016","52.54","51.92","52.58","51.70","1.14M","2.52%"
"11/30/2016","51.25","52.14","52.18","50.95","1.11M","-0.10%"
"11/29/2016","51.30","51.10","51.73","50.85","623.48K","0.53%"
"11/28/2016","51.03","51.40","51.86","50.90","736.63K","-1.75%"
"11/25/2016","51.94","51.97","52.00","51.63","223.93K","-0.04%"
"11/23/2016","51.96","51.69","52.15","51.45","778.05K","1.17%"
"11/22/2016","51.36","50.61","51.41","50.56","713.94K","2.15%"
"11/21/2016","50.28","50.75","50.75","49.99","819.26K","-0.08%"
"11/18/2016","50.32","50.68","50.86","50.29","1.25M","-0.49%"
"11/17/2016","50.57","50.73","51.14","50.01","805.63K","0.20%"
"11/16/2016","50.47","50.02","51.00","49.91","875.70K","-0.45%"
"11/15/2016","50.70","50.42","50.78","48.76","1.44M","0.96%"
"11/14/2016","50.22","48.90","51.78","48.75","1.71M","2.72%"
"11/11/2016","48.89","47.75","49.00","47.38","1.08M","2.05%"
"11/10/2016","47.91","45.99","48.20","45.87","2.10M","4.61%"
"11/09/2016","45.80","43.62","46.05","43.62","1.59M","6.98%"
"11/08/2016","42.81","43.16","43.16","42.50","619.00K","-1.25%"
"11/07/2016","43.35","42.96","43.50","42.62","728.37K","3.51%"
"11/04/2016","41.88","41.73","42.30","41.28","661.18K","0.41%"
"11/03/2016","41.71","41.68","42.07","41.50","740.87K","0.39%"
"11/02/2016","41.55","42.50","42.63","41.51","1.07M","-3.03%"
"11/01/2016","42.85","43.69","43.92","42.36","618.17K","-1.24%"
"10/31/2016","43.39","43.40","43.59","43.08","558.37K","0.39%"
"10/28/2016","43.22","43.77","43.80","43.04","492.06K","-1.19%"
"10/27/2016","43.74","43.95","43.95","43.43","713.91K","0.48%"
"10/26/2016","43.53","43.35","43.80","43.21","628.42K","-0.07%"
"10/25/2016","43.56","43.64","43.94","43.38","664.31K","-0.50%"
"10/24/2016","43.78","42.86","43.84","42.80","975.59K","2.55%"
"10/21/2016","42.69","41.78","42.75","41.78","946.94K","1.81%"
"10/20/2016","41.93","41.61","42.05","41.36","1.13M","0.17%"
"10/19/2016","41.86","41.62","42.01","41.42","1.33M","1.33%"
"10/18/2016","41.31","42.20","42.25","41.10","1.36M","-0.39%"
"10/17/2016","41.47","41.75","42.05","41.36","630.81K","-0.93%"
"10/14/2016","41.86","42.03","42.40","41.60","572.60K","1.01%"
"10/13/2016","41.44","42.54","43.05","41.30","800.16K","-3.72%"
"10/12/2016","43.04","43.37","43.68","42.85","871.97K","-0.67%"
"10/11/2016","43.33","43.49","43.91","42.83","672.33K","-0.62%"
"10/10/2016","43.60","43.63","44.24","43.29","549.72K","0.60%"
"10/07/2016","43.34","43.44","43.56","42.93","807.15K","-0.28%"
"10/06/2016","43.46","43.77","43.86","43.13","569.40K","-0.44%"
"10/05/2016","43.65","43.00","44.13","42.84","699.11K","2.32%"
"10/04/2016","42.66","42.14","42.67","41.95","1.05M","0.52%"
"10/03/2016","42.44","42.61","42.92","42.27","529.01K","-1.10%"
"09/30/2016","42.91","42.58","43.17","42.26","570.17K","1.16%"
"09/29/2016","42.42","43.16","43.31","42.11","482.04K","-1.55%"
"09/28/2016","43.09","42.71","43.11","42.30","434.54K","1.56%"
"09/27/2016","42.43","41.72","42.46","41.25","529.53K","1.24%"
"09/26/2016","41.91","42.59","42.59","41.87","472.40K","-2.38%"
"09/23/2016","42.93","42.70","43.31","42.70","726.62K","-0.05%"
"09/22/2016","42.95","43.04","43.05","42.76","660.71K","0.56%"
"09/21/2016","42.71","42.71","43.03","42.27","423.54K","0.78%"
"09/20/2016","42.38","42.83","42.86","42.38","753.38K","-0.07%"
"09/19/2016","42.41","42.90","43.32","42.17","600.34K","-0.47%"
"09/16/2016","42.61","42.56","42.85","42.41","1.91M","-0.33%"
"09/15/2016","42.75","41.87","42.77","41.70","780.75K","2.15%"
"09/14/2016","41.85","42.26","42.48","41.77","468.07K","-1.04%"
"09/13/2016","42.29","42.45","42.50","41.73","674.35K","-1.49%"
"09/12/2016","42.93","42.48","42.99","41.96","747.14K","0.42%"
"09/09/2016","42.75","43.13","43.68","42.65","1.13M","-1.16%"
"09/08/2016","43.25","43.09","43.39","42.86","609.66K","0.46%"
"09/07/2016","43.05","42.59","43.17","42.51","1.02M","0.91%"
"09/06/2016","42.66","43.71","43.74","42.48","702.73K","-2.16%"
"09/02/2016","43.60","43.34","43.65","42.96","640.53K","1.09%"
"09/01/2016","43.13","43.57","43.86","42.89","962.91K","-0.42%"
"08/31/2016","43.31","43.07","43.60","42.77","1.37M","0.86%"
"08/30/2016","42.94","42.44","42.94","42.29","1.06M","1.39%"
"08/29/2016","42.35","41.94","42.63","41.72","1.05M","1.19%"
"08/26/2016","41.85","42.26","42.58","41.59","1.44M","-0.57%"
"08/25/2016","42.09","42.05","42.29","41.86","1.16M","-0.09%"
"08/24/2016","42.13","42.16","42.36","42.08","395.50K","0.10%"
"08/23/2016","42.09","42.24","42.47","42.08","750.31K","0.21%"
"08/22/2016","42.00","41.94","42.01","41.49","1.07M","-0.33%"
"08/19/2016","42.14","42.06","42.37","41.72","426.34K","-0.09%"
"08/18/2016","42.18","41.98","42.25","41.56","419.79K","0.55%"
"08/17/2016","41.95","41.88","42.34","41.86","478.30K","0.17%"
"08/16/2016","41.88","41.77","42.28","41.50","368.21K","-0.40%"
"08/15/2016","42.05","41.23","42.14","41.22","359.82K","2.39%"
"08/12/2016","41.07","40.84","41.09","40.60","297.11K","-0.15%"
"08/11/2016","41.13","41.23","41.44","40.86","439.17K","-1.30%"
"08/10/2016","41.67","42.50","42.67","41.59","568.22K","-2.00%"
"08/09/2016","42.52","42.46","42.71","42.34","447.51K","0.02%"
"08/08/2016","42.51","42.76","42.88","42.17","570.59K","-0.14%"
"08/05/2016","42.57","41.40","42.57","41.40","732.44K","4.13%"
"08/04/2016","40.88","40.75","41.43","40.74","293.80K","-0.27%"
"08/03/2016","40.99","40.28","40.99","40.14","373.07K","2.19%"
"08/02/2016","40.11","40.52","40.90","40.01","490.66K","-1.18%"
"08/01/2016","40.59","41.53","41.64","40.39","770.44K","-1.84%"
"07/29/2016","41.35","41.29","41.85","41.12","806.86K","-0.02%"
"07/28/2016","41.36","41.38","41.51","40.95","507.91K","-0.24%"
"07/27/2016","41.46","41.30","41.95","41.27","888.14K","0.61%"
"07/26/2016","41.21","40.76","41.38","40.55","496.69K","0.91%"
"07/25/2016","40.84","40.98","41.21","40.67","505.97K","-0.73%"
"07/22/2016","41.14","40.66","41.26","40.26","513.24K","1.51%"
"07/21/2016","40.53","41.01","41.01","40.40","683.54K","-0.90%"
"07/20/2016","40.90","40.93","40.98","40.30","582.55K","0.79%"
"07/19/2016","40.58","40.04","40.97","40.00","971.15K","0.62%"
"07/18/2016","40.33","40.73","40.73","40.27","1.28M","-2.16%"
"07/15/2016","41.22","41.98","41.98","41.16","901.16K","-1.15%"
"07/14/2016","41.70","41.97","42.10","41.48","644.93K","1.48%"
"07/13/2016","41.09","41.20","41.48","40.72","591.79K","-0.36%"
"07/12/2016","41.24","40.64","41.30","40.59","761.10K","3.00%"
"07/11/2016","40.04","39.72","40.22","39.54","1.02M","1.96%"
"07/08/2016","39.27","39.30","39.84","39.21","1.13M","1.47%"
"07/07/2016","38.70","38.29","39.14","38.29","935.57K","1.23%"
"07/06/2016","38.23","37.62","38.35","36.89","997.64K","0.98%"
"07/05/2016","37.86","38.88","38.88","37.55","858.03K","-3.98%"
"07/01/2016","39.43","39.46","39.73","38.83","701.34K","-0.88%"
"06/30/2016","39.78","38.60","39.80","38.17","1.31M","3.59%"
"06/29/2016","38.40","37.60","38.41","37.53","953.34K","3.90%"
"06/28/2016","36.96","36.38","37.06","36.00","1.40M","3.12%"
"06/27/2016","35.84","37.64","37.81","35.56","1.18M","-5.81%"
"06/24/2016","38.05","38.58","39.27","38.00","1.79M","-8.11%"
"06/23/2016","41.41","40.50","41.45","40.50","596.21K","4.18%"
"06/22/2016","39.75","39.55","40.52","39.55","762.11K","0.51%"
"06/21/2016","39.55","39.34","39.62","38.84","654.74K","0.82%"
"06/20/2016","39.23","39.24","40.07","38.96","637.53K","2.08%"
"06/17/2016","38.43","38.66","39.13","38.11","2.03M","-0.18%"
"06/16/2016","38.50","38.70","38.70","37.80","738.20K","-1.28%"
"06/15/2016","39.00","38.59","39.55","38.59","675.45K","1.22%"
"06/14/2016","38.53","39.73","40.09","38.41","588.10K","-3.26%"
"06/13/2016","39.83","40.10","40.36","39.71","760.73K","-1.46%"
"06/10/2016","40.42","40.60","40.85","40.14","578.90K","-1.63%"
"06/09/2016","41.09","41.67","41.67","40.71","748.17K","-0.94%"
"06/08/2016","41.48","41.47","41.65","41.30","380.40K","-0.12%"
"06/07/2016","41.53","41.39","41.74","41.00","634.85K","0.36%"
"06/06/2016","41.38","40.97","41.61","40.63","659.40K","1.50%"
"06/03/2016","40.77","41.40","41.68","39.71","656.25K","-3.04%"
"06/02/2016","42.05","41.81","42.06","41.39","500.78K","0.33%"
"06/01/2016","41.91","41.33","41.98","40.97","420.17K","0.55%"
"05/31/2016","41.68","42.08","42.14","41.42","558.05K","-0.19%"
"05/27/2016","41.76","41.37","41.77","41.14","605.21K","1.38%"
"05/26/2016","41.19","41.69","41.88","41.08","737.62K","-1.06%"
"05/25/2016","41.63","40.99","41.82","40.84","735.82K","2.21%"
"05/24/2016","40.73","40.10","40.85","39.93","684.72K","2.49%"
"05/23/2016","39.74","39.82","40.10","39.22","429.33K","-0.28%"
"05/20/2016","39.85","39.64","40.24","39.64","712.82K","0.61%"
"05/19/2016","39.61","39.41","40.31","39.21","872.97K","-0.35%"
"05/18/2016","39.75","37.97","39.92","37.94","888.58K","4.47%"
"05/17/2016","38.05","37.83","38.65","37.33","998.93K","0.58%"
"05/16/2016","37.83","36.96","38.04","36.81","671.26K","1.91%"
"05/13/2016","37.12","38.23","38.70","37.00","760.38K","-2.90%"
"05/12/2016","38.23","38.47","38.96","37.55","768.18K","-1.19%"
"05/11/2016","38.69","38.75","39.22","38.51","886.03K","-0.77%"
"05/10/2016","38.99","38.61","39.18","38.36","602.91K","1.96%"
"05/09/2016","38.24","38.26","38.62","37.92","531.43K","-0.47%"
"05/06/2016","38.42","37.75","38.42","37.67","692.94K","0.68%"
"05/05/2016","38.16","38.25","38.53","37.75","771.22K","0.00%"
"05/04/2016","38.16","38.58","39.00","37.66","735.85K","-2.23%"
"05/03/2016","39.03","39.85","40.34","38.55","798.59K","-3.30%"
"05/02/2016","40.36","40.12","40.44","39.84","658.79K","0.95%"
"04/29/2016","39.98","39.71","40.24","39.53","890.41K","-0.05%"
"04/28/2016","40.00","39.87","40.41","39.62","786.60K","-0.67%"
"04/27/2016","40.27","40.26","40.56","39.82","733.32K","-0.15%"
"04/26/2016","40.33","40.10","40.59","39.73","602.70K","0.83%"
"04/25/2016","40.00","39.98","40.26","39.55","667.38K","-0.60%"
"04/22/2016","40.24","40.53","40.53","39.83","596.04K","0.57%"
"04/21/2016","40.01","40.12","40.50","39.84","752.91K","-0.60%"
"04/20/2016","40.25","39.66","40.33","39.45","809.21K","1.59%"
"04/19/2016","39.62","39.14","39.80","38.93","763.71K","1.90%"
"04/18/2016","38.88","38.28","39.09","38.15","1.65M","0.73%"
"04/15/2016","38.60","38.84","38.91","38.42","1.08M","0.10%"
"04/14/2016","38.56","38.84","39.70","37.82","1.66M","0.31%"
"04/13/2016","38.44","37.87","38.44","37.77","2.09M","2.53%"
"04/12/2016","37.49","36.54","37.56","36.47","1.06M","2.60%"
"04/11/2016","36.54","36.57","37.23","36.21","754.07K","0.91%"
"04/08/2016","36.21","36.22","36.80","35.97","780.77K","1.46%"
"04/07/2016","35.69","36.39","36.84","35.56","968.77K","-2.91%"
"04/06/2016","36.76","36.25","36.77","35.82","774.24K","1.41%"
"04/05/2016","36.25","36.59","37.00","36.19","754.19K","-2.32%"
"04/04/2016","37.11","37.20","37.52","36.62","1.18M","0.11%"
"04/01/2016","37.07","36.79","37.09","36.26","1.03M","-0.22%"
"03/31/2016","37.15","37.01","37.43","36.44","962.94K","0.05%"
"03/30/2016","37.13","37.21","37.89","36.74","1.09M","0.32%"
"03/29/2016","37.01","37.03","37.11","35.94","1.50M","-0.80%"
"03/28/2016","37.31","36.83","37.54","36.20","1.57M","1.39%"
"03/24/2016","36.80","36.14","36.94","35.63","1.45M","0.49%"
"03/23/2016","36.62","37.14","37.20","36.62","1.04M","-1.85%"
"03/22/2016","37.31","36.82","37.52","36.01","870.78K","0.32%"
"03/21/2016","37.19","36.94","37.46","36.45","1.14M","0.68%"
"03/18/2016","36.94","36.28","37.05","36.01","9.15M","2.10%"
"03/17/2016","36.18","35.91","36.43","35.28","2.11M","0.17%"
"03/16/2016","36.12","36.85","37.25","35.67","1.59M","-1.20%"
"03/15/2016","36.56","36.41","36.69","36.07","886.12K","-0.60%"
"03/14/2016","36.78","36.55","37.12","36.31","1.69M","0.57%"
"03/11/2016","36.57","35.96","36.79","35.96","1.37M","3.31%"
"03/10/2016","35.40","35.32","35.70","34.37","1.05M","1.03%"
"03/09/2016","35.04","35.49","35.54","34.71","878.57K","-0.23%"
"03/08/2016","35.12","35.76","36.19","35.10","720.80K","-2.80%"
"03/07/2016","36.13","35.29","36.30","35.20","915.28K","1.06%"
"03/04/2016","35.75","35.22","36.04","35.15","1.38M","2.14%"
"03/03/2016","35.00","34.29","35.02","34.09","1.01M","1.66%"
"03/02/2016","34.43","33.47","34.51","33.29","1.40M","2.99%"
"03/01/2016","33.43","32.44","34.02","32.06","1.18M","3.88%"
"02/29/2016","32.18","32.93","34.36","32.14","1.19M","-2.63%"
"02/27/2016","33.05","33.05","33.05","33.05","1.14M","0.00%"
"02/26/2016","33.05","32.51","33.36","32.34","1.33M","2.90%"
"02/25/2016","32.12","31.39","32.24","31.30","1.04M","2.10%"
"02/24/2016","31.46","31.32","31.71","30.59","1.45M","-1.29%"
"02/23/2016","31.87","32.53","32.60","31.20","1.49M","-1.42%"
"02/22/2016","32.33","32.01","32.46","31.97","952.33K","2.60%"
"02/19/2016","31.51","31.30","31.79","31.17","800.76K","-0.19%"
"02/18/2016","31.57","32.33","32.82","31.33","917.77K","-1.68%"
"02/17/2016","32.11","32.05","32.77","31.94","2.07M","0.94%"
"02/16/2016","31.81","31.40","32.39","31.10","2.29M","2.61%"
"02/12/2016","31.00","29.97","31.37","29.52","2.96M","5.51%"
"02/11/2016","29.38","30.65","30.66","29.05","1.96M","-7.49%"
"02/10/2016","31.76","32.85","34.06","31.74","1.04M","-2.04%"
"02/09/2016","32.42","31.95","33.19","31.32","1.67M","-0.83%"
"02/08/2016","32.69","33.56","34.67","32.25","1.53M","-4.36%"
"02/05/2016","34.18","35.53","36.09","34.13","1.32M","-3.75%"
"02/04/2016","35.51","35.56","36.39","35.12","1.12M","-0.17%"
"02/03/2016","35.57","35.67","35.81","34.33","1.22M","0.79%"
"02/02/2016","35.29","36.00","36.47","35.08","958.63K","-2.81%"
"02/01/2016","36.31","36.70","37.31","36.04","936.94K","-1.09%"
"01/29/2016","36.71","36.23","36.76","35.69","1.26M","1.41%"
"01/28/2016","36.20","36.54","37.33","35.21","792.28K","0.39%"
"01/27/2016","36.06","35.68","36.90","35.17","1.40M","2.04%"
"01/26/2016","35.34","34.49","35.39","34.41","1.16M","3.36%"
"01/25/2016","34.19","35.87","36.43","34.10","1.31M","-5.76%"
"01/22/2016","36.28","35.84","36.59","35.50","1.72M","3.63%"
"01/21/2016","35.01","34.50","36.69","34.50","1.82M","2.52%"
"01/20/2016","34.15","35.12","35.13","33.21","2.11M","-3.37%"
"01/19/2016","35.34","36.54","36.58","35.00","1.40M","-1.70%"
"01/15/2016","35.95","35.80","37.54","35.17","1.61M","-2.44%"
"01/14/2016","36.85","36.78","37.53","36.15","1.84M","-0.78%"
"01/13/2016","37.14","39.08","39.19","36.97","1.66M","-4.50%"
"01/12/2016","38.89","38.93","38.99","37.93","1.55M","1.30%"
"01/11/2016","38.39","38.97","39.13","38.07","1.39M","-0.54%"
"01/08/2016","38.60","40.04","40.23","38.57","1.18M","-2.53%"
"01/07/2016","39.60","40.94","41.99","39.58","1.84M","-5.31%"
"01/06/2016","41.82","41.26","42.80","41.20","1.36M","-0.38%"
"01/05/2016","41.98","42.18","43.45","41.75","1.18M","-0.40%"
"01/04/2016","42.15","42.16","42.55","41.31","1.08M","-2.20%"
"12/31/2015","43.10","43.45","44.10","43.05","455.96K","-1.37%"
"12/30/2015","43.70","44.08","44.25","43.60","409.27K","-1.29%"
"12/29/2015","44.27","44.01","44.41","43.53","417.57K","1.00%"
"12/28/2015","43.83","43.91","43.95","43.22","460.79K","-0.57%"
"12/24/2015","44.08","43.77","44.26","43.77","187.35K","0.50%"
"12/23/2015","43.86","43.73","43.87","43.21","432.88K","1.29%"
"12/22/2015","43.30","43.55","43.70","42.56","790.19K","0.81%"
"12/21/2015","42.95","43.63","43.68","42.34","950.99K","0.66%"
"12/18/2015","42.67","44.02","44.08","42.58","2.26M","-3.29%"
"12/17/2015","44.12","45.31","45.31","44.10","621.10K","-2.17%"
"12/16/2015","45.10","44.98","45.40","44.06","896.14K","1.08%"
"12/15/2015","44.62","44.03","44.75","43.90","1.37M","3.26%"
"12/14/2015","43.21","44.00","44.11","42.88","800.55K","-1.32%"
"12/11/2015","43.79","44.60","45.11","43.47","696.62K","-2.99%"
"12/10/2015","45.14","44.75","45.40","44.21","650.84K","0.94%"
"12/09/2015","44.72","45.11","45.60","44.26","751.98K","-0.97%"
"12/08/2015","45.16","45.72","46.00","44.95","694.35K","-2.06%"
"12/07/2015","46.11","46.97","47.22","45.88","844.40K","-2.10%"
"12/04/2015","47.10","46.10","47.15","45.94","902.25K","2.53%"
"12/03/2015","45.94","46.98","47.22","45.82","602.10K","-1.67%"
"12/02/2015","46.72","47.72","48.00","46.60","1.00M","-1.62%"
"12/01/2015","47.49","47.23","47.51","46.51","778.73K","1.00%"
"11/30/2015","47.02","47.17","47.18","46.71","659.86K","-0.17%"
"11/27/2015","47.10","47.21","47.26","46.63","225.74K","-0.17%"
"11/25/2015","47.18","47.15","47.29","46.81","457.31K","0.28%"
"11/24/2015","47.05","46.32","47.12","46.28","621.52K","1.18%"
"11/23/2015","46.50","46.05","46.72","45.99","474.23K","0.78%"
"11/20/2015","46.14","45.82","46.30","45.68","383.62K","0.72%"
"11/19/2015","45.81","46.02","46.02","45.40","517.82K","-0.09%"
"11/18/2015","45.85","45.57","45.92","44.99","539.74K","1.39%"
"11/17/2015","45.22","45.41","46.21","44.91","497.78K","0.31%"
"11/16/2015","45.08","44.38","45.11","44.22","323.12K","0.94%"
"11/13/2015","44.66","45.18","45.73","44.33","723.31K","-1.41%"
"11/12/2015","45.30","46.33","46.33","45.27","586.77K","-3.41%"
"11/11/2015","46.90","47.00","47.37","46.49","1.02M","0.11%"
"11/10/2015","46.85","46.76","46.91","46.25","1.25M","-0.21%"
"11/09/2015","46.95","47.49","47.56","46.64","785.11K","-0.40%"
"11/06/2015","47.14","47.25","47.99","46.85","1.52M","0.99%"
"11/05/2015","46.68","46.23","46.95","46.19","740.44K","1.28%"
"11/04/2015","46.09","46.25","46.57","45.89","556.34K","0.04%"
"11/03/2015","46.07","46.05","46.32","45.71","339.32K","-0.07%"
"11/02/2015","46.10","45.49","46.37","45.05","628.67K","2.35%"
"10/30/2015","45.04","46.13","46.13","44.54","879.41K","-2.09%"
"10/29/2015","46.00","46.02","46.50","45.63","746.14K","0.33%"
"10/28/2015","45.85","45.04","45.88","44.12","1.67M","1.91%"
"10/27/2015","44.99","44.99","45.20","44.40","730.49K","-0.04%"
"10/26/2015","45.01","44.91","45.13","44.60","1.34M","-0.04%"
"10/23/2015","45.03","44.00","45.05","43.65","980.61K","2.46%"
"10/22/2015","43.95","43.26","44.20","43.26","500.17K","2.23%"
"10/21/2015","42.99","43.98","44.25","42.95","519.99K","-2.05%"
"10/20/2015","43.89","43.25","44.04","43.10","877.73K","2.19%"
"10/19/2015","42.95","42.76","43.10","42.40","710.90K","0.47%"
"10/16/2015","42.75","43.27","43.72","42.36","1.03M","-1.63%"
"10/15/2015","43.46","43.57","44.00","42.51","1.12M","-0.39%"
"10/14/2015","43.63","44.59","44.64","43.24","772.99K","-2.02%"
"10/13/2015","44.53","44.89","45.05","44.48","542.10K","-0.93%"
"10/12/2015","44.95","44.72","44.99","44.30","353.73K","0.76%"
"10/09/2015","44.61","44.97","45.05","44.27","629.08K","-0.80%"
"10/08/2015","44.97","44.26","45.02","44.05","626.59K","1.22%"
"10/07/2015","44.43","44.41","45.01","43.99","932.79K","1.05%"
"10/06/2015","43.97","43.83","44.28","43.60","2.32M","0.46%"
"10/05/2015","43.77","43.34","43.83","43.34","1.12M","1.77%"
"10/02/2015","43.01","42.11","43.05","41.11","993.04K","0.09%"
"10/01/2015","42.97","42.86","43.04","42.14","484.19K","0.37%"
"09/30/2015","42.81","42.27","42.88","42.12","522.45K","2.17%"
"09/29/2015","41.90","42.22","42.24","41.76","696.37K","-0.43%"
"09/28/2015","42.08","42.94","43.10","41.95","739.95K","-2.73%"
"09/25/2015","43.26","43.50","43.89","43.04","513.16K","0.72%"
"09/24/2015","42.95","42.18","43.07","42.10","486.86K","0.56%"
"09/23/2015","42.71","42.82","43.26","42.38","722.55K","0.14%"
"09/22/2015","42.65","42.67","43.23","42.20","984.34K","-0.65%"
"09/21/2015","42.93","42.57","43.16","42.35","564.77K","1.80%"
"09/18/2015","42.17","42.74","43.17","41.76","1.62M","-2.92%"
"09/17/2015","43.44","44.57","45.10","43.24","570.24K","-2.51%"
"09/16/2015","44.56","44.42","44.64","43.85","564.10K","0.56%"
"09/15/2015","44.31","43.66","44.53","43.63","591.36K","1.58%"
"09/14/2015","43.62","43.34","43.95","43.17","539.62K","0.65%"
"09/11/2015","43.34","42.95","43.35","42.59","369.86K","0.30%"
"09/10/2015","43.21","42.69","43.61","42.69","442.34K","0.75%"
"09/09/2015","42.89","43.62","43.86","42.82","546.72K","-0.56%"
"09/08/2015","43.13","42.42","43.24","42.03","616.10K","3.68%"
"09/04/2015","41.60","41.56","41.96","41.17","487.72K","-1.19%"
"09/03/2015","42.10","41.27","42.21","41.04","886.22K","2.41%"
"09/02/2015","41.11","41.39","41.68","40.65","825.53K","0.44%"
"09/01/2015","40.93","41.59","41.91","40.81","942.88K","-4.01%"
"08/31/2015","42.64","42.09","42.77","41.99","452.18K","0.83%"
"08/28/2015","42.29","42.25","42.64","42.00","630.93K","-0.66%"
"08/27/2015","42.57","42.17","42.72","41.88","546.46K","2.26%"
"08/26/2015","41.63","41.28","41.74","40.49","691.57K","3.51%"
"08/25/2015","40.22","42.22","42.69","40.13","1.03M","-1.40%"
"08/24/2015","40.79","40.87","42.08","40.00","1.38M","-5.16%"
"08/21/2015","43.01","43.42","43.88","43.00","1.01M","-1.94%"
"08/20/2015","43.86","45.45","45.92","43.84","924.24K","-4.42%"
"08/19/2015","45.89","46.70","46.70","45.79","448.96K","-1.71%"
"08/18/2015","46.69","46.30","46.78","46.14","498.30K","0.80%"
"08/17/2015","46.32","46.13","46.59","45.69","808.85K","-0.49%"
"08/14/2015","46.55","45.67","46.55","45.56","354.58K","1.97%"
"08/13/2015","45.65","45.72","46.07","45.38","500.71K","-1.21%"
"08/12/2015","46.21","46.75","46.82","45.37","1.29M","-2.08%"
"08/11/2015","47.19","47.14","47.24","46.60","855.27K","-0.30%"
"08/10/2015","47.33","46.93","47.33","46.49","535.76K","2.07%"
"08/07/2015","46.37","46.58","46.77","45.76","776.32K","-0.32%"
"08/06/2015","46.52","46.90","47.47","46.15","617.68K","-0.43%"
"08/05/2015","46.72","46.58","47.37","46.47","481.27K","0.93%"
"08/04/2015","46.29","46.24","46.72","46.02","477.83K","-0.13%"
"08/03/2015","46.35","46.38","46.45","45.81","605.19K","0.13%"
"07/31/2015","46.29","46.44","46.44","45.85","679.08K","0.17%"
"07/30/2015","46.21","46.13","46.25","45.91","529.95K","0.15%"
"07/29/2015","46.14","46.25","46.41","45.94","558.38K","-0.09%"
"07/28/2015","46.18","46.40","46.55","45.97","520.40K","0.00%"
"07/27/2015","46.18","46.49","46.66","46.08","421.80K","-1.62%"
"07/24/2015","46.94","47.68","47.68","46.89","488.34K","-1.39%"
"07/23/2015","47.60","48.04","48.54","47.53","553.24K","-0.83%"
"07/22/2015","48.00","47.60","48.21","47.45","482.00K","1.05%"
"07/21/2015","47.50","47.83","48.00","47.20","559.42K","-0.50%"
"07/20/2015","47.74","48.03","48.03","47.38","817.45K","0.21%"
"07/17/2015","47.64","47.78","47.79","47.33","881.28K","0.00%"
"07/16/2015","47.64","47.67","47.68","47.06","983.98K","1.23%"
"07/15/2015","47.06","47.08","47.20","46.91","1.54M","0.04%"
"07/14/2015","47.04","47.06","47.27","46.78","680.80K","-0.38%"
"07/13/2015","47.22","47.16","47.41","46.50","546.86K","1.31%"
"07/10/2015","46.61","46.83","47.00","46.28","741.83K","0.95%"
"07/09/2015","46.17","45.98","46.25","45.58","646.90K","1.52%"
"07/08/2015","45.48","45.68","46.02","45.18","1.01M","-0.94%"
"07/07/2015","45.91","46.51","46.69","45.30","835.01K","-1.44%"
"07/06/2015","46.58","45.89","46.60","45.53","509.20K","0.56%"
"07/02/2015","46.32","46.97","47.05","45.92","516.68K","-1.51%"
"07/01/2015","47.03","47.31","47.59","46.86","606.11K","0.58%"
"06/30/2015","46.76","47.17","47.70","46.52","478.71K","0.17%"
"06/29/2015","46.68","47.61","47.95","46.63","529.94K","-2.95%"
"06/26/2015","48.10","48.53","48.85","48.00","952.88K","-0.52%"
"06/25/2015","48.35","48.41","48.59","48.19","612.56K","0.44%"
"06/24/2015","48.14","48.22","48.45","47.89","614.55K","-0.33%"
"06/23/2015","48.30","47.66","48.30","47.50","774.27K","1.68%"
"06/22/2015","47.50","47.34","47.56","47.15","908.45K","1.06%"
"06/19/2015","47.00","47.03","47.28","46.80","1.29M","-0.09%"
"06/18/2015","47.04","46.97","47.51","46.52","691.17K","0.68%"
"06/17/2015","46.72","47.71","48.03","46.66","625.11K","-2.08%"
"06/16/2015","47.71","47.32","48.02","47.28","837.91K","0.51%"
"06/15/2015","47.47","47.26","47.83","46.89","803.39K","-0.34%"
"06/12/2015","47.63","47.21","47.66","46.97","529.21K","0.59%"
"06/11/2015","47.35","46.87","47.37","46.48","1.09M","1.05%"
"06/10/2015","46.86","47.15","47.67","46.76","1.15M","-0.26%"
"06/09/2015","46.98","46.31","47.26","45.94","2.24M","1.53%"
"06/08/2015","46.27","46.44","46.51","46.03","684.27K","-0.49%"
"06/05/2015","46.50","46.16","46.72","46.06","971.54K","1.37%"
"06/04/2015","45.87","45.93","46.05","45.48","954.33K","-0.46%"
"06/03/2015","46.08","45.50","46.18","45.37","914.79K","1.83%"
"06/02/2015","45.25","44.59","45.43","43.69","854.85K","1.25%"
"06/01/2015","44.69","45.10","45.14","44.33","648.65K","-0.45%"
"05/29/2015","44.89","44.95","45.20","44.39","945.65K","-0.44%"
"05/28/2015","45.09","45.45","45.51","44.92","1.08M","-0.73%"
"05/27/2015","45.42","45.35","45.47","45.01","802.78K","0.62%"
"05/26/2015","45.14","45.56","45.56","44.77","729.94K","-0.70%"
"05/22/2015","45.46","45.55","45.74","45.32","664.05K","0.00%"
"05/21/2015","45.46","45.59","45.75","45.35","877.37K","-1.17%"
"05/20/2015","46.00","46.39","46.39","45.88","916.11K","-0.63%"
"05/19/2015","46.29","46.51","46.61","46.17","920.34K","0.09%"
"05/18/2015","46.25","45.07","46.41","45.07","825.15K","2.50%"
"05/15/2015","45.12","46.29","46.44","45.05","864.72K","-2.53%"
"05/14/2015","46.29","46.50","46.74","46.23","790.95K","-0.41%"
"05/13/2015","46.48","46.37","46.53","46.06","507.87K","0.30%"
"05/12/2015","46.34","45.97","46.45","45.58","490.80K","0.13%"
"05/11/2015","46.28","45.96","46.40","45.70","388.43K","0.87%"
"05/08/2015","45.88","45.48","45.99","44.99","589.05K","1.37%"
"05/07/2015","45.26","45.68","46.02","45.15","582.97K","-1.11%"
"05/06/2015","45.77","45.71","45.92","45.43","500.63K","0.53%"
"05/05/2015","45.53","45.23","45.74","44.80","767.99K","0.37%"
"05/04/2015","45.36","44.76","45.49","44.76","408.00K","1.43%"
"05/01/2015","44.72","45.48","45.58","44.64","568.50K","-0.84%"
"04/30/2015","45.10","45.51","45.74","44.91","654.86K","-0.88%"
"04/29/2015","45.50","45.19","45.85","45.19","616.45K","0.49%"
"04/28/2015","45.28","45.02","45.40","44.74","505.23K","1.03%"
"04/27/2015","44.82","45.51","45.84","44.54","745.34K","-1.34%"
"04/24/2015","45.43","45.64","45.95","45.23","671.30K","-0.39%"
"04/23/2015","45.61","45.61","45.86","45.34","381.91K","0.09%"
"04/22/2015","45.57","45.66","45.95","45.28","647.04K","-0.24%"
"04/21/2015","45.68","45.75","46.19","45.61","728.40K","0.37%"
"04/20/2015","45.51","45.50","45.81","45.15","947.95K","0.42%"
"04/17/2015","45.32","45.89","46.19","45.17","844.21K","-1.69%"
"04/16/2015","46.10","46.70","46.92","45.07","1.40M","-1.35%"
"04/15/2015","46.73","46.71","47.00","46.68","883.38K","0.24%"
"04/14/2015","46.62","46.91","47.05","46.37","509.49K","-0.32%"
"04/13/2015","46.77","46.73","47.00","46.69","668.37K","0.24%"
"04/10/2015","46.66","46.52","46.88","46.26","395.79K","0.47%"
"04/09/2015","46.44","46.75","46.96","46.30","493.77K","-0.75%"
"04/08/2015","46.79","46.87","47.01","46.60","357.40K","-0.06%"
"04/07/2015","46.82","46.83","47.10","46.65","446.11K","0.04%"
"04/06/2015","46.80","46.34","46.96","45.83","597.64K","0.11%"
"04/02/2015","46.75","46.44","46.95","46.08","581.88K","0.52%"
"04/01/2015","46.51","46.98","46.98","45.79","929.66K","-0.81%"
"03/31/2015","46.89","46.31","46.92","45.93","811.33K","0.82%"
"03/30/2015","46.51","45.96","46.81","45.88","416.57K","1.86%"
"03/27/2015","45.66","45.55","45.75","45.12","495.02K","0.09%"
"03/26/2015","45.62","45.29","45.66","44.91","520.14K","0.71%"
"03/25/2015","45.30","47.28","47.28","45.30","564.04K","-1.84%"
"03/24/2015","46.15","46.64","46.92","46.14","672.00K","-0.80%"
"03/23/2015","46.52","47.33","47.33","46.49","494.21K","-1.57%"
"03/20/2015","47.26","46.43","47.34","46.24","1.28M","2.27%"
"03/19/2015","46.21","46.62","46.85","45.95","517.55K","-1.09%"
"03/18/2015","46.72","47.19","47.47","46.42","1.17M","-0.93%"
"03/17/2015","47.16","46.75","47.21","46.35","821.56K","0.15%"
"03/16/2015","47.09","47.13","47.20","46.50","1.24M","0.17%"
"03/13/2015","47.01","46.76","47.14","46.51","1.64M","0.02%"
"03/12/2015","47.00","46.34","47.03","46.15","1.15M","1.95%"
"03/11/2015","46.10","45.06","46.12","44.81","899.61K","2.88%"
"03/10/2015","44.81","45.23","45.23","44.29","708.64K","-1.78%"
"03/09/2015","45.62","45.43","45.79","45.43","719.08K","0.35%"
"03/06/2015","45.46","44.93","46.19","44.93","1.09M","1.54%"
"03/05/2015","44.77","44.88","45.24","44.32","1.49M","0.13%"
"03/04/2015","44.71","44.41","44.77","44.05","925.03K","0.56%"
"03/03/2015","44.46","44.62","44.93","44.08","1.75M","-1.18%"
"03/02/2015","44.99","45.75","46.09","44.00","1.60M","-1.85%"
"02/27/2015","45.84","46.96","47.00","45.80","536.41K","-2.09%"
"02/26/2015","46.82","45.69","46.92","45.67","582.66K","2.54%"
"02/25/2015","45.66","45.85","45.96","45.38","418.05K","-0.15%"
"02/24/2015","45.73","45.73","46.21","45.35","329.30K","0.26%"
"02/23/2015","45.61","45.54","45.63","45.09","311.50K","0.13%"
"02/20/2015","45.55","45.12","45.69","44.54","451.54K","0.53%"
"02/19/2015","45.31","45.58","45.64","44.70","545.96K","-1.63%"
"02/18/2015","46.06","46.83","47.03","45.86","475.17K","-1.85%"
"02/17/2015","46.93","46.95","47.07","46.32","461.01K","-0.21%"
"02/13/2015","47.03","46.75","47.05","46.48","650.97K","0.34%"
"02/12/2015","46.87","46.45","46.94","46.03","242.18K","1.65%"
"02/11/2015","46.11","46.93","46.93","45.48","738.81K","-1.73%"
"02/10/2015","46.92","46.79","46.98","45.98","444.96K","1.25%"
"02/09/2015","46.34","46.44","46.59","46.06","478.56K","-1.07%"
"02/06/2015","46.84","46.44","47.09","46.15","665.90K","2.38%"
"02/05/2015","45.75","45.54","45.98","45.54","292.85K","1.62%"
"02/04/2015","45.02","45.27","45.74","44.87","332.31K","-0.55%"
"02/03/2015","45.27","44.40","45.41","44.29","633.83K","2.42%"
"02/02/2015","44.20","43.22","44.27","42.70","490.56K","3.37%"
"01/30/2015","42.76","42.70","43.51","42.20","598.65K","-0.86%"
"01/29/2015","43.13","43.02","43.23","42.31","378.37K","0.75%"
"01/28/2015","42.81","44.25","44.76","42.77","675.36K","-2.37%"
"01/27/2015","43.85","43.82","44.32","43.47","422.95K","-0.81%"
"01/26/2015","44.21","43.13","44.24","43.00","435.72K","2.34%"
"01/23/2015","43.20","43.50","43.90","42.51","509.97K","-1.64%"
"01/22/2015","43.92","42.26","44.16","41.41","1.34M","4.75%"
"01/21/2015","41.93","42.41","42.79","41.74","520.23K","-0.94%"
"01/20/2015","42.33","42.19","42.78","41.78","443.49K","0.67%"
"01/16/2015","42.05","41.48","42.12","41.18","549.38K","1.06%"
"01/15/2015","41.61","42.27","42.62","41.49","487.91K","-1.84%"
"01/14/2015","42.39","42.71","42.97","41.78","576.49K","-2.10%"
"01/13/2015","43.30","43.73","44.37","42.73","368.22K","-0.28%"
"01/12/2015","43.42","43.96","44.17","43.21","557.07K","-1.43%"
"01/09/2015","44.05","44.76","44.76","43.99","694.22K","-1.72%"
"01/08/2015","44.82","44.42","44.92","44.36","701.05K","1.77%"
"01/07/2015","44.04","44.04","44.43","43.42","505.43K","1.22%"
"01/06/2015","43.51","44.71","44.78","43.13","800.72K","-2.33%"
"01/05/2015","44.55","45.48","45.50","44.52","591.80K","-2.69%"
"01/02/2015","45.78","45.84","46.17","44.99","578.48K","0.70%"
"12/31/2014","45.46","46.47","46.47","45.45","388.16K","-1.56%"
"12/30/2014","46.18","46.06","46.61","45.74","351.37K","-0.04%"
"12/29/2014","46.20","45.63","46.51","45.48","386.53K","1.01%"
"12/26/2014","45.74","46.09","46.15","45.64","232.58K","-0.11%"
"12/24/2014","45.79","46.10","46.18","45.32","206.74K","-0.20%"
"12/23/2014","45.88","45.72","46.28","45.61","392.22K","0.72%"
"12/22/2014","45.55","44.84","45.60","44.84","472.70K","0.77%"
"12/19/2014","45.20","46.11","46.14","45.07","2.25M","-1.93%"
"12/18/2014","46.09","45.47","46.16","45.06","542.69K","2.31%"
"12/17/2014","45.05","44.30","45.07","43.98","741.60K","1.85%"
"12/16/2014","44.23","44.38","45.17","44.01","1.05M","-1.05%"
"12/15/2014","44.70","45.64","45.80","44.58","802.17K","-1.15%"
"12/12/2014","45.22","45.39","45.65","45.04","702.62K","-0.79%"
"12/11/2014","45.58","46.20","46.41","45.46","759.26K","-0.81%"
"12/10/2014","45.95","47.51","47.51","45.89","1.17M","-3.43%"
"12/09/2014","47.58","46.58","47.67","46.12","743.90K","0.59%"
"12/08/2014","47.30","47.37","47.77","46.86","553.76K","-0.40%"
"12/05/2014","47.49","46.79","48.03","46.12","453.72K","2.09%"
"12/04/2014","46.52","46.43","46.61","46.20","324.03K","-0.02%"
"12/03/2014","46.53","45.82","46.70","45.77","337.57K","1.11%"
"12/02/2014","46.02","45.52","46.41","44.50","622.26K","1.21%"
"12/01/2014","45.47","46.11","46.38","44.36","887.73K","-2.22%"
"11/28/2014","46.50","46.90","47.12","46.47","263.10K","-0.96%"
"11/26/2014","46.95","46.96","47.10","46.54","434.91K","-0.32%"
"11/25/2014","47.10","46.71","47.12","46.38","623.22K","0.86%"
"11/24/2014","46.70","45.86","46.71","45.65","555.56K","2.32%"
"11/21/2014","45.64","46.14","46.24","45.59","493.80K","0.11%"
"11/20/2014","45.59","45.06","45.62","44.73","461.59K","0.89%"
"11/19/2014","45.19","45.26","45.45","44.75","410.22K","-0.59%"
"11/18/2014","45.46","45.40","45.87","45.20","945.20K","0.44%"
"11/17/2014","45.26","45.43","45.69","45.19","557.16K","-0.57%"
"11/14/2014","45.52","46.10","46.35","45.37","561.28K","-1.17%"
"11/13/2014","46.06","46.59","46.59","45.91","482.11K","-2.04%"
"11/12/2014","47.02","46.36","47.12","46.23","451.05K","1.03%"
"11/11/2014","46.54","46.88","46.96","46.38","433.28K","-0.64%"
"11/10/2014","46.84","46.31","46.90","46.31","726.06K","0.93%"
"11/07/2014","46.41","45.76","46.42","45.58","1.08M","1.60%"
"11/06/2014","45.68","44.87","45.69","44.69","730.19K","1.96%"
"11/05/2014","44.80","42.91","45.11","42.56","1.36M","5.34%"
"11/04/2014","42.53","43.05","43.12","42.20","619.64K","-1.41%"
"11/03/2014","43.14","42.71","43.33","42.53","531.73K","1.13%"
"10/31/2014","42.66","42.62","43.04","42.27","535.61K","1.35%"
"10/30/2014","42.09","41.91","42.25","41.52","481.64K","-0.07%"
"10/29/2014","42.12","41.24","42.22","40.76","500.66K","1.89%"
"10/28/2014","41.34","40.66","41.38","40.51","427.33K","2.30%"
"10/27/2014","40.41","39.77","40.47","39.75","719.34K","0.92%"
"10/24/2014","40.04","40.29","40.52","39.78","487.74K","-0.87%"
"10/23/2014","40.39","40.63","40.94","40.15","697.58K","1.15%"
"10/22/2014","39.93","40.47","41.25","39.61","742.10K","-2.49%"
"10/21/2014","40.95","40.06","41.08","39.97","542.10K","2.99%"
"10/20/2014","39.76","39.28","39.78","39.19","653.68K","0.28%"
"10/17/2014","39.65","39.59","39.82","39.36","575.27K","1.04%"
"10/16/2014","39.24","38.41","39.33","38.32","946.45K","1.21%"
"10/15/2014","38.77","38.56","38.94","37.63","969.37K","-0.69%"
"10/14/2014","39.04","39.08","39.68","38.96","1.00M","0.21%"
"10/13/2014","38.96","39.32","39.64","38.92","523.66K","-0.49%"
"10/10/2014","39.15","39.67","40.20","39.13","510.45K","-1.56%"
"10/09/2014","39.77","40.51","40.65","39.77","588.24K","-2.40%"
"10/08/2014","40.75","40.29","40.84","40.00","778.01K","1.27%"
"10/07/2014","40.24","40.67","40.95","40.23","547.67K","-1.73%"
"10/06/2014","40.95","41.13","41.22","40.74","746.36K","0.27%"
"10/03/2014","40.84","40.51","41.16","40.50","778.45K","1.74%"
"10/02/2014","40.14","40.84","41.08","39.98","936.80K","-1.86%"
"10/01/2014","40.90","41.12","41.38","40.59","780.91K","-0.80%"
"09/30/2014","41.23","41.37","41.58","41.06","330.09K","-0.46%"
"09/29/2014","41.42","41.15","41.49","40.88","449.01K","-0.55%"
"09/26/2014","41.65","41.55","41.70","41.28","384.54K","0.41%"
"09/25/2014","41.48","42.36","42.40","41.41","469.84K","-2.51%"
"09/24/2014","42.55","42.65","42.78","42.24","393.88K","0.12%"
"09/23/2014","42.50","42.94","43.03","42.46","469.49K","-1.19%"
"09/22/2014","43.01","43.84","44.10","43.00","386.28K","-2.07%"
"09/19/2014","43.92","44.58","44.80","43.91","996.84K","-1.06%"
"09/18/2014","44.39","44.00","44.55","43.76","631.72K","1.12%"
"09/17/2014","43.90","43.80","44.25","43.67","1.10M","0.39%"
"09/16/2014","43.73","43.86","44.27","43.48","943.23K","-0.32%"
"09/15/2014","43.87","44.04","44.10","43.45","438.38K","-0.23%"
"09/12/2014","43.97","43.81","44.10","43.52","591.53K","0.39%"
"09/11/2014","43.80","43.59","43.95","43.48","494.72K","0.27%"
"09/10/2014","43.68","42.88","43.78","42.86","485.36K","1.94%"
"09/09/2014","42.85","42.97","43.06","42.33","388.52K","-0.19%"
"09/08/2014","42.93","42.60","42.98","42.46","303.59K","0.82%"
"09/05/2014","42.58","42.43","42.63","42.16","313.28K","0.07%"
"09/04/2014","42.55","42.69","43.04","42.30","273.54K","-0.02%"
"09/03/2014","42.56","42.51","42.74","42.40","473.60K","0.54%"
"09/02/2014","42.33","41.94","42.65","41.87","530.43K","0.93%"
"08/29/2014","41.94","41.97","42.02","41.59","237.76K","0.38%"
"08/28/2014","41.78","41.55","41.91","41.29","355.68K","0.00%"
"08/27/2014","41.78","42.38","42.39","41.73","303.31K","-1.25%"
"08/26/2014","42.31","42.04","42.37","41.87","280.49K","0.52%"
"08/25/2014","42.09","42.27","42.27","41.75","269.69K","0.29%"
"08/22/2014","41.97","41.60","42.30","41.28","420.40K","0.58%"
"08/21/2014","41.73","41.15","41.75","40.91","365.57K","1.41%"
"08/20/2014","41.15","40.99","41.17","40.61","738.48K","0.49%"
"08/19/2014","40.95","40.59","41.00","40.28","354.07K","1.21%"
"08/18/2014","40.46","40.17","40.60","40.17","409.51K","1.25%"
"08/15/2014","39.96","40.56","40.71","39.87","637.29K","-1.02%"
"08/14/2014","40.37","40.43","40.76","40.27","249.82K","-0.57%"
"08/13/2014","40.60","40.10","40.61","39.94","290.70K","1.63%"
"08/12/2014","39.95","40.06","40.33","39.76","286.94K","-0.72%"
"08/11/2014","40.24","40.19","40.56","39.90","278.70K","0.68%"
"08/08/2014","39.97","39.80","39.98","39.50","488.84K","0.78%"
"08/07/2014","39.66","40.15","40.15","39.50","319.44K","-0.92%"
"08/06/2014","40.03","40.11","40.42","40.00","395.25K","-0.45%"
"08/05/2014","40.21","39.85","40.39","39.85","559.79K","-0.12%"
"08/04/2014","40.26","40.79","40.80","40.11","460.16K","-0.74%"
"08/01/2014","40.56","41.53","42.00","40.18","853.21K","-2.66%"
"07/31/2014","41.67","42.10","42.43","41.50","781.91K","-2.00%"
"07/30/2014","42.52","41.86","42.60","41.86","637.77K","1.99%"
"07/29/2014","41.69","41.48","41.91","41.43","605.90K","0.46%"
"07/28/2014","41.50","41.36","41.51","41.16","727.12K","0.12%"
"07/25/2014","41.45","41.38","41.69","41.31","430.16K","-0.14%"
"07/24/2014","41.51","41.00","41.70","40.91","487.24K","1.47%"
"07/23/2014","40.91","41.41","41.41","40.79","601.41K","-0.68%"
"07/22/2014","41.19","41.39","41.97","40.63","579.84K","0.32%"
"07/21/2014","41.06","41.09","41.30","40.74","290.20K","-0.80%"
"07/18/2014","41.39","40.97","41.58","40.86","420.35K","1.42%"
"07/17/2014","40.81","41.79","41.79","40.73","422.08K","-2.74%"
"07/16/2014","41.96","42.85","42.99","41.79","805.55K","-1.78%"
"07/15/2014","42.72","42.43","42.81","42.20","395.15K","0.92%"
"07/14/2014","42.33","42.58","42.77","42.20","460.68K","0.36%"
"07/11/2014","42.18","42.07","42.32","41.83","401.27K","-0.02%"
"07/10/2014","42.19","41.96","42.53","41.66","527.54K","-0.87%"
"07/09/2014","42.56","42.63","42.89","42.43","312.97K","0.47%"
"07/08/2014","42.36","42.96","43.14","42.24","602.67K","-1.56%"
"07/07/2014","43.03","43.33","43.50","42.97","342.37K","-1.31%"
"07/03/2014","43.60","43.20","43.92","43.16","219.12K","1.42%"
"07/02/2014","42.99","43.13","43.51","42.86","461.65K","-0.56%"
"07/01/2014","43.23","43.04","43.79","42.92","978.27K","0.14%"
"06/30/2014","43.17","42.36","43.22","42.11","961.49K","2.03%"
"06/27/2014","42.31","42.30","42.67","42.11","10.56M","-0.89%"
"06/26/2014","42.69","42.55","42.89","41.97","583.61K","0.19%"
"06/25/2014","42.61","42.20","42.75","41.47","929.33K","0.50%"
"06/24/2014","42.40","43.47","43.76","42.31","1.10M","-2.15%"
"06/23/2014","43.33","44.50","44.65","43.28","1.08M","-2.12%"
"06/20/2014","44.27","44.14","44.65","43.78","4.26M","1.17%"
"06/19/2014","43.76","44.12","44.12","43.56","595.05K","-0.73%"
"06/18/2014","44.08","44.00","44.28","43.59","835.77K","0.16%"
"06/17/2014","44.01","43.26","44.63","43.26","1.04M","1.43%"
"06/16/2014","43.39","43.79","44.05","43.15","959.99K","-1.21%"
"06/13/2014","43.92","43.99","44.49","43.69","1.05M","0.21%"
"06/12/2014","43.83","43.86","44.13","43.48","920.49K","-0.34%"
"06/11/2014","43.98","43.85","44.27","43.53","1.15M","-0.36%"
"06/10/2014","44.14","44.12","44.32","43.78","1.11M","-0.05%"
"06/09/2014","44.16","43.00","44.27","42.73","994.32K","2.63%"
"06/06/2014","43.03","42.99","43.32","42.50","544.18K","0.70%"
"06/05/2014","42.73","41.92","43.02","41.61","642.49K","2.03%"
"06/04/2014","41.88","41.63","42.12","41.39","514.22K","0.22%"
"06/03/2014","41.79","41.52","42.01","41.28","695.42K","0.53%"
"06/02/2014","41.57","40.99","41.76","40.54","803.32K","2.85%"
"05/30/2014","40.42","40.54","40.88","40.22","532.48K","-0.02%"
"05/29/2014","40.43","40.86","40.90","40.26","591.55K","-0.71%"
"05/28/2014","40.72","40.56","40.90","40.28","521.86K","0.00%"
"05/27/2014","40.72","40.50","40.99","40.24","617.37K","0.87%"
"05/23/2014","40.37","39.95","40.57","39.95","531.08K","1.08%"
"05/22/2014","39.94","39.35","40.10","39.27","657.10K","1.19%"
"05/21/2014","39.47","39.31","39.93","39.13","544.17K","0.46%"
"05/20/2014","39.29","39.57","39.76","38.74","776.74K","-1.18%"
"05/19/2014","39.76","39.35","39.92","39.08","585.43K","1.07%"
"05/16/2014","39.34","39.57","39.57","38.90","729.24K","-0.93%"
"05/15/2014","39.71","39.90","39.98","38.80","1.29M","-1.24%"
"05/14/2014","40.21","40.37","40.59","39.88","1.94M","-0.96%"
"05/13/2014","40.60","40.65","41.06","40.45","1.13M","-0.07%"
"05/12/2014","40.63","40.00","41.01","39.65","1.22M","3.10%"
"05/09/2014","39.41","38.67","39.43","38.39","624.23K","1.31%"
"05/08/2014","38.90","39.18","39.83","38.75","611.65K","-0.84%"
"05/07/2014","39.23","38.81","39.28","38.04","913.74K","1.71%"
"05/06/2014","38.57","39.10","39.25","38.46","881.76K","-2.03%"
"05/05/2014","39.37","39.14","39.53","38.59","672.71K","-0.58%"
"05/02/2014","39.60","39.30","40.28","38.99","759.86K","0.97%"
"05/01/2014","39.22","39.50","39.87","38.70","768.13K","-0.38%"
"04/30/2014","39.37","38.96","39.57","38.71","776.25K","0.87%"
"04/29/2014","39.03","38.89","39.48","38.79","914.46K","0.62%"
"04/28/2014","38.79","39.17","39.63","38.47","972.35K","-1.07%"
"04/25/2014","39.21","40.22","40.42","39.12","949.22K","-3.19%"
"04/24/2014","40.50","40.86","41.00","40.26","987.92K","-0.71%"
"04/23/2014","40.79","40.74","41.55","40.35","1.29M","0.07%"
"04/22/2014","40.76","40.49","41.25","40.23","654.35K","0.32%"
"04/21/2014","40.63","41.10","41.35","40.36","816.36K","-1.41%"
"04/17/2014","41.21","41.24","41.35","40.59","945.10K","-0.29%"
"04/16/2014","41.33","41.22","41.36","40.41","1.18M","1.25%"
"04/15/2014","40.82","40.71","41.25","39.94","1.26M","0.12%"
"04/14/2014","40.77","41.00","41.27","40.24","1.22M","0.10%"
"04/11/2014","40.73","41.20","41.80","40.63","1.24M","-2.33%"
"04/10/2014","41.70","42.63","43.20","41.32","1.74M","-2.93%"
"04/09/2014","42.96","44.50","44.62","42.35","2.96M","-3.40%"
"04/08/2014","44.47","45.74","45.82","44.35","2.02M","-2.97%"
"04/07/2014","45.83","46.23","46.75","45.45","19.90M","-0.76%"
"04/04/2014","46.18","47.17","47.37","45.70","1.33M","-1.93%"
"04/03/2014","47.09","46.03","47.22","46.00","2.12M","3.11%"
"04/02/2014","45.67","44.68","45.73","44.67","1.39M","2.15%"
"04/01/2014","44.71","43.13","44.87","42.92","1.08M","3.95%"
"03/31/2014","43.01","42.22","43.09","42.14","653.87K","2.67%"
"03/28/2014","41.89","41.94","42.58","41.52","623.29K","0.43%"
"03/27/2014","41.71","43.06","43.33","41.64","1.84M","-3.34%"
"03/26/2014","43.15","43.81","43.81","42.82","1.95M","-0.87%"
"03/25/2014","43.53","43.71","44.02","43.25","571.72K","-0.11%"
"03/24/2014","43.58","44.24","44.52","43.39","755.15K","-1.07%"
"03/21/2014","44.05","44.91","45.31","44.03","1.12M","-1.59%"
"03/20/2014","44.76","44.25","45.25","44.21","1.06M","1.11%"
"03/19/2014","44.27","43.76","44.89","43.38","1.08M","1.23%"
"03/18/2014","43.73","43.66","44.02","43.42","529.81K","0.44%"
"03/17/2014","43.54","43.71","44.14","43.37","473.69K","0.02%"
"03/14/2014","43.53","43.64","44.16","43.38","963.71K","-0.75%"
"03/13/2014","43.86","44.51","44.64","43.61","600.95K","-1.22%"
"03/12/2014","44.40","44.27","44.55","43.89","440.91K","-0.05%"
"03/11/2014","44.42","44.76","44.90","44.29","675.80K","-0.78%"
"03/10/2014","44.77","44.80","45.08","44.31","704.04K","-0.33%"
"03/07/2014","44.92","44.97","46.08","44.74","661.79K","-0.40%"
"03/06/2014","45.10","44.73","45.30","44.69","570.39K","0.56%"
"03/05/2014","44.85","44.91","45.19","44.50","521.79K","-0.27%"
"03/04/2014","44.97","43.96","45.16","43.84","970.34K","3.33%"
"03/03/2014","43.52","42.87","43.65","42.53","1.04M","0.28%"
"02/28/2014","43.40","42.73","43.42","42.60","911.54K","1.83%"
"02/27/2014","42.62","42.22","42.66","42.08","593.50K","0.59%"
"02/26/2014","42.37","40.64","42.38","40.43","1.45M","4.62%"
"02/25/2014","40.50","40.54","40.81","40.26","1.18M","0.00%"
"02/24/2014","40.50","39.79","40.59","39.61","962.10K","1.81%"
"02/21/2014","39.78","38.71","39.84","38.60","1.01M","3.30%"
"02/20/2014","38.51","38.30","38.63","37.70","1.33M","0.23%"
"02/19/2014","38.42","39.62","39.73","38.32","854.74K","-3.39%"
"02/18/2014","39.77","39.76","40.45","39.58","517.39K","0.10%"
"02/14/2014","39.73","40.07","40.45","39.61","553.48K","-0.95%"
"02/13/2014","40.11","40.14","40.20","39.40","450.14K","-0.77%"
"02/12/2014","40.42","40.42","41.02","40.05","223.59K","0.02%"
"02/11/2014","40.41","40.05","40.70","39.63","246.06K","1.23%"
"02/10/2014","39.92","39.85","40.16","39.35","307.40K","0.13%"
"02/07/2014","39.87","39.73","40.10","39.34","282.67K","0.91%"
"02/06/2014","39.51","39.11","39.53","38.91","288.53K","1.13%"
"02/05/2014","39.07","39.18","39.32","38.69","278.69K","-0.61%"
"02/04/2014","39.31","38.16","39.36","38.16","478.16K","3.12%"
"02/03/2014","38.12","39.98","40.17","38.03","682.33K","-4.96%"
"01/31/2014","40.11","40.31","40.53","39.86","418.93K","-1.84%"
"01/30/2014","40.86","40.95","41.18","40.30","616.57K","0.96%"
"01/29/2014","40.47","41.44","41.57","40.39","544.57K","-3.16%"
"01/28/2014","41.79","41.84","42.37","41.67","566.18K","0.55%"
"01/27/2014","41.56","42.97","43.38","41.52","542.42K","-3.35%"
"01/24/2014","43.00","43.08","43.33","42.55","809.26K","-0.49%"
"01/23/2014","43.21","42.88","43.23","41.47","1.00M","-0.32%"
"01/22/2014","43.35","43.17","43.43","42.97","452.41K","0.32%"
"01/21/2014","43.21","42.73","43.65","42.73","287.19K","1.34%"
"01/17/2014","42.64","42.61","42.72","42.40","286.67K","0.07%"
"01/16/2014","42.61","42.91","42.91","42.19","276.71K","-0.16%"
"01/15/2014","42.68","43.09","43.15","42.43","753.88K","-0.44%"
"01/14/2014","42.87","43.50","43.50","42.74","393.55K","-0.97%"
"01/13/2014","43.29","43.43","43.97","43.12","1.11M","-0.78%"
"01/10/2014","43.63","43.52","43.84","43.39","369.08K","-0.27%"
"01/09/2014","43.75","43.19","43.76","43.19","565.07K","1.39%"
"01/08/2014","43.15","42.89","43.20","42.88","613.83K","0.65%"
"01/07/2014","42.87","41.85","43.45","41.61","908.47K","4.05%"
"01/06/2014","41.20","41.40","41.72","41.00","380.97K","-0.43%"
"01/03/2014","41.38","40.96","41.58","40.64","417.65K","0.75%"
"01/02/2014","41.07","42.06","42.06","41.01","636.81K","-2.72%"
"12/31/2013","42.22","41.89","42.31","41.84","288.26K","0.84%"
"12/30/2013","41.87","41.86","42.03","41.64","180.37K","-0.33%"
"12/27/2013","42.01","42.57","42.57","41.91","223.10K","-1.01%"
"12/26/2013","42.44","42.73","42.84","42.39","210.65K","-0.42%"
"12/24/2013","42.62","42.72","42.95","42.60","147.03K","-0.37%"
"12/23/2013","42.78","41.82","42.96","41.79","729.34K","2.69%"
"12/20/2013","41.66","42.02","42.24","41.62","1.23M","-0.50%"
"12/19/2013","41.87","42.26","42.44","41.86","371.97K","-1.23%"
"12/18/2013","42.39","42.18","42.50","41.72","686.21K","0.45%"
"12/17/2013","42.20","42.50","42.50","41.93","324.06K","-0.52%"
"12/16/2013","42.42","41.80","42.42","41.63","639.68K","1.97%"
"12/13/2013","41.60","41.63","41.77","40.92","657.44K","0.22%"
"12/12/2013","41.51","41.68","42.14","41.47","387.62K","-0.57%"
"12/11/2013","41.75","41.46","41.96","41.46","696.66K","0.53%"
"12/10/2013","41.53","41.88","42.38","41.50","438.23K","-1.56%"
"12/09/2013","42.19","42.10","42.69","41.97","483.67K","0.19%"
"12/06/2013","42.11","41.95","42.32","41.66","800.45K","1.49%"
"12/05/2013","41.49","41.49","41.80","41.19","426.22K","-0.29%"
"12/04/2013","41.61","40.76","41.65","40.72","529.13K","1.96%"
"12/03/2013","40.81","40.98","41.33","40.38","404.45K","-0.22%"
"12/02/2013","40.90","41.06","41.70","40.88","371.38K","-0.58%"
"11/29/2013","41.14","41.21","41.29","40.88","174.34K","-0.36%"
"11/27/2013","41.29","41.27","41.77","41.11","309.65K","-0.02%"
"11/26/2013","41.30","40.65","41.37","40.61","461.84K","1.45%"
"11/25/2013","40.71","40.81","40.84","40.43","441.42K","-0.25%"
"11/22/2013","40.81","40.25","40.86","39.89","427.13K","1.67%"
"11/21/2013","40.14","39.25","40.40","39.25","490.62K","2.22%"
"11/20/2013","39.27","39.39","39.57","39.06","420.35K","-0.23%"
"11/19/2013","39.36","39.07","39.48","38.86","357.15K","0.92%"
"11/18/2013","39.00","39.18","39.39","38.78","318.80K","-0.26%"
"11/15/2013","39.10","39.18","39.29","38.60","325.13K","-0.28%"
"11/14/2013","39.21","39.00","39.50","38.95","399.43K","0.05%"
"11/13/2013","39.19","39.00","39.20","38.81","373.81K","0.26%"
"11/12/2013","39.09","39.21","39.40","39.00","398.50K","-0.41%"
"11/11/2013","39.25","39.57","39.73","39.11","448.53K","-1.23%"
"11/08/2013","39.74","38.30","39.90","38.15","394.71K","3.73%"
"11/07/2013","38.31","38.79","39.10","38.22","491.72K","-1.08%"
"11/06/2013","38.73","38.55","38.85","38.35","744.15K","0.86%"
"11/05/2013","38.40","38.15","38.60","38.00","522.25K","0.50%"
"11/04/2013","38.21","38.01","38.30","37.87","459.34K","0.53%"
"11/01/2013","38.01","37.99","38.35","37.62","717.98K","-0.11%"
"10/31/2013","38.05","37.95","38.37","37.85","371.66K","0.03%"
"10/30/2013","38.04","38.51","38.66","37.94","645.87K","-0.81%"
"10/29/2013","38.35","38.35","38.51","37.95","538.85K","0.42%"
"10/28/2013","38.19","37.64","38.41","37.51","623.80K","1.54%"
"10/25/2013","37.61","37.52","37.66","37.22","361.14K","0.53%"
"10/24/2013","37.41","36.36","37.62","36.34","862.50K","2.41%"
"10/23/2013","36.53","36.44","36.73","35.77","574.85K","-0.90%"
"10/22/2013","36.86","36.77","37.09","36.61","540.71K","-0.19%"
"10/21/2013","36.93","36.87","37.20","36.80","448.69K","-0.46%"
"10/18/2013","37.10","36.93","37.13","36.30","721.21K","1.01%"
"10/17/2013","36.73","36.48","36.73","36.27","428.78K","0.19%"
"10/16/2013","36.66","36.59","37.05","36.36","405.08K","1.10%"
"10/15/2013","36.26","36.62","36.77","36.23","485.10K","-1.09%"
"10/14/2013","36.66","36.90","37.10","36.38","852.84K","-1.00%"
"10/11/2013","37.03","35.57","37.05","35.53","1.21M","3.52%"
"10/10/2013","35.77","35.45","35.89","35.30","486.85K","1.91%"
"10/09/2013","35.10","35.30","35.30","34.97","879.65K","0.00%"
"10/08/2013","35.10","35.04","35.35","34.90","976.06K","-0.03%"
"10/07/2013","35.11","35.13","35.34","34.94","737.19K","-0.76%"
"10/04/2013","35.38","34.74","35.94","34.61","1.04M","1.58%"
"10/03/2013","34.83","34.37","34.85","34.14","731.59K","1.25%"
"10/02/2013","34.40","34.64","34.69","34.24","640.05K","-1.21%"
"10/01/2013","34.82","34.28","34.83","34.20","452.32K","1.55%"
"09/30/2013","34.29","34.27","34.36","33.84","505.55K","-0.55%"
"09/27/2013","34.48","34.11","34.61","34.11","411.00K","0.44%"
"09/26/2013","34.33","34.79","34.89","34.27","511.31K","-1.21%"
"09/25/2013","34.75","34.12","34.91","33.84","755.94K","1.91%"
"09/24/2013","34.10","34.04","34.37","33.75","437.66K","0.21%"
"09/23/2013","34.03","34.27","34.27","33.51","796.23K","-0.18%"
"09/20/2013","34.09","33.80","34.45","33.66","1.88M","1.79%"
"09/19/2013","33.49","33.79","33.96","33.04","746.15K","-0.71%"
"09/18/2013","33.73","33.49","34.24","33.47","1.12M","0.57%"
"09/17/2013","33.54","33.02","33.56","32.81","782.37K","1.61%"
"09/16/2013","33.01","33.68","33.68","33.00","836.04K","-0.57%"
"09/13/2013","33.20","33.77","33.80","33.06","945.71K","-1.37%"
"09/12/2013","33.66","34.07","34.10","33.56","471.33K","-0.82%"
"09/11/2013","33.94","34.34","34.37","33.76","424.54K","-1.31%"
"09/10/2013","34.39","34.06","34.43","33.93","408.56K","1.57%"
"09/09/2013","33.86","33.54","33.91","33.12","320.63K","1.44%"
"09/06/2013","33.38","33.60","33.71","32.79","353.69K","-0.30%"
"09/05/2013","33.48","33.20","33.70","33.19","277.60K","0.90%"
"09/04/2013","33.18","33.36","33.80","33.09","596.96K","-0.63%"
"09/03/2013","33.39","33.58","34.19","32.90","252.11K","0.42%"
"08/30/2013","33.25","33.91","33.91","33.23","267.64K","-1.98%"
"08/29/2013","33.92","33.28","33.98","32.95","449.05K","1.98%"
"08/28/2013","33.26","33.50","33.76","33.23","505.47K","-0.66%"
"08/27/2013","33.48","33.96","34.09","33.30","486.51K","-2.33%"
"08/26/2013","34.28","34.52","34.78","34.10","111.42K","-0.78%"
"08/23/2013","34.55","34.55","34.59","34.05","207.91K","-0.06%"
"08/22/2013","34.57","34.26","34.66","33.92","142.48K","1.23%"
"08/21/2013","34.15","34.52","34.58","34.03","250.36K","-1.21%"
"08/20/2013","34.57","34.13","34.76","34.13","151.33K","1.20%"
"08/19/2013","34.16","34.26","34.49","34.07","186.16K","-0.67%"
"08/16/2013","34.39","34.23","34.71","34.23","238.74K","-0.09%"
"08/15/2013","34.42","34.25","34.66","33.96","295.88K","-1.32%"
"08/14/2013","34.88","34.73","35.07","34.73","254.72K","0.17%"
"08/13/2013","34.82","35.11","35.16","34.30","370.06K","-0.60%"
"08/12/2013","35.03","34.86","35.13","34.81","215.01K","0.03%"
"08/09/2013","35.02","34.99","35.30","34.80","171.38K","-0.06%"
"08/08/2013","35.04","35.16","35.38","34.71","224.44K","0.52%"
"08/07/2013","34.86","35.14","35.34","34.55","379.84K","-1.39%"
"08/06/2013","35.35","36.05","36.17","35.22","417.13K","-1.94%"
"08/05/2013","36.05","36.07","36.21","35.82","460.18K","0.11%"
"08/02/2013","36.01","36.00","36.20","35.61","371.19K","-0.44%"
"08/01/2013","36.17","35.61","36.31","35.26","305.21K","2.12%"
"07/31/2013","35.42","35.52","35.72","35.21","292.66K","0.14%"
"07/30/2013","35.37","35.14","35.42","34.97","391.79K","1.00%"
"07/29/2013","35.02","35.18","35.45","34.93","601.81K","-0.34%"
"07/26/2013","35.14","35.21","35.46","34.89","447.88K","-0.96%"
"07/25/2013","35.48","35.50","35.99","35.26","995.11K","0.03%"
"07/24/2013","35.47","34.91","35.76","34.41","1.90M","2.01%"
"07/23/2013","34.77","34.63","35.18","33.65","5.54M","7.05%"
"07/22/2013","32.48","32.18","32.76","32.18","267.17K","0.50%"
"07/19/2013","32.32","32.14","32.44","32.08","179.18K","0.28%"
"07/18/2013","32.23","31.72","32.39","31.57","414.22K","1.51%"
"07/17/2013","31.75","31.86","32.05","31.50","196.02K","-0.06%"
"07/16/2013","31.77","32.00","32.12","31.24","135.93K","-0.72%"
"07/15/2013","32.00","31.97","32.10","31.84","153.91K","0.50%"
"07/12/2013","31.84","31.53","32.00","31.17","149.83K","1.05%"
"07/11/2013","31.51","32.56","32.58","31.48","195.57K","-2.57%"
"07/10/2013","32.34","32.43","32.68","32.18","256.14K","-0.61%"
"07/09/2013","32.54","33.42","33.42","32.30","342.78K","-1.90%"
"07/08/2013","33.17","33.43","33.72","33.07","151.02K","-0.87%"
"07/05/2013","33.46","32.64","33.47","32.50","150.50K","3.78%"
"07/03/2013","32.24","32.21","32.29","31.69","60.82K","-0.03%"
"07/02/2013","32.25","31.65","32.45","31.23","349.68K","2.12%"
"07/01/2013","31.58","30.88","31.61","30.58","219.13K","3.03%"
"06/28/2013","30.65","30.70","31.02","30.59","283.68K","-0.65%"
"06/27/2013","30.85","30.07","30.87","29.91","200.26K","3.35%"
"06/26/2013","29.85","29.53","30.31","29.53","140.75K","0.00%"
"06/25/2013","29.85","29.35","29.97","29.02","142.93K","2.09%"
"06/24/2013","29.24","28.98","29.71","28.81","287.62K","0.34%"
"06/21/2013","29.14","28.84","29.28","28.60","839.64K","1.67%"
"06/20/2013","28.66","28.26","28.88","28.26","204.61K","0.03%"
"06/19/2013","28.65","28.53","28.93","28.32","219.99K","0.56%"
"06/18/2013","28.49","28.49","28.65","28.24","147.57K","0.35%"
"06/17/2013","28.39","28.40","28.48","28.11","309.70K","0.96%"
"06/14/2013","28.12","28.45","28.49","27.99","145.14K","-1.23%"
"06/13/2013","28.47","28.00","28.50","27.83","156.54K","1.61%"
"06/12/2013","28.02","28.52","28.52","27.92","249.69K","-0.88%"
"06/11/2013","28.27","28.13","28.52","27.83","229.34K","-1.26%"
"06/10/2013","28.63","28.41","28.68","28.03","237.18K","1.35%"
"06/07/2013","28.25","28.33","28.75","28.04","244.75K","0.50%"
"06/06/2013","28.11","27.54","28.11","27.54","229.14K","1.88%"
"06/05/2013","27.59","28.45","28.53","27.46","187.05K","-3.36%"
"06/04/2013","28.55","29.01","29.22","28.49","246.84K","-1.48%"
"06/03/2013","28.98","28.83","29.00","28.07","517.06K","0.52%"
"05/31/2013","28.83","28.73","28.93","28.60","940.50K","-0.14%"
"05/30/2013","28.87","28.15","28.89","28.15","163.41K","0.87%"
"05/29/2013","28.62","28.69","28.90","28.53","172.13K","-0.80%"
"05/28/2013","28.85","28.74","29.12","28.50","177.11K","1.76%"
"05/24/2013","28.35","27.77","28.35","27.77","145.41K","1.29%"
"05/23/2013","27.99","28.27","28.43","27.97","156.15K","-1.96%"
"05/22/2013","28.55","28.74","29.30","28.36","200.06K","-0.31%"
"05/21/2013","28.64","28.15","28.66","28.06","137.03K","1.56%"
"05/20/2013","28.20","27.86","28.20","27.86","252.61K","0.68%"
"05/17/2013","28.01","28.01","28.10","27.82","278.29K","0.21%"
"05/16/2013","27.95","28.04","28.12","27.79","149.14K","-0.43%"
"05/15/2013","28.07","28.12","28.12","27.91","239.95K","-0.71%"
"05/14/2013","28.27","27.72","28.27","27.59","169.56K","2.39%"
"05/13/2013","27.61","27.69","27.89","27.50","201.47K","-0.65%"
"05/10/2013","27.79","27.89","27.89","27.60","115.60K","-0.04%"
"05/09/2013","27.80","27.83","28.00","27.77","91.70K","-0.50%"
"05/08/2013","27.94","27.85","27.97","27.47","95.81K","-0.04%"
"05/07/2013","27.95","27.54","27.97","27.47","91.19K","1.97%"
"05/06/2013","27.41","26.75","27.42","26.75","153.57K","2.31%"
"05/03/2013","26.79","27.07","27.22","26.77","193.32K","0.22%"
"05/02/2013","26.73","26.58","26.82","26.39","86.64K","0.34%"
"05/01/2013","26.64","27.53","27.90","26.63","227.12K","-3.93%"
"04/30/2013","27.73","27.51","27.74","27.41","100.13K","0.36%"
"04/29/2013","27.63","27.20","27.65","27.13","80.70K","1.58%"
"04/26/2013","27.20","27.31","27.31","26.94","101.93K","-0.51%"
"04/25/2013","27.34","27.43","27.53","27.30","139.53K","-0.29%"
"04/24/2013","27.42","27.19","27.43","27.15","75.82K","0.62%"
"04/23/2013","27.25","26.80","27.25","26.80","121.37K","2.33%"
"04/22/2013","26.63","26.90","26.95","26.50","165.33K","-1.19%"
"04/19/2013","26.95","26.60","27.20","26.51","198.23K","1.51%"
"04/18/2013","26.55","26.79","26.81","26.45","409.60K","-0.23%"
"04/17/2013","26.61","27.02","27.17","25.81","905.52K","-2.46%"
"04/16/2013","27.28","27.08","27.32","26.92","163.52K","1.26%"
"04/15/2013","26.94","28.16","28.17","26.83","194.00K","-4.50%"
"04/12/2013","28.21","27.89","28.22","27.86","160.49K","0.61%"
"04/11/2013","28.04","28.40","28.40","28.01","126.12K","-1.16%"
"04/10/2013","28.37","28.06","28.43","27.99","150.93K","1.03%"
"04/09/2013","28.08","28.09","28.23","27.71","144.26K","-0.14%"
"04/08/2013","28.12","28.17","28.30","27.74","135.93K","-0.21%"
"04/05/2013","28.18","27.95","28.22","27.75","113.88K","-0.56%"
"04/04/2013","28.34","28.01","28.49","27.83","150.20K","1.07%"
"04/03/2013","28.04","28.57","28.63","27.97","198.44K","-1.86%"
"04/02/2013","28.57","28.79","28.89","28.50","159.14K","-0.28%"
"04/01/2013","28.65","29.03","29.10","28.50","220.27K","-1.58%"
"03/28/2013","29.11","29.10","29.20","28.91","222.27K","0.17%"
"03/27/2013","29.06","28.44","29.13","28.41","217.02K","1.61%"
"03/26/2013","28.60","28.43","28.62","28.24","104.93K","1.06%"
"03/25/2013","28.30","28.32","28.61","27.99","110.37K","-0.07%"
"03/22/2013","28.32","28.29","28.36","28.16","98.87K","0.11%"
"03/21/2013","28.29","28.53","28.59","28.25","108.11K","-1.39%"
"03/20/2013","28.69","28.48","28.73","28.39","112.74K","1.24%"
"03/19/2013","28.34","28.07","28.45","27.91","218.17K","0.89%"
"03/18/2013","28.09","28.04","28.33","27.97","146.93K","-0.99%"
"03/15/2013","28.37","28.17","28.41","28.08","523.52K","0.71%"
"03/14/2013","28.17","27.96","28.18","27.95","124.49K","0.72%"
"03/13/2013","27.97","27.80","28.03","27.63","161.44K","0.87%"
"03/12/2013","27.73","27.89","27.91","27.59","157.75K","-0.86%"
"03/11/2013","27.97","27.77","28.00","27.77","160.35K","0.18%"
"03/08/2013","27.92","28.18","28.18","27.77","239.69K","-0.11%"
"03/07/2013","27.95","27.62","27.98","27.54","223.99K","0.98%"
"03/06/2013","27.68","27.62","27.78","27.40","121.42K","0.54%"
"03/05/2013","27.53","27.31","27.66","27.08","175.31K","1.32%"
"03/04/2013","27.17","27.10","27.40","26.97","141.99K","-0.22%"
"03/01/2013","27.23","27.13","27.34","26.71","207.54K","-0.37%"
"02/28/2013","27.33","26.96","27.40","26.83","221.31K","1.22%"
"02/27/2013","27.00","26.74","27.23","26.73","123.92K","0.93%"
"02/26/2013","26.75","26.92","27.06","26.57","172.38K","-0.48%"
"02/25/2013","26.88","27.50","27.69","26.83","261.03K","-1.97%"
"02/22/2013","27.42","27.26","27.47","27.11","170.68K","1.18%"
"02/21/2013","27.10","27.24","27.52","26.99","145.01K","-1.24%"
"02/20/2013","27.44","27.85","27.91","27.41","209.48K","-1.58%"
"02/19/2013","27.88","27.77","27.97","27.60","275.57K","0.47%"
"02/15/2013","27.75","27.91","28.03","27.70","230.93K","-0.04%"
"02/14/2013","27.76","27.64","28.03","27.64","357.74K","0.14%"
"02/13/2013","27.72","27.67","27.74","27.47","232.51K","0.25%"
"02/12/2013","27.65","27.60","27.87","27.55","229.87K","0.18%"
"02/11/2013","27.60","27.69","27.89","27.43","218.57K","-0.14%"
"02/08/2013","27.64","27.79","28.00","27.58","213.77K","-0.25%"
"02/07/2013","27.71","27.74","27.83","27.33","105.74K","-0.29%"
"02/06/2013","27.79","27.25","27.85","27.25","204.04K","-0.47%"
"02/05/2013","27.92","27.62","28.04","27.52","113.78K","1.31%"
"02/04/2013","27.56","27.60","27.77","27.41","100.32K","-0.76%"
"02/01/2013","27.77","27.63","27.89","27.52","167.26K","1.02%"
"01/31/2013","27.49","27.51","27.59","27.29","140.18K","-0.15%"
"01/30/2013","27.53","27.40","27.64","27.25","111.45K","0.00%"
"01/29/2013","27.53","27.51","27.75","27.35","321.78K","-0.25%"
"01/28/2013","27.60","27.71","27.95","27.55","267.76K","-0.36%"
"01/25/2013","27.70","27.57","27.70","27.26","176.81K","0.47%"
"01/24/2013","27.57","27.21","27.69","27.21","251.36K","1.21%"
"01/23/2013","27.24","27.28","27.38","27.13","111.08K","0.04%"
"01/22/2013","27.23","27.24","27.26","26.94","253.84K","0.18%"
"01/18/2013","27.18","27.14","27.20","26.91","304.68K","0.30%"
"01/17/2013","27.10","26.59","27.17","26.55","416.57K","2.50%"
"01/16/2013","26.44","26.12","26.55","25.91","280.60K","1.26%"
"01/15/2013","26.11","26.00","26.29","25.92","178.46K","-0.11%"
"01/14/2013","26.14","25.87","26.14","25.60","264.89K","0.93%"
"01/11/2013","25.90","26.69","26.69","25.86","238.44K","-2.81%"
"01/10/2013","26.65","26.90","26.90","26.41","269.82K","-0.26%"
"01/09/2013","26.72","26.79","26.80","26.60","280.67K","0.30%"
"01/08/2013","26.64","26.61","26.75","26.50","200.46K","-0.19%"
"01/07/2013","26.69","26.55","26.72","26.45","202.55K","0.41%"
"01/04/2013","26.58","26.66","26.70","26.31","256.50K","0.23%"
"01/03/2013","26.52","25.83","26.55","25.67","326.88K","2.83%"
"01/02/2013","25.79","25.21","25.83","24.96","312.53K","4.12%"
"12/31/2012","24.77","25.04","25.15","24.62","191.41K","-0.96%"
"12/28/2012","25.01","24.88","25.23","24.66","92.58K","-0.16%"
"12/27/2012","25.05","24.62","25.12","24.27","264.26K","1.62%"
"12/26/2012","24.65","24.86","25.01","24.53","83.38K","-1.00%"
"12/24/2012","24.90","25.13","25.13","24.51","83.47K","-0.64%"
"12/21/2012","25.06","24.89","25.16","24.68","815.80K","-0.16%"
"12/20/2012","25.10","24.91","25.11","24.89","407.44K","0.36%"
"12/19/2012","25.01","24.80","25.29","24.67","289.13K","0.72%"
"12/18/2012","24.83","24.78","24.89","24.68","335.90K","0.24%"
"12/17/2012","24.77","24.45","24.79","24.38","158.48K","1.52%"
"12/14/2012","24.40","24.02","24.40","23.98","316.82K","0.99%"
"12/13/2012","24.16","24.09","24.31","23.98","81.91K","0.33%"
"12/12/2012","24.08","24.49","24.49","24.00","150.06K","-1.27%"
"12/11/2012","24.39","24.25","24.40","24.09","136.79K","1.29%"
"12/10/2012","24.08","24.22","24.23","24.00","131.32K","-0.45%"
"12/07/2012","24.19","24.64","24.64","24.12","69.15K","-1.27%"
"12/06/2012","24.50","24.74","24.79","24.40","123.78K","-1.21%"
"12/05/2012","24.80","24.78","24.83","24.57","180.97K","0.49%"
"12/04/2012","24.68","24.80","24.82","24.53","274.41K","-0.28%"
"12/03/2012","24.75","25.00","25.00","24.63","293.88K","-0.64%"
"11/30/2012","24.91","24.88","24.95","24.72","389.27K","0.52%"
"11/29/2012","24.78","24.65","24.82","24.50","228.95K","1.39%"
"11/28/2012","24.44","24.46","24.46","24.25","169.99K","-0.08%"
"11/27/2012","24.46","24.49","24.55","24.30","205.20K","0.04%"
"11/26/2012","24.45","24.40","24.48","24.15","355.44K","0.20%"
"11/23/2012","24.40","24.16","24.50","23.94","120.30K","1.46%"
"11/21/2012","24.05","23.91","24.08","23.80","134.80K","1.09%"
"11/20/2012","23.79","23.33","23.85","23.25","178.71K","1.88%"
"11/19/2012","23.35","23.10","23.45","22.89","212.11K","2.19%"
"11/16/2012","22.85","22.68","22.88","22.60","319.19K","0.44%"
"11/15/2012","22.75","22.42","22.98","22.23","232.45K","0.53%"
"11/14/2012","22.63","22.98","23.15","22.57","461.36K","0.98%"
"11/13/2012","22.41","22.65","22.73","22.38","209.91K","-1.49%"
"11/12/2012","22.75","23.13","23.14","22.68","131.62K","-1.26%"
"11/09/2012","23.04","23.06","23.43","23.00","275.82K","-0.78%"
"11/08/2012","23.22","23.28","23.60","23.06","583.76K","0.65%"
"11/07/2012","23.07","22.87","23.75","22.58","1.00M","-0.52%"
"11/06/2012","23.19","22.42","23.26","22.42","141.08K","4.13%"
"11/05/2012","22.27","22.28","22.36","21.91","59.23K","-0.36%"
"11/02/2012","22.35","22.83","22.84","22.28","88.74K","-1.89%"
"11/01/2012","22.78","22.50","22.88","22.50","117.02K","1.15%"
"10/31/2012","22.52","22.75","22.75","22.18","151.44K","-0.97%"
"10/26/2012","22.74","22.81","22.99","22.60","168.48K","-0.61%"
"10/25/2012","22.88","22.86","22.93","22.59","131.72K","0.88%"
"10/24/2012","22.68","22.68","22.80","22.53","135.16K","0.22%"
"10/23/2012","22.63","22.58","22.71","22.31","175.34K","-0.66%"
"10/22/2012","22.78","22.66","22.92","22.51","149.11K","0.57%"
"10/19/2012","22.65","22.38","22.73","22.23","235.58K","1.03%"
"10/18/2012","22.42","22.40","23.12","22.26","674.17K","2.66%"
"10/17/2012","21.84","21.70","21.94","21.50","373.58K","0.51%"
"10/16/2012","21.73","21.96","22.09","21.57","329.50K","-0.96%"
"10/15/2012","21.94","22.18","22.31","21.80","198.30K","-0.72%"
"10/12/2012","22.10","22.72","22.92","21.96","125.76K","-3.03%"
"10/11/2012","22.79","23.37","23.38","22.75","206.93K","-1.77%"
"10/10/2012","23.20","23.21","23.35","22.89","87.94K","0.09%"
"10/09/2012","23.18","23.95","23.95","23.12","112.35K","-3.22%"
"10/08/2012","23.95","23.63","24.07","23.63","78.04K","1.10%"
"10/05/2012","23.69","23.88","24.21","23.63","84.52K","-0.17%"
"10/04/2012","23.73","23.39","23.73","23.17","194.25K","2.11%"
"10/03/2012","23.24","23.48","23.66","23.07","185.72K","-0.81%"
"10/02/2012","23.43","23.69","23.72","23.35","129.39K","-0.80%"
"10/01/2012","23.62","23.55","23.74","23.22","133.60K","1.07%"
"09/28/2012","23.37","23.59","23.66","23.35","77.98K","-1.60%"
"09/27/2012","23.75","23.74","23.76","23.50","113.45K","0.38%"
"09/26/2012","23.66","23.66","23.84","23.46","86.18K","0.17%"
"09/25/2012","23.62","24.34","24.62","23.57","114.84K","-2.24%"
"09/24/2012","24.16","23.72","24.30","23.72","119.30K","1.21%"
"09/21/2012","23.87","24.32","24.49","23.77","560.79K","-0.58%"
"09/20/2012","24.01","24.07","24.11","23.84","115.47K","-0.95%"
"09/19/2012","24.24","24.49","24.59","24.20","102.76K","-1.02%"
"09/18/2012","24.49","24.45","24.67","24.34","149.87K","0.20%"
"09/17/2012","24.44","24.54","24.84","24.23","89.89K","-1.33%"
"09/14/2012","24.77","24.67","25.08","24.60","213.05K","1.10%"
"09/13/2012","24.50","24.54","24.75","24.23","275.68K","-0.12%"
"09/12/2012","24.53","24.66","24.80","24.48","122.92K","-0.24%"
"09/11/2012","24.59","24.86","24.86","24.08","173.52K","3.36%"
"09/10/2012","23.79","24.15","24.35","23.77","166.21K","-2.22%"
"09/07/2012","24.33","24.06","24.52","23.97","133.56K","1.93%"
"09/06/2012","23.87","23.53","24.21","23.53","154.49K","2.40%"
"09/05/2012","23.31","23.73","23.73","23.18","202.48K","-1.06%"
"09/04/2012","23.56","23.36","23.64","22.96","67.48K","1.20%"
"08/31/2012","23.28","23.50","23.63","23.08","72.11K","0.00%"
"08/30/2012","23.28","23.41","23.41","23.21","58.66K","-1.44%"
"08/29/2012","23.62","23.42","23.84","23.34","88.91K","1.07%"
"08/28/2012","23.37","23.07","23.52","22.28","120.28K","1.08%"
"08/27/2012","23.12","23.25","23.31","23.01","97.39K","-0.17%"
"08/24/2012","23.16","22.87","23.27","22.87","71.07K","0.96%"
"08/23/2012","22.94","23.46","23.46","22.78","168.88K","-2.30%"
"08/22/2012","23.48","23.82","23.98","23.39","130.15K","-1.59%"
"08/21/2012","23.86","24.25","24.60","23.84","146.86K","-1.57%"
"08/20/2012","24.24","24.51","24.51","24.14","100.60K","-1.14%"
"08/17/2012","24.52","24.37","24.59","24.33","87.61K","0.41%"
"08/16/2012","24.42","23.98","24.56","23.86","126.68K","1.29%"
"08/15/2012","24.11","23.56","24.14","23.35","114.18K","2.29%"
"08/14/2012","23.57","23.81","23.91","23.38","131.87K","-0.08%"
"08/13/2012","23.59","23.56","23.68","23.27","66.75K","-0.38%"
"08/10/2012","23.68","23.94","23.94","23.56","61.90K","-1.21%"
"08/09/2012","23.97","24.05","24.24","23.97","114.79K","0.00%"
"08/08/2012","23.97","23.79","24.04","23.04","140.15K","0.59%"
"08/07/2012","23.83","23.60","24.14","23.54","300.56K","1.32%"
"08/06/2012","23.52","23.63","23.89","23.41","110.36K","-0.17%"
"08/03/2012","23.56","22.94","23.71","22.73","162.31K","4.25%"
"08/02/2012","22.60","22.94","23.22","22.20","197.85K","1.57%"
"08/01/2012","22.25","22.97","23.14","22.25","151.54K","-2.88%"
"07/31/2012","22.91","22.76","23.09","22.69","321.81K","0.39%"
"07/30/2012","22.82","23.26","23.43","22.68","90.59K","-1.89%"
"07/27/2012","23.26","23.03","23.46","22.75","80.35K","1.26%"
"07/26/2012","22.97","23.27","23.27","22.79","90.82K","0.26%"
"07/25/2012","22.91","22.97","23.03","22.68","91.11K","0.66%"
"07/24/2012","22.76","23.00","23.00","22.54","164.17K","-0.74%"
"07/23/2012","22.93","22.78","23.03","22.34","149.40K","-1.59%"
"07/20/2012","23.30","23.70","23.81","23.20","198.83K","-2.59%"
"07/19/2012","23.92","23.31","24.08","23.11","379.53K","-3.31%"
"07/18/2012","24.74","24.86","25.05","23.96","296.18K","-0.96%"
"07/17/2012","24.98","25.13","25.20","24.78","123.60K","-0.16%"
"07/16/2012","25.02","25.12","25.40","25.01","89.61K","-0.79%"
"07/13/2012","25.22","24.96","25.50","24.92","136.40K","1.16%"
"07/12/2012","24.93","24.65","25.03","24.59","63.35K","0.36%"
"07/11/2012","24.84","24.71","24.96","24.43","187.17K","0.73%"
"07/10/2012","24.66","24.95","25.24","24.49","238.87K","0.08%"
"07/09/2012","24.64","24.37","24.76","24.25","424.93K","0.20%"
"07/06/2012","24.59","24.41","24.83","24.36","67.75K","-0.57%"
"07/05/2012","24.73","24.52","24.86","24.46","164.22K","0.82%"
"07/03/2012","24.53","24.26","24.58","24.19","164.28K","1.57%"
"07/02/2012","24.15","23.71","24.24","23.63","167.76K","2.03%"
"06/29/2012","23.67","23.71","23.83","23.06","156.07K","2.42%"
"06/28/2012","23.11","22.82","23.21","22.67","181.18K","0.39%"
"06/27/2012","23.02","22.52","23.25","22.49","121.18K","2.40%"
"06/26/2012","22.48","22.36","23.00","22.27","228.75K","0.45%"
"06/25/2012","22.38","22.54","22.54","22.15","117.67K","-2.48%"
"06/22/2012","22.95","22.61","23.07","22.44","213.94K","2.00%"
"06/21/2012","22.50","23.25","23.47","22.47","123.56K","-3.47%"
"06/20/2012","23.31","23.54","23.59","23.06","185.48K","-0.85%"
"06/19/2012","23.51","23.80","24.10","23.44","218.45K","-0.80%"
"06/18/2012","23.70","23.33","23.76","23.29","153.13K","0.94%"
"06/15/2012","23.48","22.72","23.53","22.59","247.85K","3.30%"
"06/14/2012","22.73","22.31","22.82","22.31","107.62K","1.70%"
"06/13/2012","22.35","22.17","22.96","22.02","168.25K","0.36%"
"06/12/2012","22.27","22.12","22.36","21.87","80.50K","1.14%"
"06/11/2012","22.02","22.62","22.75","22.00","200.10K","-1.78%"
"06/08/2012","22.42","21.85","22.44","21.71","122.52K","1.86%"
"06/07/2012","22.01","21.81","22.24","21.66","143.48K","2.28%"
"06/06/2012","21.52","21.25","21.52","21.12","153.99K","1.99%"
"06/05/2012","21.10","20.93","21.45","20.82","246.44K","0.33%"
"06/04/2012","21.03","21.67","21.78","20.97","307.43K","-2.73%"
"06/01/2012","21.62","22.33","22.61","21.60","183.85K","-5.22%"
"05/31/2012","22.81","22.83","23.00","22.39","124.35K","0.00%"
"05/30/2012","22.81","22.62","23.00","22.46","158.62K","-0.61%"
"05/29/2012","22.95","23.10","23.10","22.64","128.10K","0.53%"
"05/25/2012","22.83","22.86","23.04","22.69","90.99K","-0.44%"
"05/24/2012","22.93","22.93","23.02","22.57","129.87K","0.39%"
"05/23/2012","22.84","22.59","22.96","22.06","173.93K","0.26%"
"05/22/2012","22.78","22.99","23.19","22.56","186.86K","-0.74%"
"05/21/2012","22.95","23.04","23.36","22.81","228.81K","0.04%"
"05/18/2012","22.94","22.92","23.29","22.77","208.61K","-0.22%"
"05/17/2012","22.99","23.20","23.51","22.91","180.46K","-2.29%"
"05/16/2012","23.53","24.05","24.15","23.53","131.44K","-1.51%"
"05/15/2012","23.89","23.90","24.25","23.69","167.43K","0.46%"
"05/14/2012","23.78","24.18","24.43","23.78","226.42K","-3.14%"
"05/11/2012","24.55","25.04","25.05","24.51","216.68K","-3.04%"
"05/10/2012","25.32","25.05","25.50","24.95","233.32K","1.97%"
"05/09/2012","24.83","24.51","24.91","24.05","250.74K","-0.40%"
"05/08/2012","24.93","25.00","25.22","24.68","149.65K","-1.27%"
"05/07/2012","25.25","24.82","25.49","24.75","172.75K","1.24%"
"05/04/2012","24.94","25.03","25.10","24.48","231.00K","-0.48%"
"05/03/2012","25.06","24.54","25.22","24.49","270.12K","2.29%"
"05/02/2012","24.50","23.78","24.80","23.73","327.94K","1.74%"
"05/01/2012","24.08","23.75","24.44","23.72","305.15K","1.09%"
"04/30/2012","23.82","24.06","24.10","23.47","328.04K","-1.24%"
"04/27/2012","24.12","23.60","24.47","23.37","259.98K","2.25%"
"04/26/2012","23.59","23.51","23.64","23.41","283.69K","-0.38%"
"04/25/2012","23.68","23.85","23.89","23.48","299.76K","0.81%"
"04/24/2012","23.49","23.19","23.62","23.19","260.34K","1.64%"
"04/23/2012","23.11","23.86","23.86","23.03","352.04K","-4.43%"
"04/20/2012","24.18","24.25","24.70","24.02","255.53K","0.12%"
"04/19/2012","24.15","23.85","24.44","23.14","374.79K","6.58%"
"04/18/2012","22.66","23.16","23.24","22.51","178.68K","-3.12%"
"04/17/2012","23.39","22.98","23.74","22.98","121.96K","3.09%"
"04/16/2012","22.69","22.53","22.96","22.36","73.54K","1.29%"
"04/13/2012","22.40","23.24","23.50","22.40","122.19K","-4.36%"
"04/12/2012","23.42","22.89","23.55","22.83","135.86K","2.00%"
"04/11/2012","22.96","22.89","23.08","22.75","144.65K","1.82%"
"04/10/2012","22.55","23.12","23.28","22.41","169.26K","-3.09%"
"04/09/2012","23.27","23.40","23.70","23.15","153.34K","-2.31%"
"04/05/2012","23.82","23.79","23.96","23.66","207.46K","0.13%"
"04/04/2012","23.79","24.34","24.43","23.74","158.59K","-3.45%"
"04/03/2012","24.64","24.52","24.71","24.27","139.91K","0.57%"
"04/02/2012","24.50","24.15","24.51","24.00","229.57K","0.82%"
"03/30/2012","24.30","24.68","24.75","24.30","154.83K","-0.49%"
"03/29/2012","24.42","24.07","24.53","23.85","161.47K","0.41%"
"03/28/2012","24.32","23.97","24.33","23.77","112.37K","1.71%"
"03/27/2012","23.91","24.10","24.15","23.90","129.45K","-0.83%"
"03/26/2012","24.11","24.17","24.37","23.98","183.02K","0.46%"
"03/23/2012","24.00","23.82","24.00","23.35","152.95K","0.80%"
"03/22/2012","23.81","23.70","23.83","23.25","123.65K","-0.71%"
"03/21/2012","23.98","24.00","24.20","23.77","124.83K","0.08%"
"03/20/2012","23.96","23.90","24.26","23.71","126.66K","-0.99%"
"03/19/2012","24.20","24.27","24.69","23.98","257.87K","-0.37%"
"03/16/2012","24.29","24.52","24.79","24.10","351.41K","-0.25%"
"03/15/2012","24.35","23.73","24.64","23.60","180.38K","3.09%"
"03/14/2012","23.62","23.52","24.05","23.33","172.14K","0.38%"
"03/13/2012","23.53","22.71","23.63","22.52","321.14K","4.86%"
"03/12/2012","22.44","22.69","22.71","22.25","230.58K","-0.71%"
"03/09/2012","22.60","22.11","22.89","22.11","144.19K","2.08%"
"03/08/2012","22.14","21.65","22.21","21.37","211.33K","3.36%"
"03/07/2012","21.42","20.98","21.57","20.84","107.93K","2.68%"
"03/06/2012","20.86","21.34","21.40","20.74","154.07K","-3.07%"
"03/05/2012","21.52","21.14","21.62","20.97","180.27K","1.22%"
"03/02/2012","21.26","21.88","22.15","21.20","197.25K","-3.10%"
"03/01/2012","21.94","21.91","22.48","21.91","106.86K","0.78%"
"02/29/2012","21.77","22.10","22.33","21.63","123.70K","-0.96%"
"02/28/2012","21.98","22.21","22.33","21.81","150.90K","-0.86%"
"02/27/2012","22.17","21.88","22.36","21.48","135.94K","0.09%"
"02/24/2012","22.15","22.16","22.45","21.51","196.22K","-3.49%"
"02/23/2012","22.95","22.45","23.20","22.30","129.40K","2.18%"
"02/22/2012","22.46","23.16","23.29","22.41","186.96K","-3.85%"
"02/21/2012","23.36","23.41","23.52","22.91","179.80K","-0.34%"
"02/17/2012","23.44","23.26","23.61","23.26","229.63K","0.77%"
"02/16/2012","23.26","22.23","23.41","22.23","298.35K","4.35%"
"02/15/2012","22.29","22.21","22.47","22.10","150.59K","-0.18%"
"02/14/2012","22.33","22.42","22.42","21.69","156.46K","-0.62%"
"02/13/2012","22.47","21.95","22.60","21.75","141.51K","3.50%"
"02/10/2012","21.71","21.90","22.09","21.54","98.78K","-2.25%"
"02/09/2012","22.21","22.22","22.26","21.92","111.83K","-0.09%"
"02/08/2012","22.23","21.89","22.32","21.70","100.56K","1.51%"
"02/07/2012","21.90","21.95","22.12","21.83","131.15K","-0.50%"
"02/06/2012","22.01","22.04","22.10","21.75","141.68K","-0.95%"
"02/03/2012","22.22","22.45","22.49","22.05","315.31K","0.73%"
"02/02/2012","22.06","21.68","22.06","21.49","362.07K","2.27%"
"02/01/2012","21.57","21.50","21.98","21.49","544.86K","1.41%"
"01/31/2012","21.27","21.60","21.69","21.17","246.79K","-0.65%"
"01/30/2012","21.41","21.41","21.59","21.14","178.74K","-1.25%"
"01/27/2012","21.68","21.12","21.75","21.10","173.11K","2.12%"
"01/26/2012","21.23","22.26","22.26","20.86","148.68K","-4.28%"
"01/25/2012","22.18","21.76","22.27","21.56","209.39K","2.02%"
"01/24/2012","21.74","21.58","21.99","21.23","394.05K","0.00%"
"01/23/2012","21.74","21.98","21.99","21.58","137.49K","-0.96%"
"01/20/2012","21.95","21.15","21.96","20.92","177.82K","3.25%"
"01/19/2012","21.26","21.05","21.30","20.71","160.69K","1.09%"
"01/18/2012","21.03","20.70","21.05","20.62","143.71K","1.55%"
"01/17/2012","20.71","20.47","21.01","20.42","189.35K","2.02%"
"01/13/2012","20.30","20.40","20.55","20.15","202.90K","-2.26%"
"01/12/2012","20.77","20.60","20.88","20.36","226.50K","1.02%"
"01/11/2012","20.56","20.99","21.25","19.84","313.25K","-3.34%"
"01/10/2012","21.27","21.30","21.75","21.04","222.97K","1.58%"
"01/09/2012","20.94","20.77","21.00","20.55","244.32K","1.31%"
"01/06/2012","20.67","20.83","20.90","20.33","241.40K","-0.86%"
"01/05/2012","20.85","20.37","21.09","20.02","269.14K","1.66%"
"01/04/2012","20.51","20.04","20.64","20.01","269.87K","1.53%"
"01/03/2012","20.20","19.57","20.47","19.57","400.98K","6.60%"
"12/30/2011","18.95","19.05","19.31","18.94","108.44K","-0.99%"
"12/29/2011","19.14","18.66","19.18","18.64","182.28K","2.68%"
"12/28/2011","18.64","18.96","19.01","18.59","169.73K","-1.58%"
"12/27/2011","18.94","18.92","19.04","18.76","116.68K","-0.26%"
"12/23/2011","18.99","19.32","19.32","18.82","136.87K","-1.35%"
"12/22/2011","19.25","19.12","19.56","19.03","237.80K","1.21%"
"12/21/2011","19.02","18.85","19.15","18.57","175.12K","0.85%"
"12/20/2011","18.86","18.36","18.98","18.02","197.04K","5.01%"
"12/19/2011","17.96","18.72","19.07","17.86","165.65K","-3.39%"
"12/16/2011","18.59","18.48","19.08","18.33","576.34K","1.64%"
"12/15/2011","18.29","18.05","18.34","17.87","164.76K","3.04%"
"12/14/2011","17.75","18.12","18.37","17.70","255.97K","-3.11%"
"12/13/2011","18.32","18.44","18.90","18.14","164.67K","-0.33%"
"12/12/2011","18.38","18.55","18.55","18.09","173.68K","-2.34%"
"12/09/2011","18.82","18.08","18.96","18.03","104.64K","4.91%"
"12/08/2011","17.94","18.61","18.61","17.64","99.18K","-5.08%"
"12/07/2011","18.90","18.70","19.00","18.13","142.09K","0.11%"
"12/06/2011","18.88","19.40","19.40","18.77","235.74K","-2.83%"
"12/05/2011","19.43","19.34","19.76","19.19","255.79K","2.59%"
"12/02/2011","18.94","18.93","19.60","18.90","179.81K","1.61%"
"12/01/2011","18.64","18.54","18.86","18.22","228.58K","-0.21%"
"11/30/2011","18.68","18.45","18.80","18.36","380.29K","5.66%"
"11/29/2011","17.68","17.39","17.69","17.13","206.81K","1.20%"
"11/28/2011","17.47","17.13","17.50","16.84","194.03K","5.94%"
"11/25/2011","16.49","16.56","16.96","16.44","48.37K","-0.84%"
"11/23/2011","16.63","17.17","17.30","16.59","205.15K","-4.32%"
"11/22/2011","17.38","17.42","17.79","17.17","100.67K","-0.52%"
"11/21/2011","17.47","17.90","18.10","17.38","199.58K","-4.33%"
"11/18/2011","18.26","17.97","18.32","17.67","107.65K","1.84%"
"11/17/2011","17.93","18.07","18.42","17.80","127.33K","-0.77%"
"11/16/2011","18.07","18.31","18.78","18.01","137.18K","-2.59%"
"11/15/2011","18.55","17.76","18.66","17.72","135.06K","2.94%"
"11/14/2011","18.02","18.51","18.71","17.73","211.65K","-3.43%"
"11/11/2011","18.66","18.71","18.92","18.43","165.85K","1.30%"
"11/10/2011","18.42","18.37","18.76","18.29","201.90K","2.05%"
"11/09/2011","18.05","18.50","18.87","17.99","257.69K","-5.50%"
"11/08/2011","19.10","18.49","19.18","18.15","235.23K","4.26%"
"11/07/2011","18.32","17.89","18.33","17.58","138.79K","2.00%"
"11/04/2011","17.96","17.98","18.16","17.66","109.84K","-1.54%"
"11/03/2011","18.24","17.58","18.29","16.95","190.04K","4.89%"
"11/02/2011","17.39","17.05","17.49","16.99","218.94K","4.07%"
"11/01/2011","16.71","16.84","17.23","16.21","359.35K","-5.27%"
"10/31/2011","17.64","17.66","18.12","17.47","142.94K","-2.00%"
"10/28/2011","18.00","18.07","18.23","17.83","241.98K","-0.77%"
"10/27/2011","18.14","18.40","18.93","17.75","540.96K","2.89%"
"10/26/2011","17.63","17.80","18.00","17.52","372.77K","0.51%"
"10/25/2011","17.54","18.04","18.28","17.42","524.44K","-3.57%"
"10/24/2011","18.19","17.38","18.23","17.20","287.37K","4.60%"
"10/21/2011","17.39","16.47","17.41","16.17","1.30M","7.68%"
"10/20/2011","16.15","15.59","16.19","15.29","300.45K","3.06%"
"10/19/2011","15.67","15.62","15.86","15.39","275.22K","-0.13%"
"10/18/2011","15.69","14.96","15.78","14.83","289.49K","5.44%"
"10/17/2011","14.88","15.43","15.45","14.80","157.18K","-4.80%"
"10/14/2011","15.63","15.61","15.84","15.16","138.86K","1.23%"
"10/13/2011","15.44","15.83","15.83","15.07","103.13K","-3.32%"
"10/12/2011","15.97","15.47","16.30","15.36","210.23K","3.97%"
"10/11/2011","15.36","14.93","15.48","14.91","181.95K","1.86%"
"10/10/2011","15.08","14.49","15.10","14.38","252.86K","6.27%"
"10/07/2011","14.19","15.09","15.12","14.15","202.97K","-5.78%"
"10/06/2011","15.06","14.57","15.14","14.31","282.48K","3.08%"
"10/05/2011","14.61","13.78","14.66","13.52","636.83K","6.41%"
"10/04/2011","13.73","13.11","13.76","13.00","746.45K","3.78%"
"10/03/2011","13.23","13.77","14.17","13.22","411.70K","-5.09%"
"09/30/2011","13.94","14.50","14.83","13.94","572.11K","-5.62%"
"09/29/2011","14.77","14.78","14.93","14.37","493.43K","2.86%"
"09/28/2011","14.36","15.19","15.46","14.35","341.49K","-5.28%"
"09/27/2011","15.16","15.55","15.62","14.82","403.86K","0.00%"
"09/26/2011","15.16","14.79","15.18","14.55","179.45K","3.48%"
"09/23/2011","14.65","14.23","14.69","13.97","165.85K","2.88%"
"09/22/2011","14.24","14.13","14.70","13.82","635.15K","-2.47%"
"09/21/2011","14.60","15.04","15.28","14.51","425.01K","-2.80%"
"09/20/2011","15.02","15.45","15.68","15.02","256.63K","-2.47%"
"09/19/2011","15.40","15.82","15.82","15.27","116.30K","-4.64%"
"09/16/2011","16.15","16.65","16.72","15.99","234.67K","-2.36%"
"09/15/2011","16.54","16.25","16.56","15.90","156.28K","3.05%"
"09/14/2011","16.05","15.90","16.31","15.55","107.53K","1.84%"
"09/13/2011","15.76","15.67","15.99","15.48","238.67K","1.68%"
"09/12/2011","15.50","15.03","15.74","15.03","310.89K","1.31%"
"09/09/2011","15.30","15.22","15.57","15.05","276.37K","-0.78%"
"09/08/2011","15.42","15.74","15.90","15.27","133.48K","-3.26%"
"09/07/2011","15.94","15.51","16.05","15.23","149.30K","5.21%"
"09/06/2011","15.15","14.34","15.26","14.34","296.78K","1.75%"
"09/02/2011","14.89","14.99","15.29","14.81","336.20K","-3.50%"
"09/01/2011","15.43","16.07","16.15","15.25","455.83K","-3.86%"
"08/31/2011","16.05","15.98","16.22","15.74","428.30K","0.94%"
"08/30/2011","15.90","15.95","16.12","15.49","407.76K","-1.00%"
"08/29/2011","16.06","15.67","16.13","15.67","254.32K","3.88%"
"08/26/2011","15.46","15.29","15.72","14.87","186.22K","0.06%"
"08/25/2011","15.45","16.24","17.03","15.42","156.96K","-3.20%"
"08/24/2011","15.96","15.37","16.06","15.37","160.15K","3.37%"
"08/23/2011","15.44","14.62","15.46","14.43","209.21K","5.97%"
"08/22/2011","14.57","15.05","15.05","14.50","161.60K","-0.34%"
"08/19/2011","14.62","14.60","14.99","14.15","227.03K","-1.62%"
"08/18/2011","14.86","15.72","15.85","14.55","252.49K","-8.72%"
"08/17/2011","16.28","16.30","16.47","16.10","90.10K","1.31%"
"08/16/2011","16.07","16.12","16.34","15.82","98.50K","-1.95%"
"08/15/2011","16.39","16.11","16.47","15.90","127.12K","3.08%"
"08/12/2011","15.90","16.68","17.00","15.66","205.07K","-3.46%"
"08/11/2011","16.47","15.44","16.73","15.42","270.36K","7.65%"
"08/10/2011","15.30","16.61","16.78","15.22","292.99K","-10.47%"
"08/09/2011","17.09","16.73","17.13","15.37","343.80K","5.10%"
"08/08/2011","16.26","17.74","18.24","16.22","259.39K","-10.17%"
"08/05/2011","18.10","18.69","18.71","17.99","271.45K","-2.11%"
"08/04/2011","18.49","19.34","19.39","18.47","257.81K","-5.52%"
"08/03/2011","19.57","19.08","19.68","18.73","259.44K","2.78%"
"08/02/2011","19.04","19.51","19.66","19.01","164.46K","-2.86%"
"08/01/2011","19.60","20.09","20.09","19.39","170.38K","-1.26%"
"07/29/2011","19.85","19.69","20.00","19.51","137.34K","-0.10%"
"07/28/2011","19.87","20.21","20.26","19.83","168.20K","-1.83%"
"07/27/2011","20.24","20.50","20.54","20.21","205.82K","-1.60%"
"07/26/2011","20.57","20.61","20.71","20.25","193.14K","-0.24%"
"07/25/2011","20.62","20.80","20.89","20.57","78.56K","-1.81%"
"07/22/2011","21.00","21.00","21.00","20.57","108.85K","0.05%"
"07/21/2011","20.99","20.84","21.07","20.79","133.72K","1.55%"
"07/20/2011","20.67","20.64","20.86","20.43","143.55K","0.54%"
"07/19/2011","20.56","19.90","20.57","19.78","172.25K","4.10%"
"07/18/2011","19.75","19.43","19.84","19.43","193.32K","1.18%"
"07/15/2011","19.52","19.78","19.80","19.31","124.72K","-0.71%"
"07/14/2011","19.66","20.46","20.50","19.57","166.20K","-3.39%"
"07/13/2011","20.35","20.37","20.58","20.24","117.75K","0.35%"
"07/12/2011","20.28","19.97","20.37","19.85","234.26K","1.30%"
"07/11/2011","20.02","20.58","20.58","19.78","153.92K","-3.89%"
"07/08/2011","20.83","20.94","21.17","20.81","169.62K","-1.42%"
"07/07/2011","21.13","20.94","21.34","20.88","154.29K","1.83%"
"07/06/2011","20.75","20.50","20.96","20.50","150.80K","0.73%"
"07/05/2011","20.60","20.65","20.66","20.33","105.49K","-0.58%"
"07/01/2011","20.72","20.60","20.92","20.41","146.14K","0.73%"
"06/30/2011","20.57","20.09","20.62","20.04","157.16K","2.59%"
"06/29/2011","20.05","20.05","20.13","19.69","118.03K","0.80%"
"06/28/2011","19.89","19.93","19.93","19.47","126.66K","-0.20%"
"06/27/2011","19.93","19.65","20.17","19.65","134.75K","1.01%"
"06/24/2011","19.73","19.75","19.87","19.48","346.94K","-0.05%"
"06/23/2011","19.74","19.79","19.86","19.27","111.88K","-1.60%"
"06/22/2011","20.06","20.28","20.41","20.03","117.47K","-1.81%"
"06/21/2011","20.43","20.35","20.45","20.05","173.69K","0.94%"
"06/20/2011","20.24","20.21","20.54","20.00","146.46K","-0.15%"
"06/17/2011","20.27","19.82","20.39","19.82","399.61K","3.21%"
"06/16/2011","19.64","19.62","19.81","19.42","159.72K","0.20%"
"06/15/2011","19.60","19.74","19.84","19.37","156.19K","-1.80%"
"06/14/2011","19.96","19.95","20.20","19.77","179.04K","0.96%"
"06/13/2011","19.77","19.71","20.00","19.61","152.10K","0.87%"
"06/10/2011","19.60","19.34","19.64","19.00","339.37K","0.67%"
"06/09/2011","19.47","19.40","19.62","19.30","146.83K","0.72%"
"06/08/2011","19.33","19.44","19.63","19.26","191.37K","-0.87%"
"06/07/2011","19.50","19.78","19.82","19.49","144.94K","-0.31%"
"06/06/2011","19.56","19.95","19.95","19.47","295.22K","-1.95%"
"06/03/2011","19.95","20.16","20.33","19.85","3.73M","-2.78%"
"06/02/2011","20.52","20.45","20.59","20.24","219.30K","0.64%"
"06/01/2011","20.39","21.00","21.14","20.33","374.71K","-3.36%"
"05/31/2011","21.10","21.09","21.33","20.85","245.24K","1.30%"
"05/27/2011","20.83","21.02","21.08","20.66","207.82K","-0.33%"
"05/26/2011","20.90","20.72","21.08","20.59","180.67K","0.58%"
"05/25/2011","20.78","20.85","20.94","20.67","54.63K","-0.24%"
"05/24/2011","20.83","20.80","20.99","20.37","242.42K","0.48%"
"05/23/2011","20.73","20.92","21.19","20.68","120.88K","-2.17%"
"05/20/2011","21.19","21.43","21.58","21.17","151.80K","-1.76%"
"05/19/2011","21.57","21.54","21.67","21.38","132.31K","0.65%"
"05/18/2011","21.43","21.39","21.44","21.08","83.64K","0.14%"
"05/17/2011","21.40","20.86","21.46","20.86","107.76K","1.76%"
"05/16/2011","21.03","21.09","21.30","21.01","93.46K","-1.04%"
"05/13/2011","21.25","21.75","21.76","21.12","99.33K","-2.66%"
"05/12/2011","21.83","21.49","21.88","21.20","93.69K","1.11%"
"05/11/2011","21.59","21.82","21.92","21.57","93.99K","-1.33%"
"05/10/2011","21.88","21.59","21.90","21.41","88.82K","2.10%"
"05/09/2011","21.43","21.38","21.58","21.17","156.24K","-0.09%"
"05/06/2011","21.45","22.26","22.27","21.43","212.36K","-2.41%"
"05/05/2011","21.98","22.47","22.59","21.93","182.33K","-2.70%"
"05/04/2011","22.59","22.95","22.95","22.57","157.57K","-1.57%"
"05/03/2011","22.95","22.63","23.05","22.63","219.21K","1.46%"
"05/02/2011","22.62","23.09","23.09","22.54","141.30K","-1.57%"
"04/29/2011","22.98","23.24","23.28","22.86","124.79K","-1.12%"
"04/28/2011","23.24","23.17","23.31","23.07","88.63K","-0.13%"
"04/27/2011","23.27","23.14","23.27","22.62","151.68K","0.47%"
"04/26/2011","23.16","22.90","23.24","22.84","216.65K","1.45%"
"04/25/2011","22.83","22.45","23.04","22.45","189.10K","0.88%"
"04/21/2011","22.63","22.25","22.82","21.95","310.73K","4.19%"
"04/20/2011","21.72","21.46","22.29","21.38","287.84K","3.08%"
"04/19/2011","21.07","21.53","21.57","20.89","147.54K","-1.54%"
"04/18/2011","21.40","21.54","21.91","21.35","165.02K","-2.15%"
"04/15/2011","21.87","21.88","22.05","21.59","123.50K","-0.32%"
"04/14/2011","21.94","21.60","21.98","21.26","113.92K","1.20%"
"04/13/2011","21.68","22.05","22.06","21.58","153.39K","-0.87%"
"04/12/2011","21.87","21.77","22.00","21.72","188.40K","-0.14%"
"04/11/2011","21.90","21.90","22.15","21.80","124.52K","0.00%"
"04/08/2011","21.90","22.50","22.50","21.80","77.63K","-2.06%"
"04/07/2011","22.36","22.49","22.59","22.27","109.03K","-0.67%"
"04/06/2011","22.51","22.10","22.55","22.00","140.47K","2.55%"
"04/05/2011","21.95","22.16","22.51","21.72","344.92K","-2.79%"
"04/04/2011","22.58","22.35","22.62","22.12","200.80K","1.44%"
"04/01/2011","22.26","21.96","22.44","21.96","235.52K","2.34%"
"03/31/2011","21.75","21.30","21.84","21.15","167.56K","1.68%"
"03/30/2011","21.39","21.06","21.53","21.02","106.39K","1.91%"
"03/29/2011","20.99","20.82","21.19","20.82","174.82K","0.91%"
"03/28/2011","20.80","20.62","21.11","20.52","143.14K","1.07%"
"03/25/2011","20.58","20.56","21.08","20.37","194.58K","0.59%"
"03/24/2011","20.46","20.72","20.72","20.05","492.80K","-0.87%"
"03/23/2011","20.64","21.25","21.25","20.16","261.93K","-3.19%"
"03/22/2011","21.32","21.40","21.72","21.16","197.80K","-0.37%"
"03/21/2011","21.40","20.97","21.40","20.83","160.94K","3.33%"
"03/18/2011","20.71","20.51","21.06","20.44","347.16K","2.02%"
"03/17/2011","20.30","20.72","20.77","20.28","222.62K","-0.34%"
"03/16/2011","20.37","20.47","20.62","20.15","194.83K","-0.59%"
"03/15/2011","20.49","20.24","20.62","20.20","150.99K","-1.16%"
"03/14/2011","20.73","20.72","20.96","20.61","113.65K","-0.86%"
"03/11/2011","20.91","20.70","21.05","20.56","175.00K","0.97%"
"03/10/2011","20.71","20.99","21.01","20.61","241.25K","-2.95%"
"03/09/2011","21.34","21.25","21.75","21.10","224.32K","0.47%"
"03/08/2011","21.24","20.26","21.39","20.26","131.97K","5.15%"
"03/07/2011","20.20","20.39","20.43","19.86","665.38K","-0.20%"
"03/04/2011","20.24","20.72","20.72","20.08","143.50K","-2.27%"
"03/03/2011","20.71","20.47","20.81","20.43","129.81K","2.52%"
"03/02/2011","20.20","20.30","20.40","19.89","178.21K","-0.39%"
"03/01/2011","20.28","20.72","20.72","20.23","164.17K","-2.08%"
"02/28/2011","20.71","20.95","21.23","20.66","229.73K","-0.86%"
"02/25/2011","20.89","20.31","20.90","20.25","119.78K","3.31%"
"02/24/2011","20.22","20.77","20.77","19.96","159.36K","-1.56%"
"02/23/2011","20.54","21.00","21.06","20.51","147.86K","-2.19%"
"02/22/2011","21.00","21.48","21.54","20.77","231.23K","-3.49%"
"02/18/2011","21.76","21.47","21.76","21.40","195.56K","1.87%"
"02/17/2011","21.36","21.17","21.37","21.08","108.07K","1.14%"
"02/16/2011","21.12","20.77","21.27","20.75","146.15K","2.03%"
"02/15/2011","20.70","20.84","21.07","20.63","86.58K","-1.33%"
"02/14/2011","20.98","21.22","21.22","20.81","60.02K","-0.94%"
"02/11/2011","21.18","20.42","21.34","20.42","110.59K","3.02%"
"02/10/2011","20.56","20.58","20.88","20.43","131.65K","-0.19%"
"02/09/2011","20.60","20.62","20.91","20.40","101.33K","-1.15%"
"02/08/2011","20.84","20.63","20.86","20.57","79.75K","0.43%"
"02/07/2011","20.75","20.35","21.09","20.33","120.60K","1.92%"
"02/04/2011","20.36","20.28","20.56","20.02","125.36K","0.49%"
"02/03/2011","20.26","19.87","20.44","19.61","162.82K","1.60%"
"02/02/2011","19.94","20.05","20.26","19.84","100.23K","-1.04%"
"02/01/2011","20.15","19.94","20.26","19.84","138.67K","2.13%"
"01/31/2011","19.73","20.08","20.28","19.73","244.90K","-1.50%"
"01/28/2011","20.03","20.56","20.78","19.99","195.49K","-2.96%"
"01/27/2011","20.64","20.30","20.72","20.15","109.72K","1.72%"
"01/26/2011","20.29","20.42","20.63","20.17","155.18K","-0.34%"
"01/25/2011","20.36","20.18","20.39","19.95","219.25K","0.30%"
"01/24/2011","20.30","20.61","20.61","20.11","339.17K","-3.24%"
"01/21/2011","20.98","21.55","21.55","20.92","290.72K","-2.33%"
"01/20/2011","21.48","22.03","22.34","21.24","314.75K","-3.20%"
"01/19/2011","22.19","22.49","22.63","21.97","325.62K","-1.99%"
"01/18/2011","22.64","22.19","22.64","21.70","291.50K","1.21%"
"01/14/2011","22.37","21.07","22.44","21.07","258.40K","5.87%"
"01/13/2011","21.13","21.11","21.27","20.85","232.89K","0.24%"
"01/12/2011","21.08","21.10","21.50","20.94","126.98K","0.48%"
"01/11/2011","20.98","21.12","21.20","20.63","96.78K","-0.43%"
"01/10/2011","21.07","20.50","21.27","20.26","178.23K","2.28%"
"01/07/2011","20.60","21.40","21.66","20.56","232.37K","-3.24%"
"01/06/2011","21.29","21.42","21.63","21.15","120.90K","-0.37%"
"01/05/2011","21.37","21.00","21.42","20.75","202.41K","1.81%"
"01/04/2011","20.99","22.10","22.10","20.46","395.27K","-5.24%"
"01/03/2011","22.15","21.67","22.27","21.51","201.07K","3.60%"
"12/31/2010","21.38","21.82","21.85","21.31","214.57K","-1.97%"
"12/30/2010","21.81","21.87","21.96","21.43","199.80K","-0.18%"
"12/29/2010","21.85","21.71","21.98","21.60","141.78K","1.02%"
"12/28/2010","21.63","21.76","21.76","21.33","164.26K","-0.23%"
"12/27/2010","21.68","21.17","21.76","21.17","121.47K","1.83%"
"12/23/2010","21.29","22.01","22.01","21.25","255.57K","-3.23%"
"12/22/2010","22.00","20.65","22.07","20.65","419.24K","7.00%"
"12/21/2010","20.56","19.96","20.59","19.91","233.78K","3.79%"
"12/20/2010","19.81","19.59","20.00","19.43","136.98K","1.33%"
"12/17/2010","19.55","19.56","19.83","19.31","780.53K","0.26%"
"12/16/2010","19.50","19.27","19.99","19.07","163.30K","1.67%"
"12/15/2010","19.18","19.08","19.73","19.07","145.94K","0.16%"
"12/14/2010","19.15","19.10","19.47","19.03","213.73K","0.79%"
"12/13/2010","19.00","19.56","19.58","18.93","208.33K","-2.56%"
"12/10/2010","19.50","19.88","19.97","19.46","229.64K","-1.56%"
"12/09/2010","19.81","19.50","19.99","19.35","406.74K","2.70%"
"12/08/2010","19.29","18.98","19.31","18.98","226.76K","2.23%"
"12/07/2010","18.87","18.90","19.06","18.76","304.75K","0.91%"
"12/06/2010","18.70","18.15","18.80","17.95","175.55K","3.03%"
"12/03/2010","18.15","17.90","18.20","17.64","92.50K","0.72%"
"12/02/2010","18.02","17.49","18.07","17.44","174.54K","3.21%"
"12/01/2010","17.46","17.36","17.49","17.22","219.13K","2.71%"
"11/30/2010","17.00","17.24","17.32","16.90","349.21K","-2.47%"
"11/29/2010","17.43","17.40","17.49","17.13","139.26K","0.00%"
"11/26/2010","17.43","17.90","17.95","17.41","62.63K","-3.43%"
"11/24/2010","18.05","18.02","18.23","17.79","89.45K","1.46%"
"11/23/2010","17.79","17.96","17.99","17.71","123.95K","-2.25%"
"11/22/2010","18.20","18.31","18.31","17.75","138.34K","-1.19%"
"11/19/2010","18.42","18.50","18.52","18.30","196.91K","-0.38%"
"11/18/2010","18.49","18.55","18.76","18.49","175.64K","0.43%"
"11/17/2010","18.41","18.50","18.53","18.21","181.74K","-0.49%"
"11/16/2010","18.50","18.46","18.58","18.29","398.87K","-0.38%"
"11/15/2010","18.57","18.17","18.73","18.05","236.95K","3.22%"
"11/12/2010","17.99","18.55","18.67","17.98","244.92K","-4.10%"
"11/11/2010","18.76","18.66","18.85","18.39","127.37K","-0.69%"
"11/10/2010","18.89","18.68","18.99","18.52","215.87K","1.07%"
"11/09/2010","18.69","18.64","18.86","18.50","211.66K","0.70%"
"11/08/2010","18.56","18.66","18.69","18.24","146.31K","-1.01%"
"11/05/2010","18.75","18.40","19.11","18.14","221.01K","1.90%"
"11/04/2010","18.40","17.78","18.44","17.78","282.06K","4.55%"
"11/03/2010","17.60","17.05","17.60","17.05","192.15K","3.10%"
"11/02/2010","17.07","16.98","17.40","16.93","149.44K","1.49%"
"11/01/2010","16.82","17.50","17.50","16.56","350.79K","-3.50%"
"10/29/2010","17.43","17.37","17.48","17.25","101.01K","-0.11%"
"10/28/2010","17.45","17.93","18.09","17.23","277.78K","-1.69%"
"10/27/2010","17.75","17.64","17.97","17.55","205.04K","-0.22%"
"10/26/2010","17.79","17.66","17.89","17.50","157.47K","0.00%"
"10/25/2010","17.79","17.88","17.90","17.65","277.29K","0.06%"
"10/22/2010","17.78","17.76","17.87","17.40","276.93K","0.62%"
"10/21/2010","17.67","18.20","18.48","17.60","264.12K","-1.12%"
"10/20/2010","17.87","18.34","18.34","17.58","467.73K","-2.08%"
"10/19/2010","18.25","18.41","18.75","18.04","291.21K","-2.46%"
"10/18/2010","18.71","18.20","18.73","18.05","382.63K","3.14%"
"10/15/2010","18.14","18.66","18.70","18.07","202.91K","-1.73%"
"10/14/2010","18.46","18.48","18.74","18.21","158.83K","-0.54%"
"10/13/2010","18.56","18.17","18.81","17.99","301.15K","2.48%"
"10/12/2010","18.11","18.18","18.29","17.86","130.91K","-0.88%"
"10/11/2010","18.27","18.60","18.60","18.24","41.43K","-1.72%"
"10/08/2010","18.59","18.41","18.76","18.20","113.62K","1.25%"
"10/07/2010","18.36","18.75","18.86","18.32","98.39K","-1.13%"
"10/06/2010","18.57","18.75","18.82","18.44","123.49K","-0.80%"
"10/05/2010","18.72","18.11","18.78","17.87","206.83K","4.82%"
"10/04/2010","17.86","18.32","18.34","17.64","171.41K","-2.88%"
"10/01/2010","18.39","19.27","19.47","18.35","204.12K","-3.52%"
"09/30/2010","19.06","18.91","19.45","18.77","241.93K","1.82%"
"09/29/2010","18.72","18.67","18.81","18.56","218.86K","-0.27%"
"09/28/2010","18.77","18.78","18.92","18.40","153.19K","0.64%"
"09/27/2010","18.65","18.64","18.95","18.37","172.30K","0.59%"
"09/24/2010","18.54","18.17","18.61","17.93","197.38K","3.75%"
"09/23/2010","17.87","17.87","18.48","17.69","238.64K","-0.61%"
"09/22/2010","17.98","18.41","18.47","17.71","162.97K","-2.81%"
"09/21/2010","18.50","18.61","18.96","18.29","164.55K","-0.91%"
"09/20/2010","18.67","17.85","18.72","17.57","187.39K","4.71%"
"09/17/2010","17.83","18.20","18.35","17.60","239.10K","-0.94%"
"09/16/2010","18.00","18.14","18.29","17.69","123.01K","-1.26%"
"09/15/2010","18.23","18.13","18.38","17.87","146.98K","0.39%"
"09/14/2010","18.16","18.95","18.95","18.08","248.60K","-4.27%"
"09/13/2010","18.97","18.66","19.18","18.64","244.41K","3.10%"
"09/10/2010","18.40","18.64","18.77","18.23","71.51K","-0.76%"
"09/09/2010","18.54","18.50","18.68","18.21","115.85K","1.81%"
"09/08/2010","18.21","18.09","18.59","18.09","93.37K","1.11%"
"09/07/2010","18.01","18.66","18.66","17.97","101.09K","-4.05%"
"09/03/2010","18.77","18.41","18.79","18.36","107.70K","3.36%"
"09/02/2010","18.16","17.75","18.22","17.72","187.16K","1.51%"
"09/01/2010","17.89","17.28","17.90","17.26","234.56K","4.87%"
"08/31/2010","17.06","17.01","17.40","16.85","347.81K","0.00%"
"08/30/2010","17.06","17.68","17.76","17.04","206.97K","-4.16%"
"08/27/2010","17.80","17.95","18.00","17.34","572.03K","0.17%"
"08/26/2010","17.77","18.00","18.23","17.74","201.75K","-1.22%"
"08/25/2010","17.99","17.81","18.05","17.47","373.44K","-0.22%"
"08/24/2010","18.03","18.51","18.51","17.81","454.14K","-3.27%"
"08/23/2010","18.64","19.80","20.00","18.61","255.58K","-3.47%"
"08/20/2010","19.31","19.45","19.58","18.79","400.31K","-1.33%"
"08/19/2010","19.57","19.67","19.81","19.37","374.85K","-1.36%"
"08/18/2010","19.84","19.80","19.94","19.59","160.02K","0.10%"
"08/17/2010","19.82","19.97","20.07","19.69","160.80K","0.20%"
"08/16/2010","19.78","19.44","19.83","19.44","218.32K","1.02%"
"08/13/2010","19.58","19.83","19.97","19.50","219.86K","-1.71%"
"08/12/2010","19.92","19.83","20.09","19.68","230.93K","-1.39%"
"08/11/2010","20.20","20.61","20.83","19.94","301.52K","-3.67%"
"08/10/2010","20.97","20.93","21.30","20.88","164.23K","-1.08%"
"08/09/2010","21.20","21.11","21.31","20.88","151.40K","0.95%"
"08/06/2010","21.00","20.84","21.08","20.40","188.29K","-0.43%"
"08/05/2010","21.09","21.29","21.29","20.98","194.31K","-1.49%"
"08/04/2010","21.41","21.23","21.73","21.23","139.12K","1.09%"
"08/03/2010","21.18","21.14","21.81","21.05","154.30K","-0.33%"
"08/02/2010","21.25","21.28","21.52","20.94","176.65K","1.53%"
"07/30/2010","20.93","20.64","21.19","20.64","233.33K","-0.38%"
"07/29/2010","21.01","21.07","21.29","20.82","167.64K","0.05%"
"07/28/2010","21.00","21.16","21.47","20.75","168.07K","-1.13%"
"07/27/2010","21.24","21.13","21.54","21.06","185.70K","1.29%"
"07/26/2010","20.97","20.48","21.05","20.20","228.72K","2.95%"
"07/23/2010","20.37","19.86","20.43","19.61","241.28K","1.85%"
"07/22/2010","20.00","19.70","20.09","19.54","247.71K","3.09%"
"07/21/2010","19.40","20.14","20.17","19.22","290.50K","-2.81%"
"07/20/2010","19.96","19.88","20.05","19.52","245.66K","-0.80%"
"07/19/2010","20.12","20.18","20.31","19.66","241.79K","0.40%"
"07/16/2010","20.04","20.27","20.60","19.86","325.84K","-1.67%"
"07/15/2010","20.38","21.29","21.42","20.12","393.48K","-3.78%"
"07/14/2010","21.18","20.72","21.31","20.31","577.34K","2.22%"
"07/13/2010","20.72","19.98","20.83","19.73","358.45K","5.02%"
"07/12/2010","19.73","19.61","20.00","19.48","122.83K","-0.05%"
"07/09/2010","19.74","19.53","19.88","19.47","135.98K","0.71%"
"07/08/2010","19.60","19.48","19.70","18.97","392.86K","1.71%"
"07/07/2010","19.27","18.20","19.28","18.06","411.97K","6.00%"
"07/06/2010","18.18","18.52","18.69","18.00","222.07K","-0.60%"
"07/02/2010","18.29","18.98","19.08","18.22","148.20K","-2.71%"
"07/01/2010","18.80","18.41","19.62","18.34","331.95K","2.68%"
"06/30/2010","18.31","18.68","18.96","18.25","206.80K","-1.82%"
"06/29/2010","18.65","19.27","19.47","18.43","320.90K","-4.85%"
"06/28/2010","19.60","19.60","19.93","19.39","144.78K","-0.51%"
"06/25/2010","19.70","19.25","19.75","19.06","619.20K","2.23%"
"06/24/2010","19.27","18.84","19.66","18.58","169.33K","1.96%"
"06/23/2010","18.90","19.25","19.48","18.86","198.39K","-1.51%"
"06/22/2010","19.19","19.60","19.89","19.14","169.63K","-1.44%"
"06/21/2010","19.47","19.74","20.15","19.34","183.61K","-0.10%"
"06/18/2010","19.49","19.86","19.87","18.99","465.35K","-1.37%"
"06/17/2010","19.76","19.84","19.97","19.44","134.42K","0.15%"
"06/16/2010","19.73","19.68","20.05","18.78","157.69K","-1.05%"
"06/15/2010","19.94","19.69","20.03","19.51","221.38K","0.96%"
"06/14/2010","19.75","19.77","20.37","19.60","166.57K","0.92%"
"06/11/2010","19.57","19.22","19.60","19.06","133.38K","0.36%"
"06/10/2010","19.50","19.33","19.53","19.01","176.51K","2.58%"
"06/09/2010","19.01","19.15","19.59","18.70","285.67K","0.42%"
"06/08/2010","18.93","19.20","19.26","18.36","235.42K","-1.30%"
"06/07/2010","19.18","19.44","19.68","19.06","193.34K","-1.24%"
"06/04/2010","19.42","20.38","20.38","19.34","295.89K","-6.86%"
"06/03/2010","20.85","20.63","20.93","20.36","182.22K","0.29%"
"06/02/2010","20.79","20.20","20.80","19.98","162.41K","3.48%"
"06/01/2010","20.09","20.66","20.88","20.07","179.02K","-3.60%"
"05/28/2010","20.84","21.13","21.21","20.51","159.60K","-1.70%"
"05/27/2010","21.20","20.72","21.26","20.65","140.14K","2.32%"
"05/26/2010","20.72","20.64","21.55","20.50","339.97K","0.88%"
"05/25/2010","20.54","20.02","20.66","19.51","399.47K","1.28%"
"05/24/2010","20.28","20.89","20.89","20.20","223.48K","-3.29%"
"05/21/2010","20.97","20.42","21.42","20.19","397.51K","1.94%"
"05/20/2010","20.57","21.23","21.63","20.55","397.72K","-5.47%"
"05/19/2010","21.76","21.87","22.33","21.66","386.53K","-0.78%"
"05/18/2010","21.93","23.02","23.11","21.76","478.16K","-3.31%"
"05/17/2010","22.68","22.45","23.27","21.98","439.44K","2.67%"
"05/14/2010","22.09","22.64","22.75","21.77","326.31K","-3.03%"
"05/13/2010","22.78","22.86","23.22","22.74","246.74K","-0.96%"
"05/12/2010","23.00","22.63","23.05","22.63","327.18K","1.72%"
"05/11/2010","22.61","21.83","23.16","21.83","285.14K","1.94%"
"05/10/2010","22.18","22.36","23.00","21.60","458.34K","2.88%"
"05/07/2010","21.56","22.14","22.59","21.36","315.39K","-2.97%"
"05/06/2010","22.22","23.17","23.40","21.02","306.16K","-4.92%"
"05/05/2010","23.37","22.77","23.42","22.60","369.79K","1.17%"
"05/04/2010","23.10","23.75","23.80","22.86","540.74K","-4.11%"
"05/03/2010","24.09","24.11","24.36","23.73","246.58K","0.33%"
"04/30/2010","24.01","24.60","24.94","23.96","260.51K","-2.56%"
"04/29/2010","24.64","24.21","24.83","23.78","228.16K","2.84%"
"04/28/2010","23.96","24.01","24.39","23.75","215.24K","0.67%"
"04/27/2010","23.80","23.91","24.41","23.62","361.07K","-0.92%"
"04/26/2010","24.02","24.64","24.73","24.00","150.38K","-2.48%"
"04/23/2010","24.63","24.68","24.90","24.07","310.32K","0.16%"
"04/22/2010","24.59","23.62","24.98","23.55","393.74K","2.76%"
"04/21/2010","23.93","23.41","23.97","23.38","291.03K","2.31%"
"04/20/2010","23.39","22.77","23.45","22.67","242.59K","3.09%"
"04/19/2010","22.69","22.50","22.91","22.14","143.00K","0.53%"
"04/16/2010","22.57","23.22","23.22","22.28","310.59K","-3.01%"
"04/15/2010","23.27","22.53","23.55","22.53","179.55K","2.56%"
"04/14/2010","22.69","22.03","22.92","21.99","324.15K","1.52%"
"04/13/2010","22.35","23.06","23.29","22.08","233.87K","-3.29%"
"04/12/2010","23.11","22.94","23.64","22.73","263.84K","1.23%"
"04/09/2010","22.83","23.68","23.73","22.78","275.34K","-2.52%"
"04/08/2010","23.42","23.21","23.54","22.86","224.87K","0.73%"
"04/07/2010","23.25","23.21","23.68","23.12","239.59K","-0.43%"
"04/06/2010","23.35","22.49","23.62","22.28","678.30K","3.46%"
"04/05/2010","22.57","22.64","22.75","22.34","154.59K","-0.35%"
"04/01/2010","22.65","22.50","22.91","22.46","265.11K","-0.74%"
"03/31/2010","22.82","22.47","23.13","22.16","352.10K","1.29%"
"03/30/2010","22.53","22.78","23.00","22.41","217.32K","-0.75%"
"03/29/2010","22.70","23.07","23.09","22.41","348.87K","-1.30%"
"03/26/2010","23.00","23.31","23.64","22.83","293.48K","-1.16%"
"03/25/2010","23.27","22.99","23.70","22.67","301.33K","2.15%"
"03/24/2010","22.78","23.24","23.45","22.73","163.66K","-1.98%"
"03/23/2010","23.24","23.33","23.59","22.76","135.85K","-0.81%"
"03/22/2010","23.43","22.73","23.52","22.62","234.93K","2.14%"
"03/19/2010","22.94","22.41","22.94","22.17","559.95K","2.59%"
"03/18/2010","22.36","22.23","22.76","22.20","209.84K","0.77%"
"03/17/2010","22.19","22.28","22.83","22.06","352.23K","-0.58%"
"03/16/2010","22.32","21.87","22.35","21.59","192.41K","1.82%"
"03/15/2010","21.92","21.94","22.00","21.58","242.07K","0.09%"
"03/12/2010","21.90","21.99","22.11","21.75","239.54K","0.09%"
"03/11/2010","21.88","21.19","21.90","21.14","302.34K","2.29%"
"03/10/2010","21.39","21.10","21.54","20.25","335.10K","1.28%"
"03/09/2010","21.12","20.66","21.40","20.46","276.70K","1.78%"
"03/08/2010","20.75","20.57","20.91","20.56","148.81K","-0.14%"
"03/05/2010","20.78","20.22","20.78","19.90","254.13K","1.22%"
"03/04/2010","20.53","20.48","20.70","20.36","138.75K","0.49%"
"03/03/2010","20.43","20.46","20.64","20.38","149.97K","0.34%"
"03/02/2010","20.36","20.30","20.48","20.19","270.36K","0.54%"
"03/01/2010","20.25","20.46","20.70","20.18","236.82K","-0.25%"
"02/26/2010","20.30","20.66","20.76","20.11","313.89K","-1.31%"
"02/25/2010","20.57","21.08","21.15","20.41","448.53K","1.08%"
"02/24/2010","20.35","20.32","20.56","20.20","281.80K","0.89%"
"02/23/2010","20.17","20.28","20.37","19.89","154.50K","-1.08%"
"02/22/2010","20.39","20.21","20.53","19.85","241.68K","1.65%"
"02/19/2010","20.06","20.00","20.30","19.76","161.40K","0.35%"
"02/18/2010","19.99","19.98","20.11","19.82","102.20K","0.25%"
"02/17/2010","19.94","19.95","20.05","19.63","184.63K","0.05%"
"02/16/2010","19.93","19.89","19.95","19.55","101.06K","0.81%"
"02/12/2010","19.77","19.25","19.95","19.25","167.53K","1.07%"
"02/11/2010","19.56","19.68","19.93","19.48","109.79K","-1.11%"
"02/10/2010","19.78","19.54","19.80","19.17","200.09K","0.97%"
"02/09/2010","19.59","19.86","20.03","19.38","152.60K","0.41%"
"02/08/2010","19.51","19.86","19.87","19.30","151.97K","-1.76%"
"02/05/2010","19.86","19.49","20.19","19.03","358.69K","1.85%"
"02/04/2010","19.50","19.25","19.64","19.07","386.60K","0.31%"
"02/03/2010","19.44","19.94","19.94","19.22","356.22K","-2.75%"
"02/02/2010","19.99","20.09","20.27","19.74","173.90K","-0.50%"
"02/01/2010","20.09","20.80","20.80","19.93","336.15K","-3.18%"
"01/29/2010","20.75","21.49","21.96","20.60","668.01K","-2.76%"
"01/28/2010","21.34","21.52","21.70","20.77","196.21K","-0.84%"
"01/27/2010","21.52","20.40","21.57","20.40","304.32K","4.87%"
"01/26/2010","20.52","20.72","21.29","20.25","203.49K","-1.44%"
"01/25/2010","20.82","21.31","21.51","20.40","270.61K","-0.67%"
"01/22/2010","20.96","21.33","21.60","20.84","479.07K","-1.55%"
"01/21/2010","21.29","21.37","22.00","20.53","703.19K","-0.42%"
"01/20/2010","21.38","21.57","21.78","20.32","331.52K","-2.06%"
"01/19/2010","21.83","21.46","22.05","21.31","246.32K","1.25%"
"01/15/2010","21.56","21.84","22.23","21.30","358.52K","-1.24%"
"01/14/2010","21.83","20.89","22.02","20.86","300.98K","4.20%"
"01/13/2010","20.95","20.81","21.07","20.42","189.93K","0.96%"
"01/12/2010","20.75","21.33","21.67","20.58","254.90K","-3.62%"
"01/11/2010","21.53","22.47","22.47","21.44","185.01K","-3.71%"
"01/08/2010","22.36","21.02","22.59","21.00","373.80K","5.37%"
"01/07/2010","21.22","20.16","21.27","19.98","305.08K","4.58%"
"01/06/2010","20.29","20.30","20.71","19.79","227.46K","0.25%"
"01/05/2010","20.24","20.89","21.23","20.09","322.79K","-3.34%"
"01/04/2010","20.94","20.52","21.15","20.25","236.43K","3.92%"
"12/31/2009","20.15","20.69","20.89","20.15","177.93K","-2.33%"
"12/30/2009","20.63","20.80","21.19","20.22","231.73K","-1.29%"
"12/29/2009","20.90","20.49","20.99","20.29","198.25K","2.50%"
"12/28/2009","20.39","20.14","20.45","20.06","132.19K","1.75%"
"12/24/2009","20.04","20.35","20.52","19.95","154.29K","-1.43%"
"12/23/2009","20.33","19.88","20.62","19.60","373.70K","3.04%"
"12/22/2009","19.73","18.92","19.83","18.70","390.42K","4.67%"
"12/21/2009","18.85","18.29","18.94","18.09","222.67K","4.09%"
"12/18/2009","18.11","17.70","18.19","17.57","547.48K","3.37%"
"12/17/2009","17.52","17.71","18.00","17.42","209.79K","-1.41%"
"12/16/2009","17.77","18.32","18.67","17.72","283.54K","-1.99%"
"12/15/2009","18.13","18.22","18.60","18.04","351.14K","-1.73%"
"12/14/2009","18.45","18.49","18.63","18.09","220.72K","0.11%"
"12/11/2009","18.43","18.38","18.51","18.02","113.39K","0.93%"
"12/10/2009","18.26","18.38","18.56","17.97","137.16K","0.38%"
"12/09/2009","18.19","18.39","18.59","18.04","112.22K","-1.03%"
"12/08/2009","18.38","18.23","18.70","18.05","216.95K","-0.65%"
"12/07/2009","18.50","18.36","18.65","18.11","175.82K","0.00%"
"12/04/2009","18.50","18.47","18.89","18.01","146.23K","2.83%"
"12/03/2009","17.99","18.88","19.28","17.94","243.56K","-4.66%"
"12/02/2009","18.87","18.43","19.20","18.43","224.52K","2.50%"
"12/01/2009","18.41","18.55","18.62","17.92","274.90K","0.05%"
"11/30/2009","18.40","17.85","18.47","17.60","272.48K","3.37%"
"11/27/2009","17.80","17.77","18.14","17.50","141.41K","-2.73%"
"11/25/2009","18.30","18.25","18.56","18.22","135.73K","0.72%"
"11/24/2009","18.17","17.94","18.27","17.63","231.16K","1.34%"
"11/23/2009","17.93","17.60","17.98","17.57","253.29K","3.58%"
"11/20/2009","17.31","17.04","17.50","16.81","158.85K","0.99%"
"11/19/2009","17.14","17.07","17.28","16.92","237.96K","-0.75%"
"11/18/2009","17.27","17.16","17.41","16.90","163.10K","0.35%"
"11/17/2009","17.21","16.80","17.68","16.53","232.09K","2.02%"
"11/16/2009","16.87","16.25","17.26","16.07","342.45K","4.91%"
"11/13/2009","16.08","15.95","16.30","15.59","263.29K","1.64%"
"11/12/2009","15.82","16.37","16.68","15.78","219.40K","-4.30%"
"11/11/2009","16.53","16.40","16.85","16.12","195.17K","2.35%"
"11/10/2009","16.15","16.60","16.77","16.03","238.88K","-3.06%"
"11/09/2009","16.66","16.33","16.85","16.23","227.02K","2.84%"
"11/06/2009","16.20","15.85","16.30","15.69","377.80K","1.06%"
"11/05/2009","16.03","16.47","16.50","15.72","392.74K","2.36%"
"11/04/2009","15.66","16.24","16.24","15.43","323.64K","-3.03%"
"11/03/2009","16.15","16.31","16.34","15.77","306.05K","-2.36%"
"11/02/2009","16.54","17.05","17.82","15.98","525.80K","-2.59%"
"10/30/2009","16.98","18.07","18.43","16.69","631.51K","-7.52%"
"10/29/2009","18.36","18.37","18.60","17.73","303.56K","1.16%"
"10/28/2009","18.15","18.33","18.62","17.61","460.64K","-3.30%"
"10/27/2009","18.77","18.36","19.45","18.20","392.83K","2.96%"
"10/26/2009","18.23","18.42","18.47","17.74","360.64K","-1.19%"
"10/23/2009","18.45","19.03","19.40","18.30","311.82K","-2.28%"
"10/22/2009","18.88","18.14","19.29","17.75","295.26K","3.79%"
"10/21/2009","18.19","18.30","18.88","18.12","408.10K","-1.62%"
"10/20/2009","18.49","18.41","18.77","17.88","295.25K","0.33%"
"10/19/2009","18.43","18.34","18.77","17.74","385.49K","0.99%"
"10/16/2009","18.25","18.44","18.44","17.64","512.58K","-2.09%"
"10/15/2009","18.64","19.00","19.16","18.55","180.22K","-2.92%"
"10/14/2009","19.20","19.06","19.24","18.68","353.50K","2.24%"
"10/13/2009","18.78","19.17","19.36","18.52","240.63K","-2.74%"
"10/12/2009","19.31","18.71","19.55","18.71","275.79K","3.43%"
"10/09/2009","18.67","18.95","19.50","18.35","370.93K","-2.05%"
"10/08/2009","19.06","18.83","19.17","18.62","355.07K","1.65%"
"10/07/2009","18.75","18.96","19.10","18.23","395.79K","-0.90%"
"10/06/2009","18.92","18.90","19.73","18.41","231.07K","1.07%"
"10/05/2009","18.72","17.86","18.90","17.81","339.08K","5.41%"
"10/02/2009","17.76","17.77","18.06","17.40","302.23K","-1.00%"
"10/01/2009","17.94","18.99","19.30","17.72","385.20K","-5.83%"
"09/30/2009","19.05","19.95","20.11","19.03","529.39K","-4.08%"
"09/29/2009","19.86","19.92","20.20","19.71","198.35K","0.40%"
"09/28/2009","19.78","19.04","19.89","18.80","179.85K","4.44%"
"09/25/2009","18.94","19.49","19.71","18.20","264.42K","-3.32%"
"09/24/2009","19.59","20.24","20.79","19.07","232.50K","-3.21%"
"09/23/2009","20.24","20.15","20.72","19.90","327.03K","0.50%"
"09/22/2009","20.14","20.28","20.39","19.49","200.56K","0.40%"
"09/21/2009","20.06","20.13","20.58","19.63","211.83K","-1.67%"
"09/18/2009","20.40","20.82","21.42","19.97","879.46K","-1.11%"
"09/17/2009","20.63","20.86","21.35","20.48","466.13K","-0.86%"
"09/16/2009","20.81","19.29","20.86","19.29","495.39K","8.56%"
"09/15/2009","19.17","18.82","19.37","18.44","338.07K","1.86%"
"09/14/2009","18.82","18.90","19.01","18.63","284.68K","-1.62%"
"09/11/2009","19.13","19.25","19.38","18.96","182.79K","-0.62%"
"09/10/2009","19.25","19.47","19.58","19.05","127.56K","-0.82%"
"09/09/2009","19.41","19.19","19.61","18.90","323.76K","1.62%"
"09/08/2009","19.10","19.20","19.20","18.74","151.37K","0.42%"
"09/04/2009","19.02","19.08","19.08","18.55","164.85K","-0.21%"
"09/03/2009","19.06","18.94","19.12","18.70","150.22K","1.33%"
"09/02/2009","18.81","19.11","19.34","18.80","223.50K","-1.98%"
"09/01/2009","19.19","19.61","19.95","18.92","466.78K","-2.64%"
"08/31/2009","19.71","19.15","20.00","18.99","558.91K","1.76%"
"08/28/2009","19.37","18.95","19.50","18.76","418.41K","3.31%"
"08/27/2009","18.75","18.32","18.81","17.85","640.67K","2.35%"
"08/26/2009","18.32","18.00","18.38","17.95","2.26M","-1.66%"
"08/25/2009","18.63","18.37","18.78","18.05","531.34K","1.47%"
"08/24/2009","18.36","18.61","19.00","18.23","759.96K","-0.81%"
"08/21/2009","18.51","17.47","18.57","16.96","358.33K","7.74%"
"08/20/2009","17.18","16.97","17.31","16.73","443.87K","0.64%"
"08/19/2009","17.07","16.67","17.33","16.48","211.77K","1.25%"
"08/18/2009","16.86","16.97","17.12","16.59","230.06K","0.00%"
"08/17/2009","16.86","17.31","17.32","16.48","370.76K","-4.69%"
"08/14/2009","17.69","17.90","17.99","17.31","215.31K","-0.79%"
"08/13/2009","17.83","17.87","18.24","17.41","499.29K","1.02%"
"08/12/2009","17.65","17.44","18.08","17.31","312.31K","1.55%"
"08/11/2009","17.38","18.07","18.15","17.09","338.28K","-4.98%"
"08/10/2009","18.29","18.36","18.76","17.85","303.44K","-1.40%"
"08/07/2009","18.55","17.24","19.23","17.13","507.47K","9.96%"
"08/06/2009","16.87","16.95","17.48","16.07","491.30K","0.36%"
"08/05/2009","16.81","17.22","17.48","16.48","280.46K","-2.61%"
"08/04/2009","17.26","16.86","17.90","16.15","350.94K","0.88%"
"08/03/2009","17.11","16.23","17.19","15.72","307.24K","6.41%"
"07/31/2009","16.08","16.04","16.40","15.70","249.65K","0.19%"
"07/30/2009","16.05","15.81","16.32","15.62","335.53K","3.08%"
"07/29/2009","15.57","15.96","16.43","15.44","436.20K","-2.63%"
"07/28/2009","15.99","15.27","16.01","15.14","265.37K","3.97%"
"07/27/2009","15.38","14.48","15.50","14.15","226.16K","8.92%"
"07/24/2009","14.12","13.83","14.50","13.69","171.97K","-0.21%"
"07/23/2009","14.15","12.71","14.23","12.55","406.35K","11.24%"
"07/22/2009","12.72","12.30","13.33","12.01","227.60K","0.63%"
"07/21/2009","12.64","13.20","13.23","12.09","202.44K","-4.17%"
"07/20/2009","13.19","13.66","13.93","13.06","191.75K","-3.37%"
"07/17/2009","13.65","14.16","14.48","13.10","333.97K","-3.53%"
"07/16/2009","14.15","13.51","14.19","12.73","339.04K","4.12%"
"07/15/2009","13.59","12.87","13.75","12.70","401.23K","8.11%"
"07/14/2009","12.57","12.83","12.97","12.26","233.84K","-2.48%"
"07/13/2009","12.89","12.46","12.94","12.20","295.61K","4.88%"
"07/10/2009","12.29","12.37","12.54","11.85","154.29K","-1.99%"
"07/09/2009","12.54","12.43","12.96","12.43","193.55K","2.28%"
"07/08/2009","12.26","11.99","12.88","11.80","346.37K","2.51%"
"07/07/2009","11.96","12.45","12.56","11.81","309.39K","-5.08%"
"07/06/2009","12.60","12.20","12.66","11.66","542.05K","2.77%"
"07/02/2009","12.26","12.73","13.04","12.05","523.14K","-5.40%"
"07/01/2009","12.96","13.10","13.62","12.94","152.35K","-1.52%"
"06/30/2009","13.16","12.90","13.25","12.41","321.04K","1.23%"
"06/29/2009","13.00","13.07","13.45","12.25","302.57K","0.85%"
"06/26/2009","12.89","13.00","13.66","12.62","469.01K","-1.75%"
"06/25/2009","13.12","12.51","13.18","12.41","227.22K","3.23%"
"06/24/2009","12.71","12.76","13.05","12.46","290.77K","0.08%"
"06/23/2009","12.70","13.09","13.38","12.34","314.84K","-2.83%"
"06/22/2009","13.07","13.94","14.38","12.98","327.50K","-7.96%"
"06/19/2009","14.20","13.92","14.59","13.72","636.19K","3.57%"
"06/18/2009","13.71","13.29","13.85","13.04","186.35K","3.79%"
"06/17/2009","13.21","13.33","13.55","12.46","444.10K","-0.90%"
"06/16/2009","13.33","13.99","14.67","13.30","259.60K","-4.65%"
"06/15/2009","13.98","14.68","14.80","13.53","362.65K","-6.49%"
"06/12/2009","14.95","14.73","15.46","14.51","117.66K","0.00%"
"06/11/2009","14.95","14.61","15.74","14.61","206.85K","1.98%"
"06/10/2009","14.66","15.22","15.45","14.48","225.69K","-3.68%"
"06/09/2009","15.22","14.85","15.48","14.73","164.32K","2.77%"
"06/08/2009","14.81","14.79","15.00","14.59","149.10K","-1.33%"
"06/05/2009","15.01","16.04","16.07","14.80","361.12K","-6.13%"
"06/04/2009","15.99","15.20","16.09","14.98","297.82K","5.82%"
"06/03/2009","15.11","14.74","15.70","14.69","293.57K","1.55%"
"06/02/2009","14.88","14.80","15.38","14.65","375.43K","-0.53%"
"06/01/2009","14.96","14.25","15.08","14.10","318.73K","5.87%"
"05/29/2009","14.13","13.33","14.14","13.26","433.11K","6.00%"
"05/28/2009","13.33","13.63","14.32","12.99","307.24K","-1.48%"
"05/27/2009","13.53","14.73","14.86","13.45","289.48K","-8.52%"
"05/26/2009","14.79","13.76","14.85","13.65","271.84K","6.94%"
"05/22/2009","13.83","14.60","14.75","13.74","189.98K","-4.49%"
"05/21/2009","14.48","15.25","15.25","14.18","362.17K","-4.86%"
"05/20/2009","15.22","16.84","17.32","14.54","445.65K","-7.81%"
"05/19/2009","16.51","17.44","18.04","16.44","334.72K","-6.78%"
"05/18/2009","17.71","17.34","17.81","16.81","266.07K","4.79%"
"05/15/2009","16.90","17.15","17.70","16.72","232.09K","-1.80%"
"05/14/2009","17.21","16.77","17.44","16.42","339.02K","2.81%"
"05/13/2009","16.74","17.93","17.93","16.66","289.22K","-9.71%"
"05/12/2009","18.54","19.34","19.72","17.70","323.39K","-4.33%"
"05/11/2009","19.38","19.12","19.82","18.25","436.14K","-0.15%"
"05/08/2009","19.41","18.63","19.64","18.63","598.00K","6.01%"
"05/07/2009","18.31","17.81","18.75","17.64","531.66K","4.69%"
"05/06/2009","17.49","16.77","17.79","16.32","540.34K","6.00%"
"05/05/2009","16.50","16.70","17.09","16.35","389.29K","-3.28%"
"05/04/2009","17.06","14.81","17.11","14.56","604.63K","16.37%"
"05/01/2009","14.66","14.48","15.29","14.18","350.44K","0.62%"
"04/30/2009","14.57","15.21","15.58","14.45","359.85K","-3.06%"
"04/29/2009","15.03","13.84","15.11","13.52","426.71K","9.31%"
"04/28/2009","13.75","13.00","14.36","12.88","321.64K","2.61%"
"04/27/2009","13.40","13.91","13.91","13.19","311.74K","-6.69%"
"04/24/2009","14.36","13.77","14.94","13.50","427.39K","5.43%"
"04/23/2009","13.62","13.49","13.92","12.65","448.61K","0.89%"
"04/22/2009","13.50","12.59","13.97","12.50","772.19K","4.41%"
"04/21/2009","12.93","11.80","13.00","11.64","1.20M","7.75%"
"04/20/2009","12.00","14.04","14.27","11.83","2.78M","-18.03%"
"04/17/2009","14.64","15.25","15.25","14.07","819.38K","-4.25%"
"04/16/2009","15.29","14.41","15.74","12.34","937.34K","5.09%"
"04/15/2009","14.55","14.33","14.63","13.57","268.95K","0.00%"
"04/14/2009","14.55","16.71","16.71","14.44","249.04K","-14.61%"
"04/13/2009","17.04","15.71","17.15","15.50","246.74K","5.90%"
"04/09/2009","16.09","14.97","16.16","14.92","324.22K","11.74%"
"04/08/2009","14.40","14.84","15.00","14.10","203.16K","-1.17%"
"04/07/2009","14.57","15.60","15.64","14.52","261.83K","-8.54%"
"04/06/2009","15.93","16.35","16.61","15.64","216.43K","-4.95%"
"04/03/2009","16.76","16.71","17.01","16.19","200.09K","1.51%"
"04/02/2009","16.51","16.25","16.99","16.25","327.55K","5.29%"
"04/01/2009","15.68","14.03","15.70","13.80","352.14K","9.42%"
"03/31/2009","14.33","13.87","15.06","13.87","610.27K","3.62%"
"03/30/2009","13.83","14.07","14.20","13.55","308.82K","-4.09%"
"03/27/2009","14.42","14.45","14.94","14.36","307.90K","-2.30%"
"03/26/2009","14.76","14.55","14.80","14.20","301.58K","3.36%"
"03/25/2009","14.28","14.00","14.67","13.37","380.29K","3.10%"
"03/24/2009","13.85","15.04","15.55","13.83","377.42K","-9.54%"
"03/23/2009","15.31","13.65","15.32","13.65","401.48K","12.66%"
"03/20/2009","13.59","13.78","13.79","13.26","674.22K","0.97%"
"03/19/2009","13.46","13.76","14.08","13.21","548.54K","-0.96%"
"03/18/2009","13.59","13.11","13.72","12.84","627.61K","2.10%"
"03/17/2009","13.31","12.48","13.38","12.26","337.34K","6.82%"
"03/16/2009","12.46","12.91","13.73","12.45","323.58K","-4.15%"
"03/13/2009","13.00","12.73","13.23","12.63","476.87K","2.93%"
"03/12/2009","12.63","10.78","12.66","10.62","401.18K","16.94%"
"03/11/2009","10.80","11.10","11.62","10.67","292.02K","-2.96%"
"03/10/2009","11.13","10.07","11.22","10.00","351.51K","14.15%"
"03/09/2009","9.75","9.60","10.19","9.37","320.24K","-0.31%"
"03/06/2009","9.78","10.10","10.64","9.36","438.18K","0.31%"
"03/05/2009","9.75","11.88","12.00","9.63","576.03K","-20.41%"
"03/04/2009","12.25","12.38","12.62","11.72","242.75K","0.91%"
"03/03/2009","12.14","12.96","13.39","11.81","319.40K","-3.27%"
"03/02/2009","12.55","13.54","13.57","12.49","369.24K","-8.26%"
"02/27/2009","13.68","14.02","14.74","13.57","392.55K","-5.33%"
"02/26/2009","14.45","14.27","15.05","13.96","493.26K","3.21%"
"02/25/2009","14.00","14.63","14.63","13.19","314.30K","-3.98%"
"02/24/2009","14.58","13.80","14.60","13.27","352.04K","10.45%"
"02/23/2009","13.20","14.03","14.45","13.14","258.30K","-4.42%"
"02/20/2009","13.81","14.00","14.58","13.30","395.52K","-2.06%"
"02/19/2009","14.10","15.00","15.13","14.02","234.67K","-5.62%"
"02/18/2009","14.94","15.25","15.53","14.80","225.15K","-1.58%"
"02/17/2009","15.18","15.25","15.66","15.05","270.38K","-5.01%"
"02/13/2009","15.98","16.05","17.02","15.85","169.54K","-5.16%"
"02/12/2009","16.85","16.03","16.94","15.76","271.99K","2.49%"
"02/11/2009","16.44","15.97","17.20","15.97","179.57K","2.56%"
"02/10/2009","16.03","18.13","18.54","16.00","285.76K","-12.21%"
"02/09/2009","18.26","18.57","18.74","17.94","284.18K","-1.46%"
"02/06/2009","18.53","16.95","18.62","16.93","426.47K","10.17%"
"02/05/2009","16.82","16.60","17.31","16.00","221.97K","0.54%"
"02/04/2009","16.73","16.33","17.39","16.33","260.35K","2.26%"
"02/03/2009","16.36","16.66","17.09","15.74","319.12K","-2.68%"
"02/02/2009","16.81","16.50","16.86","16.07","222.03K","-0.59%"
"01/30/2009","16.91","18.65","19.34","16.82","246.69K","-8.94%"
"01/29/2009","18.57","20.27","20.33","18.49","188.43K","-9.15%"
"01/28/2009","20.44","18.51","20.49","18.51","441.21K","11.69%"
"01/27/2009","18.30","18.25","18.85","17.73","243.77K","1.67%"
"01/26/2009","18.00","18.34","19.73","18.00","283.84K","-1.59%"
"01/23/2009","18.29","16.50","18.77","16.36","318.35K","7.91%"
"01/22/2009","16.95","18.00","18.36","16.86","275.52K","-7.48%"
"01/21/2009","18.32","17.21","18.52","16.94","477.65K","4.87%"
"01/20/2009","17.47","20.86","20.86","17.47","475.63K","-16.25%"
"01/16/2009","20.86","21.78","22.07","20.25","282.33K","-1.60%"
"01/15/2009","21.20","22.01","22.46","20.13","270.93K","-3.85%"
"01/14/2009","22.05","22.07","23.00","21.86","474.69K","-1.83%"
"01/13/2009","22.46","20.96","22.51","20.96","149.95K","5.74%"
"01/12/2009","21.24","21.36","21.78","20.73","220.86K","-1.44%"
"01/09/2009","21.55","23.19","23.60","21.43","179.30K","-6.91%"
"01/08/2009","23.15","22.75","23.60","22.50","149.64K","0.78%"
"01/07/2009","22.97","23.59","24.25","22.77","138.78K","-5.08%"
"01/06/2009","24.20","23.93","24.40","23.47","173.04K","2.76%"
"01/05/2009","23.55","26.57","26.57","23.28","331.91K","-11.63%"
"01/02/2009","26.65","27.03","27.09","26.18","77.21K","-0.93%"
"12/31/2008","26.90","26.11","27.04","26.08","233.40K","3.30%"
"12/30/2008","26.04","24.53","26.15","24.53","116.09K","3.91%"
"12/29/2008","25.06","24.90","25.38","24.62","106.12K","0.52%"
"12/26/2008","24.93","24.26","24.97","24.24","50.96K","3.36%"
"12/24/2008","24.12","23.96","24.70","23.64","46.14K","0.33%"
"12/23/2008","24.04","23.47","24.89","23.13","144.46K","-0.58%"
"12/22/2008","24.18","26.05","26.05","23.43","246.78K","-4.39%"
"12/19/2008","25.29","26.50","27.66","24.46","696.00K","-1.44%"
"12/18/2008","25.66","26.12","27.59","25.15","272.59K","-3.46%"
"12/17/2008","26.58","25.92","27.55","25.92","406.53K","-0.26%"
"12/16/2008","26.65","24.84","26.65","24.42","372.94K","11.18%"
"12/15/2008","23.97","24.57","25.21","23.03","283.06K","-2.12%"
"12/12/2008","24.49","23.06","24.50","23.02","269.34K","3.55%"
"12/11/2008","23.65","24.82","25.46","23.47","441.35K","-6.82%"
"12/10/2008","25.38","24.02","25.80","24.02","287.80K","4.62%"
"12/09/2008","24.26","25.58","26.89","24.14","519.62K","-7.09%"
"12/08/2008","26.11","25.97","27.32","25.02","460.80K","4.19%"
"12/05/2008","25.06","23.12","25.13","22.02","381.20K","6.01%"
"12/04/2008","23.64","23.58","25.49","23.00","350.40K","-2.80%"
"12/03/2008","24.32","21.86","24.48","21.86","435.02K","7.00%"
"12/02/2008","22.73","22.25","22.98","21.11","573.90K","8.60%"
"12/01/2008","20.93","25.55","26.90","20.74","410.05K","-21.32%"
"11/28/2008","26.60","26.19","26.86","25.99","154.84K","0.76%"
"11/26/2008","26.40","24.55","26.50","24.35","311.94K","4.39%"
"11/25/2008","25.29","24.78","25.32","23.38","336.29K","4.42%"
"11/24/2008","24.22","19.72","24.88","19.67","459.52K","18.61%"
"11/21/2008","20.42","21.11","21.79","18.10","773.51K","-0.63%"
"11/20/2008","20.55","19.29","21.50","19.25","611.01K","6.42%"
"11/19/2008","19.31","22.45","22.94","19.25","458.09K","-13.91%"
"11/18/2008","22.43","23.55","23.91","20.91","421.15K","-3.32%"
"11/17/2008","23.20","25.24","25.60","23.11","375.20K","-9.09%"
"11/14/2008","25.52","26.34","27.69","25.37","311.37K","-5.97%"
"11/13/2008","27.14","24.02","27.38","23.32","326.31K","14.18%"
"11/12/2008","23.77","26.08","27.18","23.69","271.73K","-14.31%"
"11/11/2008","27.74","27.01","28.78","26.00","217.20K","0.84%"
"11/10/2008","27.51","27.51","28.86","27.21","251.65K","1.44%"
"11/07/2008","27.12","26.73","27.17","26.18","140.43K","2.42%"
"11/06/2008","26.48","27.32","28.56","26.48","221.84K","-4.30%"
"11/05/2008","27.67","28.00","29.45","27.58","323.92K","-4.22%"
"11/04/2008","28.89","27.60","29.08","26.19","312.40K","10.60%"
"11/03/2008","26.12","24.82","26.55","24.41","165.84K","4.52%"
"10/31/2008","24.99","24.94","25.72","24.35","270.34K","-0.64%"
"10/30/2008","25.15","26.32","26.32","24.33","275.95K","0.48%"
"10/29/2008","25.03","24.62","26.65","23.36","350.14K","-1.46%"
"10/28/2008","25.40","22.99","25.44","21.81","277.93K","14.36%"
"10/27/2008","22.21","22.73","23.53","21.22","401.21K","-4.06%"
"10/24/2008","23.15","22.19","24.56","22.03","383.80K","-3.02%"
"10/23/2008","23.87","25.62","26.30","22.25","418.03K","-6.43%"
"10/22/2008","25.51","26.88","27.90","24.51","444.65K","-8.14%"
"10/21/2008","27.77","29.79","30.46","27.59","323.46K","-9.04%"
"10/20/2008","30.53","29.65","31.00","28.00","218.15K","4.48%"
"10/17/2008","29.22","27.16","30.30","27.03","484.92K","1.63%"
"10/16/2008","28.75","25.26","28.99","25.26","571.03K","9.65%"
"10/15/2008","26.22","25.82","30.00","24.78","583.92K","-2.05%"
"10/14/2008","26.77","29.99","30.68","25.18","585.91K","-9.04%"
"10/13/2008","29.43","29.28","30.99","27.42","552.41K","3.70%"
"10/10/2008","28.38","21.90","29.07","21.90","747.01K","31.57%"
"10/09/2008","21.57","27.38","28.64","20.52","497.44K","-23.92%"
"10/08/2008","28.35","24.91","28.80","24.07","364.34K","11.83%"
"10/07/2008","25.35","28.93","29.68","25.22","244.06K","-13.54%"
"10/06/2008","29.32","29.12","30.66","27.49","422.54K","-2.27%"
"10/03/2008","30.00","30.11","31.15","29.63","699.05K","1.32%"
"10/02/2008","29.61","31.30","32.54","29.54","234.90K","-7.76%"
"10/01/2008","32.10","28.35","32.11","27.68","168.77K","12.28%"
"09/30/2008","28.59","27.78","29.91","26.77","253.00K","6.12%"
"09/29/2008","26.94","28.92","30.94","15.98","347.87K","-9.57%"
"09/26/2008","29.79","29.38","30.46","28.11","325.59K","0.68%"
"09/25/2008","29.59","32.00","32.00","29.59","236.27K","-4.95%"
"09/24/2008","31.13","31.77","31.99","30.77","306.45K","-2.17%"
"09/23/2008","31.82","34.00","34.56","31.82","234.00K","-1.73%"
"09/22/2008","32.38","40.00","40.00","32.38","322.90K","-8.14%"
"09/19/2008","35.25","38.03","40.00","33.00","1.49M","9.37%"
"09/18/2008","32.23","29.77","32.42","29.02","1.12M","14.33%"
"09/17/2008","28.19","29.82","30.00","27.84","531.62K","-6.03%"
"09/16/2008","30.00","28.67","30.49","28.22","1.24M","4.35%"
"09/15/2008","28.75","28.15","30.49","28.13","605.65K","-4.17%"
"09/12/2008","30.00","30.03","31.06","29.53","720.53K","-2.28%"
"09/11/2008","30.70","28.81","30.76","28.67","868.54K","1.49%"
"09/10/2008","30.25","30.60","30.95","28.58","629.76K","-1.11%"
"09/09/2008","30.59","30.01","31.46","30.01","889.21K","1.32%"
"09/08/2008","30.19","27.27","30.66","27.27","1.13M","12.69%"
"09/05/2008","26.79","25.71","27.15","24.56","494.55K","4.69%"
"09/04/2008","25.59","26.86","27.33","25.19","585.96K","-4.66%"
"09/03/2008","26.84","26.13","27.05","25.65","572.47K","1.44%"
"09/02/2008","26.46","24.50","26.54","22.96","854.95K","16.67%"
"08/29/2008","22.68","22.43","23.18","21.95","269.48K","1.20%"
"08/28/2008","22.41","20.96","22.43","20.51","266.71K","7.48%"
"08/27/2008","20.85","20.61","21.56","20.15","268.74K","0.72%"
"08/26/2008","20.70","20.50","22.18","20.07","289.82K","1.67%"
"08/25/2008","20.36","21.79","22.17","20.04","376.50K","-7.03%"
"08/22/2008","21.90","20.82","22.23","20.74","713.75K","7.67%"
"08/21/2008","20.34","19.70","20.84","19.51","355.85K","0.79%"
"08/20/2008","20.18","20.51","21.55","19.58","342.51K","-1.13%"
"08/19/2008","20.41","20.67","20.93","19.67","531.95K","-2.72%"
"08/18/2008","20.98","21.70","22.21","20.78","262.98K","-3.27%"
"08/15/2008","21.69","21.48","23.45","20.94","409.45K","2.80%"
"08/14/2008","21.10","20.02","21.44","20.00","327.99K","3.53%"
"08/13/2008","20.38","22.42","22.42","19.83","672.16K","-10.22%"
"08/12/2008","22.70","23.55","23.90","22.22","410.42K","-5.53%"
"08/11/2008","24.03","22.75","24.34","22.12","479.49K","6.61%"
"08/08/2008","22.54","20.97","22.73","20.97","469.95K","8.68%"
"08/07/2008","20.74","21.33","21.96","20.47","683.05K","-2.77%"
"08/06/2008","21.33","20.81","21.38","20.26","447.03K","0.66%"
"08/05/2008","21.19","20.00","21.29","19.78","709.66K","8.39%"
"08/04/2008","19.55","19.71","19.94","19.00","748.33K","-1.06%"
"08/01/2008","19.76","18.87","20.10","18.55","409.38K","6.12%"
"07/31/2008","18.62","18.10","19.77","18.10","409.60K","-0.11%"
"07/30/2008","18.64","19.31","20.00","18.04","459.65K","-4.75%"
"07/29/2008","19.57","17.64","19.59","17.63","491.75K","13.12%"
"07/28/2008","17.30","18.43","18.99","17.20","361.69K","-3.67%"
"07/25/2008","17.96","18.18","18.25","17.30","704.29K","1.64%"
"07/24/2008","17.67","19.50","19.50","17.48","665.63K","-7.00%"
"07/23/2008","19.00","19.50","20.54","18.21","735.33K","-1.55%"
"07/22/2008","19.30","17.84","19.41","17.12","652.84K","6.57%"
"07/21/2008","18.11","17.18","18.80","17.05","768.23K","5.54%"
"07/18/2008","17.16","17.29","17.75","16.31","517.44K","0.23%"
"07/17/2008","17.12","14.94","17.40","14.76","937.91K","17.58%"
"07/16/2008","14.56","12.75","14.61","12.75","595.42K","14.20%"
"07/15/2008","12.75","13.00","13.46","11.30","822.04K","-2.75%"
"07/14/2008","13.11","14.62","15.14","12.95","584.64K","-9.46%"
"07/11/2008","14.48","14.33","14.97","14.00","529.09K","-0.41%"
"07/10/2008","14.54","14.38","15.24","13.80","477.44K","0.97%"
"07/09/2008","14.40","14.42","15.40","13.71","595.05K","-0.55%"
"07/08/2008","14.48","13.26","14.48","13.26","970.21K","10.45%"
"07/07/2008","13.11","14.16","14.47","12.87","620.92K","-5.89%"
"07/03/2008","13.93","14.66","15.14","13.86","217.67K","-4.39%"
"07/02/2008","14.57","14.96","15.47","14.51","427.43K","-3.64%"
"07/01/2008","15.12","14.73","15.57","14.38","415.01K","1.61%"
"06/30/2008","14.88","15.40","16.00","14.85","338.70K","-2.75%"
"06/27/2008","15.30","15.61","15.94","15.02","530.98K","-2.80%"
"06/26/2008","15.74","15.89","15.96","15.41","390.47K","-1.93%"
"06/25/2008","16.05","15.52","17.15","15.52","402.87K","2.23%"
"06/24/2008","15.70","15.07","16.06","15.01","291.31K","1.88%"
"06/23/2008","15.41","16.51","16.51","15.28","346.40K","-5.52%"
"06/20/2008","16.31","16.79","16.98","15.95","761.81K","-3.26%"
"06/19/2008","16.86","16.34","16.90","15.93","298.59K","2.18%"
"06/18/2008","16.50","16.70","16.76","16.04","314.43K","-2.31%"
"06/17/2008","16.89","18.16","18.75","16.72","300.95K","-6.69%"
"06/16/2008","18.10","17.62","18.24","17.43","248.41K","1.74%"
"06/13/2008","17.79","18.43","18.99","17.18","409.29K","-3.58%"
"06/12/2008","18.45","18.61","19.61","18.26","321.32K","-2.02%"
"06/11/2008","18.83","20.05","20.05","18.62","332.09K","-6.74%"
"06/10/2008","20.19","19.64","20.52","19.55","191.73K","1.20%"
"06/09/2008","19.95","19.93","20.69","19.39","383.57K","0.25%"
"06/06/2008","19.90","20.61","20.62","19.65","250.21K","-5.33%"
"06/05/2008","21.02","20.51","21.15","20.49","237.49K","2.14%"
"06/04/2008","20.58","20.31","20.91","20.31","257.57K","0.78%"
"06/03/2008","20.42","20.57","20.57","20.10","151.88K","-0.05%"
"06/02/2008","20.43","21.13","21.43","20.02","201.16K","-3.08%"
"05/30/2008","21.08","21.97","21.97","20.99","203.05K","-3.96%"
"05/29/2008","21.95","21.36","22.45","21.32","214.09K","2.67%"
"05/28/2008","21.38","21.56","21.77","21.05","224.73K","-0.09%"
"05/27/2008","21.40","21.27","21.48","20.89","122.29K","2.59%"
"05/23/2008","20.86","21.43","21.47","20.82","157.20K","-2.07%"
"05/22/2008","21.30","21.20","21.84","21.14","167.58K","0.24%"
"05/21/2008","21.25","21.42","21.92","21.14","239.86K","-1.02%"
"05/20/2008","21.47","21.77","22.07","21.32","225.38K","-1.38%"
"05/19/2008","21.77","22.30","22.63","21.71","212.93K","-2.42%"
"05/16/2008","22.31","23.08","23.08","22.16","204.02K","-1.93%"
"05/15/2008","22.75","22.81","23.15","22.41","239.58K","0.40%"
"05/14/2008","22.66","21.75","23.49","21.70","202.62K","3.94%"
"05/13/2008","21.80","22.41","22.41","21.74","258.78K","-2.15%"
"05/12/2008","22.28","22.00","22.53","21.78","288.63K","2.48%"
"05/09/2008","21.74","22.28","22.84","21.59","338.19K","-3.42%"
"05/08/2008","22.51","22.92","23.07","22.21","708.46K","-1.14%"
"05/07/2008","22.77","22.93","23.30","22.14","735.15K","-0.48%"
"05/06/2008","22.88","21.59","22.98","21.21","461.12K","5.15%"
"05/05/2008","21.76","21.93","21.98","21.21","674.40K","-0.46%"
"05/02/2008","21.86","22.96","23.02","21.82","300.95K","-3.27%"
"05/01/2008","22.60","21.45","22.64","21.44","563.28K","5.17%"
"04/30/2008","21.49","22.67","22.67","21.48","311.77K","-4.74%"
"04/29/2008","22.56","22.79","22.93","22.43","178.41K","-1.27%"
"04/28/2008","22.85","22.64","23.15","22.17","292.24K","0.57%"
"04/25/2008","22.72","22.03","22.83","21.80","638.48K","3.56%"
"04/24/2008","21.94","21.58","22.22","21.26","374.00K","2.19%"
"04/23/2008","21.47","21.40","21.62","20.67","1.23M","-0.79%"
"04/22/2008","21.64","23.07","23.24","21.35","926.51K","-6.92%"
"04/21/2008","23.25","24.03","24.22","23.14","480.21K","-3.97%"
"04/18/2008","24.21","24.93","24.98","23.90","424.19K","-0.86%"
"04/17/2008","24.42","25.81","25.81","23.25","730.44K","-6.08%"
"04/16/2008","26.00","25.06","26.06","24.73","289.00K","5.95%"
"04/15/2008","24.54","24.72","25.16","24.27","228.38K","0.08%"
"04/14/2008","24.52","25.10","25.15","23.90","351.26K","-2.93%"
"04/11/2008","25.26","26.20","26.20","25.12","288.26K","-4.35%"
"04/10/2008","26.41","26.05","26.62","25.40","740.25K","1.38%"
"04/09/2008","26.05","27.01","27.28","26.01","441.94K","-2.58%"
"04/08/2008","26.74","26.57","27.11","26.35","216.15K","0.19%"
"04/07/2008","26.69","26.65","27.11","26.37","186.18K","0.53%"
"04/04/2008","26.55","27.68","27.68","26.43","235.44K","-3.87%"
"04/03/2008","27.62","27.78","27.78","27.23","191.89K","-1.15%"
"04/02/2008","27.94","28.18","28.88","27.78","241.01K","-1.69%"
"04/01/2008","28.42","27.07","28.48","27.06","389.93K","5.85%"
"03/31/2008","26.85","26.52","27.26","26.18","478.69K","1.90%"
"03/28/2008","26.35","27.24","27.78","26.25","326.16K","-3.52%"
"03/27/2008","27.31","27.56","28.14","26.95","253.59K","-0.51%"
"03/26/2008","27.45","28.49","28.61","27.21","315.09K","-4.12%"
"03/25/2008","28.63","28.64","29.04","28.10","308.05K","-0.45%"
"03/24/2008","28.76","27.81","30.03","27.80","1.12M","2.93%"
"03/20/2008","27.94","26.11","27.94","25.61","792.33K","8.13%"
"03/19/2008","25.84","26.74","27.45","25.82","487.31K","-1.90%"
"03/18/2008","26.34","25.55","26.36","24.86","426.07K","4.61%"
"03/17/2008","25.18","24.72","25.68","24.16","433.51K","-0.12%"
"03/14/2008","25.21","26.05","26.25","24.91","452.91K","-2.32%"
"03/13/2008","25.81","24.86","26.07","24.23","624.42K","2.75%"
"03/12/2008","25.12","25.54","26.43","24.86","552.33K","-1.64%"
"03/11/2008","25.54","25.05","25.76","24.40","680.98K","3.07%"
"03/10/2008","24.78","25.25","25.59","24.77","351.69K","-0.80%"
"03/07/2008","24.98","24.55","25.46","24.50","441.15K","0.52%"
"03/06/2008","24.85","25.50","25.95","24.85","453.07K","-2.89%"
"03/05/2008","25.59","26.49","26.50","25.53","487.55K","-2.48%"
"03/04/2008","26.24","26.85","27.03","25.50","553.68K","-3.60%"
"03/03/2008","27.22","28.39","28.67","26.72","604.99K","-4.49%"
"02/29/2008","28.50","29.97","30.07","28.16","501.05K","-5.22%"
"02/28/2008","30.07","31.50","31.71","30.03","342.94K","-4.51%"
"02/27/2008","31.49","32.08","32.85","31.44","294.78K","-3.05%"
"02/26/2008","32.48","31.26","32.95","31.26","490.97K","2.78%"
"02/25/2008","31.60","31.50","31.75","30.63","479.11K","0.16%"
"02/22/2008","31.55","31.64","31.65","30.44","376.96K","0.19%"
"02/21/2008","31.49","33.37","33.74","31.49","563.16K","-4.89%"
"02/20/2008","33.11","31.76","33.29","31.61","369.01K","3.70%"
"02/19/2008","31.93","32.87","33.24","31.86","435.01K","-2.62%"
"02/15/2008","32.79","33.35","33.35","32.04","356.06K","-1.32%"
"02/14/2008","33.23","34.49","34.70","33.17","361.35K","-2.61%"
"02/13/2008","34.12","34.54","34.66","33.22","287.28K","-0.52%"
"02/12/2008","34.30","34.01","35.05","33.85","222.14K","1.81%"
"02/11/2008","33.69","35.61","35.81","33.53","365.28K","-5.52%"
"02/08/2008","35.66","35.06","36.20","34.80","506.20K","0.88%"
"02/07/2008","35.35","34.44","35.81","34.15","290.70K","2.26%"
"02/06/2008","34.57","35.23","35.78","34.49","247.79K","-1.14%"
"02/05/2008","34.97","34.47","35.80","34.47","472.34K","-0.88%"
"02/04/2008","35.28","36.00","36.00","35.01","503.00K","-2.00%"
"02/01/2008","36.00","35.52","36.18","35.32","584.10K","1.32%"
"01/31/2008","35.53","34.21","36.20","33.66","726.16K","2.36%"
"01/30/2008","34.71","34.96","36.10","34.50","555.78K","-1.25%"
"01/29/2008","35.15","35.33","35.99","34.01","469.14K","-0.23%"
"01/28/2008","35.23","33.82","35.24","33.13","490.09K","3.95%"
"01/25/2008","33.89","35.03","35.14","33.28","375.79K","-1.45%"
"01/24/2008","34.39","34.75","35.70","33.71","1.14M","-2.22%"
"01/23/2008","35.17","30.75","35.38","30.75","1.04M","8.32%"
"01/22/2008","32.47","31.97","33.77","31.00","493.65K","-1.93%"
"01/18/2008","33.11","33.38","34.14","32.31","363.01K","-0.93%"
"01/17/2008","33.42","34.88","35.09","33.24","402.98K","-3.69%"
"01/16/2008","34.70","34.45","35.11","34.15","455.89K","0.52%"
"01/15/2008","34.52","35.29","35.29","34.05","356.71K","-3.44%"
"01/14/2008","35.75","36.35","36.90","35.17","224.61K","-1.16%"
"01/11/2008","36.17","36.45","37.21","35.67","264.13K","-1.39%"
"01/10/2008","36.68","35.87","37.43","35.28","432.75K","1.33%"
"01/09/2008","36.20","35.73","36.46","34.84","527.99K","1.34%"
"01/08/2008","35.72","38.18","38.62","35.70","307.01K","-5.98%"
"01/07/2008","37.99","37.74","38.78","37.35","380.30K","1.31%"
"01/04/2008","37.50","38.80","38.96","37.15","304.18K","-4.34%"
"01/03/2008","39.20","40.21","40.89","39.18","212.03K","-2.73%"
"01/02/2008","40.30","41.65","41.65","40.10","311.39K","-2.28%"