Date,Close,High,Low,Open,Volume
2008-01-02,13.344573974609375,13.654112483987092,13.258590022747052,13.62545189558723,5969700
2008-01-03,13.344573974609375,13.52800436436378,13.258590022747052,13.442021505832823,3954300
2008-01-04,11.922993659973145,12.805754324669218,11.87140369420093,12.63951974755163,10403700
2008-01-07,11.95164966583252,12.238259964325714,11.676504041678617,12.020435525205233,9490200
2008-01-08,11.177801132202148,12.077757253554108,11.154871784567757,12.03763198852539,11255300
2008-01-09,11.223657608032227,11.26378286903504,10.667634103663564,11.223657608032227,10257700
2008-01-10,11.498798370361328,11.733818594827186,10.851059942930505,11.114740743714284,10915000
2008-01-11,11.733826637268066,11.980311698535914,11.13194537541114,11.418555708358562,7530200
2008-01-14,11.699432373046875,11.854202197638438,11.384161479988386,11.854202197638438,6360800
2008-01-15,11.659308433532715,11.84273887171377,11.321108153137025,11.550396200863345,9606900
2008-01-16,12.129349708557129,12.381567118199003,11.619183644507343,11.62491598260508,9617300
2008-01-17,11.217926025390625,12.203866074359162,11.18926543512912,12.186669064203397,9467400
2008-01-18,11.000100135803223,11.441479027062577,10.902652620936887,11.298173922455094,8426300
2008-01-22,11.538930892944336,11.716630076861572,10.260649140239952,10.289310827967697,11302800
2008-01-23,12.519134521484375,12.954782187933827,10.60457816068364,10.60457816068364,11130700
2008-01-24,12.880268096923828,13.069430874813733,12.427424334903852,12.62231945070941,9926600
2008-01-25,13.063698768615723,13.61399005224411,12.731229751425749,13.029304743390254,10424700
2008-01-28,13.636920928955078,13.636920928955078,12.88026868926658,13.006377942547187,7168400
2008-01-29,14.290390014648438,14.3591758757388,13.487881377494388,13.75156233389336,7482800
2008-01-30,13.952191352844238,14.479554418933606,13.860476132074929,14.198676418661137,8153800
2008-01-31,14.427958488464355,14.668711116495858,13.20126709928686,13.728629946721046,10774600
2008-02-01,14.74896240234375,14.812017003788528,14.376369316226363,14.622854292785469,5922900
2008-02-04,14.387835502624512,14.74896395498076,14.296120305412407,14.74896395498076,6979300
2008-02-05,13.894867897033691,14.25026516760061,13.843277953026695,13.929260828594497,5551500
2008-02-06,13.579591751098633,13.923524214044289,13.229926952881915,13.699967511797475,8174200
2008-02-07,13.87193775177002,13.99231354250944,13.235662591200427,13.235662591200427,6105300
2008-02-08,13.304447174072266,13.883400005653758,13.080891530721582,13.82034649462204,8180800
2008-02-11,13.18980884552002,13.367506961874712,12.920395501799568,13.32738168656866,4879200
2008-02-12,13.591056823730469,13.83180946494927,13.25285775217507,13.25285775217507,5168900
2008-02-13,13.522269248962402,13.843272365061038,13.224194380205239,13.722896606523227,5097800
2008-02-14,13.080890655517578,13.505073662553297,13.040765398455331,13.505073662553297,5208400
2008-02-15,13.143943786621094,13.224194291776342,12.794278997019862,13.063693281465847,5488000
2008-02-19,12.903193473815918,13.396163449388292,12.800013609781578,13.275786576904451,4595600
2008-02-20,13.31591510772705,13.413362659549918,12.662443932756984,12.765623822137858,5551000
2008-02-21,12.88599681854248,13.464949665567485,12.863068566646064,13.338841546808801,4036900
2008-02-22,13.247122764587402,13.264318675519377,12.685365985303264,12.954780252102173,4300300
2008-02-25,13.247122764587402,13.31590859497742,12.805742828482387,13.201265179883704,7002000
2008-02-26,13.292994499206543,13.464960351564125,13.063706331619024,13.172617527890454,5801800
2008-02-27,13.310181617736816,13.568131318855002,13.069428927803678,13.184073482374316,4138900
2008-02-28,12.576461791992188,13.298719966591381,12.553532440418406,13.189807733279244,6011400
2008-02-29,12.152274131774902,12.479009617494363,12.09495186738015,12.479009617494363,10053800
2008-03-03,11.8026123046875,12.129347873504623,11.705164758432257,12.112150861813156,6726500
2008-03-04,11.928716659545898,11.991771255746556,11.372693244557512,11.71089338054637,9506000
2008-03-05,12.003238677978516,12.329974218038421,11.88286179339614,12.089221542205106,7444200
2008-03-06,11.44721508026123,11.934452812837478,11.424286824609633,11.837005266322228,5834900
2008-03-07,11.670772552490234,11.968846453648814,11.26378533052641,11.378429895586203,6611400
2008-03-10,11.441482543945312,11.808344467971688,11.246588547637307,11.70516458600588,8819600
2008-03-11,12.564993858337402,12.564993858337404,11.773950020783058,12.31850885948651,8975500
2008-03-12,12.249724388122559,13.098090591911296,12.249724388122559,12.610852875771988,8096000
2008-03-13,12.329972267150879,12.444615703536602,11.607714353928884,11.69942954036997,9345300
2008-03-14,11.81646728515625,12.650914288804303,11.635573529713085,12.341643386342229,12038800
2008-03-17,11.37882137298584,11.979856953877738,11.052045275964002,11.513032845138438,14821400
2008-03-18,11.676417350769043,11.962346474402876,11.28545281172004,11.717264209431958,15082600
2008-03-19,11.903997421264648,12.224939202008231,11.717268224537959,11.781456803285435,14170100
2008-03-20,12.674256324768066,12.703433458322763,11.863150932842775,11.921504086958329,10573300
2008-03-24,12.919336318969727,13.491195789127868,12.703431135118915,12.703431135118915,7998100
2008-03-25,12.895995140075684,13.018535734013883,12.58672427305126,12.995195145499096,6019700
2008-03-26,12.359148025512695,12.808465754506692,11.962348010972207,11.962348010972207,6444000
2008-03-27,12.003195762634277,12.545878110128106,11.968184321407026,12.364984365294713,7423000
2008-03-28,11.466348648071289,12.195760153839103,11.431337207432652,12.038207001474783,6204800
2008-03-31,11.524703979492188,11.833974917341154,11.402163357491593,11.565550853492386,6079400
2008-04-01,12.516700744628906,12.59839446967939,11.746441329749327,11.746441329749327,10598500
2008-04-02,12.668416023254395,13.240275377942904,12.580886882259172,12.674251447719865,8086600
2008-04-03,12.726775169372559,12.790963755833747,12.154916657426885,12.563387659098904,6445000
2008-04-04,12.2015962600708,12.767619219442665,12.160749391548276,12.767619219442665,4861600
2008-04-07,12.341647148132324,12.569224381308004,12.201600219328704,12.405835741206753,5477200
2008-04-08,11.97402286529541,12.259952121263751,11.874822828490561,12.230774985148244,4712800
2008-04-09,11.77562141418457,12.13157464219712,11.734774541395028,11.991526631213244,3402600
2008-04-10,11.647245407104492,12.020704951638685,11.478022472685526,11.670587115572719,7811900
2008-04-11,11.536378860473633,11.833979048793237,11.443014226451117,11.524708002972261,7380900
2008-04-14,10.830301284790039,11.53637217236557,10.812796121680673,11.326301311104489,11666500
2008-04-15,11.740605354309082,12.014863615975317,11.349640833682159,11.501357412140333,15211100
2008-04-16,11.845643997192383,12.003197170687505,11.577221061306277,11.950679446189131,8958600
2008-04-17,12.656747817993164,12.755947819916333,11.79312381354705,11.79312381354705,8427100
2008-04-18,12.604233741760254,13.211103665777884,12.563386866767917,12.913503574127306,10126800
2008-04-21,12.248279571533203,12.563385920003185,12.067385804630316,12.557550493587764,6526600
2008-04-22,12.149079322814941,12.27745647558228,11.962350132964739,12.079056433117998,6153400
2008-04-23,11.921501159667969,12.21326574560994,11.804794880093752,12.084888615479588,6374500
2008-04-24,12.755943298339844,12.837636995791616,11.898155023123604,12.003190412986257,10758900
2008-04-25,12.966018676757812,13.012700969150528,12.505031178503975,12.93100723571169,8702800
2008-04-28,13.001029968261719,13.129405981626617,12.767617415971305,13.024370555694638,5011000
2008-04-29,13.041884422302246,13.123578195359253,12.860990590678512,13.036048993799005,5264300
2008-04-30,12.790961265563965,13.181925909449573,12.767619561215584,13.053549874514644,5689100
2008-05-01,13.444515228271484,13.514538119026396,12.808468220113163,12.87265568447287,7509600
2008-05-02,13.695435523986816,14.185600341476208,13.467859399078913,13.497035425812822,7979300
2008-05-05,13.356987953186035,13.689599541656843,13.321976499924379,13.66042351610447,6575900
2008-05-06,13.339482307434082,13.456187518476497,12.91350500379699,12.960187310812755,7799100
2008-05-07,12.785126686096191,13.42117370278964,12.72677353435487,13.32197367872753,6069100
2008-05-08,12.522541046142578,12.901836066418854,12.283294068641764,12.85515375649172,7220000
2008-05-09,12.353312492370605,12.755947928667144,12.189923925164903,12.353312492370605,7008200
2008-05-12,12.68592643737793,12.709268142858617,12.376655517721481,12.411668075942512,4537000
2008-05-13,12.50503158569336,12.720936777667356,12.41166699786779,12.615902451108852,6509000
2008-05-14,12.353312492370605,12.505030209134425,12.195759350385844,12.429170794255738,9112800
2008-05-15,12.44084358215332,12.440843582153322,12.213267528063163,12.34164356393566,6531000
2008-05-16,11.76978588104248,12.224939130133125,11.711432729160018,12.213268277157873,9985700
2008-05-19,11.501362800598145,11.828140033587829,11.472186778685517,11.781457730731287,9047100
2008-05-20,11.513035774230957,11.647247280529019,11.337977384537322,11.460518034724048,10641900
2008-05-21,11.028702735900879,11.612231992964352,10.993691292115315,11.577220549178788,12176100
2008-05-22,11.168746948242188,11.378817786614517,11.05204179258581,11.063711529056022,7700200
2008-05-23,10.888649940490723,11.197920679627574,10.859473938663509,11.104556138188736,6817600
2008-05-27,11.110395431518555,11.157077718499998,10.876982883617826,10.906160008602175,7281900
2008-05-28,10.550207138061523,11.197924859964212,10.305124847043764,11.18625400967919,18136500
2008-05-29,10.836139678955078,10.952845992295167,10.404328100386977,10.439339549191448,8585300
2008-05-30,10.398488998413086,10.935335846657445,10.380983836694426,10.906159835130678,7919700
2008-06-02,10.089224815368652,10.486023910018055,10.04254139047496,10.340141546207594,17573100
2008-06-03,9.733270645141602,10.205929151148402,9.546541413780595,10.130070818280748,19627200
2008-06-04,9.587386131286621,9.867479915144362,9.435668386781906,9.774115320525116,16492000
2008-06-05,9.651577949523926,9.768283175503585,9.48235386931134,9.517365325805823,8743700
2008-06-06,9.015527725219727,9.52903358462957,8.927998551347432,9.52903358462957,16256800
2008-06-09,8.367812156677246,9.161411985068252,8.22192979845483,9.103059375677505,22064100
2008-06-10,8.402822494506836,9.132234188700034,8.146069823009494,8.204422981143733,20288800
2008-06-11,7.988515377044678,8.496186326298512,7.877645061774621,8.431997751118645,16850900
2008-06-12,7.871809959411621,8.373645503112625,7.720092211013787,8.134398027640552,17694100
2008-06-13,7.973886489868164,8.328148111881628,7.4274832041025824,8.130001877980424,18855900
2008-06-16,8.256096839904785,8.550313971678074,7.847795140217799,7.9378619947750515,16466700
2008-06-17,7.643643379211426,8.406206689474942,7.6196256687180215,8.274108995447524,17422500
2008-06-18,6.845051288604736,7.229335088724169,6.454763492526121,7.217326524178625,41276300
2008-06-19,6.712955951690674,6.905097615131859,6.196574372251498,6.893088474853122,32581100
2008-06-20,6.736972808837891,7.265362889200397,6.202578159094307,6.394719798270763,28882300
2008-06-23,6.5268168449401855,6.833042982919405,6.358692926543187,6.797016142663591,13852100
2008-06-24,6.821035385131836,7.025186189871436,6.370702929721778,6.502800610311048,21535300
2008-06-25,6.953132629394531,7.271367384245289,6.85105723343022,6.863066373015336,24645900
2008-06-26,6.688936233520508,6.959135509687952,6.61087856304953,6.84505100183531,15826300
2008-06-27,6.472777843475342,6.736973184710336,6.304653899815891,6.658915496283055,16330700
2008-06-30,6.550836086273193,6.634898351530409,6.190570462229416,6.550836086273193,20115500
2008-07-01,6.959134578704834,6.959134578704835,6.364696136134155,6.460766926130175,25908700
2008-07-02,6.358691692352295,7.313396188615105,6.316660864067823,7.091232339268899,22226000
2008-07-03,6.190570831298828,6.63489874708976,5.920370881373049,6.496796486835765,16172500
2008-07-07,5.788270950317383,6.598868688134459,5.638160194503803,6.268624910819166,25609600
2008-07-08,6.57485294342041,6.670923764062271,5.716219554463332,5.8303035108187276,25200000
2008-07-09,5.764252662658691,6.923107189612227,5.734230400041577,6.568845750509751,20843100
2008-07-10,5.692199230194092,5.99842529036489,5.560102185617204,5.764252892397735,17945800
2008-07-11,5.127785682678223,5.446020466600079,5.037719418071374,5.403989619467196,24724500
2008-07-14,4.2811598777771,5.301913153911557,4.233124469909165,5.211846907315987,32923600
2008-07-15,4.131049156188965,4.689461211742594,3.848840700633478,4.071004895319804,46462700
2008-07-16,4.809548854827881,4.827561985568687,4.095021607773266,4.287163196014137,43952300
2008-07-17,5.8783392906188965,5.99842782396931,4.857585898199434,5.331936034404041,50837800
2008-07-18,6.070479393005371,6.29864783438902,5.7162184532902005,6.148537062896657,32474800
2008-07-21,6.244611740112305,6.5748557568531725,6.130527734939462,6.340683174491152,32679000
2008-07-22,6.845051288604736,6.9351180995186175,4.701469549211177,5.061735647612344,68811300
2008-07-23,7.085231781005859,7.793754558267257,6.6348992598312595,6.766996959711484,41887200
2008-07-24,6.1005024909973145,7.121255761358684,5.914365429718614,6.977149538569904,28496900
2008-07-25,5.452023029327393,5.986417567727834,5.31392139810013,5.956395299704953,32394600
2008-07-28,5.211848258972168,5.704211603623084,5.193834546879541,5.434012221134835,21676000
2008-07-29,5.716217517852783,5.752243776444185,5.199836181941537,5.271889271751396,20292300
2008-07-30,5.8483171463012695,6.346685000439485,5.5480955198263295,6.016441669418898,23014300
2008-07-31,5.692199230194092,5.968403026551213,5.5901244494308795,5.764252892397735,12241200
2008-08-01,5.722222328186035,5.932377632890885,5.506063027944839,5.662178364432605,15844100
2008-08-04,5.638161659240723,5.788272454051556,5.403988613190016,5.722223337853357,12723600
2008-08-05,5.962401866912842,6.046463558408603,5.716220217314124,5.842312754557766,14794100
2008-08-06,6.088492393493652,6.136527789003784,5.602133298169708,5.938381639367718,19784100
2008-08-07,5.686197280883789,6.190569661971991,5.590126460224562,5.854321217037437,23184400
2008-08-08,5.788270950317383,5.902354872779784,5.59612879348958,5.704208720916026,18921000
2008-08-11,5.9924235343933105,6.190570339472367,5.7642555966704165,5.782268734358577,14639200
2008-08-12,5.4400153160095215,5.950391661665584,5.25387768327467,5.8723339816559506,18092400
2008-08-13,5.019705772399902,5.391980548983467,4.809550961372126,5.391980548983467,25295800
2008-08-14,5.331934928894043,5.422001167075922,4.983677968070918,5.001691101181859,11824200
2008-08-15,5.464032173156738,5.680191472492082,5.30191226918488,5.464032173156738,10003900
2008-08-18,5.0737433433532715,5.5120670404390495,5.055730213305853,5.5120670404390495,14985600
2008-08-19,4.9776740074157715,5.085753964535592,4.875598619608662,5.067740256597458,17645400
2008-08-20,5.133789539337158,5.193833516518831,4.845576501932428,5.001691873333855,15302700
2008-08-21,4.89361047744751,5.175818862575026,4.869592779093706,5.001690406353175,13563900
2008-08-22,5.091758728027344,5.103767868461313,4.81555536957403,5.061737022197085,10364900
2008-08-25,4.911627292633057,5.043724430960637,4.863591865490761,4.881605007512257,9959000
2008-08-26,5.019705772399902,5.025710342819158,4.899617227151551,4.929639506620477,10985500
2008-08-27,5.085755348205566,5.151803910733336,4.953657650522623,4.959662221468985,7784000
2008-08-28,5.355955123901367,5.361959695276002,5.0797511395700425,5.187831133803696,10617800
2008-08-29,5.566110134124756,5.734234111932968,5.2238570349452145,5.247874746060673,12843400
2008-09-02,6.634896755218506,6.646905320150451,6.082489025296328,6.232599809022417,36412900
2008-09-03,6.6048736572265625,6.736971290706688,6.394718357263958,6.544829122200925,18897000
2008-09-04,6.304655075073242,6.682934448292924,6.298650504237837,6.466775051864846,14924300
2008-09-05,6.658914566040039,6.664919134917295,6.064475990244645,6.106506827131025,15419200
2008-09-08,7.349422454833984,8.436224577051236,6.881077057819381,7.59560400233362,40573700
2008-09-09,6.935120105743408,7.5055411160367305,6.917106967400576,7.175297192405646,23706200
2008-09-10,6.748980522155762,7.199312861540967,6.496794366289872,7.109246622714799,17378900
2008-09-11,6.6769280433654785,6.724963451599045,6.100502571935432,6.160547118541009,18245000
2008-09-12,7.0191802978515625,7.043198001378664,6.454763978651074,6.496794816666696,15471700
2008-09-15,6.7345380783081055,7.328049834098851,6.365107686408309,6.468063801417235,28313400
2008-09-16,7.110026836395264,7.170589477771857,6.207647060806568,6.207647060806568,27133600
2008-09-17,6.583132266998291,7.073687920613791,6.2621517352267695,6.94650686801481,23857800
2008-09-18,8.842109680175781,8.842109680175781,5.9230019213407665,6.782987955066137,41575500
2008-09-19,11.991352081298828,11.991352081298828,9.369001366045966,11.567416068302197,31386600
2008-09-22,9.447731018066406,11.022353046933418,9.381112033898997,11.022353046933418,10714300
2008-09-23,8.309158325195312,9.27210021643469,8.309158325195312,9.27210021643469,10432100
2008-09-24,7.88522481918335,8.593804373387732,7.661143429162954,8.593804373387732,8033300
2008-09-25,8.38789176940918,8.678590982315413,7.9821236848849,8.357610457006116,7630700
2008-09-26,8.478734016418457,8.957176841385067,7.570298228945051,7.8125475412441245,7889100
2008-09-29,4.996397495269775,8.109304748732029,4.996397495269775,7.758042910421533,24921400
2008-09-30,5.813986301422119,6.528621696495529,5.6322991212087485,6.05017911588864,17028100
2008-10-01,6.328770637512207,6.770876454566143,5.904833956172413,5.959340208178739,20431100
2008-10-02,7.176641941070557,8.230427167473309,6.534680487561296,6.661861502993893,13198800
2008-10-03,8.18803882598877,8.781550218710244,7.303827539484873,8.321275723802856,15198200
2008-10-06,7.346219539642334,7.715649989335619,6.6921456346556205,7.273544725484708,13982300
2008-10-07,6.4438371658325195,7.54607225012667,6.395387310098788,7.418891234433666,10041900
2008-10-08,5.9048333168029785,6.873831835715791,5.9048333168029785,6.165251791493994,10697900
2008-10-09,4.602741241455078,6.280319308695414,4.530066448144093,6.280319308695414,26110600
2008-10-10,5.535403251647949,5.904833662615291,4.215142822261943,4.233311379504791,23495300
2008-10-13,5.3537163734436035,6.704257646742939,4.996398112954737,6.589189338271507,16200200
2008-10-14,6.885944843292236,7.019182285642083,6.007790154648364,6.007790154648364,24236800
2008-10-15,7.067630767822266,7.2311489160590465,6.437781951980552,6.625525032458633,17225100
2008-10-16,6.940450668334961,7.11608159524248,6.0562396555255145,7.043406788684337,15458300
2008-10-17,6.5225701332092285,6.964675333679738,6.304545144424431,6.619469871527806,14593000
2008-10-20,6.4438371658325195,6.789042532327317,6.237924990180241,6.782986155968641,9708100
2008-10-21,6.837494373321533,6.9646754259414445,6.110745748736896,6.243983179473949,13161000
2008-10-22,6.498344898223877,6.770876145828662,6.292433234298517,6.359051662841896,14518600
2008-10-23,5.929059028625488,6.498345343302947,5.505122337580393,6.49228954216098,15830900
2008-10-24,5.41427755355835,5.910889557300587,4.844991326790388,4.844991326790388,14203000
2008-10-27,6.0259575843811035,6.352994461574178,5.390052384959028,5.390052384959028,13509900
2008-10-28,7.025238513946533,7.08580056639639,6.201589518029685,6.3287705790128435,14647600
2008-10-29,6.879887580871582,7.485511505941657,6.77693146740423,6.952562382571833,14584600
2008-10-30,6.571020126342773,7.267487441823672,6.38933282478358,7.237206128635804,9908600
2008-10-31,6.716368675231934,6.904111747706842,6.480175162771846,6.480175162771846,9788700
2008-11-03,7.128193378448486,7.170586865426669,6.571019360015472,6.601300092103921,6798000
2008-11-04,7.576356887817383,7.655088082417011,7.182700914819239,7.267488488442245,11238600
2008-11-05,6.958621501922607,7.8488891842328545,6.873834488652819,7.80649567759796,10277600
2008-11-06,6.437782287597656,7.176643625827807,6.3590511093170035,6.831437601432948,10741300
2008-11-07,6.637638568878174,6.710313374158795,6.286376721237833,6.577075942360317,7644700
2008-11-10,6.468061447143555,6.8798851797138365,6.322711316903909,6.764816928240556,5878800
2008-11-11,6.250036716461182,6.595242635731629,6.153137011952915,6.298486568715315,7705600
2008-11-12,5.838212966918945,6.4317239452688355,5.765538188604743,6.153137006280492,10404700
2008-11-13,6.346935749053955,6.365104874901637,5.450612999673494,5.856380902521273,11345300
2008-11-14,5.856384754180908,6.449896060589985,5.8442719956494,6.153140407385447,7578200
2008-11-17,5.486952304840088,5.953282366430477,5.4506146199108025,5.87455119705695,11114600
2008-11-18,5.807934284210205,5.916946789628842,5.371884840103713,5.547515777962596,11712600
2008-11-19,5.281042098999023,5.862441234462843,5.256817159086703,5.723147396790906,12025000
2008-11-20,4.6390790939331055,5.3476591202981325,4.5542918267393375,5.214421697352511,16931300
2008-11-21,4.8147101402282715,4.935834811022644,4.148523873291227,4.844991452318862,18836500
2008-11-24,5.680753707885742,5.7110350261636365,4.863161002223135,5.299210483747733,13384600
2008-11-25,5.6989216804504395,5.898777551890505,5.29920993757031,5.771596490286095,10100300
2008-11-26,6.056239128112793,6.086520439266951,5.4203339041473555,5.499065082120978,7882700
2008-11-28,6.1713056564331055,6.268205939989481,5.995674794936872,6.032012473466489,3418600
2008-12-01,5.129635810852051,6.050184056760105,5.063016796414535,5.9956778004269,9665700
2008-12-02,5.602020263671875,5.66258287592791,5.06907123954954,5.359770969783484,9995500
2008-12-03,6.01990270614624,6.056240402692356,5.256816854358754,5.262872655809696,10568500
2008-12-04,5.8806071281433105,6.352993530989877,5.717088424714962,5.783707412438155,12350100
2008-12-05,5.789762020111084,5.93511154926006,5.426387619670956,5.717086677968908,15271200
2008-12-08,6.044126033782959,6.116801407505858,5.7110333624647085,5.9351141283344875,10243100
2008-12-09,5.517233371734619,6.04412608116449,5.450614952462317,5.892720110262759,10816100
2008-12-10,5.432445526123047,5.692863361547894,5.274983203031283,5.602020024608412,7694300
2008-12-11,5.026678085327148,5.5051209051343974,4.996396777224327,5.414276980825935,8742400
2008-12-12,5.365828037261963,5.402165728718207,4.844991643509207,4.851048021679916,8101000
2008-12-15,5.059558391571045,5.433205945599577,4.930925531305302,5.433205945599577,6245800
2008-12-16,5.329076290130615,5.347452252106702,5.08406151657845,5.1698163952410585,11796700
2008-12-17,5.371954441070557,5.469960352816571,5.114688630656612,5.261697498275634,9490200
2008-12-18,5.120813846588135,5.518963615383511,5.084061919721696,5.439333661624436,8145900
2008-12-19,4.943175792694092,5.512835665010007,4.91254939521735,5.280071422388032,11216500
2008-12-22,5.022808074951172,5.133065027068298,4.94317811888451,4.967679598892609,10655100
2008-12-23,4.973803520202637,5.206567797729903,4.875797631593509,5.059558964816211,8112500
2008-12-24,5.053432941436768,5.10243588080266,4.937051106483055,4.986054045848946,2298500
2008-12-26,5.047309398651123,5.139190383957089,4.949303481653835,5.102437873002434,2919600
2008-12-29,4.863546371459961,5.084059889150288,4.802292697679469,5.047307392801438,5662300
2008-12-30,4.832920074462891,4.973803690193828,4.734914182504186,4.900299271224799,6726900
2008-12-31,4.875799179077148,4.906426175028206,4.594031867817865,4.802294739291426,9690800
2009-01-02,5.2739458084106445,5.310698302505689,4.8941727621802,4.973802679251901,8917000
2009-01-05,5.341327667236328,5.5557154619556846,5.145315251523273,5.194318209411203,12011800
2009-01-06,5.4087042808532715,5.451581704672689,5.206567019760175,5.427080236181438,7774200
2009-01-07,4.845170974731445,5.2371951399784376,4.777792067772631,5.2371951399784376,11288800
2009-01-08,4.771666049957275,4.89417340612437,4.741039064875213,4.808418256807403,9061500
2009-01-09,4.391891956329346,4.83904414290872,4.349014245368402,4.826793410074237,11123200
2009-01-12,4.300014495849609,4.496026658322105,4.226510044452696,4.416396689935086,12211500
2009-01-13,4.4163947105407715,4.447021697603067,4.104000493995497,4.251009622981684,13708900
2009-01-14,4.195880889892578,4.349015231071728,4.128501697991191,4.238758610571748,12115100
2009-01-15,3.736477851867676,4.202006387445972,3.656847924663929,4.202006387445972,17505500
2009-01-16,3.718102216720581,3.981493200200193,3.558842348513885,3.8896125294717607,16682700
2009-01-20,2.81767201423645,3.55271707800287,2.81767201423645,3.4302094213348346,28075400
2009-01-21,3.032060146331787,3.074937871363933,2.7257914328808748,2.934054251493289,22708300
2009-01-22,2.6032838821411133,3.0320599341321213,2.535904688114897,2.9830569901423587,18333500
2009-01-23,2.8544254302978516,2.909553913707616,2.4501506641748345,2.480777664309308,15574900
2009-01-26,2.511404037475586,3.0075594457606103,2.4501503374553386,3.0075594457606103,12730100
2009-01-27,2.499152660369873,2.8482990995994255,2.456275227326659,2.7625439414323907,13169500
2009-01-28,2.793170928955078,2.897302349346052,2.6400365559285017,2.756418714478376,20610000
2009-01-29,2.535904884338379,2.7502929269228202,2.4869019365568614,2.7502929269228202,15145500
2009-01-30,2.119379758834839,2.578782880684923,2.0826275441365087,2.4930277130554863,19374300
2009-02-02,1.788609504699707,2.113254354545556,1.6354751332984394,2.082627509473366,27033800
2009-02-03,1.5987234115600586,1.9356192800014786,1.5435950684167377,1.9172431656203717,21499800
2009-02-04,1.5313438177108765,1.7089796771988859,1.4578393845601114,1.6232245051896599,15650500
2009-02-05,1.7334808111190796,1.9601197271325541,1.4394628447471816,1.5313435140035114,28918200
2009-02-06,2.5726563930511475,2.7870446692058497,1.8437371595747964,1.8559878931767342,47574100
2009-02-09,2.8421730995178223,3.08718808735638,2.6584120776993214,2.878925303881523,32890000
2009-02-10,1.9846216440200806,2.8605503708975486,1.941744056926036,2.8482996317278215,47192400
2009-02-11,2.2541379928588867,2.321517052165396,2.0765021450104997,2.162257311400602,26647700
2009-02-12,2.186758518218994,2.2112599913131654,1.9723704826046944,2.0642510067078375,21358200
2009-02-13,2.070376396179199,2.254137579345093,2.0520001464263484,2.1438808110294403,13067600
2009-02-17,1.8927403688430786,1.9784956625501444,1.825361324247751,1.825361324247751,21006300
2009-02-18,1.8314862251281738,2.082626528507844,1.794734028352685,1.996871256658122,17067300
2009-02-19,1.6170992851257324,1.9233680769567898,1.610973915130725,1.8376127509863438,11355900
2009-02-20,1.7396066188812256,1.8498634206394327,1.4394632084574588,1.4945916823567298,23819600
2009-02-23,1.6477254629135132,1.9294926598180135,1.6170986254326503,1.8988656762968699,16631400
2009-02-24,2.0152480602264404,2.076501888993261,1.555845001656633,1.6293495669687579,28278100
2009-02-25,2.3031396865844727,2.51140226577192,1.7334800941090953,1.9601189163791812,38851300
2009-02-26,2.4133973121643066,2.738041959987697,2.211259877464058,2.53590467132774,38114400
2009-02-27,2.0948779582977295,2.419522763325339,1.8988658848151643,2.0213733942316936,34587500
2009-03-02,2.186758518218994,2.3276421345507794,1.9417436412369802,1.9478690095105229,20402200
2009-03-03,2.101003646850586,2.388896286766348,2.0887529086448358,2.3276424496972794,13501600
2009-03-04,2.156130790710449,2.3215158121653805,2.070375670125053,2.2051337167592466,11990900
2009-03-05,1.8988654613494873,2.1377550587390037,1.7763581252935958,2.076501390711058,15967600
2009-03-06,1.8008593320846558,2.05199948072242,1.6906025995381837,1.9294921623821657,16812000
2009-03-09,2.002998113632202,2.0458757084510184,1.7457322526385903,1.8008607348745682,16474700
2009-03-10,2.2908895015716553,2.358268540129525,2.113253708424272,2.1193790755658966,18503000
2009-03-11,2.162257194519043,2.450149815347173,2.0887527701579764,2.4011468657731285,17108500
2009-03-12,2.3031396865844727,2.333766514988474,1.9478681850175805,2.1255039358010266,27849500
2009-03-13,2.3827712535858154,2.4501503232165205,2.2051352324787326,2.3276427778476267,13825900
2009-03-16,2.4204928874969482,2.6971206888947807,2.3953449328050787,2.514797867485093,16162700
2009-03-17,2.571380615234375,2.609102542868256,2.3764836893387566,2.420492604911618,12704300
2009-03-18,3.1120619773864746,3.1120619773864746,2.4582147611229885,2.53365876869922,26273600
2009-03-19,2.728555202484131,3.26294957583761,2.6719721665545992,3.2252276518136567,20488400
2009-03-20,2.5273711681365967,2.816572869447661,2.401631278450013,2.8039988954683617,17175300
2009-03-23,2.829148054122925,2.910879069857654,2.653112043293302,2.81028693518902,22101900
2009-03-24,2.8228602409362793,3.093201182349934,2.659398548260639,2.6908336390534227,20627800
2009-03-25,2.948599100112915,3.1434958039855654,2.703406511342435,2.8354333590927983,17119900
2009-03-26,2.860581636428833,3.0806263085109378,2.803998609401062,2.973747390697218,13933500
2009-03-27,2.7159817218780518,2.986322376454753,2.7159817218780518,2.7411296758020582,11550400
2009-03-30,2.4519269466400146,2.640536527281775,2.4519269466400146,2.552518722982287,11894400
2009-03-31,2.6782593727111816,2.7034073227076725,2.44564053545643,2.596528385328981,11869100
2009-04-01,2.7725648880004883,2.904591815980255,2.5776680656940005,2.6531119388860662,13533200
2009-04-02,2.7977123260498047,3.005183388470723,2.7159816285003804,2.986322273782549,14059300
2009-04-03,2.8668692111968994,2.8668692111968994,2.5713806268378123,2.722268338054223,11442700
2009-04-06,2.6593985557556152,2.7159815994271956,2.577667559293831,2.6153894884791367,11120900
2009-04-07,2.5085108280181885,2.6028156562031546,2.5085108280181885,2.546232909185805,8528400
2009-04-08,2.407918691635132,2.583954658290422,2.3136138700986764,2.55251956788465,9464700
2009-04-09,2.7096941471099854,2.8102859466058074,2.445640523539848,2.76627718421999,24425900
2009-04-13,3.1623573303222656,3.225227194786621,2.5713800047830033,2.6531106786930847,24725600
2009-04-14,2.973748207092285,3.376115743630613,2.923452302498399,3.206366915732628,24231400
2009-04-15,3.1434972286224365,3.1497843669775647,2.829147505760193,2.9234524825763173,13220200
2009-04-16,4.212286472320557,4.426044395321151,3.1497845957038186,3.2503764183924377,74214400
2009-04-17,4.545495510101318,4.778114156589557,3.866500379926376,4.262580972457479,62195300
2009-04-20,3.646456480026245,4.306590641208554,3.552151514203852,4.306590641208554,28862700
2009-04-21,3.8602137565612793,4.111693545541631,3.02404370552605,3.1497837499098247,53901000
2009-04-22,3.646456480026245,4.356886543037238,3.539577538746681,3.6150213914897065,42371300
2009-04-23,3.659029960632324,3.8665006775106967,3.269236174601705,3.7533346139136343,37618700
2009-04-24,3.4955694675445557,3.740762208491236,3.2063676501049603,3.6527443552927137,49489500
2009-04-27,3.0869150161743164,3.445273904932905,3.0491930752187817,3.3886908436059335,28849400
2009-04-28,2.9611732959747314,3.2692357642374037,2.8165724660303573,2.986321240331393,27102600
2009-04-29,2.9297401905059814,3.181220103376578,2.8354354854934356,3.112063059885011,26766300
2009-04-30,2.8228602409362793,3.093201182349934,2.7348424064186267,3.08691404427648,26542100
2009-05-01,2.759990930557251,2.9486009147886447,2.7411301120064953,2.7851388884831296,14480200
2009-05-04,3.476707696914673,3.5207164615699407,2.7662773268718195,2.772564164770904,47691300
2009-05-05,3.45155930519104,3.508142342911291,3.156070741091624,3.332106691895064,30330200
2009-05-06,3.665318250656128,4.117982084919162,3.401264397300575,3.64645743243776,66646100
2009-05-07,3.2880985736846924,4.117982066203727,3.162358786842702,4.09912094828378,42991600
2009-05-08,4.10540771484375,4.149416486349822,3.0680535183094766,3.5710129198076928,68338400
2009-05-11,3.7219014167785645,4.099121090146704,3.6904663190865077,3.9922421177384804,34952800
2009-05-12,3.363541603088379,3.8350661352910644,3.174931970079639,3.7973442086893163,36450500
2009-05-13,2.9548871517181396,3.256662885067897,2.923452360615667,3.1560710738803928,34110900
2009-05-14,3.130923271179199,3.294384972195207,2.8605826157590957,2.8920174083685444,24657800
2009-05-15,3.049192428588867,3.181219343828494,2.9548874463052375,3.1434974108724973,22590800
2009-05-18,3.413837194442749,3.4829942034771375,3.105774672012904,3.156070569569842,37149300
2009-05-19,3.2943830490112305,3.6967506777323162,3.2440871703678655,3.313244153396034,32999100
2009-05-20,3.0743391513824463,3.4201238478673623,2.9988953157160787,3.061765178771385,101898000
2009-05-21,2.577667474746704,2.653111330642767,2.4519277149199317,2.508510606841979,570981700
2009-05-22,2.539945125579834,2.7034070860337054,2.502223203887522,2.690833112136268,101604500
2009-05-26,2.407918691635132,2.527371615474929,2.307326881996246,2.514797639270068,112017900
2009-05-27,2.489649772644043,2.590241585748933,2.4456408544106534,2.521084864132946,89481300
2009-05-28,2.5273711681365967,2.5713802269577366,2.3701963435017652,2.5462322789991383,65791800
2009-05-29,2.6342501640319824,2.6342501640319824,2.445640399639042,2.5399452068887136,82740200
2009-06-01,2.5085108280181885,2.6656855416597987,2.4833628738355307,2.646824725916436,58703700
2009-06-02,2.5147974491119385,2.5713804876488666,2.4330664600668683,2.5147974491119385,47847700
2009-06-03,2.539945125579834,2.596528158011895,2.5147971777849594,2.5210843146272706,38673600
2009-06-04,2.5650932788848877,2.6405371283139236,2.5147973792655307,2.5650932788848877,71373600
2009-06-05,2.5147974491119385,2.6593983144273636,2.495936486230832,2.6216763886651506,51567000
2009-06-08,2.558807134628296,2.583955091251749,2.4896501040201553,2.508511071487745,32855500
2009-06-09,2.552518367767334,2.5839534433932796,2.521083591928488,2.558805502807363,21829400
2009-06-10,2.5147974491119385,2.5776673253822935,2.495936486230832,2.5650933501282225,29959800
2009-06-11,2.7474160194396973,2.8480081168012155,2.571380373684647,2.590241185836229,103980700
2009-06-12,2.803999900817871,2.91087886785602,2.741130008379929,2.7537039868675173,38747400
2009-06-15,2.7283852100372314,2.8418055747247783,2.6779762926031436,2.7598909336639608,47528000
2009-06-16,2.6779770851135254,2.759891750415858,2.640170385849588,2.759891750415858,39745800
2009-06-17,2.5141472816467285,2.640169731524269,2.419630406680965,2.621266236346771,57713200
2009-06-18,2.5393519401550293,2.6527720119969094,2.520448444617615,2.5393519401550293,35301600
2009-06-19,2.6023635864257812,2.627568051631669,2.5078466916732394,2.6023635864257812,65579800
2009-06-22,2.419631242752075,2.5960626734519727,2.4007278912732093,2.570858204813485,43225800
2009-06-23,2.3692214488983154,2.470039437232654,2.3062103000833716,2.41963036795027,33198800
2009-06-24,2.4007272720336914,2.457437462073042,2.3755228098964,2.4448352310043964,23272800
2009-06-25,2.4952452182769775,2.4952452182769775,2.3629215854546364,2.369222703673295,31069100
2009-06-26,2.488942861557007,2.488942861557007,2.3755226398286964,2.4511361710577146,30677500
2009-06-29,2.5645573139190674,2.602364017997703,2.4322335491828677,2.470040403491991,31828500
2009-06-30,2.5456533432006836,2.608664505069825,2.451136600396971,2.589761306739543,23859900
2009-07-01,2.501544713973999,2.5582547411593564,2.4889424857105866,2.5456525128959435,16428700
2009-07-02,2.3629207611083984,2.4889432317469375,2.3629207611083984,2.463738767665321,23419200
2009-07-06,2.419631242752075,2.45743809594029,2.362921188315478,2.3755234226347217,23870000
2009-07-07,2.413329839706421,2.4763411540687255,2.3818242576405013,2.413329839706421,24461600
2009-07-08,2.3692214488983154,2.4637383223511597,2.2368978861565045,2.4259314828317646,34906000
2009-07-09,2.419631242752075,2.451136978780668,2.3818245397943434,2.4070290084328314,18983400
2009-07-10,2.45743727684021,2.4637383918995774,2.375522630838001,2.4070282061348376,18488000
2009-07-13,2.5645573139190674,2.5645573139190674,2.4322335491828677,2.5141482249170655,26174600
2009-07-14,2.5771594047546387,2.621267073487131,2.520449201571767,2.5582559035400285,25469500
2009-07-15,2.6527724266052246,2.6842781572714003,2.5834599994161875,2.614965730082363,34197400
2009-07-16,2.6590726375579834,2.6779761306832186,2.5771583019108455,2.614964987700485,21168400
2009-07-17,2.551954507827759,2.64647109663101,2.451136502628019,2.64647109663101,25975500
2009-07-20,2.5456533432006836,2.602363539113371,2.526750144870401,2.57085780794834,24797500
2009-07-21,2.1549839973449707,2.34401764705951,2.117177147217686,2.325114297111103,101115800
2009-07-22,2.205393075942993,2.3125122162768355,2.0793705844144403,2.142381905293957,49368600
2009-07-23,2.306210994720459,2.325114345058683,2.1612851585635995,2.2621030270341285,41573600
2009-07-24,2.32511305809021,2.344016397965286,2.224295095192747,2.274704001526283,20355800
2009-07-27,2.533050775527954,2.5582552369393063,2.325113818653857,2.3377160493595333,52668900
2009-07-28,2.463740110397339,2.551955932990849,2.4448367520338445,2.539353694081853,26472600
2009-07-29,2.4511361122131348,2.539351871490782,2.419630387322984,2.470039457008967,27424900
2009-07-30,2.665374755859375,2.696880487673071,2.5204489303460407,2.533051162979334,55067800
2009-07-31,2.785095691680908,2.8103001531065464,2.633868622666201,2.6716753148046575,33580900
2009-08-03,2.7976982593536377,2.848107188276257,2.6968804015083983,2.728385831854577,38427200
2009-08-04,2.8859143257141113,2.9804312321094,2.7094830475398046,2.759891984161035,45954000
2009-08-05,2.9804306030273438,3.0308395290087184,2.8859137165818156,2.9300216770459686,46393000
2009-08-06,2.898515462875366,3.074946974737033,2.8733110041038206,3.049742515965488,49824800
2009-08-07,3.1064531803131104,3.1505611445020723,2.961527355647578,2.9930330872769684,42904400
2009-08-10,3.131657123565674,3.2072708067835873,3.0245383148903056,3.131657123565674,36374500
2009-08-11,2.9993343353271484,3.119055393675764,2.9615273374202014,3.1127544276652213,34391500
2009-08-12,3.0371413230895996,3.0686467570757223,2.9363231531355334,2.9678288875826073,29488000
2009-08-13,3.276583433151245,3.326992663282044,3.106453145284948,3.2702824671729713,66286700
2009-08-14,3.553832530975342,3.6546506818165345,3.3143901363221344,3.390003524107358,90586900
2009-08-17,3.3080899715423584,3.4404135944409324,3.2765842325813668,3.3395957105033505,42876400
2009-08-18,3.4278101921081543,3.509724845153855,3.3269923424893797,3.3711000014671475,42514200
2009-08-19,3.4719185829162598,3.6546511082843858,3.320691489237955,3.3647994541568207,38734200
2009-08-20,3.4593148231506348,3.5601329500103502,3.3774004894319463,3.4467125948507733,42430400
2009-08-21,3.6924564838409424,3.723961904244585,3.5223262521866423,3.547530708693885,52353200
2009-08-24,3.5916390419006348,3.849985221030672,3.5601336154922065,3.79327503285027,49706800
2009-08-25,3.673553705215454,3.774371550839202,3.604241286118687,3.7050594322033157,44400900
2009-08-26,3.6798534393310547,3.7806712429968625,3.610541049080434,3.7113588527462418,43023800
2009-08-27,3.7302629947662354,3.749166186035341,3.5538315069766724,3.6924563117672164,40537000
2009-08-28,3.7617695331573486,3.831081956179133,3.711360607490923,3.8058774933459203,27695800
2009-08-31,3.6924564838409424,3.7491663607518277,3.6420475708264566,3.698757447737342,34671500
2009-09-01,3.490821599960327,3.786974505272353,3.4719184020235083,3.6420486857594483,55743500
2009-09-02,3.270282030105591,3.4656167567006877,3.2513785337753447,3.4278100645010765,49530900
2009-09-03,3.2954862117767334,3.4215085084091523,3.2702817524502494,3.358497360092943,41649800
2009-09-04,3.4845199584960938,3.5034231527676347,3.308088442683529,3.3206906723515086,29040800
2009-09-08,3.528627634048462,3.6168432422729375,3.478218715063047,3.59163878278023,20003300
2009-09-09,3.5664350986480713,3.585338597607744,3.4782194712450836,3.53492966766318,23552600
2009-09-10,3.528627634048462,3.5727355883911285,3.4845199801666524,3.5601333586447748,17469200
2009-09-11,3.4719185829162598,3.560134212293062,3.4467138169191007,3.5349297467568324,21438800
2009-09-14,3.4782187938690186,3.4782187938690186,3.3584974583357043,3.415207643709607,22909100
2009-09-15,3.8254096508026123,3.9137853678689445,3.4719064815310974,3.5350319937213346,68683800
2009-09-16,4.033724784851074,4.248351869515037,3.7749099834665842,3.8443482110354394,80536800
2009-09-17,3.9579741954803467,4.298852332813104,3.869598460136437,4.046349930824257,68204500
2009-09-18,3.8695991039276123,4.027413093800618,3.800160864101726,4.002162879501441,48860800
2009-09-21,4.122100353240967,4.204163375426288,3.8632852801758433,3.8695979824242124,42629900
2009-09-22,4.298850059509277,4.330412955944238,4.17259907578161,4.235724567645444,38885900
2009-09-23,4.147350788116455,4.36197755924903,4.147350788116455,4.355665157660009,28920900
2009-09-24,4.021098613739014,4.210475438347783,3.9200978011509586,4.185225235200768,39934400
2009-09-25,4.014786720275879,4.052662029777721,3.9137855939314314,3.920098296018173,27796200
2009-09-28,4.1536641120910645,4.1536641120910645,4.008475231227412,4.033725445203152,23837000
2009-09-29,4.07159948348999,4.242038524635938,4.0652870824877985,4.185225711591421,34630800
2009-09-30,3.920097589492798,4.1284119047112116,3.8190967823580877,4.103161702927534,47949300
2009-10-01,3.768597364425659,3.9705993486669535,3.7307220488190884,3.8885360143495915,43100000
2009-10-02,3.654972553253174,3.86959970938409,3.516096352878451,3.629722335003224,36211500
2009-10-05,3.76228404045105,3.8317222525516996,3.6991585299078134,3.730721134676343,27108000
2009-10-06,3.724409341812134,3.9327237110971702,3.6802213267189154,3.8569730860855618,38988400
2009-10-07,3.78753399848938,3.7938466996364846,3.642345183173707,3.6991582894730186,20706300
2009-10-08,3.7496590614318848,3.888535189185871,3.743346359667246,3.8632849841396917,26485300
2009-10-09,3.7559728622436523,3.7685979694727996,3.7054724333270648,3.749660459132229,19185600
2009-10-12,3.78753399848938,3.844347104788691,3.7559710947661715,3.7812212973422747,15915600
2009-10-13,3.76228404045105,3.863284857320229,3.730721134676343,3.806472048334405,34364600
2009-10-14,3.8443477153778076,3.9011605296944127,3.7370341868819232,3.8380350132280707,52926800
2009-10-15,3.8443477153778076,3.9137856329876812,3.7496592901751917,3.8064724054980026,35311700
2009-10-16,3.68022084236145,3.812784569188036,3.6802208423614498,3.7749092616670383,26271800
2009-10-19,3.5981569290161133,3.7244082341607982,3.566594328484545,3.7117831337469434,31722600
2009-10-20,3.6675970554351807,3.8569739619765597,3.4782204499000975,3.4971579599504583,84135300
2009-10-21,3.604470729827881,3.800159996471002,3.585532922924121,3.585532922924121,43310700
2009-10-22,3.6675970554351807,3.699159973527509,3.503470663971442,3.6234090303071804,35075700
2009-10-23,3.4908435344696045,3.7244080298140227,3.4403428345788654,3.7244080298140227,41539800
2009-10-26,3.2194035053253174,3.5287189063794853,3.1815282053810345,3.484530905941425,48627200
2009-10-27,3.2004666328430176,3.3077798532052642,3.105778213929331,3.1878415303882717,45645500
2009-10-28,3.0426530838012695,3.2383423469307506,3.023715277237541,3.232029644407433,58697900
2009-10-29,3.2699050903320312,3.288842897670688,3.118403835647722,3.1310289402047475,46967600
2009-10-30,3.055279493331909,3.263593949512475,3.0300292744619224,3.2509688400774817,41091800
2009-11-02,3.017401933670044,3.1815282349542016,2.973213932821244,3.099464933809058,38485000
2009-11-03,3.055279493331909,3.131030149941869,2.935340803196296,2.98584124093627,34751400
2009-11-04,2.947964906692505,3.1689043969165285,2.9353398015655965,3.137341483596132,31342400
2009-11-05,3.0363407135009766,3.0742160297663594,2.910089659283033,2.992152694021568,30675200
2009-11-06,2.998464584350586,3.093152999847103,2.9542765768505648,2.973214380352338,24253200
2009-11-09,3.131027936935425,3.1436530374470135,2.992151530301808,3.0552773338658916,31464600
2009-11-10,3.0489659309387207,3.156279481469693,3.0047782108421566,3.112091460366861,20804000
2009-11-11,3.0426530838012695,3.1562790201649675,3.023715277237541,3.061590589358774,23008200
2009-11-12,3.0110886096954346,3.131027186304586,2.9921508129651193,3.0426515039106046,34436600
2009-11-13,3.0489659309387207,3.086841248595605,2.9921528039502605,3.0174033167277843,23893300
2009-11-16,3.112091064453125,3.181529288493427,3.0615906473351706,3.0931535585370065,29667600
2009-11-17,3.2699050903320312,3.326718211341765,3.0805285219766447,3.1057787310906964,38180700
2009-11-18,3.402468204498291,3.5160944253389816,3.2194040720396004,3.301467386867615,56042900
2009-11-19,3.37721848487854,3.43403160345421,3.339343172830168,3.364593380862416,39438100
2009-11-20,3.4403460025787354,3.4845340427958447,3.3393451118040844,3.3519702231509156,35099900
2009-11-23,3.5918471813201904,3.6739105451040586,3.415095344016964,3.478221193700776,36944000
2009-11-24,3.6234097480773926,3.692848001031933,3.5160964675193727,3.585534419467558,28998900
2009-11-25,3.6612839698791504,3.69284658108124,3.6297210576708214,3.6739090745612337,19397300
2009-11-27,3.522406816482544,3.6360330370182252,3.471906407802765,3.516094415900661,16437100
2009-11-30,3.699159622192383,3.705472024607538,3.5287205428954542,3.5287205428954542,31663200
2009-12-01,3.64865779876709,3.7812212086802064,3.5729068918088296,3.730720804712133,34446800
2009-12-02,3.6928458213806152,3.774909135435028,3.648658114586837,3.6612832166716562,30304700
2009-12-03,3.4719059467315674,3.774908659577477,3.4592808462382436,3.743345757841098,36072400
2009-12-04,3.604470729827881,3.610783131458315,3.5097822973215376,3.598158027191218,29569200
2009-12-07,3.5602822303771973,3.5792200347064034,3.497156717623489,3.566594932155662,27671600
2009-12-08,3.5918471813201904,3.6170974007911716,3.4466582688588696,3.484533598065341,26151500
2009-12-09,3.509782314300537,3.6044707472649473,3.4971572099723645,3.6044707472649473,15592300
2009-12-10,3.4908435344696045,3.5350312329905846,3.446655534942503,3.5224061332694303,19940800
2009-12-11,3.522406816482544,3.5224068164825435,3.465593706214703,3.509781714312599,10874400
2009-12-14,3.5287303924560547,3.5413781597515523,3.478139323274063,3.5287303924560547,14594400
2009-12-15,3.3769571781158447,3.528730385356461,3.37063314370754,3.4781393162762555,22634400
2009-12-16,3.3706343173980713,3.446520947442907,3.351662810660194,3.4022538973567507,19343900
2009-12-17,3.3706343173980713,3.4844645640119873,3.301071422416974,3.3200432307015144,16413500
2009-12-18,3.4465224742889404,3.4781420682554356,3.376959850037525,3.4085791424572243,25628200
2009-12-21,3.4654924869537354,3.471816221527023,3.440196945567307,3.4654924869537354,11594700
2009-12-22,3.503436803817749,3.503436803817749,3.4591694429223168,3.4718172172429083,8637300
2009-12-23,3.4022538661956787,3.50343603866207,3.3896060946373794,3.4907882671037713,7642600
2009-12-24,3.4338722229003906,3.452844025920428,3.389605185097936,3.408576686571394,3305200
2009-12-28,3.3832809925079346,3.46549163251766,3.364309491918961,3.4338720628072843,9044900
2009-12-29,3.3896045684814453,3.4085760665037226,3.3769568026177526,3.3896045684814453,8039500
2009-12-30,3.3643105030059814,3.3959297806724353,3.332690923792872,3.357986466544697,10377600
2009-12-31,3.3453381061553955,3.3769576798012495,3.2757752250624788,3.3643099106522283,9583700
2010-01-04,3.427549362182617,3.4591686398702617,3.370634240179539,3.3896060480294503,11754800
2010-01-05,3.54137921333313,3.547703249635597,3.3896059606337015,3.3896059606337015,23691300
2010-01-06,3.5856451988220215,3.5982929650690654,3.5097586013397595,3.5477019000808907,22415300
2010-01-07,3.901838779449463,3.9334580371861056,3.5540248335211335,3.579320360329034,41430700
2010-01-08,3.908163547515869,3.9777264154712304,3.838600981107054,3.8891920481485722,25980300
2010-01-11,3.9967005252838135,4.028319809677989,3.8386031986727773,3.9650809393429185,27433000
2010-01-12,3.9524316787719727,4.015670525323003,3.9208121047231543,3.958755714200379,32974200
2010-01-13,4.021995544433594,4.097882178854853,3.844926429237308,3.933460836062111,41055600
2010-01-14,4.142146110534668,4.154793872487822,3.984048935347031,4.009344459253338,31881500
2010-01-15,4.123176574707031,4.142148378799047,3.9650793129444204,4.110528805827887,28504300
2010-01-19,4.116854190826416,4.148473472617938,4.02199574235846,4.053615024149981,22996900
2010-01-20,4.255977630615234,4.26230136328882,4.053613058769163,4.0852326267767385,32758200
2010-01-21,4.338188171386719,4.597467537814714,4.2749493383002015,4.287597104917505,81428500
2010-01-22,4.17376708984375,4.331864330379851,4.1042042195748305,4.300245063200564,48623600
2010-01-25,4.142146110534668,4.230680444206745,3.984048935347031,4.173765364644337,34139700
2010-01-26,3.8449275493621826,4.091559333854708,3.8322797732740215,3.9524337968849355,67534400
2010-01-27,3.901838779449463,4.0093449191562724,3.8259521990257612,3.8259521990257612,38492200
2010-01-28,4.0662617683410645,4.142148688842738,3.914488530430956,4.015670689037695,38907900
2010-01-29,4.015669822692871,4.154795562308623,3.996698322820348,4.1042041923732695,29037400
2010-02-01,4.199063301086426,4.211711070306247,4.040966035065361,4.053613804285183,30603000
2010-02-02,4.161120891571045,4.287598912615111,4.110529803772087,4.230683788067948,35671900
2010-02-03,4.040966510772705,4.142148977989197,3.971403922648002,4.0978816297353164,34371800
2010-02-04,3.8702218532562256,4.009347646899818,3.8133070299899114,4.003023610122077,41144000
2010-02-05,3.908163547515869,3.946106847797008,3.7374185454774707,3.8765442813881927,24816400
2010-02-08,3.939781665802002,4.072583318703474,3.8322755371154353,3.9081621097601524,25259900
2010-02-09,3.9777281284332275,4.078910306089184,3.9524325840192387,3.9966999375170573,21901600
2010-02-10,4.021995544433594,4.097882178854853,3.9524326454407657,3.965080417844309,18117800
2010-02-11,4.034640789031982,4.116851408921308,4.021993024552586,4.059936317990776,19687200
2010-02-12,4.015669822692871,4.040965356887271,3.927135453012472,3.996698322820348,22126400
2010-02-16,4.186415672302246,4.2053874775416995,4.021994666928979,4.053613940265916,17782600
2010-02-17,4.085232734680176,4.23700594141361,4.059937200224603,4.211710406958037,16534700
2010-02-18,4.059937477111816,4.085233013292541,3.9903746018415354,4.053613442293347,18949400
2010-02-19,4.154796123504639,4.186415394745235,4.040965902708027,4.047289937884103,14485500
2010-02-22,4.306569576263428,4.34451288468091,4.1547963425935,4.173767846028936,23729800
2010-02-23,4.1295013427734375,4.27495086146951,4.110529535314537,4.255979054010609,20854700
2010-02-24,4.199063301086426,4.237006608745889,4.129500721150713,4.142148490370534,20217300
2010-02-25,4.135825157165527,4.154796964989584,4.047290757595457,4.097881843064068,18802500
2010-02-26,4.2686262130737305,4.2812739823839365,4.110528945922852,4.135824484543264,19859000
2010-03-01,4.205386161804199,4.319216052987163,4.142147333369219,4.274949023855937,16291900
2010-03-02,4.180090427398682,4.268624782907444,4.148470863943728,4.218033722616722,16207600
2010-03-03,4.186415672302246,4.230683016829895,4.167444168609407,4.180091938253505,12900100
2010-03-04,4.2180352210998535,4.237006724675366,4.161120107280093,4.173767876845972,11836200
2010-03-05,4.325540065765381,4.331863797805154,4.230681672796637,4.262300936088539,18875100
2010-03-08,4.414074897766113,4.439370431726655,4.312892761923949,4.312892761923949,19023600
2010-03-09,4.369807720184326,4.426722824421792,4.274949615183966,4.382455487620812,22997500
2010-03-10,4.610116481781006,4.818804835035407,4.3887803586792655,4.433047703918262,40783500
2010-03-11,4.6670308113098145,4.71762188218365,4.584820170366548,4.641735275872898,24929300
2010-03-12,4.641736030578613,4.768213728327369,4.59746868559324,4.7492422244383645,29002600
2010-03-15,4.572173118591309,4.6670315421066375,4.496286500397693,4.603792693611957,19977400
2010-03-16,4.755820274353027,4.768485562219623,4.565840654389811,4.6228346007716326,22336300
2010-03-17,4.876141548156738,4.9204702174906565,4.781152016956616,4.812815093368538,25224500
2010-03-18,4.749486446380615,4.901469867721971,4.648164165486378,4.89513737614819,26623500
2010-03-19,4.673495292663574,4.812813445496088,4.635499432800161,4.673495292663574,22666300
2010-03-22,4.825479030609131,4.838144318013711,4.534177118339515,4.616501637451421,19801300
2010-03-23,4.895136833190918,4.901469324062314,4.749485919578607,4.825477621820461,23056900
2010-03-24,4.971129417419434,5.0027927832867345,4.825478477965472,4.863474335827692,26987400
2010-03-25,4.869807720184326,5.097783196960786,4.844477145205194,5.0471217450382495,35378100
2010-03-26,4.831811904907227,5.0091259314929495,4.787483247278658,4.907803630586822,22603200
2010-03-29,4.838144302368164,4.926801615877798,4.7621525781864245,4.869807671759357,17755000
2010-03-30,4.825479030609131,4.8444771126981365,4.749487306181649,4.819146537888976,12744700
2010-03-31,4.971129417419434,4.9901274973326615,4.762152048195106,4.781150128108334,21527100
2010-04-01,4.920467376708984,5.02812243867755,4.850808165676821,5.002791871386615,20835000
2010-04-05,5.186441898345947,5.192774695503841,4.964799433178658,5.02179309777776,28483800
2010-04-06,5.414416313171387,5.5790653715669185,5.16744272557809,5.180108316498646,58256900
2010-04-07,5.300429344177246,5.636059711615293,5.249768179429191,5.4587456349971,54566600
2010-04-08,5.446080207824707,5.496741368498816,5.192773800525493,5.237102769061842,32548400
2010-04-09,5.43974494934082,5.515736655952704,5.382751018399808,5.477740500682562,17760100
2010-04-12,5.534736156463623,5.648724053868731,5.433413849405122,5.433413849405122,49794500
2010-04-13,5.281429290771484,5.4840738627572705,5.281429290771484,5.408082148262601,38303500
2010-04-14,5.5853986740112305,5.636059839912518,5.344757834015746,5.389086807125924,36670800
2010-04-15,5.4017510414123535,5.617061268354444,5.351089882594056,5.572732905370596,39132300
2010-04-16,5.256098747253418,5.446078336465655,5.072451951931564,5.446078336465655,55336900
2010-04-19,5.275096893310547,5.344755819183047,5.0914500851662226,5.192772378772952,29882900
2010-04-20,5.572731971740723,5.572731971740723,5.066119864504557,5.224436110270325,58631800
2010-04-21,5.5663981437683105,5.908361146992259,5.382751356924494,5.458743068315545,60841600
2010-04-22,5.629727363586426,5.667722934134419,5.427082106258544,5.477743269608338,28106700
2010-04-23,5.667720794677734,5.788041465161263,5.5727313002357715,5.667720794677734,27691000
2010-04-26,5.503073692321777,5.7310495247392605,5.446080338146094,5.705718943796061,21155500
2010-04-27,5.338423252105713,5.509404459520695,5.300427092719903,5.458743316291925,39730200
2010-04-28,5.3764190673828125,5.534735298605593,5.344755700352557,5.420748022796567,22352500
2010-04-29,5.47774076461792,5.522069715223731,5.33842293108088,5.420747434859183,24888900
2010-04-30,5.598062992095947,5.629726364552862,5.408083361283055,5.43974673373997,30368300
2010-05-03,5.598062992095947,5.674054723635385,5.515738465279407,5.60439578737305,20912900
2010-05-04,5.433411598205566,5.5917277883722285,5.3827504656665015,5.534733863283696,25258700
2010-05-05,5.490407466888428,5.585396973043203,5.192772754913018,5.319425631095569,24758100
2010-05-06,5.199105739593506,5.541068819740338,4.806481507123333,5.452411501210206,43556500
2010-05-07,5.059787273406982,5.306760844157494,4.907803816296778,5.22443632057399,46609300
2010-05-10,5.389084339141846,5.484073830723206,5.256098688570866,5.3257576088019665,28882900
2010-05-11,5.490407466888428,5.610727548279713,5.243433905386039,5.243433905386039,32127900
2010-05-12,5.579064846038818,5.623393202227959,5.515738105258426,5.53473588592112,20856400
2010-05-13,5.534736156463623,5.674054630633356,5.522071170045605,5.553734541983533,17484400
2010-05-14,5.230768203735352,5.389084428275077,5.123113122734061,5.389084428275077,34245400
2010-05-17,5.23710298538208,5.2877641481487645,5.040790526714656,5.224437392726061,27055800
2010-05-18,5.0154571533203125,5.332089546313118,4.857140956823909,5.313091771833491,28755000
2010-05-19,4.952131748199463,5.072452118387032,4.8128132976815445,4.964797034431616,36775400
2010-05-20,4.591169357299805,4.812811955535239,4.58483656496763,4.762150824734473,40050400
2010-05-21,4.730490207672119,4.762153583749261,4.432855740797186,4.483516900949146,42828400
2010-05-24,4.559505462646484,4.743152191155372,4.559505462646484,4.73681970153306,20185700
2010-05-25,4.717824459075928,4.736822543268524,4.33786549290275,4.3885266481306,35971100
2010-05-26,4.68616247177124,4.838145972602774,4.660831888299318,4.819148185981019,23517500
2010-05-27,4.990128040313721,4.996460532997685,4.717823909725093,4.812813715698701,23019100
2010-05-28,4.831811904907227,5.0281240138949865,4.806481329680694,5.0091259314929495,16599800
2010-06-01,4.673495292663574,4.869807386273334,4.673495292663574,4.774817585632675,17244200
2010-06-02,4.869807720184326,4.869807720184326,4.69882618809305,4.736822050561748,13643300
2010-06-03,4.838144302368164,4.971129970668344,4.8064812349412405,4.9078035338502275,13181400
2010-06-04,4.515178203582764,4.7304880353548056,4.477182350917109,4.679826898467266,25696900
2010-06-07,4.375861644744873,4.6291677393706445,4.356863861277426,4.55317600157221,20635000
2010-06-08,4.496181488037109,4.502514283048178,4.293536879111493,4.420189759690004,34936300
2010-06-09,4.299869537353516,4.5595081034965705,4.268206165010281,4.546842814952137,30532600
2010-06-10,4.534176349639893,4.534176349639893,4.344197070779244,4.382192926551373,23385000
2010-06-11,4.470849990844727,4.4771827845511245,4.337864342652618,4.4771827845511245,19446800
2010-06-14,4.534176349639893,4.603835569537574,4.420188782323503,4.5215110643825165,20885400
2010-06-15,4.654665946960449,4.673690297447646,4.470762279522351,4.58490928960533,16845500
2010-06-16,4.540517807006836,4.616616102246931,4.489785811771135,4.584908454031346,21471500
2010-06-17,4.534179210662842,4.584911236688636,4.4707641781306,4.572228230182187,19927900
2010-06-18,4.534179210662842,4.572228230182187,4.4707641781306,4.527837556216254,14760300
2010-06-21,4.546858787536621,4.661005759995175,4.508809796717103,4.603932424959147,19478200
2010-06-22,4.4390549659729,4.572226639143017,4.4390549659729,4.572226639143017,16738900
2010-06-23,4.483445167541504,4.521494169942657,4.37563950954494,4.44539616514035,17371600
2010-06-24,4.318565368652344,4.47076166351234,4.299541020786442,4.439054013887095,23105800
2010-06-25,4.432712078094482,4.432712078094482,4.280516095403454,4.394663082421725,24197300
2010-06-28,4.489787578582764,4.52149523927588,4.401006551983367,4.407347902689993,18553900
2010-06-29,4.286859035491943,4.4327134115883045,4.229785373620061,4.407347406842273,29651000
2010-06-30,4.172710418701172,4.388321694615049,4.153686072230262,4.2868577070727705,17448800
2010-07-01,4.052222728729248,4.280517056405807,3.9444170655934667,4.179053045165828,27632300
2010-07-02,3.9571006298065186,4.11563832111069,3.8810026105533124,4.064906308275219,18842300
2010-07-06,4.064905643463135,4.179052956060891,4.007832289550856,4.026856640059416,21651600
2010-07-07,4.198076248168945,4.210759246105936,4.033197274988057,4.064904618637274,30843900
2010-07-08,4.331249713897705,4.337591366747953,4.2171026840731045,4.267834697328483,24643800
2010-07-09,4.534179210662842,4.559545223675739,4.299543439100184,4.318567797666492,20138500
2010-07-12,4.591248512268066,4.64832214206588,4.470760208629397,4.489784550304361,20507200
2010-07-13,4.680031776428223,4.724422127517321,4.616616773167661,4.673690124908872,18449600
2010-07-14,4.534179210662842,4.597594243195084,4.4453981651177035,4.597594243195084,22484800
2010-07-15,4.4517364501953125,4.559542082421804,4.3249064725091575,4.559542082421804,23794800
2010-07-16,4.153685092926025,4.4073450019769425,4.128319102020934,4.394662006524396,21697500
2010-07-19,4.236126899719238,4.255151555262976,4.064906209372163,4.1410045291604725,19111600
2010-07-20,4.160027503967285,4.1790521532075475,4.014172867747075,4.1346615065712955,21502600
2010-07-21,3.931734085083008,4.280517079153895,3.9317340850830083,4.248809424279592,36413200
2010-07-22,4.185394287109375,4.198077288188417,3.995149270923757,4.001490620269979,22231500
2010-07-23,4.217101573944092,4.267833573844547,4.077588271831267,4.141003574093408,19309800
2010-07-26,4.496129035949707,4.5024703863802795,4.179053652368186,4.2424686686071595,26631800
2010-07-27,4.572226047515869,4.895642710232644,4.565884396096627,4.806861707069334,44147800
2010-07-28,4.616616725921631,4.667348728010893,4.508811070288656,4.508811070288656,23070800
2010-07-29,4.686371326446533,4.7497863053618605,4.597590355965075,4.673688330663468,24413000
2010-07-30,4.648324012756348,4.7053976655231144,4.597592011357702,4.616616663075485,17229200
2010-08-02,4.882961750030518,4.895644755781764,4.724424026946582,4.749790038449075,22209600
2010-08-03,4.806862831115723,4.921010164261857,4.794179827698002,4.857594844786603,15767500
2010-08-04,4.819544792175293,4.921009099959281,4.8068617915006175,4.819544792175293,13133200
2010-08-05,4.7371063232421875,4.7878386410359255,4.597593280872733,4.781496987916709,15962800
2010-08-06,4.692715644836426,4.7117399981391985,4.565885312475816,4.686373992144405,13619600
2010-08-09,4.81320333480835,4.832227684199314,4.654665678746273,4.718080680693787,16787900
2010-08-10,4.863935947418213,4.895643301182045,4.718081273422049,4.737105625203025,19654500
2010-08-11,4.546858787536621,4.787836031780067,4.540517137873452,4.768811385177059,17501300
2010-08-12,4.527835369110107,4.559543021253664,4.3946637139257,4.4517373668294695,13204900
2010-08-13,4.534179210662842,4.610277249701532,4.508813197649945,4.521496204156394,12732300
2010-08-16,4.553202152252197,4.553202152252197,4.46442113433611,4.534177799606352,14887200
2010-08-17,4.534179210662842,4.622960256207981,4.489788536696909,4.622960256207981,12800200
2010-08-18,4.572226047515869,4.661007050679178,4.470762043900659,4.527835394740923,27061800
2010-08-19,4.40100622177124,4.610275919961424,4.37564021607465,4.54686090571995,15343400
2010-08-20,4.3249101638793945,4.40100821544182,4.2424704568267115,4.362959189660607,12275700
2010-08-23,4.337589740753174,4.496127373939924,4.331248090280166,4.394663083077559,13209400
2010-08-24,4.160027503967285,4.305882140187494,4.1410031571135635,4.26783314409351,12927800
2010-08-25,4.109295845031738,4.1536864952960775,3.9634411968906975,4.102954193971161,20586000
2010-08-26,4.02685546875,4.210759082901744,3.9951481263297235,4.128319750699815,17536100
2010-08-27,4.185394287109375,4.185394287109375,4.026856622428061,4.090271627823267,13131000
2010-08-30,4.05856466293335,4.210760690379869,4.05856466293335,4.17271168351824,12162800
2010-08-31,4.077588081359863,4.160027728540487,4.026856083829189,4.045880734096471,14442000
2010-09-01,4.343931674957275,4.343931674957275,4.121979019025524,4.153686670895737,13605300
2010-09-02,4.394663333892822,4.394663333892822,4.312223989744446,4.3502729875944395,8420200
2010-09-03,4.369299411773682,4.5278371293514015,4.318567390530683,4.515154124040651,13639000
2010-09-07,4.16636848449707,4.312223097261742,4.160026834974632,4.293198451080919,12109400
2010-09-08,4.362955570220947,4.394662914207986,4.1853932948247285,4.21075929096897,16209400
2010-09-09,4.3819804191589355,4.496127717297923,4.293199422462604,4.477103066812571,13851400
2010-09-10,4.369299411773682,4.42003143301668,4.343933401152182,4.394665422395181,8154300
2010-09-13,4.616616725921631,4.622958074989497,4.4897864183118905,4.4897864183118905,13918500
2010-09-14,4.527835369110107,4.603933673777327,4.4834450189730255,4.59125037101064,20255100
2010-09-15,4.438930511474609,4.5214858038039925,4.40082813874045,4.502434768842283,16751600
2010-09-16,4.413529396057129,4.445281528096412,4.375427019296453,4.394478359082178,9689700
2010-09-17,4.337325572967529,4.4452824816868,4.330975326883898,4.4325816867087,25635200
2010-09-20,4.483382701873779,4.483382701873779,4.324622689897467,4.362725056434499,24188100
2010-09-21,4.502434730529785,4.648493976173241,4.457981811312824,4.489733939726473,19284000
2010-09-22,4.388127326965332,4.534186573157197,4.369076292094203,4.477033165733069,13547000
2010-09-23,4.292873859405518,4.483385824792479,4.292873859405518,4.33097625248291,13444600
2010-09-24,4.413529396057129,4.457982320349972,4.356375982321501,4.394478359082178,14530900
2010-09-27,4.426230430603027,4.502435491106627,4.4008288447054245,4.445281771431625,10829200
2010-09-28,4.508784770965576,4.508784770965576,4.388127112376139,4.4706824002758685,14300300
2010-09-29,4.57863712310791,4.629440260221413,4.432577952501298,4.464330064602529,28155000
2010-09-30,4.61674165725708,4.762800896873634,4.578639286419378,4.629442447536314,16714300
2010-10-01,4.55958890914917,4.718348972455614,4.527837078174356,4.654845007695195,12211600
2010-10-04,4.597689151763916,4.661193389828913,4.521484429458697,4.5532365484911965,11761000
2010-10-05,4.78820276260376,4.8390059267463865,4.610391688104565,4.667545096359649,18308000
2010-10-06,4.762801170349121,4.8390059164001284,4.737399588332119,4.794553299275746,9105500
2010-10-07,4.673893928527832,4.826303365039843,4.635791569399829,4.800901792287841,12562500
2010-10-08,4.711996555328369,4.7183467974717885,4.635791832743432,4.68659498113339,9048600
2010-10-11,4.648490905761719,4.743746622463082,4.635790123347501,4.699294035418589,5744000
2010-10-12,4.743749618530273,4.750100165153543,4.584989586677295,4.610391470359644,8845300
2010-10-13,4.6357927322387695,4.807253542729206,4.623091942676912,4.788202206981064,12596700
2010-10-14,4.553236484527588,4.623090963731384,4.445279644706442,4.610390176858934,14106900
2010-10-15,4.483382701873779,4.610390893141244,4.394477179954038,4.5849890126391974,14005700
2010-10-18,4.667545795440674,4.673896343315026,4.445281767621744,4.464333108434014,11702900
2010-10-19,4.661194801330566,4.7373995467120835,4.5659387181983,4.5659387181983,17524800
2010-10-20,4.623091697692871,4.680245096287239,4.483382717105098,4.629441940731938,19653500
2010-10-21,4.623091697692871,4.781851710208536,4.591339574065461,4.654843518509589,14803400
2010-10-22,4.5341877937316895,4.686597627782181,4.508786205191744,4.623093656432318,12958000
2010-10-25,4.464333534240723,4.591341475733862,4.451632740091409,4.584990927253796,14203800
2010-10-26,4.1150593757629395,4.267468836474943,4.057905676590598,4.223016228505949,53827900
2010-10-27,4.045204162597656,4.165861782090618,4.026153134831236,4.083306520941124,19982900
2010-10-28,3.994401693344116,4.102358544971365,3.943598540298512,4.089657756709963,31014900
2010-10-29,4.000752925872803,4.064256878084443,3.975351344988147,3.994402379246274,19494000
2010-11-01,3.9562981128692627,4.051554146964851,3.911845216208499,4.0325028190214995,12189000
2010-11-02,3.886445999145508,4.000753430350873,3.86104441505782,4.000753430350873,19734100
2010-11-03,4.000752925872803,4.007103169688602,3.89279605570765,3.89279605570765,19403100
2010-11-04,4.153161525726318,4.184913646467948,4.013452860646611,4.057905466312094,24216400
2010-11-05,4.096009731292725,4.305573280428627,4.038856311356392,4.146813208629516,39522700
2010-11-08,4.026154041290283,4.0896579861601765,3.943598761554074,4.08330744026784,22154300
2010-11-09,3.9372482299804688,4.108709033158086,3.9181971978555645,4.0388548449525095,23531400
2010-11-10,3.9690001010894775,4.0198032539337145,3.905496160034181,3.9690001010894775,21403000
2010-11-11,4.0706071853637695,4.153162475931359,3.9245479415944704,3.9308984883200084,23826700
2010-11-12,3.9054970741271973,4.051556324145312,3.899146527129965,4.032504985964363,20555200
2010-11-15,3.9372482299804688,4.000752477892005,3.9245474409603003,3.975350899851669,15669500
2010-11-16,3.7594375610351562,3.8483430930998352,3.5308230329152543,3.8483430930998352,79418100
2010-11-17,3.518122673034668,3.7530874736427613,3.4101657909145273,3.7530874736427613,73884200
2010-11-18,3.372062921524048,3.594326897732425,3.264106055214365,3.568925317754937,124940100
2010-11-19,3.492720603942871,3.4990711503900958,3.2514052895413363,3.2831574161560146,56849500
2010-11-22,3.3974645137786865,3.486370044021165,3.340311110028168,3.4673190103745655,30803400
2010-11-23,3.308558940887451,3.5308229150339274,3.283157361145609,3.3149091844175533,72941200
2010-11-24,3.327608108520508,3.416513890578784,3.2831555203019156,3.327608108520508,22443600
2010-11-26,3.333960771560669,3.3657129000331616,3.2895078522613272,3.2895078522613272,7149000
2010-11-29,3.4101643562316895,3.441916473900695,3.3085580641878907,3.3212588506933653,25187500
2010-11-30,3.416515588760376,3.454617955948213,3.365712432509927,3.365712432509927,22928800
2010-12-01,3.600677728652954,3.6070279727437544,3.4482679339340883,3.467319271827975,28193000
2010-12-02,3.848344326019287,3.8610451203832783,3.5816273415646434,3.6006786845160423,47685000
2010-12-03,3.861046075820923,3.8737468733277987,3.7530891456070323,3.7784907406207835,20281800
2010-12-06,3.854693651199341,3.8864454756264752,3.7530870257246205,3.873744685293476,24239800
2010-12-07,3.816591501235962,3.9499496560504475,3.791189616288101,3.9372488649818895,18902400
2010-12-08,4.019803524017334,4.1214098365325595,3.8292916880512853,3.8356419311781385,42035100
2010-12-09,4.127761363983154,4.15951349559964,3.9817021036067044,4.070607648197788,36481200
2010-12-10,4.102357864379883,4.1531610089971185,4.070605747588798,4.134109981170969,19232300
2010-12-13,4.159512042999268,4.2039646483655195,3.937247804925355,4.064255984226257,47789900
2010-12-14,3.943598985671997,4.153162167057639,3.9308981959762224,4.1277605876660886,36139600
2010-12-15,4.013566017150879,4.17258210485083,3.9372383678466902,4.17258210485083,96752400
2010-12-16,3.899075508117676,4.0390095664721795,3.899075508117676,4.013567010407725,34668700
2010-12-17,3.9690418243408203,4.083533613738557,3.962681337873807,3.9817634038731464,39878000
2010-12-20,4.013566017150879,4.051729841802973,3.99448425647439,4.013566017150879,15469700
2010-12-21,4.102614402770996,4.11533567598505,4.032647551743236,4.032647551743236,15716900
2010-12-22,4.395203113555908,4.414285171221419,4.115334855355525,4.134416913021036,40880000
2010-12-23,4.2934346199035645,4.401565614414182,4.274352554807929,4.337959236260623,13063000
2010-12-27,4.299795150756836,4.357040736002429,4.229827987346535,4.280713086808893,16492900
2010-12-28,4.318877696990967,4.337959764409855,4.287074352392543,4.3061564198114315,8354300
2010-12-29,4.369760513305664,4.382481783811542,4.306154160776275,4.325236218184599,17977300
2010-12-30,4.401564598083496,4.420646355473978,4.357039992007264,4.369761264700607,10544900
2010-12-31,4.452450752258301,4.46517202798993,4.369762308353139,4.388844373600152,9530400
2011-01-03,4.496974945068359,4.59874514132819,4.458811121470923,4.55422052881496,19962600
2011-01-04,4.471533298492432,4.541500170892916,4.407926609693198,4.528778893792904,15605100
2011-01-05,4.58602237701416,4.58602237701416,4.433366828915864,4.433366828915864,15210700
2011-01-06,4.54149866104126,4.706875511659954,4.503334842429039,4.586023267738386,28247400
2011-01-07,4.4651713371276855,4.592384074761315,4.395204179779643,4.560581042002453,25453800
2011-01-10,4.484251499176025,4.509694035921223,4.382481048896272,4.465169444967646,18965700
2011-01-11,4.592383861541748,4.611465922950377,4.503334949332655,4.52877749567811,16387800
2011-01-12,4.624186992645264,4.6750720830970804,4.5796623868503925,4.643269053214227,20313000
2011-01-13,4.605105876922607,4.636909216629731,4.566942051253534,4.624187941406706,15014400
2011-01-14,4.751400470733643,4.789564597911441,4.573302625966437,4.586023900592665,26048800
2011-01-18,4.802285671234131,4.846809978909994,4.675072627005282,4.757761060259169,22865800
2011-01-19,4.535138130187988,4.789563888317435,4.528777342167696,4.757760554814104,19513900
2011-01-20,4.5987443923950195,4.617826452735664,4.4397283349862,4.484252940248331,21217300
2011-01-21,4.7068772315979,4.738680273746352,4.624188776073401,4.713237718707918,16576500
2011-01-24,4.643270969390869,4.725959123849137,4.592385554640688,4.713237845986389,15919100
2011-01-25,4.4651713371276855,4.611466137055905,4.4333680010697325,4.509695946949001,46595600
2011-01-26,4.4333696365356445,4.47153377520354,4.318878130429568,4.420648358079414,30926300
2011-01-27,4.5478596687316895,4.566941427309679,4.420646630582397,4.433367904067417,22602800
2011-01-28,4.376121997833252,4.586023146291404,4.350679452765541,4.560580601223692,27082300
2011-01-31,4.516056537628174,4.535138600368318,4.401565071084605,4.4206468305256506,17078900
2011-02-01,4.655990123748779,4.675071880190496,4.535137887521389,4.554219643963105,25725200
2011-02-02,4.611464023590088,4.643267345072359,4.55421816624158,4.630546077139241,12138700
2011-02-03,4.789565563201904,4.8531719491522995,4.586024824861468,4.586024824861468,41935200
2011-02-04,4.986743450164795,5.107595381870145,4.770481524020185,4.783202795952277,43875600
2011-02-07,4.9549407958984375,5.082153532606077,4.9485803107126,5.031268437923021,17263800
2011-02-08,4.961303234100342,4.980384999301952,4.776844552889098,4.974024512001145,22539500
2011-02-09,4.840449333190918,4.986744132064202,4.827728059519289,4.929498248892325,15236300
2011-02-10,4.916776180267334,4.942218723496996,4.783202676662087,4.7895634641190235,12961600
2011-02-11,5.101234436035156,5.1457587294725196,4.878611755652335,4.884972239015243,19037600
2011-02-14,5.03126859664917,5.120317818452925,4.974023014974296,5.088514481623141,12170100
2011-02-15,4.986743450164795,5.0630710817573465,4.974022178232703,5.024907265961071,9540100
2011-02-16,4.935858726501465,5.037628909464689,4.929497938416729,4.961301272242271,14388700
2011-02-17,4.8976969718933105,4.942221600110237,4.8658939259948335,4.923139529931778,11181900
2011-02-18,4.9549407958984375,4.974022858054128,4.8658918802030895,4.878613153873854,12778500
2011-02-22,4.694154739379883,4.897695127017536,4.68143346515253,4.8595313043354755,17266200
2011-02-23,4.694154739379883,4.8150069961892905,4.5987450310251825,4.694154739379883,14627800
2011-02-24,4.713236331939697,4.732318394253626,4.6114661417296485,4.643269477819834,12531500
2011-02-25,4.808645725250244,4.840449059279173,4.745039360491459,4.745039360491459,9274600
2011-02-28,4.859530448913574,4.859530448913574,4.776842332640897,4.853169964569083,9888000
2011-03-01,4.72595739364624,4.853170428999412,4.719596908693074,4.840449155794003,15105800
2011-03-02,4.751400470733643,4.808646358201228,4.7068761611913965,4.719597435817626,10884000
2011-03-03,4.872252464294434,4.897695012152439,4.789564335405464,4.789564335405464,13455500
2011-03-04,4.757761001586914,4.859531193075695,4.694154631906426,4.853170707757193,12890500
2011-03-07,4.713236331939697,4.821367310687419,4.675072510610929,4.770482215582395,12924100
2011-03-08,4.859530448913574,4.891333780533176,4.725956941389724,4.725956941389724,10329300
2011-03-09,4.916776180267334,4.967661266726658,4.840448550578348,4.929497451882165,20795500
2011-03-10,4.668712615966797,4.846810471363849,4.668712615966797,4.8150074345496545,15180700
2011-03-11,4.757761001586914,4.783203549459109,4.630548262225938,4.643269536162036,12273300
2011-03-14,4.694154739379883,4.725957773298716,4.5987450310251825,4.687793950616656,12158800
2011-03-15,4.662351131439209,4.700514951905259,4.547859670041057,4.547859670041057,13461400
2011-03-16,4.585917949676514,4.700566095832106,4.573179300516265,4.668719321074808,13743000
2011-03-17,4.681459903717041,4.694198558138461,4.598658498121076,4.668721249295622,12127800
2011-03-18,4.522226810455322,4.7770002160542475,4.496749500266779,4.7642615609599765,43529600
2011-03-21,4.617764949798584,4.643242249362472,4.554071700888863,4.60502630001664,13042400
2011-03-22,4.649612903594971,4.662351556602897,4.585919334841892,4.592288813202577,14467600
2011-03-23,4.5668110847473145,4.636873821666687,4.509486999657517,4.617765692065616,12838400
2011-03-24,4.541332721710205,4.592287317142089,4.509485947708605,4.592287317142089,8867100
2011-03-25,4.573180675506592,4.579550153858465,4.522226063545384,4.534964716535686,7712600
2011-03-28,4.547704219818115,4.592289665477112,4.534965564446045,4.573181530562256,6201300
2011-03-29,4.554073810577393,4.579551121943722,4.528596499211062,4.53496567519589,4989800
2011-03-30,4.6050262451171875,4.617764894747266,4.522224870664995,4.573179469185309,14274400
2011-03-31,4.624134540557861,4.643242363845212,4.560440986364359,4.585918286556409,8638800
2011-04-01,4.643242359161377,4.74515155982678,4.617765058995026,4.668719659327728,13157800
2011-04-04,4.649612903594971,4.719675343281846,4.617766119218431,4.655982078242212,8935100
2011-04-05,4.579550743103027,4.662352150050656,4.579550743103027,4.617766706991128,9807500
2011-04-06,4.726043701171875,4.745151524296879,4.592287724443359,4.59865689758057,15023300
2011-04-07,4.66871976852417,4.738782497477016,4.643242467761932,4.732413020429766,8257400
2011-04-08,4.6305060386657715,4.700568801228197,4.605028725681895,4.694199321125464,8317900
2011-04-11,4.624134540557861,4.662350490845937,4.61139558674846,4.630503713749186,5224300
2011-04-12,4.6305060386657715,4.662352831752382,4.585920589087223,4.605028725681895,8016900
2011-04-13,4.592288494110107,4.681459058969631,4.547703059823634,4.675089884764948,12864300
2011-04-14,4.611395835876465,4.617765313125273,4.515856106851483,4.598657185092241,11618400
2011-04-15,4.5668110847473145,4.649612473496263,4.534964303316667,4.649612473496263,12432300
2011-04-18,4.445793151855469,4.528594529640935,4.439423674927336,4.484009102284135,18570600
2011-04-19,4.5668110847473145,4.61139621429412,4.350253699931116,4.5668110847473145,37997800
2011-04-20,4.496749401092529,4.64324408330251,4.484010746279204,4.624136252939267,13776900
2011-04-21,4.5668110847473145,4.579549736576889,4.45216291456772,4.522225651487092,10980500
2011-04-25,4.554073810577393,4.585920297928551,4.528596499211062,4.53496567519589,7269400
2011-04-26,4.675091743469238,4.694199577393526,4.554074348332418,4.592290319894538,12900000
2011-04-27,4.700567722320557,4.713306375888629,4.617766322271358,4.687829068752484,11759100
2011-04-28,4.738784313201904,4.745153488976203,4.655982902141536,4.706937523189917,9795800
2011-04-29,4.675091743469238,4.74515420614302,4.643244948644032,4.74515420614302,9251800
2011-05-02,4.681459903717041,4.719675866981299,4.649613419520232,4.694198558138461,6610200
2011-05-03,4.694196701049805,4.694196701049805,4.617764804758796,4.6559807529043,9194200
2011-05-04,4.694196701049805,4.70693535043164,4.630503454140631,4.6814580516679705,10775800
2011-05-05,4.528595447540283,4.668720627513982,4.528595447540283,4.6559819747891,16146600
2011-05-06,4.515857219696045,4.579550489313123,4.490379911849215,4.579550489313123,22796500
2011-05-09,4.534964084625244,4.573180038271067,4.509486782194696,4.509486782194696,8403000
2011-05-10,4.541332721710205,4.611395138572373,4.541332721710205,4.5731791919984595,12781800
2011-05-11,4.541332721710205,4.585917840856431,4.515855423994263,4.534963245424547,9886100
2011-05-12,4.5668110847473145,4.592288388406465,4.464901870110711,4.547702955146243,14324900
2011-05-13,4.490379810333252,4.5668117321458155,4.4840103316588085,4.560442253471372,12441000
2011-05-16,4.541332721710205,4.62413409114369,4.471270001134691,4.477639477420349,12319600
2011-05-17,4.617764949798584,4.62413442654624,4.509486274795375,4.534963574359263,11747000
2011-05-18,4.541332721710205,4.617764614858031,4.522224596566575,4.605025966000061,19479800
2011-05-19,4.522226810455322,4.56681225514202,4.509488155361051,4.554073600047748,12779500
2011-05-20,4.426686763763428,4.5413349638011855,4.407578932899465,4.490380343212625,18277100
2011-05-23,4.350255012512207,4.433056426244419,4.324777701165912,4.401209635204797,13387700
2011-05-24,4.312037467956543,4.369361549370747,4.286560165930985,4.356622898357968,15347400
2011-05-25,4.331145286560059,4.375730410059267,4.292929032541629,4.3184066364583735,8485400
2011-05-26,4.420316219329834,4.433054870532549,4.318407009708111,4.318407009708111,9183100
2011-05-27,4.445793151855469,4.490378579212268,4.413946374641559,4.439423674927336,8359000
2011-05-31,4.496749401092529,4.534965365532504,4.452163957389148,4.522226710719179,10998500
2011-06-01,4.165543556213379,4.471271537573694,4.140066249742807,4.464902362812776,27865000
2011-06-02,4.165543556213379,4.229236822389809,4.114588943272235,4.165543556213379,14516800
2011-06-03,4.050894737243652,4.171912066758242,4.044525260247073,4.089110688082989,15828000
2011-06-06,3.853447198867798,4.04452703700576,3.7706457838179253,4.04452703700576,35134200
2011-06-07,3.866184949874878,3.9617246947263163,3.859815471570946,3.89166225566372,16943100
2011-06-08,3.904400110244751,3.9744625349820293,3.8279682085058764,3.8279682085058764,20512300
2011-06-09,3.8980305194854736,3.9489851191576966,3.8725532196493626,3.917138646219243,28643300
2011-06-10,3.9107699394226074,3.9362472442751253,3.7770139370901754,3.8789234602136764,21214400
2011-06-13,3.853447198867798,3.8916631664953902,3.7833844396937892,3.8343390631972456,37826200
2011-06-14,3.9872026443481445,4.038157260272401,3.8534466256902378,3.9044012416144938,25911900
2011-06-15,3.9234068393707275,3.955304272936721,3.846852633773097,3.9297862044041776,26063000
2011-06-16,3.929786443710327,3.9425454787535665,3.865991268494132,3.878750303537371,19423600
2011-06-17,3.9999613761901855,4.108413328533682,3.9553046004606878,3.974443305544586,37657500
2011-06-20,3.9489243030548096,3.9999604323028,3.8787494732391603,3.968062699423143,15836300
2011-06-21,4.019100189208984,4.025479554942007,3.9361663052838574,3.9808227780132293,10575500
2011-06-22,3.961684465408325,4.121172566900772,3.9553047953329097,3.9935822073865794,28014000
2011-06-23,3.9361660480499268,3.9425454133660485,3.8532321695446443,3.891509274039532,20292000
2011-06-24,3.7894372940063477,3.948925394069581,3.7766782581692655,3.936166358232499,19594800
2011-06-27,3.7894372940063477,3.859612143210005,3.744780516476855,3.8213347314993484,24294800
2011-06-28,3.7894372940063477,3.8277144015175946,3.7384011506580186,3.8085756956622663,14624600
2011-06-29,3.917026996612549,3.9361656992637926,3.8149547270042037,3.821334091755046,19652200
2011-06-30,3.95530366897583,3.980821733611855,3.8915085073857667,3.917026572021792,11250200
2011-07-01,4.019100189208984,4.076515697603806,3.9234072696184077,3.9361663052838574,12580000
2011-07-05,3.9361660480499268,3.9999612222080727,3.8787502392079025,3.980822517860936,12274600
2011-07-06,3.8404738903045654,3.910648747784726,3.8021967782788724,3.8978897104428283,21705500
2011-07-07,3.9361660480499268,3.955304448197678,3.872370873891781,3.8978889435550395,16550600
2011-07-08,3.9234068393707275,3.961683942169543,3.840472964540275,3.8723707023056404,16166300
2011-07-11,3.7639191150665283,3.87875043432776,3.7447804097566224,3.846852997743785,11877300
2011-07-12,3.827713966369629,3.8978888075955638,3.738400725663496,3.7447800907571036,17227700
2011-07-13,3.7958152294158936,3.885128750818106,3.7766768349720583,3.846851657731141,14748600
2011-07-14,3.7575395107269287,3.8404733948497873,3.7384011092828264,3.8340940291015557,15267600
2011-07-15,3.8213350772857666,3.840473784872925,3.763919562923164,3.7894376369064178,14526700
2011-07-18,3.725642442703247,3.8277147383829737,3.6427085503637513,3.783057956923375,19009100
2011-07-19,3.7639191150665283,3.7766781505399982,3.661846527079365,3.7256420086461173,13969300
2011-07-20,3.8340940475463867,3.885130190575389,3.744780493046225,3.7766782345390553,14464700
2011-07-21,3.9744417667388916,4.0127188578873465,3.8659898563852964,3.8659898563852964,22338700
2011-07-22,3.95530366897583,3.9744423695525115,3.897888175644436,3.9680627012938423,9152100
2011-07-25,3.961684465408325,3.999961573262583,3.8723712137483908,3.9042686515272327,16714800
2011-07-26,4.095654010772705,4.165828852308513,3.9680633621440196,4.019099804115119,29206400
2011-07-27,3.9106481075286865,4.08289523554352,3.904268437802502,4.05099749531139,22731100
2011-07-28,3.9361660480499268,3.9872021873764436,3.9106479783866686,3.9106479783866686,10539900
2011-07-29,3.885129451751709,3.9553039829719987,3.8468523517590016,3.8851294517517094,13362100
2011-08-01,3.7702972888946533,3.9808214597589204,3.7192611631335346,3.9489240332578737,38487900
2011-08-02,3.6363282203674316,3.7702982362524886,3.5980511164287554,3.757539201606263,37248400
2011-08-03,3.680986166000366,3.6937452047099204,3.5023593198671303,3.649088417126742,52328200
2011-08-04,3.406665086746216,3.6427073444647604,3.4066650867462154,3.604430246256294,44492800
2011-08-05,3.2535579204559326,3.5151186709059488,3.2089014369689504,3.483220921958551,51296600
2011-08-08,2.8133699893951416,3.2216597448162063,2.7112977026395804,3.1068281180167903,39322300
2011-08-09,3.0494115352630615,3.0557908988397076,2.781471572659279,2.8835438234800335,28100600
2011-08-10,2.6985394954681396,2.9856180422245253,2.6857804557056224,2.947340922936974,22353200
2011-08-11,2.87078595161438,2.9026836949787542,2.7240568796972235,2.8069907690850564,22526600
2011-08-12,2.7431962490081787,2.9856180011618583,2.7176781698341075,2.9154434355329113,27470300
2011-08-15,2.902684211730957,2.902684211730957,2.76233448098117,2.76233448098117,18312300
2011-08-16,2.800611734390259,2.9218227608070824,2.78147332738731,2.8580275637980948,16753900
2011-08-17,2.896303415298462,2.985616652049693,2.83250824619044,2.8644056786447702,20354800
2011-08-18,2.673020839691162,2.7750931357864728,2.641123095061659,2.7750931357864728,25175900
2011-08-19,2.462496280670166,2.711297792040068,2.449737244405013,2.5964664656536915,30736700
2011-08-22,2.475254774093628,2.6028451009234708,2.475254774093628,2.577327035557502,28057500
2011-08-23,2.570948362350464,2.570948362350464,2.449737215082926,2.5199120658010203,18383000
2011-08-24,2.6538825035095215,2.6857802526034162,2.558189864626797,2.564569231925888,21787600
2011-08-25,2.583707571029663,2.8707860548332094,2.564568863483023,2.775093125498882,28893400
2011-08-26,2.628363847732544,2.6666409557054167,2.494393969827491,2.5773277037687143,21710500
2011-08-29,2.83888840675354,2.83888840675354,2.6794002871786344,2.6921593245766493,14104600
2011-08-30,2.8580260276794434,2.902682793683569,2.7431947347822594,2.7942308649587857,21047900
2011-08-31,2.896303415298462,2.9537192195953628,2.83250824619044,2.9026830843089453,14342000
2011-09-01,2.749574661254883,2.9600988933858585,2.749574661254883,2.8899243521417954,13475600
2011-09-02,2.6347429752349854,2.711297175415339,2.5900862063634373,2.6411223398170063,16496200
2011-09-06,2.481635332107544,2.5837077885162456,2.4369785468726386,2.519912446223408,24733200
2011-09-07,2.7878520488739014,2.8006110853186557,2.5773277954357448,2.5837074657578336,30761000
2011-09-08,2.6666412353515625,2.81337031673451,2.647502831457821,2.7431957635248643,23556000
2011-09-09,2.532670259475708,2.6730197621279754,2.50077267980466,2.634742666522718,25915300
2011-09-12,2.5454304218292236,2.6156051282717545,2.4816352341541954,2.4816352341541954,28120900
2011-09-13,2.4880144596099854,2.5900867478567413,2.4624962354485893,2.551809639764208,32058400
2011-09-14,2.4496376514434814,2.539180610976351,2.379282588767442,2.539180610976351,43244000
2011-09-15,2.513596534729004,2.513596534729004,2.462429072418968,2.488012879819292,32222900
2011-09-16,2.5583689212799072,2.564764989974151,2.4624300257356424,2.5391811726691884,29350600
2011-09-19,2.4368462562561035,2.5263892317508256,2.398470760682936,2.507201483964242,23983100
2011-09-20,2.417658805847168,2.48161812549359,2.4048669724160203,2.462430222856185,22750300
2011-09-21,2.315324068069458,2.4432425594109652,2.308928151126917,2.4368466424684243,25442400
2011-09-22,2.1874067783355713,2.2705537384672785,2.149031105784022,2.2257822983963593,27411800
2011-09-23,2.1938016414642334,2.289740395396942,2.1426341535427675,2.174613890677692,31923100
2011-09-26,2.302532196044922,2.315324029718118,2.1682179424763617,2.2513648613521373,22504500
2011-09-27,2.3089284896850586,2.404867410381383,2.2897407360439357,2.3664919030991376,26274500
2011-09-28,2.1938016414642334,2.3281160494607134,2.1874057245353864,2.308928146183484,30331300
2011-09-29,2.2705531120300293,2.3153245397486764,2.181010256592735,2.2705531120300293,22082800
2011-09-30,2.129843235015869,2.2385740220255816,2.129843235015869,2.219386262992824,19438600
2011-10-03,1.9315695762634277,2.1298432391436046,1.9315695762634277,2.123447319453623,39222500
2011-10-04,2.040299654006958,2.0466955714728763,1.8036504027865898,1.905985234731979,48196900
2011-10-05,2.129843235015869,2.1426350743710407,1.9443614118751273,2.008320761141739,31151800
2011-10-06,2.340907573699951,2.366491238031535,2.0530910449882955,2.1170502058172556,36457600
2011-10-07,2.1746139526367188,2.3600957013487163,2.142634214590629,2.353699784237637,26245300
2011-10-10,2.302532196044922,2.315324029718118,2.187405692986156,2.232177110842343,30720300
2011-10-11,2.3217198848724365,2.3473035498587986,2.2321769049294975,2.2449687374226786,35357000
2011-10-12,2.443241596221924,2.5199927217658242,2.3281151366420154,2.3409069654842276,31929500
2011-10-13,2.3536996841430664,2.417658852533903,2.2641566959052097,2.411262935694819,17848100
2011-10-14,2.3664917945861816,2.436846888044241,2.27694879587613,2.411263217695856,22807000
2011-10-17,2.21298885345459,2.3281154826346584,2.1938011073396866,2.321719567263024,18460400
2011-10-18,2.4496376514434814,2.494409207455235,2.2065927369810714,2.2513641405021874,28474000
2011-10-19,2.3792834281921387,2.526389672723504,2.3345120088754117,2.443242598644606,25055100
2011-10-20,2.360095739364624,2.3920753254351417,2.27055274587648,2.3664916565787277,22304300
2011-10-21,2.417658805847168,2.4368465559938897,2.3345118885447076,2.4112628891315944,26251900
2011-10-24,2.4944097995758057,2.5391812137247167,2.3984709024803235,2.43045048401526,26302200
2011-10-25,2.372887134552002,2.519993355736512,2.2897400736691624,2.449638126914007,51002600
2011-10-26,2.4560348987579346,2.4816187242840413,2.334512451839847,2.430451225722548,26394900
2011-10-27,2.711871385574341,2.7310592900394948,2.5391816178042323,2.596744873727602,40336600
2011-10-28,2.7310595512390137,2.7566432229851205,2.635120629700401,2.6862879731926146,27292500
2011-10-31,2.513596534729004,2.6798904441327447,2.513596534729004,2.6670986166778885,20626600
2011-11-01,2.3664917945861816,2.462430558392626,2.2833447134632263,2.372887712173278,31261000
2011-11-02,2.4816179275512695,2.500805676167511,2.4112626968010473,2.443242277828116,23103800
2011-11-03,2.551973581314087,2.609536840144075,2.417659158220076,2.5583694989618633,46191100
2011-11-04,2.5711615085601807,2.6031412514577212,2.4880145735024355,2.5327860000719906,26084800
2011-11-07,2.6607043743133545,2.667100444915758,2.539181930191297,2.564765755128762,25109700
2011-11-08,2.801414966583252,2.8525823130992385,2.673496295311843,2.7054760393750557,49531700
2011-11-09,2.609537363052368,2.7374560466221043,2.5903497587548645,2.6734965523465006,40666800
2011-11-10,2.647911787033081,2.718267018796714,2.5903486928458777,2.6862872848183317,37694100
2011-11-11,2.667099952697754,2.7566427897360866,2.622328381687899,2.750247025295465,27932300
2011-11-14,2.5711615085601807,2.667100432271371,2.5583696723974505,2.654308596108641,25422200
2011-11-15,2.5839521884918213,2.6031400866406975,2.532784866736545,2.5391807819559546,35654000
2011-11-16,2.5839521884918213,2.6862868320023745,2.532784866736545,2.545576697175364,27342800
2011-11-17,2.519993305206299,2.67349528685233,2.4944096415986268,2.5839524642254785,28078600
2011-11-18,2.622328281402588,2.6351201147760106,2.5327854477886285,2.5647651837128675,30265400
2011-11-21,2.53918194770813,2.590349445445329,2.5199941932406995,2.5583697021755607,20504900
2011-11-22,2.4944097995758057,2.6031405292852625,2.4688259818571834,2.519993464803755,17226100
2011-11-23,2.3536996841430664,2.468826187246572,2.3345119336258153,2.443242519890237,18056600
2011-11-25,2.360095739364624,2.4368467459338663,2.308928249161101,2.340907987722314,8919500
2011-11-28,2.417658805847168,2.507201792355885,2.366491472122577,2.4880140422091634,16663600
2011-11-29,2.2961368560791016,2.4048676221089686,2.2449695085312693,2.3984717036654897,37564200
2011-11-30,2.6287243366241455,2.6287243366241455,2.3984710321435805,2.417658782101847,37510200
2011-12-01,2.635120391845703,2.647912226564123,2.5135979620207123,2.577557288103511,20822500
2011-12-02,2.699080228805542,2.8078110031261687,2.6479128773561813,2.6926844623651074,27107900
2011-12-05,2.756643295288086,2.8269985469259136,2.7182677866623886,2.7630393658830847,27032500
2011-12-06,2.6607043743133545,2.737455696635034,2.641516772469009,2.7310596260326303,27504300
2011-12-07,2.6543078422546387,2.6798915073140432,2.564765014546723,2.6415160097249366,21198200
2011-12-08,2.5583689212799072,2.641515984417026,2.4688259419392153,2.6287241520098803,25080600
2011-12-09,2.635120391845703,2.635120391845703,2.5711612182536028,2.583953052972023,19569700
2011-12-12,2.5583689212799072,2.596744418501345,2.5263893402620425,2.564764989974151,16921800
2011-12-13,2.577557325363159,2.679892004589809,2.5263898332591337,2.5839530903241243,21571400
2011-12-14,2.551909923553467,2.5967928712562407,2.5134389565539754,2.5390862678869697,17650600
2011-12-15,2.545497417449951,2.609615831567553,2.532673765200429,2.590380200323277,13066000
2011-12-16,2.5583221912384033,2.6160286516590974,2.5390867044315053,2.564734020174036,15493000
2011-12-19,2.449320077896118,2.564733110680335,2.4300845979104166,2.5519094573565337,14526300
2011-12-20,2.6288514137268066,2.6416750672283027,2.500614878711847,2.500614878711847,16312600
2011-12-21,2.705793619155884,2.718617274005341,2.5775570706613107,2.62885169005914,15449400
2011-12-22,2.8212063312530518,2.853265309969339,2.7122051309896844,2.7186168044369436,14638200
2011-12-23,2.8212063312530518,2.853265309969339,2.7699117207149953,2.853265309969339,6548000
2011-12-27,2.795560121536255,2.821207436856211,2.763500824516252,2.795560121536255,7154100
2011-12-28,2.7186174392700195,2.8083833344131355,2.6737347974385286,2.7955596787841284,8561900
2011-12-29,2.795560121536255,2.795560121536255,2.705794212176293,2.718617869836271,10940300
2011-12-30,2.757089138031006,2.7827364532530523,2.744265480419983,2.7763244715774835,6497900
2012-01-03,2.78914737701416,2.85967762772432,2.7699120486550455,2.8147946853196673,14255500
2012-01-04,2.7827365398406982,2.7827365398406982,2.6993826099053493,2.7827365398406982,16914500
2012-01-05,2.898148536682129,2.9494431523462334,2.7186170761177375,2.7506763637778158,31886900
2012-01-06,2.827618360519409,2.923795920250961,2.8019710520229997,2.904560591748671,18310300
2012-01-09,2.904561758041382,3.007151033220539,2.8660904741090407,2.8725024566778163,25590700
2012-01-10,3.013561487197876,3.0327971213585574,2.9173842336145652,3.000737833004099,19395200
2012-01-11,3.0776801109313965,3.1033274197108214,2.949443261294233,2.987914224463371,18766800
2012-01-12,3.0071494579315186,3.0648560478603954,2.9558548472125157,3.03279676329102,42072700
2012-01-13,3.071268081665039,3.1225626984021537,2.904560577269417,2.9366195598600973,25850900
2012-01-17,3.0776801109313965,3.1417983828799594,3.045620822087096,3.064856456541684,17048500
2012-01-18,3.1482107639312744,3.1674464027039764,3.0456215057838114,3.0776808018249464,15687500
2012-01-19,3.1674461364746094,3.1995051240810244,3.1353868431281136,3.1802697926651913,18676200
2012-01-20,3.1482107639312744,3.161034421199707,3.071268820320677,3.148210763931274,21891000
2012-01-23,3.1546218395233154,3.199504474203839,3.109738899102774,3.141798185937449,27691600
2012-01-24,3.353389263153076,3.359800938300021,3.0776805055527556,3.148210460869534,43505100
2012-01-25,3.4110958576202393,3.5008614495802233,3.270035335943045,3.340565596781642,27643900
2012-01-26,3.3149170875549316,3.475212882459987,3.257210503552323,3.4559772525457952,22767900
2012-01-27,3.404683828353882,3.411095809129912,3.2828589452699486,3.2892709260459787,18874500
2012-01-30,3.3149170875549316,3.3597997144547693,3.2828578062779346,3.353388041643349,12166300
2012-01-31,3.346977472305298,3.3662131103184736,3.2828591884948697,3.346977472305298,19252800
2012-02-01,3.4110958576202393,3.44315484473591,3.3533892527759255,3.4110958576202393,16561000
2012-02-02,3.488037347793579,3.5008610021489215,3.353388824192464,3.379036132903149,19688400
2012-02-03,3.61627459526062,3.6419219089635955,3.5329209785959974,3.5585682922989728,23756800
2012-02-06,3.5842151641845703,3.6098624747260653,3.5393322178669253,3.5906268389499147,13781200
2012-02-07,3.5842151641845703,3.603450494220662,3.532920543101581,3.5649795284084203,10433400
2012-02-08,3.539332389831543,3.609862650117518,3.5265087339377357,3.584215338329904,15727000
2012-02-09,3.641920328140259,3.654743979425472,3.552154769143763,3.5713903989415656,17024600
2012-02-10,3.6355082988739014,3.6739792489571252,3.5713900487351946,3.597037348790677,20558100
2012-02-13,3.68680477142334,3.7188640656447958,3.6547454772018844,3.6932167525636665,23185800
2012-02-14,3.6226859092712402,3.6803922016036044,3.5842149458029837,3.6675685471141857,14735300
2012-02-15,3.706040143966675,3.7509227857776124,3.6355098851694017,3.65474521573407,29291400
2012-02-16,3.7893929481506348,3.7893929481506348,3.661156419144184,3.7060393571664427,20137500
2012-02-17,3.8471007347106934,3.879160029795988,3.8022177827393007,3.834277077824595,17081400
2012-02-21,3.834275960922241,3.898394226675454,3.770157695169028,3.859923267223526,17806200
2012-02-22,3.718864679336548,3.8150419663920356,3.673981721167885,3.802218307735295,18396100
2012-02-23,3.7893929481506348,3.866335171294507,3.6034498282212803,3.7124510307467644,27750600
2012-02-24,3.718864679336548,3.8086302899337348,3.673981721167885,3.802218307735295,9875200
2012-02-27,3.738098382949829,3.7509220360096567,3.629097179071291,3.7060394031702626,18419100
2012-02-28,3.738098382949829,3.8022166482489674,3.699627423770346,3.7573340154095733,17490800
2012-02-29,3.693215847015381,3.7958050741858034,3.6803918878790642,3.7573341139968948,19058100
2012-03-01,3.7509236335754395,3.789394609140197,3.6996289994890956,3.7316882986631286,13853400
2012-03-02,3.8214526176452637,3.847099926026236,3.7252750583466017,3.7958053092642916,22915200
2012-03-05,3.802216053009033,3.8278633551135828,3.7573334271960497,3.815039704061308,15356100
2012-03-06,3.68680477142334,3.750923054126163,3.6419218206613198,3.7316877221853604,19287600
2012-03-07,3.738098382949829,3.770157668469401,3.6868037707105183,3.712451076830174,19252400
2012-03-08,3.712451457977295,3.7958053642938925,3.6739804948481045,3.782981709917496,20082600
2012-03-09,3.718864679336548,3.757335655306771,3.686805379824626,3.718864679336548,16154800
2012-03-12,3.609863042831421,3.699628643853593,3.5970393855425393,3.699628643853593,20877500
2012-03-13,3.706040143966675,3.7316874552129438,3.603450593241532,3.648333540792536,36250700
2012-03-14,3.9629571437835693,4.007917563108707,3.8473439369020466,3.8923046624970707,155278200
2012-03-15,4.136376857757568,4.2262980072412395,3.9436883740226585,4.014340858894779,63855600
2012-03-16,4.117108345031738,4.296950970282035,4.110685558203122,4.2262984775476395,54444600
2012-03-19,4.07857084274292,4.187760978939729,4.072148055697785,4.104262603463352,48507500
2012-03-20,4.149223327636719,4.162069207965287,4.0271873113803505,4.0271873113803505,48395500
2012-03-21,4.232721328735352,4.2584130871213395,4.1749147192319205,4.219875449542358,61527300
2012-03-22,4.136376857757568,4.2006062502459045,4.097839222264567,4.1684914008667855,21917200
2012-03-23,4.129953384399414,4.142799261712092,4.02718636589799,4.09141575246138,27746500
2012-03-26,4.2455668449401855,4.2455668449401855,4.155645392007429,4.226297874663197,19665500
2012-03-27,4.22629976272583,4.296952276944993,4.213453878892349,4.277683298059756,23439400
2012-03-28,4.207030296325684,4.258413821964536,4.142800583007147,4.23272205914511,19884700
2012-03-29,4.187760829925537,4.194183923012064,4.091416577517187,4.162069070119302,16993600
2012-03-30,4.232721328735352,4.232721328735352,4.1235312024599455,4.226298236003895,24444800
2012-04-02,4.22629976272583,4.258414625444549,4.168493132340148,4.213453878892349,14670100
2012-04-03,4.271259784698486,4.271259784698486,4.168492425194132,4.226299045773458,28854500
2012-04-04,4.155645370483398,4.245566822950409,4.123530828547944,4.200606096716904,29464300
2012-04-05,4.129953384399414,4.18133719992,4.0593012123146215,4.13637647619069,27900000
2012-04-09,3.9950714111328125,4.065723887571345,3.9501109948927273,4.052878010607054,18491500
2012-04-10,3.9051527976989746,4.020766071410235,3.840923371342754,3.9822281093264396,27960000
2012-04-11,3.9758026599884033,4.00791719854665,3.9372650299565923,3.962956783311133,22752400
2012-04-12,4.046457290649414,4.052880079274941,3.9565357997318564,3.975804778148482,12921900
2012-04-13,3.9244191646575928,4.0336092698659005,3.866612566307345,4.027186178373713,28571400
2012-04-16,3.9886488914489746,4.0271865249086405,3.8666128990250903,3.975803013629086,24395300
2012-04-17,4.040033340454102,4.110685837997468,4.020764672386792,4.040033340454102,19852300
2012-04-18,3.9886488914489746,4.046455494773416,3.9629571358091975,4.007917555043864,15807400
2012-04-19,3.9308414459228516,4.033608752733456,3.885881036321168,4.033608752733456,17409900
2012-04-20,3.8987274169921875,3.9822254626250437,3.8409208185564827,3.962956800659715,23152700
2012-04-23,3.911573886871338,3.943688430439977,3.7959606724685004,3.815229643625609,21115400
2012-04-24,4.1427998542785645,4.174914705288753,3.9308426951670916,3.9629575461772797,51517300
2012-04-25,4.271259784698486,4.303374335699241,4.155646543539835,4.245568021389892,37160700
2012-04-26,4.335489273071289,4.348335154962923,4.213453241965773,4.239145005749042,21268800
2012-04-27,4.418986797332764,4.444678556109239,4.284104910621304,4.361180186950731,22356400
2012-04-30,4.329065799713135,4.412564177828303,4.303374038180769,4.406141390580189,20117200
2012-05-01,4.393294811248779,4.457524204866763,4.322642325134043,4.348334082581237,18861000
2012-05-02,4.374027252197266,4.418987995380529,4.303374743272139,4.348335486455403,14286100
2012-05-03,4.483216762542725,4.483216762542725,4.335488977717837,4.380449714410616,34477100
2012-05-04,4.303373336791992,4.470370065804232,4.303373336791992,4.431832429786771,32698900
2012-05-07,4.309796333312988,4.393294695960161,4.277681484211799,4.277681484211799,24332500
2012-05-08,4.303373336791992,4.329065094136967,4.226298064757069,4.277681579447018,22575900
2012-05-09,4.2134528160095215,4.271259431812944,4.1428003196131105,4.22629869660251,33502000
2012-05-10,4.28410530090332,4.341911916551536,4.239144565813603,4.309797062020316,21164700
2012-05-11,4.277681350708008,4.309796198806913,4.174914326823337,4.2070291749222415,13481100
2012-05-14,4.149223327636719,4.2455675832359505,4.142800234337462,4.194184061921679,21945200
2012-05-15,4.065724849700928,4.20060674287991,4.027187209688352,4.15564600973027,35380700
2012-05-16,4.027185916900635,4.1620677667805,3.995071074064538,4.1042611721834605,19353100
2012-05-17,3.9758026599884033,4.117107303438377,3.9693795685148388,4.020763381493778,22373800
2012-05-18,3.937267303466797,4.0207657032187605,3.9051524400944926,4.00149672394137,16579200
2012-05-21,3.9822275638580322,4.046457287686406,3.9436899133230217,3.950113008213868,20118400
2012-05-22,4.040033340454102,4.110685837997468,3.9822267237122606,3.9950726045137857,22049500
2012-05-23,4.052879810333252,4.084994670139871,3.917997889177454,4.001496279658663,21528000
2012-05-24,4.065724849700928,4.129954249721886,4.020764422821225,4.0849938228421845,22893100
2012-05-25,4.059302806854248,4.142800889050701,4.052879712539909,4.072148689212932,9416400
2012-05-29,4.1427998542785645,4.1427998542785645,4.046455913787835,4.117108095978381,15164100
2012-05-30,3.9822275638580322,4.0914177268422405,3.962958891725538,4.084994938221416,14664800
2012-05-31,4.040033340454102,4.059302314791368,3.90515143890311,3.9822267237122606,16986000
2012-06-01,3.77669095993042,3.930841461346443,3.750999209694416,3.917995586228441,27797500
2012-06-04,3.56473445892334,3.7509998321803923,3.506927858164299,3.667501476921749,40786500
2012-06-05,3.6289641857147217,3.6546559426252414,3.5454658226205833,3.551888914983164,19725900
2012-06-06,3.8216536045074463,3.8409225815873325,3.6418112476885076,3.673925801128318,21829000
2012-06-07,3.911573886871338,3.995071945165724,3.8280755223070457,3.93084255175854,23843500
2012-06-08,3.950112819671631,3.969381490884415,3.8023850132035855,3.8666144276962124,22293400
2012-06-11,3.8537681102752686,4.040033544436975,3.8537681102752686,4.027187662986856,16793300
2012-06-12,3.9758026599884033,3.982225445192109,3.8088059569140302,3.8601897698929704,14956900
2012-06-13,3.98223614692688,4.046569463766278,3.917902830087482,3.950069335124455,16707100
2012-06-14,4.072303771972656,4.098037104910436,4.007970439628208,4.059437105503767,20100500
2012-06-15,4.149503707885742,4.149503707885742,4.04657037769494,4.110903709064192,19923300
2012-06-18,4.265304088592529,4.278170755100095,4.117337270372764,4.175237116274045,29114800
2012-06-19,4.329635143280029,4.374668605746862,4.252435184850057,4.271735021074868,20341200
2012-06-20,4.336071014404297,4.361804656638411,4.246004340264343,4.342504501654214,16161200
2012-06-21,4.188104629516602,4.3618048031465415,4.175237654584579,4.342504647514074,17156500
2012-06-22,4.291037559509277,4.329637560272467,4.200970891061836,4.220270738060662,11907500
2012-06-25,4.117336273193359,4.213836402011456,4.104469609801977,4.213836402011456,12591700
2012-06-26,4.091603755950928,4.188103903861968,4.027270426265405,4.155937085636451,30158900
2012-06-27,4.123770713806152,4.136637381136064,4.033704042496768,4.11733753352397,38252700
2012-06-28,4.207404136657715,4.2395709578440455,4.0208373100142945,4.059437311378567,26919600
2012-06-29,4.342503547668457,4.342503547668457,4.278170223130171,4.336070061831884,13872500
2012-07-02,4.40683650970459,4.40683650970459,4.291036535061269,4.387536667313435,16385300
2012-07-03,4.413269996643066,4.4518699882051065,4.381103183625301,4.406836511333328,7056400
2012-07-05,4.336071014404297,4.41970450805989,4.329637833919936,4.393971172591331,12849100
2012-07-06,4.297469615936279,4.3296364282111135,4.24600296170891,4.284602952379437,12283000
2012-07-09,4.265304088592529,4.310337267986244,4.175237116274045,4.29103742160766,17789100
2012-07-10,4.136636734008789,4.297470203854993,4.085170072740484,4.297470203854993,19003300
2012-07-11,4.220271110534668,4.246004446647975,4.11733776608144,4.1302044341380935,17732200
2012-07-12,4.162369728088379,4.200970027684022,4.123769735258209,4.168803213609477,17688100
2012-07-13,4.310336589813232,4.316770075437557,4.162369794874036,4.175236459357206,10887200
2012-07-16,4.284603595733643,4.316770412838482,4.252437085394306,4.284603595733643,8572300
2012-07-17,4.40683650970459,4.413269995011951,4.278169871212011,4.3232030413016815,22593800
2012-07-18,4.323201656341553,4.393968438224697,4.3039018201332,4.3682351187699835,14706800
2012-07-19,4.278171539306641,4.355371552503114,4.233138044892573,4.348938371452866,13646200
2012-07-20,4.123770713806152,4.291037695860556,4.104470866194058,4.18167087017353,24504700
2012-07-23,4.110902309417725,4.130202455640105,4.001535529943545,4.040135822388305,19290200
2012-07-24,4.278171539306641,4.374671709185025,4.200971526110166,4.316771545904877,55122200
2012-07-25,4.445436000823975,4.471169325625657,4.291036052013879,4.3232025546332675,54846100
2012-07-26,4.548371315002441,4.5612379822355456,4.458304337605173,4.484037672071381,25423800
2012-07-27,4.567672252655029,4.612705752101999,4.484038742295921,4.586972411493908,23248600
2012-07-30,4.5355024337768555,4.593402254679416,4.529068949918018,4.554802271822577,14821100
2012-07-31,4.477604389190674,4.54837121073322,4.477604389190674,4.509771209918796,14849100
2012-08-01,4.413269996643066,4.529069971329186,4.400403332789053,4.509770128930898,17424300
2012-08-02,4.323201656341553,4.432568417406766,4.29746833688684,4.361801942288988,24547200
2012-08-03,4.458303451538086,4.509770417007224,4.381103463482605,4.400403613879217,19831800
2012-08-06,4.503337383270264,4.5548040471394415,4.496903896903859,4.529070715204853,13054000
2012-08-07,4.477604389190674,4.561237877671361,4.471170902338835,4.529071056943239,16338400
2012-08-08,4.451869487762451,4.503336137393046,4.439002825354803,4.451869487762451,14447300
2012-08-09,4.484036922454834,4.484036922454834,4.419703597044207,4.432570262126332,15703400
2012-08-10,4.503337383270264,4.503337383270264,4.432570567067387,4.445437233034681,9166000
2012-08-13,4.496903419494629,4.503336905178029,4.413270252968803,4.477603575975393,14514300
2012-08-14,4.5355024337768555,4.586969077585974,4.490468967061179,4.522635772824575,19726600
2012-08-15,4.5355024337768555,4.554802271822577,4.496902144154621,4.529068949918018,9341800
2012-08-16,4.593405246734619,4.612705404117485,4.490471892067587,4.541938569401103,14300200
2012-08-17,4.606269836425781,4.612703321570673,4.57410333099769,4.612703321570673,9880200
2012-08-20,4.586970329284668,4.632003501523663,4.5676701792069,4.593403508133605,7563500
2012-08-21,4.522637844085693,4.63200435888465,4.5097711772407845,4.593404358349924,10697900
2012-08-22,4.561237812042236,4.580537658788985,4.477604324764906,4.503337658270926,11480800
2012-08-23,4.509771347045898,4.580537863974681,4.490471192669065,4.561238016363394,9530500
2012-08-24,4.619138717651367,4.63200538735313,4.477605350931975,4.484038532400054,11452000
2012-08-27,4.567672252655029,4.657738944783352,4.541938912046938,4.638439092710092,8758300
2012-08-28,4.5741047859191895,4.5998381211530495,4.5290712958771575,4.5548046311110175,8419900
2012-08-29,4.5355024337768555,4.599835738538254,4.522635772824575,4.5741024166336945,7254400
2012-08-30,4.522637844085693,4.535504510930602,4.477604356745745,4.5097711772407845,9792900
2012-08-31,4.477604389190674,4.561237877671361,4.471170902338835,4.5548043908195215,13472100
2012-09-04,4.509771347045898,4.516204527327812,4.43900452335157,4.4840377056216045,10960700
2012-09-05,4.496903419494629,4.516203569779347,4.477603575975393,4.503336905178029,7440500
2012-09-06,4.644870758056641,4.644870758056641,4.522637583456784,4.529070763125741,19027800
2012-09-07,4.7413716316223145,4.760671787108984,4.651304955137507,4.670605110624177,14310200
2012-09-10,4.7735371589660645,4.876470475569489,4.767103673295609,4.825003817267777,17988100
2012-09-11,4.715638160705566,4.812138321849702,4.677038157601023,4.779971499213138,19691000
2012-09-12,4.6963114738464355,4.7736169391907906,4.683427229622377,4.7542907264470085,19857900
2012-09-13,4.88957405090332,4.9153425320076325,4.657657413779988,4.7027524093047965,31098100
2012-09-14,4.908901214599609,4.979764705035916,4.883132728474513,4.934669700724705,28851200
2012-09-17,4.760731220245361,4.902458169992175,4.754289253721152,4.896015896283448,16627700
2012-09-18,4.689868450164795,4.773615865186748,4.670541934584625,4.760731623861483,17647700
2012-09-19,4.928227424621582,4.960437876671526,4.696310756812978,4.702753031533707,43641900
2012-09-20,4.883132457733154,4.896016700081346,4.747847759484858,4.876690490151343,25494200
2012-09-21,4.844480514526367,4.979765234663755,4.8315962700935025,4.979765234663755,18249300
2012-09-24,4.792943477630615,4.8509227304551175,4.773616957627577,4.799385446175219,12356700
2012-09-25,4.644774436950684,4.825153853757435,4.638332161329567,4.799385365642185,16901000
2012-09-26,4.606120586395264,4.670541791041691,4.561025589550498,4.619004827324549,16307300
2012-09-27,4.689868450164795,4.715636932815326,4.612562695028658,4.66409966032972,16239800
2012-09-28,4.638331890106201,4.689869170507703,4.619005678742155,4.6447741653506105,10087700
2012-10-01,4.59323787689209,4.709196083917149,4.586795600687268,4.67054334824213,11909800
2012-10-02,4.6190056800842285,4.638331891453889,4.573910674914034,4.631889923392199,12283200
2012-10-03,4.715638160705566,4.780059384106335,4.606121927331949,4.638332385440021,16736500
2012-10-04,4.838038921356201,4.9153443939526476,4.728522681585582,4.734964650709631,44795100
2012-10-05,4.876689434051514,4.97332107714404,4.838036715377603,4.896015639796218,17987200
2012-10-08,4.831595420837402,4.896016631678322,4.812268903992845,4.838037695513776,9858800
2012-10-09,4.786501884460449,4.863807668311857,4.773617638349324,4.838039176089607,12167700
2012-10-10,4.863807201385498,4.896017659978772,4.7800594561106555,4.7800594561106555,15323100
2012-10-11,4.908901214599609,4.95399621891082,4.896016971537061,4.934669700724705,12061600
2012-10-12,4.689868450164795,4.850921620322885,4.670541934584625,4.805826622092185,22036700
2012-10-15,4.760731220245361,4.767173493954088,4.631888817916001,4.722078499546553,20387000
2012-10-16,4.580352783203125,4.799384911454754,4.541700054688132,4.773616425778092,29515100
2012-10-17,4.625448703765869,4.6898702421926,4.5610274725238,4.599680211269042,24020200
2012-10-18,4.65121603012085,4.734963763330837,4.606121333149766,4.65121603012085,21805800
2012-10-19,4.59323787689209,4.651216826812301,4.51593240554205,4.638332581587294,19641500
2012-10-22,4.561026096343994,4.644773825282155,4.496604884539474,4.561026096343994,29660100
2012-10-23,4.2131500244140625,4.3162239334297405,4.148728831279264,4.232476535946742,78830800
2012-10-24,4.161613941192627,4.2711301460426245,4.1100769758948745,4.245361663393748,30320300
2012-10-25,4.258245468139648,4.258245468139648,4.129402760920379,4.1938242681222695,26533000
2012-10-26,4.238919258117676,4.264687739970069,4.1551715385051295,4.251803499043872,26657000
2012-10-31,4.200267791748047,4.284015536411714,4.09719383350638,4.277573260429297,25591900
2012-11-01,4.303340911865234,4.303340911865234,4.148730004614963,4.213151215969243,23302400
2012-11-02,4.290454864501953,4.367760592787368,4.264686390801628,4.348434083919905,24937700
2012-11-05,4.238919258117676,4.2711300140254345,4.206708809394451,4.245361532173041,17183800
2012-11-06,4.3806471824646,4.393531426234835,4.245362469284823,4.25180443757764,19538800
2012-11-07,4.2067084312438965,4.316224315679671,4.200266157767642,4.296898109619919,26524100
2012-11-08,4.110077857971191,4.290457275225103,4.110077857971191,4.2195940863248,27716700
2012-11-09,4.155171871185303,4.219593388158673,4.090750661396491,4.097192935967652,14840500
2012-11-12,4.2067084312438965,4.2453611505479065,4.12940268545137,4.1809396445233835,15816400
2012-11-13,4.155171871185303,4.25824611403196,4.148729903798701,4.174498387714226,18309400
2012-11-14,4.026330471038818,4.20026793510031,4.019888194836531,4.174499444660433,23220300
2012-11-15,4.058541774749756,4.1294049792444625,3.987678263070372,4.013446756920207,25281900
2012-11-16,4.07142448425293,4.1358456945512465,3.987676757272837,4.11007721043192,26944600
2012-11-19,4.168056964874268,4.2002677299431355,4.1229622623993984,4.142288475693022,13808300
2012-11-20,4.258245468139648,4.271129708143124,4.129402760920379,4.1744977545248,19592600
2012-11-21,4.238919258117676,4.2711300140254345,4.180940020357523,4.264687739970069,7115800
2012-11-23,4.309783458709717,4.309783458709717,4.226035725069096,4.258246486372284,4336100
2012-11-26,4.284015655517578,4.3033418696328924,4.219594429825473,4.3033418696328924,12192200
2012-11-27,4.245363712310791,4.335553445109644,4.245363712310791,4.303342672660564,16357400
2012-11-28,4.264688014984131,4.277572256741185,4.1809402899710015,4.219593322426718,11786100
2012-11-29,4.29689884185791,4.329109293174674,4.271130357930676,4.284014599894293,13022900
2012-11-30,4.29689884185791,4.329109293174674,4.25180384139297,4.303340809247439,14760800
2012-12-03,4.238919258117676,4.335551218656418,4.226035017191479,4.309782736804025,11320800
2012-12-04,4.155171871185303,4.2389195975030365,4.122961419883176,4.2260353555452745,19936000
2012-12-05,4.232478141784668,4.2518043534653955,4.129403886477268,4.174498892373293,23887200
2012-12-06,4.2131500244140625,4.284013490454581,4.174497308533184,4.277571217548861,10795600
2012-12-07,4.2775726318359375,4.284014906871657,4.213151417401654,4.213151417401654,9829800
2012-12-10,4.322668075561523,4.367763083848293,4.2389203346795,4.2646888230763365,11709500
2012-12-11,4.354878902435303,4.393531635587824,4.322668137882561,4.348436626650908,10245600
2012-12-12,4.374233245849609,4.451653227068979,4.348426277803494,4.387136576052837,17598900
2012-12-13,4.341975212097168,4.387137026262822,4.309716729458888,4.361330363208074,11013200
2012-12-14,4.322619915008545,4.3613302159230845,4.322619915008545,4.341975065465815,8104500
2012-12-17,4.458105564117432,4.464557384233935,4.335523750661331,4.361330723487624,12274700
2012-12-18,4.548430442810059,4.574237115048543,4.471010118454804,4.522623770571573,26744500
2012-12-19,4.548430442810059,4.638753795644756,4.535527106690816,4.638753795644756,25171800
2012-12-20,4.632300853729248,4.638752674048795,4.5419775227336725,4.548429343053219,13758300
2012-12-21,4.587137222290039,4.632298713098395,4.529072096805487,4.580685404951941,27942100
2012-12-24,4.509718418121338,4.574235381912461,4.477460243865459,4.535525388221597,8580900
2012-12-26,4.529071807861328,4.567781786501563,4.509716664721429,4.522620298574404,7859900
2012-12-27,4.509718418121338,4.561332050682172,4.451653581404884,4.535525388221597,10721100
2012-12-28,4.471008777618408,4.522622414256469,4.464557265313468,4.471008777618408,7146900
2012-12-31,4.600041389465332,4.606492900342133,4.438749618229995,4.445201129106795,13624400
2013-01-02,4.716172695159912,4.754882694347741,4.625849363721644,4.722624515511081,17693800
2013-01-03,4.729074954986572,4.754881615255121,4.645203155293961,4.709720113604989,22191900
2013-01-04,4.896818161010742,4.896818161010742,4.75488123329585,4.75488123329585,22613400
2013-01-07,4.8129448890686035,4.896816656250547,4.780686422417229,4.896816656250547,13545500
2013-01-08,4.774237632751465,4.825850962677473,4.696817637862452,4.800044297714469,14243500
2013-01-09,4.709720134735107,4.812946776272428,4.69036498562703,4.787140115888097,15827800
2013-01-10,4.741980075836182,4.767786745850111,4.67101157947799,4.729076740829218,17753800
2013-01-11,4.671009540557861,4.748429824445062,4.612944712192009,4.748429824445062,18322100
2013-01-14,4.63875150680542,4.696816644511578,4.619396358356818,4.671009677366893,13721500
2013-01-15,4.703268527984619,4.72262367796581,4.600041881790723,4.61294521256496,19088600
2013-01-16,4.76133394241333,4.806495448884442,4.709720616366523,4.72907545981423,21398100
2013-01-17,4.80649471282959,4.87101166814782,4.741978065151002,4.780688053758155,20294300
2013-01-18,4.793593406677246,4.883917059192668,4.741980066748304,4.819400076641717,18960500
2013-01-22,5.006498336791992,5.0387565168287995,4.8064962054209905,4.819399538963661,37498500
2013-01-23,4.94197940826416,5.064561182292491,4.929076079821157,5.000044540077479,22621500
2013-01-24,4.948432445526123,4.987142440392701,4.922625782281738,4.94198062589518,12471000
2013-01-25,4.961333751678467,5.01294705709605,4.92262377261528,4.987140404387259,12567700
2013-01-28,4.974240779876709,5.0000474517908975,4.896820764134143,4.9484341079625205,11641200
2013-01-29,4.974240779876709,5.0000474517908975,4.9484341079625205,4.95488562212117,19986400
2013-01-30,5.038755893707275,5.083917709341522,4.935529238131513,4.9742392339724235,23375700
2013-01-31,5.019399642944336,5.038754481620842,4.877462723665094,4.909721198312089,26415700
2013-02-01,5.083916187286377,5.135529499621937,5.032302874950817,5.058109531118597,17800100
2013-02-04,5.038755893707275,5.077465889548186,5.000045897866364,5.045207713500611,10836800
2013-02-05,5.116175651550293,5.1419823142647205,5.038755663407012,5.077465657478653,15305000
2013-02-06,5.122627258300781,5.154885431534257,5.071013935015482,5.096820596658131,16963200
2013-02-07,5.135529518127441,5.161336174388214,5.077464387720899,5.135529518127441,13759800
2013-02-08,5.116175651550293,5.135530802405957,5.096820808334316,5.135530802405957,8908400
2013-02-11,5.122627258300781,5.141982100712932,5.077465446606308,5.129078769891607,17158600
2013-02-12,5.116175651550293,5.1419823142647205,5.077465657478653,5.135530802405957,11306400
2013-02-13,5.06456184387207,5.141981824643394,5.058110332627622,5.135530313398945,18352200
2013-02-14,5.103270053863525,5.103270053863525,5.0387534257288795,5.045205242362119,12751900
2013-02-15,5.06456184387207,5.1290784945148395,5.045207002499068,5.109723653141837,10253700
2013-02-19,5.135529518127441,5.14198102837283,5.064561059590512,5.0710128774755105,12233800
2013-02-20,4.974240779876709,5.122629297203192,4.9677889580782635,5.109725961246098,14877000
2013-02-21,4.896818161010742,5.000044793792749,4.864559684446549,4.954882988130805,23973600
2013-02-22,5.012949466705322,5.019401286803545,4.9226261388082095,4.941980983823448,15388000
2013-02-25,4.825850009918213,5.071013586304243,4.825850009918213,5.051658437583387,18348500
2013-02-26,4.838753700256348,4.883915512209024,4.7871403766759615,4.85810885041883,15518100
2013-02-27,4.916173458099365,4.941980118695189,4.819398327045195,4.838753476311894,11430600
2013-02-28,4.935528755187988,4.980690258763463,4.8774636132884694,4.929076936025966,11554400
2013-03-01,4.974240779876709,4.980692294035358,4.871014092219954,4.903272278292792,17651400
2013-03-04,5.06456184387207,5.08391699288473,4.935528542586532,4.948431872715086,18824200
2013-03-05,5.109724044799805,5.161337369270157,5.083917382564628,5.109724044799805,17692800
2013-03-06,5.187143802642822,5.290370447029054,5.141981991904013,5.148433810997985,28197600
2013-03-07,5.303274631500244,5.31617765573798,5.193596156722206,5.206499180959941,14117700
2013-03-08,5.258112907409668,5.393598056222012,5.193596550767255,5.361340185540528,23946100
2013-03-11,5.361340522766113,5.387147190102193,5.251662032767902,5.25811323814231,12761300
2013-03-12,5.245207786560059,5.374241063571293,5.238755968889697,5.341982590498684,16614700
2013-03-13,5.329184055328369,5.342103585099694,5.199991837800553,5.258128489697342,15792200
2013-03-14,5.3679423332214355,5.387321012941024,5.271047702549252,5.355022802716963,22810100
2013-03-15,5.400238990783691,5.438996959537755,5.3550218739347955,5.380860314425167,28238200
2013-03-18,5.342103481292725,5.387320602539536,5.3033455087689765,5.342103481292725,10948100
2013-03-19,5.355022430419922,5.387320638398516,5.309805308872137,5.367941960026191,15083100
2013-03-20,5.426077365875244,5.451915806054192,5.374400485517347,5.406698689750284,13419700
2013-03-21,5.309804916381836,5.4196184457696095,5.3033451520561945,5.400239152792685,10010700
2013-03-22,5.3033447265625,5.342102693369718,5.277506287370016,5.335642929562351,17160700
2013-03-25,5.3485612869262695,5.3679405763403025,5.2775057405189045,5.3550210500642805,9926500
2013-03-26,5.361481666564941,5.393779871358836,5.309804785309517,5.374400578860288,13455100
2013-03-27,5.309804916381836,5.322723828996086,5.245208505199487,5.322723828996086,11296300
2013-03-28,5.290425777435303,5.322723983966837,5.238748893399667,5.2968855419490195,7841100
2013-04-01,5.180612564086914,5.309804766774502,5.148314051387255,5.2904254743436026,9929800
2013-04-02,5.193531513214111,5.225829718124598,5.148314087943134,5.187071749024611,20246800
2013-04-03,5.0837178230285645,5.193531346578616,5.044960163190634,5.1741526706689,15034200
2013-04-04,5.148314952850342,5.16123417538124,5.077259382939687,5.083718840195854,8922800
2013-04-05,5.161233425140381,5.1806127181475805,5.012662541640719,5.044960439263834,14532400
2013-04-08,5.193531513214111,5.193531513214111,5.0643393096091875,5.1418546317721425,10312400
2013-04-09,5.219369411468506,5.245207849504015,5.141854097361978,5.21290964795039,15188100
2013-04-10,5.316263675689697,5.329183203395684,5.225829445895746,5.245208121417737,11696600
2013-04-11,5.309804916381836,5.329183593321727,5.238748740873845,5.322723828996086,7872600
2013-04-12,5.238749980926514,5.322725088926313,5.212911533544821,5.264588428308207,9023200
2013-04-15,5.038499355316162,5.245206818988838,5.038499355316162,5.238747056739858,14878900
2013-04-16,5.148314952850342,5.16123417538124,5.090178605470585,5.109557285257649,16890900
2013-04-17,5.032042980194092,5.103098872669334,4.980366079491597,5.090179647493711,12784800
2013-04-18,4.954525470733643,5.057879227113242,4.922227267855773,5.044960007565792,15995200
2013-04-19,5.057879447937012,5.064339212002012,4.928687246822064,4.999742803426034,12312800
2013-04-22,4.993283271789551,5.077258355252276,4.960985067990503,5.077258355252276,13024700
2013-04-23,5.1741557121276855,5.245211309589024,5.0708015837880165,5.116019034187789,24312100
2013-04-24,5.309804916381836,5.316264064670444,5.161233417077246,5.18061271005417,16023300
2013-04-25,5.3744025230407715,5.419620272524471,5.316265856588329,5.316265856588329,15781600
2013-04-26,5.406700611114502,5.419620143813659,5.329185263031242,5.41316037746408,18355800
2013-04-29,5.4389967918396,5.451915703667955,5.406698588213218,5.426077263974249,12958600
2013-04-30,5.484213352203369,5.484213352203369,5.400238277689209,5.413157804246895,19998800
2013-05-01,5.445456504821777,5.5035931475979085,5.438996740949543,5.464835180401491,17214600
2013-05-02,5.464836120605469,5.5229727733837874,5.406699467827151,5.445457441691728,13190500
2013-05-03,5.5423502922058105,5.587567405552328,5.516511853716805,5.522971617348298,13233900
2013-05-06,5.626326084136963,5.626326084136963,5.529432081536359,5.535891229949233,7999100
2013-05-07,5.639245510101318,5.68446324932796,5.5875686218741,5.665084570252028,12495400
2013-05-08,5.690923690795898,5.710302372175205,5.61986749900982,5.632787030620807,10197100
2013-05-09,5.690923690795898,5.761979266544803,5.671544393379419,5.684463924990405,15172600
2013-05-10,5.690923690795898,5.742600585165497,5.639246180389126,5.690923690795898,9702400
2013-05-13,5.710299968719482,5.755517078251781,5.671542006236858,5.7038402056328925,9172900
2013-05-14,5.813655376434326,5.813655376434326,5.716761366575257,5.723220515471995,13326800
2013-05-15,5.904090404510498,5.936387998019636,5.781357331442184,5.800736010755088,15372000
2013-05-16,5.781357288360596,5.929928804751358,5.74905907905503,5.897630595445793,14737300
2013-05-17,5.8459553718566895,5.871793823452322,5.794278468665424,5.813657153352829,15019300
2013-05-20,5.910549163818359,5.936387606544017,5.833033835641388,5.839493600332069,13365200
2013-05-21,5.917006492614746,5.962223594760546,5.891168060526172,5.936385162671973,10670600
2013-05-22,5.826571941375732,6.0332793857757805,5.80073289478895,5.91054637863567,16338900
2013-05-23,5.807194232940674,5.871790634870353,5.697380719282388,5.761977121212066,15793900
2013-05-24,5.878251552581787,5.8847107012135815,5.781356930660093,5.781356930660093,12234400
2013-05-28,5.962225437164307,6.013902933347275,5.936386997091325,5.962225437164307,15628300
2013-05-29,5.981604099273682,6.033280973977118,5.897629023871363,5.9105479345287515,14873500
2013-05-30,6.059118747711182,6.123714525997233,5.975143681506131,5.981603444145797,15413600
2013-05-31,5.89763069152832,6.097878483618424,5.89763069152832,6.046201594302454,17333800
2013-06-03,5.89116907119751,5.955765470519316,5.749057362311687,5.917007507718848,22932200
2013-06-04,5.800737380981445,5.949308933574296,5.774898930448417,5.89763203250824,19924900
2013-06-05,5.736140251159668,5.81365558503569,5.6973822762031,5.7748976100791225,18810000
2013-06-06,5.833034992218018,5.839494758189544,5.703842752973442,5.729681200822357,15185500
2013-06-07,5.949307441711426,5.9751458857651425,5.80073592637473,5.87825187457298,20071900
2013-06-10,6.046199798583984,6.072038235567966,5.917007613664079,6.007442451126478,22035500
2013-06-11,5.955766201019287,6.052660195849536,5.936386909223641,5.968685112846056,18512700
2013-06-12,5.877997875213623,6.059458018161571,5.826152296670794,5.994650735959011,18000900
2013-06-13,5.942803382873535,5.949284232768195,5.813189475219647,5.871515888175862,11367700
2013-06-14,5.819672584533691,5.942806321222782,5.774307848936748,5.92336437997383,14164100
2013-06-17,5.813190937042236,5.884478449666329,5.78078729746837,5.884478449666329,14743500
2013-06-18,5.9039201736450195,5.916881876227141,5.78078708935485,5.832632663587342,14771100
2013-06-19,5.877997875213623,5.929843453756451,5.84559485216039,5.877997875213623,18897200
2013-06-20,5.871518135070801,5.936324804673835,5.800229995044933,5.806710847419667,29187500
2013-06-21,5.897440433502197,5.949286012069632,5.845594854934762,5.929843456570808,29187300
2013-06-24,5.897440433502197,6.227955842357583,5.806710361985162,5.8391140031018205,26617900
2013-06-25,6.007612228393555,6.033535016753534,5.916882160109613,5.955766033625569,13056800
2013-06-26,6.176109313964844,6.182590164801094,6.072418172776659,6.098340958073705,22702400
2013-06-27,6.292761325836182,6.292761325836182,6.1825893483604855,6.221473830195149,20494800
2013-06-28,6.176109313964844,6.292762156825529,6.169629081176547,6.286281305989279,15855500
2013-07-01,6.3122029304504395,6.351087410268996,6.227953739216768,6.234434588861167,12806200
2013-07-02,6.364051818847656,6.441820201096822,6.3057253776487405,6.31868708371435,18019700
2013-07-03,6.402934551239014,6.40941540248255,6.253878062877656,6.318685339217027,9560100
2013-07-05,6.597357749938965,6.597357749938965,6.454782069864259,6.487185717796899,13319200
2013-07-08,6.577914237976074,6.70104795868272,6.577914237976075,6.6816060199572815,16502800
2013-07-09,6.610317230224609,6.6556825735137775,6.50662607650313,6.63624001865498,19810500
2013-07-10,6.5649542808532715,6.623280725111355,6.487185894525225,6.616799871738636,18114300
2013-07-11,6.402934551239014,6.668643271744051,6.305723636729956,6.662162420500516,25174700
2013-07-12,6.480704307556152,6.493666012834365,6.402935930031253,6.44181980976964,14176600
2013-07-15,6.435340881347656,6.558474016242148,6.428860027393143,6.5325512184723475,13011300
2013-07-16,6.3122029304504395,6.461259382032425,6.292760999565082,6.441816833099228,25940500
2013-07-17,6.467742443084717,6.4742232955643075,6.33164824930198,6.3381284837334615,13162600
2013-07-18,6.629758358001709,6.655681761316657,6.402934141427484,6.454779711961475,16414100
2013-07-19,6.629758358001709,6.662161994097442,6.545509769419937,6.655681761316657,13346400
2013-07-22,6.752893447875977,6.752893447875976,6.616798642571448,6.6297597288609795,19519500
2013-07-23,6.752893447875977,6.759374300044782,6.577914147606691,6.714008952911219,34590500
2013-07-24,6.6232805252075195,6.817701794183712,6.6232805252075195,6.778817293169203,19704400
2013-07-25,6.597357749938965,6.6945680756887045,6.545512160466013,6.616799691479278,16872400
2013-07-26,6.629758358001709,6.642720059659183,6.5260672169337255,6.545509769419937,10978700
2013-07-29,6.519589900970459,6.636242177837351,6.487186250377566,6.629761324109127,13308000
2013-07-30,6.506626605987549,6.603836916000033,6.474222963300695,6.564953039214271,17276200
2013-07-31,6.487185955047607,6.662164671406132,6.480705101614425,6.539031546416666,27569700
2013-08-01,6.649202823638916,6.675125616364583,6.513108007317133,6.558472740075017,18890800
2013-08-02,6.636241436004639,6.681606788982811,6.571434760111502,6.6232803480452755,12861300
2013-08-05,6.642721652984619,6.6686444444694635,6.590876070014928,6.629759948218146,7204200
2013-08-06,6.4936628341674805,6.636237814148197,6.487181984700769,6.636237814148197,13452000
2013-08-07,6.422375679016113,6.480702096774752,6.39645289535093,6.480702096774752,12508300
2013-08-08,6.435340881347656,6.513109274657059,6.402937229623342,6.480705622932746,11255100
2013-08-09,6.428857803344727,6.5131070214628215,6.422376951632249,6.428857803344727,10860200
2013-08-12,6.383492946624756,6.461261311436523,6.357570158354167,6.389973180156385,15257800
2013-08-13,6.402934551239014,6.454780125091314,6.325166190460563,6.415895635678093,11294200
2013-08-14,6.448299884796143,6.4677418223207965,6.383493220364613,6.396454306031699,12576200
2013-08-15,6.357568740844727,6.415894537912976,6.3251651082193305,6.370529823066153,14222200
2013-08-16,6.37701416015625,6.448301696473883,6.338129656134125,6.338129656134125,14188700
2013-08-19,6.27332067489624,6.402934610731287,6.27332067489624,6.377011823564278,14287800
2013-08-20,6.38997220993042,6.454779479790846,6.260358288257497,6.273319989448755,21645800
2013-08-21,6.37701416015625,6.4612634038306656,6.299245770160225,6.37701416015625,18017000
2013-08-22,6.519589900970459,6.545512697835127,6.370533355462445,6.389975298598889,12848900
2013-08-23,6.441818714141846,6.564952421149719,6.409415692553687,6.54551048458722,9969400
2013-08-26,6.357568740844727,6.448298170538372,6.351087890710071,6.435337088316946,10436100
2013-08-27,6.130743503570557,6.286280187683437,6.124262653887226,6.279799338000107,20356800
2013-08-28,6.117784023284912,6.176110455495733,6.052977357088053,6.124264875319018,14454000
2013-08-29,6.15018892288208,6.2344381624069545,6.085382243434773,6.098343332104957,10545600
2013-08-30,6.091861248016357,6.182591322570362,6.059458223863134,6.17611047052049,9168700
2013-09-03,6.059460163116455,6.253880842449942,6.01409480229681,6.176112447106894,14264700
2013-09-04,6.15018892288208,6.214996220377582,6.052978594687022,6.072420536716395,16323600
2013-09-05,6.202032566070557,6.247397907290868,6.156667842898245,6.156667842898245,9079300
2013-09-06,6.189073085784912,6.260360614684358,6.078901056909666,6.247399526724531,13253900
2013-09-09,6.182591438293457,6.221475933272444,6.111303918554739,6.214995081101266,15267000
2013-09-10,6.260359764099121,6.312205344990569,6.208514183207672,6.221475887454573,16719000
2013-09-11,6.208353519439697,6.286364168336424,6.1758489274060135,6.266861661105624,8174000
2013-09-12,6.162847518920898,6.2213556670075745,6.136843966434998,6.201853157636547,8416300
2013-09-13,6.188851356506348,6.201852822059001,6.11084008329618,6.149845719901264,6917000
2013-09-16,6.234354019165039,6.273359014545014,6.201849443032911,6.266858595297167,9681800
2013-09-17,6.266859531402588,6.266859531402588,6.2018503694276585,6.24085599060728,11419200
2013-09-18,6.24735689163208,6.338369601406793,6.214852928116377,6.266860013709538,15766600
2013-09-19,5.987322807312012,6.266861420087966,5.948317174377006,6.253859335785129,36857600
2013-09-20,6.039329528808594,6.058832034075897,5.967819929512838,6.006824940047445,20894200
2013-09-23,5.896310329437256,6.019827655705947,5.870306779692299,6.013326613276325,22966200
2013-09-24,5.974319934844971,6.026327645221678,5.746789069323947,5.85080325013052,23539200
2013-09-25,6.013324737548828,6.078333901619771,5.876805988978515,5.967818694683169,19929600
2013-09-26,5.967820167541504,6.0588322757346145,5.935315577483897,6.013326221638059,7553500
2013-09-27,6.045830249786377,6.15634547372668,5.97432003431122,6.006824621347798,20922200
2013-09-30,6.019826889038086,6.0653329403028575,5.928814166535092,5.954817712968312,13037600
2013-10-01,6.11083984375,6.123841928766531,6.019827728528434,6.019827728528434,12132200
2013-10-02,6.065332889556885,6.117339981988203,6.0133257971255665,6.039329343341226,9730600
2013-10-03,6.045830249786377,6.130341928092104,6.000323579945796,6.06533275401895,17761100
2013-10-04,6.13034200668335,6.156345552651292,6.052331368779524,6.05883179029143,11716900
2013-10-07,6.026327610015869,6.10433824516506,6.026327610015869,6.065332617603755,9151500
2013-10-08,5.99382209777832,6.117338762690199,5.98732105752682,6.032827099340673,14940800
2013-10-09,6.032827854156494,6.065332439507581,5.974319724519219,6.013325350935203,14863400
2013-10-10,6.156343936920166,6.208351015206803,6.09783581885438,6.123839357997698,25179500
2013-10-11,6.234354019165039,6.273359014545014,6.110836753857597,6.130339871520808,16567100
2013-10-14,6.318868160247803,6.325368582058354,6.1758483408667395,6.201851888029345,12353600
2013-10-15,6.221354007720947,6.3188677685155445,6.195350462170407,6.30586568575356,11439100
2013-10-16,6.377375602722168,6.3903770649026335,6.2668603843079085,6.273360805411441,13392200
2013-10-17,6.461888790130615,6.468389833353776,6.318869559062699,6.3513741552049,16369300
2013-10-18,6.572404384613037,6.578905428172094,6.43588556974102,6.46839016756267,31126400
2013-10-21,6.526897430419922,6.585405574532991,6.474890328980206,6.533398473093275,20361200
2013-10-22,6.292862892150879,6.468386632503922,6.19534915197848,6.344869972253506,51792600
2013-10-23,6.234354019165039,6.292862132208224,6.182346945342923,6.234354019165039,22468800
2013-10-24,6.201851844787598,6.214853928264978,6.117340162105012,6.175848297806299,17386300
2013-10-25,6.169347286224365,6.2278554222116504,6.110839150237081,6.201851875103242,16669800
2013-10-28,6.2148542404174805,6.26686133699223,6.136842975581862,6.1823496500648885,11539600
2013-10-29,6.175848960876465,6.2603606526326505,6.169347918439789,6.240858145296155,15554200
2013-10-30,6.201851844787598,6.240857475246277,6.169347256067609,6.195350803048907,16111500
2013-10-31,6.260361194610596,6.292865789634459,6.169348452538492,6.208354090561846,46873700
2013-11-01,6.208353519439697,6.338371267600908,6.195351434636813,6.25385957630274,14832000
2013-11-04,6.143345355987549,6.247359571796759,6.143345355987549,6.214855594336603,12847000
2013-11-05,6.201851844787598,6.227855391768896,6.091336615123713,6.1368426673476195,14482500
2013-11-06,6.143345355987549,6.234358104807423,6.078336781093608,6.234358104807423,21563400
2013-11-07,6.019826889038086,6.175848167637403,6.013325847436419,6.162846084434068,18588100
2013-11-08,6.357873916625977,6.357873916625977,6.03933027153342,6.045831314079849,37095500
2013-11-11,6.370877742767334,6.396881300085825,6.299367495161202,6.344874185448844,10476800
2013-11-12,6.266859531402588,6.370873694583824,6.234354950415123,6.344870153788515,10934000
2013-11-13,6.286362171173096,6.312365712544071,6.214852587396249,6.253857589466046,8358900
2013-11-14,6.377375602722168,6.3838760238257,6.2668603843079085,6.318867472976572,12771100
2013-11-15,6.403378486633301,6.4358824487188135,6.357871823761576,6.396877446226863,17799900
2013-11-18,6.279860496520996,6.429381309281302,6.273359456841576,6.409878190243044,12320000
2013-11-19,6.2278547286987305,6.286362858170747,6.188849722366318,6.286362858170747,13752900
2013-11-20,6.24735689163208,6.305865017917727,6.214852928116377,6.234355430220472,12090600
2013-11-21,6.3318681716918945,6.390376294382873,6.227854006896078,6.227854006896078,11750500
2013-11-22,6.409878730773926,6.409878730773926,6.305864567025003,6.351371228645146,7004400
2013-11-25,6.383876800537109,6.4878909905296,6.377376378642686,6.442384937401254,9733100
2013-11-26,6.344870567321777,6.435882656050504,6.338369526705909,6.409879113560388,10263400
2013-11-27,6.383876800537109,6.455387021137054,6.331869705540865,6.344871789276664,9213000
2013-11-29,6.3253679275512695,6.396878139829133,6.305865424190673,6.3903770987178,4863500
2013-12-02,6.3318681716918945,6.45538545736692,6.325367131398824,6.3318681716918945,12211500
2013-12-03,6.208353519439697,6.351373352403793,6.169347885004571,6.325369182798024,16219300
2013-12-04,6.286362171173096,6.383875296320919,6.208351547060172,6.214852587396249,15705500
2013-12-05,6.2148542404174805,6.292864885279605,6.208353198352263,6.221354662509204,10329700
2013-12-06,6.31236457824707,6.383874149174044,6.292862080716663,6.29936249991132,16302600
2013-12-09,6.260361194610596,6.364375402708093,6.247359108611616,6.344872893683208,15019300
2013-12-10,6.2148542404174805,6.286363843214388,6.07833545691539,6.253859252861796,26578100
2013-12-11,6.143117427825928,6.299629823228186,6.123553533881889,6.293108317938516,15199700
2013-12-12,6.208332061767578,6.267023751398001,6.123554347512448,6.136596737899744,14537900
2013-12-13,6.214852809906006,6.234417327946114,6.162682005649138,6.208331925817681,14538200
2013-12-16,6.240938186645508,6.280066600641502,6.221374290610032,6.267023588667823,8494400
2013-12-17,6.208332061767578,6.267023751398001,6.195289049455224,6.23441746446723,8037700
2013-12-18,6.26050329208374,6.273545683356258,6.156161052278094,6.2474602788861215,18371400
2013-12-19,6.253981113433838,6.29310890497183,6.208331815997835,6.2213742058688215,10970000
2013-12-20,6.280068397521973,6.338760724346745,6.247461480183185,6.286589905374774,17570900
2013-12-23,6.403971195220947,6.410492700281548,6.286587213754901,6.299629601951149,7419600
2013-12-24,6.423537254333496,6.436579645664551,6.37136644515907,6.397451849746283,3982800
2013-12-26,6.443100452423096,6.462664348257139,6.4170150506693595,6.4235365565890525,5327200
2013-12-27,6.410492897033691,6.456142190009067,6.3909290031763835,6.456142190009067,4730400
2013-12-30,6.41701602935791,6.430058421261415,6.371366724807946,6.410494522443592,4707200
2013-12-31,6.449620246887207,6.475705641718986,6.39744945722365,6.417013347866266,6774500
2014-01-02,6.449620246887207,6.514833423004219,6.410491843677105,6.430055734319721,12170200
2014-01-03,6.436577796936035,6.495270095880804,6.410492399841129,6.469184698785898,6671400
2014-01-06,6.567005634307861,6.645261835744275,6.534399350153109,6.540920233829056,26432000
2014-01-07,6.586569786071777,6.664825983171099,6.540919871320112,6.645261467452541,21812600
2014-01-08,6.684391498565674,6.710476903926974,6.580049877120473,6.5930922688385625,18251300
2014-01-09,6.814821720123291,6.821343230002145,6.697437651930993,6.697437651930993,33896400
2014-01-10,6.834382057189941,6.853946576604957,6.736561947815216,6.775690364720159,20615600
2014-01-13,6.723522663116455,6.853949743182772,6.690915737618531,6.821342817684849,16696700
2014-01-14,6.76264762878418,6.84090384387446,6.7104768187239925,6.795254540553075,17881900
2014-01-15,6.9322028160095215,6.971330611144708,6.801775795683749,6.801775795683749,22993200
2014-01-16,6.834382057189941,6.893074371584812,6.7887327557384145,6.880031980566557,13848300
2014-01-17,6.893074989318848,6.96481032308574,6.847425683776385,6.847425683776385,23296400
2014-01-21,7.0821943283081055,7.114801241607504,6.8474256720176925,6.919160383736256,39727600
2014-01-22,7.186537265777588,7.225665067956391,7.069152615390777,7.095238024151713,20300200
2014-01-23,7.1213202476501465,7.140884139988904,7.016978659276872,7.134362635234344,24655000
2014-01-24,6.880031108856201,7.095235819753906,6.860467213845048,7.069150419097366,22183200
2014-01-27,6.788732528686523,6.919159544132337,6.730040216254641,6.9126386598038465,16709100
2014-01-28,6.866990089416504,6.906118512713476,6.76264845652483,6.8800331044905585,13402700
2014-01-29,6.723522663116455,6.847428233698112,6.671351209164553,6.827864327169508,18508700
2014-01-30,6.80177640914917,6.81481880139552,6.716998682809877,6.80177640914917,8568200
2014-01-31,6.632220268249512,6.723519492200493,6.619177255431479,6.710476479382461,15592400
2014-02-03,6.403971195220947,6.645261285138595,6.384407301964099,6.645261285138595,18259200
2014-02-04,6.5017924308776855,6.612655538168855,6.397450829174233,6.46266401927639,15435900
2014-02-05,6.456145763397217,6.50831659050919,6.410496445155569,6.475710290008194,14989100
2014-02-06,6.697434425354004,6.703955310165923,6.4431012599357755,6.46918666495879,17491000
2014-02-07,6.6713480949401855,6.769168825770666,6.593091883430853,6.723519524538159,17551700
2014-02-10,6.651784420013428,6.7169982427481605,6.599613610595684,6.6778698247223,10865400
2014-02-11,6.71699857711792,6.736562476142181,6.593092432138945,6.645263244153733,12210800
2014-02-12,6.684391498565674,6.801776133654085,6.664827600025979,6.716998410748579,9325400
2014-02-13,6.71699857711792,6.723520084101052,6.606135446105211,6.619177838146339,8496400
2014-02-14,6.749605655670166,6.795254961821557,6.703955727593622,6.716998741879821,7538400
2014-02-18,6.76264762878418,6.795254540553075,6.736562223754086,6.749605237231689,6282000
2014-02-19,6.586569786071777,6.762646074064009,6.567005270353219,6.749603685509941,13759000
2014-02-20,6.664827346801758,6.690912751171966,6.540921209599445,6.586571133691133,13315400
2014-02-21,6.677870750427246,6.76264848296448,6.6452638345398185,6.66482835722739,10904700
2014-02-24,6.808299541473389,6.840906465739305,6.697436994049838,6.710479390600993,12908500
2014-02-25,6.814821720123291,6.860471667349853,6.769172394822142,6.821343230002145,13184200
2014-02-26,6.860467910766602,6.866988795149404,6.775690194539439,6.8343818855351,10871600
2014-02-27,6.893074989318848,6.906118003431063,6.801776378233922,6.853947190832492,7872000
2014-02-28,6.938724994659424,7.023502721564843,6.873511167216748,6.899596573808788,13617200
2014-03-03,6.866990089416504,6.912640020250504,6.821340780507694,6.886554612027585,11663900
2014-03-04,7.030025482177734,7.056110895728613,6.932205336843267,6.958290750394146,12966000
2014-03-05,6.99741792678833,7.095238685199485,6.977854023876203,7.016982451625717,15980100
2014-03-06,7.062629699707031,7.114800506828084,7.010458892585979,7.030022789775105,15066100
2014-03-07,7.206098556518555,7.245226344523646,7.147406252585941,7.160448641279312,19680800
2014-03-10,7.108278274536133,7.212620500047547,7.062628978448337,7.17349208774014,14406100
2014-03-11,7.043066501617432,7.153929633235286,7.01045958844892,7.114801213048044,14468400
2014-03-12,7.029987335205078,7.043066680765722,6.918815392569698,7.023447662424756,10292800
2014-03-13,6.977672100067139,7.1280808514650165,6.964592752819878,7.0561463125778925,14290100
2014-03-14,6.951512336730957,7.056144594603595,6.931893944294201,6.964591057136311,10703700
2014-03-17,7.062685012817383,7.101921801836317,6.984210811121997,6.984210811121997,13999200
2014-03-18,7.069222927093506,7.121539048543632,7.023445853081625,7.07576197453175,9476400
2014-03-19,7.252330303192139,7.311186103455835,7.0561445101989655,7.07576290240105,21808600
2014-03-20,7.389662265777588,7.435438734337526,7.213094817919065,7.2196344916155155,21195200
2014-03-21,7.252330303192139,7.546608680853177,7.245790631238963,7.520450616697917,50564700
2014-03-24,7.239250183105469,7.402738222461291,7.2130921217548325,7.291566305806742,19259400
2014-03-25,7.26540994644165,7.291568013920042,7.186935744006475,7.278489292009607,11775000
2014-03-26,7.193475723266602,7.350424134823697,7.173857327736352,7.304647670700598,13641300
2014-03-27,7.056142807006836,7.186933096213341,7.010366361698883,7.154235367997392,18555000
2014-03-28,7.1607770919799805,7.2392512880091555,7.043066109764956,7.075763223700674,13414300
2014-03-31,7.26540994644165,7.271949619225628,7.186935744006475,7.206554762358411,10591100
2014-04-01,7.356964111328125,7.376582507667546,7.2392524859764515,7.271950228980535,14528800
2014-04-02,7.252330303192139,7.3765809520152645,7.193474502928442,7.3765809520152645,20477100
2014-04-03,7.245788097381592,7.27848582205561,7.134616207684266,7.2523277670478405,12892100
2014-04-04,7.173855304718018,7.356961733232176,7.154236291062756,7.278487549583251,15490400
2014-04-07,7.023446083068848,7.173855404906229,6.938432227014221,7.167315733596477,15554700
2014-04-08,6.97113037109375,7.082302295287414,6.9057355251111,7.016906825647347,12826900
2014-04-09,6.990745544433594,7.049601315284764,6.951508779637569,6.977666830720629,12992200
2014-04-10,6.729169845581055,7.049606356404539,6.729169845581055,7.010369563550582,23123000
2014-04-11,6.650694847106934,6.7357087197470005,6.513364841097211,6.60491838632286,21157600
2014-04-14,6.657231330871582,6.814179655802135,6.539519775345065,6.774942262740893,14060700
2014-04-15,6.716089725494385,6.722628773838132,6.57222005975535,6.670312645143473,13132700
2014-04-16,6.761865139007568,6.7814835283270956,6.676851287079817,6.7487857970229825,10698500
2014-04-17,6.683393478393555,6.807644155815546,6.6703141314767205,6.748788342004965,17835300
2014-04-21,6.722628593444824,6.748786657090235,6.650694074334303,6.696470529799414,12494500
2014-04-22,6.794564247131348,6.892656837263371,6.722629098954218,6.801103295791332,19540100
2014-04-23,6.807641983032227,6.879577120800229,6.761865530748872,6.794563263947292,11883900
2014-04-24,6.742249965667725,6.846882256823464,6.7095522187671435,6.8338029086001715,11848900
2014-04-25,6.637617111206055,6.7487890774842585,6.604919987665829,6.716091953944032,12863500
2014-04-28,6.585298538208008,6.696470463514935,6.526442739674056,6.670312400128448,15474500
2014-04-29,6.5983781814575195,6.657233982664963,6.565680444824779,6.631075918090261,7174100
2014-04-30,6.631076335906982,6.6506947296597785,6.539522792298111,6.578760203461197,10612600
2014-05-01,6.676852703094482,6.716090113712285,6.611457226617304,6.663773358336053,14076300
2014-05-02,6.696469783782959,6.866497490365002,6.6833910652459965,6.689930112685797,11708700
2014-05-05,6.703009605407715,6.761865399289158,6.6506934827702935,6.761865399289158,12099400
2014-05-06,6.6114583015441895,6.722630255435843,6.598379578316835,6.689932511881077,10493100
2014-05-07,6.703009605407715,6.709549276651737,6.578758970058184,6.644153811526272,13393400
2014-05-08,6.650694847106934,6.7880248531166565,6.637615501935767,6.676852913791762,14772200
2014-05-09,6.709547996520996,6.716087666517298,6.559138704892327,6.624534157540836,8666200
2014-05-12,6.873038291931152,6.8795779641039525,6.716089901728753,6.742247966762487,15253200
2014-05-13,6.820721626281738,6.905735486880213,6.807642282963165,6.899195815220927,13860400
2014-05-14,6.6637725830078125,6.8011025687055895,6.631075472231008,6.78802384912635,16732400
2014-05-15,6.56567907333374,6.657232592049501,6.47412555461798,6.644153250665539,20326600
2014-05-16,6.4610490798950195,6.572221025623608,6.408732943511865,6.546062957432031,14274800
2014-05-19,6.55913782119751,6.565677490312741,6.434887226293996,6.441426895409226,8691700
2014-05-20,6.526443958282471,6.572221045499325,6.474127821741101,6.54606297722864,12059500
2014-05-21,6.604917526245117,6.650693981068281,6.5395220562199485,6.5395220562199485,7336000
2014-05-22,6.5983781814575195,6.644154638548885,6.546062052308116,6.604917853515559,9021300
2014-05-23,6.585298538208008,6.657233680263916,6.565680146582499,6.591838209968986,8257400
2014-05-27,6.6179962158203125,6.703010077001663,6.591838152661237,6.624535887524436,9732800
2014-05-28,6.604917526245117,6.657233652802283,6.572219791232532,6.6114565743216955,11533200
2014-05-29,6.604917526245117,6.663772700878861,6.552601399687951,6.598377854511115,11312000
2014-05-30,6.6637725830078125,6.670312254626138,6.598377737796793,6.604917409415118,10480600
2014-06-02,6.761865139007568,6.7814835283270956,6.637613884783412,6.657232897760291,13729300
2014-06-03,6.827263355255127,6.859961102734094,6.703012663224244,6.735710410703211,14303200
2014-06-04,6.859959602355957,6.905736688277426,6.774945726967541,6.8011037944980135,22393800
2014-06-05,6.9318928718566895,6.951511261258273,6.801101946093188,6.886115798376522,16513300
2014-06-06,6.951512336730957,6.9907491216044715,6.905735879826041,6.938432992668152,9165900
2014-06-09,7.0953803062438965,7.134617081733766,6.93843133331251,6.958050344714747,16686800
2014-06-10,7.101923942565918,7.12808201768253,6.997291642099472,7.12808201768253,10491400
2014-06-11,7.04936408996582,7.108492130115978,7.016515735697685,7.101922835187668,10044900
2014-06-12,6.970527648925781,7.095353663894198,6.937679291184657,7.055934757445681,11706400
2014-06-13,7.036223411560059,7.055932545334158,6.937677116147496,6.983665303801083,17700900
2014-06-16,6.957387924194336,7.029655183118291,6.931108863990878,7.01651596628767,14502900
2014-06-17,7.05593204498291,7.121629988293881,6.937676624181994,6.944245917279473,14556200
2014-06-18,7.04936408996582,7.088782992246657,7.009945814227179,7.062503932906831,14439800
2014-06-19,7.023085117340088,7.0822131582203,6.9705269980115006,7.055934098556007,9665200
2014-06-20,7.0756449699401855,7.115063252331092,6.99023785603682,7.0690750473609345,30387900
2014-06-23,7.036223411560059,7.088781519319034,6.990235223906471,7.082211599213645,16961400
2014-06-24,6.950815200805664,7.06907123732624,6.950815200805664,7.009943219065952,11715700
2014-06-25,7.016513824462891,7.042792876644541,6.85226959169207,6.93767666791794,14440600
2014-06-26,7.016513824462891,7.029653037282703,6.9113976157362895,7.016513824462891,9688400
2014-06-27,7.009944438934326,7.062502547302515,6.977095464568691,7.0165143591158685,10064600
2014-06-30,6.977093696594238,7.042791628677852,6.970523778077494,6.970523778077494,8954900
2014-07-01,7.069068431854248,7.1347657165378084,7.016510353490714,7.023079643379869,9365500
2014-07-02,7.029653072357178,7.121630068722886,7.023083152643478,7.0822111769827165,6844500
2014-07-03,7.14133882522583,7.200466846451112,7.082210804000548,7.095350642735942,5475100
2014-07-07,7.0756449699401855,7.115063252331092,7.049365279623179,7.115063252331092,9994800
2014-07-08,6.944247245788574,7.069073236651566,6.924538109641522,7.042794179608117,9205200
2014-07-09,6.98366641998291,7.016515399217956,6.957387361903306,6.963957283058749,8271400
2014-07-10,6.931107997894287,6.977096190868197,6.845700906269784,6.878549884054921,12190300
2014-07-11,6.970527648925781,7.023085773162294,6.871981322617884,6.90483030690127,10612100
2014-07-14,6.977093696594238,7.055930839169426,6.963954486102665,7.036221710161108,5882300
2014-07-15,7.04936408996582,7.088782992246657,6.996805971286168,7.009945814227179,10682900
2014-07-16,6.98366641998291,7.088782652301324,6.970526577672025,7.088782652301324,10435100
2014-07-17,6.707733631134033,6.963954826950467,6.688024501161061,6.950814989273855,23119300
2014-07-18,6.734012603759766,6.793140619551684,6.688024425495803,6.760291652273736,16231300
2014-07-21,6.694594860076904,6.73401375284523,6.6420367540805,6.73401375284523,27103600
2014-07-22,6.635468006134033,6.799712257508221,6.530351158959192,6.78000249623301,27348800
2014-07-23,6.635468006134033,6.7011653307584504,6.602619030550777,6.622328165283892,15607200
2014-07-24,6.7602925300598145,6.780001662368928,6.635467190046069,6.648606402738138,15571800
2014-07-25,6.806282043457031,6.819421885257129,6.734014793182923,6.734014793182923,11916300
2014-07-28,6.727443695068359,6.8128507721974465,6.707734562359195,6.7997115592386805,10140800
2014-07-29,6.688025951385498,6.747153980667623,6.6683161905967365,6.701165165369259,10627200
2014-07-30,6.766865253448486,6.812853456738433,6.7011672831408955,6.734016268294691,10200500
2014-07-31,6.661746025085449,6.760292309964661,6.642036266876008,6.720873420087776,14883200
2014-08-01,6.563199043273926,6.655176034305535,6.484361890907685,6.622327064184104,14464400
2014-08-04,6.530351638793945,6.615758730969086,6.458084388434432,6.576340458606493,12841300
2014-08-05,6.471225261688232,6.569771584843995,6.444946200410546,6.484364479055954,10879300
2014-08-06,6.464651584625244,6.5631978505386535,6.431802620473482,6.451511748347787,12292400
2014-08-07,6.379244804382324,6.497500829827095,6.339825920386765,6.497500829827095,12710500
2014-08-08,6.4120965003967285,6.4120965003967285,6.346398541275489,6.40552657917617,13231100
2014-08-11,6.385814189910889,6.458081406906512,6.379244272036236,6.451511489031859,8277700
2014-08-12,6.3989577293396,6.444946559041293,6.379248588920175,6.379248588920175,6495700
2014-08-13,6.510641574859619,6.523781414802845,6.418665201425253,6.418665201425253,17097700
2014-08-14,6.504072666168213,6.550061486577982,6.477793608737838,6.504072666168213,8037000
2014-08-15,6.425234794616699,6.589479042317325,6.398955740046282,6.523781719162324,17638500
2014-08-18,6.536922454833984,6.5829112809440025,6.451515350963638,6.47122511638603,9870600
2014-08-19,6.490933418273926,6.596049647469917,6.484363497313639,6.550061453832208,11614100
2014-08-20,6.543491840362549,6.563200977627429,6.477793880756714,6.490933723294751,7524100
2014-08-21,6.648606300354004,6.688025190907226,6.530350255236349,6.543490094268092,12001800
2014-08-22,6.635468006134033,6.727444385916637,6.602619030550777,6.635468006134033,7796400
2014-08-25,6.714304447174072,6.727443660064472,6.6551764228121995,6.674885555418814,6990800
2014-08-26,6.7405853271484375,6.773434308094199,6.694596503207493,6.720875562655662,11046700
2014-08-27,6.674886226654053,6.766863232304296,6.661747012442357,6.7537233915505075,6079300
2014-08-28,6.642035961151123,6.66831501101212,6.6091876187313545,6.655175799352606,5987100
2014-08-29,6.66831636428833,6.674886284722379,6.602619039574129,6.648607229528279,7311400
2014-09-02,6.688025951385498,6.753723274388462,6.635467842366295,6.688025951385498,16182400
2014-09-03,6.648606300354004,6.747153213466054,6.63546708786427,6.714304242428703,18234700
2014-09-04,6.661746025085449,6.740583178297218,6.648606186279155,6.674885237349745,10880700
2014-09-05,6.661746025085449,6.668315317946598,6.582908871873681,6.648606186279155,7557800
2014-09-08,6.66831636428833,6.674886284722379,6.61575825390013,6.648607229528279,7486000
2014-09-09,6.569768905639648,6.661745895873718,6.569768905639648,6.642036138046569,12066900
2014-09-10,6.734838008880615,6.75464618002265,6.569768446752707,6.57637138036352,17175000
2014-09-11,6.787661075592041,6.794264010036732,6.695222512128315,6.695222512128315,12638500
2014-09-12,6.833882808685303,6.880102102737591,6.7876628849423595,6.807471693556758,24691900
2014-09-15,6.787661075592041,6.847086226213286,6.7414417938601785,6.807469878926114,14761400
2014-09-16,6.741440773010254,6.820674085276861,6.734837839565439,6.754646010209493,12224100
2014-09-17,6.853691101074219,6.939527384085699,6.728237829868722,6.74144370249695,25588300
2014-09-18,6.95933198928833,7.018757126215525,6.880098683282186,6.893303919438039,21650000
2014-09-19,6.893307685852051,7.018760961175581,6.853691326048284,7.005555088113868,15740500
2014-09-22,6.827277660369873,6.913113914148445,6.814071792239115,6.906510980083066,14257800
2014-09-23,6.721632957458496,6.847085551085469,6.721632957458496,6.807469207704498,11504500
2014-09-24,6.721632957458496,6.7480440629426175,6.64239964100613,6.715030023664859,14148600
2014-09-25,6.642400741577148,6.715031136269916,6.6093866968293336,6.701825266494579,11407700
2014-09-26,6.682015895843506,6.708427000977654,6.642399552987493,6.655604790709359,12727800
2014-09-29,6.642400741577148,6.688620026409771,6.596180827053996,6.602783761941665,10405100
2014-09-30,6.629194736480713,6.695222824628517,6.589577757653928,6.655605845801731,14261700
2014-10-01,6.530154705047607,6.635799166131019,6.503743589776755,6.622593293650263,15773800
2014-10-02,6.54335880279541,6.582975783614322,6.450920230368862,6.530153562316138,12609600
2014-10-03,6.6688127517700195,6.68201799363762,6.602784653360172,6.6093875891392795,15774500
2014-10-06,6.589578151702881,6.69522322499492,6.589578151702881,6.688620289847188,9175200
2014-10-07,6.510344505310059,6.615989573511739,6.510344505310058,6.609386638682161,24718000
2014-10-08,6.602782249450684,6.6159881162009695,6.4839319674596485,6.497137834209934,18163800
2014-10-09,6.417903423309326,6.563164154535118,6.417903423309325,6.536753055249494,19677600
2014-10-10,6.332068920135498,6.503741427156941,6.332068920135497,6.4113022396014445,15840200
2014-10-13,6.226424694061279,6.4113024454167595,6.226424694061279,6.358480230743765,19951200
2014-10-14,6.2858500480651855,6.338672264461491,6.246233070922712,6.2924523528468566,20649700
2014-10-15,6.008533954620361,6.140589514456842,5.843464347402116,6.120781337904014,30574900
2014-10-16,5.982122898101807,6.081164411474545,5.896286625989826,5.916094802726257,31833500
2014-10-17,6.008533954620361,6.107575467075077,5.968916971824128,6.034945066587658,25394500
2014-10-20,6.0481486320495605,6.127381945999376,5.995326422749684,5.995326422749684,22126300
2014-10-21,6.114177227020264,6.213218720433948,6.034943906351224,6.087766120130584,42954300
2014-10-22,6.114177227020264,6.1802046793992345,6.0679573176954795,6.074560251840515,33571600
2014-10-23,6.213218688964844,6.27924677069985,6.180204648097341,6.200013450432116,19928800
2014-10-24,6.23302698135376,6.2660410228555055,6.160396593802292,6.23302698135376,16111600
2014-10-27,6.2066168785095215,6.239630925353943,6.167000526048671,6.2132198138165196,12277000
2014-10-28,6.358480453491211,6.3716856927768255,6.21321904320651,6.21321904320651,13103800
2014-10-29,6.444317817687988,6.490537107647997,6.325467495287284,6.338673366527628,17592300
2014-10-30,6.444317817687988,6.503742978888341,6.371686785247292,6.417906704897899,14804400
2014-10-31,6.556562900543213,6.582974004052646,6.490534826924441,6.516945930433875,17040200
2014-11-03,6.622593402862549,6.65560745491821,6.523551876386235,6.530154812735501,17205600
2014-11-04,6.609385967254639,6.655605246985362,6.556563753365109,6.629194140040598,15628200
2014-11-05,6.675413131713867,6.695221933335496,6.609385682046402,6.655604959782671,20024600
2014-11-06,6.754648208618164,6.7810599509935505,6.609387403697122,6.675414870563797,19488200
2014-11-07,6.708427429199219,6.748044404274534,6.662208149686732,6.70182449507159,17372900
2014-11-10,6.754648208618164,6.754648208618165,6.695223677345336,6.734840031527222,12227500
2014-11-11,6.728236198425293,6.794264286174797,6.708428023976647,6.754647307586992,8255300
2014-11-12,6.741440773010254,6.741440773010254,6.668810394188463,6.701823802031756,12349800
2014-11-13,6.71503210067749,6.754648456312114,6.66881280920689,6.728237342658825,11572400
2014-11-14,6.71503210067749,6.748046150166756,6.688620987024202,6.695223922860179,12756800
2014-11-17,6.6688127517700195,6.695223865195835,6.642401638344203,6.68201799363762,10299000
2014-11-18,6.662208557128906,6.701824904936591,6.655605622597461,6.655605622597461,7940800
2014-11-19,6.649003028869629,6.688620008398431,6.59618080929158,6.668811833479293,10429400
2014-11-20,6.622593402862549,6.622593402862549,6.556565928441896,6.615991096203952,14458200
2014-11-21,6.629194736480713,6.728236239011903,6.629194736480713,6.688619889875633,10818000
2014-11-24,6.721632957458496,6.734838195355344,6.6688107464902515,6.6688107464902515,10152900
2014-11-25,6.6952223777771,6.741441658581493,6.668811270218808,6.734838724269301,10342500
2014-11-26,6.6952223777771,6.721633485335393,6.662208335906616,6.701824682398818,9158700
2014-11-28,6.649003028869629,6.728236358236703,6.635797788820381,6.701825248447679,6981100
2014-12-01,6.4509196281433105,6.615989211712704,6.424507890269338,6.6093862772442105,17304600
2014-12-02,6.510344505310059,6.556564419426582,6.43111117642669,6.43111117642669,15505900
2014-12-03,6.576373100280762,6.589578341265546,6.470728653640198,6.503742700638017,9670000
2014-12-04,6.675413131713867,6.675413131713867,6.530152364631183,6.5763716423674525,19004700
2014-12-05,6.847085952758789,6.899908166825763,6.715030417591352,6.734838590443853,24235300
2014-12-08,6.847085952758789,6.952730380892738,6.787660804510827,6.833880714087276,18258400
2014-12-09,6.899908065795898,6.906510999880204,6.7348384918309705,6.761249598477741,16127000
2014-12-10,6.72741174697876,6.9330817645454985,6.714142387023276,6.866736862921802,16788900
2014-12-11,6.747316360473633,6.840199998613956,6.707508906208346,6.734046998145864,14805300
2014-12-12,6.641161918640137,6.7340448950544065,6.621257881364659,6.687603406847272,13203100
2014-12-15,6.5416436195373535,6.694238074806465,6.521740215012799,6.674334670281911,15771000
2014-12-16,6.581448554992676,6.6676974520446715,6.455392231332998,6.481930937549841,26967400
2014-12-17,6.780487537384033,6.78712158426818,6.581451578348589,6.614624343640808,21592900
2014-12-18,6.926448345184326,6.933083026369582,6.833565339462822,6.840200020648079,19974200
2014-12-19,6.933081150054932,6.999426678516221,6.926446470665233,6.959619234895878,17396800
2014-12-22,6.972888946533203,6.979523626258646,6.893274687981546,6.952984907356877,8526400
2014-12-23,7.07240629196167,7.112213735797657,6.979523310874126,6.9994267164331925,11369700
2014-12-24,7.079041957855225,7.092310685837655,7.006062372157007,7.092310685837655,4854400
2014-12-26,7.08567476272583,7.132116247448832,7.05913668106729,7.079040084131751,6512800
2014-12-29,7.1188507080078125,7.185196264093311,7.052505784640428,7.065774516226659,10192400
2014-12-30,7.098943710327148,7.145385829227674,7.052502224144417,7.098943710327148,7921300
2014-12-31,7.006061553955078,7.145386661448209,6.999426874379722,7.125482622722141,6229100
2015-01-02,6.972888946533203,7.085675970994188,6.87337064880522,7.065771931817862,9557200
2015-01-05,6.734044551849365,6.966253246486016,6.707506469552416,6.939715164189066,12597500
2015-01-06,6.508472919464111,6.714142954411283,6.481934830028414,6.707508273872869,22149400
2015-01-07,6.548278331756592,6.607989178350254,6.462029401423284,6.588085773724974,14461900
2015-01-08,6.647797107696533,6.66106583418023,6.574816897523651,6.614624342410484,14098600
2015-01-09,6.455394744873047,6.654430689975017,6.428856661040639,6.647796643555286,14962300
2015-01-12,6.329339504241943,6.495202699460776,6.296166738654602,6.468664613534478,17224200
2015-01-13,6.229822635650635,6.442127350169077,6.1833805048112565,6.375781810523084,18948800
2015-01-14,6.077226638793945,6.176744923556102,6.024150473341249,6.130302804246642,24600800
2015-01-15,5.964439868927002,6.090496241485699,5.9047290222116,6.017516036514508,24855900
2015-01-16,6.017518043518066,6.070594228807903,5.904730991597654,5.95780717688749,41123500
2015-01-20,5.798578262329102,6.017517671286017,5.699060579246139,5.878192535339071,49734700
2015-01-21,5.778672695159912,5.871556295358417,5.752134614062876,5.838383535807682,26963100
2015-01-22,6.09713077545166,6.163476306600264,5.8118465100355685,5.818481189694005,31189900
2015-01-23,5.977710723876953,6.14357394729606,5.964441362298792,6.0772284048412235,22072000
2015-01-26,6.02415132522583,6.057324091504228,5.951171745587667,5.97107515226755,21049700
2015-01-27,5.951171398162842,6.024150973540514,5.891460548891178,5.951171398162842,19222300
2015-01-28,5.798578262329102,6.017517671286017,5.791943581398771,6.010883623073685,21154500
2015-01-29,5.871556758880615,5.891460163095199,5.765403793394607,5.785307830327003,21703400
2015-01-30,5.772040843963623,5.904731314443164,5.745502749867715,5.7654061622601285,19817600
2015-02-02,5.924632549285889,5.944535952237397,5.772038106076933,5.825114269092803,21380800
2015-02-03,6.044054985046387,6.063959025277793,5.937902634683891,5.937902634683891,18651600
2015-02-04,5.997612476348877,6.0904960835777375,5.997612476348877,6.017515880498701,17204500
2015-02-05,6.103765964508057,6.130304052638694,6.030786380328285,6.030786380328285,14320000
2015-02-06,6.3426103591918945,6.442128046702948,6.262995449921421,6.296168223331114,33160300
2015-02-09,6.20991849899292,6.269629357215978,6.176746362396064,6.249725948714275,18081100
2015-02-10,6.2032856941223145,6.282899976797665,6.1502095056720805,6.243092519100952,13432100
2015-02-11,6.183380126953125,6.236456302339321,6.143573311772438,6.17674607956829,16271300
2015-02-12,6.329339504241943,6.362512269829286,6.203283754271497,6.243090566802005,16265400
2015-02-13,6.316070556640625,6.408953537773787,6.276263112785087,6.342608641638365,10904200
2015-02-17,6.4222235679626465,6.4222235679626465,6.262994408613731,6.296167176508002,13310400
2015-02-18,6.30943489074707,6.422221892532957,6.2895308555723215,6.422221892532957,11056500
2015-02-19,6.322707176208496,6.342611222594613,6.209920110892955,6.289534398283082,10257900
2015-02-20,6.40895414352417,6.415588823580154,6.243090938432062,6.3028017935000875,10207100
2015-02-23,6.349242210388184,6.389049651247078,6.289531365458746,6.362511568247084,11831900
2015-02-24,6.415587902069092,6.455394711251464,6.3426083300895275,6.3426083300895275,12723200
2015-02-25,6.382418632507324,6.422226096195004,6.355880534288261,6.422226096195004,7689700
2015-02-26,6.382418632507324,6.415591413460696,6.329342436069198,6.375783949773016,10429800
2015-02-27,6.375781059265137,6.408953825179387,6.349242973077313,6.362512332530167,8081200
2015-03-02,6.435489654541016,6.442124331940764,6.3293373470156835,6.375778823378601,7853900
2015-03-03,6.382418632507324,6.422226096195004,6.335977118803506,6.382418632507324,11552600
2015-03-04,6.335974216461182,6.355877622828712,6.302801450703377,6.342608896156318,7859700
2015-03-05,6.435489654541016,6.442124331940764,6.269626515853269,6.335972024415432,10091400
2015-03-06,6.475300312042236,6.621259491243673,6.422224131838446,6.455396269927332,20008100
2015-03-09,6.475300312042236,6.541645220937986,6.442127541235373,6.448762221940341,11022200
2015-03-10,6.335974216461182,6.408953794954047,6.335974216461182,6.3956850682816535,16660500
2015-03-11,6.3626508712768555,6.395998225408437,6.335973115181165,6.355981273240964,10318600
2015-03-12,6.596085071563721,6.642771009482396,6.52939032935287,6.58274586870227,32861900
2015-03-13,6.609422206878662,6.6427695707615655,6.542728115160917,6.576074842995758,20272500
2015-03-16,6.589413642883301,6.649438767018411,6.509380356052494,6.609421805578996,13490500
2015-03-17,6.596085071563721,6.6094236383769704,6.482704391434194,6.562737700458295,19051900
2015-03-18,6.46269416809082,6.656108114775427,6.369322312755669,6.589414023257185,30471400
2015-03-19,6.335974216461182,6.469363020124451,6.182577251260419,6.456024457782118,38704300
2015-03-20,6.429347515106201,6.429347515106201,6.315966858554108,6.3626527867644755,26440100
2015-03-23,6.369320869445801,6.449354142760716,6.3159653539025244,6.416006786534188,14963400
2015-03-24,6.28928804397583,6.3693213229897205,6.269279247186386,6.362651724059906,16705200
2015-03-25,6.1692376136779785,6.289287846452459,6.162568014957632,6.289287846452459,14946300
2015-03-26,6.209254741668701,6.249271063001549,6.115882265145457,6.175907383192688,19301700
2015-03-27,6.155898094177246,6.235932002538369,6.1225513744160045,6.229262404166957,15379500
2015-03-30,6.229262351989746,6.262609707519574,6.202584594775465,6.209254193091011,11360900
2015-03-31,6.302626132965088,6.302626132965088,6.162567746185957,6.195915102285353,25716100
2015-04-01,6.309296131134033,6.322634692790137,6.222593254201516,6.302626532282003,19357500
2015-04-02,6.38932991027832,6.4293468704807495,6.282618864469179,6.342643986748822,19494400
2015-04-06,6.369320869445801,6.395998627217439,6.189245527451305,6.189245527451305,14104100
2015-04-07,6.416009426116943,6.469364963610992,6.355984287424095,6.362653888622895,11860600
2015-04-08,6.4226765632629395,6.4893706415193,6.402668403390824,6.416006964622922,19775400
2015-04-09,6.449355125427246,6.476032887263685,6.382660402812141,6.4226773635908065,17434000
2015-04-10,6.395999431610107,6.462693516403024,6.362652071189651,6.436015755276259,17772700
2015-04-13,6.429347515106201,6.456025279233279,6.382660950847766,6.389330550891552,14897000
2015-04-14,6.3626508712768555,6.402667823444329,6.329303517145274,6.389328627372545,20994900
2015-04-15,6.476033687591553,6.502711452724911,6.3359752616294,6.3693226270581205,19924800
2015-04-16,6.469361782073975,6.489369939782479,6.402667711029667,6.482700977911555,19136600
2015-04-17,6.395999431610107,6.44935495386364,6.375991269777033,6.4293467920305645,12993100
2015-04-20,6.395999431610107,6.44935495386364,6.3559824718959606,6.422677192736874,14857100
2015-04-21,6.38932991027832,6.582743839819388,6.3693217482011075,6.502710555462532,30466500
2015-04-22,6.489370346069336,6.502709542742057,6.329303802284105,6.342642998956827,18488900
2015-04-23,6.416009426116943,6.469364963610992,6.39600125856872,6.449356796062768,10795500
2015-04-24,6.38932991027832,6.462693595260102,6.3693217482011075,6.436015833807818,11099200
2015-04-27,6.375990390777588,6.462692625450735,6.375990390777587,6.416006708927054,10873300
2015-04-28,6.429347515106201,6.449355679189492,6.355983186720689,6.375991986852048,12141100
2015-04-29,6.536057472229004,6.596082590430529,6.395999075108098,6.409337636904014,17493100
2015-04-30,6.55606746673584,6.609423000939432,6.502711932532247,6.529389699634043,22080500
2015-05-01,6.55606746673584,6.609423000939432,6.502711932532247,6.576075633050152,11788000
2015-05-04,6.656107425689697,6.662777024965457,6.562735580021037,6.569405179296798,12280900
2015-05-05,6.609422206878662,6.762819826320794,6.609422206878661,6.629430370789179,26269500
2015-05-06,6.616091251373291,6.6694467746869455,6.549396529207217,6.649438612456327,14280600
2015-05-07,6.596085071563721,6.642771009482396,6.522720727922144,6.5894154701329954,15442400
2015-05-08,6.622761249542236,6.656107976585001,6.562736123188384,6.629430213321961,20395800
2015-05-11,6.716131210327148,6.722800808275422,6.6160897852945215,6.636097943091473,12547900
2015-05-12,6.782827377319336,6.836182900291428,6.662777132608125,6.689454894094171,21751000
2015-05-13,6.8428521156311035,6.8628602766107125,6.722801877657515,6.769487798625924,14809700
2015-05-14,6.7961649894714355,6.876198898783386,6.776156830167405,6.869529300332737,14835700
2015-05-15,6.656107425689697,6.822843591295728,6.629429664634652,6.802835429516443,18780000
2015-05-18,6.809505939483643,6.836183704106525,6.6761171163692286,6.682786716536969,14927600
2015-05-19,6.929555892944336,6.942894456643944,6.822844203107214,6.829513802981044,15793800
2015-05-20,6.8428521156311035,6.929554994606699,6.816174355642303,6.909546197579122,9431000
2015-05-21,6.829514026641846,6.882869555283729,6.789497698184469,6.816175462505411,13552200
2015-05-22,6.816174030303955,6.869529547734879,6.816174030303954,6.836182190328566,6978800
2015-05-26,6.789494037628174,6.8095021910694635,6.742807498201522,6.789494037628173,10852900
2015-05-27,6.856191635131836,6.8628612350725,6.7961665077619795,6.809505707643307,8677200
2015-05-28,6.816174030303955,6.869529547734879,6.75614891418218,6.849521387710267,10353300
2015-05-29,6.729472637176514,6.829514095374856,6.716133436857759,6.829514095374856,12771800
2015-06-01,6.656107425689697,6.782827267737158,6.6427688631861725,6.762819105957873,14854400
2015-06-02,6.756147384643555,6.776155540138478,6.656105335073351,6.669444529435163,14823800
2015-06-03,6.869532108306885,6.9028794781432055,6.756151432492299,6.782829201151721,35803900
2015-06-04,6.816174030303955,6.902876905141191,6.796165234231403,6.836182190328566,15847800
2015-06-05,7.016256809234619,7.0829508810653214,6.942892503358612,6.942892503358612,25929000
2015-06-08,6.956233024597168,7.096291428986641,6.949563425329099,6.97624118635338,15661800
2015-06-09,7.036266326904297,7.096291448385012,6.9295552825154685,6.969571606137281,17767400
2015-06-10,7.143588066101074,7.210664268660721,7.063097006841144,7.076512503227503,14940100
2015-06-11,7.083221912384033,7.170420100598401,7.0496838032397715,7.136882631140364,12486700
2015-06-12,7.096633434295654,7.123463781054042,7.056388234001036,7.076510834148346,9064500
2015-06-15,7.042975425720215,7.083221281043388,6.989314711746764,7.009437319565266,10774100
2015-06-16,7.110047817230225,7.123462668671626,7.009433552833504,7.042971640965744,8919400
2015-06-17,7.00272798538208,7.163710730551365,6.982605382118178,7.130172631987513,14028900
2015-06-18,7.042975425720215,7.049683174888439,6.888701032968085,7.029559927383768,16610800
2015-06-19,7.00272798538208,7.049681579245883,6.975897634468203,7.009435733032055,10049200
2015-06-22,7.116755962371826,7.116755962371826,7.042972669454943,7.06980301594162,9267200
2015-06-23,7.217370510101318,7.257615711486355,7.136879467645304,7.163709815130642,12882600
2015-06-24,7.157003879547119,7.2374949423728525,7.123465776781537,7.1905419823127,9869300
2015-06-25,7.089925765991211,7.197247154210101,7.036265071881766,7.183832300525705,15100400
2015-06-26,7.063095569610596,7.177124706947186,7.049680715640028,7.130171758521277,14277200
2015-06-29,6.90211296081543,7.029556942465058,6.861867122581606,6.955773652003263,18228000
2015-06-30,6.949065208435059,7.049679474081336,6.902112268278296,6.969188445375814,12922600
2015-07-01,6.982605934143066,7.063096993248091,6.969191077468601,7.022851783538616,10993200
2015-07-02,6.888698101043701,6.982603990686521,6.83503677022308,6.928943299551797,12811000
2015-07-06,6.821624755859375,6.855162861695744,6.754548544186635,6.781378900918498,12639600
2015-07-07,6.7344231605529785,6.801499344576147,6.586855939513547,6.788083851897153,20789400
2015-07-08,6.593564510345459,6.687471051783261,6.586856763167192,6.6807633046049935,17361900
2015-07-09,6.707594394683838,6.734424746675131,6.660641438620587,6.700886646764502,14816500
2015-07-10,6.801499843597412,6.875283139687607,6.761254002293522,6.808206950743106,13351700
2015-07-13,6.841747760772705,6.90882397634042,6.835040011278694,6.8752858685565625,13757900
2015-07-14,6.855159759521484,6.861866865904653,6.741130635091272,6.754545487543481,21315800
2015-07-15,6.915528774261475,7.022850161615698,6.861867440898436,6.875282934160677,26565600
2015-07-16,6.969189643859863,7.016142592091074,6.942359296344037,6.989312244575248,14450100
2015-07-17,6.788083553314209,6.888697824923309,6.721008011927347,6.868574586789966,26639300
2015-07-20,6.841747760772705,6.868578119062551,6.767964435397179,6.841747760772705,17290200
2015-07-21,6.982605934143066,7.056389884753894,6.868576773822765,6.868576773822765,25902200
2015-07-22,7.177127838134766,7.277742165396107,6.955777213720526,6.955777213720526,50668500
2015-07-23,7.123464107513428,7.291153942359844,7.056388557386434,7.163709949338387,25786400
2015-07-24,7.083221912384033,7.143589741220236,7.056391553005869,7.110052271762199,15410600
2015-07-27,6.982605934143066,7.029558892032812,6.935652976253322,7.029558892032812,18577300
2015-07-28,6.975897312164307,7.063096108527111,6.895406263141565,7.009435409178615,14121000
2015-07-29,7.056388854980469,7.083219204099992,6.942359711300998,6.982604915137292,15971900
2015-07-30,7.089925765991211,7.110049006046702,7.016142471512207,7.0496805652520935,11128500
2015-07-31,6.969189643859863,7.083218780723612,6.962481897059421,7.07651103392317,11300700
2015-08-03,6.955776691436768,7.016145155323482,6.888701117985223,6.975899299503613,14982800
2015-08-04,6.955776691436768,7.06309812070818,6.94906894218576,6.955776691436768,13652900
2015-08-05,7.029558181762695,7.136880222744928,6.989312976119617,7.009435578941156,12096000
2015-08-06,7.089925765991211,7.157001953470983,7.036265071881766,7.063095418936489,20280800
2015-08-07,7.123464107513428,7.190540297326376,7.036265316630977,7.0698034115374515,26399300
2015-08-10,7.244199752807617,7.250907498577471,7.136878379233346,7.177123574480776,12584800
2015-08-11,7.096633434295654,7.197247074718126,7.056388234001036,7.170416727959738,12792600
2015-08-12,6.942360877990723,7.029559047518667,6.835038823790775,7.0228519388761175,16591800
2015-08-13,6.982605934143066,7.036266640213083,6.928945228073051,6.982605934143067,13293400
2015-08-14,7.076511859893799,7.0899267153745225,6.955774962137194,6.9960208079514015,11154900
2015-08-17,7.076511859893799,7.1167570660219885,6.962482709720565,7.002727915848754,13069800
2015-08-18,7.042975425720215,7.110051638030113,7.016145068733489,7.063098033538717,10898700
2015-08-19,6.875283718109131,7.0429735648922795,6.861868223317199,7.016143214994416,29846100
2015-08-20,6.660640716552734,6.841745412939224,6.660640716552734,6.814915063856559,19190600
2015-08-21,6.486245155334473,6.640519550865944,6.472829656756337,6.5868588359257645,19259700
2015-08-24,6.023420333862305,6.238063820640834,6.003297726868929,6.110619150415122,38293000
2015-08-25,5.882559776306152,6.3722137922395055,5.875852029316007,6.338675696974737,29720700
2015-08-26,6.204524993896484,6.21794049012179,5.989882171780148,6.0904958347256635,22494200
2015-08-27,6.412458419799805,6.432581017272512,6.271598958119172,6.305136407345071,24075600
2015-08-28,6.4527058601379395,6.466121356245254,6.358799306444924,6.378922550605896,13097300
2015-08-31,6.432582378387451,6.46612047439575,6.3587984392319985,6.385629427787419,13324600
2015-09-01,6.177693843841553,6.318553337597653,6.117325397990941,6.271600386240948,19585200
2015-09-02,6.264892578125,6.285015179984367,6.124033085737476,6.271600325306783,12069200
2015-09-03,6.325261116027832,6.432582513764238,6.244770067725527,6.285015272033685,13322100
2015-09-04,6.2112321853637695,6.305138091780864,6.144155989620692,6.2716006335953365,12480500
2015-09-08,6.3856282234191895,6.399043075480802,6.278306208497022,6.352090133736378,10022400
2015-09-09,6.304627895355225,6.520632067682238,6.28437766513537,6.493631546141361,10729200
2015-09-10,6.426130294799805,6.466630753541875,6.270876819640039,6.270876819640039,16330900
2015-09-11,6.419381618499756,6.432881560228508,6.3451296858899084,6.365380564098056,12928100
2015-09-14,6.473381042480469,6.547632312645641,6.37212860817176,6.392379481279413,17577000
2015-09-15,6.5678815841674805,6.594882744373239,6.507130904933796,6.520630841293585,16306500
2015-09-16,6.459880352020264,6.561132784630088,6.365378854076237,6.561132784630088,17332100
2015-09-17,6.270875930786133,6.500380643604424,6.230374834041631,6.446379610440483,35232500
2015-09-18,6.0346245765686035,6.196628417755012,6.021124631986767,6.183127829429694,28374200
2015-09-21,6.1358747482299805,6.203375733218702,6.081873702741708,6.095373642242156,15484000
2015-09-22,6.021122932434082,6.115625092806205,5.980621822633657,6.02787322469137,14478600
2015-09-23,6.0413737297058105,6.115625663984243,5.9941229669783445,5.9941229669783445,10734500
2015-09-24,6.021122932434082,6.034622873205356,5.926620772061959,5.953621297347809,10548000
2015-09-25,6.129123210906982,6.169624308663245,6.088622756893831,6.129123210906982,12336900
2015-09-28,5.940121650695801,6.108875103023845,5.940121650695801,6.102124810432323,13023600
2015-09-29,5.960369110107422,6.007619848765652,5.899617792550822,5.946869174952085,12504800
2015-09-30,6.081875324249268,6.11562614761366,5.994123440999213,6.102125560770538,14803000
2015-10-01,6.09537410736084,6.1223746321653,6.0076222408105195,6.0818741668302545,14611900
2015-10-02,6.014372825622559,6.014372825622559,5.764617798091741,5.913121013614475,21449300
2015-10-05,6.1021223068237305,6.14262340201254,6.02787105001116,6.061621211634921,18751500
2015-10-06,6.1358747482299805,6.1628752709741175,6.06837311949802,6.0886239943635525,13598800
2015-10-07,6.216876029968262,6.26412678165722,6.135874465468672,6.176374925846861,15413300
2015-10-08,6.250626564025879,6.270876793311895,6.142624482842887,6.189875232424651,15348100
2015-10-09,6.1358747482299805,6.284377945194351,6.102123933864,6.230376255962838,11229000
2015-10-12,6.129123210906982,6.156123728163454,6.088622756893831,6.115623274150302,10553200
2015-10-13,6.0616230964660645,6.149374960208594,6.0616230964660645,6.115624788090387,12389500
2015-10-14,5.953619956970215,6.0818729060110455,5.9063692092936755,6.068372324535945,15899100
2015-10-15,6.129123210906982,6.142623791406773,5.967120107368155,6.007620561381307,17701200
2015-10-16,6.088623046875,6.176374249330501,6.048121947189803,6.162874311930863,15726200
2015-10-19,6.0346245765686035,6.1561272965225395,6.027874926149427,6.081875991963735,12407300
2015-10-20,6.216876029968262,6.277627364278757,6.088623713779713,6.14262475677944,25254500
2015-10-21,6.09537410736084,6.250627607793957,6.088624458967192,6.18312597391116,16303400
2015-10-22,6.216876029968262,6.277627364278757,6.135874465468672,6.135874465468672,17742800
2015-10-23,6.378879070281982,6.385629361498902,6.230375882225765,6.26412669456716,16672300
2015-10-26,6.291126251220703,6.405878609343236,6.264125734235584,6.378878092358116,9041100
2015-10-27,6.237126350402832,6.284377746518685,6.1831253066217595,6.25062693321971,9075000
2015-10-28,6.520631790161133,6.5408820195191275,6.237126004176458,6.250626586243912,17966500
2015-10-29,6.507134437561035,6.588136030923607,6.493633850128886,6.527384674965818,14713000
2015-10-30,6.311379432678223,6.527383647649112,6.237127500974475,6.493632828124076,23278600
2015-11-02,6.466630458831787,6.480131040292659,6.331627862938848,6.372128319835152,13042800
2015-11-03,6.439631462097168,6.507133097873809,6.412630936535173,6.446381754423494,11121000
2015-11-04,6.473381042480469,6.507131853916706,6.432879940008348,6.466630751444584,11767200
2015-11-05,6.5678815841674805,6.615132970784467,6.46662980836825,6.480130388471129,20710000
2015-11-06,6.837889671325684,6.891890722247356,6.756888094943174,6.756888094943174,23751000
2015-11-09,6.743386745452881,6.885139648979363,6.68263540912107,6.804138081784693,17932200
2015-11-10,6.797387599945068,6.824388121587368,6.655634700387196,6.736636265314092,14183200
2015-11-11,6.716386318206787,6.864889515372502,6.70963602657579,6.824388409329765,12101900
2015-11-12,6.615135669708252,6.682636666533256,6.601635084097238,6.66238643186009,15262600
2015-11-13,6.554381370544434,6.635382916505911,6.527380855223941,6.608382401185419,13141100
2015-11-16,6.621884822845459,6.628634470745955,6.493631856587398,6.5206323794191094,12428600
2015-11-17,6.662384986877441,6.756887134428212,6.648885047937739,6.662384986877441,13332400
2015-11-18,6.810890197753906,6.810890197753907,6.642136726625191,6.682637199199776,19338300
2015-11-19,6.844638347625732,6.898639385797903,6.6286335511938965,6.7703864373316325,32049300
2015-11-20,6.804137229919434,6.905389015300431,6.770386420211384,6.891889077663102,15200100
2015-11-23,6.804137229919434,6.878388496282621,6.783887001591865,6.824387458247003,10235900
2015-11-24,6.837889671325684,6.8648901967865195,6.743387510341103,6.756888094943174,13836300
2015-11-25,6.810890197753906,6.885141493302916,6.777139374779483,6.844641020728331,8577300
2015-11-27,6.8648905754089355,6.871640868082273,6.756888467608901,6.810889521508918,5136000
2015-11-30,6.844638347625732,6.885138804383284,6.790637309453562,6.864888576004508,11749400
2015-12-01,6.918889045715332,6.939139272430333,6.831137204959527,6.89188852884763,14012700
2015-12-02,6.8176374435424805,6.9391394506969775,6.80413686289025,6.9391394506969775,13473200
2015-12-03,6.729884624481201,6.864887192708187,6.702884110835805,6.851386614013976,15801600
2015-12-04,6.92564058303833,6.9391405220317015,6.689385535093774,6.750136869921986,19157400
2015-12-07,6.770386219024658,6.905388810102009,6.736635410319538,6.89188887286584,15003200
2015-12-08,6.507134437561035,6.7298889802439685,6.4801339064401775,6.709638099095746,24117700
2015-12-09,6.418830394744873,6.561471098973649,6.344114082158375,6.4935473551063785,25877300
2015-12-10,6.527510166168213,6.615811633278725,6.364492372014251,6.4188316367322376,16280900
2015-12-11,6.364490509033203,6.452791950296571,6.316943828266368,6.412037189800039,17851200
2015-12-14,6.357700347900391,6.466379534443504,6.249021809132464,6.43241732913473,20950400
2015-12-15,6.63618803024292,6.6973192051229695,6.459585130967212,6.466377699656663,21971900
2015-12-16,6.751660346984863,6.778829981564826,6.547888411522739,6.697321077824939,30767500
2015-12-17,6.609018325805664,6.805998948148029,6.609018325805664,6.778828671045584,21232800
2015-12-18,6.350907325744629,6.527509596785839,6.323737695755591,6.4663784151418096,55937800
2015-12-21,6.37807559967041,6.398452655885988,6.2829815910394835,6.37807559967041,14228300
2015-12-22,6.452792167663574,6.459584735937632,6.316944041057228,6.445999599389515,13100700
2015-12-23,6.581846714019775,6.588639281249459,6.473168229444299,6.500337850588168,10672100
2015-12-24,6.595434188842773,6.642980880772583,6.561471988417869,6.575057127697868,3692400
2015-12-28,6.541092872619629,6.57505506237651,6.439206303348983,6.5614699273638015,8696100
2015-12-29,6.629395008087158,6.649772064986669,6.57505575783849,6.588640246513177,8090500
2015-12-30,6.554679870605469,6.615811706029222,6.5275102379477055,6.615811706029222,6842700
2015-12-31,6.520717620849609,6.609018431747771,6.479962852317706,6.507132482080618,9616300
2016-01-04,6.4120378494262695,6.439207476627334,6.316944478110049,6.350906674055131,17834000
2016-01-05,6.3984527587890625,6.459584576193887,6.337320941384239,6.418829815332355,16058300
2016-01-06,6.2897725105285645,6.344111744711444,6.2354332763456854,6.2897725105285645,17107900
2016-01-07,6.086000919342041,6.228641591192826,6.086000919342041,6.147132728388786,27113600
2016-01-08,5.950154781341553,6.181096959505847,5.929777073074063,6.140342190745941,23234600
2016-01-11,5.895814895629883,6.045247520411052,5.8210979354642935,6.004493403752553,19568600
2016-01-12,5.9365692138671875,5.990908469773636,5.787136584011969,5.963738841820412,18781200
2016-01-13,5.658079147338867,5.9976997475285945,5.624116957764917,5.984115260363947,27971600
2016-01-14,5.6784563064575195,5.75996517426984,5.549400761031737,5.692041441647023,43913000
2016-01-15,5.569778919219971,5.610533685085678,4.809028687852002,4.8769527578156575,37304300
2016-01-19,5.488269805908203,5.705626820708528,5.433930552208122,5.644495646127187,29177900
2016-01-20,5.366004943847656,5.454306043804508,5.162232477112814,5.338835324801332,34519400
2016-01-21,5.318459987640381,5.488270333727941,5.284498112755387,5.338837371681402,31909000
2016-01-22,5.3863844871521,5.50185590733049,5.372799671346564,5.406761872804182,17985400
2016-01-25,5.141857624053955,5.372799484726475,5.128272808720277,5.34562985405912,18528400
2016-01-26,5.311667442321777,5.3863837571827995,5.18261154771522,5.18261154771522,22821100
2016-01-27,5.399968147277832,5.556193981437996,5.264120018296152,5.304874456990657,28181600
2016-01-28,5.440723896026611,5.610534249976692,5.420346511042082,5.488270587844605,29478000
2016-01-29,5.515438556671143,5.535815611628176,5.406760066533764,5.447514824222729,26117500
2016-02-01,5.393176555633545,5.5358169463876346,5.352422112005587,5.522232455732509,24594000
2016-02-02,5.182612419128418,5.284498702937296,5.135065400314257,5.284498702937296,27109100
2016-02-03,5.311667442321777,5.345629315289284,4.985631583286137,5.230158234647233,34311700
2016-02-04,5.366004943847656,5.5018533629666875,5.25732614377495,5.27091127718552,22205200
2016-02-05,5.2980828285217285,5.4678931714373284,5.284498014043982,5.399968775161069,20024500
2016-02-08,5.114687919616699,5.216573871205992,5.006009074627223,5.209781625580892,26654500
2016-02-09,5.196196556091309,5.230158430329472,4.985631769819605,5.0060088295849985,26030000
2016-02-10,5.10110330581665,5.291290725251628,5.10110330581665,5.230158892775179,23601200
2016-02-11,4.8090291023254395,4.9584623930121285,4.754689841671204,4.924500193159461,28325600
2016-02-12,5.162233352661133,5.182610732345716,4.90412160405621,4.917706415883446,32594900
2016-02-16,5.32525110244751,5.386382590098477,5.175817857328606,5.270911858363342,24383700
2016-02-17,5.311667442321777,5.447515905854344,5.270913000428261,5.393176326108809,20674900
2016-02-18,5.17581844329834,5.366006143012082,5.101102136167476,5.366006143012082,24287600
2016-02-19,5.196196556091309,5.264120628455161,5.087517716421621,5.155442112672998,19930100
2016-02-22,5.366004943847656,5.372797186665534,5.2777035200033975,5.29128832952656,16755900
2016-02-23,5.141857624053955,5.366007239003409,5.09431060844231,5.338837608336053,19334700
2016-02-24,5.039969444274902,5.060346497638321,4.897328775181279,5.026384634070149,22039600
2016-02-25,5.10110330581665,5.128272937164504,4.992424456537681,5.046763719233389,15091200
2016-02-26,5.264118671417236,5.345627527951365,5.135062819961163,5.189402057650582,19076300
2016-02-29,5.107895374298096,5.25732834152106,5.107895374298096,5.2369512806617,17443400
2016-03-01,5.420346736907959,5.427138982927471,5.155442664395792,5.1690274803223755,17608800
2016-03-02,5.515438556671143,5.549400746782798,5.406760066533764,5.433929689068108,16713300
2016-03-03,5.624117374420166,5.637702510366138,5.488269253835125,5.508646309979148,20972500
2016-03-04,5.6988348960876465,5.821097892945099,5.630910505119617,5.685249758784041,26469200
2016-03-07,5.692041873931885,5.7260040667100185,5.603740431818717,5.61732556803995,14909500
2016-03-08,5.467891693115234,5.6377019901202114,5.399967315203293,5.617324935856579,29012400
2016-03-09,5.385772705078125,5.556858244576056,5.358399044864038,5.5363281625753755,22307700
2016-03-10,5.454206466674805,5.53632776778078,5.351555411351891,5.474736873531235,23258000
2016-03-11,5.638978004455566,5.652665157919296,5.508953309747131,5.522639810571461,14643700
2016-03-14,5.618447780609131,5.666351511206094,5.543170396436849,5.638977857630775,16257400
2016-03-15,5.550013542175293,5.563700695829694,5.481579731821509,5.563700695829694,13348000
2016-03-16,5.488422870635986,5.666351285467479,5.406301586861923,5.563700251809335,19985800
2016-03-17,5.556856632232666,5.563700208460382,5.3515542401962914,5.467892099190399,17728900
2016-03-18,5.632135391235352,5.693726287079935,5.543171489059299,5.618448888069617,30536600
2016-03-21,5.618447780609131,5.707412317888763,5.550013320351143,5.6321342810771,15639300
2016-03-22,5.59791898727417,5.645822728856179,5.502110851470622,5.515798007716643,15599600
2016-03-23,5.529483795166016,5.59791826225369,5.515797293332149,5.57738753054372,13052100
2016-03-24,5.515796661376953,5.522639585190157,5.35155441603169,5.4884230082060235,11387600
2016-03-28,5.508954048156738,5.556857786421919,5.447363154593229,5.5294841284647465,9218000
2016-03-29,5.406300067901611,5.440516960734149,5.303648736764827,5.440516960734149,22268000
2016-03-30,5.406300067901611,5.515794973396655,5.378926423107747,5.433673712695476,17122400
2016-03-31,5.3720855712890625,5.440519717955724,5.331025083289066,5.378929149115605,15297600
2016-04-01,5.399459362030029,5.399459362030029,5.248904235680698,5.337868791683364,15285100
2016-04-04,5.385772705078125,5.454206855613344,5.337868962863357,5.385772705078125,12083400
2016-04-05,5.242059707641602,5.351554651462004,5.242059707641602,5.310494169899241,14743300
2016-04-06,5.34471321105957,5.351556790548682,5.207844884475647,5.2489053824508245,19375600
2016-04-07,5.201000213623047,5.310495178233896,5.153096472530578,5.2557475327685905,16828900
2016-04-08,5.248904705047607,5.34471252129177,5.221531043263561,5.276278366831654,18383500
2016-04-11,5.310494899749756,5.392615874161619,5.255747257155435,5.269434086224079,23200300
2016-04-12,5.454206466674805,5.474736873531235,5.33102500449546,5.358398662757537,15865800
2016-04-13,5.748472690582275,5.7690034210242125,5.502109799033688,5.515796952661646,32141600
2016-04-14,5.803221225738525,5.905872941715037,5.7211002445410415,5.74163097932007,35699700
2016-04-15,5.981149673461914,6.090644302771322,5.85112496431686,6.083801377919087,42654700
2016-04-18,5.994836807250977,6.049584121712125,5.864811445926147,5.926402337854807,19793300
2016-04-19,6.145391464233398,6.159078618875616,6.015366758329606,6.076957648940676,27380400
2016-04-20,6.268572807312012,6.289102885200928,6.12486095681078,6.159078188385246,28551200
2016-04-21,6.275415420532227,6.3370062973807855,6.241198194211992,6.302789071060552,17329000
2016-04-22,6.391754150390625,6.446501456174922,6.275415962439153,6.295946038948423,22043700
2016-04-25,6.364380836486816,6.398598067584368,6.275416296688942,6.350693682992035,16553800
2016-04-26,6.432816505432129,6.453347241608658,6.3164782776568185,6.364382676095798,17023300
2016-04-27,6.562839031219482,6.590212681555191,6.391753553461474,6.439657278389139,31436800
2016-04-28,6.4465012550354,6.583369515225669,6.419127602997348,6.480718483242804,21401200
2016-04-29,6.419128894805908,6.467032632352986,6.337007922165427,6.419128894805907,23878100
2016-05-02,6.4670305252075195,6.487560598518479,6.350692355379975,6.4670305252075195,18427900
2016-05-03,6.323321342468262,6.378068662543694,6.227513858656023,6.364382158844604,23707300
2016-05-04,6.186450004577637,6.309631740581807,6.104329064787929,6.220667225983152,25300200
2016-05-05,6.186450004577637,6.261727369558399,6.145389208363175,6.220667225983152,16834400
2016-05-06,6.213826656341553,6.220670234460231,6.104332017000835,6.124862098717337,20046400
2016-05-09,6.193294048309326,6.254884920974739,6.145389673658858,6.20013762363643,13770900
2016-05-10,6.316476821899414,6.337007553344228,6.213825775233092,6.227512929529635,13378600
2016-05-11,6.309635162353516,6.425973386640002,6.2822615009119644,6.2822615009119644,14905100
2016-05-12,6.248042106628418,6.40544044248658,6.200138378782776,6.343850214959045,17652700
2016-05-13,6.152234077453613,6.337006720331571,6.083800272884977,6.248042187016926,16600700
2016-05-16,6.193294048309326,6.22066769697848,6.104329526974759,6.1180160249897035,12127300
2016-05-17,6.275415420532227,6.37122352370102,6.124860016306782,6.1659208184189245,26396900
2016-05-18,6.597057819366455,6.610744321455381,6.254886782830342,6.261729707555076,36225600
2016-05-19,6.480718612670898,6.638116951873314,6.391754078610655,6.514935841561663,19345700
2016-05-20,6.508092403411865,6.583369786458077,6.467031597343422,6.514935979863167,14869000
2016-05-23,6.480718612670898,6.542309494146403,6.405440578583346,6.49440511264359,14037600
2016-05-24,6.603900909423828,6.624431642030404,6.514937012019898,6.521779936915949,14450000
2016-05-25,6.740769863128662,6.774986445596132,6.651805312906395,6.658648237816203,17412600
2016-05-26,6.658649444580078,6.747614010925619,6.624432855911451,6.74077108477565,13385400
2016-05-27,6.754454612731934,6.7544546127319345,6.6449600109163525,6.7065508875974436,13114800
2016-05-31,6.727080821990967,6.83657542152314,6.686020673486049,6.774984546126469,24980000
2016-06-01,6.7955169677734375,6.8160470471459575,6.569684136757353,6.617587872839717,20315400
2016-06-02,6.843419551849365,6.843419551849365,6.7202377910714866,6.761298595543895,11752800
2016-06-03,6.658649444580078,6.686023759738332,6.5012510482576875,6.644962939640546,20465100
2016-06-06,6.809204578399658,6.843421818017658,6.686023429470242,6.720240016448681,14497500
2016-06-07,6.727080821990967,6.822888922901265,6.720237246360383,6.8092017716400965,12400100
2016-06-08,6.764971733093262,6.8063058629603574,6.716749129068072,6.723638260209872,16659900
2016-06-09,6.6823039054870605,6.702970641233332,6.572080438862037,6.689193036397046,13663200
2016-06-10,6.558303356170654,6.578970093562325,6.510080092945107,6.565191830645387,16682700
2016-06-13,6.448080539703369,6.592749044936323,6.448080539703369,6.516970554379583,17829600
2016-06-14,6.262074947357178,6.489410945176842,6.2138523590267924,6.413632498231451,20246500
2016-06-15,6.268964767456055,6.448077539710336,6.241408905802815,6.303409101784932,29858700
2016-06-16,6.179406642913818,6.2276292255584,6.055404965275277,6.206962498279781,44564800
2016-06-17,6.262074947357178,6.289630805972183,6.165629113712915,6.179407371512164,20699000
2016-06-20,6.317187309265137,6.482522477827856,6.3102981796624675,6.413633152751836,12534900
2016-06-21,6.317187309265137,6.372299032119376,6.241408854586448,6.337854041089587,13159200
2016-06-22,6.282743453979492,6.4136343121573836,6.27585432313146,6.330966055948359,14676100
2016-06-23,6.510079383850098,6.510079383850098,6.365410923898599,6.379189185314773,12912800
2016-06-24,5.8762946128845215,6.200076573453664,5.86940613822167,6.124298096292271,31847600
2016-06-27,5.449176788330078,5.766069529019766,5.414732125163155,5.766069529019766,30320400
2016-06-28,5.669623851776123,5.690291241573913,5.518066935160539,5.607623653333524,26919000
2016-06-29,5.800514221191406,5.807403350564169,5.662734918653845,5.683401649788595,20291700
2016-06-30,5.862514972686768,5.862514972686768,5.745402403259481,5.848736714173663,26525500
2016-07-01,5.759181499481201,5.848738232108645,5.710958896137075,5.8142932338698285,15101200
2016-07-05,5.524955749511719,5.683401787009577,5.483621629260703,5.676512657470482,17939400
2016-07-06,5.642068862915039,5.648957993914676,5.373399323766133,5.476733660825913,26737200
2016-07-07,5.683403015136719,5.786737352618454,5.628291280881967,5.635180411909736,21554000
2016-07-08,5.814293384552002,5.876294251591935,5.766070779958148,5.779849042404229,23632600
2016-07-11,5.903849124908447,5.945183248299622,5.855626528438413,5.883182391704662,18732000
2016-07-12,6.082961559295654,6.103628289083836,5.979627253371255,5.979627253371255,21033400
2016-07-13,6.103629112243652,6.11051824209664,6.014072395105566,6.062295647092895,18219500
2016-07-14,6.255188465118408,6.282744335392701,6.206965856384338,6.241410858473147,20403000
2016-07-15,6.282743453979492,6.324077582084005,6.213854116450208,6.289632584827524,21362600
2016-07-18,6.310298442840576,6.365410167993312,6.262075847577829,6.282742580264208,21831200
2016-07-19,6.11740779876709,6.268965381189217,6.096741064749773,6.200075391819988,33691900
2016-07-20,6.144964218139648,6.179409215935383,6.0622966176201,6.151853349095533,26129500
2016-07-21,6.158741474151611,6.262076461684493,6.138074739438495,6.1656306047172,21061300
2016-07-22,6.2207417488098145,6.262075871322894,6.1380741607672435,6.158740893531989,19156900
2016-07-25,6.179406642913818,6.234518353645744,6.165628386739129,6.206962498279781,11725200
2016-07-26,6.303409576416016,6.317187836771887,6.165630257775373,6.186296991325566,20471100
2016-07-27,6.268964767456055,6.399854946063056,6.234519776143613,6.324076490762536,23562400
2016-07-28,6.310298442840576,6.330965175526956,6.200074992535104,6.241409114891449,13576500
2016-07-29,6.317187309265137,6.420521625370947,6.268964716013567,6.268964716013567,28556900
2016-08-01,6.21385383605957,6.365410765975427,6.20007557498523,6.344744031347565,19576500
2016-08-02,6.1311869621276855,6.227632840382186,6.076075219406198,6.206966101107577,20249300
2016-08-03,6.227629661560059,6.275852247580745,6.11740623237937,6.138072961104884,18022500
2016-08-04,6.227629661560059,6.275852247580745,6.213852061404203,6.241407918699375,12049600
2016-08-05,6.468746185302734,6.510079657320229,6.337855324285388,6.3516335862803475,16707600
2016-08-08,6.468746185302734,6.516968788317708,6.4480787923102945,6.475634659316522,11365200
2016-08-09,6.454967498779297,6.5169683597115755,6.441189894674151,6.47563423342884,10501300
2016-08-10,6.379188060760498,6.468744773227139,6.365409801773223,6.454966514239864,18159000
2016-08-11,6.406744956970215,6.434300822413766,6.3516332260831145,6.379189091526665,11666400
2016-08-12,6.358520984649658,6.358520984649658,6.296520787111732,6.34474338196909,9984200
2016-08-15,6.585858345031738,6.599635949124004,6.392966631870823,6.39985576240878,18672200
2016-08-16,6.572079658508301,6.627191385276971,6.510078801647643,6.544523795123965,17488000
2016-08-17,6.578970432281494,6.599637170737195,6.537636298386323,6.56519216865518,16724800
2016-08-18,6.634080410003662,6.634080410003661,6.558301951146186,6.578968684110299,12426300
2016-08-19,6.675414562225342,6.675414562225342,6.572080229797473,6.627191961356825,11066800
2016-08-22,6.654747486114502,6.696081611157684,6.606524887717149,6.634080752084726,14818900
2016-08-23,6.6616387367248535,6.709861350470545,6.6616387367248535,6.675416344801977,11186300
2016-08-24,6.634080410003662,6.716747998843706,6.627191280021092,6.668525402932913,14044700
2016-08-25,6.647860527038574,6.709861406361677,6.634082918846687,6.634082918846687,15908800
2016-08-26,6.744304180145264,6.7994159086400945,6.647858326787497,6.668525717710779,18289000
2016-08-29,6.792527675628662,6.868306805057236,6.75119420228918,6.758083333506998,12043700
2016-08-30,6.868305683135986,6.88208328633737,6.7856380929768605,6.7925265660857495,13300600
2016-08-31,6.868305683135986,6.888972416429866,6.75119309949799,6.868305683135986,14360400
2016-09-01,6.785638809204102,6.909639879039356,6.7167488149749905,6.882084012744447,15272600
2016-09-02,6.840750217437744,6.875194555935436,6.730526757484385,6.820082825958756,14590200
2016-09-06,6.813195705413818,6.888974184933932,6.771861571231354,6.861418314473548,25578000
2016-09-07,6.906810760498047,6.9206795144659115,6.788923375785651,6.795858083434644,25300500
2016-09-08,6.886007785797119,6.990025762566736,6.844400198291172,6.913745957024362,17253000
2016-09-09,6.816660404205322,6.955351227323079,6.816660404205322,6.879071439940815,20459400
2016-09-12,6.879072666168213,6.906810835736225,6.719577695154549,6.802792865188713,22353100
2016-09-13,6.664102554321289,6.809728136071485,6.580888030654069,6.809728136071485,32703900
2016-09-14,6.601690769195557,6.671035860336117,6.560083185447134,6.6432976916138715,22165000
2016-09-15,6.6779704093933105,6.69877387010884,6.497671986311808,6.539279569072959,16629700
2016-09-16,6.629428386688232,6.677970012583454,6.580886099462958,6.629428386688232,23557000
2016-09-19,6.698773384094238,6.7889225890944145,6.671035218042649,6.671035218042649,13215200
2016-09-20,6.691840648651123,6.7750558326509545,6.650233717981446,6.7750558326509545,8484100
2016-09-21,6.712643623352051,6.7958581317411095,6.671036038492458,6.726512377418497,21196600
2016-09-22,6.775054931640625,6.788923686242707,6.712643882605877,6.754250807742275,12771000
2016-09-23,6.781989097595215,6.851334855816111,6.726512755550563,6.733447463638686,13343900
2016-09-26,6.629428386688232,6.73344634541515,6.608624265878807,6.719576931542199,17065100
2016-09-27,6.733448505401611,6.747317262393392,6.5531500351966026,6.587822919671453,15910000
2016-09-28,6.816660404205322,6.816660404205322,6.677969581087566,6.775053487935001,12901700
2016-09-29,6.7057108879089355,6.934551018616867,6.684907420025575,6.7889254207727,17502500
2016-09-30,6.8443989753723145,6.892940601014301,6.698773437116306,6.75424976965859,15485500
2016-10-03,6.879072666168213,6.892941420287155,6.781988742015108,6.80972691158312,14397500
2016-10-04,6.990025997161865,7.0593717582223965,6.8860080169012585,6.899876772315251,19913200
2016-10-05,7.149520397186279,7.198062029152689,7.017763594234401,7.017763594234401,15205000
2016-10-06,7.156454086303711,7.232734545676316,7.114847164218746,7.149520040176285,14442700
2016-10-07,7.163388252258301,7.198061125594808,7.059370293578831,7.170322959191613,15135900
2016-10-10,7.191130638122559,7.2604764254848435,7.17032716644605,7.2258035318037015,9465900
2016-10-11,7.114844799041748,7.232732141310208,7.059368480483634,7.149517663473039,15658400
2016-10-12,7.100976943969727,7.1911261467033105,7.087108191957652,7.11484635731183,18336300
2016-10-13,6.899878025054932,7.017765443463324,6.7819906066465405,7.003896685531324,17088800
2016-10-14,6.9692206382751465,7.087108003223493,6.927613060686903,6.976155344761522,15093800
2016-10-17,6.941483497619629,7.02469800374134,6.913745328912392,7.010828588722668,18969300
2016-10-18,7.107912063598633,7.114846770672579,6.844399146759271,6.9345483547303735,35550900
2016-10-19,7.30901575088501,7.357557389772968,7.107913825210317,7.163390172890906,32929700
2016-10-20,7.357555866241455,7.4823779533409445,7.288210776665144,7.309014237405028,25311300
2016-10-21,7.378360748291016,7.419967674056344,7.2674074031464295,7.295146235430197,13930500
2016-10-24,7.357555866241455,7.4823779533409445,7.357555866241455,7.433836324504518,12002900
2016-10-25,7.36448860168457,7.419964923023331,7.322881691345458,7.33675044101519,12755900
2016-10-26,7.454638957977295,7.489311829582728,7.309013426298491,7.309013426298491,16865600
2016-10-27,7.517049312591553,7.600263800096667,7.468507693546059,7.50317990067572,17057900
2016-10-28,7.385293960571289,7.544788921530894,7.343687039507105,7.530919506956108,17271900
2016-10-31,7.426900863647461,7.496246607518353,7.38529328505892,7.426900863647461,14577300
2016-11-01,7.517049312591553,7.5447874750932575,7.399161956626817,7.489311150089848,23181100
2016-11-02,7.288214206695557,7.482381474751716,7.274344785454915,7.475446764131395,26381900
2016-11-03,7.253539085388184,7.4269028296265915,7.232735621252031,7.34368831175178,21137500
2016-11-04,7.295144557952881,7.406097216254367,7.156453073746012,7.260471686901163,17525500
2016-11-07,7.600265026092529,7.607199733169081,7.447704777058737,7.461574191211839,20491900
2016-11-08,7.551723480224609,7.593330400470102,7.41996668967704,7.544788773073669,17481300
2016-11-09,8.002469062805176,8.071814813379312,7.621068757307606,7.6696110472415375,26809800
2016-11-10,8.446280479431152,8.598840073792138,8.231309179987806,8.238243887366968,39209900
2016-11-11,8.633515357971191,8.64738477659886,8.321460713481684,8.397740531943032,30371300
2016-11-14,9.202143669128418,9.292292193090262,8.917826702594503,8.924761407923844,49676000
2016-11-15,9.382442474365234,9.389377180504635,8.910893699495666,9.098126135949618,38734400
2016-11-16,8.938636779785156,9.25762616304092,8.924767359876917,9.160542207674265,52425700
2016-11-17,9.132802963256836,9.174409895464738,8.876224676873896,8.897028142977847,59508300
2016-11-18,9.195210456848145,9.243752079375561,9.084257798882618,9.132799421410034,41142400
2016-11-21,9.091193199157715,9.278426333381358,9.091193199157715,9.264556918403263,25605300
2016-11-22,9.118931770324707,9.188277525616128,9.001044383127372,9.160539355765586,30905000
2016-11-23,9.22295093536377,9.24375439861936,9.084260078109537,9.181343347522413,22007200
2016-11-25,9.264556884765625,9.313099175682604,9.195211794117247,9.264556884765625,7301000
2016-11-28,9.070389747619629,9.20908059089682,9.035716871467805,9.132800792426892,16588500
2016-11-29,9.13973331451416,9.236816550929488,9.021845960584164,9.105060446652994,18209000
2016-11-30,9.389378547668457,9.45872429649976,9.313098753018082,9.34083692028459,23328300
2016-12-01,9.597416877746582,9.639023805545895,9.396314963169386,9.437921890968699,26961700
2016-12-02,9.528070449829102,9.583546790567803,9.424052476276572,9.569678036048202,22137700
2016-12-05,9.722240447998047,9.729174496122088,9.597418323141204,9.659829385569624,25628900
2016-12-06,9.874795913696289,9.895600033264888,9.652890595604692,9.79158141941194,24188900
2016-12-07,10.073336601257324,10.087268948146594,9.822548377987603,9.864346083017953,27360600
2016-12-08,10.136035919189453,10.261429724573143,10.017607956509588,10.108170555286113,29711500
2016-12-09,10.170868873596191,10.184801224850645,10.003676008003497,10.184801224850645,22542900
2016-12-12,10.00367546081543,10.24053139845018,9.9618777449756,10.094238064285348,27497600
2016-12-13,9.95490837097168,10.087268652167479,9.808615078932888,10.038504442942056,22190100
2016-12-14,9.98974323272705,10.261430382103061,9.718055418988317,9.857382247432774,34204400
2016-12-15,10.115137100219727,10.247497413165426,9.989742630003928,10.143002464227383,23696600
2016-12-16,9.892215728759766,10.219634327102991,9.857383849895536,10.156937078019945,40262100
2016-12-19,9.947943687438965,9.996708569957821,9.801650368607687,9.88524645588804,20147400
2016-12-20,10.15693473815918,10.226598479839149,9.996709062402998,10.031540268880304,20740700
2016-12-21,10.122102737426758,10.17086762172203,10.05243966100342,10.149968100868627,10701600
2016-12-22,10.136035919189453,10.198733154062639,10.04547332041293,10.129069412122949,11161500
2016-12-23,10.143003463745117,10.191767689473199,10.066373206900705,10.143003463745117,8573800
2016-12-27,10.198734283447266,10.23356549391156,10.13603704163113,10.170868916458177,9803900
2016-12-28,10.052440643310547,10.2126663326676,9.996709910980899,10.205699825035712,12332800
2016-12-29,9.871315002441406,10.094237922080596,9.836483130157108,10.066372557125698,13542100
2016-12-30,10.00367546081543,10.080305713792976,9.864348634078139,9.913112857345512,17954600
2017-01-03,10.052440643310547,10.254464714096205,9.913113148123694,10.143003249436909,15937800
2017-01-04,10.184802055358887,10.233566285270024,10.080307087159936,10.122104808694393,9759700
2017-01-05,10.052440643310547,10.233565191200535,9.899180797222648,10.12907023417313,12715500
2017-01-06,10.087271690368652,10.191767310076717,10.031540958936109,10.136036578644172,8194100
2017-01-09,10.010639190673828,10.080302916894814,9.899177760210277,9.989740338552545,9540100
2017-01-10,10.143003463745117,10.219633056226781,9.975810598860877,10.073339714679788,15784900
2017-01-11,10.115137100219727,10.115137100219727,9.947944251811101,10.031540343834072,15381900
2017-01-12,10.052440643310547,10.080306009475372,9.864348923425936,10.066372994211592,15692000
2017-01-13,10.226598739624023,10.4007574338854,10.129069631667084,10.129069631667084,26587300
2017-01-17,9.599626541137695,10.108170247333872,9.585694191791823,10.108170247333872,26023000
2017-01-18,9.773787498474121,9.780754006947921,9.509066155735018,9.669292528818366,20628200
2017-01-19,9.738954544067383,9.961878140050619,9.690190318866085,9.808618292380158,12778900
2017-01-20,9.780754089355469,9.8504178459548,9.683224962988971,9.73198985835363,20038200
2017-01-23,9.690187454223633,9.808615392727683,9.599624873934506,9.676255107297445,13191100
2017-01-24,9.92007827758789,9.989742015503136,9.718054234868848,9.725020741532902,16160200
2017-01-25,10.184802055358887,10.205700916126116,10.010643332118763,10.066374070406578,14882800
2017-01-26,10.240531921386719,10.317162178277417,10.136036962088356,10.205700046833016,13194700
2017-01-27,10.129068374633789,10.219630964134268,10.066371146182487,10.21266445778132,9361500
2017-01-30,10.066372871398926,10.115137759864472,9.899180676449776,10.03154099802717,16119400
2017-01-31,10.038505554199219,10.198731874817968,9.947942966782117,10.031539048006534,15317300
2017-02-01,10.073336601257324,10.268394108244886,10.059403590005513,10.136033823165391,14411900
2017-02-02,9.927044868469238,10.052439332035423,9.892212999216115,9.954910230999207,12731600
2017-02-03,10.184802055358887,10.24749930202338,10.003676823742085,10.11513896468052,14251000
2017-02-06,10.191767692565918,10.268397285070835,10.087272068936214,10.115138100061,10411500
2017-02-07,10.15693473815918,10.351992284755346,10.143002388440792,10.240530829557535,16867100
2017-02-08,10.094239234924316,10.108172251395228,9.920080515214664,10.052441514237163,14423800
2017-02-09,10.442556381225586,10.442556381225586,10.094238951583403,10.094238951583403,17083200
2017-02-10,10.442556381225586,10.567950868492858,10.386825645631857,10.456489397305404,17501200
2017-02-13,10.55401611328125,10.686377086777476,10.53311725696809,10.53311725696809,11738900
2017-02-14,10.790868759155273,10.84659946865884,10.526147556832111,10.560979416362454,12495400
2017-02-15,10.839637756347656,10.909300837575966,10.693344422096677,10.90233433014432,14434700
2017-02-16,10.860532760620117,10.881431611136767,10.672441112882831,10.881431611136767,19147600
2017-02-17,10.714241981506348,10.735140836905712,10.59581402697222,10.714241981506348,11504400
2017-02-21,10.749073028564453,10.846601455882805,10.679409296740557,10.797837242223629,11857800
2017-02-22,10.672445297241211,10.769974411828064,10.637614087511308,10.65154643853072,13662400
2017-02-23,10.686379432678223,10.7142448020004,10.498287691481424,10.686379432678223,15193600
2017-02-24,10.588846206665039,10.658509935170175,10.498283625353382,10.560980848135495,15315600
2017-02-27,10.665478706359863,10.700309913648416,10.567949598608912,10.609747313100254,9942200
2017-02-28,10.637614250183105,10.658513109213184,10.533118626307214,10.623681234587886,13345900
2017-03-01,11.083456039428711,11.153119763034974,10.867499692101804,10.874465532972426,21595000
2017-03-02,10.672445297241211,11.167056713503818,10.665479453912875,11.153123698121664,19305600
2017-03-03,10.700310707092285,10.797839822075163,10.665479497220947,10.693344863735662,17478400
2017-03-06,10.609746932983398,10.651545310339916,10.491319636592381,10.60278109039287,13541100
2017-03-07,10.623679161071777,10.707275245238664,10.533116570466996,10.609746148195986,11551900
2017-03-08,10.6411714553833,10.886037599980805,10.620183138397008,10.816075653751069,15975300
2017-03-09,10.634173393249512,10.816073890019826,10.58520043919845,10.669154360660182,11940300
2017-03-10,10.585200309753418,10.725123510478534,10.417292468883277,10.704135197171379,13792100
2017-03-13,10.578205108642578,10.648167050053676,10.487254851690762,10.62018240693054,8711000
2017-03-14,10.557214736938477,10.56421106315826,10.319344983116995,10.50824178781278,11586800
2017-03-15,10.49425220489502,10.739118356558539,10.44527924144495,10.627179105919458,26270900
2017-03-16,10.529230117797852,10.662156980175725,10.487252827611663,10.571206740777646,18075800
2017-03-17,10.529230117797852,10.571206740777646,10.35432596523379,10.529230117797852,34593000
2017-03-20,10.410295486450195,10.557215004760826,10.382310848067522,10.480256748803672,15471200
2017-03-21,9.864593505859375,10.508240777665577,9.794631584799705,10.473259817135741,27095600
2017-03-22,9.920563697814941,10.011513936762654,9.605735690993484,9.801628821283812,23672500
2017-03-23,9.955548286437988,10.172429821616525,9.836614025838157,9.878590666707115,18160600
2017-03-24,9.955548286437988,10.060491223023737,9.801633046976242,10.018513914948102,14864000
2017-03-27,9.850602149963379,9.892579441559798,9.521782145278413,9.689690644457674,18574900
2017-03-28,10.074481964111328,10.144443913153646,9.822620148530852,9.84360846636091,14736900
2017-03-29,10.011515617370605,10.109461531751315,9.941553678064528,10.081476889470183,10766900
2017-03-30,10.270374298095703,10.333339913541737,9.997523520231734,10.01151617575598,13106300
2017-03-31,10.165431022644043,10.28436592155453,10.130450052280985,10.207408320521015,12912000
2017-04-03,10.200410842895508,10.23539180931441,9.997522038313608,10.18641885665181,16905400
2017-04-04,10.186419486999512,10.207407801267058,10.074480254090808,10.116457549832383,10004000
2017-04-05,10.053491592407227,10.431284572200171,10.039499605781208,10.403299931741675,19344900
2017-04-06,10.165431022644043,10.214404648034929,9.934557552336985,10.039500463426156,14163700
2017-04-07,10.102465629577637,10.172427571828312,9.99752338340815,10.067485325658827,13992500
2017-04-10,9.948549270629883,10.165430065488064,9.920564630415717,10.081476144845562,11537400
2017-04-11,9.913569450378418,9.941554093829893,9.759653577792035,9.864596491139967,17832100
2017-04-12,9.766650199890137,9.962542709956008,9.69668825554905,9.90657342136576,18538900
2017-04-13,9.570755958557129,9.850602350886577,9.563759631947285,9.717675481331696,16908500
2017-04-17,9.787637710571289,9.83661133446106,9.500794963358112,9.598741543931158,18530200
2017-04-18,9.3328857421875,9.647713085203906,9.095015986555337,9.514786222048143,39772700
2017-04-19,9.34687614440918,9.486799977344916,9.290906878117399,9.423834385965092,29156200
2017-04-20,9.54277229309082,9.563760607855619,9.388856428000476,9.451822039501367,24624200
2017-04-21,9.423839569091797,9.584751131380711,9.353877614144743,9.507793514704272,18510400
2017-04-24,9.661707878112793,9.829615742624068,9.605737922735825,9.724672826899614,26731000
2017-04-25,9.696687698364258,9.801630608845725,9.61973009777639,9.787637953898924,27694600
2017-04-26,9.80862808227539,9.899577681229319,9.675700513576713,9.689693170158295,19059200
2017-04-27,9.647712707519531,9.822616854260064,9.528777834359458,9.808624869468133,19331100
2017-04-28,9.619732856750488,9.738667789083213,9.612736527270515,9.661710166423621,14091500
2017-05-01,9.703685760498047,9.794636032291262,9.577754512291037,9.654712793842712,15256800
2017-05-02,9.682693481445312,9.759651064315776,9.59174324684948,9.731666428071392,15366000
2017-05-03,9.878588676452637,9.885585004256795,9.5917459085476,9.61273422475353,18782800
2017-05-04,9.983527183532715,10.179419605104359,9.955541884673375,10.137442324021597,21097500
2017-05-05,9.990523338317871,10.032500621490046,9.927557747162751,10.004515988444023,11117300
2017-05-08,10.039502143859863,10.10246710040476,9.913570896356816,9.948551872575067,11615800
2017-05-09,9.941553115844727,10.15143825468693,9.8995758211937,10.053491678638844,11254000
2017-05-10,10.039502143859863,10.053494134023188,9.857601601290268,9.906574567671841,16698500
2017-05-11,9.920563697814941,10.081475197118008,9.871590081639166,9.990524958170298,13374000
2017-05-12,9.88558292388916,9.892579250220978,9.71767509516393,9.829613647647417,13168600
2017-05-15,10.032503128051758,10.032503128051758,9.927560227505099,9.927560227505099,10304200
2017-05-16,10.172426223754883,10.22139917651643,10.004518385252629,10.03949935174221,17249600
2017-05-17,9.773646354675293,10.172427695620078,9.689692423276735,10.172427695620078,39891200
2017-05-18,9.801630973815918,9.920565876466293,9.696688059426831,9.766650002352888,19820100
2017-05-19,9.857599258422852,9.983530475995677,9.815621963496422,9.843606604378552,13766400
2017-05-22,9.843605995178223,9.934556239218045,9.773644730905886,9.885583287506766,12038000
2017-05-23,10.123456954956055,10.179426254824238,9.822621467759562,9.857602446978847,15570200
2017-05-24,9.983527183532715,10.130445999306762,9.920561595511696,10.11645401708334,19811900
2017-05-25,9.990523338317871,10.074477237455937,9.91356576424288,10.018507971363894,18015800
2017-05-26,9.88558292388916,10.025506114493519,9.87858659755734,9.962540511919956,12053100
2017-05-30,9.773646354675293,9.843607630570823,9.675699767773706,9.836611970025846,16152800
2017-05-31,9.682693481445312,9.81562033680454,9.51478566397902,9.801628352285528,31447300
2017-06-01,9.647712707519531,9.752654928681302,9.535774160358608,9.745659269888522,27049100
2017-06-02,9.472808837890625,9.563759076921068,9.42383588887669,9.528778113108375,24083700
2017-06-05,9.465811729431152,9.570754612196737,9.451819745386208,9.465811729431152,15492300
2017-06-06,9.444826126098633,9.472810769413627,9.276918266208668,9.40284882752288,17350500
2017-06-07,9.55734634399414,9.63470504927603,9.444824346971753,9.501085345482947,13937700
2017-06-08,9.866781234741211,10.000401601078417,9.515149680124935,9.557345761779832,23115300
2017-06-09,10.126991271972656,10.197317870386915,9.937110529348795,9.94414332332705,17130900
2017-06-12,10.098861694335938,10.330938551461713,10.098861694335938,10.155122709961326,25258200
2017-06-13,10.141056060791016,10.260610866263576,10.070729467918651,10.183251479967158,17011500
2017-06-14,10.197315216064453,10.218412921823418,9.916010236998332,10.056662726531393,16289500
2017-06-15,10.126991271972656,10.281709386073537,10.098860766743782,10.126991271972656,12898700
2017-06-16,10.098861694335938,10.155122709961326,10.049633473334778,10.105894488960164,22663000
2017-06-19,10.197315216064453,10.288739501931934,10.134021428103582,10.162151926010194,10083300
2017-06-20,10.035563468933105,10.162150354596237,10.021497886812831,10.162150354596237,13928100
2017-06-21,9.817556381225586,10.056666027252493,9.81052358676969,10.0426004383407,13669600
2017-06-22,9.733160972595215,9.866780660471477,9.683932772433002,9.78942196440458,11788300
2017-06-23,9.543282508850098,9.803489842346155,9.46592378938396,9.78239213170705,23569200
2017-06-26,9.66987133026123,9.740197935482271,9.529218790503364,9.557349298454938,20666600
2017-06-27,9.845685958862305,9.880849257137925,9.705033436443955,9.754261651619345,22856900
2017-06-28,9.908981323242188,10.028536153810238,9.873818019424954,9.92304624235854,20979100
2017-06-29,10.309840202331543,10.44346060921289,10.183252589640619,10.288742490444445,32447100
2017-06-30,10.295772552490234,10.415327339265001,10.176217765715469,10.359065671355708,13453000
2017-07-03,10.464555740356445,10.527849531092544,10.330935366428234,10.387197035392324,9366200
2017-07-05,10.443460464477539,10.506753599261657,10.323905647633941,10.478623093573997,14363700
2017-07-06,10.345004081726074,10.52785271680814,10.33093849255782,10.436428399267108,11626900
2017-07-07,10.330934524536133,10.422358806961897,10.24654303399326,10.40829389388006,13656500
2017-07-10,10.373132705688477,10.415328794846511,10.267643488819516,10.309838907293466,9640200
2017-07-11,10.373132705688477,10.450491420013442,10.316871700600487,10.380165498995497,10827300
2017-07-12,10.288741111755371,10.380165411927518,10.239512900387323,10.309838820815381,11351700
2017-07-13,10.422361373901367,10.443459754746398,10.27467606140671,10.323904946027671,15767700
2017-07-14,10.323906898498535,10.380167916690551,10.155123173238247,10.274678004567342,11022500
2017-07-17,10.337969779968262,10.394230787070569,10.22544776576365,10.316872069975926,8545900
2017-07-18,10.225447654724121,10.316871957943606,10.14105614498708,10.232480448206566,9975200
2017-07-19,10.17622184753418,10.28874388711888,10.084797522700546,10.23951566247164,14924100
2017-07-20,10.063697814941406,10.22544804714044,10.042599433684389,10.19731754281521,18573000
2017-07-21,10.007438659667969,10.10589578498104,9.852721182198664,10.000406534826125,19775300
2017-07-24,10.126991271972656,10.176220159136296,10.000404333784799,10.028534839013671,14459900
2017-07-25,10.239513397216797,10.387198709170832,10.19731730636531,10.23248060362753,18396700
2017-07-26,10.162152290344238,10.373131367549849,10.126988999029304,10.323903162119338,21764100
2017-07-27,10.11995792388916,10.197316636235023,10.056664127113422,10.1762189275378,19114400
2017-07-28,10.197315216064453,10.23247850611871,10.070727640142712,10.126988635955936,16575100
2017-07-31,10.267644882202148,10.323905894925105,10.232481581579258,10.23951437584067,13453700
2017-08-01,10.330934524536133,10.387196188915329,10.253575825876155,10.323902403337188,16128000
2017-08-02,10.429391860961914,10.443457445081204,10.295772165248486,10.337967576238425,13687900
2017-08-03,10.47862434387207,10.527853237712534,10.366102307695419,10.443461710580046,18065400
2017-08-04,10.506752014160156,10.745861611774076,10.415328387481008,10.577078603111566,32547300
2017-08-07,10.457524299621582,10.54894860131507,10.450491506256524,10.541915807950012,9644900
2017-08-08,10.450491905212402,10.62630772194623,10.422361401362355,10.436426988629437,16854200
2017-08-09,10.323906898498535,10.422363344992442,10.260613085361458,10.359069531855365,12848400
2017-08-10,10.05666446685791,10.267643573009856,10.035566757447944,10.239513070235203,14306000
2017-08-11,9.894913673400879,10.126990491320177,9.845685460716208,10.028534065950836,18741400
2017-08-14,10.134023666381836,10.176219757903493,10.000403939484142,10.000403939484142,12035900
2017-08-15,10.183249473571777,10.316869839565364,10.176217352217348,10.260608844626157,10524400
2017-08-16,10.084794044494629,10.267642631098138,10.070728459055578,10.22544654546501,10905900
2017-08-17,9.838652610778809,10.126990433163037,9.817554901275695,10.042598924466489,14048100
2017-08-18,9.887882232666016,10.007436375905883,9.768327418742007,9.782392335900285,14369600
2017-08-21,9.87381362915039,9.89491133378619,9.803487052785806,9.887879212696882,9522600
2017-08-22,10.014466285705566,10.056662366396404,9.923042003112041,9.923042003112041,10391600
2017-08-23,10.063697814941406,10.176219832242321,9.916012499562925,9.937110210135813,12878200
2017-08-24,10.162152290344238,10.176217875143811,10.070728001199008,10.112924084913729,9752700
2017-08-25,10.162152290344238,10.253576579489469,10.148087376228663,10.197315581659174,7536100
2017-08-28,10.049630165100098,10.204348242480421,10.028532458856779,10.169184951618895,15370400
2017-08-29,9.958209991455078,9.99337329684463,9.824590235795897,9.916014561535027,13823000
2017-08-30,10.014466285705566,10.063695158292202,9.951172500011284,9.965238083802879,9641700
2017-08-31,9.923044204711914,10.056664597642284,9.923044204711914,10.042599010729994,10356300
2017-09-01,10.007438659667969,10.098862989454899,9.923047125407177,9.937112716459456,8064300
2017-09-05,9.592511177062988,9.944142809600256,9.56438067328737,9.944142809600256,14188000
2017-09-06,9.578445434570312,9.669869738030144,9.543282137749745,9.641739234710512,9733600
2017-09-07,9.323589324951172,9.635083278396854,9.224477274918378,9.564289535641093,11124700
2017-09-08,9.387299537658691,9.479331965495966,9.295267109821417,9.302346683150116,12265400
2017-09-11,9.571369171142578,9.656322068057703,9.472257120502128,9.514733231386886,13296600
2017-09-12,9.6987943649292,9.819144423684834,9.599683028409506,9.613841501421458,11801600
2017-09-13,9.727112770080566,9.797907166282215,9.656319049024315,9.677557097826652,11526900
2017-09-14,9.691715240478516,9.833304028038826,9.67755676680971,9.727112437368593,13712700
2017-09-15,9.7341947555542,9.748353908359423,9.663400341819216,9.677559494624438,13642200
2017-09-18,9.925339698791504,9.97489538547177,9.748354331909878,9.776671963605114,12525000
2017-09-19,10.01736831665039,10.031527465577712,9.889939352031403,9.911177400277003,12606100
2017-09-20,10.130640983581543,10.151879034973758,9.854543614900809,10.003211324937283,15824300
2017-09-21,10.215592384338379,10.236830432653788,10.074003595181297,10.074003595181297,9552100
2017-09-22,10.208513259887695,10.215592834686724,10.11648081293655,10.158957586585315,10885800
2017-09-25,10.25098705291748,10.30762296342674,10.173113773078297,10.173113773078297,11470500
2017-09-26,10.413817405700684,10.456294184254958,10.243911641774572,10.265149693478962,12869000
2017-09-27,10.654516220092773,10.746548665964593,10.520007001070343,10.576642248507554,12811100
2017-09-28,10.647439002990723,10.732391892957272,10.569565689307776,10.675756632979573,11072200
2017-09-29,10.781947135925293,10.85274154557638,10.647438567762858,10.654518143757073,10157800
2017-10-02,10.781947135925293,10.789026711919506,10.612041362937315,10.682835772588403,13231500
2017-10-03,10.739468574523926,10.83858059034302,10.66159528183095,10.796103819236158,9730900
2017-10-04,10.682833671569824,10.753627392152215,10.654516048307789,10.70407172023,9423700
2017-10-05,10.81026554107666,10.824424018052072,10.619121038317097,10.689915448630758,9283000
2017-10-06,10.767788887023926,10.95893271689531,10.732391681449064,10.881059404747049,13544400
2017-10-09,10.62619686126709,10.789023002275524,10.61911728770708,10.774864530300801,9380700
2017-10-10,10.732391357421875,10.74655050928255,10.612041267188223,10.61912084311856,9550800
2017-10-11,10.647439002990723,10.711153839252024,10.555406536740573,10.704074262968422,13462700
2017-10-12,10.555404663085938,10.725310412859633,10.534166613150585,10.675754737961997,10460500
2017-10-13,10.498767852783203,10.597879862993398,10.350100175040579,10.527085473536783,9731800
2017-10-16,10.590802192687988,10.60496066803706,10.50584931515719,10.512928890404455,6797800
2017-10-17,10.463374137878418,10.619121441392938,10.442136084036388,10.590803811221713,8543500
2017-10-18,10.548324584960938,10.590801357951165,10.456292814582012,10.527086536038524,7211100
2017-10-19,10.597882270812988,10.640358374021183,10.392579304918744,10.44921455929333,10489700
2017-10-20,10.774867057800293,10.796105108316912,10.68283460536768,10.746549432062984,10315400
2017-10-23,10.704071044921875,10.852738726454625,10.661594950281291,10.81026263181404,16399200
2017-10-24,10.93061351776123,10.987249443635067,10.626199213882487,10.661596414374094,20275500
2017-10-25,11.022644996643066,11.192551408985768,10.88813645681487,10.937692128044407,19364600
2017-10-26,11.192553520202637,11.24210920077971,11.043885803325905,11.043885803325905,18389300
2017-10-27,11.12883472442627,11.220867152110376,11.107596004475518,11.150072769231748,11897800
2017-10-30,11.043882369995117,11.121755654570569,11.00140560331604,11.043882369995117,10514800
2017-10-31,10.958930015563965,11.100518802962354,10.958930015563965,11.036803983662153,12445400
2017-11-01,11.0155668258667,11.164234524533734,10.973090051185219,11.001407675924396,9210600
2017-11-02,11.121758460998535,11.157155662972228,10.845661095778299,10.973090752825403,15041900
2017-11-03,11.192553520202637,11.24918877661801,11.050964704018693,11.065123855695292,12768800
2017-11-06,11.242106437683105,11.270424058930857,11.135914851645026,11.171312046991051,9596100
2017-11-07,10.951850891113281,11.305821502039997,10.930612168353019,11.22794753554309,16027500
2017-11-08,10.873978614807129,10.973090644324362,10.760708109727702,10.909375816430817,13251300
2017-11-09,10.817342758178711,10.951851981808037,10.68991378465329,10.80318428340719,16629100
2017-11-10,10.739468574523926,10.930612356641367,10.732389000148554,10.859818638323762,11869900
2017-11-13,10.93061351776123,10.966010718252837,10.661596414374094,10.696992939720255,12688500
2017-11-14,11.107598304748535,11.150075078301283,10.873977738071952,10.89521646242103,12554000
2017-11-15,11.185474395751953,11.25626813155528,10.958932685802905,11.022647520627777,16554100
2017-11-16,11.114676475524902,11.319979392280914,11.079279281226556,11.319979392280914,17455500
2017-11-17,11.185474395751953,11.249189230576826,11.001409467401333,11.04388624899976,10911400
2017-11-20,11.227946281433105,11.27042304706381,11.14299342531698,11.185470190947685,11253000
2017-11-21,11.086362838745117,11.26334819868714,11.079283262312499,11.256268622254524,13636500
2017-11-22,11.0155668258667,11.13591622464913,11.001407675924396,11.13591622464913,9616100
2017-11-24,11.022644996643066,11.093439391381308,11.008486522782649,11.043883720151769,3487100
2017-11-27,10.987251281738281,11.065124595731211,10.95185407532493,11.050965443107648,7915600
2017-11-28,11.32706069946289,11.341219849407025,11.008487252319583,11.022645727118288,14585000
2017-11-29,11.730586051940918,11.815539594298086,11.440330253514277,11.447409827901604,18101100
2017-11-30,11.744745254516602,11.992524958045076,11.702269158288814,11.80846007400366,19716300
2017-12-01,11.787223815917969,11.843859072829936,11.362458713932691,11.751827286707126,16312600
2017-12-04,11.99960708618164,12.119957176348509,11.935892253135002,12.035003615522644,16551300
2017-12-05,11.942970275878906,12.155352124886761,11.879255451118377,12.063320350394255,11927000
2017-12-06,11.879255294799805,12.035001892003379,11.8367778453245,11.89341309433406,8467500
2017-12-07,12.0785493850708,12.085667137769601,11.80096381768017,11.850786728999257,9865000
2017-12-08,12.156840324401855,12.178193577259057,12.02872352240302,12.107017425307237,8342900
2017-12-11,12.085660934448242,12.228013200212724,12.042955797747625,12.135483820194265,7813600
2017-12-12,12.320544242858887,12.377484891608475,12.128370401811623,12.171075548980776,10874900
2017-12-13,12.156840324401855,12.391720675542327,12.149722573449456,12.29919262830549,12385000
2017-12-14,12.035841941833496,12.22801715550528,11.978901288623959,12.185312004991191,10923400
2017-12-15,12.185312271118164,12.299193580024403,12.042959956199223,12.099900610652341,24017400
2017-12-18,12.334784507751465,12.391725178489779,12.25649057639653,12.270726083474278,10763700
2017-12-19,12.313427925109863,12.441544739099756,12.263605021352086,12.37748633210481,11165000
2017-12-20,12.277840614318848,12.477133588378754,12.16395930273385,12.441544830025743,8705400
2017-12-21,12.448662757873535,12.51272116624321,12.363252451762195,12.455780509644871,7848600
2017-12-22,12.434429168701172,12.498487586933104,12.313430085104473,12.498487586933104,5300600
2017-12-26,12.349015235900879,12.512719431225284,12.284956836413562,12.434425530169198,3995000
2017-12-27,12.313427925109863,12.39883958696056,12.256487269733501,12.39883958696056,5360800
2017-12-28,12.370368003845215,12.405956760279176,12.277839952261411,12.349016107557086,4386700
2017-12-29,12.299193382263184,12.43442658593222,12.292075630874455,12.42019244072703,6240700
2018-01-02,12.363249778747559,12.413072672802532,12.270720383297999,12.377483921640376,9951000
2018-01-03,12.384602546691895,12.43442544426624,12.306310003748843,12.33477964911755,8324600
2018-01-04,12.484251022338867,12.619484227921815,12.455780016381013,12.484251022338867,10343300
2018-01-05,12.448662757873535,12.555426319298881,12.334781444676855,12.52695666978588,10765000
2018-01-08,12.434429168701172,12.470017933036994,12.334783343705965,12.42019502053939,8292200
2018-01-09,12.655071258544922,12.754717050655858,12.45577831675095,12.45577831675095,9190300
2018-01-10,12.868596076965332,12.99671284858105,12.669303170277345,12.697774167334998,10142100
2018-01-11,12.954010963439941,13.00383386322997,12.854363806287681,12.904186706077711,6331300
2018-01-12,13.01094913482666,13.075007524512781,12.95400849483588,13.032301026340738,7141600
2018-01-16,12.925541877746582,13.117717111951356,12.847247962128547,13.075011956874429,9776100
2018-01-17,13.067893981933594,13.110599136282316,12.74048417840038,12.961129059703218,10112900
2018-01-18,12.91841983795166,13.203123039924126,12.882832446794584,13.06077211772387,11732900
2018-01-19,13.28853988647461,13.309893144079394,13.018072078009757,13.060777235646842,15230200
2018-01-22,13.637299537658691,13.644417289109256,13.309891116366366,13.452242072660834,13579500
2018-01-23,13.77965259552002,13.86506290239374,13.50918345608442,13.594595120530492,18157500
2018-01-24,13.829473495483398,13.950472543986296,13.722709948586054,13.793884741469514,18690100
2018-01-25,13.623061180114746,13.914882140576934,13.615943430155669,13.886412498312618,11805000
2018-01-26,13.793886184692383,13.793886184692383,13.608830074746804,13.708475881267084,8529000
2018-01-29,13.708477973937988,13.879299964437752,13.680006963401775,13.765418637437909,8093900
2018-01-30,13.630179405212402,13.751178443590666,13.566121010919673,13.587474261541264,6516700
2018-01-31,13.687122344970703,13.8294746578466,13.623063939933775,13.651534945537861,9979500
2018-02-01,13.907767295837402,13.950472442772073,13.630180446831687,13.658651449836231,9505100
2018-02-02,13.701362609863281,14.164005751149311,13.665775198061564,13.914889795819068,14249800
2018-02-05,13.139066696166992,13.793884841476244,13.067891902767508,13.537652598579346,17764500
2018-02-06,13.28853988647461,13.359716054251408,12.61948608148868,12.875719742456159,20334900
2018-02-07,13.494948387145996,13.665771721541105,13.174657689693055,13.20312734037731,14037300
2018-02-08,12.740485191345215,13.551891333916856,12.740485191345215,13.551891333916856,16345400
2018-02-09,13.003830909729004,13.117712185547221,12.541188057021017,12.918419274079396,18812200
2018-02-12,13.146185874938965,13.352596599419524,13.010952666733402,13.110598474373777,9323600
2018-02-13,13.416651725769043,13.445121367745152,12.996713985438603,13.0536546269628,13246400
2018-02-14,13.786771774291992,13.815241427005736,13.331245112719648,13.373951628149003,16959900
2018-02-15,13.865059852600098,13.929118247451116,13.687120168585501,13.872177602869328,8832400
2018-02-16,13.843706130981445,14.000292543507479,13.779647744590825,13.80099963500645,7873600
2018-02-20,13.808116912841797,14.000292065451621,13.744058528638522,13.829470160100165,6879100
2018-02-21,13.964705467224121,14.14976152363995,13.78676580272498,13.793882194641672,9887300
2018-02-22,13.744064331054688,14.099943790173665,13.70135917608068,14.035885378926457,12121700
2018-02-23,13.98605728149414,13.993175030943739,13.70135409136967,13.800999868520261,9741600
2018-02-26,14.092826843261719,14.121297853252651,13.950475866024492,14.057239438345531,11291400
2018-02-27,13.964705467224121,14.306349297245212,13.964705467224121,14.107056384280291,11728400
2018-02-28,13.815237045288086,14.135529021560199,13.808119294974032,14.014529981365408,14165400
2018-03-01,13.708477973937988,14.007416796705702,13.601714399572197,13.836594806205936,12432200
2018-03-02,13.857943534851074,13.886414538871094,13.402418331108315,13.62306318197469,9335600
2018-03-05,14.035884857177734,14.114178769696698,13.580359600861614,13.680005411287679,6964400
2018-03-06,14.1639986038208,14.192469604953548,13.914882774197478,14.092822458560986,7795300
2018-03-07,14.142648696899414,14.199589349590253,13.971825381254648,14.014531888951963,6610000
2018-03-08,14.12834644317627,14.257046172019583,13.906697667806725,14.192696307597927,7466500
2018-03-09,14.3785982131958,14.400047262489915,14.121198711671873,14.242748324752693,10828300
2018-03-12,14.24275016784668,14.450098732434695,14.199850699957691,14.36429979665672,8554500
2018-03-13,14.092597007751465,14.314247166481378,14.049697548924375,14.29994689228928,8248000
2018-03-14,13.870945930480957,14.171244820358591,13.813746206873263,14.171244820358591,10893200
2018-03-15,13.849499702453613,13.978198083927088,13.727950094604278,13.963899172929542,9701200
2018-03-16,14.035398483276367,14.092598221220845,13.84235022005708,13.870949407154656,22955400
2018-03-19,13.97819709777832,14.071147513325736,13.849498725384393,14.013947782123159,10701000
2018-03-20,13.913851737976074,14.12120168311273,13.87810240579715,14.064001933376689,10213200
2018-03-21,13.963900566101074,14.178399253706557,13.849501084211562,13.956750428014304,6715800
2018-03-22,13.313252449035645,13.842350371757883,13.277501760085219,13.792300770976627,12313200
2018-03-23,12.877102851867676,13.406200744257806,12.834203391335844,13.356151146345793,13440200
2018-03-26,13.441953659057617,13.48485449480168,13.012956211613995,13.105905294893546,12380200
2018-03-27,13.077302932739258,13.570650150507142,12.977202370674616,13.506300276233192,11449500
2018-03-28,13.070150375366211,13.170249555149137,12.848500243348237,13.127350101492032,15874700
2018-03-29,13.284652709960938,13.320402037347366,13.0272531887805,13.170253225825059,12310700
2018-04-02,12.98435115814209,13.30610049605689,12.762702371883647,13.24890076528861,12853900
2018-04-03,13.155952453613281,13.234602607398948,12.95575404579431,13.077303663576988,8307800
2018-04-04,13.413348197937012,13.441947377986445,12.919999727406159,12.941450135254975,8834300
2018-04-05,13.470551490783691,13.577800830945318,13.384751200404782,13.54920164331858,7229700
2018-04-06,13.034400939941406,13.334699871739936,12.884252155916727,13.291800413982767,12367700
2018-04-09,13.141650199890137,13.470549677699786,13.141650199890137,13.15595047365342,9916500
2018-04-10,13.2989501953125,13.406199518712372,13.220300055069664,13.384749108532743,10152200
2018-04-11,13.170251846313477,13.327550779586753,13.091601697802199,13.170251846313477,10008500
2018-04-12,13.570647239685059,13.656447508229782,13.263198209377554,13.306099025524418,10703800
2018-04-13,13.234601974487305,13.692199871903622,13.155951824462885,13.663600685189756,10682000
2018-04-16,13.205998420715332,13.370448820980648,13.070149928157852,13.363298684990939,10550700
2018-04-17,12.834203720092773,13.313252026842042,12.741253295518678,13.313252026842042,15058000
2018-04-18,12.805602073669434,12.998651680106462,12.72695193095453,12.898552490286898,15215000
2018-04-19,12.977200508117676,13.020099963560051,12.777002140220521,12.841350641509536,19888000
2018-04-20,13.50629711151123,13.50629711151123,12.862799883301797,12.862799883301797,18950500
2018-04-23,13.484850883483887,13.634999677128551,13.3061015403359,13.556349529743674,15552500
2018-04-24,13.492000579833984,13.749398698203773,13.320400015921837,13.58494963518295,15895300
2018-04-25,13.599248886108398,13.706498207670947,13.348999559963044,13.50629847400484,13805600
2018-04-26,13.449100494384766,13.577800242500771,13.391900757860904,13.506300230908625,10997100
2018-04-27,13.584948539733887,13.606398949430513,13.39904908027711,13.413349353408194,8856900
2018-04-30,13.370450019836426,13.727948668882863,13.370450019836426,13.620697983169636,9989200
2018-05-01,13.40619945526123,13.463399185053712,13.191700809476703,13.334699452083344,9304800
2018-05-02,13.263200759887695,13.456250378424963,13.213151161840832,13.356151182331239,11447300
2018-05-03,13.170251846313477,13.270351043510171,12.95575317696362,13.191702258748174,10668200
2018-05-04,13.384748458862305,13.470548731667101,12.998650640613398,13.05585036790024,10261700
2018-05-07,13.40619945526123,13.491999731824519,13.284649858983563,13.40619945526123,8201200
2018-05-08,13.563498497009277,13.713648641449891,13.377599032522832,13.434800126594794,10519500
2018-05-09,13.74224853515625,13.878098413101771,13.57779947244543,13.606400020959944,9098600
2018-05-10,13.820899963378906,13.928149302770235,13.670751160980915,13.735099673616238,8065400
2018-05-11,13.813746452331543,13.935296037626346,13.763696863754097,13.870946176955627,9816700
2018-05-14,13.727948188781738,13.870946825149817,13.677897234116385,13.863796688769051,8948800
2018-05-15,13.863797187805176,13.906698007634006,13.720798546289771,13.770848139007619,13358600
2018-05-16,13.799446105957031,13.870946102289508,13.727947473373554,13.820896513981474,7312400
2018-05-17,13.813746452331543,13.842346996518089,13.663597686599205,13.792297407940643,8104100
2018-05-18,13.677899360656738,13.813749245514076,13.66360044942119,13.770849784308863,8757800
2018-05-21,13.692198753356934,13.792299308051293,13.692198753356934,13.735098211797833,9348100
2018-05-22,13.906697273254395,14.013946589664648,13.692197276684842,13.692197276684842,10506000
2018-05-23,13.727948188781738,13.90669750705364,13.620697506819338,13.820897234233536,12143700
2018-05-24,13.68504810333252,13.713648650387139,13.44909904512848,13.69934837685983,8644700
2018-05-25,13.5920991897583,13.656449057529972,13.513449048315334,13.613549600265245,6609200
2018-05-29,12.948603630065918,13.449101002626158,12.869953477967439,13.449101002626158,13899400
2018-05-30,13.170251846313477,13.277501180988404,13.063002511638548,13.198851032477126,10805800
2018-05-31,13.041557312011719,13.213156588830971,13.00580797408056,13.148806689555023,12813400
2018-06-01,13.291794776916504,13.370444885906684,13.213144667926322,13.256045471238382,9464600
2018-06-04,13.391899108886719,13.413349518847914,13.298950059886453,13.363299926020915,5467100
2018-06-05,13.320399284362793,13.384749151358436,13.227450234118608,13.341849694611055,5641300
2018-06-06,13.763703346252441,13.799452679574015,13.413354697452336,13.427654976280825,11850100
2018-06-07,13.691862106323242,13.87863479159134,13.584109002941082,13.828350101356667,6973700
2018-06-08,13.727783203125,13.756516729816775,13.612846356047312,13.684680857854396,7591600
2018-06-11,13.555377006530762,13.821167933433308,13.555377006530762,13.756515790099131,9521400
2018-06-12,13.612845420837402,13.74214833730015,13.533825830091946,13.605661697119162,12432500
2018-06-13,13.569742202758789,13.82835075930451,13.476356540759008,13.627210618640603,12110400
2018-06-14,13.375787734985352,13.61284513203729,13.296768145916316,13.591293961339778,12841300
2018-06-15,13.354228973388672,13.411697359093635,13.145905218861678,13.296760587683705,18415800
2018-06-18,13.447620391845703,13.541007415279033,13.239297917537863,13.375785906318507,13435900
2018-06-19,13.612845420837402,13.627211498118685,13.303952151729014,13.347053123883263,10416100
2018-06-20,13.58410930633545,13.7565145496285,13.576925583262188,13.691862412124221,8467800
2018-06-21,13.591294288635254,13.684679956929637,13.390154134413622,13.533825868879818,10623200
2018-06-22,13.311132431030273,13.727778707789607,13.275213821733441,13.691860098492775,12078500
2018-06-25,13.181835174560547,13.303955770679577,13.023795950079702,13.246487335456244,10753500
2018-06-26,13.059707641601562,13.217745411982941,12.944770832205133,13.189011894711257,9887000
2018-06-27,12.829838752746582,13.10281343316114,12.786736405716375,13.016611479411427,12322900
2018-06-28,12.923223495483398,13.016610537133168,12.743634506324115,12.901672323528395,12372600
2018-06-29,12.772367477416992,13.203379890319768,12.765183754514608,13.131545401606003,18515700
2018-07-02,12.851386070251465,12.865753516482426,12.664613379714226,12.700531995291628,13185900
2018-07-03,12.614327430725098,12.944771810324664,12.599961356081163,12.880119678884638,6077500
2018-07-05,12.542492866516113,12.722081834502806,12.51375934411889,12.707715758381738,11142700
2018-07-06,12.635880470275879,12.671797717440263,12.355722105959256,12.51375991169976,9841900
2018-07-09,12.980692863464355,12.98787658797303,12.657433481506091,12.707718182911465,11564400
2018-07-10,12.844202995300293,13.052526865696741,12.750817330396643,13.03097569526275,12428700
2018-07-11,12.707719802856445,12.85857392630303,12.707719802856445,12.76518823609641,7794500
2018-07-12,12.58559513092041,12.829836235550413,12.48502437773712,12.801101343168021,10073600
2018-07-13,12.362903594970703,12.556860004471146,12.262334213817164,12.556860004471146,19405700
2018-07-16,12.578414916992188,12.621515897435145,12.391642174865416,12.40600962506489,8645100
2018-07-17,12.671798706054688,12.75800202419174,12.542494413926741,12.607146559990714,9817200
2018-07-18,12.97350788116455,13.00942650022559,12.65024853054652,12.65024853054652,11263900
2018-07-19,12.657432556152344,12.916039768781747,12.635881384201872,12.865755071052565,12868400
2018-07-20,12.801101684570312,12.880121270574241,12.406006494860906,12.57122802000083,16016600
2018-07-23,13.124360084533691,13.167461046557639,12.757998481942954,12.822650610056312,13069100
2018-07-24,13.124360084533691,13.311132746843963,13.05252423439053,13.160277324527835,17133000
2018-07-25,13.1387300491333,13.203380819494413,13.023791844761515,13.081260261869836,13383300
2018-07-26,13.21056079864502,13.30394780632441,13.088440275632953,13.160276119196771,12116100
2018-07-27,13.332687377929688,13.368606001104737,13.174649546425597,13.2321179733503,10344500
2018-07-30,13.519455909729004,13.576924318807839,13.33986696008828,13.33986696008828,13781200
2018-07-31,13.368602752685547,13.598476404527666,13.325500415348866,13.569741512969879,12467000
2018-08-01,13.526641845703125,13.749331796056378,13.404521285156791,13.426072455896206,14581000
2018-08-02,13.699045181274414,13.785248481995774,13.411703129128187,13.447620371838346,11759500
2018-08-03,13.749330520629883,13.842717548349329,13.64157741723864,13.69186210747755,10476500
2018-08-06,13.734970092773438,13.835539514605372,13.59848204160466,13.734970092773438,10461900
2018-08-07,13.871451377868652,13.964838407661793,13.756514549011772,13.799615517294333,11555600
2018-08-08,13.914555549621582,13.964840247602355,13.785251257582308,13.90737182560215,8902400
2018-08-09,13.849900245666504,13.964837063460005,13.80679791137773,13.878633765037405,7004500
2018-08-10,13.742148399353027,13.806800542953939,13.627211559652563,13.691863703253475,8846900
2018-08-13,13.612845420837402,13.885820071354583,13.612845420837402,13.74214833730015,9497400
2018-08-14,13.79243278503418,13.849901197882028,13.634393622086314,13.634393622086314,10964900
2018-08-15,13.699045181274414,13.763697314276689,13.612843250708037,13.670311661137283,10243200
2018-08-16,13.936101913452148,14.000754043521939,13.76369668998435,13.785247856725919,10024400
2018-08-17,14.000755310058594,14.015122755852682,13.871451038221888,13.907369652707109,10071100
2018-08-20,13.993572235107422,14.036674574485458,13.878635403742871,13.957654989114165,8298700
2018-08-21,14.036677360534668,14.158796569212434,13.950474034823761,14.007942461912572,9948200
2018-08-22,14.02949333190918,14.072594308753095,13.921738834566364,13.979207260410035,6141200
2018-08-23,13.893004417419434,14.015124985789614,13.835535995254363,13.993573813669489,5897000
2018-08-24,13.83553409576416,13.972022093475891,13.806799203549028,13.964838370422108,7958500
2018-08-27,13.964838981628418,14.086959538577497,13.871451947996993,13.90018684146978,8804700
2018-08-28,13.986390113830566,14.03667618219787,13.885820717406492,14.015125010040455,8124800
2018-08-29,14.022308349609375,14.094144218009129,13.89300406052086,14.00075717804288,9292200
2018-08-30,13.900188446044922,14.029492741288504,13.885820997650015,14.000757844498688,8096700
2018-08-31,13.979208946228027,14.022311298425207,13.778070116596583,13.828354824004444,7923500
2018-09-04,14.108510971069336,14.144429592066581,13.950473149147328,14.01512529678708,8883300
2018-09-05,14.316832542419434,14.35993351047655,14.09414260894342,14.115692407894443,10739500
2018-09-06,14.16491413116455,14.345773607497012,14.150445041894361,14.30960226416984,8587600
2018-09-07,14.186614990234375,14.324067171871267,14.12874002432199,14.316834008499246,8874100
2018-09-10,14.135976791381836,14.25895990592605,14.114273158307315,14.251726741416123,6645600
2018-09-11,14.215551376342773,14.316833598676238,14.107035990844338,14.128739619883222,8759200
2018-09-12,13.85383415222168,14.23002215454239,13.846599608348416,14.179381727277708,11764500
2018-09-13,13.651270866394043,13.998520653113154,13.607863608168158,13.98405156703786,14796500
2018-09-14,13.723613739013672,13.795957790606673,13.665738773708872,13.680207859997076,11172100
2018-09-17,13.73084831237793,13.803192364130153,13.615098381513576,13.723613769217904,16291000
2018-09-18,13.680207252502441,13.745316758060035,13.615097746944846,13.71637858676868,11182200
2018-09-19,13.861064910888672,13.94064349191493,13.672970961093375,13.701909128683933,8512800
2018-09-20,14.099800109863281,14.143205983974157,13.933409775898376,13.955113402877744,8848900
2018-09-21,14.063631057739258,14.143208276533713,13.998521546095013,14.107036938886058,14424400
2018-09-24,13.955114364624023,14.107035624405993,13.911707107673786,14.034691576003551,8067000
2018-09-25,13.926178932189941,14.070867057450686,13.918944387942082,14.041928880459247,7670800
2018-09-26,13.701912879943848,14.0129913674694,13.680209248308987,13.99128773583454,9266800
2018-09-27,13.4125337600708,13.680204899231226,13.398064676914098,13.672970357652876,13998400
2018-09-28,13.27508544921875,13.46317946466674,13.231679562530216,13.347429513598478,13617100
2018-10-01,13.123159408569336,13.369128336434622,13.079753533018962,13.347426088583388,15586500
2018-10-02,13.101458549499512,13.2750834499535,13.036349039348258,13.13762988631774,11908900
2018-10-03,13.361894607543945,13.427004114758315,13.173800628907763,13.18826971492162,12179000
2018-10-04,13.506584167480469,13.694678166441706,13.390834226557885,13.419771021864461,11839600
2018-10-05,13.4125337600708,13.61509540487378,13.347424265713352,13.578924076829738,8604000
2018-10-08,13.521053314208984,13.62233416799729,13.347428402065542,13.390834285139366,8363500
2018-10-09,13.44870376586914,13.549984578312932,13.37635973704604,13.470407388470344,8757100
2018-10-10,13.217205047607422,13.578923841160897,13.202735964701837,13.427001230347637,12205900
2018-10-11,12.833786010742188,13.253379866611844,12.790380130437894,13.123160845850906,15154200
2018-10-12,12.508237838745117,13.021877916456148,12.262268923268673,13.000174289850166,19965800
2018-10-15,12.414192199707031,12.638457525245228,12.414192199707031,12.508239883862059,13905800
2018-10-16,12.457598686218262,12.508240492375906,12.269504688605677,12.464833229955067,14614600
2018-10-17,12.537178039550781,12.681866163270154,12.247803171960246,12.414193548343777,15434200
2018-10-18,12.327378273010254,12.660158931159494,12.283971020327277,12.501003144198704,13042300
2018-10-19,12.226101875305176,12.493774541371742,12.175461436282752,12.298445950986558,16990800
2018-10-22,11.85714340209961,12.349081256412957,11.842675696856434,12.25503496301677,20725400
2018-10-23,11.777567863464355,11.886083257335514,11.365207848921049,11.365207848921049,21101400
2018-10-24,11.184346199035645,11.748627378025265,11.155408720367559,11.734158293729267,29458900
2018-10-25,11.618410110473633,11.777567301752141,11.234988288501642,11.300097797688663,16413200
2018-10-26,11.618410110473633,11.741394585621556,11.394144789856135,11.459254299043156,15845900
2018-10-29,11.88608169555664,12.081410206768275,11.748628145461648,11.806503106578289,15731100
2018-10-30,11.951189994812012,12.009064950095818,11.654580676501535,11.936720911029116,20155600
2018-10-31,12.276739120483398,12.47930220372395,12.088645124584627,12.088645124584627,21663900
2018-11-01,12.450362205505371,12.493769461173088,12.291206407600816,12.327379120657247,13956400
2018-11-02,12.486536026000977,12.710801347449433,12.341847920638596,12.580582328592898,10271500
2018-11-05,12.52994155883789,12.623989238674579,12.406957086638524,12.515472472732553,8068400
2018-11-06,12.761443138122559,12.761443138122559,12.472068276231107,12.501006452344344,14261100
2018-11-07,12.674629211425781,12.804848222067161,12.41419119014302,12.761440965288068,13347800
2018-11-08,12.783145904541016,12.935067179302946,12.595051912087131,12.623990086240694,10510200
2018-11-09,12.472066879272461,12.862723933955737,12.392488283722601,12.754207165533918,17214000
2018-11-12,12.247801780700684,12.566114788816378,12.226098150653687,12.464832561778444,13848600
2018-11-13,12.211629867553711,12.464833382038767,12.20439670357678,12.269504838306167,12300100
2018-11-14,11.842673301696777,12.378016923163154,11.690750698662368,12.298438351104766,16666000
2018-11-15,11.900551795959473,11.951192218775361,11.6039424224538,11.719692354560987,16979800
2018-11-16,11.719691276550293,11.871612531023814,11.661816315820204,11.799268485149225,17433000
2018-11-19,11.669048309326172,11.857142257814253,11.524361611922258,11.726923264257291,18830200
2018-11-20,11.452018737792969,11.582237744591227,11.31456587833566,11.553300264183164,16370200
2018-11-21,11.444784164428711,11.654581759227845,11.32179970054423,11.531596605419413,12623700
2018-11-23,11.546066284179688,11.589472851868734,11.263925319010857,11.343503911453444,17990100
2018-11-26,11.820975303649902,11.893319369052007,11.654584919118857,11.763100327297876,15245900
2018-11-27,11.763097763061523,11.943957197217117,11.690753713429691,11.74139413421758,14286400
2018-11-28,11.88608169555664,11.951191199293852,11.618409137987223,11.79926856395772,14888000
2018-11-29,11.72692584991455,11.849910328740867,11.669050882222642,11.784802197454532,14182800
2018-11-30,11.900551795959473,11.96566130525077,11.690754181610174,11.712457811323285,20201000
2018-12-03,12.030769348144531,12.189926538532958,11.900551710346758,12.139286116081376,15801800
2018-12-04,11.27839469909668,11.980128823970869,11.14817568255656,11.95842657444619,17607800
2018-12-06,11.16889476776123,11.16889476776123,10.81119830948537,11.073995579533326,19708900
2018-12-07,10.876897811889648,11.314893986616045,10.818498414749559,11.16159539507938,14311700
2018-12-10,10.504603385925293,10.803900514667376,10.344004671901798,10.803900514667376,18644900
2018-12-11,10.336701393127441,10.730897609096688,10.307501699210299,10.628699028474495,17283500
2018-12-12,10.40970230102539,10.621400282914935,10.31480310967136,10.621400282914935,11803900
2018-12-13,10.059306144714355,10.424302746297938,9.9863072421031,10.409703244245994,13554100
2018-12-14,9.8330078125,10.125004790676213,9.78190781918738,9.942506505272153,15312900
2018-12-17,9.77461051940918,10.044707956364773,9.708911011143467,9.708911011143467,15430200
2018-12-18,9.657807350158691,10.022803861282009,9.577508368334776,9.811105912677508,13604800
2018-12-19,9.3731107711792,9.818406276200259,9.307411286007518,9.643208113192852,21492100
2018-12-20,9.424212455749512,9.577511061373375,9.292813452021687,9.307413650736242,20242600
2018-12-21,9.387713432312012,9.599411457968186,9.351214324855588,9.402313632235263,31504500
2018-12-24,9.17601490020752,9.387712914179524,9.146815198148477,9.292813708443685,7330100
2018-12-26,9.77461051940918,9.77461051940918,9.044617220769458,9.205215245223577,16054400
2018-12-27,9.752706527709961,9.752706527709961,9.380410615414947,9.635907755525203,13462400
2018-12-28,9.745410919189453,9.913309045501846,9.679711410223433,9.789210127716222,12257100
2018-12-31,9.767308235168457,9.906006624576797,9.621309747323966,9.789207834301203,10700600
2019-01-02,9.979005813598633,9.98630591173998,9.57020936796703,9.606709162498085,11301300
2019-01-03,9.964405059814453,10.132303826793219,9.847606280790426,9.92060586576826,12302100
2019-01-04,10.329402923583984,10.358602622103186,10.081205834258629,10.161504831142503,16824000
2019-01-07,10.504603385925293,10.672501503541259,10.234505960080588,10.307504869236118,10922400
2019-01-08,10.61410140991211,10.65790130950769,10.373203702575875,10.628701608502565,10790100
2019-01-09,10.730901718139648,10.811201429291618,10.570302992011595,10.657902803482084,8797500
2019-01-10,10.738199234008789,10.840398525343307,10.628700540288438,10.716299634499862,9324900
2019-01-11,10.789299011230469,10.876898109336143,10.599501313422717,10.687100411528391,8807300
2019-01-14,10.920696258544922,10.986395745652462,10.643298810855102,10.687098700985342,8154500
2019-01-15,11.030197143554688,11.030197143554688,10.745500237437469,10.884198640907938,14079000
2019-01-16,11.241894721984863,11.30759421973928,11.066696525423586,11.139696122078659,12393700
2019-01-17,11.395193099975586,11.424392798843737,11.059396214903991,11.168895607791356,13514300
2019-01-18,11.460891723632812,11.504691616687188,10.920696987624385,11.314893240411033,21818700
2019-01-22,11.380592346191406,11.504691226767855,11.271092965354484,11.380592346191406,16134200
2019-01-23,11.219995498657227,11.475493399363671,11.12509629828557,11.42439340151692,12494900
2019-01-24,11.322193145751953,11.38059253804588,11.132394772708853,11.154294370775158,14425900
2019-01-25,11.424392700195312,11.51929189474129,11.32219410312713,11.44629299628912,10185400
2019-01-28,11.446293830871582,11.482792934671057,11.314894829430973,11.365994131690861,9985400
2019-01-29,11.336791038513184,11.541189578739882,11.329491637643036,11.44629040567225,12582200
2019-01-30,11.263794898986816,11.475492891625922,11.256494800163736,11.35869409515962,11223900
2019-01-31,11.07399845123291,11.271096280836193,10.898800225768689,11.190797268209058,19708300
2019-02-01,11.1907958984375,11.314894800328716,11.066696996546284,11.110496895639093,12146600
2019-02-04,11.292994499206543,11.336793699409968,11.110496207282216,11.183495106346506,8603500
2019-02-05,11.249194145202637,11.329493835935166,11.176195249107991,11.278393842875635,7942700
2019-02-06,11.249194145202637,11.314893639010812,11.139695452972814,11.18349465139446,7507700
2019-02-07,11.322193145751953,11.869687970639273,11.183494066922123,11.584990411074624,32773500
2019-02-08,11.27109432220459,11.365993518550592,11.125095826355258,11.300294021374457,12905900
2019-02-11,11.21269416809082,11.365992752443704,11.21269416809082,11.322193554728992,12148000
2019-02-12,11.292994499206543,11.46819269237172,11.278394301688243,11.329494296826555,15124500
2019-02-13,11.380592346191406,11.424391541585647,11.28569316126967,11.344092552579099,8964000
2019-02-14,11.322193145751953,11.409792234192844,11.154294370775158,11.263793753458025,8650200
2019-02-15,11.679890632629395,11.701790928812102,11.402493146563359,11.468192642760016,9929200
2019-02-19,11.782086372375488,11.8258869541171,11.584988627767169,11.636087914114592,9295800
2019-02-20,11.9426908493042,11.97918995741165,11.709093215772375,11.745592323879826,9050800
2019-02-21,11.862388610839844,11.986487501231919,11.782088919306318,11.986487501231919,8124400
2019-02-22,11.855085372924805,11.898884560184761,11.73828661199755,11.891585855933984,10314200
2019-02-25,11.949986457824707,12.081384033034928,11.920786068432745,11.935386263128725,11865100
2019-02-26,11.82589054107666,11.993788644958665,11.752890941716622,11.876989842923223,10640500
2019-02-27,12.095985412597656,12.139784608624764,11.840487549795412,11.840487549795412,21573900
2019-02-28,11.971887588500977,12.110586679257223,11.93538848731055,12.09598648184047,14091000
2019-03-01,11.906185150146484,12.20548216146851,11.891586348688937,12.088683395701432,14202800
2019-03-04,11.7966890335083,12.059487009516367,11.716389342538854,11.913487824544903,11493800
2019-03-05,11.760189056396484,11.825888545498803,11.548490393210946,11.796688153741632,12362200
2019-03-06,11.511990547180176,11.782087191611613,11.504690449715648,11.71638770678208,13099400
2019-03-07,11.357319831848145,11.482530287642964,11.2763015908562,11.467799315238198,11658000
2019-03-08,11.394146919250488,11.430973649010657,11.20264848642678,11.239475216186946,8707700
2019-03-11,11.467799186706543,11.548818129201846,11.372049974382994,11.460434402998128,6703400
2019-03-12,11.504627227783203,11.622472209503101,11.430974465414016,11.504627227783203,11137500
2019-03-13,11.644569396972656,11.710856676517617,11.482532185791381,11.51935892047961,8269700
2019-03-14,11.629836082458496,11.75504653376188,11.615105812993544,11.651931837861623,7636700
2019-03-15,11.593009948730469,11.732951379075077,11.585644462415187,11.62247119158016,12812500
2019-03-18,11.762412071228027,11.828699337727794,11.644567105346573,11.696124102316858,10486800
2019-03-19,11.511991500854492,11.880256678691474,11.489895744714786,11.850796138779481,10237000
2019-03-20,11.018513679504395,11.511989948694849,11.01114819431377,11.453067471992526,12457700
2019-03-21,10.628154754638672,10.974324216264653,10.60605829353884,10.974324216264653,26932400
2019-03-22,9.965274810791016,10.525039133521597,9.884256567663476,10.525039133521597,29240100
2019-03-25,9.965274810791016,10.200965458599992,9.854795324488784,10.04629375633,18113100
2019-03-26,10.2598876953125,10.274617965335716,10.024197053238195,10.04629351189016,21078900
2019-03-27,10.289349555969238,10.355637531084955,10.149408119077952,10.230427067513371,17025600
2019-03-28,10.436657905578613,10.451388179490962,10.223063665762457,10.32617839279535,10337800
2019-03-29,10.421924591064453,10.606057539333516,10.37036759032078,10.576596295706924,11975600
2019-04-01,10.80492115020752,10.84174787928563,10.547134749072182,10.55450023537009,15469300
2019-04-02,10.930131912231445,11.003784670028816,10.7165377205196,10.797555964820143,12535600
2019-04-03,10.952228546142578,11.254206492833879,10.93749827436841,11.084804504167641,16022700
2019-04-04,11.121631622314453,11.173188628926503,10.893306431411096,10.915402191043185,10009500
2019-04-05,11.151091575622559,11.224744333322016,11.033245898962809,11.158456359704488,8871100
2019-04-08,11.22474479675293,11.291032773107261,11.077438572860794,11.084804059658271,9973400
2019-04-09,11.047977447509766,11.165822427897364,10.97432398356177,11.128995695923367,8770400
2019-04-10,11.136360168457031,11.14372565466325,10.915400499150412,11.047976441216669,7455000
2019-04-11,11.202651977539062,11.30576671251916,11.092172456240982,11.195286488809414,8237000
2019-04-12,11.489895820617676,11.570914061939424,11.232109421776272,11.38678112059883,9762800
2019-04-15,11.23947811126709,11.534090620412224,11.217381646272484,11.526725132080688,11748200
2019-04-16,11.460434913635254,11.48989615701585,11.180552750313863,11.327858967216846,13591400
2019-04-17,11.607739448547363,11.629835202278219,11.430972013877833,11.526720514181985,13784800
2019-04-18,11.232110023498535,11.674029387354866,11.084803803016912,11.674029387354866,24412300
2019-04-22,11.22474479675293,11.291032773107261,11.092169546455748,11.18055328079103,15552400
2019-04-23,11.320494651794434,11.349955898222587,10.930132961018492,11.09217016757911,23356700
2019-04-24,11.327858924865723,11.364685654556647,11.077438005861168,11.217378735792947,18523700
2019-04-25,11.394146919250488,11.526722163011064,11.187917513558133,11.217378756883978,11916600
2019-04-26,11.453070640563965,11.48989737429412,11.313129192871678,11.408878419605474,8729600
2019-04-29,11.548819541931152,11.718221528941148,11.497261835196868,11.519358296259348,8853100
2019-04-30,11.438336372375488,11.62246928559266,11.349952658320605,11.58564256246696,11317500
2019-05-01,11.173190116882324,11.556186378626201,11.128997889321447,11.467802625916075,17403800
2019-05-02,11.364686012268066,11.416243014011286,11.173187573776866,11.195283331322322,12809200
2019-05-03,11.475164413452148,11.526721410302782,11.349953961890836,11.40151095874147,9322900
2019-05-06,11.335223197937012,11.445702672772356,11.187916294941392,11.210012751837558,9871500
2019-05-07,11.128996849060059,11.232111568789236,11.062709567532261,11.210015808279971,9399700
2019-05-08,11.011147499084473,11.143723414499696,10.996417232044607,11.08480094151766,10188200
2019-05-09,10.996420860290527,11.055343352713916,10.797556921552953,10.841749142076253,11749000
2019-05-10,11.08480453491211,11.11426578095367,10.841749079466371,10.930132817591048,10096500
2019-05-13,10.561866760253906,10.908036923769991,10.54713578620954,10.908036923769991,12062600
2019-05-14,10.709174156188965,10.797557902856537,10.51767568720343,10.606059433871005,12432300
2019-05-15,10.54713249206543,10.62078593446037,10.355634806178898,10.55449797678718,9969700
2019-05-16,10.694442749023438,10.819652516717884,10.635519555081075,10.67971177493497,8463400
2019-05-17,10.606057167053223,10.797555595110065,10.561865654370216,10.561865654370216,7831300
2019-05-20,10.657614707946777,10.738632948253501,10.576595765228634,10.583961251368722,6674900
2019-05-21,10.723902702331543,10.79018997050611,10.679710487803744,10.70917173001847,9834100
2019-05-22,10.613422393798828,10.687075849684868,10.532404154253314,10.620787879869715,6737500
2019-05-23,10.363001823425293,10.510308739984106,10.274618094936866,10.480846794743195,9739700
2019-05-24,10.451387405395508,10.495579628682625,10.348273388411497,10.414561372136395,7565700
2019-05-28,10.267254829406738,10.444023027029521,10.259890043914961,10.392465314117565,11569300
2019-05-29,10.421924591064453,10.466116807710067,10.127312154798531,10.178869155542204,15941900
2019-05-30,10.355635643005371,10.539768561460995,10.252520955802138,10.480845381336762,17110600
2019-05-31,10.186235427856445,10.281984652632191,10.090486203080701,10.164139669034816,12063600
2019-06-03,10.296714782714844,10.377733734632018,10.09785155123309,10.142043770679868,9541300
2019-06-04,10.554498672485352,10.598690881317495,10.44401920402199,10.480845225235557,13023800
2019-06-05,10.436657905578613,10.576598668598187,10.28935165439706,10.547137418361876,11370700
2019-06-06,10.444095611572266,10.511045056104882,10.317635707326353,10.429218351354262,7472300
2019-06-07,10.325072288513184,10.414337957302463,10.235806619723906,10.392021717460262,10667600
2019-06-10,10.406899452209473,10.62262500571374,10.39202219477151,10.46640990080234,18697800
2019-06-11,10.763964653015137,10.875546585429099,10.503605864821726,10.540800078766589,19846500
2019-06-12,10.59287166595459,10.808597257837771,10.548239176279797,10.72677055382023,11328300
2019-06-13,10.77884292602539,10.853231360906754,10.644944736427902,10.644944736427902,8375300
2019-06-14,10.853231430053711,10.89042564773136,10.62262784798884,10.79372096553775,8641100
2019-06-17,10.667257308959961,10.92017704913766,10.644941069950296,10.853227622688216,6571700
2019-06-18,11.061519622802734,11.068958609276189,10.592874116287039,10.63750732570697,12792900
2019-06-19,10.838351249694824,11.247486141900842,10.793718765117035,11.128465237132666,12878900
2019-06-20,10.860669136047363,10.897862639922787,10.563116139099677,10.88298538025674,12600000
2019-06-21,10.88298225402832,11.046636319867506,10.82347181361778,10.82347181361778,14843000
2019-06-24,10.793720245361328,11.002006857269935,10.778842275514673,10.853230705906643,7547500
2019-06-25,10.704452514648438,10.816034429552126,10.607747857335667,10.816034429552126,13636200
2019-06-26,10.734208106994629,10.882984235103315,10.719330139473492,10.756524348855798,10209900
2019-06-27,10.845788955688477,10.905299401060722,10.778839527289584,10.786278510316231,6418100
2019-06-28,11.11358642578125,11.158219616391836,10.808595203107153,11.046637703996117,14479600
2019-07-01,11.21029281616211,11.35163068378958,11.121027130543995,11.180537587622739,10021800
2019-07-02,11.054076194763184,11.321873924839124,10.979688488180264,11.202853026770045,13826000
2019-07-03,11.21029281616211,11.217731800652105,11.054077688975259,11.113588146054001,4881100
2019-07-05,11.314436912536621,11.492968290743674,11.284681682835446,11.314436912536621,6919800
2019-07-08,11.254926681518555,11.329314402570647,11.187977235977218,11.21029348135078,7110700
2019-07-09,11.388824462890625,11.411140706089725,11.135904675232222,11.173098886844443,8772800
2019-07-10,11.202855110168457,11.403702735656596,11.173099880117599,11.388825475341488,9594900
2019-07-11,11.329313278198242,11.366507489743292,11.121026686734782,11.187976125631753,11462000
2019-07-12,11.321873664855957,11.37394512921034,11.217730026726697,11.336750922062711,8218200
2019-07-15,11.143343925476074,11.366508505264035,11.098711435170868,11.366508505264035,7089700
2019-07-16,11.11358642578125,11.225169047597467,11.046637703996117,11.16565859973035,9638300
2019-07-17,10.942495346069336,11.091271483147729,10.920179102862722,11.054077271522985,13526600
2019-07-18,11.002008438110352,11.135907348287107,10.905303748473889,10.95737523157785,14774500
2019-07-19,11.254926681518555,11.448336033211163,11.08383357519951,11.12102779043588,20534300
2019-07-22,11.24748706817627,11.329313769588008,11.18053762637548,11.277242296818775,12781900
2019-07-23,11.582234382629395,11.582234382629395,11.210293643719824,11.254926844534063,14569400
2019-07-24,11.864906311035156,11.916978483203106,11.537598858961701,11.537598858961701,10728600
2019-07-25,11.693815231323242,11.976490234546615,11.686376247428287,11.84259136211961,10658000
2019-07-26,11.93185806274414,11.954173596172783,11.67893756963061,11.73100974883953,8698200
2019-07-29,11.760764122009277,12.006244194371185,11.760764122009277,11.902101262354712,9066700
2019-07-30,11.939294815063477,11.95417278223031,11.634304291769102,11.634304291769102,9996100
2019-07-31,11.850029945373535,11.998805361719361,11.820274720220265,11.894662428393177,24490700
2019-08-01,11.329313278198242,11.879786048339687,11.277241807687522,11.80539762524959,21792800
2019-08-02,11.403702735900879,11.44089695082041,11.143343940884801,11.321876030614424,18300400
2019-08-05,10.830913543701172,11.165660033286851,10.719330907558886,11.113587852652216,15374500
2019-08-06,10.972250938415527,10.994567182364367,10.704453882767652,10.935056725553727,9397600
2019-08-07,10.771401405334473,10.83091256488454,10.511043363372858,10.64494223087459,12902400
2019-08-08,10.949933052062988,11.002004516606837,10.823473172953214,10.905299861439333,10346000
2019-08-09,10.912737846374512,10.979687271474546,10.778838996174441,10.89785988105431,10523200
2019-08-12,10.637505531311035,10.793720673798328,10.615189285075902,10.756526457125986,9199400
2019-08-13,10.615185737609863,10.860666492421684,10.481286886105073,10.577991533367372,15424800
2019-08-14,10.161418914794922,10.332511990612298,10.057275982003976,10.332511990612298,15820300
2019-08-15,10.094467163085938,10.265560199613347,10.042395708648202,10.20604976327869,14858700
2019-08-16,10.481290817260742,10.488729802783425,10.198615752185168,10.198615752185168,10048800
2019-08-19,10.60775089263916,10.711893853836616,10.577995659522642,10.682138620720098,10728500
2019-08-20,10.414340019226074,10.54823890363072,10.369706821284321,10.525921949949536,9089700
2019-08-21,10.511042594909668,10.570553040688395,10.421776926241575,10.548236800876492,9295500
2019-08-22,10.600308418273926,10.682135105058702,10.540797971626729,10.600308418273926,7886700
2019-08-23,10.258123397827148,10.689574507657866,10.213490206380293,10.511043160711468,12282300
2019-08-26,10.436656951904297,10.444095936955378,10.273003537304474,10.362269229655467,9585200
2019-08-27,10.302756309509277,10.518481858566748,10.228367895591326,10.488726634883665,9413600
2019-08-28,10.488729476928711,10.563117201582404,10.228370667089079,10.228370667089079,8031900
2019-08-29,10.763964653015137,10.838352371484236,10.600310537310117,10.607749521983214,11275200
2019-08-30,10.875545501708984,11.00944437479956,10.82347403302734,10.853229259334073,10389800
2019-09-03,10.60775089263916,10.778843305703962,10.511046207655296,10.778843305703962,11341900
2019-09-04,10.741646766662598,10.786279961406569,10.667259054650062,10.756524734717443,8039500
2019-09-05,11.136423110961914,11.24921576262338,10.9559538643381,10.978512968364946,10269400
2019-09-06,11.16650104522705,11.271773994094525,11.106344869554729,11.113863853675134,8471500
2019-09-09,11.617670059204102,11.737982386693075,11.25673307673718,11.279291458861854,15609900
2019-09-10,12.038764953613281,12.076362021335118,11.662788539450103,11.685346923506826,16533900
2019-09-11,12.211713790893555,12.271869959942835,11.835737375776501,12.046284684567084,14678700
2019-09-12,12.219233512878418,12.332026150765438,11.888374582523213,12.053804406259866,11308900
2019-09-13,12.29443073272705,12.542575143072598,12.256832225561725,12.407223385750227,9920900
2019-09-16,12.362105369567871,12.384663037364666,12.113960984149367,12.113960984149367,7587600
2019-09-17,12.226752281188965,12.279388745907724,12.031244387779221,12.241791680890351,8389200
2019-09-18,12.29443073272705,12.3696263128213,12.053806023814566,12.113962201042687,12906000
2019-09-19,12.121482849121094,12.32450906672389,12.113963147100767,12.256833182777454,8220600
2019-09-20,12.001168251037598,12.211714861162983,11.986128848898131,12.159078387911178,14487000
2019-09-23,12.068840980529785,12.14403654185814,11.858295129893637,11.873333811888497,6054900
2019-09-24,11.91845417022705,12.091402999081446,11.835738889367827,12.046286225083861,8465500
2019-09-25,12.061326026916504,12.129000473033916,11.918454564587673,11.963571340078092,5653000
2019-09-26,11.948532104492188,12.076363440582101,11.933492701941502,12.023726965891067,6678000
2019-09-27,12.001168251037598,12.24931336651165,11.925972674576592,12.046285740337833,7700700
2019-09-30,11.895892143249512,12.06884092960981,11.888373160842816,12.016204467172852,7161900
2019-10-01,11.602629661560059,12.091398599006697,11.527434109436914,11.993644668093783,11021400
2019-10-02,11.399603843688965,11.572553353162801,11.33192797985651,11.489838089759559,8322800
2019-10-03,11.452242851257324,11.459762552712688,11.106345189729007,11.339450197899673,11667000
2019-10-04,11.572556495666504,11.587595182202973,11.354490162500932,11.459763119610924,9279700
2019-10-07,11.565034866333008,11.722944992797872,11.512398396550758,11.572554566907076,6924500
2019-10-08,11.196577072143555,11.377045565942238,11.189057372289097,11.331928083933542,10580000
2019-10-09,11.211616516113281,11.309370469505534,11.136421663816385,11.301850769140415,10402800
2019-10-10,11.362008094787598,11.444723372990381,11.271773832572155,11.301851919977302,10244000
2019-10-11,11.602629661560059,11.768058728842284,11.587590264288258,11.6477464191396,9809600
2019-10-14,11.572556495666504,11.617673272394148,11.459763119610924,11.497360911629452,6940100
2019-10-15,11.737985610961914,11.8282198813648,11.549997368343009,11.625192952237866,8491300
2019-10-16,11.67782974243164,11.87333769208274,11.647751651494413,11.79062312128493,7695000
2019-10-17,11.685347557067871,11.798140200585022,11.617671684110324,11.783101516104534,7941700
2019-10-18,11.858297348022461,11.918453521490324,11.647750023766786,11.685347811463739,14813500
2019-10-21,12.083883285522461,12.129000059474546,11.993649020500103,11.993649020500103,8952200
2019-10-22,12.196675300598145,12.39218322316273,11.549996076482383,11.873336047099341,18679000
2019-10-23,12.24179458618164,12.294431063392382,12.091403421948288,12.174118705700275,7876300
2019-10-24,12.166597366333008,12.2944294084531,12.08388209371523,12.249312638950785,6594900
2019-10-25,12.33202838897705,12.347067792554565,12.121482475837729,12.129000743390021,6814900
2019-10-28,12.422263145446777,12.595211980666043,12.32450845824532,12.437302548744915,9964300
2019-10-29,12.384664535522461,12.482419221921344,12.332028058647568,12.339547760234899,8535800
2019-10-30,12.234272956848145,12.35458529558319,12.144037985678755,12.35458529558319,7243400
2019-10-31,12.106441497802734,12.234273543113952,11.903413878619693,12.128999165998886,8206100
2019-11-01,12.444817543029785,12.444817543029785,12.181635225714498,12.264349053626704,8110600
2019-11-04,12.775681495666504,12.783201197891296,12.527537059194547,12.527537059194547,10327100
2019-11-05,12.933591842651367,13.046384502917064,12.805759778553846,12.805759778553846,8383600
2019-11-06,12.828317642211914,12.933592036375025,12.715524980256772,12.82079794018337,7188100
2019-11-07,12.715524673461914,13.016305576164019,12.70048526976769,12.971188799317822,14247800
2019-11-08,12.692962646484375,12.74560054729892,12.610248813676666,12.700482346600738,6690700
2019-11-11,12.610248565673828,12.66288503121704,12.527533300256716,12.527533300256716,7260500
2019-11-12,12.550095558166504,12.68544732318565,12.459860570074914,12.542575856305833,10035500
2019-11-13,12.339547157287598,12.429782137689996,12.256831878105094,12.369625962167182,7586000
2019-11-14,12.362105369567871,12.384663037364666,12.226753625842097,12.294429497704984,8075300
2019-11-15,12.422263145446777,12.512496696762724,12.392184338850502,12.429782847095845,8153100
2019-11-18,12.46738052368164,12.46738052368164,12.33202875592942,12.407224341818043,9655100
2019-11-19,12.422263145446777,12.557614906657138,12.369626668139734,12.512496696762724,5927000
2019-11-20,12.339547157287598,12.459859508333224,12.226754507461866,12.369625962167182,7018500
2019-11-21,12.399702072143555,12.444818840639595,12.24931236574469,12.414741473054306,6462800
2019-11-22,12.535056114196777,12.63280936959869,12.437302858794867,12.467380231904503,5918400
2019-11-25,12.662883758544922,12.662883758544922,12.504972943549859,12.557610838038864,7250700
2019-11-26,12.474898338317871,12.640327454855216,12.474898338317871,12.595210683842538,8049800
2019-11-27,12.587693214416504,12.625291725455817,12.512497626574422,12.5576158398216,5238300
2019-11-29,12.512495994567871,12.62529007873752,12.504976293340805,12.602730975056318,3348200
2019-12-02,12.489938735961914,12.655367865689872,12.459859930064246,12.565132882233273,7290700
2019-12-03,12.347064018249512,12.384661081463994,12.106439371510369,12.279388157074624,9932300
2019-12-04,12.542573928833008,12.617769501647617,12.369625115324787,12.41474188531905,9094700
2019-12-05,12.660219192504883,12.705759143126352,12.584318309676481,12.622268027246218,11004900
2019-12-06,12.933463096618652,12.963822584199978,12.819611037043732,12.849971972314131,9920000
2019-12-09,12.956233024597168,13.016953450608652,12.865153109424515,12.887922364373104,8621800
2019-12-10,12.903100967407227,13.032132034988857,12.872740034946165,12.933461899868288,9382000
2019-12-11,12.781658172607422,12.994180324173332,12.781658172607422,12.880328292594873,8461300
2019-12-12,13.221882820129395,13.244653518270214,12.789249689275891,12.804430154703104,10356800
2019-12-13,13.032135009765625,13.275016734139685,12.941053639280716,13.191525598502626,8754400
2019-12-16,13.0852632522583,13.312965920627784,13.070082784829191,13.237065031171289,9052200
2019-12-17,13.229472160339355,13.229472160339355,13.054901162770138,13.115621572693724,9671600
2019-12-18,13.153572082519531,13.297783607703982,13.138391617197199,13.28260314238165,10374500
2019-12-19,13.1308012008667,13.199111846172833,13.047311538139404,13.153571898531688,7615400
2019-12-20,13.092852592468262,13.244654361021738,13.054902874174372,13.19911296184232,17360800
2019-12-23,13.032135009765625,13.115626145402684,12.986595048367805,13.108035910554836,7879600
2019-12-24,13.054903030395508,13.070082049281329,12.986592378497901,13.047312797108109,3147700
2019-12-26,13.100441932678223,13.11562239803659,13.02454105357524,13.07767123464067,4234100
2019-12-27,13.02453899383545,13.153570033598507,12.971408821172185,13.153570033598507,6065200
2019-12-30,12.994182586669922,13.130802442512099,12.97141188685174,13.108033190382889,5555800
2019-12-31,13.02453899383545,13.070078935019874,12.948638126735657,13.009358530877766,6545100
2020-01-02,12.971410751342773,13.130801293050185,12.910690338165352,13.100441810305897,8972200
2020-01-03,12.728530883789062,12.812020558811781,12.622269060058894,12.766480604464022,8382600
2020-01-06,12.584319114685059,12.599499581759607,12.478058740541266,12.576728881147785,7579200
2020-01-07,12.409748077392578,12.54636938558636,12.356617890359223,12.523598684991056,9229600
2020-01-08,12.485650062561035,12.584320211769489,12.409749168260378,12.424929636658339,7741800
2020-01-09,12.56154727935791,12.584317977912798,12.478057613367765,12.584317977912798,7596500
2020-01-10,12.409748077392578,12.58431910555618,12.364208123890991,12.561548404960876,6160400
2020-01-13,12.478058815002441,12.485649048585008,12.371796992535524,12.44769788067217,6571100
2020-01-14,12.516006469726562,12.59190734533739,12.447695826445695,12.478056755765543,10616300
2020-01-15,12.379386901855469,12.470468254771488,12.280716763244689,12.379386901855469,12849500
2020-01-16,12.637450218200684,12.65263068637609,12.440108474987777,12.470469411338591,14894600
2020-01-17,12.440106391906738,12.713348982553402,12.29589631145556,12.675399266158648,17323400
2020-01-21,12.333846092224121,12.432516223978801,12.23517596046944,12.364207023649495,10804400
2020-01-22,12.311076164245605,12.386977049871032,12.280716678608824,12.386977049871032,8446500
2020-01-23,12.273123741149902,12.295894436127176,12.106142263871552,12.25794327783172,7058400
2020-01-24,11.931575775146484,12.273128366230713,11.832904897927556,12.242767428152947,6501900
2020-01-27,11.726641654968262,11.802542538679106,11.627970795681952,11.658331004397395,13732500
2020-01-28,11.787363052368164,11.954344576107726,11.734232863660159,11.817723263607673,10869700
2020-01-29,11.688693046569824,11.901215264758065,11.658332833092159,11.817724134811046,8072400
2020-01-30,11.848082542419434,11.886032984443304,11.476169803043344,11.55966019642028,13677100
2020-01-31,11.81772232055664,11.832902786887264,11.65833104330747,11.688691252124242,24895900
2020-02-03,12.037833213806152,12.10614386005601,11.908802153966295,11.92398261928601,11277300
2020-02-04,12.341437339782715,12.379387059495732,12.159276079320009,12.219996499474243,18884900
2020-02-05,12.576727867126465,12.660218981615836,12.432516336923616,12.478057734475403,8967100
2020-02-06,12.409748077392578,12.72853064728173,12.386977376797274,12.69057947962289,10912400
2020-02-07,12.386977195739746,12.402157662581391,12.26553635638457,12.311076309220512,6312700
2020-02-10,12.356616973876953,12.371795992125652,12.242764927033788,12.333846274970536,8848600
2020-02-11,12.45528793334961,12.59190924047343,12.386977279787699,12.40974798020467,6629600
2020-02-12,12.500828742980957,12.68299001573038,12.417339064443164,12.553960380927508,5081900
2020-02-13,12.599498748779297,12.607088981814764,12.379386333817527,12.440106750412337,4604400
2020-02-14,12.553958892822266,12.584318377503902,12.462877543399484,12.561547678225972,5911600
2020-02-18,12.379386901855469,12.538778907536255,12.250355829709685,12.462878021387738,9830000
2020-02-19,12.47046947479248,12.508419197734971,12.40215881534469,12.45528900653983,5140500
2020-02-20,12.553958892822266,12.667809493834039,12.402157126347277,12.402157126347277,9131300
2020-02-21,12.394567489624023,12.485648843429217,12.280716883134284,12.462878143055667,12312700
2020-02-24,11.939164161682129,12.068195240985222,11.923984417917108,11.946754395486908,10858700
2020-02-25,11.22569751739502,11.961933461786026,11.157386868843506,11.93916276303922,15818400
2020-02-26,11.066305160522461,11.498938260476972,11.043535187852324,11.33954700409725,11377700
2020-02-27,10.512231826782227,11.00558536390214,10.466691155060742,10.77029322038924,15071800
2020-02-28,10.261760711669922,10.519822124634377,9.996108341697324,10.216220036532386,28618400
2020-03-02,11.013175964355469,11.028355706206712,10.170678938200302,10.3452506744785,23705400
2020-03-03,10.6943941116333,11.210518397000682,10.603313483129261,10.96763599714542,32399400
2020-03-04,11.043537139892578,11.096667326795576,10.664034150369426,10.838605178104713,20535200
2020-03-05,10.59473705291748,10.817218823216674,10.502674974772912,10.610080244849211,24354300
2020-03-06,9.957979202270508,10.38759959737609,9.766184526741673,10.027025402523067,21487800
2020-03-09,8.032362937927246,8.975992592631187,7.863583382421296,8.784197875986765,23502700
2020-03-10,8.799541473388672,8.830228597631509,8.063049759921846,8.469654339049116,17013400
2020-03-11,8.201141357421875,8.630761823443207,8.009346650234248,8.477326204020853,25918700
2020-03-12,7.257513046264648,7.963317753383408,7.058046339548722,7.503010081214174,18790100
2020-03-13,7.656442165374756,8.116749623354494,7.34957101448062,7.963314047907426,28002000
2020-03-16,6.375256061553955,6.7281583339279445,6.2371636453436565,6.5363636365864,20294300
2020-03-17,6.812546730041504,7.111746677043505,6.076055171884622,6.498003589973004,23497600
2020-03-18,5.646434783935547,6.6744538929526565,5.592732148476283,6.3522388118356234,18007800
2020-03-19,6.352238655090332,6.490331038343991,5.324219571440208,5.56971685714284,15534000
2020-03-20,6.336895942687988,6.72048527483658,6.037696000222196,6.444300487440898,23045600
2020-03-23,5.922619342803955,6.405942372504302,5.830557987536893,6.237162855362047,17459500
2020-03-24,6.78953218460083,6.942967787243614,6.275522367018506,6.3752556916459815,15558100
2020-03-25,6.697469234466553,7.05804340327231,6.544033651455136,6.94296689892339,18087500
2020-03-26,7.556709289550781,7.648770631157961,6.766514827055093,6.789530711185768,17779900
2020-03-27,7.418617248535156,7.7485042863515,7.073387018906108,7.088730210718812,12732600
2020-03-30,7.288197040557861,7.449304583351525,7.012012995042393,7.318884156726247,11634200
2020-03-31,6.881593227386475,7.249838656669639,6.789531870065683,7.188464418455778,15360200
2020-04-01,6.367583751678467,6.6284246429357445,6.183461027839919,6.41361406681877,14045200
2020-04-02,6.436629772186279,6.705141887205324,6.160444962678107,6.267850247668912,14036000
2020-04-03,6.191131591796875,6.474987610021415,6.060711526048328,6.413613375358736,14772800
2020-04-06,6.812546730041504,6.889264158651192,6.444300585143763,6.605408136354288,15990700
2020-04-07,7.203808307647705,7.618084779329893,7.150105300751325,7.418618140317343,14330800
2020-04-08,7.7561774253845215,7.832895598245494,7.31121377872381,7.3342296695653335,10880200
2020-04-09,8.446637153625488,8.607744700183199,8.024688747723047,8.055375864608393,16772700
2020-04-13,8.185796737670898,8.492667923146278,7.963314945291594,8.446637611144281,11637000
2020-04-14,7.763846397399902,8.42361964955048,7.587395692104613,8.3238870875548,16539500
2020-04-15,7.127091407775879,7.4032755273068,7.104076247391325,7.2805270297375015,13275000
2020-04-16,6.78953218460083,7.096403389886397,6.712814017460106,7.073388232399647,15716100
2020-04-17,7.303538799285889,7.449302374963641,6.72815499297553,6.912277635401642,16877000
2020-04-20,7.211480617523193,7.479993497259809,6.83556317120292,7.0657169636002,11453000
2020-04-21,6.812546730041504,7.127089870110003,6.735828569793216,6.927623238775335,15522000
2020-04-22,6.973654747009277,7.134762308979871,6.919952470231961,7.019685060921648,11047700
2020-04-23,7.226822853088379,7.303541009804923,7.027356230936217,7.050371385295754,12417400
2020-04-24,7.510678291320801,7.671785822866538,7.211478380839142,7.303540454555429,16855700
2020-04-27,8.040033340454102,8.116751511846612,7.44163409116411,7.595069702310427,14233000
2020-04-28,8.201141357421875,8.584730771797128,8.132095877410874,8.43896711625558,11182800
2020-04-29,8.638432502746582,8.791868099352307,8.446637824079769,8.584729495205602,11712000
2020-04-30,8.247170448303223,8.431293147834875,8.09373486536018,8.331559836012254,9886400
2020-05-01,7.802207946777344,8.001674597389702,7.702474621471164,7.970987476652314,6817500
2020-05-04,7.794533729553223,7.81754888054076,7.510677761912073,7.618083019251343,6483200
2020-05-05,7.656442165374756,8.116749623354494,7.61808382024189,8.024688278086254,8155700
2020-05-06,7.403271675109863,7.832891924693809,7.380256526700945,7.763845747828676,8734600
2020-05-07,7.556709289550781,7.809878161880155,7.495335061812661,7.52602217568172,9976700
2020-05-08,7.9172844886779785,7.9633155357315655,7.67945948521068,7.802207968502017,7561600
2020-05-11,7.526025295257568,7.779194272526774,7.410948021819596,7.779194272526774,10962000
2020-05-12,7.15010404586792,7.702472821713224,7.150104045867919,7.6027395197107035,10209900
2020-05-13,6.843234062194824,7.134762055977133,6.689798468530088,7.0887310120584015,14005600
2020-05-14,7.1654486656188965,7.272853207734017,6.451972291220705,6.62075179807977,16513000
2020-05-15,7.050373077392578,7.188465499969255,6.912281386454643,7.058045041233225,9178000
2020-05-18,7.694801330566406,7.756175561450479,7.380258214375898,7.433960483489826,10766400
2020-05-19,7.395604133605957,7.694803406994533,7.357245046042649,7.572054912102938,9639400
2020-05-20,7.710144519805908,7.763846783805325,7.549036996169182,7.56438018660967,9019100
2020-05-21,7.625756740570068,7.88659764246596,7.602741582061224,7.671787789226454,7991500
2020-05-22,7.63342809677124,7.779192462889763,7.487664462291356,7.656443253449402,6788200
2020-05-26,8.408279418945312,8.584730186337785,7.9940029089383176,8.047705189164079,13327600
2020-05-27,9.190799713134766,9.206143637049692,8.707477816031592,8.906943705455694,15820400
2020-05-28,8.822552680969238,9.374921401506072,8.784193609941687,9.328890369945325,12227400
2020-05-29,8.67679214477539,8.82255578804821,8.500340648562311,8.59240201246704,19646300
2020-06-01,8.807209014892578,8.922286231306993,8.638430268106285,8.707476451627244,8730400
2020-06-02,8.97598934173584,9.167783988916685,8.860912846082739,8.983661303216318,10844500
2020-06-03,9.4439697265625,9.58206138931109,9.206144017522195,9.282862176990317,11358900
2020-06-04,10.046113967895508,10.046113967895508,9.300230784230926,9.432314318700472,14367300
2020-06-05,10.356898307800293,11.07170305557825,10.240354361497332,10.877462651094422,14606200
2020-06-08,10.753149032592773,10.861923186116188,10.481212166847541,10.70653100896249,8903500
2020-06-09,10.457904815673828,10.597758162849578,10.123811037851068,10.271434180085123,10772500
2020-06-10,9.836334228515625,10.349128791561522,9.805255792602793,10.302511508176455,11739000
2020-06-11,8.8573637008667,9.37792813542139,8.802976615186454,9.028295494249791,11101700
2020-06-12,9.245843887329102,9.440084311356758,8.849593985448676,9.440084311356758,11041600
2020-06-15,9.447854995727539,9.548860114648422,8.77189834538177,8.872903464302652,12572500
2020-06-16,9.774177551269531,10.061653274428238,9.5022406758924,10.015035990115138,11065700
2020-06-17,9.603245735168457,9.898491251328066,9.564398245411127,9.836334378554293,9980800
2020-06-18,9.603245735168457,9.86741281494118,9.377926886121434,9.455623347572837,9730400
2020-06-19,9.323541641235352,9.828566517081526,9.26138475623793,9.828566517081526,51155600
2020-06-22,9.385697364807129,9.548859352977138,9.191456937984185,9.261383610195393,7723000
2020-06-23,9.33131217956543,9.696483722738705,9.31577258659538,9.603248387824129,9601000
2020-06-24,8.764128684997559,9.206997404167057,8.756359630321143,9.168149166910995,9605400
2020-06-25,9.051605224609375,9.082683668862467,8.65535524562459,8.701972541519948,10895300
2020-06-26,8.274641036987305,8.834053616292222,8.235793548384638,8.779666539473808,14589700
2020-06-29,8.437804222106934,8.600966216999785,8.305720667147556,8.453343812557899,9390100
2020-06-30,8.639813423156738,8.717509884221,8.329029060836426,8.352337702768358,14251800
2020-07-01,8.25910472869873,8.70197275543413,8.189178042168177,8.624277013375742,12519300
2020-07-02,8.235793113708496,8.663121393530702,8.181405298792264,8.484420584291351,13439800
2020-07-06,8.391185760498047,8.616504603782301,8.22802378839784,8.430033990230164,9382800
2020-07-07,8.02601432800293,8.297951220280728,8.010475479255627,8.266872781817701,9078700
2020-07-08,8.033782958984375,8.150326901094575,7.855081407984645,8.002704525023766,9510300
2020-07-09,7.637531757354736,8.049321159529105,7.606453325888147,7.994934089704637,10371200
2020-07-10,7.99493408203125,8.010473668233757,7.61422311168887,7.637531750024377,10660900
2020-07-13,8.142555236816406,8.259099893121736,7.8861580303000824,8.165864612658359,9936600
2020-07-14,7.932779312133789,8.134789540255023,7.824004402921944,8.088171510316105,10079800
2020-07-15,8.336798667907715,8.367877847172428,8.088171161537346,8.204715860874769,9049800
2020-07-16,8.391185760498047,8.538808144318068,8.1580971230737,8.22802378839784,9137100
2020-07-17,8.018245697021484,8.305721479774702,7.979398199030166,8.27464303680053,17500000
2020-07-20,7.948317527770996,8.103710454532722,7.901700242517189,7.925008885144092,8707400
2020-07-21,8.391185760498047,8.445572837541999,8.033783380705609,8.033783380705609,10967500
2020-07-22,8.391185760498047,8.461112425822186,8.266872018129956,8.29795045372198,9561900
2020-07-23,8.577655792236328,8.639812659204336,8.3290283243643,8.336797377009074,6922700
2020-07-24,8.484420776367188,8.709739611925892,8.437802754093378,8.624274102220289,6263400
2020-07-27,8.243563652038574,8.406725644254628,8.204716158485397,8.398956590125058,9275100
2020-07-28,8.18917465209961,8.290179741834207,8.150326426668107,8.18917465209961,9091200
2020-07-29,8.577655792236328,8.577655792236328,8.119248342621049,8.181405209589055,9914100
2020-07-30,8.352336883544922,8.360106677082936,8.119248264182568,8.266871377531652,5713900
2020-07-31,8.437804222106934,8.437804222106934,8.212485347347133,8.313490462373037,11041700
2020-08-03,8.360107421875,8.499960013177079,8.30571960323185,8.44557293550229,6465600
2020-08-04,8.31348991394043,8.422264817016044,8.28241147605717,8.360107941249524,6312900
2020-08-05,8.492191314697266,8.531038805534571,8.39118620838981,8.437803493781933,5624900
2020-08-06,8.42226505279541,8.523270163985723,8.344568585427961,8.43003484772584,6168500
2020-08-07,8.748590469360352,8.756360265568938,8.297952662822011,8.321261310479223,7677400
2020-08-10,8.935056686401367,9.067140192347363,8.756355908338067,8.764124959712163,6380000
2020-08-11,9.269152641296387,9.564398154654407,9.206995769112421,9.206995769112421,10987100
2020-08-12,9.261384963989258,9.564400340875311,8.93506093994844,9.463395215246628,11644900
2020-08-13,9.028292655944824,9.121527948214808,8.973905587362726,9.082679724526923,6540500
2020-08-14,9.144838333129883,9.245842688475424,8.911749706326233,8.935058346716103,5124500
2020-08-17,9.067145347595215,9.137072036497115,8.935061766551316,9.028297104764315,9335600
2020-08-18,8.834053993225098,9.067142639628306,8.802975556435895,9.067142639628306,5079600
2020-08-19,8.872901916503906,8.997215659346187,8.756357967831356,8.818514839252497,5046900
2020-08-20,8.608733177185059,8.779664911011912,8.600963384518336,8.740816688646508,5384600
2020-08-21,8.523271560668945,8.66312418749179,8.468883728211987,8.56988885595371,5334400
2020-08-24,8.96613883972168,8.96613883972168,8.546579511522063,8.616506189716748,5806100
2020-08-25,9.074911117553711,9.24584212461286,8.942827595119104,9.12152839549047,8049800
2020-08-26,8.841824531555176,9.074913197568872,8.834054736462083,9.03606496307185,5936500
2020-08-27,9.090449333190918,9.137067348865061,8.834052099403683,8.857360736756643,6175600
2020-08-28,9.098220825195312,9.160377697057427,9.036063953333198,9.12929926112637,4964800
2020-08-31,8.981677055358887,9.1137598549817,8.95836767221806,9.1059908015698,7327600
2020-09-01,9.036064147949219,9.105990815542247,8.83405393956233,8.896210812763162,5897400
2020-09-02,9.160379409790039,9.199227647209476,8.935060521919505,8.989447609725616,6862800
2020-09-03,9.077710151672363,9.534351202611822,9.030471836521098,9.266665664795866,7846700
2020-09-04,9.290285110473633,9.439874114210868,9.069837880972626,9.32177757183092,6025100
2020-09-08,8.951740264892578,9.164314934517003,8.880882041684435,9.117075868765083,7351300
2020-09-09,9.022599220275879,9.093457449234098,8.920248528540622,9.038345076244628,6218900
2020-09-10,8.849388122558594,9.282409942345506,8.841514821091348,9.101328513634979,6968100
2020-09-11,9.06983757019043,9.109202582408548,8.817897137125486,8.873009505741916,6161100
2020-09-14,9.494985580444336,9.510731434203644,9.1249486316077,9.164314392265117,6420700
2020-09-15,9.432001113891602,9.557971714203411,9.258792946286981,9.542225107599611,7992800
2020-09-16,9.518606185913086,9.699687661335505,9.369016422804563,9.432001349111452,8277100
2020-09-17,9.471367835998535,9.542226071191976,9.321778812354296,9.369017135256854,8007100
2020-09-18,9.3768892288208,9.494986522510338,9.29815845053395,9.38476253190134,12367600
2020-09-21,8.904500961303711,9.25091798527665,8.80215028923822,9.069836546818827,8490600
2020-09-22,8.691926002502441,9.030470463241192,8.644686943695424,8.896627339267239,8993700
2020-09-23,8.463604927062988,8.94386502936627,8.455731625999169,8.739164457582161,7301300
2020-09-24,8.471480369567871,8.691927599204798,8.353383076275602,8.510846133998626,6390500
2020-09-25,8.660435676574707,8.699801443454321,8.345511043216902,8.392749362800798,6619100
2020-09-28,9.06196403503418,9.077709889349759,8.84151606790039,8.896628435103567,9044400
2020-09-29,8.951740264892578,9.10920256599985,8.810023818476294,8.983232725114032,7784100
2020-09-30,9.077710151672363,9.21942659880512,8.935994455379088,9.030471836521098,9507000
2020-10-01,9.077710151672363,9.180060835619411,8.95961361295472,9.085583454477401,7672700
2020-10-02,9.408380508422852,9.471365423475971,8.896627885906401,8.92812034343296,8072300
2020-10-05,9.896515846252441,9.904389149832232,9.526479588076896,9.542225444396923,8103500
2020-10-06,9.75479793548584,10.235058082920709,9.69968557369933,10.053976646471941,9982500
2020-10-07,10.006739616394043,10.179948537014582,9.872896461938108,9.928008084064832,7868600
2020-10-08,10.266550064086914,10.27442336552618,9.975244668388205,10.101214488059068,10066200
2020-10-09,10.069724082946777,10.33741037965759,9.998865857248092,10.282298760042835,6694500
2020-10-12,10.19569206237793,10.219311216341854,10.014610630588892,10.061848938516743,5145200
2020-10-13,9.833529472351074,10.156327363229297,9.80203701350538,10.148454811647458,6629100
2020-10-14,9.644574165344238,9.912260425577893,9.644574165344238,9.833528907565853,7819800
2020-10-15,9.872895240783691,9.920134304506242,9.526478193229636,9.557970652098186,7103800
2020-10-16,9.81778335571289,9.935879885515186,9.660321065696689,9.872894969508705,6503400
2020-10-19,9.715434074401855,9.95162791875779,9.699687467719679,9.920135456232968,6513300
2020-10-20,10.187819480895996,10.5263639652793,9.98311888067391,10.038230494098384,16365500
2020-10-21,10.069724082946777,10.33741037965759,10.022485015534485,10.195693928260217,9093300
2020-10-22,10.864908218383789,10.880654071524424,10.030356978426854,10.0933418926682,15865600
2020-10-23,10.849162101745605,11.053863457644818,10.71531896526069,10.967259384382583,9295300
2020-10-26,10.510618209838867,10.723192114201305,10.447633293669298,10.699572958347574,9455600
2020-10-27,10.156327247619629,10.4869984371551,10.156327247619629,10.479125885662873,8385100
2020-10-28,10.022486686706543,10.187822323958747,9.91226342909816,9.943755895677645,9612100
2020-10-29,10.392521858215332,10.486999240918077,9.857150022899779,9.951627405602524,8177400
2020-10-30,10.471253395080566,10.510619158951146,10.235059562696593,10.353156103468832,7247900
2020-11-02,10.833418846130371,10.864911312218673,10.408270178518492,10.660209907224905,7507400
2020-11-03,11.045991897583008,11.140469288090825,10.912148739987042,11.06961180833963,8472900
2020-11-04,10.337411880493164,10.72319477548528,10.148457085089632,10.72319477548528,10892800
2020-11-05,10.770432472229004,11.006625560854767,10.36890302022198,10.36890302022198,10522900
2020-11-06,10.27442455291748,10.801923796880592,10.219312187312756,10.746811431275868,10748100
2020-11-09,11.982892036437988,12.282070766089122,11.203452378550287,11.211325680845183,22576700
2020-11-10,11.990764617919922,12.163973514644196,11.80968316972047,12.116735202435398,10973000
2020-11-11,11.707331657409668,12.038002822651961,11.526250222121423,12.014383668231622,8738700
2020-11-12,11.353042602539062,11.59710897736482,11.17196039623787,11.45539328421548,8837100
2020-11-13,11.73095417022705,11.786066547438205,11.471141144704571,11.49476105672632,6048300
2020-11-16,12.289941787719727,12.431658208029567,12.100987061199499,12.258449333299689,9783800
2020-11-17,12.29781723022461,12.321436387442168,11.951400171289038,12.061623405530622,9589100
2020-11-18,12.13248348236084,12.502520505910182,12.10886432153331,12.345058182327351,7031300
2020-11-19,12.171846389770508,12.187592243007673,11.833301910518271,12.022257405240106,5775800
2020-11-20,11.89628791809082,12.061623521887638,11.793937234708078,12.04587766720386,6150000
2020-11-23,12.116737365722656,12.234833918168704,12.030132526478624,12.093117454561792,5890300
2020-11-24,12.667856216430664,12.778079468241462,12.337184959319092,12.518266444916597,12374000
2020-11-25,12.400168418884277,12.510392408465469,12.289944429303086,12.502519105458347,6104400
2020-11-27,12.29781723022461,12.557630212136157,12.203339850514908,12.400167912619988,3711100
2020-11-30,12.022260665893555,12.565505889603266,11.99864075337255,12.557632585429598,12087700
2020-12-01,12.494647026062012,12.63636273987102,12.282073079928715,12.35293056141343,8931100
2020-12-02,12.730841636657715,12.762333351954185,12.289946359912852,12.38442375832112,9168800
2020-12-03,12.742764472961426,12.83020598915957,12.55992966182537,12.75071397738179,14249700
2020-12-04,12.854056358337402,12.997144426137691,12.718917796105258,12.862005863905546,16112100
2020-12-07,12.695067405700684,12.822255677890784,12.599675632978293,12.806358186263349,7397600
2020-12-08,12.679171562194824,12.798411876436372,12.536084246454221,12.61557703117531,8927000
2020-12-09,12.615574836730957,12.806359154709705,12.496335301337407,12.782510641145812,9757800
2020-12-10,12.599674224853516,12.63147147887402,12.400941197698767,12.504281704685662,10552500
2020-12-11,12.353245735168457,12.440687999843737,12.210157703784924,12.392992494786816,8628300
2020-12-14,12.043222427368164,12.575827057621243,11.979627912541504,12.575827057621243,8948800
2020-12-15,12.226059913635254,12.249907672410917,11.987580051558883,12.154515879201684,8566800
2020-12-16,12.400943756103516,12.424791512012277,12.186311678605191,12.241956695094464,9109200
2020-12-17,12.369144439697266,12.424789446938005,12.15451239787207,12.408890440237014,10842000
2020-12-18,12.130667686462402,12.416843055852434,12.003478633400166,12.353248529321316,15145100
2020-12-21,12.353245735168457,12.496333766551992,12.051171423417877,12.218107207329872,10235700
2020-12-22,12.265806198120117,12.448640271673625,12.257856692807385,12.40889350321652,6277600
2020-12-23,12.671217918395996,12.782508690390497,12.33734711862522,12.36914437375131,5870900
2020-12-24,12.679171562194824,12.734817345416857,12.472488957328098,12.726867839512765,2588200
2020-12-28,12.687118530273438,12.877902843275686,12.6473717668102,12.790459812035271,4884100
2020-12-29,12.520183563232422,12.718916635664682,12.480436797124668,12.718916635664682,4173000
2020-12-30,12.6632719039917,12.718916922935454,12.551981107997666,12.559930613020066,3726300
2020-12-31,12.81430721282959,12.830204703864817,12.536080650840534,12.639421165527038,4764700
2021-01-04,12.679171562194824,12.949449456187676,12.496337475040372,12.933550444379492,7872800
2021-01-05,12.917648315429688,13.060736354748503,12.655320748749475,12.695067510572082,7444800
2021-01-06,13.712580680847168,13.90336423011341,13.275368569971972,13.275368569971972,13449500
2021-01-07,14.038501739501953,14.25313378529651,13.863617211194958,13.879514701977223,9326900
2021-01-08,13.966961860656738,14.102100427711223,13.680785714844136,14.094150921859406,7526900
2021-01-11,14.213388442993164,14.253135966563596,13.641037749495872,13.79207530663753,9390700
2021-01-12,14.515461921691895,14.571106932207496,14.133894835688215,14.308779371053364,7801600
2021-01-13,14.435970306396484,14.507514333998175,14.189541720331231,14.428020801528184,8682400
2021-01-14,14.825483322143555,14.873178823476568,14.451865781978421,14.571105293417281,7244000
2021-01-15,14.49161434173584,14.698296905659612,14.364425304892428,14.555208860157546,9273200
2021-01-19,14.64265251159668,14.666501025594506,14.340578915355783,14.563158981150238,9750100
2021-01-20,14.428018569946289,14.626751612276713,14.292880040513088,14.594955113934494,7854900
2021-01-21,14.141846656799316,14.491615784843024,14.022605596198026,14.404174260938632,8286100
2021-01-22,14.10209846496582,14.48366559546689,13.998757935701652,14.173642491461395,7702600
2021-01-25,14.086199760437012,14.141846294859521,13.672836118218152,13.879517181221066,9305300
2021-01-26,14.110045433044434,14.332626977261434,14.046450922727109,14.261082963627853,8197400
2021-01-27,13.633087158203125,14.030553264950813,13.601290658094003,13.720530186875735,10037100
2021-01-28,13.998756408691406,14.094147422804747,13.69668132616922,13.800023360373643,10431800
2021-01-29,13.521798133850098,14.078249814735665,13.42640559403981,13.951060772463936,11010100
2021-02-01,13.76822566986084,13.792074182058537,13.46615209642101,13.720530161678314,6484600
2021-02-02,14.117998123168945,14.253136677624223,13.823872498926375,13.966960558492325,6677900
2021-02-03,14.579055786132812,14.587005289596792,14.070299694140147,14.110045695247292,8066500
2021-02-04,15.087811470031738,15.199102999304497,14.618801391831958,14.658548908076769,8473600
2021-02-05,15.048067092895508,15.302445159445476,15.024218580576619,15.24680014691428,6505300
2021-02-08,15.532977104187012,15.540925092527797,15.103712955562488,15.127561469223727,6693600
2021-02-09,15.540925979614258,15.548875484621767,15.302446894241173,15.445534951950243,6400900
2021-02-10,15.485280990600586,15.73965908647864,15.389889962752841,15.596572544707023,7591600
2021-02-11,15.373991012573242,15.588623100386018,15.095764400543315,15.461434051951718,5560500
2021-02-12,15.548876762390137,15.731712360161731,15.294498646097866,15.350143669510153,5460400
2021-02-16,16.073528289794922,16.153021811809158,15.715809715050103,15.747606214128103,8479400
2021-02-17,15.914544105529785,16.272262710474212,15.811202063323009,16.009935127029784,6377100
2021-02-18,15.628368377685547,15.811202436722509,15.429635309285464,15.723760917651301,6136700
2021-02-19,16.192771911621094,16.23251792085626,15.739659218789663,15.739659218789663,8363400
2021-02-22,16.463045120239258,16.661778170070516,16.12122554814828,16.129175052087074,11219100
2021-02-23,16.90025520324707,16.916154207797813,16.4789406799275,16.62202868845915,12472000
2021-02-24,17.65544891357422,17.74289196790022,16.947959521193482,16.947959521193482,11766600
2021-02-25,16.947954177856445,17.97341743858331,16.876410158912112,17.90982292354533,11435000
2021-02-26,16.399450302124023,16.916157435114513,16.28816028146161,16.77306939928409,12723700
2021-03-01,16.947954177856445,17.067193704026053,16.73332212102345,16.79691663606143,7944800
2021-03-02,16.78101921081543,17.035397271973185,16.757170699002074,16.94795424487039,7403500
2021-03-03,16.685626983642578,17.265927135753365,16.67767747956002,17.01154906996304,11910000
2021-03-04,16.225147247314453,16.849807950713085,15.912817659361734,16.657603482364895,16952500
2021-03-05,16.74569320678711,16.777727786619707,15.824720421499713,16.601540652526104,15265900
2021-03-08,17.07404136657715,17.49849041806079,16.761711825905824,16.977940674444262,13417600
2021-03-09,16.833784103393555,17.090054591429304,16.433361083964552,16.857808506964034,9513300
2021-03-10,17.2261962890625,17.242213574401507,16.753697064008602,16.849799248550244,8383100
2021-03-11,17.170141220092773,17.378361394344452,17.009971385286022,17.122089353155097,6163600
2021-03-12,17.506492614746094,17.554542943112125,17.25822927528807,17.410390430521634,7792600
2021-03-15,17.186155319213867,17.434418691899836,17.042004314822385,17.370351069672754,10244700
2021-03-16,16.76971435546875,17.06602649688653,16.593527271660165,17.042002096361653,11756600
2021-03-17,16.96993064880371,17.17014218987386,16.73768452796578,16.96993064880371,9633900
2021-03-18,17.186155319213867,17.778782734180126,17.130096340701744,17.27424887258583,10846900
2021-03-19,16.8818416595459,17.16213819854673,16.481418468828497,16.83379130435792,35973000
2021-03-22,16.36929702758789,16.785735897610227,16.24116175565903,16.761711488806647,9712400
2021-03-23,16.064970016479492,16.425351320391734,15.960860710622896,16.193105251761068,9890500
2021-03-24,15.95285701751709,16.537474400827648,15.95285701751709,16.29722114199927,7892600
2021-03-25,16.625566482543945,16.681625469404587,15.744635400110441,15.936838295415289,7907200
2021-03-26,16.817766189575195,16.929884142041416,16.513445378241503,16.881833809197683,6685400
2021-03-29,16.273191452026367,16.561496518122876,16.064971296233622,16.529461943004325,7028900
2021-03-30,16.74569320678711,16.897854406006264,16.489422678097696,16.513448612972145,7129800
2021-03-31,16.545480728149414,16.88183615987577,16.521454794635833,16.697641918749916,9146800
2021-04-01,16.86581802368164,16.905861244192867,16.489420915832167,16.529462608850718,8297600
2021-04-05,16.80975341796875,17.210176324144733,16.72165988981254,17.08204111636779,8978200
2021-04-06,16.8818416595459,16.96192660318803,16.689638711300738,16.75370636071579,6360600
2021-04-07,16.91386604309082,17.017975337766416,16.777722179288997,16.857805547119916,4987000
2021-04-08,16.857805252075195,16.90585710492354,16.505434162807813,16.833780853143324,5412400
2021-04-09,17.001962661743164,17.0740389343218,16.809759777364388,17.017979950647913,6675600
2021-04-12,17.15411949157715,17.218187103420416,17.00195834063976,17.178145418828006,6555800
2021-04-13,16.689634323120117,17.058022828523526,16.577516347996095,17.02598977598503,9252700
2021-04-14,17.001962661743164,17.154123851352807,16.60153960408086,16.641582826342734,9291900
2021-04-15,16.79374122619629,17.025987315380693,16.45738582194163,17.00196138382942,9283100
2021-04-16,16.97793960571289,17.106074872152828,16.83378704909475,17.017981303665547,5956700
2021-04-19,16.737680435180664,17.06602716004722,16.7056473907386,16.977935142212207,6321600
2021-04-20,16.016921997070312,16.67361555455136,15.928828437288757,16.585521994769806,9068200
2021-04-21,16.45738983154297,16.465398477344582,15.784678859137507,15.872772435462245,6896300
2021-04-22,16.249168395996094,16.633574164348246,16.225142462664305,16.58552229768467,8567600
2021-04-23,16.52145004272461,16.6175522216452,15.28814816611297,15.28814816611297,11971500
2021-04-26,16.905860900878906,17.09005512901202,16.609547185083894,16.65759752122891,8653800
2021-04-27,17.001962661743164,17.06603028986942,16.78573384400726,16.98594537283841,6626000
2021-04-28,17.146116256713867,17.24221846853372,17.025989637558673,17.058022689836733,7530100
2021-04-29,17.578571319580078,17.594587079604675,17.27424896672355,17.370351164334195,7674500
2021-04-30,17.45844268798828,17.682680124294592,17.306283043433975,17.37035066416541,8753100
2021-05-03,17.45844268798828,17.76276503208203,17.274248469321975,17.66666283723859,6154100
2021-05-04,17.874881744384766,17.890899030327745,17.19416236673278,17.346323528206156,8167200
2021-05-05,18.011028289794922,18.211239811283296,17.69869880507072,17.898910326559093,5449500
2021-05-06,18.163185119628906,18.179202404106455,17.818821140823214,18.099117509211034,5657300
2021-05-07,18.33136558532715,18.347382872916313,17.762765623345423,17.79479867103113,5183900
2021-05-10,18.13916015625,18.6276766663132,18.13916015625,18.499541438672427,6131500
2021-05-11,17.970989227294922,18.419462673383638,17.802810730328584,17.987004990464122,7200300
2021-05-12,17.530517578125,18.283313208331208,17.48246724821597,18.187211021020705,6789700
2021-05-13,18.067087173461914,18.19522242432037,17.41840227505439,17.466452612253143,7776900
2021-05-14,18.619670867919922,18.6677212037521,18.099121235175527,18.115138522950463,8138400
2021-05-17,18.739795684814453,18.763821614186508,18.39543166794409,18.515559787311883,6069400
2021-05-18,18.323360443115234,18.827894406141667,18.299336034633058,18.731792189734232,6208600
2021-05-19,18.155183792114258,18.17920972851063,17.76276932926444,18.09912480134899,5702900
2021-05-20,18.03505516052246,18.227258047851297,17.866876679426753,18.123147195865197,4270500
2021-05-21,18.227258682250977,18.443487510831545,18.09111477471797,18.155182406057452,6461900
2021-05-24,18.315349578857422,18.419458891801295,18.179205691166143,18.323356695051675,4063600
2021-05-25,17.98700714111328,18.59565051161083,17.97099137602913,18.347388586635876,5569200
2021-05-26,18.28331756591797,18.315352145153973,17.962979411022005,18.10713196259839,5005700
2021-05-27,18.715774536132812,18.73979894218833,18.435478088040654,18.563613345312596,8693800
2021-05-28,18.74781036376953,18.787852064788506,18.387428944626844,18.75581900947192,7593700
2021-06-01,18.915983200073242,19.06814284034279,18.835898294540968,19.020092508020433,4862400
2021-06-02,18.619670867919922,18.9400089859555,18.435476640986042,18.91598458178573,8820400
2021-06-03,18.494705200195312,18.90587798422372,18.43020759903855,18.52695323190164,9401100
2021-06-04,18.244773864746094,18.446329040854728,18.07546825493194,18.446329040854728,8759500
2021-06-07,18.14803123474121,18.293151231514987,18.019036023774348,18.260901659901165,6187200
2021-06-08,18.010976791381836,18.075474408183112,17.55143107945468,17.93841678026234,10307200
2021-06-09,17.65624237060547,17.87392244391543,17.615931929360556,17.87392244391543,5509500
2021-06-10,17.164443969726562,17.994850525662123,17.140256788757277,17.946477701467906,6833200
2021-06-11,17.34987449645996,17.43855775163088,17.180567304325724,17.245064916152014,5695000
2021-06-14,17.07575798034668,17.39824601527767,16.922575587100365,17.309561229017554,6615700
2021-06-15,17.172502517700195,17.374057718789373,16.93869928406371,17.09994252228856,6459600
2021-06-16,17.253128051757812,17.43049764521553,16.785519961473298,17.011262381444745,7344900
2021-06-17,15.979299545288086,17.446621479885472,15.938989111467293,17.40631104606468,15610300
2021-06-18,15.584250450134277,15.834178506819326,15.447192831098404,15.616500025316546,14896400
2021-06-21,16.011547088623047,16.10829273260132,15.705182294621842,15.753556654355265,6617700
2021-06-22,16.027671813964844,16.156668580726517,15.777743749961985,15.979298987519485,5417000
2021-06-23,16.140541076660156,16.285661069321016,16.067981080329726,16.108291505960334,4119900
2021-06-24,16.38240623474121,16.4710910138708,16.076043010625373,16.22116299911229,5243700
2021-06-25,16.6081485748291,16.696831816027217,16.40659337741065,16.51140140346083,7740700
2021-06-28,16.398530960083008,16.519463770801615,16.237286187295453,16.519463770801615,6225300
2021-06-29,16.17279052734375,16.68071054618169,16.116355311416047,16.61621293687227,6591500
2021-06-30,16.2695369720459,16.32597218541319,16.108292187215728,16.12441697324759,6498900
2021-07-01,16.47109603881836,16.535593660295472,16.285665569289726,16.45497124901293,4718700
2021-07-02,16.33403205871582,16.511400064472554,16.213099257620595,16.43884007626662,4125900
2021-07-06,15.785806655883789,16.253414760670655,15.761619473004572,16.196979538363625,7910700
2021-07-07,15.664873123168945,15.826116388655393,15.519753107810057,15.664873123168945,6788600
2021-07-08,15.294012069702148,15.600376915912909,15.173079225248236,15.253701634132359,10783700
2021-07-09,16.019611358642578,16.027672215131542,15.535878468848038,15.656811306860558,8324500
2021-07-12,16.14860725402832,16.213104872799878,15.64874955524035,15.801931976476999,5436100
2021-07-13,15.898674011230469,16.18085160568024,15.76161641036882,16.04379400481859,7071300
2021-07-14,15.721306800842285,16.188914839049875,15.47944115746549,15.898674836802316,9286300
2021-07-15,15.906737327575684,16.043794936395532,15.487502107921527,15.568124502123368,10422800
2021-07-16,15.32625675201416,16.051855124672418,15.269821545148215,16.03573034049813,8739800
2021-07-19,14.624847412109375,15.019895489600547,14.528101760098368,14.923149837589541,10147200
2021-07-20,15.245633125305176,15.431063514951799,14.528097203263247,14.640967607788333,8121200
2021-07-21,15.511688232421875,15.74549300592971,15.366568240278276,15.39075541821693,8446200
2021-07-22,15.285945892333984,15.592310662730817,15.205325041145082,15.527813059133194,10334600
2021-07-23,15.39881706237793,15.89867308019381,15.294007500815702,15.463314662668498,8420900
2021-07-26,15.592315673828125,15.737435712997856,15.439133239399556,15.552005235278603,5664200
2021-07-27,15.632624626159668,15.680998993113661,15.294011746204301,15.374634153383106,4869200
2021-07-28,15.6487455368042,15.842238343431921,15.350444703240514,15.71324313901344,6322600
2021-07-29,15.745492935180664,15.94704813719798,15.624558583774949,15.834176178402256,5580500
2021-07-30,15.519749641418457,15.882549598783008,15.463314434215986,15.6326200558234,7369100
2021-08-02,15.406877517700195,16.035728657038884,15.406877517700195,15.624555930224568,5606400
2021-08-03,15.818056106567383,15.858366539965926,15.173078407979427,15.576188892942724,5918800
2021-08-04,15.54393482208252,15.826110821865285,15.487498084382098,15.527810039882398,4527900
2021-08-05,15.753552436828613,15.809987636997873,15.632618107615768,15.689053307785029,5295100
2021-08-06,16.09217071533203,16.269540322722953,15.947052224391115,16.011549844057484,5425900
2021-08-09,16.035734176635742,16.261476595846656,15.826116545456555,15.987361350284983,4779500
2021-08-10,16.277599334716797,16.325972154977975,15.938986517400076,15.971234551659453,6795500
2021-08-11,16.62427520751953,16.696833671930673,16.164728014620348,16.33403519889779,7003500
2021-08-12,16.761337280273438,16.76939813799709,16.454972403454864,16.624279632800853,6364800
2021-08-13,16.527530670166016,16.85001876593742,16.471095445624087,16.809708330620197,5739100
2021-08-16,16.390464782714844,16.511397565507146,16.196972022698404,16.382402392162852,4158000
2021-08-17,16.076047897338867,16.342100777856878,15.882555033120731,16.20504314015096,4183100
2021-08-18,15.971232414245605,16.29372040240228,15.922859600458109,16.011544373855205,4296600
2021-08-19,15.858367919921875,15.995425558245591,15.664875054831557,15.737435071458501,11049400
2021-08-20,16.14860725402832,16.156669648592832,15.761620003654444,15.858367200684045,10723200
2021-08-23,16.406597137451172,16.49528039897359,16.20504189384058,16.30178754963676,8818000
2021-08-24,16.616214752197266,16.640400397240395,16.41465950886734,16.422721903129876,7441500
2021-08-25,16.87420654296875,17.083824197025177,16.608153662386478,16.69683693075084,7007500
2021-08-26,16.56783676147461,16.979009552429787,16.471091126981705,16.938699127681765,6823500
2021-08-27,16.86614227294922,16.99513750145119,16.57590223994757,16.6162142099447,7228500
2021-08-30,16.398530960083008,16.890326133115337,16.390468567669217,16.85807656346018,6570200
2021-08-31,16.47109603881836,16.64040171854156,16.358225585669555,16.406598417341243,8323700
2021-09-01,16.229225158691406,16.503340372818826,16.124417123992924,16.463029945106545,10166200
2021-09-02,16.29427146911621,16.41623426317489,16.180438183932523,16.269878289968048,5763600
2021-09-03,16.02595329284668,16.343058460789,15.920252604093424,16.26174940360273,7441100
2021-09-07,16.00156021118164,16.34305697974373,15.993429151115743,16.025951840538205,5723500
2021-09-08,15.847071647644043,15.952773867494514,15.660061936635959,15.830809529076127,6932800
2021-09-09,15.985298156738281,16.196701066796972,15.76576418658028,15.830811116533635,5652400
2021-09-10,15.855205535888672,16.1641780896025,15.838943414419191,16.10726221530058,10883300
2021-09-13,16.17230796813965,16.221094328981803,15.92025130715311,16.058476227856918,13102000
2021-09-14,15.81455135345459,16.269879886342242,15.725111238643343,16.245486704800662,9267600
2021-09-15,16.099132537841797,16.16417947846745,15.847075836772575,15.871469021072718,6663700
2021-09-16,16.13165855407715,16.334930459697233,16.050349481660803,16.156051741054522,6693900
2021-09-17,16.123525619506836,16.302404317378365,16.042216556532,16.042216556532,13530200
2021-09-20,15.578754425048828,15.68445665528318,15.294173525517833,15.6356702947868,10156100
2021-09-21,15.538100242614746,15.725109966784391,15.416135895612628,15.651931978919558,7401300
2021-09-22,15.871468544006348,16.03408511526183,15.741374666665424,15.765766299391004,8524700
2021-09-23,16.586986541748047,16.757735742249473,16.05847991790921,16.05847991790921,12068600
2021-09-24,16.79025650024414,16.887827682238996,16.562592993658352,16.595115687095753,8713600
2021-09-27,17.69278335571289,17.757830290626345,16.961004950226236,17.042312455737108,11540200
2021-09-28,17.546430587768555,17.871665322082215,17.489514703118857,17.847273686284655,8198300
2021-09-29,17.63587188720703,17.709049901120718,17.489515859379658,17.68465671286894,6598800
2021-09-30,17.32689666748047,17.73344047559206,17.31876560521725,17.73344047559206,7064600
2021-10-01,17.676517486572266,17.81474238781264,17.278104900841996,17.424460861077794,6528600
2021-10-04,17.741573333740234,17.936714195285884,17.644003678388266,17.644003678388266,7658200
2021-10-05,17.765960693359375,17.993624181704007,17.66838951918225,17.887923497949885,6488000
2021-10-06,17.644001007080078,17.757832771370442,17.28624203965704,17.660261579949076,6195100
2021-10-07,17.765960693359375,17.92044773962266,17.660258458764055,17.806614444609146,6513100
2021-10-08,17.904184341430664,18.001753957805587,17.66838825864927,17.71717461767782,5765500
2021-10-11,17.765960693359375,18.20502710005345,17.741567512104794,17.977363611708817,5733400
2021-10-12,17.92857551574707,17.96109975427519,17.611471944303165,17.692780989782413,8263800
2021-10-13,17.668392181396484,17.85540194666935,17.253717342633976,17.822879250937365,8158100
2021-10-14,17.98549461364746,17.99362412319802,17.70904476369254,17.887923439787585,7092600
2021-10-15,18.237548828125,18.424558539445133,17.985492193265646,18.148108726693202,8112600
2021-10-18,18.35137939453125,18.522128527284856,18.164369695053264,18.188762871401174,5749900
2021-10-19,18.554656982421875,18.570919105044975,18.310731346440853,18.440825225742916,5120600
2021-10-20,19.12381362915039,19.1319446882347,18.392035370812895,18.46521180088979,8524800
2021-10-21,18.928674697875977,19.23764721881508,18.81484141050591,19.066899614021626,10913500
2021-10-22,19.587278366088867,19.806812367404362,19.107556608032656,19.107556608032656,10312600
2021-10-25,19.69297981262207,19.91251382231987,19.56288592928443,19.87999112690617,8650500
2021-10-26,19.579147338867188,19.879990402397407,19.530362522103847,19.72550333999857,7534500
2021-10-27,19.001855850219727,19.51410030074406,18.993724788993454,19.457184423001507,8426100
2021-10-28,19.30270004272461,19.310831105080368,19.042512250706597,19.099428136355343,5982900
2021-10-29,19.2539119720459,19.473445966099842,19.245780911061534,19.367743724144397,7210200
2021-11-01,19.636062622070312,19.68484743735583,19.40839911684367,19.440921810086913,5218500
2021-11-02,19.481576919555664,19.782419994900227,19.457185285636797,19.546625412249774,5407800
2021-11-03,20.09139060974121,20.148308035264154,19.253911509411584,19.34335162724922,7476200
2021-11-04,19.733633041381836,19.993820780644747,19.546623297641776,19.993820780644747,5935700
2021-11-05,19.766155242919922,20.058867217748386,19.65232349752717,19.945035472355634,5795700
2021-11-08,19.920642852783203,20.026343540652306,19.758024739770917,19.86372697848128,6512700
2021-11-09,19.790550231933594,19.920644110218735,19.668587414896447,19.717372231543035,8249600
2021-11-10,19.652318954467773,19.953161920255237,19.60353415355443,19.749890107135315,8009500
2021-11-11,19.61166763305664,19.82306898005692,19.571012334909625,19.69297512766857,7909600
2021-11-12,19.473445892333984,19.70110939566859,19.262042960065205,19.61167082686198,7724000
2021-11-15,19.709239959716797,19.814942198606897,19.4327900976306,19.5710150286737,5243000
2021-11-16,19.717370986938477,19.89624967057898,19.627930869697593,19.79054898270988,4374900
2021-11-17,19.538494110107422,19.733634933262927,19.367744920570477,19.684848564342996,3882600
2021-11-18,19.43279457092285,19.668590734386093,19.278307482820782,19.473449884024248,4569900
2021-11-19,19.26204490661621,19.43279255137229,18.95307076252217,19.27017596839147,7704600
2021-11-22,19.554752349853516,19.855595385611192,19.481574356043303,19.58727659192082,5883900
2021-11-23,19.993824005126953,20.018217191182305,19.636065030522634,19.71737409986564,5467100
2021-11-24,19.985692977905273,20.237749697550083,19.936908156551134,19.96129979180745,4568800
2021-11-26,19.08316421508789,19.28643610232043,18.741667382503568,19.172604341739465,6513800
2021-11-29,19.140077590942383,19.54662127927158,18.993721615009296,19.38400318360346,8162300
2021-11-30,18.497737884521484,18.936805813876493,18.473344704832506,18.85549676575433,13243200
2021-12-01,18.0098819732666,19.12381216932982,18.0098819732666,18.90427824333446,8936200
2021-12-02,18.54248046875,18.657194185561288,18.091824238558736,18.296668263706746,13700600
2021-12-03,17.944339752197266,18.616228034248813,17.764077537911984,18.55067799606906,10420100
2021-12-06,18.38680076599121,18.689969058428172,18.067243013063358,18.24750676159598,8280900
2021-12-07,18.739131927490234,18.903006208326904,18.501512110448637,18.542480289948834,7329300
2021-12-08,18.550676345825195,18.927590203956168,18.476932364078614,18.76371434166687,6314800
2021-12-09,18.26389503479004,18.550675435468776,18.24750713679812,18.419575377205362,8410200
2021-12-10,18.214733123779297,18.476933265971812,17.968920881182843,18.452352979413842,7224200
2021-12-13,17.575620651245117,18.181958870199978,17.501876665968812,18.11640883471394,9378600
2021-12-14,17.886980056762695,18.02627405515689,17.58381021455091,17.60839205997431,9017500
2021-12-15,17.91975975036621,18.11640986804088,17.706721732176266,18.001696127270165,8580100
2021-12-16,17.993501663208008,18.452353487515936,17.89517738859643,18.165571488032523,7307300
2021-12-17,17.42812728881836,18.001689531164764,17.272445416639982,17.89517134251786,17185000
2021-12-20,16.952890396118164,17.15773440238356,16.59236450749706,17.14134650680175,12154300
2021-12-21,17.469097137451172,17.551035055025388,17.17412125931831,17.17412125931831,6393100
2021-12-22,17.485485076904297,17.592003276029935,17.32980318941071,17.444516899433463,5250300
2021-12-23,17.63297462463379,17.8214307587259,17.542842750574113,17.624780675825097,4489200
2021-12-27,17.936141967773438,17.936141967773438,17.493679695356455,17.649361588816063,4564700
2021-12-28,17.903366088867188,18.042660072752287,17.813234227872208,17.862396350762328,3763600
2021-12-29,17.903366088867188,18.050854020373258,17.796846332630267,17.944334264136337,3712100
2021-12-30,17.91975975036621,18.173765957008133,17.903371849850934,17.993502177012527,4150000
2021-12-31,17.862396240234375,17.977109943382448,17.81323411764846,17.846009907929535,3959100
2022-01-03,18.575260162353516,18.640810201648062,18.321253955441684,18.452354034030773,10995500
2022-01-04,19.40282440185547,19.599474459096957,18.878424249211506,18.878424249211506,10302500
2022-01-05,19.214370727539062,19.705995151532274,19.18978888120503,19.533926915701834,6667200
2022-01-06,20.148460388183594,20.181234622703904,19.361858442827668,19.656834367690646,9872500
2022-01-07,20.582731246948242,20.70563736686092,20.025555169652257,20.164849188976255,11494100
2022-01-10,20.369691848754883,20.902286040476532,20.04194013430833,20.83673601015442,11121300
2022-01-11,20.2058162689209,20.73021651869685,19.98458432748316,20.68924833524661,13560200
2022-01-12,20.304141998291016,20.51717998943401,20.164847987268136,20.312335947508362,8779700
2022-01-13,20.508987426757812,20.779381517866625,20.41066159233819,20.476211627672566,10708000
2022-01-14,20.820348739624023,20.828542689015844,19.984584655690796,20.058328637381145,10115300
2022-01-18,20.32872200012207,20.918673832870585,20.254978021028506,20.82854195557045,10056900
2022-01-19,19.37824249267578,20.459818585240274,19.370048544964142,20.418850409517812,19197600
2022-01-20,18.370412826538086,18.90300699642478,18.067242971954986,18.29666885009452,18409900
2022-01-21,18.10820960998535,18.378603622953733,17.837815597016967,18.337633885936906,16730300
2022-01-24,18.821069717407227,18.903007645473025,17.50187517060826,17.690331311174397,18654000
2022-01-25,19.025915145874023,19.173403114598305,18.24750867948136,18.67358468627681,16217300
2022-01-26,19.197978973388672,19.72237908714958,18.845647060892205,19.247141093344855,15991400
2022-01-27,18.77190589904785,19.63225015934688,18.68177402999022,19.46837588077537,11703300
2022-01-28,18.927593231201172,18.935787181909767,18.419579227122334,18.698167299869393,10778000
2022-01-31,18.79648780822754,18.968556035739958,18.33763607585605,18.739131732390067,12377100
2022-02-01,19.337278366088867,19.370052600962463,18.65719619197422,18.84565234029653,9480200
2022-02-02,19.492958068847656,19.533926248502475,19.091462406618234,19.263532199407397,6407900
2022-02-03,19.320892333984375,19.81251840727675,19.238954394629612,19.59948039008885,8488300
2022-02-04,19.869871139526367,20.066521223057656,19.419214893454992,19.419214893454992,7084600
2022-02-07,20.050132751464844,20.156652520434356,19.804320544795942,19.96000244253206,6480200
2022-02-08,20.558147430419922,20.672859589649004,20.320527600204297,20.402465526583338,10191400
2022-02-09,20.36149787902832,20.60731010177876,20.295947848772467,20.52537217324995,7870100
2022-02-10,20.418853759765625,20.787573653108826,20.304141598652624,20.38607796354135,8593400
2022-02-11,20.345109939575195,20.88589807880037,20.16484774744547,20.197621981089057,11539900
2022-02-14,20.09110450744629,20.64008661599093,19.943616543533395,20.410660720700196,8571700
2022-02-15,20.722026824951172,20.853126904430656,20.3287250236765,20.386081113094246,7950600
2022-02-16,20.681055068969727,20.951449152044567,20.443436784006295,20.451629170698073,6396100
2022-02-17,19.583091735839844,20.52537409505789,19.46018561295682,20.52537409505789,17784200
2022-02-18,19.419218063354492,19.878068333161334,19.361860412146964,19.59948027864099,16611500
2022-02-22,19.566699981689453,19.83709402390304,19.320887784344677,19.460181779596272,10644100
2022-02-23,19.189788818359375,19.86167698759656,19.132432739937066,19.722382984498417,8168200
2022-02-24,18.91120147705078,18.984945455568162,18.0262752976782,18.452351270703957,14344400
2022-02-25,19.90264129638672,19.95999735914637,19.099651729245114,19.099651729245114,8958500
2022-02-28,19.820707321166992,19.968195261962478,19.206175276409667,19.206175276409667,12837500
2022-03-01,18.116403579711914,19.58308578433687,18.01807777358604,19.58308578433687,15189800
2022-03-02,19.148820877075195,19.296307267934292,18.50151298315495,18.542481164587596,11277300
2022-03-03,19.197978973388672,19.34546689609283,18.845647060892205,19.206172920520636,8011800
2022-03-04,18.526092529296875,18.878424472077327,18.247504554207016,18.60802888198798,10699300
2022-03-07,17.419939041137695,18.42777144074774,17.4117450912015,18.27208951763229,16306200
2022-03-08,17.53464698791504,18.059048717573674,17.378965102326084,17.772266790279005,16081500
2022-03-09,18.39499282836914,18.575254995579513,18.075435108212677,18.313054911333232,10750000
2022-03-10,18.163820266723633,18.44453397864477,17.957413218238138,18.106026545109422,8808200
2022-03-11,18.089515686035156,18.65919964637905,18.064746270451163,18.35371648655378,8355500
2022-03-14,18.758270263671875,19.261903919296753,18.44453227190008,18.543606764139316,10280300
2022-03-15,18.816064834594727,19.105033404867353,18.56011899412383,18.840832669326325,10312400
2022-03-16,19.435285568237305,19.740767072971654,18.98944565353022,19.162826792742592,9562400
2022-03-17,19.21236228942871,19.22061875769152,18.741754621770802,19.07200547848159,7486800
2022-03-18,18.948169708251953,19.12980736343981,18.59314929490939,19.113294419851556,24226400
2022-03-21,18.80780792236328,19.27015919868457,18.675707557700058,19.047239242780165,6842000
2022-03-22,19.344463348388672,19.534357401183623,19.06374971610032,19.154569295593717,6519000
2022-03-23,18.741758346557617,19.27015982231079,18.700475997039018,19.121546513565058,6623200
2022-03-24,18.906883239746094,19.129803205451463,18.79129580927396,18.939909119744208,6345000
2022-03-25,19.352725982666016,19.352725982666016,18.8986295152859,19.022475008510117,6263500
2022-03-28,19.014217376708984,19.278418139907245,18.64268406923595,19.16282912493743,5919200
2022-03-29,19.179340362548828,19.49307992204658,19.030727052761538,19.484823452084992,6285000
2022-03-30,18.700477600097656,19.19585481346172,18.518839970927157,19.13806109394205,9412200
2022-03-31,18.37848472595215,18.849092568603123,18.353715311953348,18.634429038229523,11027800
2022-04-01,17.726238250732422,18.82432377821565,17.61890726937041,18.774786523337873,11893900
2022-04-04,17.726238250732422,17.924388845004476,17.296912750523436,17.660188052641736,7694500
2022-04-05,17.60239028930664,17.907873369643568,17.5363401063636,17.585877349880736,6923300
2022-04-06,17.189577102661133,17.57762332456524,17.12352691645032,17.51157156359377,9205700
2022-04-07,16.85932731628418,17.214347681806938,16.487794009397398,17.065734359052225,11362800
2022-04-08,17.131784439086914,17.263884819624312,16.801533487743413,17.016196999806876,7765500
2022-04-11,17.453777313232422,17.84182352325817,17.18957657647653,17.214345986082623,9620400
2022-04-12,17.189577102661133,17.70972369698687,17.01619595439299,17.429010011900743,7958400
2022-04-13,17.280393600463867,17.296906537745585,16.95839919727224,16.97491055979358,5263900
2022-04-14,17.11527442932129,17.387731707691056,16.94189324070463,17.255631304527594,7050700
2022-04-18,17.27214241027832,17.28865535260648,17.00794163207122,17.00794163207122,4173300
2022-04-19,17.899616241455078,17.9574099525591,17.288651678017434,17.420752039043922,7637700
2022-04-20,18.139049530029297,18.386738914989625,17.99869268431332,18.09776875324959,10731900
2022-04-21,17.784032821655273,18.683966143148684,17.610650074561804,18.39499752259436,14794000
2022-04-22,17.643674850463867,18.04823246856833,17.354704673314746,17.75100582067086,16456900
2022-04-25,17.833566665649414,17.850079605027783,17.08224524629996,17.470289873128173,13281600
2022-04-26,17.35470199584961,17.775772490488457,17.30516317900231,17.635415658942172,12938500
2022-04-27,17.561107635498047,17.784027569601335,17.23085675613785,17.32167476373665,11634300
2022-04-28,17.6189022064209,17.817052743752622,17.230857600991335,17.751002564642047,9262900
2022-04-29,17.107017517089844,17.759264618842053,17.073993204529252,17.544601075534782,11859500
2022-05-02,17.387727737426758,17.495060274714703,16.958402312556967,17.39598420758434,12514400
2022-05-03,17.79228401184082,17.957410253269355,17.429008800314918,17.544596224458566,7301800
2022-05-04,18.205101013183594,18.271151205587586,17.544599089143684,17.80879985875965,7904900
2022-05-05,17.70972442626953,17.9986930186161,17.33819112930863,17.89961852260034,7214100
2022-05-06,17.437267303466797,17.709724531266556,17.181321441927075,17.668442178714635,10540000
2022-05-09,16.983169555664062,17.412496540313725,16.900606431729802,17.18132010824992,13179800
2022-05-10,16.66943359375,17.247372381779698,16.264875969700974,17.131784939125918,11041900
2022-05-11,16.529075622558594,17.23911474704449,16.520819152246343,16.72722618577052,7493000
2022-05-12,16.363950729370117,16.595127193093948,15.959393098924028,16.430000922611093,9448800
2022-05-13,16.41348648071289,16.65291939355708,16.240105329834556,16.545588429883924,6210200
2022-05-16,16.28138542175293,16.504305384733005,15.984160379206779,16.38871795567398,5891800
2022-05-17,17.040964126586914,17.115270784386855,16.62815006092533,16.65291947177887,6167800
2022-05-18,16.45476722717285,16.950144370279833,16.314410396205215,16.85106831175423,6458300
2022-05-19,16.529075622558594,16.67768893865771,16.264874871609358,16.289642707785415,8677000
2022-05-20,16.63640594482422,16.818045135159895,16.165798178519292,16.694199660018068,7964000
2022-05-23,17.107017517089844,17.47855087565262,16.80153593317021,17.032710845377288,7979400
2022-05-24,16.86758804321289,17.12353239989542,16.504311115341416,17.06573866529883,6858300
2022-05-25,17.478548049926758,17.643674310316985,16.75199596868336,16.776763805409384,8443200
2022-05-26,17.84182357788086,17.949154536981307,17.552853430634194,17.552853430634194,6468600
2022-05-27,18.064741134643555,18.097767012699617,17.833566287293284,17.891359999130852,5991200
2022-05-31,18.23812484741211,18.353712277440742,17.726234732729868,17.77577355253696,9655300
2022-06-01,17.84182357788086,18.28766192883121,17.528084020952267,18.28766192883121,6971500
2022-06-02,18.216304779052734,18.29952257154548,17.76693123918771,17.866791320381104,5600700
2022-06-03,18.09980010986328,18.274556038700492,18.033226195937583,18.18301789908223,5480600
2022-06-06,18.12476348876953,18.44098914063779,18.058189583784262,18.274553584551064,4858500
2022-06-07,18.307844161987305,18.332809975435424,17.85014869283656,17.950008772134343,6421200
2022-06-08,18.141401290893555,18.1746890287826,17.93335769082713,18.149723225365815,4875000
2022-06-09,17.55056381225586,18.15805093678128,17.55056381225586,18.141407062541543,5031300
2022-06-10,16.759998321533203,17.28426928301111,16.718390220509953,17.084547541054345,6858000
2022-06-13,16.177473068237305,16.50202062221567,16.060967556433408,16.30229892844076,7646700
2022-06-14,16.10257911682129,16.518666424298598,15.902857399701835,16.269013087463943,7984700
2022-06-15,16.127540588378906,16.42712390657841,15.819636922226612,16.269010312279022,10166000
2022-06-16,15.43683910369873,15.852926428189232,15.270405126250838,15.852926428189232,7625800
2022-06-17,15.561666488647461,15.778030499462178,15.38690898791598,15.594952649062353,12373300
2022-06-21,15.886214256286621,16.06929210857839,15.744744501755237,15.94446622805004,5578100
2022-06-22,15.86956787109375,15.977751447747364,15.594950342487794,15.644880369348803,5367000
2022-06-23,15.328657150268555,15.827962258818275,15.128935424298104,15.769710287149458,9318300
2022-06-24,16.21908187866211,16.360551616433796,15.378585388047624,15.420195068125764,11636000
2022-06-27,16.10257911682129,16.38551861288563,15.902857399701835,16.352230866408828,6904000
2022-06-28,16.169151306152344,16.56859469798984,16.094255471776943,16.32726491063896,5446600
2022-06-29,16.01103973388672,16.310623109413307,15.852926109331337,16.244049202323747,5808500
2022-06-30,15.603275299072266,15.89453675543773,15.253761868883158,15.653205335600068,10637700
2022-07-01,15.836282730102539,15.911178568815481,15.345299603983037,15.553343247686316,7841300
2022-07-05,15.686492919921875,15.686492919921875,15.228795896944371,15.49509312587083,6944700
2022-07-06,15.445161819458008,15.711457466599951,15.312013995887035,15.528379606001678,7779800
2022-07-07,15.8446044921875,16.036004261351735,15.703134752534146,15.736420909792395,7757600
2022-07-08,15.827961921691895,16.019361706597643,15.644882486349745,15.969431672980306,7164900
2022-07-11,15.852924346923828,15.90285596212534,15.54502065608269,15.753064291014745,6919900
2022-07-12,15.786352157592773,16.11090134257769,15.4950923069292,15.4950923069292,7558400
2022-07-13,15.511733055114746,15.653202791658046,15.195507425501658,15.603272763244817,7020900
2022-07-14,15.178863525390625,15.262081297422588,14.987463760789996,15.11228962521445,5560200
2022-07-15,15.969429969787598,16.036003869926102,15.345299060771504,15.470124925125326,7459300
2022-07-18,16.194116592407227,16.551951916374097,16.085934595212315,16.235726273826078,4830400
2022-07-19,16.676776885986328,16.784958867045535,16.435445531493524,16.502019424586916,5010200
2022-07-20,16.868179321289062,16.884823194029394,16.51034399360726,16.585239833691688,5198400
2022-07-21,16.95139503479004,17.01796893040238,16.63516784019627,16.793281437493157,12503700
2022-07-22,17.184404373168945,17.633779398143584,16.668457034028076,17.417413821738798,12949000
2022-07-25,17.716997146606445,17.74196136757164,17.275944058339572,17.43405766918951,8174200
2022-07-26,17.159440994262695,17.675388358723524,17.126153248298984,17.575528295326563,8296800
2022-07-27,17.617137908935547,17.733641855355707,17.084546625589415,17.284268356844212,7714400
2022-07-28,17.40909767150879,17.667071426815898,17.24266206903789,17.58385362558045,6710800
2022-07-29,17.625457763671875,17.692031666224345,17.46734414989212,17.483988022341997,7986800
2022-08-01,17.575529098510742,17.675389166471206,17.317553817244026,17.475667443303116,8626100
2022-08-02,17.334199905395508,17.64210525997674,17.267625989168128,17.53392165407765,7598200
2022-08-03,17.600492477416992,17.716998000777224,17.425736573247274,17.525596636416516,7180700
2022-08-04,17.492311477661133,17.59217154653852,17.37580594764128,17.500633414608778,7372100
2022-08-05,17.76693344116211,17.916725168764263,17.434063817183752,17.47567192496321,6557200
2022-08-08,17.692031860351562,17.974971346115893,17.633779893384858,17.883431633884182,5571900
2022-08-09,17.85846519470215,17.866787130724717,17.617135399035714,17.741961264880214,5191900
2022-08-10,18.490915298461914,18.67399468924906,18.15804584327633,18.183011647632785,7268100
2022-08-11,18.840436935424805,18.86540275079592,18.665680989569392,18.70728909460712,6720500
2022-08-12,19.106725692749023,19.11504762819018,18.823787823984222,18.956935616548915,4816200
2022-08-15,19.06511878967285,19.156658497977386,18.848753216473852,18.89036289627,4111500
2022-08-16,19.281484603881836,19.44792015065282,18.99854512671937,19.015188998845872,5159400
2022-08-17,19.006868362426758,19.098408078134767,18.832110867643028,18.99022448916219,6065400
2022-08-18,19.106725692749023,19.13169149907249,18.94861368110776,19.015187577390105,4496300
2022-08-19,18.807146072387695,19.023511656498226,18.70728442308781,18.95693775271399,4620600
2022-08-22,18.399375915527344,18.55748790375659,18.307836226476034,18.499235951540903,6650000
2022-08-23,18.349449157714844,18.62406671016884,18.349449157714844,18.440988870948534,5793300
2022-08-24,18.407705307006836,18.490921508314866,18.191339691661902,18.316165580871246,4819800
2022-08-25,18.74057388305664,18.757217757337106,18.407704333683398,18.482598593451065,4013600
2022-08-26,18.282875061035156,18.94029374506353,18.266232775642926,18.815467874762984,7138000
2022-08-29,18.091474533081055,18.257910078040116,17.925040575368985,18.108118405026357,4728100
2022-08-30,18.049867630004883,18.241267408248724,17.916719820161592,18.191337376369265,5574300
2022-08-31,18.033226013183594,18.24959162806122,17.958330162370288,18.1081218639969,8117300
2022-09-01,17.95763397216797,18.03322751103856,17.588067339948644,18.03322751103856,6340400
2022-09-02,17.873634338378906,18.385988352126752,17.78964137811505,18.218004033631505,6356700
2022-09-06,17.64685821533203,18.05842206075173,17.48727171134223,17.9912279962349,7301500
2022-09-07,18.100418090820312,18.16761215660121,17.52926933269914,17.588063940003313,5726000
2022-09-08,18.65477180480957,18.6715707238079,17.89043861274958,18.008029443704796,6591400
2022-09-09,18.65477180480957,18.92354970268357,18.637974487844332,18.78076209526395,9929800
2022-09-12,18.8647518157959,19.015938869327712,18.654770153009036,18.73876313853037,8489100
2022-09-13,18.20960807800293,18.621171900178833,18.117215643747986,18.461585405201962,9638900
2022-09-14,18.587575912475586,18.64637212321786,18.050023373381123,18.260005034219017,11095200
2022-09-15,18.84795379638672,19.150326290124422,18.637972141442226,18.67996783161797,7467800
2022-09-16,18.419588088989258,18.67156539390348,18.201207010448368,18.621170253327165,13704100
2022-09-19,18.67996597290039,18.747160031715286,18.16761027316637,18.234804331981266,5279200
2022-09-20,18.637977600097656,18.77236577045885,18.46159212522774,18.545585132211826,6310200
2022-09-21,18.36919593811035,18.89834900536613,18.36919593811035,18.747161956997935,8155000
2022-09-22,17.898836135864258,18.528781111853235,17.865239903535297,18.495184879524274,6240600
2022-09-23,17.53766632080078,17.764446882345062,17.294088445167635,17.672056047741435,6831000
2022-09-26,17.37807846069336,17.68045088916356,17.20169307555591,17.3948757719182,8071300
2022-09-27,17.14289665222168,17.67205114914629,16.88251993264184,17.487266327094737,8328300
2022-09-28,17.184900283813477,17.688856646823893,16.97491859939523,17.28569219722881,19665700
2022-09-29,16.689342498779297,17.08410743000548,16.496158160318682,16.916121466657003,10098000
2022-09-30,16.857324600219727,17.25209108055681,16.731335945614713,16.815328916028943,10594500
2022-10-03,17.235292434692383,17.344482176509825,16.68094106416421,17.058907033870135,9218900
2022-10-04,17.97442626953125,17.991225183542383,17.51246734845337,17.51246734845337,7203400
2022-10-05,17.781246185302734,17.898835396647073,17.638458599227672,17.69725320489984,6821700
2022-10-06,17.47887420654297,17.781248331679866,17.462076890061066,17.663659106141317,6031100
2022-10-07,17.176498413085938,17.411676819385786,17.008512463986552,17.369681133127308,10460800
2022-10-10,17.01691436767578,17.369683629865758,16.890925688757857,17.260492266646043,7426000
2022-10-11,16.70614242553711,17.025315485396188,16.62215103276347,16.941322490589425,7644300
2022-10-12,16.462560653686523,16.79013149460641,16.454161195966428,16.65574337515042,8707800
2022-10-13,17.53766632080078,17.588063069165834,16.084593718964292,16.227381301932972,9981800
2022-10-14,17.36968231201172,18.066821324633487,17.34448393732677,17.638458567186447,9318000
2022-10-17,17.848440170288086,17.991227755731703,17.596462832226567,17.831641253875226,9467200
2022-10-18,18.192811965942383,18.486786627666476,17.87364052883507,18.24320711874185,11347900
2022-10-19,17.55446434020996,18.18440924429907,17.478870823556647,18.00802544012983,9927000
2022-10-20,16.580150604248047,17.722451273090503,16.47096085303591,17.512469626731686,16959600
2022-10-21,16.395368576049805,17.378082819645847,16.042599319322175,16.672544306190588,24905200
2022-10-24,17.26049041748047,17.38648068493367,16.44576221919793,16.538154654788197,16159100
2022-10-25,17.83164405822754,17.87364135586453,17.01691570846704,17.100908701707926,11146400
2022-10-26,17.88204002380371,18.075222778282924,17.789647575125382,17.89883734008184,8611600
2022-10-27,18.100418090820312,18.26000459781228,18.00802725164214,18.050022941992864,8884700
2022-10-28,18.352394104003906,18.385990330505006,18.100415196098776,18.234803306168455,6064100
2022-10-31,18.436391830444336,18.59597675105935,18.27680530779627,18.327200461567692,7019200
2022-11-01,18.730365753173828,18.755564132229505,18.478388370749585,18.587578142591255,6303300
2022-11-02,18.352394104003906,18.906745458549498,18.335595189737035,18.73875951994608,7641200
2022-11-03,18.46998405456543,18.63797000003344,17.87363699201613,18.184408908489434,7648600
2022-11-04,18.8647518157959,19.099931854849046,18.545580393254365,18.713566364297037,7605500
2022-11-07,19.167125701904297,19.1839246192215,18.847954283042117,19.08313271735122,5121600
2022-11-08,19.175525665283203,19.276317569806434,18.990742376029083,19.209123500801937,7146600
2022-11-09,18.8647518157959,19.057936163104856,18.797557747785422,18.948744801317233,5708200
2022-11-10,19.553491592407227,19.654281886071292,19.242718049205223,19.47789807114276,8716600
2022-11-11,19.662683486938477,19.872665157326143,19.52829534605301,19.738277016440676,7080100
2022-11-14,19.24271583557129,19.721473680482568,19.234316378393395,19.603884484057385,4889500
2022-11-15,19.427499771118164,19.738273289506918,19.234317055325732,19.545090573714486,5785900
2022-11-16,19.057933807373047,19.43589979244964,18.99913920538554,19.377105190462128,6116300
2022-11-17,18.772357940673828,18.948741739942257,18.595972539372706,18.805954168234756,6360200
2022-11-18,18.889949798583984,19.209122816510085,18.66316922301011,19.125129832738327,5677300
2022-11-21,18.906747817993164,19.015937570288735,18.713565085914084,18.772359691152687,5621300
2022-11-22,19.03273582458496,19.20912123619792,18.95714230561266,19.074731511999445,3725900
2022-11-23,19.09992790222168,19.150323042292296,18.982338708046033,19.041133305133854,2784800
2022-11-25,19.209125518798828,19.30151637211544,19.15032930046426,19.192326599274665,1377500
2022-11-28,18.93194580078125,19.183923132884793,18.839553364727976,19.032736092809547,5422700
2022-11-29,19.24271583557129,19.25951474992707,18.881547187085193,18.96554015683146,4434900
2022-11-30,19.49469566345215,19.519894038243987,18.604373913900986,19.158725343058585,9060300
2022-12-01,19.30991554260254,19.687883216068283,19.108333317431846,19.629088600647638,8117800
2022-12-02,19.452701568603516,19.620687543585674,19.108331761719775,19.12513067962459,8925500
2022-12-05,18.46158790588379,19.343511874605415,18.276804614377188,19.3183134976592,10018900
2022-12-06,18.142414093017578,18.56237737479098,17.890435162733866,18.478384398029743,10502800
2022-12-07,18.303495407104492,18.56630567857182,17.9982953389454,18.03220717629881,10545800
2022-12-08,18.701950073242188,18.74433987056694,18.252629540637813,18.44761775731539,7741400
2022-12-09,18.66803550720215,18.846067763510906,18.506957548871572,18.61716776225246,5093100
2022-12-12,18.98171615600586,19.09192801139706,18.464573567726625,18.71890588215868,6884000
2022-12-13,18.35435676574707,19.456466937607914,18.193278814281836,19.371688983310158,11632400
2022-12-14,17.90503692626953,18.464569178621232,17.862647139270138,18.371313264227602,9303900
2022-12-15,17.65070343017578,17.786347517444742,17.464193214432225,17.718525473810264,8255900
2022-12-16,17.447235107421875,17.760913030452986,17.277679211134,17.489623272991413,15597100
2022-12-19,17.46419334411621,17.710047647739948,17.35398151176361,17.430281513544614,6993900
2022-12-20,17.55744743347168,17.727003350284658,17.430281304364478,17.565925391012836,5876300
2022-12-21,17.837215423583984,17.947425639105777,17.760915421682327,17.77786971998985,5169200
2022-12-22,17.87112808227539,17.888083999907856,17.44723984349561,17.727006016410055,5778100
2022-12-23,17.98981475830078,18.07459272232586,17.845692704559696,17.85417066266272,4005300
2022-12-27,18.176326751708984,18.184804709881575,17.89656060003412,18.049160613130443,3646300
2022-12-28,18.015249252319336,18.26110519474879,17.930471285377966,18.17632722780742,4215900
2022-12-29,18.32892608642578,18.36283630085591,18.023726071529023,18.032204029387838,3697900
2022-12-30,18.278059005737305,18.396748803083288,18.150892867228563,18.218714915566903,3324200
2023-01-03,18.201759338378906,18.60869325299641,18.074593197500718,18.4560932371405,7741300
2023-01-04,18.57478141784668,18.710425517037297,18.328927094440644,18.481525493276177,7857300
2023-01-05,18.371315002441406,18.51543705786547,18.150892940204294,18.422181134648373,5704400
2023-01-06,18.98171615600586,19.049538214321437,18.295017613434972,18.490005828966577,5829400
2023-01-09,18.727380752563477,18.964758726016107,18.71042483653004,18.89693667888752,6034100
2023-01-10,18.676515579223633,18.81215968043681,18.523915561107504,18.574781694811133,5741000
2023-01-11,18.76129150390625,18.854547427750656,18.574781273222634,18.735859246134282,6590500
2023-01-12,18.956279754638672,19.066489968954098,18.761289964688196,18.896935668699204,5318800
2023-01-13,19.015625,19.05801317339695,18.337402906612624,18.651080887567623,9809000
2023-01-17,19.015625,19.08344704763822,18.76976906668322,18.964758868522626,6397000
2023-01-18,18.49848175048828,19.1173581665648,18.48152583352599,18.88845975559481,8585400
2023-01-19,18.38827133178711,18.43913746513637,17.896561064063683,18.21023743955687,12621000
2023-01-20,19.23604393005371,19.685364316191507,18.430655830478383,19.295388009958334,14212500
2023-01-23,19.464942932128906,19.532766587966872,19.159744565882832,19.35473272540212,10372500
2023-01-24,19.354732513427734,19.60058841213287,19.16822231293086,19.490376589608175,7757900
2023-01-25,19.414077758789062,19.43951163097488,19.159745504951033,19.29538958926532,6279600
2023-01-26,19.668415069580078,19.71080324696497,19.45647094864497,19.54124730341476,5572300
2023-01-27,19.83796501159668,19.922742964634416,19.651454808517634,19.71079889054256,5107300
2023-01-30,19.668415069580078,19.812537136496164,19.626025275189864,19.70232528808693,5910800
2023-01-31,19.956655502319336,19.965131842620067,19.50733346714472,19.727755506079152,7184100
2023-02-01,20.160125732421875,20.43141395343592,19.676891769609586,19.778625660992528,8606400
2023-02-02,20.304244995117188,20.626399308785654,20.05838906818181,20.270333163675705,6070600
2023-02-03,20.34663200378418,20.51618791728439,20.168599749913483,20.21098791978602,6160700
2023-02-06,20.083824157714844,20.253378474172358,20.00752414935714,20.219468257682944,6406100
2023-02-07,20.236421585083008,20.38054362498366,19.93969954799284,19.982087717432147,6651400
2023-02-08,20.219465255737305,20.321197507106774,19.92274322473389,20.007521178878434,14767000
2023-02-09,19.94818115234375,20.363591433416104,19.914269316988303,20.278813462032797,6677700
2023-02-10,20.066871643066406,20.075349602877402,19.79558339713652,19.837971579186007,5951900
2023-02-13,20.261857986450195,20.270335945474038,19.931225669547054,20.016003642780134,6449700
2023-02-14,20.219465255737305,20.363587292681537,19.982087307533575,20.24489751007718,5391900
2023-02-15,20.261857986450195,20.27881390449788,19.96513588863708,20.04991386187016,5275400
2023-02-16,20.05838966369629,20.22794559192741,19.880357394358267,20.041433747472144,6166100
2023-02-17,20.227947235107422,20.25337949450441,19.888835351098052,20.007525157303455,5687800
2023-02-21,19.659934997558594,20.016001147138102,19.49885703019985,19.956657058375708,7654400
2023-02-22,19.532764434814453,19.753184823970457,19.38016446001047,19.52428647876926,7211100
2023-02-23,19.507333755493164,19.753188052973933,19.227567628288128,19.541243968212388,6991100
2023-02-24,19.642976760864258,19.676886971719885,19.28691065335293,19.3292988211737,6375800
2023-02-27,19.72775650024414,19.94817855028657,19.66841241311831,19.837966716762807,6826700
2023-02-28,19.770143508911133,19.948177376820745,19.71079942527626,19.863399421483074,8711300
2023-03-01,19.804058074951172,19.85492420838194,19.558202132192868,19.659936016059635,6898600
2023-03-02,19.405601501464844,19.6599353945894,19.219091273444313,19.600591304628555,9871400
2023-03-03,19.795578002929688,19.837966173428583,19.414078000419405,19.49885595842225,7674600
2023-03-06,19.761667251586914,19.99056726558724,19.685367246920137,19.83796725625369,7120300
2023-03-07,18.990190505981445,19.7023227914437,18.981712548177715,19.626022788215234,9243500
2023-03-08,18.44761085510254,19.032576903274403,18.3458769965925,18.998665078102782,14364400
2023-03-09,17.67753791809082,18.310711882753672,17.5149657172163,18.285043704513907,14824900
2023-03-10,17.352392196655273,18.036904033365463,16.839007503120158,17.4037301764073,23657200
2023-03-13,16.12882423400879,17.20693149210856,11.927628567858319,12.158651901452153,41541700
2023-03-14,16.22294807434082,17.232604435255432,15.538436117113239,17.010137641155158,27123800
2023-03-15,15.102057456970215,15.966254727100054,14.871034085033465,15.623998786455825,31085300
2023-03-16,15.92347526550293,16.351295650867282,14.614344298766115,14.871035877182626,31920300
2023-03-17,15.30741024017334,15.8036817367825,15.007937327395808,15.589771580795707,40250900
2023-03-20,15.469986915588379,16.214395193037795,15.375865897334714,15.683897133797291,21455400
2023-03-21,16.240062713623047,16.4026349298052,16.01759589990152,16.05182231678424,21495400
2023-03-22,15.247517585754395,16.145941333712777,15.221849408273274,16.145941333712777,19665600
2023-03-23,14.999382972717285,15.649670140192168,14.88814876101482,15.324525740452117,26435400
2023-03-24,15.29885482788086,15.392975826076404,14.648569339272868,14.74268870546331,11571000
2023-03-27,15.624000549316406,16.043264327911874,15.333082558943186,15.846467343837414,20207200
2023-03-28,15.666778564453125,15.735229745579984,15.333079260460302,15.606883984967736,8968700
2023-03-29,15.966256141662598,15.974812744937426,15.649669980519997,15.932031360568491,14269700
2023-03-30,15.683893203735352,16.214391130043953,15.572660636221714,16.19727792519415,15355000
2023-03-31,15.880691528320312,15.914917940961423,15.615443358372422,15.872134925160035,12739500
2023-04-03,15.897807121276855,15.991928138164518,15.632558911508951,15.94058851149556,14968000
2023-04-04,15.666778564453125,15.99192289880937,15.375860636662754,15.983366297167901,11644200
2023-04-05,15.649670600891113,15.760903183862853,15.367307577644217,15.512766575072042,9358500
2023-04-06,15.709562301635742,15.906359252506874,15.589771505101385,15.658222689404605,6509300
2023-04-10,15.75234603881836,15.923474841206309,15.606887046390167,15.658225034304467,7980100
2023-04-11,15.829353332519531,15.98336892336217,15.683894344724282,15.78657194928776,5228400
2023-04-12,15.683893203735352,15.940584748462232,15.658223396460647,15.855021988223298,6426100
2023-04-13,15.735234260559082,15.786573885138996,15.444316249294342,15.69245287208118,9528000
2023-04-14,15.837909698486328,16.017593463776247,15.683894109949179,16.017593463776247,15091600
2023-04-17,16.20583724975586,16.231505429337073,15.589774827721667,15.752347037092392,10018200
2023-04-18,16.00048065185547,16.25717219155165,15.966254242826642,16.17160780098459,7978800
2023-04-19,16.445415496826172,16.590874497295726,16.000483523629857,16.222948694225366,11377500
2023-04-20,16.16305160522461,16.394074975964365,16.086043814978026,16.197278015114225,9404900
2023-04-21,15.709562301635742,15.983367038848616,14.7426874873472,15.726673873707822,16786400
2023-04-24,15.658225059509277,15.769459270842058,15.333082292855051,15.469984682183695,10149700
2023-04-25,15.238962173461914,15.572663194840633,15.119172983841777,15.384421174574353,14267800
2023-04-26,15.16195011138916,15.469981234737254,15.007936181719964,15.204733118523535,8273100
2023-04-27,15.401531219482422,15.521320384503472,15.179064461582636,15.221847471950849,7509900
2023-04-28,15.624000549316406,15.73523313057429,15.17051035679221,15.281744570055336,8922300
2023-05-01,15.264628410339355,15.63255412887634,15.025048455197732,15.606884323395297,11478200
2023-05-02,14.246419906616211,15.20473838211477,14.118074104791912,15.20473838211477,11862500
2023-05-03,13.955499649047852,14.640013202426752,13.887048456910478,14.357651830859437,13947600
2023-05-04,13.47634220123291,13.904162588573637,13.099860619414228,13.510567799580063,24716400
2023-05-05,14.152297973632812,14.160852944475725,13.733032594104795,14.083845150848548,14479600
2023-05-08,14.032508850097656,14.50311227119562,13.904163055981963,14.460329251820179,9316300
2023-05-09,13.946944236755371,14.083846632718211,13.67313944482969,13.792930265301145,8860600
2023-05-10,13.76725959777832,14.186523363338367,13.579018407036068,14.143741979262824,8453300
2023-05-11,13.279546737670898,13.698810569506463,13.279546737670898,13.613246155824513,11903600
2023-05-12,13.467782020568848,13.48489522319843,13.159751717258091,13.373661854113386,11187100
2023-05-15,13.827153205871582,13.895604394732132,13.416446072708286,13.46778405635243,7643700
2023-05-16,13.58757495880127,13.929831742127787,13.58757495880127,13.792929355198217,9544300
2023-05-17,14.426102638244629,14.460327417397947,13.724477529547983,13.724477529547983,10619600
2023-05-18,14.537336349487305,14.588674338242122,14.254974963327948,14.340539365922803,7355400
2023-05-19,14.426102638244629,14.640012811969466,14.143741274208049,14.597229798021433,8695700
2023-05-22,14.982268333435059,14.990824935979031,14.426102224117258,14.554447998266742,9175800
2023-05-23,15.11917495727539,15.427206207367654,14.939489517386397,14.999385752019743,9397500
2023-05-24,14.913817405700684,15.14484078240982,14.811139805383814,14.990825197937063,6201200
2023-05-25,14.87103271484375,15.050718087129251,14.725573749471645,14.836807939935264,7356400
2023-05-26,15.213294982910156,15.281746186000639,14.794031159980264,14.922376961774244,7317000
2023-05-30,15.30741024017334,15.461425813604626,15.007937327395808,15.384418026888982,9936600
2023-05-31,14.776917457580566,15.213294474707176,14.64001505597285,15.15339824599911,10726700
2023-06-01,15.027959823608398,15.123181945224648,14.612438956902018,15.036616680323801,7460800
2023-06-02,15.633925437927246,15.711835499752807,15.201092494952642,15.330942047619695,9686600
2023-06-05,15.40885066986084,15.685865114430667,15.166465301161164,15.685865114430667,7093000
2023-06-06,15.850339889526367,16.023473705103555,15.348253805704235,15.426163857601328,12295400
2023-06-07,16.170639038085938,16.24854910002893,15.711835523435697,15.945565709264686,15245000
2023-06-08,16.066755294799805,16.153322196992285,15.81571309468057,16.058098439467923,6480400
2023-06-09,15.988848686218262,16.161982527834326,15.858999130569554,16.014819257798678,7075200
2023-06-12,15.781084060668945,16.274513206277863,15.581981361761164,15.841680390673387,9517100
2023-06-13,15.971536636352539,16.08407247770868,15.642582667231476,15.711835873710644,13346700
2023-06-14,15.590641021728516,16.21391979395193,15.426164059886027,16.10138396813957,8320800
2023-06-15,15.858997344970703,15.97153482468831,15.504074495633319,15.564670838038262,7753600
2023-06-16,15.685864448547363,15.997503002378453,15.5733269740343,15.919592951139077,17528500
2023-06-20,15.469449043273926,15.61661229979757,15.330940992022379,15.61661229979757,7007100
2023-06-21,15.313630104064941,15.495419148989798,15.227063184570252,15.460793371867917,5499200
2023-06-22,14.846165657043457,15.304969048723082,14.837508802355968,15.278998484660619,7546200
2023-06-23,14.673036575317383,14.733632919635111,14.517216460713772,14.716319206651033,11736600
2023-06-26,14.993330001831055,15.04526948270048,14.80288413789228,14.828853052763828,8858800
2023-06-27,15.166464805603027,15.209747433991874,14.854824597598746,14.95004836140593,3835400
2023-06-28,15.036616325378418,15.166465870791129,14.924078841861265,15.157809014280074,5953300
2023-06-29,15.313630104064941,15.443479657743646,15.201092613383848,15.235720041632385,6982500
2023-06-30,15.426166534423828,15.512733457233931,15.227063767749296,15.417509677030147,7588500
2023-07-03,15.833026885986328,15.893623222491799,15.40884922819535,15.44347664969924,4241300
2023-07-05,15.694520950317383,15.94556483641995,15.590641974164052,15.720491519918992,7620100
2023-07-06,15.443475723266602,15.581982098720685,15.209745595515495,15.573325243864026,7491600
2023-07-07,15.867653846740723,16.02347395294504,15.46944837633099,15.46944837633099,8389200
2023-07-10,15.980193138122559,16.040791143441048,15.694523431842661,15.73780772135587,5901200
2023-07-11,16.196609497070312,16.21392321273103,15.919596651006048,16.101387363189975,5445400
2023-07-12,16.35242462158203,16.681378513760567,16.291828286477116,16.447648377390497,6345200
2023-07-13,16.655410766601562,16.68138133652387,16.37839795860324,16.430337447321282,6131700
2023-07-14,16.404367446899414,16.86316926072295,16.291829969116172,16.86316926072295,8047700
2023-07-17,16.62078285217285,16.75063238282041,16.352425284224687,16.4043664173848,5433700
2023-07-18,17.001678466796875,17.0969022481853,16.577502355989765,16.620786643496658,5532500
2023-07-19,17.330631256103516,17.42585337982001,16.94108095095132,17.252721195073075,8669600
2023-07-20,17.61629867553711,17.659581303404263,17.183465792359915,17.391225378149798,10674300
2023-07-21,17.0709285736084,17.901968580332756,16.7592900158224,17.850029095889496,12963600
2023-07-24,17.31331443786621,17.512417157631354,17.17480805445339,17.27003181222208,7794300
2023-07-25,17.261377334594727,17.56436070921812,17.20078098989536,17.44316636869283,6688700
2023-07-26,17.512418746948242,17.668238855210504,17.365255494825714,17.503761890808505,7745000
2023-07-27,17.278690338134766,17.711523282289964,17.244064561188207,17.624958014360242,5404100
2023-07-28,17.529735565185547,17.555706138206276,17.287348503705736,17.495108134491243,4619000
2023-07-31,17.63361358642578,17.69420993001162,17.486450330091664,17.573015591713414,5374100
2023-08-01,17.61629867553711,17.624955531335825,17.365254810753658,17.5383886244751,6832400
2023-08-02,17.538389205932617,17.60764240349189,17.30465904499764,17.38256909864263,9114700
2023-08-03,17.74614906311035,17.754805919325097,17.33062987156154,17.460479412529732,7033300
2023-08-04,17.841371536254883,18.049131116959828,17.650924015597234,17.68555143794458,7428900
2023-08-07,18.16166877746582,18.196296203321594,17.867342262197894,17.95390917571079,7619800
2023-08-08,18.09241485595703,18.135699136552013,17.39122602158308,17.607642471178565,8611500
2023-08-09,17.841371536254883,18.057787972546663,17.772118342686568,17.997191634565183,6060500
2023-08-10,17.910621643066406,18.083753771586025,17.832711607338446,17.988531678794367,5667500
2023-08-11,17.85003089904785,18.02316308172351,17.728836554935626,17.832717185442306,4138200
2023-08-14,17.564355850219727,17.71151741742085,17.49510101700588,17.71151741742085,4501500
2023-08-15,17.088241577148438,17.391224917573776,17.079584721578986,17.313314868575077,5476900
2023-08-16,16.871828079223633,17.06227398153527,16.81123173081205,16.984365570096564,6008500
2023-08-17,16.967050552368164,17.079586383468335,16.897797352200396,16.984364265191736,6373100
2023-08-18,16.91510772705078,17.10555357714853,16.724660225826824,16.837197685845744,5633300
2023-08-21,16.785263061523438,17.01899327570356,16.69869778319911,16.984367494599198,6299800
2023-08-22,15.945564270019531,16.828543791591407,15.910936845114048,16.741976880454196,9386900
2023-08-23,16.27451515197754,16.283172007459736,15.737803321092052,15.89362341751892,8154900
2023-08-24,16.248546600341797,16.542873088818926,16.170636550384533,16.274515516243287,5525800
2023-08-25,16.04944610595703,16.361084698014544,15.98019125091467,16.274517780338215,4916000
2023-08-28,16.248546600341797,16.387052988904397,16.118697067455155,16.20526232196199,4098700
2023-08-29,16.33511734008789,16.43033947262084,16.13601291506057,16.29183305154857,6525000
2023-08-30,16.084070205688477,16.38705356040821,16.049444432903435,16.32645721968955,6490900
2023-08-31,16.084070205688477,16.27700828484643,16.048989642532494,16.18930854968979,10171500
2023-09-01,16.277008056640625,16.364707790567703,16.189308322713547,16.268237915974588,7725500
2023-09-05,16.15423011779785,16.49625725461039,16.101610944303623,16.285778887900108,5747900
2023-09-06,15.88236141204834,16.092839765181512,15.706961948070733,16.00514003319271,7013300
2023-09-07,15.601725578308105,16.022682337739656,15.54033458724922,15.838512710029935,9864000
2023-09-08,15.71573543548584,15.803435186151852,15.41755728686157,15.654346111839716,7580100
2023-09-11,15.7595853805542,16.06653368916652,15.7420467675995,15.91744460628246,7318300
2023-09-12,15.95252513885498,16.075303792907764,15.785895770687837,15.829744812068487,6196300
2023-09-13,15.663116455078125,16.127922295922538,15.566646560834808,16.127922295922538,6359900
2023-09-14,15.768351554870605,15.970059771320908,15.636802790782726,15.856051288506956,9729700
2023-09-15,15.750810623168945,15.81220160509256,15.522793666956971,15.610491724238551,15295600
2023-09-18,15.610493659973145,15.742044107674491,15.514025450454497,15.6981934008629,4871300
2023-09-19,15.733272552490234,15.750811160905391,15.54033280532402,15.663113100629777,7735500
2023-09-20,15.61926555633545,15.987603171272552,15.592956802025839,15.891134950914617,8504500
2023-09-21,15.27723503112793,15.742042437619356,15.27723503112793,15.56664297444777,7095700
2023-09-22,14.961517333984375,15.356165307360083,14.943978725071373,15.294775994331266,7457200
2023-09-25,15.1719970703125,15.198307495166041,14.865050477355231,14.935209937564533,7504800
2023-09-26,14.794889450073242,15.180765603985709,14.786119309384327,14.987827527029475,8436700
2023-09-27,14.856279373168945,14.908898546733248,14.575641550514835,14.838739091069721,10992700
2023-09-28,14.943981170654297,15.128149139879836,14.777351813211952,14.794892097728745,7952900
2023-09-29,15.084296226501465,15.36493401574617,15.022905246462662,15.12814525379601,8740000
2023-10-02,14.487942695617676,15.02290795037675,14.435321846113398,14.979058915189988,12951900
2023-10-03,14.365160942077637,14.444090535665973,14.058214381159997,14.373931082780041,12657100
2023-10-04,14.400240898132324,14.48794062872783,14.180992408010171,14.435319786730588,10824300
2023-10-05,14.52302074432373,14.628260764476334,14.233612779820783,14.28623362626377,10817300
2023-10-06,14.487942695617676,14.619491473911433,14.154684006357792,14.338853634155827,11894200
2023-10-09,14.391470909118652,14.566870372153906,14.259922148208837,14.373930628268477,9831900
2023-10-10,14.53178882598877,14.707188277141482,14.479169659736211,14.549329105650669,9235900
2023-10-11,14.461631774902344,14.75103974631672,14.365161893519748,14.514250949868574,5637400
2023-10-12,14.28623104095459,14.514247976677611,14.17222090036001,14.487939230950454,6367100
2023-10-13,14.05821418762207,14.461630617979061,13.988053899335377,14.435320196234063,7569300
2023-10-16,14.505480766296387,14.514249233809528,14.154681847375002,14.224841296612636,7750800
2023-10-17,14.72472858428955,14.891356223189216,14.417780380565903,14.417780380565903,8344000
2023-10-18,14.505480766296387,14.733497721768785,14.45285992481825,14.619489244032586,9921100
2023-10-19,14.452859878540039,14.821197404041499,14.400240709963605,14.628259337439099,11228900
2023-10-20,12.663792610168457,13.111059737410754,12.120056446926826,12.690103031559154,37373000
2023-10-23,12.444544792175293,12.786572761517393,12.435775487602424,12.497164801445875,16855600
2023-10-24,12.42700481414795,12.628713028913904,12.277915770031099,12.47085468059996,19157400
2023-10-25,12.330537796020508,12.549786327813168,12.03235965896381,12.321767654020777,17128200
2023-10-26,12.655023574829102,12.82165206534243,12.28668603120317,12.356845483668428,13223800
2023-10-27,12.286686897277832,12.602404455626072,12.251607168572473,12.532244998215353,10744000
2023-10-30,12.470854759216309,12.576093937544577,12.234065980702718,12.444544337359257,14051400
2023-10-31,12.742722511291504,12.812881963971844,12.523474012573779,12.549784434603893,9568600
2023-11-01,12.751492500305176,12.865501818646393,12.602403456041019,12.716412774382237,9314900
2023-11-02,13.532018661499023,13.54078796649147,12.80411365602306,12.883042419155355,9298700
2023-11-03,13.80388355255127,14.163450911670646,13.760033691017226,13.909122718413046,12918000
2023-11-06,13.575865745544434,13.917893682122852,13.514476437581614,13.821424650128906,8446000
2023-11-07,13.470627784729004,13.57586696628548,13.40046833035802,13.479397925617043,6646800
2023-11-08,13.374159812927246,13.48816914448342,13.277690764548975,13.435549131316442,6332100
2023-11-09,13.172450065612793,13.514477184733694,13.128600199057985,13.444317732792657,6527300
2023-11-10,13.260149955749512,13.295229684348055,13.049671584158258,13.242610509633591,6380400
2023-11-13,13.14614200592041,13.25138120274104,13.032132666939699,13.128602557967035,5927200
2023-11-14,13.961745262145996,14.154683349845898,13.584637555190074,13.602177837544629,8531500
2023-11-15,14.207304954528809,14.295003025511377,13.961746006670563,13.98805559523868,9286000
2023-11-16,14.10206413269043,14.277463610236518,13.917895350360391,14.18099373031283,9392700
2023-11-17,14.391470909118652,14.409011189968828,14.128373387299021,14.242381867358661,6685000
2023-11-20,14.295002937316895,14.365162397310183,14.10206484051872,14.312543220498585,5744900
2023-11-21,13.99682331085205,14.251151519906486,13.979283030602353,14.207302492015437,6156400
2023-11-22,14.066984176635742,14.18099265750244,13.917894297453731,14.137143627799848,3770000
2023-11-24,14.075753211975098,14.154682806809102,13.99682445350776,14.110833775338357,2510400
2023-11-27,14.005594253540039,14.093293150714151,13.847735067713337,13.961744386769663,6079200
2023-11-28,14.031905174255371,14.10206463321731,13.874045973407647,14.014364891331525,9558000
2023-11-29,14.444089889526367,14.566870181134291,14.172222230846728,14.189762511466894,7337000
2023-11-30,14.62825870513916,14.742267177582336,14.479169673339229,14.5493291193196,10424000
2023-12-01,15.408783912658691,15.478943363929423,14.55810035690942,14.575640637910418,11017600
2023-12-04,15.470172882080078,15.531562191495757,15.180764942882432,15.207075363803392,8158000
2023-12-05,14.908896446228027,15.347393400528853,14.891356166600044,15.347393400528853,14188100
2023-12-06,14.996599197387695,15.435096240160824,14.979058914220737,15.093067409339023,9195600
2023-12-07,15.343494415283203,15.370179364152769,14.996598562701484,15.09443998213417,8886500
2023-12-08,15.512493133544922,15.743757562543834,15.316806933945092,15.414650033745007,7372600
2023-12-11,15.539180755615234,15.64591886694692,15.42354935683857,15.45912759625265,6780500
2023-12-12,15.35239028930664,15.565864803019844,15.325705338888257,15.55696981954705,6671000
2023-12-13,16.099552154541016,16.144025375965235,15.281232325905002,15.343495514516768,11750800
2023-12-14,17.43376922607422,17.593875538318187,16.544291221647416,16.686607566632134,21939300
2023-12-15,17.37150764465332,17.55829722852576,17.077979943893194,17.327032722389777,21975400
2023-12-18,17.015710830688477,17.513819657177653,16.971237616004696,17.513819657177653,10048700
2023-12-19,17.220291137695312,17.28255431364678,16.908973561393662,16.99792168270046,8389700
2023-12-20,16.873397827148438,17.415979975057077,16.864502843152998,17.131347273381962,8305500
2023-12-21,17.024606704711914,17.140239783417826,16.837817157402412,17.06018663555819,6791000
2023-12-22,17.140241622924805,17.264768001162093,16.971240326356583,17.113556671926244,4685500
2023-12-26,17.407085418701172,17.451560339770978,17.09576775739161,17.16692593455853,4500100
2023-12-27,17.38039779663086,17.47823920531704,17.26476472744128,17.424871009984184,4563300
2023-12-28,17.38929557800293,17.442665483678713,17.344822353151223,17.407085546561525,3783100
2023-12-29,17.238079071044922,17.415975310214996,17.19360585952454,17.362607117081684,4118300
