Date,Close,High,Low,Open,Volume
2008-01-02,17.473424911499023,17.988996392141825,17.394968567729467,17.81527224173068,10623900
2008-01-03,16.997087478637695,17.56309678582305,16.929838393009913,17.56309678582305,13995100
2008-01-04,16.498329162597656,16.924237237063778,16.46470408145617,16.879404864429876,14328700
2008-01-07,16.649641036987305,16.84017892549461,16.35262691052285,16.62722538069201,12090300
2008-01-08,15.93792724609375,16.76732684473888,15.87067813887655,16.76732684473888,16178000
2008-01-09,16.262954711914062,16.262954711914062,15.612884943247213,15.915503112646292,18578900
2008-01-10,16.795339584350586,17.092354656626007,15.926712152306699,16.15087396681275,16080400
2008-01-11,16.72809410095215,17.109169777611708,16.39185079396501,16.672053371639624,11374800
2008-01-14,16.991479873657227,17.047520588901392,16.481511395822,16.89621097840846,11150300
2008-01-15,17.047523498535156,17.221248783444164,16.55436747176872,16.728092756677725,17304900
2008-01-16,17.39497947692871,17.720014479245354,16.980278651215023,16.997091193518504,17893900
2008-01-17,16.93543815612793,17.641548561084345,16.856981800761996,17.53507238419849,16349000
2008-01-18,16.91862678527832,17.378158701653163,16.55436375904614,17.086747853112346,21111300
2008-01-22,17.198843002319336,17.652771102817276,16.201320948852327,16.251757523228605,24757000
2008-01-23,18.325244903564453,18.437326337089036,16.36382729909862,16.90181561468598,32030200
2008-01-24,18.739952087402344,18.829616848097032,18.129110237114606,18.454146330743185,24373900
2008-01-25,18.470956802368164,19.025758948762846,18.1851510612279,18.891260746135636,19058000
2008-01-28,18.846420288085938,18.90806517862378,18.207558945739866,18.45973947935778,12304200
2008-01-29,19.008941650390625,19.070586558897563,18.59984614767074,18.93048527148215,13628400
2008-01-30,18.824010848999023,19.33397949807488,18.700721020285236,18.96411214970971,24793300
2008-01-31,18.824010848999023,19.27793983290108,18.28602236733627,18.566224968757645,20164000
2008-02-01,19.053775787353516,19.249916741818787,18.795989922120285,19.070587258371663,15381800
2008-02-04,18.510183334350586,18.885655935317683,18.437332196516547,18.885655935317683,14348500
2008-02-05,17.96658706665039,18.308432358916377,17.93856510331531,18.162727983341995,13562200
2008-02-06,17.983400344848633,18.30843420205578,17.89933979082003,18.123501624525616,11011500
2008-02-07,18.28040885925293,18.403698632265666,17.798461329390996,17.848897860371185,12101600
2008-02-08,18.123498916625977,18.375681609920164,17.87692040194808,18.196352169749975,10373800
2008-02-11,17.983400344848633,18.201957999100586,17.815279236791426,18.089876547803826,8570200
2008-02-12,18.325244903564453,18.504574342093573,18.022625674380738,18.12910186045255,11196900
2008-02-13,18.45973777770996,18.49336284338791,18.11789256330575,18.431717958532587,8569500
2008-02-14,18.17953872680664,18.5886341494467,18.168330369474308,18.43172142234519,9348200
2008-02-15,18.31403923034668,18.426120680296737,17.972191769998137,18.095481578720786,9327100
2008-02-19,18.1627254486084,18.5830291866704,17.966584559289604,18.420511228220338,8981500
2008-02-20,18.325244903564453,18.426117979959024,17.93296095511618,18.0170225647035,10733300
2008-02-21,18.056259155273438,18.442938036360342,18.011425705872707,18.42052131165998,7009100
2008-02-22,18.442930221557617,18.49336676187375,17.770443729934357,18.09547968703292,9798700
2008-02-25,18.526988983154297,18.583028624757898,18.033832013496493,18.420510671222043,9779400
2008-02-26,18.633466720581055,18.82400451090403,18.314036033535988,18.470948753410624,8685000
2008-02-27,18.762361526489258,18.924879510196895,18.41491098093641,18.493367348857145,8248800
2008-02-28,18.392498016357422,18.751156993019,18.185148696307976,18.622264056892252,12722700
2008-02-29,17.944175720214844,18.308437837030425,17.8769266223075,18.224378335200505,13082700
2008-03-03,17.90494155883789,18.022626104850602,17.512657601019924,17.944169740842128,9854100
2008-03-04,17.837703704833984,17.932972664871652,17.49585607136556,17.70320653811406,12083600
2008-03-05,17.809677124023438,18.151523559260312,17.55189018368173,17.949777351070114,11777300
2008-03-06,17.4285945892334,17.792857601952537,17.39497059069148,17.74802524760076,10723600
2008-03-07,17.305313110351562,17.731221215344288,17.036318855268206,17.32212565212733,15792700
2008-03-10,17.14278793334961,17.602319832782886,17.03631069090679,17.3557413493476,10585600
2008-03-11,18.409303665161133,18.437325625792866,17.456615792507122,17.658361937513074,18691700
2008-03-12,18.11229705810547,18.83522032567595,18.089880335597165,18.414916398638645,14232700
2008-03-13,18.30843162536621,18.493366314644934,17.579906570020068,17.871316378380968,15209500
2008-03-14,17.691984176635742,18.549403069738553,17.473426587238965,18.47655196512312,17721200
2008-03-17,18.263607025146484,18.414916697871778,16.918634650549617,16.924238831267758,20272300
2008-03-18,18.852033615112305,18.91367853906164,18.157132252609784,18.398106698351803,20290700
2008-03-19,18.454132080078125,19.059368212947206,18.33644757337787,19.059368212947206,21616300
2008-03-20,19.34518814086914,19.395624695371797,18.515788685095877,18.515788685095877,32011600
2008-03-24,19.429250717163086,19.619788604598593,19.311566117276126,19.462875804749316,20716200
2008-03-25,19.507701873779297,19.6085749605943,19.093001168231414,19.36199535381284,12982300
2008-03-26,18.99774169921875,19.446065539370977,18.868846591009333,19.446065539370977,12442100
2008-03-27,18.773569107055664,19.414865369255686,18.7678926927465,19.25028399297381,14431200
2008-03-28,18.535198211669922,19.051641188497104,18.501146241305033,18.858684352928904,9332800
2008-03-31,18.36495018005371,18.64871022074696,18.26279639221076,18.49547953898253,16224200
2008-04-01,19.301361083984375,19.33541307541572,18.682763978280416,18.705465305901313,20288700
2008-04-02,19.04596710205078,19.37512749200207,18.95516401190045,19.284324401851737,12311300
2008-04-03,19.187850952148438,19.227577176828337,18.864364742659635,18.870038989792388,8905400
2008-04-04,18.8416690826416,19.261632773924745,18.78491576968609,19.193530963295657,9316100
2008-04-07,18.8416690826416,19.153804726685564,18.762216609421415,19.017598940509867,8038900
2008-04-08,18.608985900878906,18.835992657814927,18.535207676538874,18.745189522057014,8377300
2008-04-09,18.416027069091797,18.80194089752566,18.325223942690727,18.65438446405061,7398100
2008-04-10,18.699790954589844,18.955175476639337,18.33657837430512,18.381978864381836,10538000
2008-04-11,18.512496948242188,18.898410620424,18.438720926293037,18.438720926293037,9929800
2008-04-14,17.97336196899414,18.614659218510738,17.97336196899414,18.433052956079795,14734400
2008-04-15,18.27982521057129,18.56358531193968,17.68392943068123,18.251449633418005,16567400
2008-04-16,18.784915924072266,18.784915924072266,18.416029128958577,18.64871230169469,12795300
2008-04-17,18.93246841430664,19.011920871562257,18.529529715414824,18.67708396961567,10415100
2008-04-18,19.04596710205078,19.420530119535453,18.91543779526696,19.2162226254681,13703900
2008-04-21,18.881399154663086,19.06867971316508,18.648715936573964,18.977876558908786,7581300
2008-04-22,18.955167770385742,19.080020691025872,18.66573137476123,18.892740227607245,8902000
2008-04-23,18.966510772705078,19.091365822109342,18.80193167520956,18.94948587139222,10189700
2008-04-24,19.562402725219727,19.721307531985023,18.972181778783444,18.972181778783444,18080900
2008-04-25,19.8007755279541,19.840501760928785,19.278658086048395,19.65889550592529,12494500
2008-04-28,19.664573669433594,19.891580425934354,19.630521681745595,19.80645370409064,14664800
2008-04-29,19.44891357421875,19.749698526518074,19.409187341459113,19.72132295524938,9595500
2008-04-30,19.233257293701172,19.573770678342246,19.01192478438912,19.52836802775642,17800000
2008-05-01,19.82347869873047,19.87455559801822,19.17650608436399,19.233257232498143,14358200
2008-05-02,19.636192321777344,20.005081210057305,19.494312313195376,20.005081210057305,12071000
2008-05-05,19.556737899780273,19.692943646906873,19.42620856478061,19.551063652570246,7102000
2008-05-06,19.494306564331055,19.641862942095564,19.119743538729853,19.414854129342388,11301100
2008-05-07,19.125429153442383,19.630521731720517,19.03462601762741,19.56241992108867,11246600
2008-05-08,19.01759910583496,19.221906704415847,18.83599283263363,19.159479142080848,10737300
2008-05-09,19.040300369262695,19.301359115525504,18.728164723520855,18.91544740991648,7825700
2008-05-12,19.4091854095459,19.43188673026818,19.06867209346296,19.125425395268667,9730600
2008-05-13,19.290010452270508,19.522693622363413,19.227582890674295,19.437564735656306,11940800
2008-05-14,19.4659366607666,19.56241619194442,19.29000683642835,19.4659366607666,9333600
2008-05-15,19.522687911987305,19.522687911987305,19.153799064046325,19.505660840675784,10514300
2008-05-16,19.244600296020508,19.59646203833168,19.017591463287488,19.59646203833168,10357700
2008-05-19,19.25596046447754,19.52269564993921,19.102729751441117,19.250284050151517,10669200
2008-05-20,18.89841079711914,19.187847136419865,18.847333923414098,19.131093851794013,9904200
2008-05-21,18.694108963012695,19.057323599852865,18.591955184669693,18.966518316954996,13418700
2008-05-22,18.864362716674805,18.966514308511666,18.682754354177856,18.750858301957955,10709400
2008-05-23,18.546552658081055,18.813287734817035,18.535201998973477,18.813287734817035,9185300
2008-05-27,18.68275260925293,18.830308984078414,18.438721063041136,18.591949518943572,8647400
2008-05-28,18.665735244750977,18.80194101768167,18.336574721287555,18.733837048757668,11525300
2008-05-29,18.887069702148438,18.960847927055514,18.586284718560613,18.66573719234475,8411100
2008-05-30,18.835988998413086,18.94949343728854,18.69978540369622,18.904092960688622,9421100
2008-06-02,18.597633361816406,18.779239615008386,18.399000034007027,18.72816272099081,8078300
2008-06-03,18.637359619140625,18.80194096285104,18.410350719890584,18.637359619140625,10853200
2008-06-04,18.637359619140625,18.784913888211037,18.438728455984823,18.53520583096984,11175500
2008-06-05,19.023273468017578,19.03462412948321,18.626008976389745,18.67708587052643,11253900
2008-06-06,18.20036506652832,18.881389456096223,18.160638842254237,18.881389456096223,15808000
2008-06-09,17.56474494934082,18.30252053804609,17.388812964798763,18.240092989824163,16334800
2008-06-10,17.72364616394043,17.950653906766483,17.354758446540806,17.405835323983958,14708100
2008-06-11,17.33774185180664,17.83148490706621,17.16181089112148,17.723655764890648,14831900
2008-06-12,17.66122055053711,18.04713319045248,17.400160822036735,17.400160822036735,14263900
2008-06-13,17.49663543701172,17.99037814060013,17.036944700883286,17.865523091496467,22997300
2008-06-16,17.80878257751465,17.905261050358742,17.212886828009765,17.417194436964046,14866500
2008-06-17,17.405839920043945,18.052812428547647,17.37178902024338,17.93363373801637,12998300
2008-06-18,17.031272888183594,17.33205883474607,16.85534201649454,17.19585310170991,22560000
2008-06-19,16.980194091796875,17.116398726996795,16.599955745941926,17.025595636863514,23944700
2008-06-20,16.83832550048828,17.184513191967355,16.344582417271553,16.344582417271553,26328100
2008-06-23,16.401330947875977,16.94047548487847,16.316203147943664,16.883723257437357,16420400
2008-06-24,16.985883712768555,17.09371287895498,16.25945729800288,16.350260464541197,18320900
2008-06-25,16.99155044555664,17.621496959255673,16.90074732497915,17.082353566134135,23673700
2008-06-26,16.49357795715332,17.20743600825646,16.487820904558276,16.91383291418214,23627900
2008-06-27,16.29784393310547,16.643259431567817,16.20573327992159,16.545391725304246,18402400
2008-06-30,16.056047439575195,16.545385795516516,15.99272207448529,16.35540750415638,19148200
2008-07-01,16.349655151367188,16.39571047468755,15.72215068484875,15.900616023505,21784900
2008-07-02,16.176952362060547,16.73537344641451,16.165438253588302,16.412986095512437,17709000
2008-07-03,15.929405212402344,16.556909876814274,15.883349874557702,16.286334904232728,13355000
2008-07-07,15.491866111755371,16.234509054182343,15.221291363468817,16.0387737560874,25896000
2008-07-08,16.142404556274414,16.23451519042344,15.180998851554273,15.537927284370399,29563000
2008-07-09,15.250082015991211,16.30935545800141,15.186755540182805,16.199973662890184,20833900
2008-07-10,15.09464168548584,15.54368177654908,14.921934549408926,15.221294610117754,26406100
2008-07-11,14.81831169128418,15.65306551602764,14.392299750436694,14.852852903232536,32563500
2008-07-14,13.430891990661621,15.486111899134826,13.327267272915886,15.319161819024044,45037800
2008-07-15,13.068209648132324,13.81660885523964,11.841984997324374,12.00893621472032,69524900
2008-07-16,15.394014358520508,15.434312650085191,13.206383718341527,13.413632231823625,48880500
2008-07-17,15.85456371307373,17.149871162911293,15.175246741471602,15.773966058412741,46411800
2008-07-18,16.343900680541992,16.6317467712767,15.48611946191805,15.883347374584739,33720200
2008-07-21,15.68761157989502,16.6144763218616,15.630042143478933,16.60871926841542,27529300
2008-07-22,17.48951530456543,17.59313999775712,15.238560595505556,15.560948773889685,42056800
2008-07-23,17.61617660522461,18.06521569269711,16.959886934383732,17.213191738884515,40466000
2008-07-24,16.712339401245117,17.725557467921682,16.695068245694618,17.656473943765054,28903700
2008-07-25,16.63749885559082,17.12108023143334,16.25178516528894,16.72385243741012,18606800
2008-07-28,16.03302001953125,17.12107738527898,15.958179455829182,16.631739038921868,20367300
2008-07-29,17.28227424621582,17.299544303609384,15.877585447165812,16.142404340335776,25167500
2008-07-30,17.86372947692871,17.921297818864765,17.293794327004996,17.506799827478176,25479100
2008-07-31,17.621932983398438,17.990375522729416,17.4780099792166,17.70828656629846,21464000
2008-08-01,17.731307983398438,17.82917563874377,17.103803798780422,17.754336183736175,17148300
2008-08-04,17.541337966918945,17.834941070943348,17.167138319923524,17.512553801013738,12926600
2008-08-05,18.381847381591797,18.422145649512835,17.512552251989955,17.71980174192152,17993800
2008-08-06,18.31852149963379,18.445174457837663,17.932807768645183,18.134300212841406,16664600
2008-08-07,17.518306732177734,18.35305942553299,17.224703697230897,18.220650536648716,21632600
2008-08-08,18.11126708984375,18.272461221081958,17.362868040759945,17.460735710075074,15631800
2008-08-11,18.410629272460938,18.67544705642346,17.904020812771833,18.13429738535779,16839000
2008-08-12,17.55284881591797,18.278220862215424,17.368627552993917,18.111269656412162,18412100
2008-08-13,17.293787002563477,17.63920130006937,16.82747572444903,17.40316768435255,20695200
2008-08-14,17.64496421813965,17.66799243125408,17.04048789847907,17.16138272319293,12908800
2008-08-15,18.18035888671875,18.255198386510354,17.702534424230457,17.73707564736153,16802000
2008-08-18,17.656478881835938,18.255198167110116,17.443472295988695,18.22065694439418,16485800
2008-08-19,16.936851501464844,17.489515060033526,16.729602117979145,17.42618971355892,17400000
2008-08-20,17.518306732177734,17.558604994182055,16.654768781644194,16.971398924288376,22799800
2008-08-21,17.36287498474121,17.541339242026545,17.075028912582976,17.149869506249665,13408200
2008-08-22,18.09975814819336,18.134299363337472,17.59314853520103,17.59314853520103,18157400
2008-08-25,17.403167724609375,18.03067205019937,17.33984235554429,18.03067205019937,13449200
2008-08-26,17.541337966918945,17.811913957828292,17.063513565791908,17.42044315246242,13022600
2008-08-27,17.88098907470703,17.915531377306245,17.362866614214834,17.49527548004321,10483900
2008-08-28,18.491230010986328,18.491230010986328,18.00189259452838,18.105517350310954,20618900
2008-08-29,18.341550827026367,18.47971570249333,18.197627800695138,18.324279668570224,14255400
2008-09-02,18.635149002075195,18.836642515155695,18.33003295175038,18.669691311883735,22808800
2008-09-03,18.969057083129883,18.997841251869,18.36457965719757,18.491231536913595,21928100
2008-09-04,18.220657348632812,18.997842014280707,18.174602017974568,18.76756426294378,22731200
2008-09-05,18.848155975341797,18.922994349904233,17.829179831663026,18.02491518838512,22487800
2008-09-08,19.538984298706055,19.659881279130058,18.70423271499266,19.28568062732778,38026900
2008-09-09,18.45668601989746,19.48141706100879,18.047944135351617,19.193571065542404,42337300
2008-09-10,18.335796356201172,18.871189167187538,17.570125792221354,18.427905920134563,25024800
2008-09-11,19.36628532409668,19.383555387407583,17.59891043962654,17.79464587615213,30864900
2008-09-12,19.47566032409668,19.573526904495683,18.951778525170578,19.06116140454661,27914800
2008-09-15,19.009349822998047,19.861373706893314,18.50849840529482,18.56606672600897,42250300
2008-09-16,20.30466079711914,20.350715023529627,18.41639029833056,18.427903305910405,47337900
2008-09-17,19.19357681274414,20.293148756830902,18.87118841069523,19.91319201688708,47668300
2008-09-18,21.16819953918457,21.905084750844882,18.882701117524743,19.671398707885615,75279100
2008-09-19,21.870548248291016,24.311482013892387,20.460101880119662,24.196343131494242,45554800
2008-09-22,20.149213790893555,21.30059743608747,19.68866077203399,20.793988017296943,18165400
2008-09-23,19.579288482666016,20.529181380824966,19.51020604159174,19.75199787948852,11593300
2008-09-24,19.4871826171875,20.08014715338049,19.41810015913972,19.890167648634414,12493800
2008-09-25,20.32768440246582,20.86883406769764,19.659881800143122,19.907429524771334,14695900
2008-09-26,21.093948364257812,21.13473758848478,19.846958428528264,20.021769707050407,17871900
2008-09-29,19.0836124420166,21.274584984024923,19.0836124420166,21.035675726336414,23939500
2008-09-30,20.989057540893555,21.257101603360354,19.310864665594003,19.689624222922117,24100100
2008-10-01,21.373645782470703,21.58342019531447,20.51706767097394,20.656918020485083,20159700
2008-10-02,21.158042907714844,21.676650579480814,21.01819257395365,21.262930102324326,16689700
2008-10-03,20.42966079711914,21.740748503708218,20.342254060874946,21.44356737875447,23434400
2008-10-06,20.278156280517578,20.889996771619167,19.27007576753492,19.654661409614118,18237900
2008-10-07,18.530033111572266,20.45296067754624,18.530033111572266,19.969316303501156,19060100
2008-10-08,17.964815139770508,19.526465347717,17.48116949486937,17.56857512005915,22011200
2008-10-09,16.85767364501953,18.768947353770816,15.808802869595345,18.768947353770816,32789700
2008-10-10,17.69094467163086,18.384363625556947,15.587376826493601,15.733053245432794,43106300
2008-10-13,18.209552764892578,19.22928771972656,17.04414138793945,19.031167696730698,26618100
2008-10-14,18.3319149017334,19.223455847975043,17.393759781763357,18.5999600155981,30831600
2008-10-15,17.55691909790039,18.873833876689424,17.119889901412012,18.11048985802142,22147700
2008-10-16,17.988121032714844,18.227030222159065,16.36819918422384,17.720075898568496,20995800
2008-10-17,17.80166244506836,18.495082685519503,17.358806997715675,17.539445491616625,18870600
2008-10-20,18.133806228637695,18.244519538005743,17.306363891434998,18.244519538005743,14203000
2008-10-21,17.59771156311035,18.326093645831428,17.189817152217408,17.644327971947586,17493200
2008-10-22,16.379859924316406,17.731737163752804,15.971965431434736,17.248091408067832,20889700
2008-10-23,16.71199607849121,17.13737088174574,15.948652085998164,16.75861248006126,23335700
2008-10-24,17.160675048828125,17.958980851145853,15.068762503911264,15.470828443141777,22253300
2008-10-27,16.793582916259766,17.78418333515067,16.607117216568124,16.642079257404497,14806200
2008-10-28,17.958980560302734,18.034732886007404,16.315751481753693,17.382102337711416,20494500
2008-10-29,16.91594696044922,17.894891608023997,16.834367406250795,17.819140355650024,21824100
2008-10-30,16.78192138671875,17.673461384118113,16.49056857714778,17.673461384118113,16885500
2008-10-31,17.370450973510742,17.51030016279452,16.339063063615065,16.665377838610546,19957800
2008-11-03,17.65597915649414,17.918197119890902,17.13154434112334,17.248085905171397,11776900
2008-11-04,18.763118743896484,18.85052324077628,17.807480907045353,17.935676836549984,18572500
2008-11-05,17.323835372924805,18.530035658403918,17.189813365965485,18.454284427512054,15560800
2008-11-06,16.333242416381836,17.772525205002548,16.193393171090282,17.160684617924122,19817100
2008-11-07,15.855417251586914,16.653724332510905,15.30767484277167,16.490566380769966,22591200
2008-11-10,16.030231475830078,16.356546306462942,15.738878670623619,16.228351472284288,12422100
2008-11-11,15.499972343444824,16.175910888386095,15.325159960938867,15.663129233409505,16374900
2008-11-12,14.666702270507812,15.517452044932421,14.596777098640016,15.202791550084587,21344700
2008-11-13,15.954477310180664,16.082673241207193,14.39282738541651,14.835682620929138,27815700
2008-11-14,15.325160026550293,16.403165833305266,15.138694373550658,15.663129300467874,17348700
2008-11-17,15.033797264099121,15.674773357683364,14.934737312259534,15.179473598485437,16599900
2008-11-18,14.993012428283691,15.214441143339068,14.282112109859836,15.092072408930033,19351400
2008-11-19,13.763504981994629,15.115381621427277,13.629481866636802,14.80654729323414,20621700
2008-11-20,12.889452934265137,14.247157419528229,12.615580493783346,13.466331549573683,38186600
2008-11-21,13.128364562988281,13.711070473457694,11.782313109579144,13.128364562988281,38001100
2008-11-24,14.625909805297852,14.794893840070179,13.775159108186779,13.798467864112702,32610800
2008-11-25,14.701659202575684,15.080417547673505,14.177224485407733,15.027975076236975,28220500
2008-11-26,15.418386459350586,15.453349588356721,14.212186294201425,14.416133434380546,19714300
2008-11-28,15.721396446228027,15.872900031984669,15.121210403855882,15.39508162921056,7288300
2008-12-01,13.815943717956543,15.319324631767708,13.711057685492255,15.127030793694136,22159900
2008-12-02,15.016326904296875,15.231927401647603,13.524599437710606,14.229673947798087,25700400
2008-12-03,16.263317108154297,16.461437148591003,14.410312677848054,14.421967059385036,26770300
2008-12-04,15.66895866394043,16.659558972150915,15.38343295426167,15.832116688652485,20141800
2008-12-05,16.84602165222168,16.991698076825067,15.173656920171647,15.348468185126542,21458900
2008-12-08,17.183988571166992,17.422897786046338,16.595455762598462,17.183988571166992,18803000
2008-12-09,16.374032974243164,17.026662838757034,16.205047761113534,16.8576787370505,17658200
2008-12-10,16.123470306396484,16.65955971265263,15.69226812701572,16.566326869079663,12888400
2008-12-11,14.48023509979248,15.39508275929632,14.398655555982687,15.173655109350394,23483700
2008-12-12,15.057119369506836,15.092081409579063,14.002422084038415,14.317082667534883,16954800
2008-12-15,13.94414234161377,15.068764098050117,13.746022389110864,15.03380096895725,16012100
2008-12-16,15.191137313842773,15.231926534726918,14.223845947590785,14.369522371561542,22585500
2008-12-17,14.684181213378906,15.127036480735477,14.317076071761946,14.934743681791304,19679100
2008-12-18,14.293769836425781,15.255233926000875,14.194709832565145,14.748279527085199,18630100
2008-12-19,14.48023509979248,14.998842753834655,14.130611500183788,14.521024315985983,24504600
2008-12-22,13.734371185302734,14.573467583175173,13.658619944281783,14.515196799316033,15780700
2008-12-23,13.483805656433105,13.98493276966811,13.419708803672826,13.84508357534214,13783500
2008-12-24,13.979104042053223,14.019893246980095,13.722713324969707,13.885871256099668,5835300
2008-12-26,14.130614280700684,14.311252749997797,13.897532205571665,14.276290716584196,5868800
2008-12-29,14.062397956848145,14.228466334572314,13.795503683048342,14.175087253562697,7181600
2008-12-30,14.29964828491211,14.323371708148162,13.979373586857717,14.133579797263643,10140000
2008-12-31,14.8334379196167,14.928333872516168,14.18102739499611,14.18102739499611,10742900
2009-01-02,14.975786209106445,15.082544470012838,14.459788325141988,14.851235658881867,10883600
2009-01-05,14.240340232849121,14.898682015414467,14.192892247788055,14.869026317720554,14067200
2009-01-06,14.086134910583496,14.560614791913968,13.866687258437357,14.436064247283195,16001700
2009-01-07,13.860756874084473,14.181030502489586,13.807377747475412,13.943790568254457,16651800
2009-01-08,13.736196517944336,13.914126073326328,13.599783783401573,13.789575610808638,11620300
2009-01-09,13.25578784942627,13.831094556023775,13.17868420066915,13.759923175438876,12473600
2009-01-12,12.858412742614746,13.48709864889605,12.704206552159167,13.404064981438767,18155200
2009-01-13,13.160894393920898,13.493030205301707,12.633034421035662,12.704206946241719,20859800
2009-01-14,12.496618270874023,12.840616265590231,12.4551014470503,12.733858072187166,20597700
2009-01-15,11.280766487121582,12.57965515801732,11.090974597196118,12.57965515801732,44131000
2009-01-16,10.865594863891602,11.85014104929343,10.474148844695636,11.60697007164893,40157400
2009-01-20,9.098155975341797,10.6224231101206,9.098155975341797,10.24877053046127,50800200
2009-01-21,9.542986869812012,9.79208911812669,6.9985858182761085,9.69719313126866,118711200
2009-01-22,8.232230186462402,9.376913662049658,8.149195961468587,8.860916031506893,55164600
2009-01-23,8.682989120483398,8.80754021363709,7.680649236145467,7.817062607515965,36275900
2009-01-26,7.716231346130371,8.825328308494633,7.449336451978416,8.510985458298963,40113000
2009-01-27,8.125473976135254,8.161060242919213,7.449339997860745,7.609476784327253,31426100
2009-01-28,9.068502426147461,9.193053496139491,8.410161379403565,8.914296231752672,55092800
2009-01-29,8.730436325073242,9.198985526068622,8.463541310819457,8.736366898029253,37680400
2009-01-30,8.801603317260742,9.098153291208211,8.623673219767424,8.896499218424061,30595500
2009-02-02,9.06257152557373,9.18119146066806,8.398299323421023,8.588091219571949,30754200
2009-02-03,8.368643760681152,9.329466033144678,8.196644722381345,9.163398132695589,31703000
2009-02-04,8.404228210449219,8.777881330129043,8.303401151220172,8.528779250342494,29463900
2009-02-05,8.890569686889648,9.12781004821591,8.078022679580034,8.33305588417787,39010800
2009-02-06,9.60229206085205,9.709050272360717,8.932088801449284,8.949881648159263,35474200
2009-02-09,9.910700798034668,10.219113080146977,9.436221234206894,9.720908972503558,25200300
2009-02-10,8.540642738342285,9.910703897162579,8.469470781512284,9.744636563517009,38512800
2009-02-11,8.890569686889648,9.038844700609452,8.588088523151418,8.890569686889648,23601600
2009-02-12,8.101749420166016,8.700780815489287,7.562028276792873,8.552505751238446,49058000
2009-02-13,7.354439735412598,8.060229048482986,7.336646893880136,7.828919846064045,44028000
2009-02-17,6.363962650299072,6.998580027125284,6.358032080246368,6.802857074780294,51758000
2009-02-18,6.5359649658203125,6.844376798832312,5.984381557441342,6.6723777505541175,44360700
2009-02-19,6.452929496765137,6.826582647379107,6.363964137690746,6.648652494854688,36332000
2009-02-20,6.275001049041748,6.512240939778395,5.759003862471152,6.049622870029674,62223500
2009-02-23,6.719822883605957,7.117199924648786,6.393617773934708,6.636788680860332,47732800
2009-02-24,7.437475681304932,7.544233886763053,6.239413700952856,6.601204580214626,60848300
2009-02-25,7.567958354949951,7.917887548061771,6.565618744278016,7.378165914671436,62833200
2009-02-26,8.843122482299805,8.949880682287114,7.781473316104425,7.888231516091735,73357000
2009-02-27,8.487266540527344,8.795678438691818,7.947544728896483,7.971268721062981,50180100
2009-03-02,7.769614219665527,8.214439448296199,7.722166240528218,8.06023323328768,30945500
2009-03-03,7.46120023727417,8.125472372612835,7.271408360212955,7.983128464816923,29819800
2009-03-04,6.530033588409424,7.870440227611662,6.1207941179508225,7.7992677031301625,68795600
2009-03-05,5.343832015991211,6.334309224393554,5.059143674972457,6.150447945233074,109688700
2009-03-06,5.231143474578857,5.7530717076362405,4.780387761795842,5.4861767362928235,69085300
2009-03-09,6.043690204620361,6.132655565390889,4.9939032462733675,5.02948893808208,58356900
2009-03-10,6.761344909667969,6.76134490966797,6.346174707429527,6.583415227011971,59196300
2009-03-11,7.366304874420166,7.888233142751606,6.7672735086009,7.200236969013399,55726000
2009-03-12,8.161060333251953,8.297473131913915,7.063824542657751,7.22989246969717,55384600
2009-03-13,8.048372268676758,8.647403810040034,7.805201194521765,8.35678474900722,45357800
2009-03-16,8.172921180725098,8.807538824626729,8.083956370627643,8.327127379476856,47286300
2009-03-17,8.611814498901367,8.635538482412484,7.965335241192938,8.161058246565753,33384300
2009-03-18,9.388777732849121,9.400640010385658,8.178853139724126,8.475403290643237,52197400
2009-03-19,8.457612037658691,9.62601944574979,8.368646636202122,9.620088305861092,43332900
2009-03-20,7.95940637588501,8.677057788977086,7.953475236908118,8.510989856995936,37836700
2009-03-23,9.483670234680176,9.60822184092761,8.368642005679028,8.783812518172292,47299700
2009-03-24,8.890569686889648,9.46587689849729,8.688915577730828,9.021051857337877,39989500
2009-03-25,9.507399559020996,9.537054125709622,8.854988910628396,9.04478085243369,42067700
2009-03-26,9.881048202514648,9.916633894023157,9.015121978941218,9.691256339470948,44684800
2009-03-27,9.304010391235352,9.732328154603447,9.161237425227931,9.452731781692474,36285000
2009-03-30,8.197521209716797,8.893537220358757,8.096390639464412,8.804304631231107,38422100
2009-03-31,8.691276550292969,8.804305107788066,8.298652229156303,8.48901596616726,31926200
2009-04-01,8.869742393493652,9.036310168618916,8.316498716954554,8.322447707897922,29810700
2009-04-02,9.268316268920898,9.458679451983324,8.941129122537077,9.35754886914965,37684900
2009-04-03,9.500320434570312,9.51816683854103,8.899486016728941,9.072002767984419,24158300
2009-04-06,9.066054344177246,9.304008870409023,8.709123405820064,9.000617147310177,21866900
2009-04-07,8.578251838684082,8.92923449242771,8.52471203491611,8.703177858366946,23212100
2009-04-08,8.54255485534668,8.750764989718594,8.280805507044564,8.691276217804624,18286900
2009-04-09,10.493781089782715,10.523526049069757,9.280215117225847,10.053565904222094,57380800
2009-04-13,10.713889122009277,10.826917696642575,9.970282168521578,10.136850534578322,32203300
2009-04-14,9.845356941223145,10.565169159524519,9.73232948596482,10.327215129172364,36578200
2009-04-15,10.64250373840332,10.713890514463914,9.559812054955461,9.845356889889208,29008900
2009-04-16,10.743635177612305,11.005385197305506,10.14280049824953,10.65440255159206,29915800
2009-04-17,11.064873695373535,11.267134914063654,10.29152164313062,10.612760449751763,42563900
2009-04-20,9.482477188110352,10.73173787065209,9.482477188110352,10.63655512099609,38981300
2009-04-21,11.463445663452148,11.570525251867831,9.07200530434929,9.45868071334153,59247300
2009-04-22,10.499728202819824,11.665704301186137,10.440239429544834,10.939943309608399,53124500
2009-04-23,10.928047180175781,11.142205189511087,10.511626874564048,10.725786018553402,33758700
2009-04-24,11.284977912902832,11.445597275719134,10.731735332070153,10.90425154295671,44910600
2009-04-27,10.791224479675293,11.136258084168038,10.684144889547504,11.005383659930873,26378100
2009-04-28,10.517577171325684,10.9102015609411,10.517577171325684,10.588962805080746,17737500
2009-04-29,11.177899360656738,11.273080952192217,10.588961702881614,10.6306046420007,29236100
2009-04-30,10.83881664276123,11.582423740129288,10.74958401800794,11.320674858806889,29909100
2009-05-01,10.68414306640625,10.993483799621934,10.499728878573611,10.815018602965065,20269200
2009-05-04,12.099969863891602,12.10591885441247,10.987533598875288,11.088664168422225,39171300
2009-05-05,11.969098091125488,12.105921499033728,11.398007357556484,11.814427707755845,26142000
2009-05-06,12.66511058807373,12.790035976230978,11.760884516506989,12.242741368140988,50208500
2009-05-07,11.635967254638672,13.039898265515877,11.48724578771201,12.992307441485535,45219100
2009-05-08,12.218948364257812,12.248692184543295,11.302824175893566,12.183254418330417,45731600
2009-05-11,11.005386352539062,11.778737372098918,10.987539371599858,11.683555743065536,43175300
2009-05-12,10.64250373840332,10.707941521904338,10.196339508323973,10.707941521904338,151560700
2009-05-13,10.351009368896484,10.559219558961793,10.142799178831176,10.511628755631515,65749400
2009-05-14,10.61275577545166,10.66034656273223,10.273671274245874,10.273671274245874,39788100
2009-05-15,10.511627197265625,10.749581178639946,10.392649639251424,10.55921799354049,34651800
2009-05-18,11.51103687286377,11.564576668966032,10.773378846698932,10.826918642801193,49163700
2009-05-19,11.219544410705566,11.778736139075669,11.213595417681917,11.641912703494967,30524900
2009-05-20,10.993486404418945,11.61811701002608,10.856662978919463,11.415855800742358,37298500
2009-05-21,10.773375511169434,10.957789676950869,10.565165383530308,10.838812136970251,25962000
2009-05-22,10.606812477111816,10.933999173411207,10.594914490243426,10.832868554338845,21050200
2009-05-26,11.32662582397461,11.356369659186674,10.481887968889719,10.565171615207166,30423600
2009-05-27,10.68414306640625,11.344466336413953,10.648450254005684,11.344466336413953,32205400
2009-05-28,11.255236625671387,11.255236625671387,10.541373386590717,10.76743057064981,28342100
2009-05-29,11.421807289123535,11.427755148354215,10.981590818851805,11.320676662383471,29735500
2009-06-01,11.243341445922852,11.612171142904712,11.088671001037207,11.612171142904712,36465200
2009-06-02,10.779327392578125,11.36231499859796,10.541372248798895,11.261184402888052,34048300
2009-06-03,10.737680435180664,11.005379304558469,10.58895909322717,10.707936620651482,21340800
2009-06-04,11.154105186462402,11.154105186462402,10.606810379927143,10.8388154047162,25830000
2009-06-05,10.707938194274902,11.332567468412687,10.684142231431503,11.231436895636156,28270800
2009-06-08,10.916150093078613,10.987535723826937,10.648451141137038,10.690092948182583,18680800
2009-06-09,10.815024375915527,11.029183633943052,10.71984273560433,10.975643819436172,22984900
2009-06-10,10.767427444458008,10.910199823891048,10.61275708307538,10.88640385999187,24735100
2009-06-11,10.922102928161621,11.052977387023454,10.719841678776811,10.75553450671103,22119600
2009-06-12,11.05297565460205,11.082719484109488,10.86261242258398,10.86261242258398,16879300
2009-06-15,10.600862503051758,11.041077764570078,10.559220687518918,10.904254332203784,22149900
2009-06-16,10.624652862548828,10.85665778920146,10.356953997446734,10.356953997446734,20479500
2009-06-17,10.57111644744873,10.832865271300115,10.327213463837042,10.713888842636976,28800000
2009-06-18,10.725786209106445,10.832864648349416,10.398598496126148,10.588961678763521,22603200
2009-06-19,10.678194046020508,10.826915405242778,10.49972773416143,10.826915405242778,26635800
2009-06-22,10.160646438598633,10.713890251882537,10.119004626356496,10.541372875845928,29190300
2009-06-23,10.368861198425293,10.547326510774749,9.916747787864585,10.184446891043551,21590800
2009-06-24,10.565165519714355,10.636551136899751,10.333160561880932,10.511625739498346,19905400
2009-06-25,10.583019256591797,10.70794473385251,10.18444571277888,10.529479442150162,19876900
2009-06-26,10.75005054473877,10.80374123090838,10.248938232390428,10.600910002679193,15934100
2009-06-29,10.85146713256836,10.917088203223445,10.636704368619,10.791810682821078,20756200
2009-06-30,10.690398216247559,10.87533224100419,10.53529185624596,10.833573055206157,16886600
2009-07-01,10.487563133239746,10.75601657077188,10.475631616493414,10.696360124892289,14048500
2009-07-02,10.165421485900879,10.451771098442597,10.165421485900879,10.427908061804679,15357300
2009-07-06,10.195246696472168,10.415974043126122,9.986449727421066,10.141556014777544,22706300
2009-07-07,10.093835830688477,10.356323604693596,10.064008165896919,10.19525148397324,16068000
2009-07-08,9.896963119506836,10.17138107804571,9.610613648548448,10.08189701060267,26726300
2009-07-09,9.914862632751465,10.075933535472947,9.81344702992954,10.004346720452713,17251200
2009-07-10,9.896963119506836,10.016275967998656,9.747822627817886,9.849238207680438,13873200
2009-07-13,10.553190231323242,10.577052138029323,10.028214629558375,10.1773552444923,22778100
2009-07-14,10.39211368560791,10.588979168293077,10.242973133941812,10.547219995882907,15456100
2009-07-15,10.702326774597168,10.911123783639143,10.457736350187247,10.52335742205312,32323800
2009-07-16,10.690398216247559,10.791813869408125,10.523360335202959,10.636707509406525,15297300
2009-07-17,10.714259147644043,10.964815377534617,10.583015841645123,10.63074078363131,17413600
2009-07-20,10.911126136779785,10.940953799710476,10.702329082707733,10.738122505795044,14224100
2009-07-21,10.899191856384277,11.030435133036988,10.648635682518474,11.018503615745255,17480300
2009-07-22,11.310822486877441,11.543482595157638,10.738123132639204,10.756020414153825,32830300
2009-07-23,11.58523941040039,11.63893010610621,11.275026754733934,11.328717450439754,23376300
2009-07-24,11.794035911560059,11.88948578017559,11.453995612385704,11.525582444921259,18750800
2009-07-27,11.973008155822754,12.01476734514908,11.650865025410688,11.82386754374155,16724600
2009-07-28,11.901415824890137,12.080384021926001,11.638928149765764,11.80000020980927,15980600
2009-07-29,11.740346908569336,11.901419011743254,11.609102466937689,11.817899511290657,14407100
2009-07-30,12.217597961425781,12.241461004146762,11.823866859349645,11.901420610340326,20598300
2009-07-31,12.175833702087402,12.28321507389193,12.050556193550142,12.187765218477246,13121600
2009-08-03,12.450255393981934,12.48604881249876,12.253389885361003,12.390598937885718,16089400
2009-08-04,12.945399284362793,13.058745275134788,12.265317650470745,12.360767504727171,20693100
2009-08-05,13.595649719238281,13.655305014191885,12.879774801276875,13.082605990104213,29954900
2009-08-06,13.362991333007812,13.870069365332284,13.207885044423152,13.86410360755765,24162300
2009-08-07,13.870071411132812,14.013246205286125,13.321234131285731,13.595653340135332,22483600
2009-08-10,13.73286247253418,13.971487131140117,13.553893125190632,13.738828231230844,14480700
2009-08-11,13.1840238571167,13.691101916592729,13.046814834509073,13.49423645089639,18364100
2009-08-12,13.136302947998047,13.410721077145,12.99909388342457,13.03488730508453,19478200
2009-08-13,13.452479362487793,13.47634240057286,12.957332700745482,13.321236066576773,16424300
2009-08-14,13.416686058044434,13.470376756343082,13.148233704403474,13.416686058044432,13714300
2009-08-17,12.76642894744873,13.136297956912543,12.73660129704039,12.98119167151494,14439600
2009-08-18,12.832049369812012,12.975224120112419,12.74853104993305,12.86784277292417,13105400
2009-08-19,12.873812675476074,13.011021713134275,12.605359221056,12.635188014798306,10836200
2009-08-20,13.166128158569336,13.303337197598275,12.849950906707189,12.867847045279222,12231500
2009-08-21,13.291407585144043,13.476341567461507,13.24964727107681,13.374925937574082,16106400
2009-08-24,12.9573335647583,13.613552363775534,12.915574383177157,13.386859176112601,16287800
2009-08-25,13.076647758483887,13.29141058503596,12.981197866205735,13.040854333342697,13245100
2009-08-26,13.18999195098877,13.34509827534595,12.921538478475917,12.957331895526893,11542500
2009-08-27,13.273506164550781,13.33316259960228,13.088572239957807,13.178056323609127,11425000
2009-08-28,13.380897521972656,13.416690954617543,13.148238503001824,13.404759431118345,12394700
2009-08-31,13.49423599243164,13.530029401927987,13.118401210238101,13.154194619734447,12854300
2009-09-01,12.670982360839844,13.559859998360636,12.56956673036554,13.291407662059635,24150800
2009-09-02,12.32497787475586,12.873815274022196,12.28918445289242,12.617293285320748,17478800
2009-09-03,12.497983932495117,12.659054931158446,12.390602508151176,12.45622360469824,14596100
2009-09-04,12.796262741088867,12.802227363222112,12.486050048951014,12.486050048951014,11381100
2009-09-08,12.527806282043457,12.963296417810938,12.450253696190494,12.957330659229617,14439200
2009-09-09,12.975225448608398,13.005053097947203,12.527803881415005,12.533769638853144,17322800
2009-09-10,12.9573335647583,13.124371428935236,12.838021779933943,12.963299324677374,13530900
2009-09-11,13.040849685668945,13.166127197941254,12.903639518799,12.945399827408501,12192000
2009-09-14,13.11243724822998,13.11243724822998,12.78432848422966,12.909606003550904,11212800
2009-09-15,13.225790023803711,13.422655593663334,12.891715358737933,13.136305880749811,15163900
2009-09-16,13.613548278808594,13.63741131132439,13.11840173262601,13.26754227229368,17747900
2009-09-17,13.386857032775879,13.720931569789538,13.225784954306873,13.703034292897811,16709500
2009-09-18,13.57775592803955,13.625480858945492,13.285440584009146,13.4644087904434,17840800
2009-09-21,13.380897521972656,13.536003913904112,13.32720680407897,13.368965998473458,10951700
2009-09-22,13.327205657958984,13.512139704881672,13.112442804853531,13.476346275314969,17819600
2009-09-23,13.166128158569336,13.446513133287418,13.166128158569336,13.207887332373609,14694700
2009-09-24,13.064708709716797,13.27350565546298,13.02891530519945,13.24367800800716,19007400
2009-09-25,13.16016960144043,13.213860322242157,12.915579045722682,12.987167052742574,17038800
2009-09-28,13.291705131530762,13.309643066251718,13.094392411348524,13.219955673521078,14077200
2009-09-29,13.004705429077148,13.459122859083562,12.986767493790028,13.387372258372189,18723700
2009-09-30,13.070472717285156,13.15418077546197,12.92099339029127,13.052534787488657,17758000
2009-10-01,12.622035026550293,13.064493707774231,12.622035026550293,13.004701747514394,22605800
2009-10-02,12.69378662109375,12.926975191643722,12.41276584274125,12.466578502065321,20210900
2009-10-05,12.938933372497559,12.974809240943385,12.783474697210098,12.915017267304048,13789300
2009-10-06,13.178099632263184,13.261807700711737,12.950890388707252,13.004703044263294,14328900
2009-10-07,13.261809349060059,13.315622011304631,13.034600077263637,13.076455257127114,11950800
2009-10-08,13.51293659210205,13.644478039955422,13.261811180427655,13.309644537868625,14630800
2009-10-09,13.710249900817871,13.734166010308337,13.309645088026675,13.512937150663237,10911400
2009-10-12,13.764063835144043,13.77602246120473,13.602625804636796,13.70427184527795,9166600
2009-10-13,13.662412643432617,13.787974748417753,13.506953984567506,13.662412643432617,13183400
2009-10-14,14.314146995544434,14.344042417974837,13.853750191317731,13.949416911619739,19892200
2009-10-15,14.355998992919922,14.36795761635916,13.943435607763027,14.242394351121366,13439200
2009-10-16,13.997246742248535,14.10487206055899,13.88962142393808,14.068997334601164,13848200
2009-10-19,14.236411094665527,14.290223744794165,13.979306464147982,14.051057044465095,10940800
2009-10-20,14.230435371398926,14.284248035091103,13.901581218113018,14.224457200266082,18528000
2009-10-21,14.607122421264648,15.300706521474714,14.541351141618831,14.607122421264647,34099600
2009-10-22,15.157205581665039,15.20503892572355,14.54135027902946,14.72072617457653,18858000
2009-10-23,14.918042182922363,15.181125063601973,14.738666247436667,15.181125063601973,13937700
2009-10-26,14.439705848693848,14.702789839808498,14.30218511214367,14.529393235990181,20703600
2009-10-27,14.499499320983887,14.559291298848565,14.302186592336437,14.529394739697665,15095700
2009-10-28,14.069001197814941,14.58918885857142,14.015188523883264,14.46362671302237,16313400
2009-10-29,14.475582122802734,14.475582122802734,14.086935976018696,14.242394662819736,14840200
2009-10-30,13.883642196655273,14.379913613741776,13.793954811000988,14.361976820873108,23733700
2009-11-02,14.254351615905762,14.535372397319723,13.82385147706027,14.08095501387543,21328200
2009-11-03,14.063021659851074,14.290229836916478,13.889625015418124,14.128791817707304,14855500
2009-11-04,13.793953895568848,14.302183901130565,13.770037793185482,14.194558589313154,15748700
2009-11-05,14.338061332702637,14.373937203708294,13.781997876923315,13.979310605705933,15342800
2009-11-06,14.188580513000488,14.296205834181194,13.979309181864334,14.092913814270304,12645100
2009-11-09,14.654959678649902,14.666918303674139,14.176624941615705,14.302188223495685,11651300
2009-11-10,14.547329902648926,14.702788559293761,14.415788488766482,14.6131011798086,8640800
2009-11-11,14.589183807373047,14.906080428536642,14.4815584967727,14.702788428610848,13183600
2009-11-12,14.350021362304688,14.648980140686035,14.200541973114014,14.577229532082129,15983600
2009-11-13,14.039103507995605,14.403833570841696,13.93147816876645,14.344041588999143,14747900
2009-11-16,13.979310989379883,14.284249058674508,13.85972817072368,14.2184789075666,17994400
2009-11-17,14.134761810302734,14.158679044980017,13.776012413635645,13.96734572930783,12861300
2009-11-18,14.116830825805664,14.200538900701543,13.955392846703338,14.116830825805666,11345000
2009-11-19,13.829828262329102,14.01518346809033,13.770037437695805,14.01518346809033,10935500
2009-11-20,13.925501823425293,13.991271985684946,13.692313177698356,13.722209742759423,11221000
2009-11-23,14.08095645904541,14.140748436242049,13.973332268615994,14.063019664192396,9774300
2009-11-24,14.188580513000488,14.236413862365579,13.967351699850816,14.045080464905212,12573300
2009-11-25,14.092916488647461,14.224459079691725,13.985291147042965,14.2065211426119,5557900
2009-11-27,13.722208976745605,14.003229830008149,13.608604316729988,13.614583629408418,7179600
2009-11-30,14.427745819091797,14.463621682860857,13.973329615719283,13.973329615719283,16129500
2009-12-01,14.553317070007324,14.613109068755357,14.266316844541798,14.505483699096404,13835700
2009-12-02,14.607122421264648,14.642997146327389,14.379913168181071,14.589184488514803,10026200
2009-12-03,13.901581764221191,14.654957945070148,13.853748410219849,14.589186655654384,22314000
2009-12-04,14.051064491271973,14.24239795293846,13.79993903772536,14.200543900753589,19886400
2009-12-07,13.770040512084961,14.045082016203695,13.680351974236812,14.021165909098086,13467900
2009-12-08,13.740142822265625,13.829830212298129,13.578704835944894,13.770039379234484,12468100
2009-12-09,13.69231128692627,13.847769982464479,13.590665260629642,13.847769982464479,7700800
2009-12-10,13.770040512084961,13.955394618792678,13.692310598008183,13.728185328885163,12053500
2009-12-11,13.782002449035645,13.877669189246792,13.698294336460265,13.787981762853528,8632400
2009-12-14,13.776020050048828,13.913540804365049,13.548810756412582,13.913540804365049,14043900
2009-12-15,13.387377738952637,13.80592061016674,13.363461622549371,13.770045865343056,16156800
2009-12-16,13.208003997802734,13.566754897865852,13.094399299021251,13.524900835272062,21080300
2009-12-17,13.022643089294434,13.255830540915973,13.016663777658357,13.094392548053175,16896700
2009-12-18,13.33355712890625,13.405307716358113,13.04655705997259,13.04655705997259,21995200
2009-12-21,13.728189468383789,13.728189468383789,13.387376571193398,13.411293825947975,15144800
2009-12-22,13.626543998718262,13.746126846279484,13.39933464960831,13.71025210605486,12430100
2009-12-23,13.357477188110352,13.626540522243753,13.309643833201873,13.578706026898136,7837200
2009-12-24,13.500980377197266,13.506959690499183,13.303667599983545,13.32758485319122,2946700
2009-12-28,13.43520736694336,13.638499431669674,13.37541652238395,13.489020039396634,9822800
2009-12-29,13.41723346710205,13.531091510595509,13.375286067652068,13.42921876493945,6203300
2009-12-30,13.453186988830566,13.453186988830566,13.297381573355466,13.36329841387826,5438900
2009-12-31,13.489137649536133,13.573032408248563,13.41123439389142,13.423219685987586,5899500
2010-01-04,13.710859298706055,13.728837236142628,13.501122410180953,13.5250918504494,12891700
2010-01-05,14.058430671691895,14.088393913363413,13.626970278449196,13.638955575117803,14503500
2010-01-06,14.208240509033203,14.304121719547325,13.974532987292724,14.040450962339756,12293600
2010-01-07,14.48389720916748,14.669664705461784,14.082398979769714,14.16629375687412,15241200
2010-01-08,14.507863998413086,14.537827229734257,14.22621648187651,14.36404391701268,9935000
2010-01-11,14.573781967163086,14.681647313979392,14.447939824531002,14.681647313979392,8482600
2010-01-12,14.567787170410156,14.705615728207272,14.40599031705045,14.489885066420685,13119300
2010-01-13,14.807489395141602,14.915354741510127,14.453932410794229,14.555805110922238,12736800
2010-01-14,15.179024696350098,15.226964720878241,14.699624451068669,14.741571829658252,13383700
2010-01-15,14.753558158874512,15.11310779662575,14.657676960096369,15.11310779662575,13590500
2010-01-19,14.675657272338867,14.84344796860809,14.43595709408327,14.675657272338867,15470200
2010-01-20,14.987259864807129,15.185012546401978,14.84343983664542,14.861416625803145,18602200
2010-01-21,15.065168380737305,15.424719176075428,14.777528201658994,15.11310841058369,24864100
2010-01-22,14.783516883850098,16.083891130572304,14.723591576866829,15.017224323806662,20007400
2010-01-25,14.867414474487305,15.059174579165742,14.633706989783004,14.987265111401518,13692400
2010-01-26,14.567787170410156,14.927337892394387,14.519847150344273,14.615727190476036,15866800
2010-01-27,15.053177833557129,15.119094632221307,14.45392714364288,14.483889220946597,19763800
2010-01-28,14.975275039672852,15.202990948537002,14.85542558398963,15.119095072280727,17788000
2010-01-29,15.029210090637207,15.256924892822228,14.915352118054596,15.101120689894698,18317200
2010-02-01,15.08913516998291,15.19700049573818,14.921344536254697,15.071157234696972,12029500
2010-02-02,14.903369903564453,15.167039468084923,14.831459294980467,15.077152064590202,14793600
2010-02-03,14.657670974731445,14.891379515412888,14.51385094976284,14.837446863177167,12353800
2010-02-04,14.17228889465332,14.621727238942416,14.154312092389478,14.555810392340303,20550000
2010-02-05,14.364041328430176,14.531831964649516,13.950559097536408,14.280146581810605,22491200
2010-02-08,14.076404571533203,14.400000630708446,14.028464541616183,14.334082660954866,15753400
2010-02-09,14.076404571533203,14.298127924262218,13.938577128394327,14.16029933814287,13742600
2010-02-10,14.14831256866455,14.310109425318737,13.944567193490862,14.064416674605805,12219500
2010-02-11,14.076404571533203,14.202247864428177,13.956555068230887,14.184269924591618,8753400
2010-02-12,13.938573837280273,14.016475938883856,13.770783200698443,13.932581192083042,16552700
2010-02-16,14.298128128051758,14.310112278466468,13.914606740268836,14.094382712255342,11484600
2010-02-17,14.220224380493164,14.316104438433966,14.0704116470881,14.286142348945134,21960400
2010-02-18,14.328083992004395,14.382016645864788,14.100369231356066,14.160293386329842,9075800
2010-02-19,14.465917587280273,14.531835557625318,14.268164819225621,14.280150112557536,11805100
2010-02-22,14.711610794067383,14.807490857423302,14.537828607852473,14.681648702886351,12844900
2010-02-23,14.543822288513184,14.759551874908597,14.50187490068576,14.63970235868461,13288900
2010-02-24,14.849434852600098,14.927336951680212,14.609733624396318,14.639696849411873,12020100
2010-02-25,14.561797142028809,14.849438457098309,14.382022320218256,14.471909731123532,12541000
2010-02-26,14.747557640075684,14.807481785725649,14.507856485556568,14.507856485556568,9446500
2010-03-01,14.687641143798828,14.819475943319773,14.615730525799815,14.75355911504955,6843500
2010-03-02,14.82546615600586,14.927338848040263,14.729586109735871,14.891384116434095,7907800
2010-03-03,14.771535873413086,14.927341259516888,14.747566429463538,14.79550646034313,8391800
2010-03-04,14.82546615600586,14.867413533376443,14.711608172442633,14.78351877863528,7836000
2010-03-05,15.101123809814453,15.131085898956847,14.765542467921378,14.897378403300955,9443000
2010-03-08,14.975275039672852,15.16703508315002,14.975275039672852,15.071155061411435,8185800
2010-03-09,14.783516883850098,14.909358999832811,14.693629494865277,14.861418982842231,13248300
2010-03-10,14.957305908203125,15.101127168418767,14.83745638199768,14.861425830046493,11993900
2010-03-11,15.262921333312988,15.292884566696067,14.873408443176816,14.903371676559896,14610600
2010-03-12,15.38277530670166,15.580528117863,15.316857321987637,15.394760602646162,14154500
2010-03-15,15.52059555053711,15.568535569000554,15.25093337529782,15.334828121863795,8366100
2010-03-16,15.652430534362793,15.664414681035913,15.460669328851194,15.556549360116929,10743300
2010-03-17,15.706364631652832,15.772282592592767,15.520597183435209,15.598500435997009,11859900
2010-03-18,15.574528694152832,15.736326690070774,15.460670718175734,15.634454004823947,8568200
2010-03-19,15.664419174194336,15.814231908891621,15.442696966911411,15.664419174194336,13977300
2010-03-22,15.712352752685547,15.808232772088695,15.502615924603658,15.514600069794058,9702700
2010-03-23,15.730335235595703,15.760297321709471,15.544567787133634,15.718349943958067,9573700
2010-03-24,15.694375991821289,15.850181309378453,15.640443337936887,15.640443337936887,7370300
2010-03-25,15.682395935058594,15.999999320217041,15.658425350678165,15.78426863271467,10567700
2010-03-26,15.610487937927246,15.844196602835279,15.47865313070826,15.730338593930368,10817100
2010-03-29,15.586472511291504,15.70054948377457,15.490408053993766,15.628501713390596,6911400
2010-03-30,15.526426315307617,15.736566508294928,15.502409638864401,15.598474054280933,9124000
2010-03-31,15.538439750671387,15.61048866376737,15.394343069658047,15.43637112513961,8451300
2010-04-01,15.754584312438965,15.766592654697867,15.532435706541987,15.63450432538557,6820400
2010-04-05,15.89267349243164,15.898677662306643,15.700544637144768,15.802613234663207,7865900
2010-04-06,16.25891876220703,16.31895931180403,15.838636060206273,15.838636060206273,12480200
2010-04-07,16.030763626098633,16.342972375515153,15.89867420790505,16.294940172129685,12376200
2010-04-08,16.288942337036133,16.385007926337416,15.910688731450016,15.94671261170143,14235300
2010-04-09,16.306949615478516,16.372994329055555,16.13883631963611,16.300945446500773,7429300
2010-04-12,16.5170955657959,16.577136127177553,16.282938636103747,16.336973881650934,11025600
2010-04-13,16.52910041809082,16.595143991009333,16.372995449521053,16.469059869382722,13894100
2010-04-14,16.961395263671875,16.997419145351802,16.60715718248002,16.637176893016868,14904200
2010-04-15,16.9674072265625,17.069475892509576,16.817306314592038,16.955398878761883,18948600
2010-04-16,16.481069564819336,16.961391703665985,16.006750450677245,16.919363659664192,28892400
2010-04-19,16.577131271362305,16.631167646259474,16.198876647082102,16.276929697568292,15084900
2010-04-20,16.937376022338867,17.04544879624321,16.294944694327913,16.409021638468985,23544500
2010-04-21,16.7752685546875,17.063461864395073,16.457054392815543,16.565127170250488,21662500
2010-04-22,16.433032989501953,16.643173153738367,16.264919712934816,16.595140952601756,27278000
2010-04-23,16.391008377075195,16.475065611361313,16.20488368897438,16.43904059159084,11114300
2010-04-26,16.13283348083496,16.4690589311972,16.084801273640355,16.34897784062161,11434400
2010-04-27,15.748579025268555,16.19888152145931,15.700546804815346,16.006752639646475,20979600
2010-04-28,15.952713966369629,16.168859500077545,15.850645369360702,15.958718136214662,12441500
2010-04-29,16.385009765625,16.619166731312077,16.060791371431847,16.13284028520098,18397900
2010-04-30,16.072797775268555,16.487075257624376,16.060789433559503,16.44504720682119,17249800
2010-05-03,16.342979431152344,16.409024168762155,16.07279859990762,16.186874416460956,11394000
2010-05-04,15.910684585571289,16.234902858887338,15.77259212627514,16.132834270455792,19350300
2010-05-05,15.862658500671387,16.096815469467703,15.652517073331248,15.712557644739666,13252900
2010-05-06,15.298269271850586,15.922688986707143,14.55977380326971,15.766584057993004,24977300
2010-05-07,15.100135803222656,15.586461931325498,14.9500350474348,15.250236559010512,26474100
2010-05-10,15.93470287322998,16.066791176533975,15.682533461338123,15.850645639147146,19735900
2010-05-11,16.01875114440918,16.27092043323338,15.610476948676881,15.664513306651907,16700200
2010-05-12,16.138835906982422,16.21088478769499,15.988735121911173,16.126828714512087,15567200
2010-05-13,15.838640213012695,16.120830526553906,15.838640213012697,16.060789961214592,13060800
2010-05-14,15.316289901733398,15.694543515907238,15.08813598287801,15.688539344865935,22554300
2010-05-17,15.376324653625488,15.412348521075195,14.998070037280216,15.340299640997682,14135000
2010-05-18,14.625829696655273,15.442377681852792,14.47572882093485,15.35832155790657,34602600
2010-05-19,14.499737739562988,14.811947693232744,14.391664975202053,14.541765782330403,27819100
2010-05-20,13.935362815856934,14.391669552063913,13.929359789419593,14.217553155914956,22014500
2010-05-21,14.397672653198242,14.433697680215646,13.304938694265227,13.346966747273642,29589000
2010-05-24,14.163514137268066,14.541767717694851,14.10347357739027,14.499739669333922,17937500
2010-05-25,14.343635559082031,14.343635559082033,13.725220846064698,13.725220846064698,23165600
2010-05-26,14.187536239624023,14.595810861514606,14.10948427728798,14.535770273852057,20626200
2010-05-27,14.667847633361816,14.68585899310053,14.22955365365696,14.313609719578984,16297700
2010-05-28,14.385661125183105,14.673855551609474,14.319617547300197,14.673855551609474,14072200
2010-06-01,13.983393669128418,14.475724201140018,13.965381157526128,14.247570301558074,14601100
2010-06-02,14.40367317199707,14.4216856809383,13.911342712719417,14.11547990000697,13066400
2010-06-03,14.151503562927246,14.46971767843548,14.031423607300589,14.421685467149166,12742200
2010-06-04,13.719215393066406,13.941363968864597,13.677187346033147,13.821283998080773,21021500
2010-06-07,13.485060691833496,13.88132801518429,13.479057665200031,13.809279098617232,15922200
2010-06-08,13.65317153930664,13.677188222108802,13.244897093097652,13.419014607877914,25279000
2010-06-09,13.551103591918945,13.899337493368586,13.52108388212339,13.773253338013028,15765200
2010-06-10,14.217548370361328,14.241563903563115,13.749233448554774,13.773250126934817,16383600
2010-06-11,13.995399475097656,14.199536672269803,13.893330876511584,14.019416154848884,12987300
2010-06-14,13.701199531555176,14.061441646167932,13.647163157104355,14.061441646167932,18859300
2010-06-15,13.929353713989258,13.929353713989258,13.647163497011391,13.809272624401467,15665200
2010-06-16,13.881322860717773,13.971383114101064,13.737225081090607,13.821282310069495,16031900
2010-06-17,13.845303535461426,13.95938051407596,13.755243245051519,13.881328567768367,12419400
2010-06-18,14.151503562927246,14.175520241159528,13.821282253481122,13.905338336937609,15408800
2010-06-21,14.21155071258545,14.397675474601266,14.151510134302637,14.28359963556058,15912400
2010-06-22,14.139496803283691,14.409678737686669,14.091464586631872,14.259577917502432,14209000
2010-06-23,13.88732624053955,14.157508152782421,13.761242111611734,14.133492619015435,15692000
2010-06-24,13.57512092590332,13.845301762535705,13.509076186976513,13.767249826222859,16835400
2010-06-25,14.025424003601074,14.097471771395965,13.665181729090763,13.857310636781964,17270800
2010-06-28,13.905083656311035,14.10364170150873,13.86296545697135,14.019404155194502,10141000
2010-06-29,13.61025333404541,13.959234129911462,13.538049896305841,13.838895449557082,19570100
2010-06-30,13.447800636291504,13.899069106317157,13.417715383042086,13.658392818497154,13731000
2010-07-01,13.435758590698242,13.64635064838505,13.146947216082589,13.393640408687757,14871700
2010-07-02,13.16500473022461,13.544070880129025,13.074751267554287,13.501952674058543,11812800
2010-07-06,13.261271476745605,13.429744238595507,13.098814615560672,13.423727190295923,12797800
2010-07-07,13.796781539916992,13.826865645529985,13.177039094627755,13.279326660401026,17187500
2010-07-08,13.98330020904541,14.031435448326812,13.730589915909395,13.917113824670498,14095800
2010-07-09,14.386429786682129,14.404480927407024,13.874992275820295,13.977279777992662,12243200
2010-07-12,14.302196502685547,14.374398785852426,14.151773740514184,14.332280596065981,7028200
2010-07-13,14.699310302734375,14.777529622395965,14.452617101510487,14.458634148812829,11937400
2010-07-14,14.524824142456055,14.651179882019726,14.404486599804963,14.639145783464174,10744000
2010-07-15,14.681262969970703,14.729398213243996,14.242028731647576,14.591009532287623,14224200
2010-07-16,13.862966537475586,14.591012377400702,13.84491538736527,14.560928274851793,17532800
2010-07-19,13.832876205444336,13.983298958197276,13.628301169889573,13.832876205444334,7881300
2010-07-20,13.929147720336914,13.959232961725164,13.526014666811282,13.604235146786117,14151000
2010-07-21,13.88101577758789,14.440588776290738,13.838897577278624,14.278131877125094,19829700
2010-07-22,14.236011505126953,14.386434281933143,14.019402339282934,14.079571679532352,18483900
2010-07-23,14.260079383850098,14.410502157318412,14.037453174157731,14.187875947626045,13229500
2010-07-26,14.51279067993164,14.548891826690854,14.199911014325764,14.284147405975515,9459800
2010-07-27,14.627111434936523,14.729398975641036,14.554909140106743,14.645162582461362,9962700
2010-07-28,14.42253589630127,14.633128020209003,14.35635065274465,14.566941629017638,7205900
2010-07-29,14.40449047088623,14.5308450967718,14.16983007652928,14.518810994982191,11918800
2010-07-30,14.38041877746582,14.476689273149546,14.223978935071058,14.320249430754783,10473700
2010-08-02,14.747451782226562,14.753468832078417,14.458640275147111,14.560927827358782,10428100
2010-08-03,14.572958946228027,14.747449927076994,14.542874848388093,14.645162387732544,8987900
2010-08-04,14.398473739624023,14.651184144640212,14.356355530060515,14.651184144640212,11159000
2010-08-05,14.248044967651367,14.320247254624757,14.067536954948572,14.290163159658288,10154500
2010-08-06,13.971269607543945,14.121692411384304,13.760678600275376,14.067540110190981,11184300
2010-08-09,14.223976135253906,14.266094325370727,13.826860131817297,14.061520423036827,9930300
2010-08-10,14.103639602661133,14.217960084531882,13.97728387581098,14.061521409589313,8597000
2010-08-11,13.526015281677246,13.899064258407314,13.519998233126072,13.86296311473494,10425100
2010-08-12,13.501952171325684,13.568137429414216,13.297377051484764,13.339495255987012,7256300
2010-08-13,13.36957836151123,13.616271667432683,13.369578361511229,13.495934113217414,5535300
2010-08-16,13.315423011779785,13.393643494363733,13.189068436638308,13.297373013979374,6543700
2010-08-17,13.423731803894043,13.586188720913743,13.273308987609509,13.41771475352646,7271800
2010-08-18,13.477880477905273,13.550083915225786,13.38160999323439,13.399661139473194,5950000
2010-08-19,13.068734169006348,13.477884422419177,13.056701215626882,13.417715064981696,12930900
2010-08-20,13.080763816833496,13.140933153787056,12.972459239844015,13.014577431421113,11082000
2010-08-23,13.014579772949219,13.249240114523738,13.002546821501308,13.146952567589937,7427200
2010-08-24,12.822040557861328,12.960430421251916,12.749838248612773,12.840091708990972,11798800
2010-08-25,12.767887115478516,12.828056466252562,12.569329061268599,12.767887115478516,14179400
2010-08-26,12.617465019226074,12.93636179284956,12.581363865793124,12.803990131838761,8045500
2010-08-27,13.032630920410156,13.032630920410156,12.587379583101246,12.689667130025917,12039800
2010-08-30,12.461021423339844,13.014577249847262,12.448988474224729,12.954409061367791,10872700
2010-08-31,12.515175819396973,12.635514511897545,12.298567779584696,12.37077007697718,13834900
2010-09-01,13.122884750366211,13.134918849798312,12.66559930066034,12.695684549240593,13381100
2010-09-02,13.30941104888916,13.30941104888916,13.110852980893258,13.18907233898589,9972100
2010-09-03,13.640339851379395,13.658391000926915,13.405680645436204,13.405680645436204,10663900
2010-09-07,13.375594139099121,13.580169224204584,13.369577089815454,13.489915780219187,9017100
2010-09-08,13.42974853515625,13.53805314392928,13.315426876158606,13.393647381443566,7871900
2010-09-09,13.628303527832031,13.820844501047334,13.483897797920553,13.646354674433988,10092600
2010-09-10,13.616270065307617,13.694490556597088,13.489915476103551,13.616270065307619,8050000
2010-09-13,14.061514854431152,14.151768247173077,13.8749898754458,13.893041013047846,10568300
2010-09-14,13.995335578918457,14.103640164062645,13.826861652290303,13.989318530006585,9033500
2010-09-15,13.640339851379395,13.82084675631494,13.532035249364103,13.772711505156467,17107500
2010-09-16,13.658390998840332,13.682458050598436,13.483899996145706,13.610255747689214,9130800
2010-09-17,13.724573135375977,13.826860664299396,13.652370848862184,13.70050608908293,11505400
2010-09-20,14.00737190246582,14.055507153774572,13.700509245009433,13.748644496318185,9894900
2010-09-21,13.760673522949219,14.199907672664851,13.718554189401514,14.013383786062986,11389600
2010-09-22,13.550087928771973,13.868983573338385,13.441783314528646,13.700510749079916,18374200
2010-09-23,13.12890338897705,13.483901331742628,13.110853385279325,13.363562618127675,29937400
2010-09-24,13.483899116516113,13.489916165971842,13.237205827005436,13.26127402482835,25738000
2010-09-27,13.152966499328613,13.562116590078151,13.140932403098432,13.507964304676914,12543100
2010-09-28,13.165029525756836,13.207244278499644,12.996169364519854,13.18915289890458,17634900
2010-09-29,13.068536758422852,13.213273529065594,13.026322010768585,13.080598443542813,13279300
2010-09-30,13.038382530212402,13.261517933654627,12.972044418249066,13.183119287915185,12751500
2010-10-01,13.092663764953613,13.267554812334808,13.032357617837636,13.128848833542426,13477300
2010-10-04,13.038382530212402,13.189150129935987,13.01425916212919,13.044412221967706,10412200
2010-10-05,13.4725980758667,13.532905369410692,13.020295099685676,13.2072466744327,19687900
2010-10-06,13.514810562133789,13.581148688896077,13.436411898904888,13.46656496547006,12511000
2010-10-07,13.484662055969238,13.581153281929227,13.255494531614653,13.581153281929227,11971000
2010-10-08,13.45450496673584,13.550996172169055,13.327860690954456,13.490690031472722,9128800
2010-10-11,13.418314933776855,13.5570208345567,13.351976828940678,13.478622197240163,5717400
2010-10-12,13.798254013061523,13.828408231453484,13.364043620609642,13.364043620609642,14252100
2010-10-13,13.786189079284668,14.00932447289384,13.599236435674824,13.894741930344459,17978400
2010-10-14,13.61130428314209,13.731918872332967,13.364045410540163,13.731918872332967,17150000
2010-10-15,13.593214988708496,13.828412208478984,13.303740160222338,13.695735909928535,26105000
2010-10-18,13.96711540222168,13.967115402221678,13.575119731097923,13.575119731097923,11134600
2010-10-19,13.756036758422852,13.942989427690554,13.544961869089851,13.83443656173269,17575000
2010-10-20,13.768102645874023,13.930931994509422,13.665580591207215,13.846501322847017,21013700
2010-10-21,14.08773136138916,14.226437340824454,13.834441631423568,13.852533015535805,17393700
2010-10-22,14.226433753967285,14.286741036423765,13.912836805406181,14.214372067422842,18854800
2010-10-25,14.154069900512695,14.34102265872259,14.123916823519437,14.34102265872259,18468500
2010-10-26,14.437512397766113,14.461634626821914,13.96108600855419,13.967116853384649,15886000
2010-10-27,14.678739547729492,14.72095430871157,14.467664592553133,14.491787970409158,21334900
2010-10-28,14.582245826721191,14.799351588990039,14.377201751304117,14.757135685008832,14388900
2010-10-29,14.594305038452148,14.63048894260509,14.413383217156284,14.5159052374776,9853500
2010-11-01,14.431482315063477,14.63652644906333,14.214376490765725,14.59431168328679,11456200
2010-11-02,14.353080749511719,14.606370463927382,14.286743761396016,14.570186547658276,10003800
2010-11-03,14.503844261169434,14.540029317355554,14.232463241367313,14.407353078537708,12975800
2010-11-04,15.173259735107422,15.227536193759937,14.540035917849607,14.60034207167138,24115400
2010-11-05,15.740141868591309,15.915031733103511,15.185316906586227,15.221500818163612,30045400
2010-11-08,15.498908996582031,15.782351656888947,15.330048878587123,15.691891331281672,14277800
2010-11-09,15.20340347290039,15.547154549962945,15.143097356123347,15.45066338280114,14434900
2010-11-10,15.384331703186035,15.408453929924516,14.980274340489657,15.257686274444762,15548700
2010-11-11,15.18531608581543,15.317991187938587,15.040579297063145,15.239592525380754,10695500
2010-11-12,14.847597122192383,15.155162083727744,14.739044241525427,15.10088679366003,14243200
2010-11-15,15.040580749511719,15.305930979382545,14.895843946782396,14.925997016001308,12084700
2010-11-16,14.907899856567383,15.137067252449556,14.78728646686695,14.91393069859223,17226500
2010-11-17,14.91393756866455,15.076766927545894,14.835538886758364,14.901875879058665,14480200
2010-11-18,15.082788467407227,15.233556043670475,14.968204787372867,15.040573730095968,10479700
2010-11-19,14.998361587524414,15.058667708250507,14.883777887666897,15.034545490013175,8966900
2010-11-22,14.865687370300293,14.950118021205071,14.72698143346015,14.87171821324104,9985700
2010-11-23,14.52193832397461,14.787289679387621,14.50384579396949,14.70285902296281,12580600
2010-11-24,14.576215744018555,14.660645255855751,14.449570325996927,14.600337968715255,11500500
2010-11-26,14.455599784851074,14.630490785776889,14.425446719302487,14.473692314339658,3458800
2010-11-29,14.534002304077148,14.582247908104765,14.256589218218904,14.310865666533214,9664600
2010-11-30,14.341021537780762,14.62446435026748,14.322929002839286,14.467665831572893,11166900
2010-12-01,14.60033893585205,14.612400624132292,14.401325680291713,14.540032794982663,12996800
2010-12-02,14.932031631469727,15.070737625336816,14.564158112698088,14.612403725793865,15956100
2010-12-03,14.932031631469727,15.028522857661281,14.817447869017451,14.865693482113228,11776900
2010-12-06,14.865687370300293,14.980271085643128,14.78728871260194,14.82950346292149,8116500
2010-12-07,14.696828842163086,15.125008352349568,14.630490717944898,15.004393790182993,18899800
2010-12-08,15.17928409576416,15.17928409576416,14.702857862297536,14.745073762310232,14023200
2010-12-09,15.583346366882324,15.661745048680595,15.245627110244655,15.305933257659001,21338500
2010-12-10,15.951213836669922,15.963274371448458,15.450665409994429,15.601433022249283,19693200
2010-12-13,15.78839111328125,15.963281018178767,15.728083813215665,15.957250173145601,13668700
2010-12-14,15.643651008605957,15.945186295547582,15.577312877393732,15.8064791893524,11892400
2010-12-15,15.55921459197998,15.794412810994318,15.480815952485473,15.619521857118668,12697200
2010-12-16,15.740141868591309,15.806478848105545,15.498913874299058,15.559220010172764,13409500
2010-12-17,15.800447463989258,15.824569685704356,15.571280031234535,15.716016812322191,13202600
2010-12-20,15.764265060424805,15.878848796095918,15.728081146626618,15.782357592456837,7183800
2010-12-21,16.017547607421875,16.16831518958957,15.812503603652576,15.860749183935624,9400800
2010-12-22,16.25275230407715,16.433673014775685,16.029615687300844,16.05976875566199,10686800
2010-12-23,16.29496192932129,16.31305330453547,16.132132650800898,16.258776878362003,8075100
2010-12-27,16.355276107788086,16.40352171251984,16.198477604843394,16.198477604843394,5015600
2010-12-28,16.39145851135254,16.463826336639915,16.307028998428652,16.355274598708853,4947200
2010-12-29,16.331039428710938,16.409582579515504,16.26457904176314,16.34916415068893,6418200
2010-12-30,16.276660919189453,16.38541384697774,16.20415858320208,16.331037383083597,4724800
2010-12-31,16.2947940826416,16.373338416694004,16.222292861470603,16.2947940826416,4360000
2011-01-03,16.276660919189453,16.554584043639046,16.264577004460634,16.433748353507475,15311000
2011-01-04,16.167905807495117,16.33707713369087,16.08332072058993,16.270616764045148,16433100
2011-01-05,16.20415496826172,16.24040555197559,15.944356621477514,16.071235393053993,18364800
2011-01-06,15.883951187133789,16.258543519852815,15.78728097131138,16.240417638313712,19424200
2011-01-07,15.763113021850586,15.980618973392101,15.497272542453853,15.877907957651502,19378200
2011-01-10,15.859773635864258,15.938316769677995,15.563724666281042,15.690602302222949,11304500
2011-01-11,15.738940238952637,16.101449660214577,15.696647684409452,15.980613954717718,12441900
2011-01-12,16.125621795654297,16.252499493139485,15.865823288553013,15.877907208042839,13038600
2011-01-13,16.161869049072266,16.470002017826847,16.13166040900026,16.252496121674024,13268500
2011-01-14,16.53646469116211,16.62104981694651,16.119578716793747,16.12562067611919,14203300
2011-01-18,16.500207901000977,16.7237557182944,16.39145497109529,16.6270867033528,12578300
2011-01-19,16.022907257080078,16.439792016221705,15.859777837040795,16.439792016221705,17963500
2011-01-20,16.131656646728516,16.204157826946687,15.835606511616954,15.865816297029093,12953400
2011-01-21,16.28874397277832,16.40353885998357,16.11957377309222,16.379372182479365,13241300
2011-01-24,16.21623992919922,16.349159513004494,15.962483522017981,15.962483522017981,11340600
2011-01-25,16.167905807495117,16.258532850948583,15.889981568201055,16.161863850946837,10517200
2011-01-26,16.07124137878418,16.318955905796553,16.07124137878418,16.192077086964087,9065800
2011-01-27,16.28874397277832,16.294785930250757,15.938318506075687,16.065197308225816,9951200
2011-01-28,16.192075729370117,16.482083939935258,16.186034923995454,16.288744748763293,17235700
2011-01-31,16.312917709350586,16.385420072886415,16.089369811468917,16.198122780579677,11576300
2011-02-01,16.711673736572266,16.753966291453512,16.312913715712373,16.34916431241263,10533800
2011-02-02,16.54854393005371,16.711673339911435,16.433750184496645,16.518335292251464,11924800
2011-02-03,16.596881866455078,16.627091662876268,16.39750181961882,16.512296741247546,8221400
2011-02-04,16.56667137145996,16.621047846556834,16.282706231143006,16.54854549563241,10315100
2011-02-07,16.886890411376953,16.95334965975977,16.578757397429982,16.59688212317715,9713800
2011-02-08,17.050016403198242,17.08626815457026,16.808343822646947,16.92313873055347,11659300
2011-02-09,16.941265106201172,17.08626865881122,16.832512153647187,16.971473747516924,7963800
2011-02-10,16.8325138092041,16.923140894450754,16.681468282997706,16.86876441282558,12202000
2011-02-11,17.140640258789062,17.243351223382746,16.58479288905599,16.64521015449953,10865100
2011-02-14,17.327939987182617,17.36419058460416,17.086267417062817,17.1587686119059,8139300
2011-02-15,17.309816360473633,17.430653237420653,17.225231238042237,17.27356575834387,8724600
2011-02-16,17.34001922607422,17.485022729029392,17.188973766447738,17.364185900374046,7706200
2011-02-17,17.134597778320312,17.33397774439534,17.134597778320312,17.291685198922675,7500900
2011-02-18,17.25543975830078,17.261481717343724,17.007725199469338,17.140645993642405,10144400
2011-02-22,16.729801177978516,16.98959964216463,16.66938274289568,16.862720813252103,13192800
2011-02-23,16.6270809173584,16.86875337061372,16.37332455334402,16.705624032521946,12197800
2011-02-24,16.61500358581543,16.735840436484697,16.43374946219714,16.566669076024844,11538000
2011-02-25,16.6270809173584,16.820418879962656,16.572704471327807,16.717707943281,9868500
2011-02-28,16.753969192504883,16.808345673163732,16.6270915058915,16.68146798655035,7455900
2011-03-01,16.38541603088379,16.80230077312205,16.306871727063346,16.79021800916833,13034000
2011-03-02,16.222288131713867,16.47000267786591,16.161869696762828,16.427710119115922,10212200
2011-03-03,16.639179229736328,16.73584829470791,16.306878310558627,16.361254803653413,12897900
2011-03-04,16.337081909179688,16.633130952271244,16.131659936032772,16.578754479827314,19485900
2011-03-07,16.252504348754883,16.53042881812391,16.22229569339114,16.42771777654632,8699300
2011-03-08,16.766048431396484,16.83855076950082,16.331037859927164,16.373330410327373,12122800
2011-03-09,16.7962589263916,16.880845188942956,16.59687891501134,16.693547941596577,6930300
2011-03-10,16.421672821044922,16.65126155615588,16.39146301880261,16.58480229599504,11180300
2011-03-11,16.409584045410156,16.51229503787496,16.25249657738247,16.373333445830163,9150300
2011-03-14,16.234373092651367,16.349166858812374,16.01082521467964,16.28874841997792,8190500
2011-03-15,16.137704849243164,16.23437505449191,15.751028637792212,15.787279244519237,12230800
2011-03-16,15.799365997314453,16.161875586746767,15.660404352954371,16.119583012583803,19301800
2011-03-17,15.920197486877441,16.077284960521013,15.52143742008447,16.022908483014167,17874500
2011-03-18,16.10144805908203,16.4760413593597,16.083323338871956,16.161866482015277,19414900
2011-03-21,16.07124137878418,16.361248461278805,15.96248843475227,16.349164544745104,10552000
2011-03-22,15.986654281616211,16.198118200383835,15.938319770388096,16.089365262024163,6580900
2011-03-23,15.980613708496094,16.02894822042726,15.726857232761063,15.944361960258473,7561100
2011-03-24,16.11957550048828,16.149784138702124,15.974571962767607,16.137700222462318,6359100
2011-03-25,16.264575958251953,16.34311909416596,16.125614404965773,16.161864994434893,8509000
2011-03-28,16.234373092651367,16.337084092954182,16.204163297041205,16.306874297344017,6457900
2011-03-29,16.17670249938965,16.231333107800676,16.134212283463636,16.22526291155817,9113700
2011-03-30,16.194913864135742,16.29203469312656,16.170633078002233,16.26168486823128,12758900
2011-03-31,16.043169021606445,16.182780125972076,15.921767356557673,16.10386985413083,10263600
2011-04-01,16.194913864135742,16.237404082097772,16.09779303514492,16.22526368903102,13337400
2011-04-04,16.14635467529297,16.255615905644447,16.073513469134753,16.23740531466197,6912600
2011-04-05,16.091726303100586,16.188847153001163,16.055306273830833,16.085656105260316,9166200
2011-04-06,16.328460693359375,16.37095092687957,16.07958833322223,16.176709197774677,12693200
2011-04-07,16.043169021606445,16.41951209926789,15.98246818908206,16.370951664802796,15241800
2011-04-08,15.891419410705566,16.14636201143563,15.812507971699569,16.10994197069483,9160200
2011-04-11,15.836787223815918,16.04923956330127,15.830717024656668,15.84892762213442,7457500
2011-04-12,16.00067138671875,16.14028242652176,15.745728934231202,15.745728934231202,12858800
2011-04-13,15.776076316833496,16.122069343586485,15.733586107621216,16.122069343586485,14110300
2011-04-14,15.685028076171875,15.776078703655202,15.53934684064424,15.697168468575397,15261200
2011-04-15,15.739663124084473,15.806434143367172,15.666821906887723,15.757872560054759,13746600
2011-04-18,15.515066146850586,15.697168560657019,15.484716323435288,15.58790734392747,11150400
2011-04-19,15.326894760131836,15.697168627794197,15.175143326863205,15.67288784274087,19014200
2011-04-20,15.078025817871094,15.50293038756897,14.999114406866608,15.50293038756897,21254800
2011-04-21,15.266191482543945,15.345102863414112,15.053739278825283,15.163000478324673,14877200
2011-04-25,15.205490112304688,15.375452100404388,15.199421075025523,15.272261100088734,11014400
2011-04-26,15.199422836303711,15.351174256836593,15.175142053288152,15.266192674053588,45306400
2011-04-27,15.50899600982666,15.593977599702743,15.351175538138692,15.56969681466056,17628900
2011-04-28,15.46650505065918,15.587906654494029,15.393665014575468,15.448295620524002,11714200
2011-04-29,15.672886848449707,15.69109743608442,15.454364427919087,15.460434623797324,11044200
2011-05-02,15.58790397644043,15.818565594772416,15.551483964655654,15.727514986424824,9882300
2011-05-03,15.666818618774414,15.757869252831966,15.563627591436754,15.612188006785557,9720500
2011-05-04,15.502931594848633,15.715382738470241,15.442230771911644,15.654683073305154,9693900
2011-05-05,15.296541213989258,15.508992242645583,15.223700034327608,15.454361647342164,8597300
2011-05-06,15.290478706359863,15.472580010406944,15.187287658660692,15.454369416893494,10629300
2011-05-09,15.326894760131836,15.369384976203605,15.18728371938987,15.320824563868506,8856300
2011-05-10,15.58790397644043,15.606113403447168,15.308680798700342,15.326891383478381,10238900
2011-05-11,15.290478706359863,15.521140435337621,15.181217460822875,15.502930999596026,12119300
2011-05-12,15.375452995300293,15.442223986970605,15.102299990986644,15.284402379786208,10456000
2011-05-13,15.187285423278809,15.424017315250355,15.120514414662551,15.369386700522815,13112200
2011-05-16,15.205490112304688,15.42401250303697,15.023388891875333,15.071949294507917,11343200
2011-05-17,15.533278465270996,15.557558095152583,15.12051433733892,15.16907475487377,12930500
2011-05-18,15.624323844909668,15.642534429520667,15.405801460662824,15.515062652786245,9048700
2011-05-19,15.666818618774414,15.685029208694576,15.50292794057947,15.685029208694576,8946300
2011-05-20,15.296541213989258,15.703235002486224,15.27226043484495,15.648604407182805,10140600
2011-05-23,15.132652282714844,15.266193119885967,15.102301303059026,15.138722478646006,10139300
2011-05-24,15.15086555480957,15.229776964154166,15.090165895648234,15.144796515110865,7976400
2011-05-25,15.120516777038574,15.223707825671498,15.041606519976629,15.084096747453973,7837400
2011-05-26,15.144789695739746,15.205489327569355,15.035528506012431,15.096229295613304,8998300
2011-05-27,15.430091857910156,15.533282919483502,15.205499138801576,15.217639536109502,9464500
2011-05-31,15.539346694946289,15.63039732157592,15.369384676205186,15.60004749862322,10691700
2011-06-01,14.993041038513184,15.478645128454135,14.974830450976095,15.466504736762742,17527100
2011-06-02,15.01125431060791,15.156935574879244,14.944484454757575,15.035535100205687,12552600
2011-06-03,14.901986122131348,15.084088485860153,14.75630492581104,14.774515509515291,11276800
2011-06-06,14.634909629821777,14.986972933590307,14.616699039744018,14.835221489590568,17677600
2011-06-07,14.477086067199707,14.847358754118188,14.477086067199707,14.677397900375766,14872200
2011-06-08,14.54992961883545,14.774522289839686,14.422458947720548,14.422458947720548,13056700
2011-06-09,14.817008972167969,14.932340378781921,14.537786907259065,14.622767334358038,13568100
2011-06-10,14.768455505371094,14.877716767445804,14.471022712929953,14.719895073090335,15915700
2011-06-13,14.756312370300293,14.841293979355045,14.616701298114949,14.841293979355045,11871400
2011-06-14,14.8716402053833,14.986971616866384,14.829149990039936,14.920200616885936,10227400
2011-06-15,14.562066078186035,14.762377905641294,14.361754250730778,14.762377905641294,14025900
2011-06-16,14.695611953735352,14.84129438530782,14.507440453131032,14.580281668917266,10246100
2011-06-17,14.865572929382324,14.962693771465783,14.756311692595489,14.877713324085697,14971600
2011-06-20,14.8716402053833,15.017321439891205,14.756308793900216,14.80486920540285,8962400
2011-06-21,15.005179405212402,15.065880202389703,14.829148366946782,14.986969976499198,6168700
2011-06-22,14.841294288635254,15.084096410054734,14.841294288635254,14.926274741689111,8927200
2011-06-23,14.744170188903809,14.786660406061431,14.507437159670278,14.640979165333189,11952000
2011-06-24,14.519576072692871,14.768448311627031,14.507435681093286,14.738098490399535,14065500
2011-06-27,14.914128303527832,14.962688708136866,14.54385449477683,14.568135275967034,9645500
2011-06-28,15.173428535461426,15.18562984488224,14.929383727974953,15.039203658605489,12349400
2011-06-29,15.454079627990723,15.47848457610024,15.258844697882493,15.31375466743693,14245900
2011-06-30,15.563896179199219,15.624907372500308,15.411368777792356,15.533390000702813,11824600
2011-07-01,15.899456024169922,15.978770924705302,15.46627876200125,15.533390027425353,12912500
2011-07-05,15.612707138061523,15.887256965407554,15.545594699445406,15.868953255687188,12204200
2011-07-06,15.435773849487305,15.612706208507582,15.295448907728213,15.612706208507582,9714200
2011-07-07,15.63101577758789,15.7347345046643,15.570004556303134,15.576105794800837,7933300
2011-07-08,15.466277122497559,15.484579663995003,15.338153513557435,15.399164700495989,7196700
2011-07-11,15.173428535461426,15.319854721738176,15.124619806702508,15.264944756422908,8753000
2011-07-12,15.228337287902832,15.399168419853265,15.100214811708922,15.100214811708922,8424400
2011-07-13,15.32595157623291,15.569995150249515,15.258839156994012,15.289344167361755,10437700
2011-07-14,15.063605308532715,15.441872582716897,15.020897825675625,15.350356381781474,11426000
2011-07-15,15.094115257263184,15.14292399130372,14.917184032750741,15.14292399130372,11942900
2011-07-18,14.904979705810547,15.063608362649688,14.740249812513145,14.996495925300703,9785500
2011-07-19,15.27104663848877,15.356461626504407,14.837868134212457,14.96599177992785,19314800
2011-07-20,15.94826889038086,16.14960506635466,15.661517719658178,15.777438900883103,20080200
2011-07-21,16.479061126708984,16.576678573707333,16.06418639512012,16.082490102816724,21257400
2011-07-22,16.418054580688477,16.55227831739784,16.381448318620848,16.47296455563596,12315600
2011-07-25,16.45465850830078,16.503467238697056,16.125199869048906,16.222817329841455,16061600
2011-07-26,16.314334869384766,16.49126725864572,16.296031157625766,16.326537343890767,12766800
2011-07-27,15.997078895568848,16.350942540951326,15.96657387036206,16.222820038652277,13509600
2011-07-28,15.92386531829834,16.149605282786244,15.905561606167412,15.978775290999081,11893500
2011-07-29,15.899456024169922,16.064185897258735,15.69201866480439,15.77133356533977,15285200
2011-08-01,15.850652694702148,16.08249507578142,15.600507763958596,16.070292600210486,11419800
2011-08-02,15.344260215759277,15.777438750041485,15.344260215759277,15.69202259241721,17377600
2011-08-03,15.393067359924316,15.429674779564195,15.100214984956667,15.380864886711024,18660200
2011-08-04,14.734152793884277,15.289352669908018,14.728051555679464,15.161230158683555,24129000
2011-08-05,14.471799850463867,15.051404458264484,14.325373680467152,14.92938206808801,26504200
2011-08-08,13.172271728515625,14.429097691193425,13.105159272766999,14.044728998478998,37433600
2011-08-09,14.258264541625977,14.294870798666695,13.1356625737139,13.452918740886672,42253100
2011-08-10,13.074650764465332,13.934905329109936,13.025842036105775,13.934905329109936,29929900
2011-08-11,13.6908597946167,13.886094681064641,13.062446485632133,13.221075121794016,23561700
2011-08-12,13.367501258850098,14.227755702780916,13.257681344528425,14.093532009549824,17695100
2011-08-15,13.867793083190918,13.879995556372684,13.446818231647008,13.520030743353821,16138100
2011-08-16,13.532235145568848,13.837290036447525,13.440718911043657,13.666458878626324,12414700
2011-08-17,13.684762954711914,13.818986691336692,13.53223550521881,13.617650504553481,10731300
2011-08-18,12.855013847351074,13.269888715212838,12.745193892482709,13.202776261972806,21663500
2011-08-19,12.543856620788574,13.153966394456976,12.501149122822513,12.702485301585403,17928400
2011-08-22,12.391329765319824,12.94042835493681,12.293712289996455,12.90382209261357,20205200
2011-08-23,13.123462677001953,13.123462677001953,12.26320790363168,12.507251604642368,21494500
2011-08-24,13.568842887878418,13.605449152946193,12.98923923015194,13.117361739735244,18019700
2011-08-25,13.635956764221191,14.258269153668973,13.459024331191166,14.020325496708171,28019500
2011-08-26,13.678657531738281,13.849488641829364,13.196670380244724,13.404107741179706,13279300
2011-08-29,14.136242866516113,14.136242866516113,13.855591778134066,13.898300437870892,9998400
2011-08-30,14.05082893371582,14.18505266907469,13.794582774436464,14.02642398345489,11526000
2011-08-31,14.160649299621582,14.32537924119605,13.953213017707172,14.087436768049956,11850100
2011-09-01,13.825085639953613,14.233859183462577,13.818984403341013,14.07523052261069,11093500
2011-09-02,13.184473037719727,13.562740458819848,13.117360587911735,13.49562917270394,13604800
2011-09-06,12.97703742980957,12.995339981450655,12.659780012851959,12.73299371049304,17318900
2011-09-07,13.843389511108398,13.849490747792096,13.11125740075153,13.257683590084522,17442300
2011-09-08,13.94710636138916,14.130138782907311,13.593242826413448,13.703061581109285,25314200
2011-09-09,13.422417640686035,13.873898821684222,13.379710134383707,13.690866319333592,20100700
2011-09-12,13.635956764221191,13.648159241745809,13.135666822634965,13.202778121635745,18110400
2011-09-13,14.00811767578125,14.081331349309258,13.6603553448299,13.6603553448299,15944700
2011-09-14,14.34367847442627,14.526710909861269,13.95320865819595,14.117937384610713,18967600
2011-09-15,14.673133850097656,14.673133850097656,14.349776541336182,14.361979011321186,14045200
2011-09-16,14.709748268127441,14.886679512437903,14.343682140015826,14.819568222930142,18567800
2011-09-19,14.575517654418945,14.734146286609795,14.215552905157342,14.386384008368646,13796600
2011-09-20,14.697541236877441,14.978191111104879,14.441295142991104,14.606025024137702,18894100
2011-09-21,13.94710636138916,14.709743390534381,13.941005125512989,14.709743390534381,19821300
2011-09-22,13.977618217468262,14.063033234151709,13.489530745430967,13.53223825377269,25742000
2011-09-23,14.160649299621582,14.294874213656575,13.83729181841119,13.873898084197002,18073000
2011-09-26,14.862275123596191,14.892780148167002,14.300974060171761,14.343681560047735,17092000
2011-09-27,14.685335159301758,15.258838402657723,14.575515265500458,15.106311030976247,20106000
2011-09-28,14.320430755615234,14.8907949849683,14.302031494428546,14.755869409132758,16053400
2011-09-29,14.84786605834961,14.93372812296823,14.381763055068916,14.657745004135093,24180800
2011-09-30,14.436956405639648,14.804932254299146,14.436956405639648,14.620944329969397,18362300
2011-10-03,13.891122817993164,14.663874174499933,13.878856644929568,14.332695690149402,23128400
2011-10-04,14.203902244567871,14.308162368970164,13.39435359380492,13.65193736175373,34300000
2011-10-05,14.381758689880371,14.443087213435845,13.958585092701293,14.216168868840741,17900900
2011-10-06,14.719069480895996,14.743601824852098,14.111908005181022,14.30202899177463,16041300
2011-10-07,14.3081636428833,14.811065051328548,14.216169682518114,14.78040078779571,18471900
2011-10-10,14.995061874389648,14.995061874389647,14.633217763228519,14.639350853051095,15147700
2011-10-11,14.645480155944824,14.95826066239843,14.620948970805538,14.798803864808333,21949800
2011-10-12,15.179040908813477,15.534751719683896,14.768133491966045,14.817197011749323,22261600
2011-10-13,14.921455383300781,15.093178267237318,14.700668985349012,14.964385811843306,15475500
2011-10-14,15.1483793258667,15.264904474849686,14.77426919027187,15.11158080219827,15109600
2011-10-17,14.479886054992676,14.853994970064162,14.461486795654748,14.76813409935376,16782200
2011-10-18,15.013455390930176,15.240374966024657,14.436959160802317,14.596414768443184,22074300
2011-10-19,14.79880142211914,15.442761594914092,14.71907362136749,15.087050695855053,20913900
2011-10-20,15.283300399780273,15.332363917525694,14.731335532702655,14.866259914060928,17274600
2011-10-21,15.571547508239746,15.614477937531603,15.313963762722135,15.448889305943935,23221900
2011-10-24,15.681940078735352,15.82913061743321,15.52861645470428,15.632876565836066,14530900
2011-10-25,15.234237670898438,15.577682312900732,15.179041064355816,15.491821444841808,15856700
2011-10-26,15.6328763961792,15.724870335646187,15.301697980144759,15.497952029612042,15944500
2011-10-27,16.08058738708496,16.338171220277026,15.749408841419086,16.043790030848058,34060600
2011-10-28,15.964062690734863,16.12965138345605,15.816872091778865,15.93339725151472,16032500
2011-10-31,15.694207191467285,16.086715318222392,15.669674848661847,15.700340277168646,15048200
2011-11-01,15.044116973876953,15.473422492438209,14.84172980246904,15.001185369230871,17964400
2011-11-02,15.52248477935791,15.63287798585049,15.277167192578027,15.455023174097521,13514200
2011-11-03,15.700342178344727,15.841399657257377,15.375295615411261,15.761671873018331,12082600
2011-11-04,15.657414436340332,15.71874297179684,15.271038112270071,15.491824583167363,16712200
2011-11-07,15.878192901611328,15.890459071328547,15.632875356098598,15.700338119776971,14742800
2011-11-08,16.111251831054688,16.172581534175578,15.743274782096137,15.957928158135857,12915100
2011-11-09,15.39983081817627,15.816871415606531,15.32623493696105,15.694212003503448,16414500
2011-11-10,15.724876403808594,15.773939935108821,15.424362128373843,15.651281691741682,13612300
2011-11-11,15.908870697021484,16.04379515953238,15.792344333626886,15.93340188576563,13394200
2011-11-14,15.626750946044922,15.82300509140075,15.497959601817778,15.773941555061793,8652400
2011-11-15,15.651280403137207,15.71874202201647,15.46729129858444,15.534754087230464,11679000
2011-11-16,15.602216720581055,16.025389200330206,15.540887019673907,15.559286280876076,16249200
2011-11-17,15.39983081817627,15.939529657942765,15.307835674215534,15.534755235676181,14560100
2011-11-18,15.565422058105469,15.596087501046863,15.320104363409499,15.491827334580197,11446900
2011-11-21,15.099308013916016,15.405955201146295,15.007312921933984,15.326226277397359,14515400
2011-11-22,15.129982948303223,15.283306650183162,15.044122049575899,15.105450594514265,9936100
2011-11-23,14.590279579162598,14.939857325588607,14.5902795791626,14.92145806586268,15687700
2011-11-25,14.737471580505371,14.988922305706787,14.547349387486335,14.565748649001112,5089700
2011-11-28,15.16064167022705,15.252636793487786,14.995053021844209,15.22197136247868,11499700
2011-11-29,15.093188285827637,15.326239839653862,15.056389748565161,15.16678302081814,9198300
2011-11-30,15.896597862243652,15.927262127777256,15.350765981331621,15.602216701960765,18726500
2011-12-01,15.761675834655762,15.816872456758803,15.522490082286932,15.737143482713552,9248500
2011-12-02,15.773938179016113,16.037655069058136,15.706476562093002,15.914996839346383,15209300
2011-12-05,15.908870697021484,16.12965607478775,15.78621124399904,15.96406733390486,14883500
2011-12-06,16.07445526123047,16.203247770416215,15.816872582392845,15.908866563372987,11501200
2011-12-07,16.197113037109375,16.252309654044076,15.810737888333271,15.914998034791397,12314700
2011-12-08,15.73100757598877,16.190978564583567,15.675810963776057,16.154181213030665,11920600
2011-12-09,16.123519897460938,16.172583431761087,15.786207075601348,15.884334144201647,10268200
2011-12-12,15.970196723937988,16.006994083413492,15.731010962929806,15.939531282902598,14533000
2011-12-13,15.786202430725098,16.160312500791246,15.639011871133478,16.01925502740343,12324900
2011-12-14,15.810735702514648,16.056053316216843,15.61448044178624,15.657412047729945,12475100
2011-12-15,15.823003768920898,16.123519219867905,15.804605675435857,16.031524073375174,9709200
2011-12-16,15.945663452148438,16.209380381019752,15.890466831232727,15.988593897356903,15139400
2011-12-19,15.675811767578125,16.056054985678088,15.596083973497546,16.00085837063508,10038300
2011-12-20,16.25230598449707,16.38723036778071,15.872062839219103,15.890462097298641,14966800
2011-12-21,16.44242286682129,16.47922137379232,15.994718226570049,16.270701180021504,13006100
2011-12-22,16.767471313476562,16.83493408115179,16.49762141254205,16.50988758298598,13053800
2011-12-23,16.85947036743164,16.890135802845354,16.681615521099108,16.865603454514382,5190600
2011-12-27,16.749074935913086,16.91466475606135,16.749074935913086,16.85946814934526,4101400
2011-12-28,16.561161041259766,16.850735674766977,16.536517066683118,16.807607837898775,6705400
2011-12-29,16.819929122924805,16.856896847255836,16.60428994005417,16.61661133968577,6201700
2011-12-30,16.665903091430664,16.863060793513277,16.635097824776352,16.844576928433334,5024800
2012-01-03,16.992443084716797,17.20192217310065,16.93083138075469,17.010926948449082,15765000
2012-01-04,16.98628044128418,17.072536114860533,16.76447879477879,16.943152604496,9373500
2012-01-05,17.23888397216797,17.442201716580566,16.869215025469106,16.906182742740622,16744800
2012-01-06,17.097179412841797,17.30049717506978,16.88153907711023,17.288174601566194,15693000
2012-01-09,17.399072647094727,17.4483617581289,17.06021015562792,17.06021015562792,15336100
2012-01-10,17.411399841308594,17.59007247556505,17.288176443435205,17.571589788485834,17290600
2012-01-11,17.503826141357422,17.522310013444176,17.164963379122526,17.26970297065539,14823700
2012-01-12,17.707136154174805,17.731781305990225,17.343628390916003,17.540784904857283,11914100
2012-01-13,17.88580894470215,18.03367632160395,17.460689501643564,17.49149476448523,23584100
2012-01-17,17.725622177124023,18.12609654174063,17.590076175919936,17.879650869295464,17608800
2012-01-18,17.916610717773438,18.052155493079184,17.41755827104136,17.9474159746149,18626100
2012-01-19,17.596235275268555,17.947420461701025,17.423723913593946,17.947420461701025,17775500
2012-01-20,17.707136154174805,17.77490914652169,17.497657064325818,17.60239660925031,12708500
2012-01-23,17.553102493286133,17.781065382224085,17.42371900845432,17.6578420084503,12430500
2012-01-24,17.528461456298828,17.590071978348572,17.27585455542966,17.43604332293345,9604200
2012-01-25,17.620882034301758,17.688653857507628,17.38059648339447,17.38059648339447,12197400
2012-01-26,17.121826171875,17.78106863949591,17.054053186369725,17.688650504663116,18743600
2012-01-27,17.164955139160156,17.28817736848144,17.041731734693396,17.1464712759465,11854700
2012-01-30,17.257373809814453,17.325146806481097,16.819931738372954,16.906188600079297,10128000
2012-01-31,17.386762619018555,17.49150220242241,17.238895179238867,17.337473472425323,11931300
2012-02-01,17.596235275268555,17.81803694044507,17.429885201531683,17.522302170306727,16831400
2012-02-02,17.602392196655273,17.799548661173063,17.516136537215047,17.6886478560955,8380600
2012-02-03,17.990549087524414,18.0275156392045,17.805713978833015,17.86732568173015,13863500
2012-02-06,17.965909957885742,18.002876521955795,17.811881236590327,17.91045952420772,8768800
2012-02-07,18.144580841064453,18.224675245841805,17.842683563072306,17.842683563072306,10020400
2012-02-08,18.255483627319336,18.323256641094073,18.09529479045414,18.132261354719503,10251900
2012-02-09,18.076801300048828,18.280119058018894,17.996705749098194,18.249313800050352,10527000
2012-02-10,17.873485565185547,17.959741237376992,17.787229892994105,17.92277468860143,9390100
2012-02-13,17.978227615356445,18.02135545748783,17.86116549018158,17.984388903538868,6712100
2012-02-14,17.867326736450195,18.01519412704473,17.63320366179524,17.978227573182487,10260300
2012-02-15,17.63936424255371,17.959744184910036,17.60855897604258,17.941261495061596,9320200
2012-02-16,17.916610717773438,17.97206112020425,17.565425619141784,17.651681278414056,10190400
2012-02-17,18.082975387573242,18.119941958333104,17.83652962393065,17.916624056434706,8846800
2012-02-21,17.941259384155273,18.193866300291557,17.879647683236445,18.015192485141505,12012900
2012-02-22,17.750263214111328,17.953581007065253,17.719457950842283,17.879647905161352,10810100
2012-02-23,17.861164093017578,17.95974234593404,17.72561928904381,17.75026326470019,8205500
2012-02-24,17.700969696044922,17.96589912495135,17.65784186811042,17.879643469082346,7294000
2012-02-27,18.05215835571289,18.119931341685525,17.55926711721758,17.602394953692745,13324700
2012-02-28,17.972064971923828,18.095288375988996,17.922775845326854,18.070643225117774,8537800
2012-02-29,18.11376953125,18.24931549928118,17.97206345116774,18.021352573593976,10432000
2012-03-01,18.30476951599121,18.34789853763409,18.095291572311343,18.132258130002416,11204400
2012-03-02,18.033676147460938,18.35405604856047,18.002869709771307,18.35405604856047,9861400
2012-03-05,17.80571746826172,17.947423590093766,17.602399631458344,17.935102187216078,10129900
2012-03-06,17.479169845581055,17.70097027870882,17.411396870798708,17.633198479071687,9107400
2012-03-07,17.645526885986328,17.725622465299207,17.448370344824912,17.466854211238427,7454300
2012-03-08,17.965909957885742,18.033682971302408,17.6824976747722,17.774914672520275,7102200
2012-03-09,18.310930252075195,18.409508519706222,17.972067603986744,18.027518026422403,10550500
2012-03-12,18.286279678344727,18.310923648792556,18.058316782189895,18.26779581914994,7671300
2012-03-13,19.1057186126709,19.1426851687736,18.323252595099028,18.36021915120173,25449800
2012-03-14,19.395286560058594,19.395286560058594,18.970168348950864,19.12419699286838,24511700
2012-03-15,19.518510818481445,19.586283800883713,19.081068839109612,19.42609386302539,18680700
2012-03-16,19.50002098083496,19.647888299274353,19.309025841410538,19.58011651278858,20693200
2012-03-19,19.623252868652344,19.82657066683006,19.407612494792218,19.506190749960478,13957100
2012-03-20,19.530834197998047,19.623251157265216,19.34599910431832,19.438416063585485,14261900
2012-03-21,19.4322566986084,19.66021846188964,19.389127685823016,19.58012407415053,12683500
2012-03-22,19.327512741088867,19.419929682776562,19.08106599639479,19.364479282734912,11259200
2012-03-23,19.530834197998047,19.54315559746038,19.2104543090695,19.296709981032805,12089600
2012-03-26,19.783443450927734,19.857376557062548,19.635576063512577,19.71567045768288,12965400
2012-03-27,19.524667739868164,19.72798546646833,19.51850645419603,19.66637378489205,8853200
2012-03-28,19.72614860534668,19.78194233260876,19.527771433935364,19.55876742356043,12149400
2012-03-29,19.55877685546875,19.571175730266418,19.298406396826593,19.50918253869985,9966100
2012-03-30,19.639358520507812,19.639358520507812,19.34179276896586,19.509172765194965,9690000
2012-04-02,19.657960891723633,19.719954068792248,19.341797935274556,19.558772281382453,10440100
2012-04-03,19.583574295043945,19.62696917372704,19.31700440322292,19.50298279255669,12366800
2012-04-04,19.409988403320312,19.533974751309003,19.27360436646991,19.471981577314658,11173200
2012-04-05,19.43478775024414,19.54017580000796,19.279805393675083,19.35419626267217,9899500
2012-04-09,19.224010467529297,19.341797382350336,19.100024116936464,19.174416163776456,8456000
2012-04-10,18.80865478515625,19.316996614632696,18.80245535035516,19.162014291869326,13146500
2012-04-11,19.137218475341797,19.24880475881386,19.019431574407506,19.075225307354206,9831000
2012-04-12,19.428579330444336,19.47197418103073,19.062821043471846,19.168209044504952,11585100
2012-04-13,19.155820846557617,19.447188461204878,19.14342197307866,19.37279640275278,10640200
2012-04-16,19.316999435424805,19.496779523645174,19.15581765432355,19.35419486724157,11442400
2012-04-17,19.55877685546875,19.595973479861758,19.34800071359549,19.434791654757397,9258400
2012-04-18,19.403791427612305,19.589770973173067,19.32320111889776,19.341799428180316,6779200
2012-04-19,19.35419464111328,19.540174162867093,19.224010040064915,19.478180988949156,9739400
2012-04-20,19.397592544555664,19.484382286883196,19.248808439963383,19.428588543266482,9902600
2012-04-23,19.34799575805664,19.366594065489622,19.18681515665672,19.31699976142315,9569500
2012-04-24,19.60216522216797,19.68275551187246,19.39758859800284,19.39758859800284,8608600
2012-04-25,19.639358520507812,19.757145407234447,19.49677507902994,19.70755111531079,10141400
2012-04-26,19.899734497070312,19.924532242754807,19.608368079807086,19.6393652619127,11210200
2012-04-27,20.104307174682617,20.178698027736665,19.781943658324955,19.862535128625016,12032100
2012-04-30,19.94312858581543,20.085714435475932,19.806745719597053,20.085714435475932,9889000
2012-05-01,20.017520904541016,20.445271339432143,19.874937426243974,19.874937426243974,9467000
2012-05-02,19.8625431060791,19.9741306128987,19.744756161944885,19.936933989010992,8781300
2012-05-03,19.800546646118164,20.073315930816044,19.726154593047262,19.9927244414541,9199700
2012-05-04,19.633163452148438,19.837740099629002,19.515376539228882,19.732352058052864,9793400
2012-05-07,19.73855209350586,19.868736699303206,19.49678000706994,19.49678000706994,9784400
2012-05-08,19.571168899536133,19.707554109865765,19.46578086538204,19.564969464301026,11302100
2012-05-09,19.509178161621094,19.670359950562712,19.323199811069273,19.360395244695333,11300500
2012-05-10,19.781944274902344,19.862535747714336,19.70135398451168,19.744748847215988,8217400
2012-05-11,19.96792221069336,20.098106796295795,19.47197924303461,19.589766141261553,14596500
2012-05-14,19.564966201782227,19.967919965499483,19.53397021319673,19.79434053754685,12357200
2012-05-15,19.403791427612305,19.68895959117017,19.360396555041273,19.533977227747,10731500
2012-05-16,19.255002975463867,19.682754506848124,19.236405853939285,19.515373318599337,10553500
2012-05-17,19.00083351135254,19.32319704305781,18.988434641112793,19.24880500404069,11254000
2012-05-18,18.7652587890625,19.04422624371207,18.672269637512642,19.02562912285483,14431300
2012-05-21,19.044227600097656,19.08762364417152,18.70326695932356,18.864448718619716,12947800
2012-05-22,19.21780776977539,19.4161849511147,19.07522431849042,19.149615170282026,9914400
2012-05-23,19.27359962463379,19.329393349259764,18.876845300556784,19.155812741265496,11058500
2012-05-24,19.29839515686035,19.38518604747263,19.124815740477977,19.38518604747263,9213400
2012-05-25,19.174415588378906,19.447184842044823,19.06902754826399,19.27360419290807,8196000
2012-05-29,19.34799575805664,19.378992937111608,19.180615720845726,19.292203200600653,7984600
2012-05-30,19.062828063964844,19.230209277088118,19.000834890687177,19.14341836153081,8866100
2012-05-31,19.2860050201416,19.440987378240017,18.907847688006573,19.06902948231951,10641600
2012-06-01,18.349905014038086,18.969834229495987,18.294111290053184,18.9202399395562,19009400
2012-06-04,17.847759246826172,18.368498599797192,17.779566667870757,18.331303185103742,19680200
2012-06-05,18.114337921142578,18.182530538331637,17.71758345550786,17.71758345550786,12690100
2012-06-06,18.41189956665039,18.41189956665039,18.120532056566443,18.25691725104701,11021100
2012-06-07,18.33751106262207,18.72806605281129,18.33751106262207,18.57928314310009,14006100
2012-06-08,18.65987205505371,18.65987205505371,18.20732395253729,18.27551537108359,9279400
2012-06-11,18.517292022705078,19.00083620642745,18.498693714707482,18.8830492872857,11443000
2012-06-12,18.988433837890625,19.06902530861855,18.362306288746616,18.50488974320827,17221900
2012-06-13,18.945039749145508,19.186812988770793,18.864449457551313,18.907844320903674,10753000
2012-06-14,19.224010467529297,19.32939851080676,18.963640077221527,19.019433816746155,12608600
2012-06-15,19.57737159729004,19.57737159729004,19.199214261879103,19.490581854377982,14197800
2012-06-18,19.540172576904297,19.713752030880347,19.366591940506897,19.403787368870145,8054600
2012-06-19,19.6889591217041,19.800546609895534,19.564972760953275,19.626965941328688,8001800
2012-06-20,19.66415786743164,19.73235047191749,19.39138981433096,19.564969269500235,10657600
2012-06-21,19.36039924621582,19.837745275693415,19.310804930323457,19.794350397090316,10317600
2012-06-22,19.66415786743164,19.73235047191749,19.48437897708898,19.5277738408813,9562400
2012-06-25,19.316999435424805,19.521576084049197,19.242608571791276,19.45958290940695,9205500
2012-06-26,19.409988403320312,19.57117018273703,19.230209499400306,19.360394100609128,7861200
2012-06-27,19.606489181518555,19.6875845399159,19.394392164378807,19.544107495918922,8865100
2012-06-28,19.612728118896484,19.69382347998079,19.269629431646337,19.531631567980455,10275900
2012-06-29,20.06187629699707,20.074352873845385,19.824827286038328,19.974542638722564,12510100
2012-07-02,20.23653221130371,20.27396192075895,19.99324504900058,20.255248255862515,8126500
2012-07-03,20.323871612548828,20.33634580479937,20.030678121742866,20.111774649348025,5200200
2012-07-05,20.142969131469727,20.305159841175122,20.049396012244472,20.230302773592882,8433500
2012-07-06,19.96829605102539,20.09305939542455,19.862248755066968,19.91839214106345,8577600
2012-07-09,19.980775833129883,20.06810947433965,19.837298796904797,19.912157053535758,7396300
2012-07-10,19.89967918395996,20.317634880853866,19.837297505799526,20.11177736563806,9315400
2012-07-11,20.136728286743164,20.186634581517357,19.856012517627665,19.86225080447444,9584200
2012-07-12,19.96829605102539,20.09305939542455,19.812343655273594,19.94958238224752,8220000
2012-07-13,20.39873504638672,20.39873504638672,19.968301509530104,20.024444910873857,9510300
2012-07-16,20.448638916015625,20.5484491426229,20.305161863996634,20.386258416759894,6716300
2012-07-17,20.554685592651367,20.748066539657316,20.236538906184865,20.504779296867145,13084400
2012-07-18,20.88531494140625,20.966411515104845,20.348833942524067,20.348833942524067,12286500
2012-07-19,21.084932327270508,21.203458620450842,20.735597685468523,20.81669186750754,15086000
2012-07-20,20.960166931152344,21.11612056123432,20.910263006951155,20.97264350711853,13301000
2012-07-23,20.847877502441406,20.891546702657013,20.56716290736572,20.610829727918084,11506900
2012-07-24,20.879070281982422,20.972641021142145,20.67321037243716,20.904021051293725,10139700
2012-07-25,20.766786575317383,21.022550441131777,20.723119747958606,20.96016755943094,8033700
2012-07-26,20.953927993774414,21.12859528264251,20.91026117155739,21.078691362821626,9933000
2012-07-27,21.159786224365234,21.265835924417644,20.94769158358724,21.16602570183718,11449800
2012-07-30,21.053739547729492,21.272073672655367,20.947692224097924,21.09740637271467,8155500
2012-07-31,20.897790908813477,21.084934829078996,20.866600652046568,20.960171422347297,7860000
2012-08-01,20.785490036010742,21.141063958153914,20.76677637052819,20.97887330475942,7502700
2012-08-02,20.52349281311035,20.72311321226919,20.323872413951513,20.592110391845125,9860800
2012-08-03,20.891544342041016,21.016305312571543,20.75430441886186,20.860351719745406,9274500
2012-08-06,20.592113494873047,20.9851172560413,20.57963930025089,20.879069944110388,8261500
2012-08-07,20.64202117919922,20.773021648504386,20.554687532995775,20.673211427177108,10325000
2012-08-08,20.598356246948242,20.673213324899447,20.46111628765136,20.55468941983807,5343300
2012-08-09,20.604597091674805,20.710646819413103,20.429929751475292,20.54845367808724,5109200
2012-08-10,20.685688018798828,20.704401691667808,20.47983047824987,20.59835437252573,4252100
2012-08-13,20.698163986206055,20.72935423329303,20.529733796340402,20.592114290514353,4330900
2012-08-14,20.598356246948242,20.797976707927194,20.55468941983807,20.74183330454789,5437000
2012-08-15,20.69192123413086,20.723113855944373,20.511016877792358,20.585873934886322,4587900
2012-08-16,20.716876983642578,20.785496952796517,20.610829671068842,20.7231164606547,5320800
2012-08-17,20.654497146606445,20.78549761205719,20.592114272822773,20.78549761205719,8320600
2012-08-20,20.729352951049805,20.729352951049805,20.52349542927871,20.610829067585428,7946900
2012-08-21,20.604597091674805,20.91650441612481,20.585883413700294,20.74807417536212,11532200
2012-08-22,20.52349281311035,20.735589784674477,20.486063095894494,20.654493253871554,7082900
2012-08-23,20.436161041259766,20.567163888831555,20.417447368605234,20.498543916213798,5093000
2012-08-24,20.604597091674805,20.642026827287857,20.342596081375536,20.34883318081236,6008100
2012-08-27,20.70441246032715,20.797985632667565,20.517268495310933,20.623318249274384,6720200
2012-08-28,20.77926254272461,20.885309869012907,20.617069434719088,20.635785488512678,5267300
2012-08-29,20.897790908813477,20.966410901499113,20.79798065936093,20.810457238000506,4736200
2012-08-30,20.766786575317383,20.84788075203305,20.66697634425966,20.748070520975325,5248200
2012-08-31,20.841644287109375,20.94145452120051,20.74183405301824,20.81669113367067,6326600
2012-09-04,20.660737991333008,20.85412136564082,20.6357872169576,20.791740860206684,9313700
2012-09-05,20.63578987121582,20.766790377275566,20.59212065619852,20.69817038467359,9101100
2012-09-06,21.166027069091797,21.17226416730323,20.73559590259603,20.741833000807464,12074400
2012-09-07,21.197208404541016,21.31573225801903,21.134827930007866,21.20968497538016,8403800
2012-09-10,21.10364532470703,21.247122371750663,21.091168749355834,21.228406318892155,6200400
2012-09-11,21.234643936157227,21.259597084673622,21.035023507352488,21.097403998980262,9528900
2012-09-12,21.172256469726562,21.3656397592627,21.128589659131745,21.278306138073056,8568700
2012-09-13,21.752408981323242,21.802315279047992,21.19097740989934,21.19097740989934,14515000
2012-09-14,21.78983497619629,21.927074891793215,21.677548205192053,21.777358403899946,13796600
2012-09-17,21.328218460083008,21.79607936934219,21.284551632258577,21.783602792868976,14001100
2012-09-18,21.328218460083008,21.415554495395515,21.240884804434142,21.27207505578536,10512600
2012-09-19,21.421791076660156,21.55279155697099,21.31574136902978,21.35317109754584,9446700
2012-09-20,21.234643936157227,21.353167822115285,21.147310296013057,21.259597084673622,10618700
2012-09-21,21.116125106811523,21.403081656478555,21.116125106811523,21.403081656478555,13432400
2012-09-24,21.321975708007812,21.390595670583615,21.0163056146237,21.078688480448523,6900000
2012-09-25,21.284547805786133,21.602694499498554,21.259597036988918,21.37812092268113,9565400
2012-09-26,21.30023193359375,21.419437080133346,21.162203158296467,21.30023193359375,12702100
2012-09-27,21.431989669799805,21.544921891647586,21.30023620875796,21.375523558875912,7766800
2012-09-28,21.519821166992188,21.63902870784649,21.33787457867654,21.431985543209805,8341500
2012-10-01,21.388071060180664,21.720592371494003,21.350426189840018,21.61393549554128,8388100
2012-10-02,21.38180160522461,21.53237632450534,21.250045734176453,21.482185549192433,7463900
2012-10-03,21.570016860961914,21.620207626176093,21.3567007237832,21.457084647553092,6138200
2012-10-04,22.078210830688477,22.103307411560834,21.601387760822146,21.63275729024175,11296700
2012-10-05,21.908817291259766,22.247614027106184,21.820981632338594,22.172326661365496,7965800
2012-10-08,21.839805603027344,21.940189556665324,21.77079118614956,21.858626846415014,4544700
2012-10-09,21.75823211669922,21.9088067759108,21.65157287252838,21.871164307778432,6514200
2012-10-10,21.708038330078125,21.846067091416348,21.52609415498981,21.544915388502847,9646900
2012-10-11,21.576290130615234,21.940183355541862,21.57001718237306,21.90253848606414,6211500
2012-10-12,21.15593719482422,21.41944415100703,21.04927790779164,21.375526324976562,12208300
2012-10-15,21.09946060180664,21.287680104687727,20.854775008727145,21.281404765031887,13041100
2012-10-16,21.086923599243164,21.28141615251033,20.91125228833292,21.268870253167123,10911300
2012-10-17,21.45708465576172,21.57628981736484,21.00535580195362,21.23122022885767,12649300
2012-10-18,21.582563400268555,21.764507601923626,21.344150703147104,21.745686365662387,8784900
2012-10-19,21.475910186767578,21.62021195650527,21.350429658587235,21.588842422795686,10967400
2012-10-22,21.43825912475586,21.501000567414323,21.118286143892313,21.394341311565594,8973900
2012-10-23,20.93007469177246,21.25004779630101,20.773224614517982,21.112021355789796,9316300
2012-10-24,20.785762786865234,21.074366214084133,20.71674840354309,20.961434021982637,7141500
2012-10-25,21.005359649658203,21.112018934496685,20.854784933034658,20.942620583288722,7044800
2012-10-26,20.798311233520508,21.036721513480828,20.7104732219476,20.967707129629805,6811200
2012-10-31,20.835952758789062,21.074365421294683,20.704199337407395,20.87987056591628,8848700
2012-11-01,21.118284225463867,21.162202034664546,20.773214698883763,20.879871551702244,7273600
2012-11-02,20.973997116088867,21.312793931570866,20.904982684045187,21.312793931570866,7640100
2012-11-05,20.792034149169922,20.961432424411512,20.704198538305594,20.87986976003425,6664400
2012-11-06,21.074369430541992,21.19984992906624,20.823408433493494,20.835956722680063,6643100
2012-11-07,20.321491241455078,20.88615235507305,20.29639466010723,20.88615235507305,11400300
2012-11-08,20.183460235595703,20.679106893108493,20.183460235595703,20.359133892524905,9192900
2012-11-09,20.139543533325195,20.44697065494454,20.108174004998713,20.158367164994363,9608700
2012-11-12,20.114450454711914,20.239928574930037,20.06425729195128,20.18346246349519,4423100
2012-11-13,19.89485740661621,20.271298917947878,19.850939589295415,19.976420093072637,8782100
2012-11-14,19.656448364257812,20.045437017684726,19.58743395881007,19.93250478937785,9111300
2012-11-15,19.58115577697754,19.69408798200615,19.424305758142392,19.58115577697754,9918400
2012-11-16,19.794469833374023,19.825840551870872,19.44940030660252,19.618798596473862,9619500
2012-11-19,20.127004623413086,20.152098818780335,19.93878379810417,19.945057945281587,7819500
2012-11-20,20.233652114868164,20.308939452601873,19.951321606690115,20.089350386986343,6518800
2012-11-21,20.10817527770996,20.296394852923466,19.970147668998116,20.296394852923466,4797200
2012-11-23,20.440704345703125,20.44697729606922,20.15209836867288,20.22738813312027,2527500
2012-11-26,20.315217971801758,20.327766262277414,20.095626478490285,20.25247651942347,5420200
2012-11-27,20.139543533325195,20.327765489967277,20.089352766671144,20.271299381642972,9499300
2012-11-28,20.321491241455078,20.346587822802928,19.945052094604247,20.045436026653917,6763200
2012-11-29,20.3277645111084,20.49716043458266,20.290119642924406,20.409324802161493,7639700
2012-11-30,20.239925384521484,20.327763405506737,20.12072023176782,20.29639148705561,7934800
2012-12-03,20.10817527770996,20.34031267402856,20.064257456604867,20.296394852923466,7776500
2012-12-04,19.719188690185547,20.177190553925165,19.625078898504533,20.145821022255134,14722900
2012-12-05,19.92622947692871,20.070531228350674,19.65017306797345,19.819571400514462,12558200
2012-12-06,19.957597732543945,20.007789694906883,19.844665518059642,19.907405770181008,8498100
2012-12-07,20.089345932006836,20.101894217736653,19.863481575551695,19.988962039509083,7378400
2012-12-10,20.014068603515625,20.19601406163622,19.963876629206045,20.04543933537853,8762900
2012-12-11,20.0579833984375,20.296394941189483,20.014065577141412,20.0579833984375,8998700
2012-12-12,19.995248794555664,20.18974255936494,19.926234376180602,20.127003484483406,16342600
2012-12-13,19.807018280029297,20.03288266834046,19.76310047045114,20.001511949591375,9632400
2012-12-14,19.70035743713379,19.825837901002377,19.631344259009417,19.788194240509956,9875700
2012-12-17,20.13327407836914,20.14582237054534,19.70036757165843,19.74428539760411,13315900
2012-12-18,20.434423446655273,20.490889557968647,20.145819941427675,20.20855900140177,11899700
2012-12-19,20.202287673950195,20.478342910667727,20.1771910906099,20.321492854803736,11286000
2012-12-20,20.35285186767578,20.359127206938325,20.095618004747134,20.24619503361934,16923000
2012-12-21,20.37795639038086,20.415601260624694,20.014064354719444,20.170915587393807,20627100
2012-12-24,20.271299362182617,20.472067215289275,20.221106202235156,20.371683288735948,4244000
2012-12-26,20.239925384521484,20.327763405506737,20.126995572794584,20.31521511679456,6984700
2012-12-27,20.211519241333008,20.35669850763374,19.883286914432958,20.24307953263388,9266800
2012-12-28,19.99690818786621,20.20520806071057,19.990595888090915,20.02846848279461,7342100
2012-12-31,20.161022186279297,20.167334485370827,19.889599345083294,19.89591164417482,10879900
2013-01-02,20.81117820739746,20.81748930365158,20.45138552350456,20.489256916821926,10045200
2013-01-03,20.520816802978516,20.804864286652627,20.47663190639546,20.754368293941823,12697900
2013-01-04,20.96898651123047,21.019482515573735,20.602880246180266,20.735434966465274,11487400
2013-01-07,20.779619216918945,20.937423138339884,20.672313706143147,20.89323823297376,8170400
2013-01-08,20.81117820739746,20.842738504460705,20.602875912566663,20.703870307906843,6519800
2013-01-09,21.000553131103516,21.107858677541923,20.874309470430795,20.874309470430795,10072300
2013-01-10,21.23409652709961,21.335090946419232,20.956362475944875,21.183600521388247,10266200
2013-01-11,21.14572525024414,21.196223660363508,20.95004752287667,21.196223660363508,6768400
2013-01-14,21.126792907714844,21.189913522498003,20.95636435832379,21.164664313425895,6521600
2013-01-15,21.006858825683594,21.082606447336488,20.874304099636422,21.076292941583617,9372800
2013-01-16,20.924795150756836,21.000540337858506,20.65337228842176,20.665996887588054,9143000
2013-01-17,20.67862319946289,21.057354026232648,20.65337640399549,21.057354026232648,17747200
2013-01-18,20.74805450439453,20.81117750428471,20.539754624497537,20.760679104372567,17059600
2013-01-22,20.83011245727539,20.893233047017766,20.621810176912486,20.722806973134126,11999700
2013-01-23,20.886924743652344,20.886924743652344,20.7354319369624,20.779616837268534,9501800
2013-01-24,20.899551391601562,21.063666407682668,20.83011728206454,20.89323788642726,12115100
2013-01-25,20.93741798400879,21.01316558132911,20.811176804267234,20.987916382222334,9456600
2013-01-28,20.93741798400879,21.00054098177572,20.81748790009585,20.987916382222334,11712200
2013-01-29,21.038421630859375,21.107853339166766,20.87430419112242,20.924802605779004,10852200
2013-01-30,20.918489456176758,21.006859275433506,20.785934727291632,20.798559331170736,11237500
2013-01-31,20.89323616027832,20.994230563652792,20.817490959721596,20.82380446437429,8693800
2013-02-01,21.082592010498047,21.126776888923725,20.96265956228954,21.063653914104698,7890300
2013-02-04,20.80487060546875,20.98792375142154,20.729125389449216,20.94373884141873,8537000
2013-02-05,20.912168502807617,20.98791368248847,20.85535901607302,20.89954390487817,7772000
2013-02-06,21.21516227722168,21.22778688148736,20.817495670492395,20.817495670492395,12702000
2013-02-07,21.17096710205078,21.297210675604653,21.032098930351935,21.20883848858982,7721200
2013-02-08,21.24040985107422,21.265656649765514,21.15203762801564,21.18991143789789,6145700
2013-02-11,21.518144607543945,21.669637444158372,21.297220062373896,21.35402957511719,10627900
2013-02-12,21.65700912475586,21.713818627752346,21.486580615766407,21.524452012499705,9442700
2013-02-13,21.41714859008789,21.688571529872775,21.328778778603837,21.682258024540044,8358600
2013-02-14,21.45502281188965,21.499207718483234,21.297218886084888,21.297218886084888,6244800
2013-02-15,21.404516220092773,21.556008990446887,21.28458614915536,21.511824100738583,7431500
2013-02-19,21.51182746887207,21.556012365498457,21.2782759776797,21.347710074634392,7810600
2013-02-20,21.366647720336914,21.499204830206313,21.335087420995244,21.455019929548676,9466100
2013-02-21,21.31615447998047,21.442398101571868,21.24040927018435,21.34771478340412,10506100
2013-02-22,21.385583877563477,21.4297687741949,21.17097049054102,21.37295927739789,8925100
2013-02-25,21.04472541809082,21.52444815119449,21.04472541809082,21.442391867728194,11560400
2013-02-26,21.328771591186523,21.404516774377107,21.05734874286632,21.16465421839498,12324700
2013-02-27,21.48026466369629,21.48657816769687,21.22777988528714,21.309836174124577,9048800
2013-02-28,21.448699951171875,21.55600782602106,21.341394484218455,21.499198341194024,9518300
2013-03-01,21.46763801574707,21.556010208051337,21.215153261422987,21.30352304583122,8434800
2013-03-04,21.638065338134766,21.64437884119727,21.37295599901121,21.45501468355246,8611100
2013-03-05,21.341398239135742,21.92211537919028,21.19621895412211,21.73906229499632,17873600
2013-03-06,21.297218322753906,21.410834931063,21.10154059308901,21.38558813360362,12558800
2013-03-07,21.55601692199707,21.574952622297776,21.29721858366803,21.32246538143671,11150200
2013-03-08,21.606510162353516,21.688568866324072,21.47395546140633,21.619134763571793,7710100
2013-03-11,21.720123291015625,21.84005335830835,21.58756862591906,21.619128916480747,8522600
2013-03-12,21.67594337463379,21.701192576033076,21.60019817833231,21.694879071735066,6650000
2013-03-13,21.600202560424805,21.657012071150113,21.511832745495852,21.657012071150113,7222300
2013-03-14,21.49919891357422,21.682249562538512,21.37926643802649,21.65700277475105,12258400
2013-03-15,21.600202560424805,21.650698565571265,21.34140421331993,21.35402881658076,15047700
2013-03-18,21.543392181396484,21.600201689832094,21.335089847833657,21.37927475351727,7843100
2013-03-19,21.42976951599121,21.625444805590494,21.32246161481736,21.574948811076485,9328100
2013-03-20,21.41714859008789,21.61282632115741,21.391899384550513,21.537078704545277,10278800
2013-03-21,21.177278518676758,21.379267276271072,21.14571822678313,21.322457787704174,9556400
2013-03-22,21.189910888671875,21.30352990747683,21.107852173335672,21.202535491638738,10585600
2013-03-25,21.253036499023438,21.34771983961696,21.1204817485104,21.316159528718245,9181900
2013-03-26,21.3831844329834,21.427626724287318,21.287949567661716,21.376834150269563,8308600
2013-03-27,21.433975219726562,21.484767795248263,21.205415895648827,21.256206049247222,6067900
2013-03-28,21.54191017150879,21.56095617808279,21.402232998170067,21.402232998170067,6993400
2013-04-01,21.579999923706055,21.611744068415398,21.48476506765504,21.54190549690105,6674300
2013-04-02,21.649829864501953,21.668878283403195,21.548247177410417,21.60538759026955,9894300
2013-04-03,21.376832962036133,21.656187259759403,21.28160052393119,21.62444311372442,12535400
2013-04-04,21.47206687927246,21.554603592877882,21.3641363031079,21.42762459239023,8801900
2013-04-05,21.180015563964844,21.287946133456202,21.065734712784092,21.287946133456202,14065700
2013-04-08,21.3895263671875,21.3895263671875,21.103826694230275,21.18001311222403,6925700
2013-04-09,21.3895263671875,21.54824948412932,21.300641809207693,21.414922647159607,7058700
2013-04-10,21.70697593688965,21.770466646576846,21.402227796159906,21.40857807809009,9597900
2013-04-11,21.713329315185547,21.85935433540517,21.61809444803553,21.726027458933768,6855000
2013-04-12,21.63714599609375,21.643493857921992,21.497468816636125,21.548258977032955,6702400
2013-04-15,21.148273468017578,21.592696352373075,21.12922504302872,21.57365034930729,15129300
2013-04-16,20.773691177368164,21.078439401197272,20.519733113215445,21.078439401197272,29836800
2013-04-17,20.557823181152344,20.767336480924502,20.456240461460943,20.56417104154171,15088600
2013-04-18,20.48798370361328,20.59591427893367,20.310213346513287,20.59591427893367,9889100
2013-04-19,20.64035415649414,20.665750437813585,20.430840890415432,20.576865875118216,9566900
2013-04-22,20.614959716796875,20.665749856083362,20.443538455600066,20.653051715781086,7722400
2013-04-23,20.83717155456543,20.856217554457228,20.59591172760437,20.716542852046235,10656200
2013-04-24,21.04668426513672,21.09112653988205,20.811772330714447,20.87526302458087,10491700
2013-04-25,21.148273468017578,21.256204047954462,21.0593864692234,21.116526900343835,8421500
2013-04-26,21.033992767333984,21.186365636876758,21.02764248498123,21.15462149088227,7920900
2013-04-29,21.135570526123047,21.243501081552367,21.046685969434776,21.072079827115335,7242600
2013-04-30,21.129222869873047,21.160969434281633,21.02764016076492,21.122875010145027,6018500
2013-05-01,20.830827713012695,21.097481450619746,20.76733699792306,21.091133590072353,10000400
2013-05-02,20.68480110168457,20.907012532507366,20.65305453563307,20.907012532507366,11841500
2013-05-03,20.80543327331543,20.89431786040567,20.748292835625506,20.83717742271575,13582300
2013-05-06,20.88161277770996,20.926055056487783,20.754633800377942,20.818124500005226,9902000
2013-05-07,21.04668426513672,21.11652039550629,20.88161088300635,20.983193571270295,8162700
2013-05-08,21.160968780517578,21.167316640049485,20.964151228109987,20.983197228628455,8929900
2013-05-09,21.148273468017578,21.30699661869399,21.046690748461597,21.173667331464266,11381700
2013-05-10,21.262550354003906,21.30064235301199,21.116522951397506,21.186361512142494,7592100
2013-05-13,21.26890754699707,21.395886583901195,21.14192851009295,21.192721093624073,7663100
2013-05-14,21.516508102416992,21.541904385643573,21.275248255610208,21.2879463972235,9411800
2013-05-15,21.802209854125977,21.821255855252705,21.414925018396954,21.49746172648416,8879100
2013-05-16,21.783159255981445,21.89108980215285,21.70697042370741,21.802205253088797,11134300
2013-05-17,22.011722564697266,22.08156112959153,21.776813009807906,21.808557151508182,12158200
2013-05-20,22.303773880004883,22.46884486196738,21.941885354001677,21.967279212972535,11921000
2013-05-21,22.405364990234375,22.462505432727855,22.29108410524742,22.31648039567198,8158100
2013-05-22,22.45614242553711,22.79263702819619,22.16409251690048,22.16409251690048,16879400
2013-05-23,22.360919952392578,22.443454253271632,22.221242794099936,22.23394093775593,12779000
2013-05-24,22.48154640197754,22.53868683166714,22.18314611116264,22.2466368229972,7667500
2013-05-28,22.564083099365234,22.811690820525545,22.538686814650585,22.75455039087909,8780300
2013-05-29,22.430753707885742,22.525986131941394,22.32916858048333,22.411705285536417,9108900
2013-05-30,22.55773162841797,22.73550319012883,22.405358772006238,22.487893060094724,10534800
2013-05-31,22.25933265686035,22.672011342332745,22.259332656860355,22.494242211478348,10703600
2013-06-03,22.392658233642578,22.399006092845788,22.164096551564946,22.27202953340055,9717600
2013-06-04,22.386302947998047,22.570422308724936,22.34821095744909,22.41804950268495,9337600
2013-06-05,22.22759246826172,22.424410078100795,22.113314009881645,22.316479481104935,10852100
2013-06-06,22.462501525878906,22.506943815430365,22.094262644540382,22.11965893054783,10148200
2013-06-07,22.773601531982422,22.79899782242737,22.481551457636165,22.570436052269933,10408700
2013-06-10,22.595827102661133,22.85613296454711,22.576781100206038,22.849785104369744,10289900
2013-06-11,22.48154640197754,22.583129118989824,22.367265542598346,22.456150117243716,10101800
2013-06-12,22.47519874572754,22.55773303897698,22.34821974282904,22.506942890971406,10647400
2013-06-13,22.513280868530273,22.55137527925432,22.27202353304391,22.443442326497177,11286400
2013-06-14,22.22759246826172,22.500596524328664,22.208546462185616,22.487898379636775,8118900
2013-06-17,22.367263793945312,22.481544644390134,22.259333225149,22.367263793945312,6716600
2013-06-18,22.443452835083008,22.49424540649742,22.30377810753959,22.36091853941925,5994300
2013-06-19,22.341875076293945,22.621229437271428,22.30378306119603,22.475204394907582,9300200
2013-06-20,22.25933265686035,22.418055787101142,22.12600338679679,22.19584195161038,13474300
2013-06-21,22.583131790161133,22.678366658216007,22.316478034684756,22.462503056291816,15679900
2013-06-24,22.46885108947754,22.659318405123834,22.310127922785075,22.3545702157051,14635800
2013-06-25,22.818035125732422,22.894223968006283,22.576777724299767,22.646613863500185,10987800
2013-06-26,22.958602905273438,23.163076767251656,22.95221172598122,23.009720152007638,9412600
2013-06-27,23.092802047729492,23.20781896765633,22.93944777950847,23.067242190518606,10636800
2013-06-28,23.099191665649414,23.258937106110274,22.907495187078794,23.09280048301867,11220800
2013-07-01,23.20142936706543,23.412292087478885,23.18864943893097,23.233377968640553,8606900
2013-07-02,23.195039749145508,23.450633454034833,23.08002282569753,23.18225982014882,10381200
2013-07-03,23.22698974609375,23.25894078926309,23.003347069042558,23.09919532350585,3947400
2013-07-05,23.488969802856445,23.501749731308703,23.310055679569114,23.33561553647362,7525300
2013-07-08,23.674278259277344,23.763735332824343,23.565652509262392,23.565652509262392,8869200
2013-07-09,23.827627182006836,23.936252896455827,23.6742705079076,23.782898659878235,7484800
2013-07-10,23.687057495117188,23.81485435537655,23.527312029173572,23.77651456604203,9260400
2013-07-11,23.73817253112793,23.859578183785935,23.559255987052794,23.808458474758215,10127500
2013-07-12,24.06405258178711,24.076832509276088,23.680664507205528,23.808458907051435,7102000
2013-07-15,23.96181297302246,24.115169648559338,23.84040733146695,24.102389722471127,7245600
2013-07-16,23.814855575561523,24.00016091055584,23.59760163324603,23.961821119256932,9162900
2013-07-17,23.476184844970703,23.546470772819426,23.099185606866904,23.540082029386394,17808800
2013-07-18,23.687057495117188,23.712617354673533,23.520923283045672,23.565651818508094,10340300
2013-07-19,23.80845832824707,23.897917818495074,23.565647024425257,23.67427274915788,8928500
2013-07-22,23.865978240966797,23.949046588749738,23.757352464077833,23.789301078602644,7510900
2013-07-23,23.987377166748047,24.108782830277146,23.782903187371616,23.86596906569684,7708400
2013-07-24,23.987377166748047,24.083222973474566,23.929868707703296,24.0384944428311,7083700
2013-07-25,23.93625259399414,23.974592371414893,23.7445585819336,23.83401562506041,6573400
2013-07-26,23.987377166748047,24.00654584058893,23.731783473766452,23.83402046345467,6043600
2013-07-29,23.95543098449707,24.01293944935136,23.827634125096164,23.974599660274386,6038800
2013-07-30,24.08961296081543,24.262138329386875,24.057664360158938,24.102392888582425,11066700
2013-07-31,23.846799850463867,24.26213898274902,23.83401992235272,24.15351081256528,10825300
2013-08-01,24.06405258178711,24.236577946605404,24.02571279932018,24.06405258178711,6678700
2013-08-02,24.13433837890625,24.16628697544534,23.987372884809094,24.012932737049034,5639000
2013-08-05,24.11517333984375,24.17268179728263,24.019325098271604,24.083222300971673,4538600
2013-08-06,24.032102584838867,24.10239096318141,23.942645535138098,24.10239096318141,5004800
2013-08-07,23.776508331298828,23.923473828926557,23.64232276009808,23.923473828926557,5934000
2013-08-08,23.865978240966797,23.974606455378805,23.68067530171368,23.891538107595863,5256300
2013-08-09,23.750951766967773,23.891528539606934,23.667885889973782,23.8404112643431,6845900
2013-08-12,23.74456214904785,23.82123927788685,23.591205453847877,23.680664947935682,5349400
2013-08-13,23.71261978149414,23.808465608356034,23.603991586023515,23.744568390448105,6455000
2013-08-14,23.623144149780273,23.7701095855723,23.603973049445173,23.738161001708068,5573800
2013-08-15,23.495357513427734,23.642323012625223,23.373951867357217,23.591203306371266,5781700
2013-08-16,23.591211318969727,23.642331042586157,23.431465838952253,23.444245769856362,6350600
2013-08-19,23.425064086914062,23.584809478242587,23.3995042392964,23.559249630624926,5119900
2013-08-20,23.55286979675293,23.68066664566132,23.361175742151424,23.40590427364104,5711000
2013-08-21,23.508140563964844,23.719003286479364,23.437852177285976,23.47619196207138,6431100
2013-08-22,23.89791488647461,23.936252225784006,23.51452443072959,23.54008428195024,7472700
2013-08-23,23.846799850463867,24.032105151792447,23.73817411780218,24.01293647838675,5205700
2013-08-26,23.591211318969727,23.910702279004674,23.591211318969727,23.910702279004674,4213600
2013-08-27,23.073633193969727,23.43146144204809,23.02251347994589,23.386732911038294,7512600
2013-08-28,23.073633193969727,23.220598715505073,23.02251347994589,23.073633193969727,5331100
2013-08-29,23.073633193969727,23.252547318008908,22.93944760094034,23.00334480594801,5760500
2013-08-30,23.08641242980957,23.131140959477367,22.933055729861373,23.111969848532556,6816200
2013-09-03,23.041683197021484,23.3931226783394,22.939446212683148,23.297274439106342,6595600
2013-09-04,23.08641242980957,23.156700815722406,22.89471838301586,23.00334411577421,6125800
2013-09-05,23.45062828063965,23.533696582031485,23.08001773406198,23.09918884208882,8674800
2013-09-06,23.303668975830078,23.58482011384609,23.195040793229627,23.501751790389548,6171800
2013-09-09,23.20783042907715,23.322847405806282,22.933067922171265,23.31006747088934,6975500
2013-09-10,23.457015991210938,23.552864214556053,23.32921917259131,23.32921917259131,6474400
2013-09-11,23.437854766845703,23.520923090964274,23.316449091228055,23.49536323161666,5901500
2013-09-12,23.559261322021484,23.859583586762273,23.28449891758256,23.488972924952584,8241700
2013-09-13,23.731781005859375,23.789289458923733,23.597595427883167,23.597595427883167,7040600
2013-09-16,23.968210220336914,24.044889804069253,23.834024605089112,24.025718689374905,8614500
2013-09-17,23.97459602355957,24.06405308031373,23.84679918354421,24.03849322480626,6517100
2013-09-18,24.179073333740234,24.428275865568942,23.961819406949665,24.00654794150752,10296100
2013-09-19,24.096004486083984,24.319649591527103,23.929870280988816,24.30686966228559,11617800
2013-09-20,24.185457229614258,24.23657693744164,23.980983273348386,24.12156003235186,11096500
2013-09-23,23.872360229492188,24.127951484746472,23.750952128538458,24.121562739312008,7631000
2013-09-24,23.578426361083984,23.897917219973895,23.52091790898293,23.897917219973895,9922300
2013-09-25,23.488969802856445,23.674275109130964,23.386732812760524,23.55925819058279,9230100
2013-09-26,23.495403289794922,23.63686272185038,23.386091164297678,23.57256320299512,5592900
2013-09-27,23.46968650817871,23.56613825579861,23.347516420347358,23.366805788723404,5973100
2013-09-30,23.521120071411133,23.624000755774375,23.186757234013335,23.30249831053061,7895000
2013-10-01,23.60470962524414,23.656151195351196,23.463250213187884,23.59184923271738,4932400
2013-10-02,23.398944854736328,23.52111733957552,23.360366135623917,23.476104745829858,6852300
2013-10-03,23.373233795166016,23.45682514279267,23.296073871978958,23.360375852026284,6325900
2013-10-04,23.54684066772461,23.585421847897667,23.34107927920677,23.34107927920677,6427600
2013-10-07,23.231769561767578,23.39894976973154,23.21247774529038,23.373228983008094,5398800
2013-10-08,22.955276489257812,23.263918561282377,22.94884506635174,23.186758656493524,9128100
2013-10-09,23.122459411621094,23.212479719941832,22.968139583891094,23.032439103300355,7292500
2013-10-10,23.75259780883789,23.771889621909303,23.302496384984863,23.302496384984863,9142800
2013-10-11,23.823335647583008,23.926216353303726,23.514693530420864,23.630434630965357,7814900
2013-10-14,23.90692138671875,23.951931531622485,23.726880807103807,23.752599137856706,5931900
2013-10-15,23.714027404785156,23.958367562602763,23.64329645541229,23.894068037465427,8065700
2013-10-16,23.945505142211914,24.234855404092908,23.6818732138549,23.84905341967212,13183600
2013-10-17,24.228422164916992,24.29915308860093,23.90691975025819,23.90691975025819,10779700
2013-10-18,24.38273811340332,24.492050192677382,24.176976796630427,24.337727978663526,10330200
2013-10-21,24.472774505615234,24.511353241016508,24.292731413220217,24.389183157462895,6745300
2013-10-22,24.479204177856445,24.575655924859717,24.408473223770024,24.485635602520567,7032800
2013-10-23,24.42133331298828,24.4727748981748,24.292731802891772,24.453483077294962,6678100
2013-10-24,24.305583953857422,24.434185420327676,24.125543372520443,24.369885913527025,9328200
2013-10-25,24.324880599975586,24.59494152562472,24.202708078770026,24.357030359761993,7446600
2013-10-28,24.279865264892578,24.38917737932804,24.189844966457002,24.299157080892464,6988600
2013-10-29,24.324880599975586,24.38274869586945,24.234857838556433,24.363459330571494,4724200
2013-10-30,24.279865264892578,24.38917737932804,24.260575901761857,24.31844644402318,6763100
2013-10-31,24.022661209106445,24.337732207024466,24.02266120910644,24.32487426875209,8109900
2013-11-01,24.029088973999023,24.202700566400974,23.93263972457706,24.029088973999023,7146900
2013-11-04,24.138404846191406,24.183414993542733,24.016232343778604,24.05481352130934,5236900
2013-11-05,24.22199249267578,24.299154843833172,24.048383334744006,24.11268284117289,5652200
2013-11-06,24.38273811340332,24.434179669030733,24.196268606424898,24.279857455016874,5116900
2013-11-07,24.093400955200195,24.43419286017379,24.080540559350478,24.43419286017379,5647900
2013-11-08,24.485626220703125,24.485626220703125,23.97765179314307,24.0741010503214,10216000
2013-11-11,24.395606994628906,24.453477538420785,24.241287179763383,24.453477538420785,5924500
2013-11-12,24.273441314697266,24.434192581682012,24.189849969061683,24.324882897509827,8820200
2013-11-13,24.447053909301758,24.447053909301758,24.093401599028088,24.202711287367137,11824400
2013-11-14,24.614233016967773,24.68496396632889,24.459913175515933,24.543502067606656,7404300
2013-11-15,24.63352394104004,24.684963068696923,24.530643232856697,24.588513784514173,6546700
2013-11-18,24.646373748779297,24.74282299153015,24.549922053159925,24.620652969564993,8376200
2013-11-19,24.858570098876953,24.967882210724003,24.620658965378006,24.678529506269005,8187900
2013-11-20,24.910015106201172,25.01289580943668,24.755692824913183,24.942164866049247,8513100
2013-11-21,24.987178802490234,25.051478331918815,24.819996101384216,24.974318406030555,8209100
2013-11-22,25.045047760009766,25.0579081556478,24.78784475298836,24.94859601915932,6165800
2013-11-25,25.212223052978516,25.321535168028852,25.051471818333862,25.051471818333862,7711600
2013-11-26,25.250812530517578,25.385843023305643,25.20580236625489,25.270101900095877,7946800
2013-11-27,25.302249908447266,25.37941228713746,25.237950379075258,25.282960540209626,5110900
2013-11-29,25.21864891052246,25.469420388766835,25.205788520244717,25.340818938858053,3945300
2013-12-02,25.212223052978516,25.38583468073904,25.15435251039167,25.26366462544201,6101000
2013-12-03,24.76854705810547,25.231511333934918,24.62708520652006,25.16720937736481,14165300
2013-12-04,25.07718849182129,25.218650340026496,24.858566750444506,25.03860731880111,14275400
2013-12-05,24.82642936706543,25.160792341202505,24.81356896965208,25.03861979221069,10464700
2013-12-06,25.50157356262207,25.508002532189966,25.070761468373014,25.070761468373014,12510600
2013-12-09,25.55301284790039,25.69447224157773,25.482281924627344,25.55301284790039,9040100
2013-12-10,25.347257614135742,25.604460612447582,25.32153927660022,25.482290537327724,7072400
2013-12-11,25.1029109954834,25.456563187382383,25.083619181215816,25.456563187382383,6940200
2013-12-12,25.20579719543457,25.392269239337775,25.032185546235326,25.096485066885645,8754300
2013-12-13,25.115772247314453,25.276523472124243,25.08362004005727,25.23794229513704,5963400
2013-12-16,25.321537017822266,25.41155732334038,25.16721474202738,25.302245200304554,6949300
2013-12-17,25.154354095458984,25.295815975778442,25.128635760475813,25.289387005249985,6994100
2013-12-18,25.79735565185547,25.81664746661995,25.212221296625778,25.276523257725696,12426400
2013-12-19,25.745929718017578,25.816660685007946,25.282965172531746,25.302254544303565,8073100
2013-12-20,25.752355575561523,25.925967259115822,25.73949517831269,25.797365739497454,12591400
2013-12-23,26.0352725982666,26.24103399467922,25.829508748984654,25.87452135401491,8439800
2013-12-24,26.10600471496582,26.253898038764678,26.048134160874426,26.073854952219417,2841700
2013-12-26,26.054555892944336,26.208875677868537,26.035266533046002,26.18315734896034,5651800
2013-12-27,26.106292724609375,26.222694527477064,26.06102563092434,26.119226532358184,3416200
2013-12-30,26.0416202545166,26.183889640659018,25.964019892471207,26.06748786415541,3910300
2013-12-31,26.125696182250977,26.15802947005918,26.022228181141678,26.125696182250977,4335400
2014-01-02,25.795888900756836,25.912290704353296,25.51135252911638,25.78295509292705,7045800
2014-01-03,25.905824661254883,26.00929265553331,25.724753821113946,25.78295472207504,4455000
2014-01-06,26.248563766479492,26.410232673031626,26.190362861445852,26.242098095640973,8096000
2014-01-07,26.468420028686523,26.58482177916689,26.35201827820616,26.449020559229957,11027800
2014-01-08,26.571908950805664,26.60424224771121,26.28737248441545,26.332639593457703,10727200
2014-01-09,26.733572006225586,26.837040013627345,26.49430270164749,26.707704387657174,8862800
2014-01-10,26.52661895751953,26.707687237482777,26.377883946568254,26.694753436503934,7241400
2014-01-13,26.371427536010742,26.610699260181725,26.326160445896534,26.436096569653465,5954400
2014-01-14,26.442556381225586,26.507225400540868,26.242088588525334,26.436090712729484,6807900
2014-01-15,26.837038040161133,26.882305135891187,26.565435465780812,26.636567711305396,12576700
2014-01-16,26.811161041259766,26.82409484506686,26.591291310280905,26.79176156898455,7951200
2014-01-17,26.80470085144043,26.940502118865222,26.733566149397532,26.914634505963928,9827600
2014-01-21,26.888784408569336,27.069852866472896,26.733581111171482,26.953451010142686,9951500
2014-01-22,26.798236846923828,27.02457479440326,26.287364981141895,26.76590355924726,11034800
2014-01-23,26.332637786865234,26.681840823108914,26.06750082343401,26.681840823108914,12423900
2014-01-24,25.957561492919922,26.34556838242455,25.95756149291992,26.177431323577622,9684000
2014-01-27,25.892894744873047,26.13862972641938,25.828225696935636,25.938161844993264,9296800
2014-01-28,26.216228485107422,26.293828863627763,25.93168965241358,25.957557267544214,8051500
2014-01-29,25.711824417114258,26.25503209682867,25.666557316044056,26.048096072830038,14158700
2014-01-30,25.944625854492188,25.98989295171286,25.698890888686176,25.93169204573317,8540000
2014-01-31,25.692420959472656,25.938158375016467,25.57601915562936,25.614820579200995,7186700
2014-02-03,25.078083038330078,25.718293071393074,25.04574974647018,25.673025969414805,10478300
2014-02-04,25.29148292541504,25.388482784581434,25.03927983796213,25.213882544707594,6601000
2014-02-05,25.29148292541504,25.42081853784186,25.149213505058373,25.25914963902624,6164600
2014-02-06,25.74415397644043,25.763553453121737,25.29794627779915,25.369080981459145,7214400
2014-02-07,25.867021560668945,26.08042567264274,25.731220289524572,25.821754470287487,8910300
2014-02-10,25.91875457763672,26.028688225796568,25.782950851201758,25.886418829946223,5770900
2014-02-11,26.05455780029297,26.151557650059356,25.841153690438425,25.931687870302273,7008400
2014-02-12,26.093347549438477,26.29381778190388,25.989879599394836,26.06748241208045,4348600
2014-02-13,26.0416202545166,26.093353006923188,25.879951394580594,25.95755175662599,4877800
2014-02-14,26.37790298461914,26.436103897594865,25.970496593789075,26.054565127392248,6921800
2014-02-18,26.345565795898438,26.455499466998365,26.261497274728562,26.397298562630255,5413100
2014-02-19,25.83469009399414,26.267961551508176,25.7958886708506,26.267961551508176,6904600
2014-02-20,26.07396125793457,26.14509597208051,25.789424868222564,25.834691965066025,6167900
2014-02-21,26.086894989013672,26.274431513591356,26.022228412821523,26.035159754562546,8437500
2014-02-24,26.384361267089844,26.481363583840103,26.061023500417487,26.061023500417487,6821700
2014-02-25,26.481361389160156,26.51369466977345,26.229158346756822,26.352025799835808,9771600
2014-02-26,26.494300842285156,26.67536922581294,26.35849708776761,26.4425656087791,6091700
2014-02-27,26.604232788085938,26.61070092529064,26.364963515814576,26.47489717957898,3964600
2014-02-28,26.604232788085938,26.817636912153148,26.520164272525683,26.61070092529064,7043100
2014-03-03,26.287364959716797,26.468433344055388,26.190362629894427,26.436100056405174,7528200
2014-03-04,26.78530502319336,26.817640780137637,26.546035716411506,26.546035716411506,5214800
2014-03-05,26.798236846923828,26.934040602160177,26.714170792339093,26.82410446381377,5224200
2014-03-06,26.93404197692871,27.05690946311977,26.8758410693915,26.946973319162,5184900
2014-03-07,27.270307540893555,27.470777855212205,27.024572600998912,27.089239171103497,6202700
2014-03-10,27.386707305908203,27.412574918776837,27.082771488751465,27.179771336701826,5336600
2014-03-11,27.134504318237305,27.35437409445023,27.037504470034495,27.250906109577755,8809800
2014-03-12,27.218568801879883,27.257370215546032,26.992233389338143,26.992233389338143,5605300
2014-03-13,26.96636962890625,27.373775896497975,26.934036346338633,27.334974477294033,5465600
2014-03-14,26.862903594970703,27.25090794769617,26.830570310055503,26.901702550120344,4899500
2014-03-17,27.134504318237305,27.19270521390753,27.024570663566518,27.069837752768766,3886500
2014-03-18,27.399639129638672,27.457840020945866,27.166835564409887,27.173303700594666,4458800
2014-03-19,27.38024139404297,27.57424355509975,27.19917303930615,27.412574676407214,7735600
2014-03-20,27.74238395690918,27.807050529531534,27.283242410552624,27.283242410552624,7873000
2014-03-21,27.819984436035156,28.162721712517353,27.651847399626497,28.013986621461463,12116400
2014-03-24,28.013978958129883,28.175647812905275,27.871709576528836,28.007513289362088,11022600
2014-03-25,28.07866096496582,28.169197645633933,28.007528701892195,28.072195292639964,7456800
2014-03-26,27.75531578063965,28.233856813731077,27.716516823140115,28.201523526857578,9788000
2014-03-27,27.47574806213379,27.924359846216028,27.313208135764853,27.846341376004425,10189900
2014-03-28,27.501760482788086,27.709811431259745,27.436745491451795,27.53426797845623,4453500
2014-03-31,27.86585235595703,27.911363348331182,27.63179440651108,27.63179440651108,6317900
2014-04-01,27.95037841796875,28.34047341092355,27.813842938287436,28.34047341092355,5759900
2014-04-02,27.989376068115234,28.015383052728602,27.74231467461336,27.930861592816438,7122100
2014-04-03,27.969871520996094,28.028385995146895,27.612284170146747,27.74881711644445,8333800
2014-04-04,27.6643009185791,28.2039347805997,27.651297424054906,28.080402822701355,7531500
2014-04-07,27.30670928955078,27.664296653262376,27.26119830581454,27.514760209534348,6887300
2014-04-08,27.170167922973633,27.482244206290144,27.14416094599013,27.280693854910762,8906500
2014-04-09,27.313201904296875,27.417227334233246,27.053139569536896,27.293697911234396,7618800
2014-04-10,26.513507843017578,27.397725300801586,26.49400384856007,27.378221306344077,11985500
2014-04-11,26.337963104248047,26.624034902512644,26.20143018971009,26.324962095383235,11312900
2014-04-14,26.402992248535156,26.676058198606466,26.155930807877997,26.637050194403727,7112200
2014-04-15,26.663042068481445,26.682548541501934,26.207932367367654,26.47449768380367,11086900
2014-04-16,26.311967849731445,26.98163164880882,25.941376962847578,26.871105673496665,15664900
2014-04-17,26.168920516967773,26.29895291619002,26.07139559751066,26.253441948486493,13043700
2014-04-21,26.253440856933594,26.422481232781028,26.09740148832228,26.194926403724555,7438000
2014-04-22,26.4224796295166,26.59802297849209,26.18842183088261,26.220931787485146,7606400
2014-04-23,26.617534637451172,26.656545108517143,26.36397277592781,26.36397277592781,7023400
2014-04-24,26.428987503051758,26.669545849419826,26.363970057977998,26.669545849419826,5749300
2014-04-25,26.1494140625,26.38347186302513,26.103903099082505,26.363965392873705,5992600
2014-04-28,26.110414505004883,26.253450438420998,25.915367083177244,26.240446946277487,8323900
2014-04-29,26.376981735229492,26.428995707435256,26.175431313176215,26.22094477893761,6257000
2014-04-30,26.513507843017578,26.572022306552167,26.298956463498786,26.35747092703338,6922100
2014-05-01,26.246944427490234,26.559020762482337,26.188429959669076,26.50050629466118,5865500
2014-05-02,26.25995445251465,26.526519876661183,26.201439970133073,26.318468934896224,5057700
2014-05-05,26.298954010009766,26.305454514168467,25.9543677657146,26.14291462842077,6441100
2014-05-06,26.103904724121094,26.240437622873127,26.032386782823842,26.207930144145735,7217700
2014-05-07,26.305471420288086,26.32497790562437,26.02590243871444,26.233953427769695,6869300
2014-05-08,26.22093963623047,26.350969580916725,26.136418188054627,26.29245511374302,5338700
2014-05-09,26.214439392089844,26.298960849103924,26.045398958224162,26.103913431516606,4670400
2014-05-12,26.298954010009766,26.402979437681818,26.181925093858478,26.28595052153053,6316400
2014-05-13,26.35096549987793,26.41598294231386,26.227436079492403,26.298954026091014,5568600
2014-05-14,26.240442276000977,26.40948268345576,26.123413347700705,26.27945026532634,6331500
2014-05-15,26.376981735229492,26.435496213879627,26.01289137027726,26.168930806731847,11340600
2014-05-16,26.58501625061035,26.598019735633674,26.311950505604145,26.389968935582896,10062600
2014-05-19,26.890600204467773,26.916607182499327,26.487501965626414,26.526509952511812,8888200
2014-05-20,26.728076934814453,26.975138419443528,26.578540438375754,26.851606437047252,6806500
2014-05-21,26.7930850982666,26.923117555927444,26.702063121952865,26.845099073396074,5079400
2014-05-22,26.897104263305664,26.929611750059955,26.747567840106118,26.832089289797086,3960900
2014-05-23,26.94911766052246,26.994628637055545,26.832088726533893,26.903606683989373,3051400
2014-05-27,27.137666702270508,27.287203134179762,26.98162728453427,27.053145247656612,5692200
2014-05-28,27.326210021972656,27.384724491234017,27.027137170264492,27.124662112420864,6689100
2014-05-29,27.326210021972656,27.42373496412903,27.176673596118576,27.417231978565376,5827600
2014-05-30,27.430240631103516,27.521265084986695,27.28720716389835,27.293707670522906,5708500
2014-06-02,27.423736572265625,27.469247553230765,27.189678681494946,27.44974355572069,4951300
2014-06-03,27.462745666503906,27.560268129312878,27.3067062537823,27.35221723245895,4222000
2014-06-04,27.540761947631836,27.5797699375955,27.332711067285175,27.378222042350874,4594200
2014-06-05,27.625280380249023,27.625280380249023,27.469240996924274,27.61227689162514,4625000
2014-06-06,27.878849029541016,27.95036699439081,27.573273172514615,27.62528713973718,5222500
2014-06-09,28.294954299926758,28.327461793327004,27.833341445220093,27.878852432012987,6650100
2014-06-10,28.171424865722656,28.294954332852438,28.09340390527596,28.236439852598803,4920000
2014-06-11,27.943864822387695,28.138912244828948,27.852842857259283,27.937364316376755,5889000
2014-06-12,27.963367462158203,28.06089240872246,27.826834521098178,27.911355976109704,5756800
2014-06-13,27.99587631225586,28.13890975329466,27.904851875024587,27.963366344592103,4615400
2014-06-16,27.794330596923828,28.002381528125213,27.68380462479429,27.930863555494224,5125700
2014-06-17,28.0413818359375,28.112899782625764,27.72930555233929,27.761813033517093,6026500
2014-06-18,28.171424865722656,28.177925372345165,27.885352971076976,28.02188593161454,5526600
2014-06-19,28.138912200927734,28.19742667558507,28.021883251613062,28.158418679255202,4206200
2014-06-20,28.437990188598633,28.555016668566285,28.34696573503727,28.372972721769088,10241100
2014-06-23,28.4899959564209,28.50299944717357,28.24293459244473,28.327456042255942,10514800
2014-06-24,28.151912689208984,28.49649899438395,28.12590570765573,28.385970562863747,5989000
2014-06-25,28.190935134887695,28.223442635554825,27.9113661648564,28.067403160123952,7349800
2014-06-26,28.154964447021484,28.331505390973497,27.95226873487155,28.1157322947246,8779000
2014-06-27,28.35112762451172,28.35112762451172,28.056892641079124,28.096124803622345,10451900
2014-06-30,28.3249568939209,28.429573440848607,28.239955170087377,28.351111654216634,5393800
2014-07-01,28.338045120239258,28.547278294177076,28.33150767479078,28.409969491453417,5584600
2014-07-02,28.27919578552246,28.409967131936764,28.200733975376266,28.22688624925435,4485100
2014-07-03,28.501508712768555,28.606125299809037,28.416506956343106,28.553815759160706,3519100
2014-07-07,28.429582595825195,28.57996877457062,28.37727555264489,28.46227480959489,4311700
2014-07-08,28.23996925354004,28.42305017265857,28.18112226065488,28.266124026879325,5982800
2014-07-09,28.36419105529785,28.403420704281316,28.207264976597777,28.35111367421823,5753900
2014-07-10,28.18111228942871,28.23995926149225,28.03726607547219,28.168037401641783,5242000
2014-07-11,28.233423233032227,28.259577998428483,27.991497888756108,28.10265190030664,5091000
2014-07-14,28.148420333862305,28.534194377681334,28.122265569542737,28.449192640770534,4477900
2014-07-15,28.3118839263916,28.390345725252434,28.08957341773956,28.09611335596041,9467100
2014-07-16,27.808422088623047,28.43612410114731,27.69726805683348,28.39035200624177,9454300
2014-07-17,27.20687484741211,27.671110751033297,27.187260018718685,27.6057263258846,11589200
2014-07-18,27.573028564453125,27.664570241478426,27.324565781008584,27.344180607529033,7856100
2014-07-21,27.540328979492188,27.599175937548466,27.429174999972,27.468404642506187,5008800
2014-07-22,27.625341415405273,27.821497186959327,27.605726586526657,27.65803362828829,6149600
2014-07-23,27.762645721435547,27.808415310929583,27.605722127243304,27.63187439677164,4399500
2014-07-24,27.939189910888672,28.01111427259825,27.775726359459934,27.81495850973494,4385800
2014-07-25,27.952268600463867,27.99803819746216,27.788805041396827,27.814959809468984,5386000
2014-07-28,27.83456802368164,27.91956975258804,27.664567060124227,27.91956975258804,6284900
2014-07-29,27.880338668823242,28.096111720953495,27.74302990524334,27.860723843813393,5649400
2014-07-30,28.06342124938965,28.181115205696052,27.893420253755874,28.004576765492295,5542000
2014-07-31,27.48148536682129,27.971875912234974,27.46840798629962,27.8803367428386,8403000
2014-08-01,27.023784637451172,27.514175094265998,26.99762988113322,27.363786492565186,8252000
2014-08-04,27.22648811340332,27.246102940970918,26.964947933564055,27.121871542616454,5052700
2014-08-05,26.919179916381836,27.226492230779023,26.821103269456216,27.082643488847374,5240800
2014-08-06,26.860332489013672,27.043410872003097,26.80148550958766,26.821100337977697,6443100
2014-08-07,26.598785400390625,26.97148204363496,26.533400987077947,26.912635073951353,5578600
2014-08-08,26.925716400146484,26.938793783575985,26.598789297176523,26.664173720068177,6066900
2014-08-11,26.78186798095703,26.991101129694517,26.736098385561696,26.945331534299182,3805500
2014-08-12,26.912639617919922,27.004178809715473,26.709943911618407,26.742638618050453,6327300
2014-08-13,27.043405532836914,27.1087899440655,26.912634216124346,27.030328151740118,4577100
2014-08-14,27.200340270996094,27.2068802113539,27.030339235539557,27.036876681640933,3528600
2014-08-15,26.98456382751465,27.31802838062078,26.84725504060365,27.265721340288163,5761100
2014-08-18,27.278789520263672,27.34417392218318,27.089171262740024,27.14147828542462,3552300
2014-08-19,27.357263565063477,27.376878395581205,27.154567837440982,27.23956959344476,4194100
2014-08-20,27.27225112915039,27.31802071193901,27.108787620832413,27.246096369198266,5102000
2014-08-21,27.586111068725586,27.618805778004223,27.285338699708692,27.318030914731203,4371600
2014-08-22,27.48148536682129,27.769182749787372,27.44879316264477,27.494562747342954,3946600
2014-08-25,27.625341415405273,27.736495438058718,27.58610926339208,27.58610926339208,4583800
2014-08-26,27.729955673217773,27.86072700806509,27.63841648710137,27.658031314338956,3945700
2014-08-27,27.5926456451416,27.782263947374904,27.527258733549615,27.723416974069938,2748000
2014-08-28,27.5011043548584,27.58610359202825,27.416102623433105,27.442257386064803,2407000
2014-08-29,27.644947052001953,27.658024431657964,27.455331282627636,27.612254849989494,3381700
2014-09-02,27.638416290283203,27.723418031467013,27.50764495636713,27.68418588301547,3600600
2014-09-03,27.540328979492188,27.795331632984386,27.468404642506187,27.77571681171729,4391400
2014-09-04,27.618799209594727,27.828032329085513,27.494565330096396,27.514182649849335,4609900
2014-09-05,27.546878814697266,27.60572579389944,27.389952705406177,27.540338875754863,7807500
2014-09-08,27.48148536682129,27.592641854127812,27.376868816903247,27.586101916739327,5979700
2014-09-09,27.200340270996094,27.40303601972881,27.12187844649742,27.383421187168246,6252500
2014-09-10,27.357263565063477,27.40303316577562,27.21341482325034,27.21995476292703,5184800
2014-09-11,27.527267456054688,27.5468847828762,27.27880459604217,27.298419428607257,4235600
2014-09-12,27.5926456451416,27.72995441810132,27.442259489863492,27.474951698531665,7803200
2014-09-15,27.703792572021484,27.801871667211376,27.553406455183985,27.55994639179931,5015100
2014-09-16,27.703792572021484,27.847641246498657,27.644945613758548,27.66456292934953,5886100
2014-09-17,27.913036346435547,28.04380769206288,27.729957959110855,27.775727555942026,7441300
2014-09-18,28.13534164428711,28.246498140352166,28.004572817277147,28.004572817277147,7379100
2014-09-19,28.266115188598633,28.494965642375462,28.207268214113814,28.298807397922268,9339000
2014-09-22,28.128812789916992,28.331508524485415,28.083043187636424,28.266121596758705,4858300
2014-09-23,27.847654342651367,28.194196318584883,27.841116897216622,28.08304228640099,5413300
2014-09-24,27.83456802368164,27.95226195778115,27.677644441052546,27.89995243406787,7416900
2014-09-25,27.376869201660156,27.795335407213482,27.35071693450457,27.78879796398842,8740500
2014-09-26,27.538007736206055,27.603779502945248,27.294658471611935,27.511701538446736,5953100
2014-09-29,27.445932388305664,27.577473425388348,27.2551980099826,27.274930796353793,4125600
2014-09-30,27.511714935302734,27.66298630906008,27.37359541236117,27.42621285137464,7723600
2014-10-01,27.13681411743164,27.54459162520514,27.103929482014255,27.531437269250816,6422200
2014-10-02,27.15654945373535,27.2815120836205,26.94608475659348,27.09735610085563,6186000
2014-10-03,27.406475067138672,27.46566842078218,27.294666792999337,27.37359042821164,5117400
2014-10-06,27.320972442626953,27.57089767758345,27.288087807389186,27.564321754110633,3948900
2014-10-07,26.702730178833008,27.14339231826374,26.702730178833008,27.005275345327163,7288400
2014-10-08,27.16312026977539,27.16312026977539,26.623804271151787,26.696151967614863,7598800
2014-10-09,26.68958282470703,27.22232052683681,26.669850033153782,27.22232052683681,7952600
2014-10-10,26.35414695739746,26.978965023452503,26.347571034337314,26.722461372182998,9338800
2014-10-13,26.216022491455078,26.66983632085522,26.19629221898341,26.380448119214893,7607100
2014-10-14,26.288381576538086,26.623808898789814,26.196303586466513,26.308111857571404,13103400
2014-10-15,25.610942840576172,26.1305285880111,25.18343758082611,26.031874686039586,13295100
2014-10-16,25.716176986694336,25.913489822413716,25.05847422479487,25.091361370039387,10721200
2014-10-17,25.913488388061523,26.09106591608069,25.768792985592942,26.071335637175626,9192800
2014-10-20,25.90032958984375,26.03844653636184,25.76878856552046,25.781942918846426,6280600
2014-10-21,26.48568344116211,26.518568068677176,26.071330109450702,26.117369089759055,8903400
2014-10-22,26.23576545715332,26.7553512944018,26.22261109949596,26.452808595094023,10190200
2014-10-23,26.577756881713867,26.748758421071845,26.452794314834414,26.577756881713867,7881200
2014-10-24,26.906620025634766,26.959237451143743,26.5054209374081,26.525153726442436,6660500
2014-10-27,26.939491271972656,26.985530241941106,26.82110463235787,26.82110463235787,4214200
2014-10-28,27.320972442626953,27.320972442626953,26.992121072375603,27.018429784140555,5468000
2014-10-29,27.518285751342773,27.590633462084575,27.22889741731268,27.26178205612156,7085200
2014-10-30,27.7155818939209,27.84712289070261,27.347270113655107,27.406460927824252,7541300
2014-10-31,28.01813316345215,28.01813316345215,27.860285925262136,27.978672608372953,8840700
2014-11-03,28.228599548339844,28.28121697024856,27.880017909473292,27.880017909473292,7517200
2014-11-04,28.386449813842773,28.39960416955569,28.11021587068193,28.11021587068193,6993600
2014-11-05,28.623218536376953,28.64294881226407,28.37329083641576,28.544294923892096,8095600
2014-11-06,28.886302947998047,28.892881380359746,28.485106386723206,28.583760291717283,6344700
2014-11-07,28.813947677612305,28.906025626979524,28.67582824462552,28.840253871048688,6859500
2014-11-10,28.892881393432617,28.892881393432617,28.662686439405455,28.787649056029224,5390600
2014-11-11,28.958654403686523,29.050732397189954,28.8797307676746,28.906039482657626,4850400
2014-11-12,28.899452209472656,28.93891526987595,28.73502655453018,28.846837304537985,4970600
2014-11-13,28.892881393432617,28.93892038423805,28.81395776761428,28.879727037640087,6771300
2014-11-14,28.761337280273438,28.899454237975053,28.708722371645635,28.80080034344671,5051300
2014-11-17,28.8073787689209,28.820533124454823,28.675837722518434,28.741609500188055,5571600
2014-11-18,28.9257755279541,29.004699179691737,28.74819542984117,28.761349789953723,4526400
2014-11-19,28.8665714263916,28.91261041519472,28.6692611159587,28.87314985847017,4983300
2014-11-20,28.879722595214844,28.94549185512369,28.64952767659743,28.682412306551853,4778200
2014-11-21,28.919185638427734,29.16911083307414,28.853413869623594,29.06387851192396,5065100
2014-11-24,29.182268142700195,29.261194273259573,28.92576449072396,29.024420899454835,4844200
2014-11-25,28.945497512817383,29.221733978087965,28.899458520095106,29.221733978087965,5397000
2014-11-26,29.188846588134766,29.202000943234044,28.91261014892334,29.011266557699567,4897400
2014-11-28,29.070466995239258,29.386164067851325,29.031003920311257,29.267777352004636,4515100
2014-12-01,28.68899154663086,29.05730596794791,28.62979820229306,29.037575689480892,7241500
2014-12-02,28.984966278076172,28.984966278076175,28.695577908530588,28.695577908530588,5431600
2014-12-03,29.149381637573242,29.228305254127747,28.906032356317198,28.945492910126184,4387300
2014-12-04,29.287500381469727,29.29407881346379,29.044151085359786,29.044151085359786,5529700
2014-12-05,29.68211555480957,29.734730451983907,29.41903354212985,29.41903354212985,7348300
2014-12-08,29.839975357055664,29.93863178070838,29.399315684997568,29.458509037401782,10611500
2014-12-09,29.734737396240234,29.76762202827108,29.32038651656571,29.550581449718223,7098200
2014-12-10,29.359846115112305,29.85312310631765,29.346691760941113,29.721582073542255,8960000
2014-12-11,29.399311065673828,29.75447112429511,29.320387444514658,29.51769775188092,6414800
2014-12-12,28.8665714263916,29.353272533800354,28.840262715950754,29.129653512926613,8406300
2014-12-15,28.577186584472656,29.12965702566916,28.51141480043913,28.99811596653913,7610900
2014-12-16,28.34697914123535,28.92575809263382,28.294364241437023,28.445635528144415,9104900
2014-12-17,28.886302947998047,28.93892037114435,28.452219242788352,28.570605935930708,7204300
2014-12-18,29.820247650146484,29.82682357478703,29.19542943392807,29.234892508583236,8588900
2014-12-19,29.728172302246094,29.951791394022973,29.511129135696102,29.780787230873734,11712800
2014-12-22,30.017549514770508,30.017549514770504,29.675543824644123,29.767621797190344,6295900
2014-12-23,30.19512939453125,30.320091998263088,30.096472990733723,30.16224476291093,4941600
2014-12-24,30.089902877807617,30.313521928513833,30.004400811936605,30.293791647519388,1905500
2014-12-26,30.083324432373047,30.221441405632063,30.076745999968228,30.221441405632063,3123800
2014-12-29,30.19243049621582,30.38419204932924,29.98744374746201,30.033730670979295,4026500
2014-12-30,30.126296997070312,30.21887081324298,30.06017104091319,30.126296997070312,4342000
2014-12-31,29.722946166992188,30.278391748568687,29.71633230822273,30.218879631883777,5691600
2015-01-02,29.64359474182129,30.080016049143108,29.35925938012473,30.040340467587377,5010500
2015-01-05,28.929454803466797,29.603924681007133,28.889779214512092,29.45845004395482,6568700
2015-01-06,28.54592514038086,29.09475931088379,28.354166143801198,29.02863586688359,8523700
2015-01-07,28.797203063964844,28.889776908354406,28.526092867203378,28.830264790897104,5073700
2015-01-08,29.008790969848633,29.20055245023206,28.949278873262305,29.074916922970775,10417600
2015-01-09,28.407073974609375,29.114605658302246,28.314500112810094,29.01542045885239,8095700
2015-01-12,28.142580032348633,28.519489372395594,28.063228838955443,28.420301641878492,4857700
2015-01-13,27.838396072387695,28.446742403415897,27.620186670596215,28.301267787256297,7298100
2015-01-14,27.335847854614258,27.57389627928323,26.95893868970425,27.44825820934816,12845300
2015-01-15,27.07135581970215,27.342466032883145,26.912658511836714,27.26311737895043,10875800
2015-01-16,27.454877853393555,27.487939581021823,26.9457191760842,26.9457191760842,9896400
2015-01-20,27.24989128112793,27.560677072214812,26.939108012489193,27.547451876588973,12682100
2015-01-21,27.904525756835938,28.33433328161403,27.342466270274706,27.501166101966227,11209400
2015-01-22,28.71785545349121,28.79059276884176,28.043385605397262,28.13595945313499,9471900
2015-01-23,28.645118713378906,28.955904513409337,28.638507376599804,28.704630834183707,8159000
2015-01-26,28.783973693847656,28.803812745088003,28.39383931875705,28.53270258764861,4607600
2015-01-27,28.4202823638916,28.658330737701156,28.307872033174345,28.39383198403564,5395500
2015-01-28,27.838396072387695,28.625278744398695,27.83178473640222,28.539316241900032,7580400
2015-01-29,28.149179458618164,28.228528095984434,27.77227027806876,27.85161891543503,6882900
2015-01-30,27.71274757385254,28.089656610296068,27.65984934331582,27.752423138590128,10416500
2015-02-02,28.25497817993164,28.288039901609466,27.560671934906626,27.904519389740887,6199500
2015-02-03,28.618661880493164,28.797198202726456,28.083055436240947,28.083055436240947,8767500
2015-02-04,28.817041397094727,29.061701197209885,28.526092153494847,28.526092153494847,9661800
2015-02-05,29.094764709472656,29.18733855722927,28.843491035241723,28.92945354635065,6625400
2015-02-06,29.365877151489258,29.689888165750002,29.253466762784495,29.29975369018626,7490900
2015-02-09,29.207168579101562,29.379093562995923,29.10136955918488,29.154270330367023,4569200
2015-02-10,29.43860626220703,29.524568755885383,29.260069939543218,29.471667983637886,5983500
2015-02-11,29.273298263549805,29.37248343845079,29.107987116266905,29.312973846978956,4017400
2015-02-12,29.835355758666992,29.85519481200672,29.306360581153886,29.517958652159127,7120300
2015-02-13,29.802305221557617,29.92794083511872,29.670055746917605,29.835366959605388,8634500
2015-02-17,29.802305221557617,29.86842869765316,29.537806272277596,29.6832809466265,4980200
2015-02-18,29.445220947265625,29.82213016384023,29.398934027507195,29.709719793697744,5182800
2015-02-19,29.306358337402344,29.471669475371648,29.174108922537346,29.40554602916304,5012900
2015-02-20,29.504735946655273,29.524575001668772,28.982354583666073,29.147665748238804,7120800
2015-02-23,29.412160873413086,29.425386068722013,29.23362452041471,29.385710482795236,3994500
2015-02-24,29.570859909057617,29.663433751312585,29.425385286972364,29.4518356768875,5083600
2015-02-25,29.650196075439453,29.716319499945374,29.498110181118268,29.610520507267726,3773000
2015-02-26,29.709728240966797,29.74940383594683,29.511355310963957,29.623765713067723,4133900
2015-02-27,29.498117446899414,29.74939106231849,29.491503589351563,29.663428571329515,4626000
2015-03-02,29.676658630371094,29.676658630371094,29.392323247930047,29.49812228401639,4716900
2015-03-03,29.590688705444336,29.65020080597329,29.41215240385747,29.511340078888182,4142800
2015-03-04,29.365877151489258,29.471676203043067,29.266689437086406,29.432000612792255,5553200
2015-03-05,29.4782772064209,29.504725065938498,29.22700362264922,29.38570086954388,4148900
2015-03-06,29.53778839111328,30.060172112361226,29.451828428716073,29.517951864782756,7189100
2015-03-09,29.683269500732422,29.762618145939953,29.52457221031736,29.544408741007253,5090500
2015-03-10,28.903013229370117,29.418785953354554,28.903013229370117,29.412172091953355,5399300
2015-03-11,28.929454803466797,29.12121636640879,28.810430559050957,28.995578262609698,6232400
2015-03-12,29.40554428100586,29.425380809199606,29.015409917693848,29.180721045835416,9056800
2015-03-13,29.286521911621094,29.451833050175132,29.06169866228969,29.3989322750629,5593800
2015-03-16,29.736173629760742,29.802297087809634,29.339425314122654,29.431999164370403,6022300
2015-03-17,29.722946166992188,29.75600789349535,29.398935193385878,29.551021153258866,4972800
2015-03-18,29.65682601928711,29.86181279980476,29.42539136583858,29.55102696021799,8831300
2015-03-19,29.385711669921875,29.630374009348774,29.240239560543063,29.630374009348774,7568500
2015-03-20,29.66343879699707,29.795688246620088,29.37910336316454,29.49812761558041,10343100
2015-03-23,29.564247131347656,29.808909463336555,29.55763579485114,29.69649656331093,6753900
2015-03-24,29.227014541625977,29.544411676439555,29.227014541625977,29.47828821927147,4844500
2015-03-25,28.71124267578125,29.23362657620291,28.7046313388859,29.180728313695337,6434700
2015-03-26,28.598819732666016,28.744294304963244,28.254972348793483,28.59220839867394,6705900
2015-03-27,28.502395629882812,28.648698983644852,28.40264288198728,28.6353984481376,4816300
2015-03-30,29.12085723876953,29.280458594839928,28.6420480969227,28.648699633236028,6236700
2015-03-31,29.041059494018555,29.154112801279194,28.821606953881766,28.90805918451422,5714100
2015-04-01,28.92136573791504,29.001166447578306,28.67530953315682,28.9546158222065,6130100
2015-04-02,29.067659378051758,29.167412142905622,28.84820684691872,28.908057998467402,4470700
2015-04-06,28.808305740356445,28.954609121564097,28.50240097675702,28.60215120654732,5942800
2015-04-07,28.828262329101562,28.954616202615515,28.721860535879678,28.841562870356658,4355400
2015-04-08,28.881458282470703,29.007809591990917,28.80165758892206,28.841556667287225,3820400
2015-04-09,28.97455596923828,28.98785650600539,28.675300234023346,28.781701991342214,3702700
2015-04-10,29.09425926208496,29.100908262287767,28.801655053617935,28.928006352015906,4030200
2015-04-13,29.32036781311035,29.38021897137709,29.034412561037993,29.134165337088714,6135300
2015-04-14,28.947961807250977,29.28711923374366,28.80830994308039,29.1275152912497,7541800
2015-04-15,28.881458282470703,29.18071405430101,28.622104125823874,28.668654741795443,10906400
2015-04-16,28.55560302734375,28.848209814714345,28.276299315928313,28.848209814714345,10147100
2015-04-17,28.22309684753418,28.42925139664754,28.010293297335156,28.362751238517255,9390500
2015-04-20,28.435897827148438,28.548951129932092,28.32949606166757,28.409299288391868,5703100
2015-04-21,28.26300048828125,28.588857374816914,28.23639940839699,28.529006213486635,6165600
2015-04-22,28.48245620727539,28.562256911833135,28.10339715278412,28.382703423964216,5518100
2015-04-23,28.47580909729004,28.595511441152013,28.276306036459765,28.376056298465375,6878300
2015-04-24,28.422597885131836,28.50239856958816,28.256344979370656,28.37604473764613,6454900
2015-04-27,28.302900314331055,28.622105642255807,28.289599775231885,28.48910278808255,5703900
2015-04-28,28.509052276611328,28.56890343403981,28.196498487212303,28.302900262994225,5804400
2015-04-29,28.582197189331055,28.74180108353229,28.38934322374309,28.395994760111137,5639500
2015-04-30,28.509052276611328,28.71520682704687,28.322849803197574,28.555602894964768,6455300
2015-05-01,28.535655975341797,28.72185846585551,28.435903191527352,28.59550713826673,3736600
2015-05-04,28.954612731933594,28.987862812676333,28.57555623046554,28.64205639195102,5120000
2015-05-05,28.761751174926758,29.120858041207224,28.755102175248034,28.82825131898556,5444900
2015-05-06,28.6619930267334,29.027751360660716,28.482442164209413,29.027751360660716,4800200
2015-05-07,28.6619930267334,28.748445227190526,28.46914163053775,28.655344028306267,4677400
2015-05-08,29.167402267456055,29.18070280072118,28.715194283711206,28.828245011238753,5162100
2015-05-11,29.09425926208496,29.247211634930323,29.067658187637573,29.107559799308657,3953800
2015-05-12,29.194013595581055,29.22726367202248,28.748454453447604,28.928007910413186,6714700
2015-05-13,29.35362434387207,29.420127054793944,29.07432056845729,29.16077028742718,5966400
2015-05-14,29.513219833374023,29.55977044923466,29.307065293978155,29.49991929501123,4147400
2015-05-15,29.213960647583008,29.573067530949363,29.080957816319398,29.5265169205298,4966300
2015-05-18,29.393518447875977,29.446718066179308,29.20731344176836,29.24056605712862,5101200
2015-05-19,29.719379425048828,29.745980508567236,29.44672466103256,29.5331769140579,4555700
2015-05-20,29.32036781311035,29.692775301972105,29.260516654843617,29.65952268540955,8055700
2015-05-21,29.167402267456055,29.333655128044093,29.147452735967036,29.267152461718478,5960000
2015-05-22,28.97455596923828,29.23391009415189,28.954606432496618,29.16740994713435,6133800
2015-05-26,28.841548919677734,28.994501264899856,28.748447712744067,28.95460219725264,7536400
2015-05-27,29.167402267456055,29.30040506328995,28.901396675788263,28.981199875378998,5808500
2015-05-28,29.061012268066406,29.140812963049814,28.901408341281236,29.094262346241297,4846200
2015-05-29,28.66866111755371,29.11421783717627,28.63541103258199,29.100917295823805,7785600
2015-06-01,28.5755615234375,28.85486529759344,28.442558639012233,28.76176403954146,5242000
2015-06-02,28.68195915222168,28.78836093692343,28.39600388018223,28.50905466656968,4290600
2015-06-03,29.24056625366211,29.287116871297297,28.728506922856642,28.808307619257192,8312800
2015-06-04,28.92136573791504,29.213970031226243,28.868163573593645,29.120868780482624,6980900
2015-06-05,29.25386619567871,29.586372050185172,29.147464423709376,29.17406296408795,7470100
2015-06-08,29.03441619873047,29.366922111467563,29.021115657802728,29.180719612116803,5831400
2015-06-09,29.307064056396484,29.506567049777175,28.98785875962374,29.107561063015794,6495900
2015-06-10,29.799171447753906,29.952123815126306,29.44006456601802,29.446713565982908,7944500
2015-06-11,29.825777053833008,29.99868153571844,29.71272626990827,29.825777053833008,7059500
2015-06-12,29.77922248840332,29.845725179096746,29.593020028098255,29.759272949604423,4763500
2015-06-15,29.52652359008789,29.65952391457609,29.34697010784652,29.473321430837746,6290000
2015-06-16,29.652868270874023,29.686118344548095,29.440064755178323,29.446713755185932,5831700
2015-06-17,29.686128616333008,29.97208391514672,29.63292898741033,29.765929328126475,8008000
2015-06-18,29.77922248840332,29.965427485526646,29.5331688748833,29.732671873327053,8892500
2015-06-19,29.686128616333008,29.80583095243265,29.479976566131654,29.652878531153974,14699700
2015-06-22,29.912214279174805,30.05851760781696,29.81246408522387,29.898913745951216,5213600
2015-06-23,29.992036819458008,30.118390708842572,29.89893555579728,30.045238991160808,4544600
2015-06-24,29.752620697021484,29.985373746963212,29.726019623651577,29.81912084362827,5960700
2015-06-25,29.6329345703125,29.95214001444417,29.6262830299322,29.79253602396865,5714100
2015-06-26,29.770029067993164,29.957305762593403,29.729900352407917,29.783406156994527,6822400
2015-06-29,29.034318923950195,29.562702674520537,29.0209418294702,29.368738631690427,7302000
2015-06-30,29.027620315551758,29.556001308340623,28.967424689611395,29.32190862491637,7549700
2015-07-01,29.52925682067871,29.54932118370359,29.25503280318746,29.375421532756256,6025200
2015-07-02,29.174766540527344,29.522563246802207,29.07444218673331,29.489121795537528,4843000
2015-07-06,29.161392211914062,29.194836217765754,28.79353111032031,28.860416570604265,6146600
2015-07-07,29.07444190979004,29.127947721020025,28.706578295125038,29.0811291794116,8586900
2015-07-08,28.53937339782715,28.92061416872891,28.525998856283564,28.92061416872891,6207200
2015-07-09,28.73333740234375,29.054379979019036,28.719960309388163,28.954055608981534,6403200
2015-07-10,29.054386138916016,29.30185858393226,28.933994828210857,29.268414568742937,5414600
2015-07-13,29.315229415893555,29.362047965450646,29.141329759179005,29.255033773403074,6065500
2015-07-14,29.34865951538086,29.395478046820443,29.11456430676433,29.23495554515715,8762300
2015-07-15,30.45224380493164,30.63952049034636,29.362037894690687,29.402166608307706,16088700
2015-07-16,30.6729736328125,30.94050784748694,30.612777988012304,30.686350726259175,10761600
2015-07-17,30.666275024414062,30.773289189907945,30.45224669342629,30.512442320980284,7157000
2015-07-20,30.659591674804688,30.86024294182939,30.619460400832036,30.73985167133071,5571000
2015-07-21,30.592710494995117,30.78667195158726,30.505760672193475,30.686347588126377,5547800
2015-07-22,30.733173370361328,30.840187580766166,30.51914494955165,30.552586411911907,7022300
2015-07-23,30.539186477661133,30.90036012445281,30.485680688183546,30.706396215833042,7656400
2015-07-24,30.2850399017334,30.572640978391558,30.26497554103327,30.472316623471706,6900900
2015-07-27,29.964004516601562,30.11783727195314,29.897121597377335,30.084395812341025,5963500
2015-07-28,29.91717529296875,30.144580709215248,29.803473860554952,30.117826530499446,7497300
2015-07-29,30.10446548461914,30.171350967053716,29.88374977113572,29.917191236642868,7108900
2015-07-30,30.137901306152344,30.191407126129903,29.96400165053122,29.96400165053122,6096800
2015-07-31,30.238218307495117,30.285036845349936,30.04425433557146,30.178022680050496,6633800
2015-08-03,30.151264190673828,30.25827833161973,29.95730026289114,30.184705631328477,5964000
2015-08-04,30.244909286499023,30.41880635498945,30.07769948735017,30.131205296339896,4705900
2015-08-05,30.3853759765625,30.586027298365995,30.271671944974532,30.452258900023672,3765000
2015-08-06,30.238218307495117,30.572637892983234,30.178022680050496,30.458936458598373,3566700
2015-08-07,30.171342849731445,30.42550251176297,29.99075592287375,30.244915584905275,4616600
2015-08-10,30.77997589111328,30.77997589111328,30.39204798587457,30.40542507413301,5260300
2015-08-11,30.365304946899414,30.579333316715953,30.264978032301915,30.4321878556848,5351800
2015-08-12,30.02419090270996,30.17802361060774,29.602821497604445,30.17802361060774,5657200
2015-08-13,30.144580841064453,30.218153557145254,29.95730669207254,30.07769794540132,3450700
2015-08-14,30.49907684326172,30.525831032676034,30.09777420772667,30.144592763491758,4583500
2015-08-17,30.53251075744629,30.672966378287406,30.238219874062136,30.29841550462534,4527200
2015-08-18,30.59939193725586,30.65958756443509,30.46562359336658,30.545883579132568,3762100
2015-08-19,30.338550567626953,30.639528758063612,30.27166510785247,30.458941843801618,6057400
2015-08-20,29.495798110961914,30.03087133815599,29.495798110961914,30.017494252334316,7724500
2015-08-21,28.612947463989258,29.30185375082135,28.599570370404003,29.18814973105656,10079800
2015-08-24,27.255189895629883,28.071174311413046,25.95764312340376,26.967588914703633,19382200
2015-08-25,26.593048095703125,28.184886263310286,26.566296464139626,28.11800335727256,16313700
2015-08-26,27.696643829345703,27.743462390631702,26.847217350925064,27.195014200064083,12679500
2015-08-27,28.479175567626953,28.512617018760384,27.903973423022865,28.017674867160373,9832900
2015-08-28,28.485868453979492,28.5861953785809,28.265150240424262,28.378854258400505,6053700
2015-08-31,28.325342178344727,28.472487634793268,28.225017818291096,28.291900724993518,6342200
2015-09-01,26.934162139892578,27.703325896072776,26.753575201114685,27.64982007240882,12097800
2015-09-02,27.435779571533203,27.48928537159291,27.04116440934569,27.395648307924453,6052700
2015-09-03,27.71670150756836,28.044433908879743,27.489296028463627,27.536114578448164,6721200
2015-09-04,27.12141990661621,27.422397955435116,26.89401455322173,27.328760907228837,8078400
2015-09-08,27.71001434326172,27.730078707212325,27.288644840361606,27.689949979311113,11072300
2015-09-09,27.342153549194336,28.10463000573403,27.281957905182274,28.031057268450436,7780300
2015-09-10,27.489280700683594,27.709998785899916,27.18830520472416,27.21505682449913,9575000
2015-09-11,27.462549209594727,27.48261357698669,27.11475238342034,27.382286637186745,8327100
2015-09-14,27.36890411376953,27.529426675329333,27.248515381874128,27.36221684310517,8854000
2015-09-15,28.091251373291016,28.218329925278212,27.489294966152688,27.51604915122984,11631300
2015-09-16,28.3320369720459,28.365478431265974,27.9240445358695,28.0645001954457,7683400
2015-09-17,27.863840103149414,28.552743641264765,27.73007175702689,28.365469487544626,15542700
2015-09-18,27.53611946105957,27.609692210200834,27.248520839338376,27.489300902773323,33377500
2015-09-21,27.77021026611328,27.870534638295965,27.495986233209166,27.736768808719052,8472100
2015-09-22,27.489280700683594,27.5628533957557,27.22174664300652,27.275252433974657,8851600
2015-09-23,27.462549209594727,27.582940516786632,27.315403711600162,27.462549209594727,3917700
2015-09-24,27.26188087463379,27.322076496311567,26.88733260767757,27.14817945114171,8418500
2015-09-25,27.87053108215332,28.09793653540577,27.62306126730838,27.73676526964427,8788400
2015-09-28,27.200931549072266,27.820053570737745,27.120177395682244,27.69219261394286,9427500
2015-09-29,27.355724334716797,27.402831155952867,27.039433477449553,27.268239137937282,6411300
2015-09-30,27.597980499267578,27.766219841067162,27.42974115746799,27.685465675799378,8825200
2015-10-01,27.67873191833496,27.799864426547835,27.274956035249343,27.604706211412857,6274100
2015-10-02,27.42300796508789,27.423007965087887,26.433759985111674,26.904830574011214,15273500
2015-10-05,27.968111038208008,28.021946296398315,27.638360775950435,27.68546758954026,6488900
2015-10-06,27.921001434326172,28.062321860972748,27.806597350520452,27.894082524356758,5352300
2015-10-07,28.122892379760742,28.318050655873083,27.961381462636645,28.122892379760742,4870400
2015-10-08,28.196910858154297,28.237286651704803,27.853701210205312,27.96810528189773,5017900
2015-10-09,27.981571197509766,28.331506802360114,27.82678872939316,28.28439998758684,4307300
2015-10-12,28.01522445678711,28.136357025185045,27.873901415569907,28.042140808663774,3788000
2015-10-13,27.880626678466797,28.001759221880974,27.813331961960646,27.91427403671987,4328700
2015-10-14,27.254770278930664,27.84024240316361,27.174016122826064,27.813326062547638,10003800
2015-10-15,27.597980499267578,28.02194435939855,27.37590590299901,27.739303497396985,12242600
2015-10-16,27.43647575378418,27.954653302291238,27.375909480137146,27.719116652717684,12933500
2015-10-19,27.40955924987793,27.665283824112713,27.34226452529839,27.348992970904668,7749200
2015-10-20,27.759492874145508,27.934460669391346,27.423014172640713,27.483580441596725,6848700
2015-10-21,27.65854263305664,28.089237440109596,27.638354736537742,27.92099812344349,8864500
2015-10-22,28.156538009643555,28.452638344536982,27.833518762361052,27.833518762361052,7961800
2015-10-23,28.681440353393555,28.72181871689184,28.156534463558195,28.365152157606627,9879400
2015-10-26,28.61414909362793,28.789116888932497,28.41899083057874,28.627608549748093,5262000
2015-10-27,28.331510543823242,28.573775661581564,28.196921093627918,28.439183644257028,5796000
2015-10-28,28.977542877197266,29.09194438840375,28.324773460861547,28.398799176173238,9443400
2015-10-29,28.937158584594727,29.08520998488056,28.809297645247447,28.92369913301166,5574500
2015-10-30,28.385339736938477,28.930436085964125,28.31131402158739,28.923705075225794,9148400
2015-11-02,28.661256790161133,28.82949614615712,28.425722718618292,28.425722718618292,5523800
2015-11-03,28.735271453857422,28.849672939665872,28.418980764882292,28.667974197092576,3559200
2015-11-04,28.681440353393555,28.883327036628046,28.59395774983997,28.755466069576176,4060800
2015-11-05,28.68817138671875,28.816032353870952,28.506472601526596,28.681440375899527,6377500
2015-11-06,29.421695709228516,29.771633833881115,29.273644273033195,29.421695709228512,12058000
2015-11-09,29.165973663330078,29.515911817521552,28.957355946274944,29.435157648747747,6781300
2015-11-10,29.179441452026367,29.29384300986461,28.991014148702448,29.06503732705865,6170200
2015-11-11,29.159242630004883,29.435155035353233,29.07175745744218,29.354398306620656,4852700
2015-11-12,28.74874496459961,28.984279060643363,28.72182604872915,28.964091157305074,6991800
2015-11-13,28.519947052001953,28.809319058299153,28.425733388022362,28.59397280716586,6646000
2015-11-16,29.011198043823242,29.0246575017897,28.439182632329807,28.51320836758077,6042600
2015-11-17,28.95063591003418,29.26692679969158,28.822774891746683,29.0583090220472,6457700
2015-11-18,29.536100387573242,29.596666657308937,28.89679033305844,29.011194427949768,8560200
2015-11-19,29.71107292175293,29.791827098254394,29.43516046550469,29.549562001621016,6414200
2015-11-20,29.63704490661621,29.886038429134565,29.56974762544315,29.872578972899955,6977400
2015-11-23,29.46207046508789,29.731254418266985,29.40150420397902,29.65050025916463,6032900
2015-11-24,29.515914916992188,29.603400106509074,29.199624085981988,29.320756635427212,5955300
2015-11-25,29.45534324645996,29.569744762685342,29.367858072969142,29.54282841995078,4284600
2015-11-27,29.542829513549805,29.603395779419525,29.320752349651286,29.52263904684081,2093500
2015-11-30,29.536100387573242,29.690880284202503,29.43515831609962,29.563019300151062,7461700
2015-12-01,29.818742752075195,29.899496919746074,29.53609931453406,29.704338661340135,4913800
2015-12-02,29.45534324645996,29.91295444561857,29.401505426733753,29.852388181990857,6301200
2015-12-03,29.071754455566406,29.589931859349765,28.97080983863823,29.589931859349765,5560600
2015-12-04,29.838926315307617,29.892761563554018,29.18615692309485,29.246723181827253,8421400
2015-12-07,29.68415069580078,29.85911848655696,29.455345081963504,29.704338595891844,5728900
2015-12-08,29.307292938232422,29.623583723485787,29.179431962150392,29.495722747403757,6751100
2015-12-09,28.94389533996582,29.48226328940465,28.748739653779314,29.098677794063097,6713400
2015-12-10,29.05829429626465,29.334206666420343,28.79584137918096,28.977540144960784,6256600
2015-12-11,28.412269592285156,28.78239574451399,28.22383972594021,28.607425337702924,6531700
2015-12-14,28.55358123779297,28.64106641414767,28.15653628926457,28.46609606143827,7422800
2015-12-15,29.388051986694336,29.5024560934635,28.88333387553823,28.93044326100487,6971200
2015-12-16,29.852392196655273,29.939877381911437,29.213082120636646,29.563020294532407,10016800
2015-12-17,29.495729446411133,30.000447588337707,29.49572944641113,29.96006921281706,6896700
2015-12-18,28.5064754486084,29.32748428581666,28.499744437116917,29.30056537410816,14632800
2015-12-21,28.661256790161133,28.923709774774256,28.371884892477734,28.708363604469703,5610500
2015-12-22,28.735271453857422,28.883320284484366,28.378602410823387,28.87659184237181,5041000
2015-12-23,29.260190963745117,29.26692197614691,28.84968648962364,28.997737956914417,4846400
2015-12-24,29.21982192993164,29.33422607316636,29.172715096579072,29.19290557310866,2170100
2015-12-28,28.97081756591797,29.17270428649458,28.762202400411343,29.098681123748673,5828500
2015-12-29,29.461620330810547,29.522547497569953,29.204372006445784,29.211143126322153,4912000
2015-12-30,29.116361618041992,29.454845258524546,29.089284889446567,29.36007025237747,4750500
2015-12-31,28.886194229125977,29.204369695068173,28.872657155295798,28.967432166659332,4483800
2016-01-04,28.080602645874023,28.310771625857633,27.830125473735325,28.263384122545588,9258100
2016-01-05,28.21599769592285,28.243077008113122,27.884282577655433,28.073835180561964,7654400
2016-01-06,27.78951072692871,28.14153407814927,27.62704000016577,27.782742189324274,6779600
2016-01-07,27.261476516723633,27.532261917423053,27.004228190997424,27.28855583152125,9959800
2016-01-08,26.875598907470703,27.559334657221232,26.821440290796414,27.511947158843718,8475200
2016-01-11,26.983922958374023,27.153164820799926,26.726674604407403,27.085466526374034,6668800
2016-01-12,27.49840545654297,27.525484762863194,26.868825787934007,27.34947443663129,9915500
2016-01-13,26.408493041992188,27.782738406907477,26.367876657043894,27.70150047216032,11910700
2016-01-14,27.031301498413086,27.22085149502003,26.476188580557007,26.807901074619163,13490300
2016-01-15,26.435575485229492,26.699592348370942,25.704452062870526,25.73152879523523,14534000
2016-01-19,26.489727020263672,26.990681297589415,26.232478763503888,26.719895969485606,11311300
2016-01-20,26.313716888427734,26.62512379321888,25.900766443260824,25.927845753664435,13476300
2016-01-21,26.07677459716797,26.706354245277197,26.056466409301443,26.361099556998095,12508900
2016-01-22,26.65220069885254,26.828213635224067,26.422031723737987,26.604813196542946,8942900
2016-01-25,25.92108917236328,26.638673152040173,25.880470188023953,26.598056750127213,10258700
2016-01-26,26.415264129638672,26.58450595318908,25.921078314762518,26.02262185943759,7659000
2016-01-27,26.523584365844727,27.07192891902474,26.286646796065245,26.482965389985747,7619400
2016-01-28,26.550655364990234,26.943295012246416,26.401721749259433,26.746973897405816,8983600
2016-01-29,27.119308471679688,27.132848126324568,26.537116234075157,26.611583043409468,11718800
2016-02-01,26.943296432495117,27.092230056076584,26.77405461748896,27.00422358919434,6241800
2016-02-02,26.232481002807617,26.58450428357502,26.124166345834965,26.58450428357502,6987700
2016-02-03,26.591272354125977,26.631891318188774,25.71121545883267,26.35433485315569,10534100
2016-02-04,27.153154373168945,27.21408152349656,26.51680356254162,26.59127036654481,9291000
2016-02-05,27.139623641967773,27.45102803160911,27.038077497228944,27.214090470452817,10218300
2016-02-08,26.76051139831543,27.10576610110354,26.381411435943928,26.855286388908304,13886300
2016-02-09,26.672517776489258,26.882376027048693,26.076785714976104,26.29341508599438,12758700
2016-02-10,26.428802490234375,27.27501156651679,26.415262835122835,27.038071475702615,9332000
2016-02-11,25.352428436279297,25.778918600999855,25.095180113479934,25.724759972020802,12474900
2016-02-12,26.469423294067383,26.503273728712507,25.724760215535284,25.88723352158487,12455600
2016-02-16,27.207313537597656,27.43071397532545,26.591273427776567,26.841753175972915,11233000
2016-02-17,27.15993881225586,27.55934979107255,27.12609094945981,27.491654065480457,7865000
2016-02-18,26.733444213867188,27.17347148184502,26.611589873214683,27.139623627758375,7672200
2016-02-19,26.7131404876709,26.89592204690349,26.442355001065387,26.591286114849176,10983400
2016-02-22,27.234390258789062,27.342704907940206,26.713125202741377,26.713125202741377,8157300
2016-02-23,26.313716888427734,27.132849242373243,26.279869041635813,27.044842774774104,9226400
2016-02-24,26.022628784179688,26.09032708106985,25.37274062858994,25.907545553105365,9220400
2016-02-25,26.49649429321289,26.49649429321289,26.042927534481215,26.144471059271623,6335600
2016-02-26,26.59804344177246,26.92298740662198,26.46264947747889,26.73343740606603,7200000
2016-02-29,26.07677459716797,26.611579258667156,26.07000347959599,26.570960300509405,7400600
2016-03-01,27.011003494262695,27.011003494262695,26.19187088053714,26.19187088053714,6569500
2016-03-02,27.437480926513672,27.437480926513672,26.97037446883179,27.071920586009387,7465500
2016-03-03,27.599960327148438,27.606728864665143,27.22762878551505,27.40363916763108,5694800
2016-03-04,27.775968551635742,27.897822876875694,27.491643514359453,27.694733195617573,6128000
2016-03-07,27.599960327148438,27.70827500439498,27.41041028757339,27.518724964819935,4287500
2016-03-08,26.977148056030273,27.335942510126557,26.902683816239097,27.22762783665469,6094400
2016-03-09,26.916221618652344,27.17346994351394,26.821446599604805,27.17346994351394,5476200
2016-03-10,26.74698829650879,27.207326463474654,26.45589460916483,27.038084566279156,7442900
2016-03-11,27.390100479125977,27.410411257245823,26.814679220102388,27.031308582258962,7774800
2016-03-14,27.410417556762695,27.478113279584957,27.058394116749103,27.396877895712986,6349500
2016-03-15,27.613494873046875,27.64734271921601,27.12607762445091,27.173465125572726,7049600
2016-03-16,27.444255828857422,27.836895532401343,27.329170041360236,27.51195152802608,6001700
2016-03-17,27.545799255371094,27.606726417322665,27.112540584793404,27.335941039424302,6841300
2016-03-18,27.97228240966797,28.039978091645466,27.660878140691906,27.755653128430296,10078900
2016-03-21,28.01290512084961,28.087371930455088,27.796275810592803,27.911359001855757,5207100
2016-03-22,27.97228240966797,28.121216008928144,27.627030299703158,27.769192781310743,5769700
2016-03-23,27.8842716217041,28.114440520035505,27.796267765301163,27.891042738303916,6761800
2016-03-24,27.60672950744629,27.647348480769093,27.390100147909315,27.572881654223448,6331000
2016-03-28,27.545799255371094,27.728580741225816,27.43071605081,27.64734538609884,4147000
2016-03-29,27.515148162841797,27.569648342788135,27.106407208090705,27.46065058160707,5840700
2016-03-30,27.923887252807617,28.073757526280794,27.617330286390125,27.665016636864934,6293200
2016-03-31,27.651395797729492,27.951138988955172,27.56964812716096,27.835330005542385,6579000
2016-04-01,27.7263240814209,27.780821646183018,27.249458045875905,27.46064228126734,5211800
2016-04-04,27.71270179748535,27.82851075832011,27.535578847288438,27.71270179748535,4685300
2016-04-05,27.28351402282715,27.52875951316075,27.140455019702657,27.41976180620252,6223900
2016-04-06,27.310775756835938,27.33802584488476,26.9565324083355,27.18134173667116,5286600
2016-04-07,26.636348724365234,27.120028661849567,26.45241713818155,27.079153532302488,8354600
2016-04-08,26.827102661132812,27.14728215121399,26.758977430159916,26.89522529339387,4990500
2016-04-11,26.929275512695312,27.27670755071011,26.84752786792568,26.96333941350087,7321300
2016-04-12,27.42658042907715,27.487891818210038,26.942903136312697,27.072339734877144,7661500
2016-04-13,27.998817443847656,28.216812902974297,27.705885558387944,27.774010763559307,10469400
2016-04-14,28.1214542388916,28.373513725663905,27.876208575389988,27.93070876670686,9317500
2016-04-15,27.998817443847656,28.3121881902142,27.8966335341569,28.237251763881133,7052600
2016-04-18,28.073747634887695,28.135059006568987,27.82169092851362,27.951124891525108,7566400
2016-04-19,28.55062484741211,28.5642498908019,28.196381515411478,28.25769291130988,11362100
2016-04-20,29.109241485595703,29.25230055714159,28.468879975786802,28.58468895788255,9576200
2016-04-21,28.99342155456543,29.156916832101583,28.884423836637804,29.054732933319134,10082300
2016-04-22,29.497539520263672,29.586100991671813,29.027487277333016,29.088798665429273,9262200
2016-04-25,29.327238082885742,29.415799577501588,29.129678825170274,29.313613037659334,8605600
2016-04-26,29.54522705078125,29.626977303993197,29.231858876268696,29.347670435630082,7899800
2016-04-27,29.654224395751953,29.93353126040469,29.470290226535123,29.55204047866108,9686600
2016-04-28,29.381729125976562,29.674661010462465,29.24548131479763,29.320417740881584,6641400
2016-04-29,29.081981658935547,29.347666044050793,28.932111414562364,29.177356940077548,10576000
2016-05-02,29.272727966308594,29.40216194246926,29.03429367500983,29.306789265433974,8866500
2016-05-03,28.952552795410156,28.99342792312793,28.61193452722886,28.83674383160987,6581800
2016-05-04,28.421188354492188,28.80267914128897,28.196379056234584,28.639183832293515,8835600
2016-05-05,28.373502731323242,28.611934479165157,28.29856629665545,28.489311694928986,5947600
2016-05-06,28.46205711364746,28.482495973598837,28.17593906143554,28.21000036307352,5306400
2016-05-09,28.298572540283203,28.611940791932604,28.25769740361565,28.34625890037282,4297100
2016-05-10,28.65280532836914,28.720927932234417,28.38030971548652,28.434809877547348,6413000
2016-05-11,28.523374557495117,28.870806664682167,28.523374557495114,28.543813421789892,5832800
2016-05-12,28.571056365966797,28.823115728730475,28.407561069877204,28.69367913738943,7285100
2016-05-13,28.2236270904541,28.68686809680955,28.08737927704763,28.46887263484356,6980600
2016-05-16,28.400754928588867,28.584689135452578,28.012450247002675,28.094200515860933,16492400
2016-05-17,27.739952087402344,28.22362939572613,27.6377655693233,28.189568089270153,14339300
2016-05-18,28.353063583374023,28.455250102114885,27.726327224649353,27.760388531325933,12622500
2016-05-19,28.284944534301758,28.407567332758457,27.951137449900425,28.203196868234446,9545400
2016-05-20,28.434814453125,28.748182639268013,28.36668923958662,28.434814453125,5781200
2016-05-23,28.380306243896484,28.523365253740483,28.216808376424456,28.44161761935969,6422300
2016-05-24,28.80268096923828,28.938928801188787,28.516562860982337,28.61874678591178,5611200
2016-05-25,29.26592254638672,29.44985673290435,28.966179389864266,29.007054519771945,7808000
2016-05-26,29.068363189697266,29.327233813893486,29.013865615436167,29.231861109903107,4372000
2016-05-27,29.259113311767578,29.25911331176758,29.04111780153998,29.143301735183964,3905000
2016-05-31,29.170551300048828,29.429421938314356,29.054742324255376,29.40217185034716,6605800
2016-06-01,29.29316520690918,29.334040326454645,28.836738066182626,28.91848570656293,5170800
2016-06-02,29.334041595458984,29.36128907762407,29.088796064998004,29.211418830228492,4216500
2016-06-03,28.864002227783203,28.959374963128255,28.455261190958083,28.80269081238822,11485600
2016-06-06,29.211414337158203,29.39534845671264,28.823109839891178,28.918482509576364,7748500
2016-06-07,29.061555862426758,29.2931764311799,29.061555862426758,29.252301295972302,7264000
2016-06-08,29.163738250732422,29.299983484611797,29.041115461271975,29.047926683481442,5017300
2016-06-09,28.97980499267578,29.007055079807017,28.632372878530898,28.925304818413313,5936900
2016-06-10,28.58468246459961,28.761805407078793,28.523371076620045,28.632368810949167,7329300
2016-06-13,28.39394187927246,28.69368504967218,28.387128057950076,28.414378145816798,6665600
2016-06-14,28.060123443603516,28.455241761630298,27.8966281799934,28.291743899309818,8446000
2016-06-15,27.944316864013672,28.353057656106746,27.917066784884646,28.101000920939704,7863900
2016-06-16,27.97157096862793,27.98519601015327,27.481079868559515,27.69226411413585,6458800
2016-06-17,28.00564193725586,28.14870102457224,27.78764639504656,27.97158062104413,8413000
2016-06-20,28.080570220947266,28.61193387562125,28.039695094160383,28.44162474540922,5766200
2016-06-21,28.18275260925293,28.278125301198237,27.992007225362315,28.25768903827023,4447800
2016-06-22,28.16913414001465,28.523377506112507,28.14869787231855,28.16913414001465,4486900
2016-06-23,28.76860809326172,28.77542191141064,28.530176432253555,28.55742390871863,7393700
2016-06-24,27.154090881347656,28.012447840940194,27.133654615244204,27.39933646943448,13335700
2016-06-27,26.357036590576172,26.745341148507276,26.22079138328935,26.724904887156402,12952100
2016-06-28,26.799346923828125,26.89535234953236,26.387891736014993,26.80620333311343,10100600
2016-06-29,27.2108154296875,27.258818170648865,26.84050632859709,27.14909724617243,6242200
2016-06-30,27.65654945373535,27.663405864877998,27.149088702751573,27.409676797362287,8765100
2016-07-01,27.47139549255371,27.608544645677007,27.36853101175883,27.53311365784016,4684400
2016-07-05,26.785634994506836,27.27937762216204,26.675914119922123,27.20394403039405,5955900
2016-07-06,26.88163948059082,26.963929479626533,26.4907587152313,26.559333278435744,6255700
2016-07-07,26.90221405029297,27.169658536202533,26.75820588341123,26.854211327999057,5510600
2016-07-08,27.491971969604492,27.608549292571325,27.320532883392428,27.320532883392428,6015200
2016-07-11,27.635976791381836,27.79370041747626,27.59483308993701,27.704553987044108,4417200
2016-07-12,27.889699935913086,28.019995271946748,27.793694498384266,27.814268960677566,6378100
2016-07-13,27.862274169921875,28.047428651399834,27.752553286374066,27.944564178594675,6239600
2016-07-14,28.287446975708008,28.465742460172095,28.23258521682512,28.376596025916374,12183400
2016-07-15,28.726327896118164,29.14463961264021,28.41773707114679,29.076065036403193,9964700
2016-07-18,28.719472885131836,28.863481071822324,28.616608399808616,28.616608399808616,8616200
2016-07-19,28.781190872192383,28.829193600787427,28.52745917424428,28.60289278088007,6774600
2016-07-20,28.781190872192383,28.911483618957142,28.73318814359734,28.87033730189603,4924300
2016-07-21,28.719472885131836,28.92519923982575,28.685185595341604,28.781191053135263,5118000
2016-07-22,28.93205451965332,28.97320083536357,28.685184473249077,28.78804633859607,5021500
2016-07-25,28.781190872192383,28.925199057977515,28.657754536961555,28.87033730189603,4752800
2016-07-26,28.781190872192383,28.904627207423214,28.64403909794118,28.678326387515856,4879500
2016-07-27,28.808622360229492,28.938917737537057,28.71261689228885,28.774335066815375,5483500
2016-07-28,28.856624603271484,28.94577103335957,28.602892904229172,28.71947282842882,3934900
2016-07-29,28.9183292388916,29.0349091190838,28.74689023904249,28.74689023904249,5802700
2016-08-01,28.582321166992188,28.952630175750897,28.534318437999673,28.904627446758383,5488900
2016-08-02,28.41088104248047,28.58232010133398,28.20515469504674,28.465740181018326,5858300
2016-08-03,28.890905380249023,28.973195380223352,28.438306456462307,28.493165584461217,6723200
2016-08-04,28.822330474853516,28.980054077231202,28.774327753084314,28.822330474853516,4167700
2016-08-05,29.466943740844727,29.466943740844727,29.055488465379895,29.23378653620032,7568900
2016-08-08,29.44637680053711,29.59038762251968,29.39151765269608,29.48066671088474,4461200
2016-08-09,29.37094497680664,29.521809591109626,29.30236777398455,29.44637597598173,3698200
2016-08-10,29.144641876220703,29.480663604165688,29.103495557711337,29.44637369743158,3746800
2016-08-11,29.364086151123047,29.432660738465408,29.089782569847948,29.25436524180357,6211600
2016-08-12,29.302366256713867,29.32979713642234,29.069209011097207,29.130927182464934,4349200
2016-08-15,29.473800659179688,29.514946972220443,29.329792487465426,29.329792487465426,5279100
2016-08-16,29.501239776611328,29.576673396951268,29.295513385836117,29.309228827348193,4833000
2016-08-17,29.638376235961914,29.74809709531777,29.50122450777919,29.5423708110195,6347800
2016-08-18,29.638376235961914,29.686378948433124,29.514939942192626,29.562942654663836,4651800
2016-08-19,29.7275333404541,29.768679658510987,29.494376103370232,29.59724059053616,3977100
2016-08-22,29.741243362426758,29.761817825683842,29.60409160983863,29.624666073095714,3386600
2016-08-23,29.78925895690918,29.940126211548826,29.78240254349521,29.79611798627638,4160100
2016-08-24,29.652101516723633,29.940117887190297,29.604096172360023,29.83039699140026,8589800
2016-08-25,29.761817932128906,29.86467978497382,29.65895346333188,29.679525310710442,5771900
2016-08-26,29.761817932128906,29.919541532586127,29.61780715262265,29.79610521641054,6590700
2016-08-29,30.063549041748047,30.248703511981173,29.837248261701323,29.837248261701323,7241300
2016-08-30,30.228134155273438,30.241846977055594,30.022405205209335,30.049836080678183,5560600
2016-08-31,30.276134490966797,30.33099362162454,30.001830989821887,30.241844591359637,6994700
2016-09-01,30.19384002685547,30.35156361479704,29.940111004162674,30.344707204865625,5195500
2016-09-02,30.283000946044922,30.324147269650318,30.125277296153634,30.310431828448518,4264200
2016-09-06,30.077266693115234,30.29670846304243,29.905827646862594,30.25556215019899,6601800
2016-09-07,29.940114974975586,30.09098217299453,29.87839681359986,29.994976725510565,7524200
2016-09-08,30.063549041748047,30.132123608818667,29.885253597793216,29.919540881328523,6421700
2016-09-09,29.7686824798584,30.14584794195862,29.7686824798584,30.06355791399833,6671200
2016-09-12,30.03611946105957,30.111553057654554,29.370937760803788,29.6178077824526,9276000
2016-09-13,29.64524269104004,29.802966316314713,29.460088187643024,29.70010444728472,7898600
2016-09-14,29.43265724182129,29.789250808733932,29.39836995222349,29.597239894224245,6161400
2016-09-15,29.508087158203125,29.562948907460562,28.925195460079895,29.10349091326219,10474900
2016-09-16,29.21321678161621,29.34351215036391,29.082924028821143,29.302365831398433,9204900
2016-09-19,29.39151382446289,29.57666832922171,29.19950290809932,29.309223805443153,5492600
2016-09-20,29.501239776611328,29.658963430070756,29.36408797744352,29.610960692754972,7091700
2016-09-21,29.665809631347656,29.782389536094946,29.46694233775866,29.65895322092821,7157000
2016-09-22,29.604089736938477,29.85782137875744,29.576661480917775,29.741241480849713,4788200
2016-09-23,29.46009635925293,29.672681799739006,29.281800833907337,29.316088133094578,5960300
2016-09-26,29.12407875061035,29.33666158671774,29.076076005943946,29.27494339843902,8526200
2016-09-27,29.41895294189453,29.432665768944467,28.918348428113816,29.021212942661258,6747800
2016-09-28,29.550090789794922,29.66053250588258,29.253278184095933,29.53628524614169,4482600
2016-09-29,29.322309494018555,29.846909731655277,29.232574757791973,29.446556780135737,7683900
2016-09-30,29.60530662536621,29.7916774916482,29.391327308371913,29.474157926784613,7613600
2016-10-03,29.446556091308594,29.55699782825828,29.30160180527564,29.467263094130814,5421900
2016-10-04,29.577709197998047,29.78478978934891,29.343020143187623,29.50178263206038,8364700
2016-10-05,30.129913330078125,30.240355056695122,29.695047879525625,29.72265896946449,6858500
2016-10-06,30.295578002929688,30.37150719221242,29.99186387893752,30.198941810438487,12170200
2016-10-07,30.164424896240234,30.343891708737136,29.95044290587152,30.295573619482646,6560300
2016-10-10,30.233455657958984,30.36460703894575,30.143720918305757,30.316286307487186,4797400
2016-10-11,29.88140869140625,30.261051833817756,29.7226489276028,30.22653929962354,6334700
2016-10-12,29.957345962524414,30.15061831288319,29.87451269825212,29.92973487443365,4025200
2016-10-13,29.598407745361328,29.688139825972286,29.24637297849703,29.688139825972286,6522000
2016-10-14,29.577709197998047,29.984963656841458,29.48797708376105,29.902133000184573,5785400
2016-10-17,29.48797607421875,29.72956657833826,29.34992322909088,29.598417823693243,6288100
2016-10-18,29.68814468383789,29.819296048424835,29.5639000416512,29.77787941227024,6297900
2016-10-19,30.08159065246582,30.502647860708354,29.5776975538989,30.502647860708354,10319300
2016-10-20,30.33699607849121,30.4336322755567,30.040183397139277,30.08850149567202,8553000
2016-10-21,30.267963409423828,30.295574499267758,30.02637295613559,30.088496591715202,6422300
2016-10-24,30.38530731201172,30.475042031786682,30.330085135799962,30.42672394417054,4919500
2016-10-25,30.261058807373047,30.488843692057152,30.21964217691313,30.343889435154708,5589600
2016-10-26,30.530269622802734,30.626905823508842,30.164431824947044,30.178237372639202,6012500
2016-10-27,30.854684829711914,31.15839889505635,30.63380139434537,30.66831393740797,12715600
2016-10-28,30.813276290893555,30.99964723214561,30.64071089712006,30.916816580413233,8548400
2016-10-31,30.89609718322754,31.034149981266278,30.847779098884697,30.937513812580594,7262200
2016-11-01,30.689022064208984,31.061763862512336,30.44052753200675,30.97893322949104,9440300
2016-11-02,30.371509552001953,30.59929713754867,30.316287361637066,30.537173489957656,7794000
2016-11-03,30.40601921081543,30.702831872933054,30.323188566289655,30.378408118260598,5532800
2016-11-04,30.323184967041016,30.647608683205586,30.254159876985675,30.47504332492884,6284100
2016-11-07,31.006542205810547,31.01344629467564,30.820173936667263,30.827075392393965,6908800
2016-11-08,31.047964096069336,31.12389328760999,30.7787625137989,30.909911259917134,4516300
2016-11-09,32.214500427246094,32.39396987779891,31.15149980138236,31.372383253494704,14953300
2016-11-10,32.863346099853516,33.47767833248776,32.42848067495691,32.47679876293005,17493900
2016-11-11,33.06352615356445,33.10494015741668,32.73910241331615,32.83573859982281,9661100
2016-11-14,33.63644027709961,33.65024582213146,33.001401004465336,33.18086782360245,15228100
2016-11-15,33.61573791503906,33.636444918875135,33.16016539867362,33.312021148702875,13446700
2016-11-16,33.04281997680664,33.40175630221143,32.84954758356517,32.84954758356517,10900900
2016-11-17,33.601924896240234,33.66404852707322,33.11874139344347,33.201572023508035,9369800
2016-11-18,33.981571197509766,34.09891701438128,33.58812237784016,33.64334455828287,9090500
2016-11-21,34.016082763671875,34.09201194302374,33.82971185975504,34.04369385309772,5184100
2016-11-22,33.84351348876953,34.216255253476945,33.66404669454269,34.009177373018865,10580100
2016-11-23,34.06440734863281,34.16794763715248,33.878039042319685,34.02989479683923,7053400
2016-11-25,34.11272048950195,34.1679426708563,33.90564257570023,34.07130648662473,2631500
2016-11-28,33.75379180908203,34.13343514576109,33.670958524864155,33.919453111239946,5887300
2016-11-29,33.891841888427734,34.06440728018784,33.829718242068544,33.905647435745216,5726600
2016-11-30,34.25076675415039,34.35430700780291,34.119618048243495,34.21625421397889,6887100
2016-12-01,34.78227996826172,34.94103981282483,34.257682335493996,34.38192962830668,10571300
2016-12-02,34.51306915283203,34.80297766980948,34.4026274368685,34.75465958364657,5864800
2016-12-05,34.761566162109375,34.94793706486156,34.64422034935205,34.7960787071068,7209600
2016-12-06,35.01695251464844,35.04456359630037,34.671821893412236,34.87889973952642,9259100
2016-12-07,35.45183181762695,35.47944291016928,34.851305037094214,35.023870415775704,9559000
2016-12-08,35.8245735168457,36.093775085154306,35.58988449750049,35.58988449750049,10423500
2016-12-09,35.92121124267578,35.94882233628223,35.6105930224503,35.82457504819204,8612900
2016-12-12,35.60368728637695,35.96262092756491,35.51395255951071,35.81766665326148,6113400
2016-12-13,35.68651580810547,35.838371529407475,35.33448101065528,35.707222808024305,7358600
2016-12-14,35.70722198486328,36.100670773080935,35.3344801960871,35.41731346012955,9356800
2016-12-15,35.879783630371094,36.10757113325954,35.53465296524655,35.87288217564933,7602000
2016-12-16,35.71413803100586,36.05236475643804,35.624403281484625,36.05236475643804,11033300
2016-12-19,35.803863525390625,35.87979271223925,35.46563686251416,35.61059114660407,5439400
2016-12-20,36.26633834838867,36.3629745331067,35.93501315801035,35.98333125036936,6144300
2016-12-21,36.01094055175781,36.23872810662024,36.01094055175781,36.218021104592246,3871600
2016-12-22,35.99713897705078,36.08687107793288,35.87289169398773,35.88669724023237,5141200
2016-12-23,36.03165817260742,36.121392923180984,35.94192342203386,36.09378182559847,3773200
2016-12-27,36.107574462890625,36.16279400517081,36.0316452882594,36.121380006745234,3135800
2016-12-28,35.934085845947266,36.267194095529376,35.934085845947266,36.170037853648225,8111900
2016-12-29,35.60097122192383,35.996537362932315,35.42053861178131,35.913260977274895,4625700
2016-12-30,35.6495475769043,35.816102987317755,35.538511519064805,35.73976520118277,5184600
2017-01-03,35.71200942993164,36.25331258748445,35.46911885413204,35.8230454999127,7859000
2017-01-04,35.97572326660156,36.07287950280257,35.677313314093375,35.72589143219388,6199000
2017-01-05,35.37196350097656,35.92020262099229,35.247047588236576,35.83692622826856,6574900
2017-01-06,35.60097122192383,35.73976696289192,35.43441845060898,35.43441845060898,5078200
2017-01-09,35.44136428833008,35.59403989932302,35.288688677337134,35.427484446666256,4337900
2017-01-10,35.54545593261719,35.795287746869356,35.28868287501986,35.41359878214594,5231600
2017-01-11,35.94101333618164,35.94795193052827,35.566265706071064,35.746698279471694,7233100
2017-01-12,35.69118881225586,35.871621422204285,35.406658734866205,35.83692314882673,4539000
2017-01-13,35.87162780761719,36.18391761822219,35.732834689400775,35.81611108979243,7876400
2017-01-17,34.913936614990234,35.538513482096306,34.80983914681826,35.53157488629551,9415100
2017-01-18,35.087432861328125,35.163768009224704,34.69186669281755,34.99027398277941,6525400
2017-01-19,35.20540237426758,35.37889637531205,34.99721010247588,35.13600583277314,7151600
2017-01-20,35.531578063964844,35.84386784910095,35.316444512580226,35.351142789304504,8865700
2017-01-23,35.37196350097656,35.663432199164,35.247047588236576,35.3927819373303,4858800
2017-01-24,35.9271354675293,36.0867496193224,35.39971225983124,35.462170201603165,6531700
2017-01-25,36.399044036865234,36.53089853219274,36.18391051019651,36.18391051019651,8731500
2017-01-26,36.74604415893555,36.76686259997188,36.39211477746152,36.39905602267989,6494700
2017-01-27,36.77379608154297,36.87789091205763,36.65581876352242,36.669698603719475,6893400
2017-01-30,36.676639556884766,36.71134048326159,36.34353131267749,36.51702535532559,7540800
2017-01-31,36.53784942626953,36.73910052023153,36.336595684998315,36.517028339280266,6736800
2017-02-01,36.80155563354492,37.22488152294912,36.75991875741271,36.89177327734639,8413800
2017-02-02,36.87095260620117,36.93341056392575,36.53090313696541,36.558662817578295,8700600
2017-02-03,37.2387580871582,37.50246975112846,37.093023738901785,37.33591431932914,9104100
2017-02-06,37.058326721191406,37.32203574680808,36.91258972067719,37.037505636941454,4904000
2017-02-07,36.919525146484375,37.245692078833436,36.829307521775355,37.21793504972243,4749000
2017-02-08,36.70440673828125,36.7946244001375,36.45457484225443,36.70440673828125,6398000
2017-02-09,37.15548324584961,37.22487980106594,36.72521613211991,36.82237501565522,5054000
2017-02-10,37.20405578613281,37.370608552605084,37.12077940289667,37.34285152306537,3892400
2017-02-13,37.56492233276367,37.77311460724537,37.39836692479327,37.39836692479327,5709800
2017-02-14,37.856388092041016,37.89108636058259,37.3636657957494,37.4053053063842,7728300
2017-02-15,38.265846252441406,38.42546045662654,37.83558176084197,37.960497685388425,8029400
2017-02-16,38.17561721801758,38.22419797178873,37.85638890488759,38.196438297436146,6204100
2017-02-17,38.085411071777344,38.085411071777344,37.82169939894191,38.01601186981598,6011600
2017-02-21,38.307472229003906,38.38381000559765,38.12009840844874,38.168676512225105,5639400
2017-02-22,38.383811950683594,38.45320848893559,38.09234066594709,38.14091877218513,4851700
2017-02-23,38.4462776184082,38.52261276689886,38.21032563471396,38.37687841890474,7268000
2017-02-24,38.23808288574219,38.425456754509256,38.06458885695514,38.16868633315089,7596100
2017-02-27,38.36994171142578,38.411578585868725,38.175626590559396,38.300542508506034,6378800
2017-02-28,38.16868209838867,38.30053659260659,38.04376619973654,38.19644177526881,6846600
2017-03-01,39.147193908691406,39.28598966600138,38.73774788064687,38.77244615814715,8689700
2017-03-02,38.50180435180664,39.251300017667354,38.43934637965158,39.24435877225598,6431200
2017-03-03,38.55037307739258,38.66140915110592,38.43239840726975,38.48791512047202,7278200
2017-03-06,38.36994171142578,38.48097778878847,38.19644767508977,38.36300046747935,6118700
2017-03-07,38.18950271606445,38.44627577092525,38.133986006438235,38.32829846109298,6678800
2017-03-08,38.07846450805664,38.73080367881202,38.043766235578026,38.52260874932333,7809600
2017-03-09,38.127044677734375,38.362996649561566,38.036829693880335,38.25196058324928,5236200
2017-03-10,38.127044677734375,38.39769757122242,37.90497254510981,38.36993789281719,6721900
2017-03-13,38.11317443847656,38.31442818664331,38.03683927459784,38.08541740038853,4690300
2017-03-14,38.16868209838867,38.2033803708346,37.870272190198406,38.02988636129647,6130500
2017-03-15,38.140933990478516,38.585078366045366,38.06459617955747,38.27279117200007,8487200
2017-03-16,38.18950271606445,38.42545468842035,38.07846664950336,38.217262394531886,6326200
2017-03-17,37.95355987548828,38.25196987254023,37.91886159270977,38.22421283470299,7085800
2017-03-20,37.641258239746094,38.06458136290441,37.60655732297347,37.75229429041698,7706000
2017-03-21,36.56559753417969,37.85639342531808,36.48232114848615,37.85639342531808,14211700
2017-03-22,36.503143310546875,36.70439702322317,35.91326466007783,36.39210723584768,8299600
2017-03-23,36.4892692565918,36.898712666328976,36.24637600226761,36.392110366476686,9022900
2017-03-24,36.48231887817383,36.76684893828649,36.23942833197097,36.60723477259484,5948800
2017-03-27,36.22555923461914,36.37129360555005,35.427485522229354,35.802233316602425,7300800
2017-03-28,36.5794792175293,36.89870758487538,36.08675682697659,36.13533494168975,7736000
2017-03-29,36.10506057739258,36.593438740680504,36.056223027208475,36.544601190496394,7380700
2017-03-30,36.363197326660156,36.55157184939912,36.02831017338417,36.11203129634154,9350100
2017-03-31,35.93063735961914,36.32831604563511,35.91668339466899,36.22366263923231,8197600
2017-04-03,35.96552276611328,36.01436031519343,35.470168961759335,36.01436031519343,7447400
2017-04-04,35.9027214050293,35.97946686437827,35.73527918594617,35.85388386934288,4158300
2017-04-05,35.60969543457031,36.307377542638946,35.553879588430725,36.21667812338514,6138700
2017-04-06,35.82598876953125,35.937617842692795,35.393426443711135,35.59575497051864,5855000
2017-04-07,35.68644714355469,35.83295977316696,35.491094309291825,35.637609600350594,6827500
2017-04-10,35.42830276489258,35.8887729299378,35.393419185704374,35.75621426444402,6484800
2017-04-11,35.50505065917969,35.57482048376436,35.12830159076249,35.33760840306983,7344900
2017-04-12,35.37248992919922,35.637609924321914,35.225977298255046,35.34458200098704,7671500
2017-04-13,34.87015914916992,35.50504990138302,34.85620518455082,35.17713838645049,5888000
2017-04-17,35.2608642578125,35.316677458140454,34.82132366140022,34.96783630638872,4943600
2017-04-18,34.74457550048828,35.17016209860878,34.66085437573482,35.03062511638863,9699100
2017-04-19,34.66783142089844,35.128301617723984,34.570156327851606,34.974813326413255,7268600
2017-04-20,35.35853958129883,35.51203054071721,34.71667047400568,34.737602753028874,9535400
2017-04-21,35.23992919921875,35.5887703234541,35.20504561908453,35.267837127904755,9044700
2017-04-24,35.972496032714844,36.286450900911596,35.87481828681195,36.0701711171713,8060600
2017-04-25,36.370182037353516,36.61436979787067,36.23064503358072,36.370182037353516,9010900
2017-04-26,36.363197326660156,36.712038444003454,36.279476203702785,36.279476203702785,7652600
2017-04-27,36.223655700683594,36.48180001064452,35.93063047719866,36.432962473397026,5826700
2017-04-28,35.77715301513672,36.279485200343025,35.7073858389457,36.14692650100122,7707200
2017-05-01,36.07017135620117,36.26552152640862,35.88179683716694,35.965517958477776,4660200
2017-05-02,35.97947692871094,36.195759405426024,35.83993993281239,36.070176375262015,4368900
2017-05-03,36.425994873046875,36.460878458275005,35.76319610792461,35.88180349143659,6169300
2017-05-04,36.49576187133789,36.844603019428284,36.38413281040683,36.67018244538309,5629600
2017-05-05,36.11901092529297,36.565527145932215,35.89575281497334,36.474827706912805,5373700
2017-05-08,36.279476165771484,36.279476165771484,36.00738052035964,36.09807995597909,4759000
2017-05-09,35.98645782470703,36.40506618099537,35.84692081879524,36.30041276119977,5731300
2017-05-10,36.25853729248047,36.31435047299401,35.85388042261251,35.93062587458373,5281600
2017-05-11,36.0283088684082,36.153891879018786,35.66551380013834,36.105054337275384,6575500
2017-05-12,35.86784744262695,35.8748230946888,35.5748221499869,35.83993951148596,6285500
2017-05-15,36.11901092529297,36.181802435160776,35.881798850397544,35.93063639568955,3975700
2017-05-16,36.25156784057617,36.391104818128454,36.07714728399744,36.22365991277642,4389300
2017-05-17,35.205047607421875,36.25157103923427,34.95388155795543,36.25157103923427,7012200
2017-05-18,35.40039825439453,35.65156162678118,35.05853278357789,35.17016183623191,5950500
2017-05-19,35.65156173706055,35.8748198430592,35.435281943938044,35.48411948828484,8110100
2017-05-22,35.88877487182617,35.91668280126539,35.49109619238051,35.77017016387944,4724800
2017-05-23,36.25156784057617,36.4259883971549,35.76318974986643,35.87481879961896,5061400
2017-05-24,36.132965087890625,36.37017716408606,35.972498486559395,36.300407340824684,3506700
2017-05-25,36.11901092529297,36.37715261632879,36.091102996141366,36.25156959659318,3825100
2017-05-26,35.88877487182617,36.146919226969,35.84691563911398,36.00738224121954,6721800
2017-05-30,35.65156173706055,35.7492394872007,35.442257595367636,35.72830721001881,5923200
2017-05-31,35.50505065917969,35.75621670479115,35.18411745043023,35.728308774957284,6926200
2017-06-01,35.95156478881836,36.02831026065122,35.33062802427471,35.693423106564076,6171100
2017-06-02,35.79109573364258,36.049237398152904,35.539929719980066,35.651558763669364,5589500
2017-06-05,35.812034606933594,36.17482706967839,35.74226477836973,35.83993987691231,5388500
2017-06-06,35.49808120727539,35.65156952527544,35.41435740315121,35.54691876229093,5475200
2017-06-07,35.67947006225586,35.82598269692476,35.519003463126126,35.64458648182706,5235400
2017-06-08,36.1259880065918,36.405061986259355,35.59575063895949,35.67947176828107,7334300
2017-06-09,36.900421142578125,36.991120598388214,36.32832179629374,36.349251416308725,8279900
2017-06-12,36.87250900268555,37.29809563742964,36.87250900268555,36.998092031346,9095600
2017-06-13,36.935306549072266,37.165543026366215,36.82367746774869,36.99809807365723,7565500
2017-06-14,36.86552810668945,36.92134129957339,36.25854532880207,36.65622397584343,7405300
2017-06-15,36.54460525512695,36.90740042645096,36.48878938502457,36.68414226893575,7117200
2017-06-16,36.46785354614258,36.68413601373916,36.28645466068822,36.66320373529645,9778900
2017-06-19,36.677146911621094,36.865521393513625,36.607379767859086,36.607379767859086,4749500
2017-06-20,36.51669692993164,36.7818169871911,36.4539054074609,36.53065089730815,5059000
2017-06-21,36.279476165771484,36.6562252108555,36.23761427361331,36.6562252108555,4503000
2017-06-22,35.79109573364258,36.16784475413635,35.70039630394304,36.16784475413635,6361400
2017-06-23,35.42134094238281,35.8887869411814,35.28878222513714,35.8678573177867,8689900
2017-06-26,35.588768005371094,35.79109648299606,35.4213257670546,35.53295481308106,5767800
2017-06-27,35.87480926513672,36.174812755635635,35.63759992622162,35.72829667529653,5204000
2017-06-28,36.46407699584961,36.611391787167506,36.16944741321382,36.16944741321382,5272000
2017-06-29,36.32378387451172,37.172603589327046,36.21856014776239,37.081407551996094,10086700
2017-06-30,36.4219856262207,36.604377660167984,36.330792285265055,36.47109323229727,6849700
2017-07-03,36.884986877441406,37.16558615119851,36.55527998785782,36.58334071803909,3582800
2017-07-05,36.941097259521484,37.09542856439723,36.70960297822578,36.97617182626109,5896900
2017-07-06,36.60438919067383,37.053350221786765,36.583344978596294,36.91304923055927,5161900
2017-07-07,36.80080032348633,36.86393562089907,36.555275653558006,36.75169538950067,4599400
2017-07-10,36.69558334350586,36.807823595494405,36.5412519935146,36.67453645649516,3343700
2017-07-11,36.316776275634766,36.70961854737572,36.26767132616953,36.70961854737572,6059400
2017-07-12,36.40796661376953,36.55528143904156,36.16945574979732,36.26064911247888,4519700
2017-07-13,36.632450103759766,36.63946394914706,36.3588646413349,36.48513259043812,6451400
2017-07-14,36.53422546386719,36.64646567688601,36.057203889532744,36.28168431557039,5587600
2017-07-17,36.499149322509766,36.56228461148581,36.28168540849505,36.506165841294795,4758000
2017-07-18,36.218563079833984,36.39393864796563,36.10632282327048,36.25363765825656,5034800
2017-07-19,36.53422546386719,37.025274723313444,36.32377272294135,36.527208945293516,6201500
2017-07-20,36.81482696533203,37.067368129453804,36.66751217826697,36.75169167430158,8650400
2017-07-21,36.562294006347656,36.81483522714355,36.39393497649609,36.69558113733356,6528000
2017-07-24,37.032310485839844,37.15156460338534,36.49916718993757,36.548272141399735,8016200
2017-07-25,37.29887390136719,37.67768576423163,37.27782968988097,37.4532052549828,7446100
2017-07-26,36.779754638671875,37.53036165774533,36.688558618068924,37.43215179371973,6309000
2017-07-27,36.779754638671875,36.82184572726203,36.421987075700805,36.76572427580849,6963400
2017-07-28,36.87796401977539,36.98319040186377,36.59034827488761,36.75870995102541,5283300
2017-07-31,37.02528762817383,37.31290344153181,36.955138474093815,36.955138474093815,5333100
2017-08-01,37.14454650878906,37.30589171314224,36.86394452451119,37.151560354187524,9790900
2017-08-02,37.172603607177734,37.20066166204654,36.920062381228334,37.01827226331564,3853500
2017-08-03,36.955135345458984,37.08140595292785,36.84990894722876,37.046331378857275,3934200
2017-08-04,37.26377868652344,37.50930594730197,37.01825410176218,37.20064341101094,5571700
2017-08-07,37.26377868652344,37.34796083788496,37.095419735834945,37.284825562372454,3720900
2017-08-08,37.31290054321289,37.635593584564056,37.10946694177528,37.17961609040639,3678100
2017-08-09,37.34096908569336,37.347985607635586,37.018278652846156,37.06738360236555,3804000
2017-08-10,36.74468994140625,37.20066481488772,36.72364305344764,37.10947144580271,5639700
2017-08-11,36.51318359375,36.899009211686135,36.38691300227735,36.75871093317709,4448700
2017-08-14,37.032310485839844,37.15858112560516,36.67454278116505,36.67454278116505,4156500
2017-08-15,37.16557693481445,37.39707388737511,37.09542780277551,37.28483367050209,3430700
2017-08-16,37.07439422607422,37.32693547366454,36.93409591165188,37.25678631645337,3173400
2017-08-17,36.28169250488281,37.025283080465215,36.25363177628995,36.94811741484401,5465500
2017-08-18,36.253631591796875,36.4430374948073,36.04318148045808,36.16945208246503,5299700
2017-08-21,36.24660873413086,36.3798958329549,36.08526358778093,36.260639095902754,5131100
2017-08-22,36.4360237121582,36.52020590383309,36.24661779491753,36.28870889075498,3115300
2017-08-23,36.34484100341797,36.52723045346248,36.19050961613615,36.23961457099503,3440000
2017-08-24,36.372894287109375,36.55528638920854,36.29573127962633,36.48513455147079,2457400
2017-08-25,36.527217864990234,36.76572871040017,36.464082562498824,36.54124822954592,3130500
2017-08-28,36.45005416870117,36.68155118235891,36.3027393469291,36.590355145825384,2397400
2017-08-29,36.12736511230469,36.21856115216466,35.8958680902029,36.02915522754102,5577500
2017-08-30,36.190494537353516,36.33079549678787,36.11332887586371,36.148403446717744,3370400
2017-08-31,35.95198059082031,36.38691111892666,35.909889503835316,36.35183655111482,5196900
2017-09-01,36.253631591796875,36.4430374948073,35.9449716069012,36.04318148045808,3656500
2017-09-05,35.6854133605957,36.08526936909399,35.52406818839625,36.05019479705382,6496200
2017-09-06,35.71348571777344,35.930952416864024,35.59423159880127,35.81169562187267,4281400
2017-09-07,34.976905822753906,35.76960418727964,34.75242529623637,35.69945235023106,6565400
2017-09-08,35.06106948852539,35.32764099666722,34.86464978569338,34.89972435033942,6052000
2017-09-11,35.692440032958984,35.818710669034644,35.362733074759326,35.4539291288182,4654200
2017-09-12,36.17646408081055,36.436019115685035,35.8467572283901,35.87481795540848,5050800
2017-09-13,36.50617980957031,36.548268234313305,36.008113825973155,36.04318840526527,6755700
2017-09-14,36.2255744934082,36.5973698165639,36.15542534127194,36.48512956753471,4444600
2017-09-15,36.34484100341797,36.351854850103805,36.029164382168496,36.12036044520042,6146000
2017-09-18,36.74468994140625,36.81483909855146,36.37289191568398,36.4781183274206,4373100
2017-09-19,37.29185485839844,37.37603436862896,36.702592934748054,36.75871439224732,5464700
2017-09-20,37.54438400268555,37.67766840739654,37.01825754974884,37.34094779863915,5409900
2017-09-21,37.69872283935547,37.76887197672999,37.46021202585683,37.60051030060586,5870200
2017-09-22,37.64962387084961,37.6776846026453,37.21469323209105,37.516339408848076,6241000
2017-09-25,37.60752487182617,37.740809296340636,37.36901407068276,37.53035921910067,4482000
2017-09-26,37.60050582885742,37.712746040918994,37.43214684877393,37.60752234737125,5163900
2017-09-27,37.9863395690918,38.12663784747835,37.782903319005925,37.993353412603874,7605600
2017-09-28,37.725337982177734,38.00750314459983,37.45728134696939,37.88052909060253,7642800
2017-09-29,37.80293655395508,38.12742463299379,37.57014987273603,37.72534099354873,7211900
2017-10-02,37.69712448120117,37.77472004272798,37.330310811846,37.591314553513726,8323200
2017-10-03,37.71828842163086,37.83820687723295,37.33031061603197,37.65480138898074,6814400
2017-10-04,37.492557525634766,37.67596301475607,37.45728485883015,37.54898894885414,6523300
2017-10-05,37.9228515625,38.0921511962688,37.35147101674885,37.5348764866492,5721500
2017-10-06,38.21912384033203,38.26144941994596,37.859363140929375,38.070988348072724,4492800
2017-10-09,37.98633575439453,38.26850089264627,37.90874289775518,38.26850089264627,2858900
2017-10-10,38.25439453125,38.282611584857065,37.96517645909347,37.993393512700536,3263600
2017-10-11,38.27555847167969,38.33904550097196,37.92285335137295,38.169748550143574,4969400
2017-10-12,38.08510208129883,38.331994602150836,38.01455943896493,38.17680347994291,4233900
2017-10-13,38.18386459350586,38.40254008894444,37.788833812275804,37.95107787663983,6315700
2017-10-16,38.27555847167969,38.38842400254078,38.08510007472938,38.17680146854204,5105300
2017-10-17,38.007503509521484,38.37431714782153,37.915799427214864,38.33904448398529,5299600
2017-10-18,37.57720947265625,38.0286716637681,36.92117763528217,38.0286716637681,10619900
2017-10-19,37.80293655395508,38.02866762554084,37.36558293912349,37.36558293912349,6171100
2017-10-20,38.15563201904297,38.25438900146573,37.96517097111652,38.197957593335275,7021600
2017-10-23,38.18386459350586,38.26146016579454,38.02867344892851,38.155647532505064,4965400
2017-10-24,38.240291595458984,38.52950970990133,38.10626460761922,38.39548272206157,6643300
2017-10-25,38.19091033935547,38.47307551450631,37.901692245742794,38.40253287525533,5246900
2017-10-26,38.303775787353516,38.55067098780149,38.247344367002846,38.42369692835431,5726500
2017-10-27,38.402530670166016,38.416639197206095,38.063934093983285,38.240286645594686,4862900
2017-10-30,38.27555847167969,38.40958813958922,38.12037004857475,38.2473441071593,4243800
2017-10-31,38.36021423339844,38.67059380771688,38.0992104756373,38.17680604194862,5882000
2017-11-01,38.430747985839844,38.61415614768292,38.275556878269,38.50129062152042,4642600
2017-11-02,38.71291732788086,38.853999923553154,38.13448110745846,38.35315657437016,4803800
2017-11-03,38.55067443847656,38.64943145112489,38.331996274093285,38.51540177030778,5218600
2017-11-06,38.691749572753906,38.76934512766684,38.31083009824948,38.47307412628268,5501700
2017-11-07,37.70417404174805,38.75523368581735,37.65479554523076,38.65647669278278,7539300
2017-11-08,37.161014556884766,37.69712519709159,37.12574458031915,37.626585243960356,6242100
2017-11-09,36.75891876220703,37.07635382829944,36.52613215009732,36.970541242626695,6012100
2017-11-10,36.406227111816406,36.93528485277651,36.38506566327458,36.83652783834558,5514800
2017-11-13,36.455604553222656,36.547308645767544,36.07468234504552,36.286304897057235,5844000
2017-11-14,36.56141662597656,36.56846954486951,36.208711480941524,36.243981457259686,5472700
2017-11-15,36.68838882446289,36.80830997574327,36.22281813022358,36.26514371730961,5389500
2017-11-16,36.54731369018555,36.857693296580884,36.52614954841449,36.80831478399361,4449100
2017-11-17,36.59669494628906,36.70956051079639,36.34274675341574,36.38507234920373,3297600
2017-11-20,36.6319465637207,36.70248649707195,36.497919613982944,36.70248649707195,3273200
2017-11-21,36.60374069213867,36.78714888034306,36.427388113979646,36.78714888034306,5194500
2017-11-22,36.61784744262695,36.7166044510507,36.56846893841508,36.58963038566969,4513100
2017-11-24,36.56141662597656,36.730713588674426,36.469712534807975,36.68133508364365,1466900
2017-11-27,36.48381423950195,36.67427530510779,36.46265010492828,36.61078828323918,3727900
2017-11-28,37.400856018066406,37.443181606598436,36.46971459777652,36.5120374953817,5608900
2017-11-29,38.62827682495117,38.762306538775526,37.64775668514797,37.65481229689,10938000
2017-11-30,38.90338134765625,39.4465449417238,38.64943319457553,38.85400283910465,8662900
2017-12-01,38.72703170776367,39.07268129391157,37.88053869676092,38.95981573850634,7258900
2017-12-04,39.24197769165039,39.80630542149581,39.24197769165039,39.34073470800748,6470200
2017-12-05,38.67058563232422,39.361887281880165,38.55772011180337,39.24196884360701,6004100
2017-12-06,38.50834655761719,38.81872610615767,38.39548102260914,38.61415917396763,3822100
2017-12-07,38.72703170776367,38.85400579396044,38.25440534449191,38.69175903532127,4404400
2017-12-08,39.051513671875,39.051513671875,38.45191331716134,38.868105491496074,4371900
2017-12-11,38.9880256652832,39.206703816143346,38.8822130491739,38.91043010559326,3892000
2017-12-12,39.150272369384766,39.3689505351366,38.55067467973788,38.55067467973788,6037300
2017-12-13,38.51539993286133,39.23491873616477,38.49423848571102,39.107944671409655,5046600
2017-12-14,38.197967529296875,38.691752569852845,38.14858902524128,38.663538203911536,4467600
2017-12-15,38.44486999511719,38.741141096094985,38.25440884837689,38.4871955913686,13109900
2017-12-18,38.642372131347656,38.91042877632093,38.550670737507374,38.75523766224274,5325300
2017-12-19,38.487186431884766,38.88927008233637,38.473077903158625,38.86105302488408,5964900
2017-12-20,38.27555847167969,38.92453729232587,38.14153149469667,38.83988881691168,5688800
2017-12-21,38.46602249145508,38.6635392037117,38.27556138906122,38.557726583183985,3926400
2017-12-22,38.4166374206543,38.69174695789761,38.19796198896154,38.66353259604859,3800800
2017-12-26,38.099205017089844,38.5647756573277,37.972233652412655,38.43780429265052,2807000
2017-12-27,38.14152908325195,38.254394606977286,38.021610641574064,38.15563761008341,3754200
2017-12-28,38.26921844482422,38.31177747436102,38.09897420885602,38.24793622411549,3216000
2017-12-29,38.00675582885742,38.41108278823336,38.00675582885742,38.389800570517814,3949800
2018-01-02,38.325958251953125,38.54585645589964,38.15571675065379,38.34014549471805,5367700
2018-01-03,38.7019157409668,38.85087774002055,38.269214281481105,38.30468103755009,5043800
2018-01-04,38.999839782714844,39.382887242944584,38.730287565596875,38.7941288089685,7583600
2018-01-05,39.24101638793945,39.368698871023376,38.978559153129154,39.31904487270629,6863200
2018-01-08,39.29777145385742,39.389984490206565,39.11333996927837,39.13461948444503,6817400
2018-01-09,39.567317962646484,39.91489868402367,39.35451470948952,39.40416871169481,6392100
2018-01-10,39.865238189697266,40.21991112251319,39.609873245119445,39.716276207340115,7121800
2018-01-11,40.20573043823242,40.248292171250654,39.87943193624648,40.06386070077848,6146900
2018-01-12,40.41853332519531,40.51784132873115,40.14188882793401,40.40434608098445,5339800
2018-01-16,40.55331802368164,40.922178345730856,40.383076463314815,40.81577804698679,8840200
2018-01-17,39.96455383300781,40.461096575249094,39.27648734564745,40.461096575249094,9782100
2018-01-18,39.82979965209961,40.29796814681861,39.787237895873645,40.09225705063893,9218100
2018-01-19,40.0496711730957,40.092232903687375,39.72337268971295,40.07095339136155,10529300
2018-01-22,40.617149353027344,40.617149353027344,40.106422090876265,40.106422090876265,7687200
2018-01-23,40.56040954589844,40.77321283120258,40.283765004409005,40.333419014115286,5449700
2018-01-24,40.9647331237793,41.09950789498308,40.65262184554617,40.65262184554617,5612700
2018-01-25,41.12788772583008,41.25557024394551,40.915084430951254,41.09951323159538,5859400
2018-01-26,41.22010040283203,41.22010040283203,40.787398868838224,41.11369741036321,6057600
2018-01-29,41.13497543334961,41.496740700121585,41.092413699518694,41.17044219190526,6004000
2018-01-30,40.716461181640625,41.20590894388703,40.70936620636649,40.88670270505666,5069000
2018-01-31,40.53202819824219,40.89379615742425,40.44690743970411,40.65261841994958,7893000
2018-02-01,40.7590217590332,40.7590217590332,40.22701224273762,40.38306923341856,5357600
2018-02-02,40.36178207397461,41.00019174904761,40.27665861921302,40.602959783919474,7111300
2018-02-05,38.744468688964844,40.37596356570523,38.64516070517172,39.98582389825812,11580900
2018-02-06,38.744468688964844,39.22682407247969,37.60951643712969,37.914535362174064,17726400
2018-02-07,38.872161865234375,39.496387128694245,38.588425077072884,38.65935859762816,11005300
2018-02-08,37.34706115722656,38.86506088686272,37.318686672986324,38.86506088686272,10887500
2018-02-09,38.127349853515625,38.36143534681652,36.793778533533995,37.82233083821227,12512500
2018-02-12,38.28339767456055,38.70900411646102,37.96419149016531,38.3472389114396,7598600
2018-02-13,38.40399169921875,38.56004868386874,38.00675967420456,38.091880435859,5558100
2018-02-14,39.233924865722656,39.2977661084792,38.226652225112794,38.3259602236363,7157700
2018-02-15,39.084964752197266,39.751751745060766,38.94309771246832,39.43963776340029,7054600
2018-02-16,39.44673538208008,39.666630931958245,38.92181809971376,38.94310032185138,6223500
2018-02-20,38.95018005371094,39.76592885392036,38.82959255949092,39.368694208489224,6040000
2018-02-21,39.084964752197266,39.59569475423053,38.87216148666352,38.97146949684991,6667500
2018-02-22,38.496212005615234,39.4325486127772,38.425275774199605,39.34033286490715,6397900
2018-02-23,39.36161422729492,39.37579876732759,38.595519180387704,38.61679869637719,5526600
2018-02-26,39.6098747253418,39.61696699364967,38.893436564893804,39.48928451658926,5353900
2018-02-27,39.02112579345703,39.79431311152263,39.02112579345703,39.60988432548023,5147400
2018-02-28,38.5600471496582,39.46800912035387,38.55295217467083,39.26229814076185,4705800
2018-03-01,37.715919494628906,38.71609979251557,37.566957507856785,38.58132234224952,8239900
2018-03-02,37.88617706298828,37.95711059430084,37.09880241809129,37.43928823908498,5658900
2018-03-05,38.28339767456055,38.40398517425443,37.43927435294429,37.57405180076659,5205900
2018-03-06,38.42527770996094,38.47493442742372,37.93582986526848,38.32596968691673,5006500
2018-03-07,38.063514709472656,38.28341299247253,37.57406683485586,38.006768423952565,6123500
2018-03-08,38.262115478515625,38.340143957624534,37.886163031106996,38.19827424160286,4951500
2018-03-09,39.21263885498047,39.27648009156247,38.42526450578231,38.538762442763435,6075500
2018-03-12,39.02112579345703,39.37579882548821,38.921817777438775,39.1629955474576,3647700
2018-03-13,38.41107940673828,39.29776173186207,38.34723817109178,39.22682552228834,6132800
2018-03-14,37.786861419677734,38.65226439813459,37.680458438216895,38.581328175180616,6281400
2018-03-15,37.8506965637207,37.99965854899271,37.65208058335802,37.95000455390205,5587300
2018-03-16,37.77976989746094,38.29759490156302,37.75849038159992,37.85070612689844,10911500
2018-03-19,37.453468322753906,37.81523629869807,37.141357056359546,37.744300075012816,8712100
2018-03-20,37.311588287353516,37.843597641484635,37.28321651164721,37.63079444102009,4444500
2018-03-21,37.27613830566406,37.74430663965141,37.12717626892734,37.446382566177974,6881500
2018-03-22,35.92837905883789,37.02076993586214,35.84325558327199,36.914369650315486,9422900
2018-03-23,34.93529510498047,36.10571724163525,34.864361578006495,35.9638474817467,10526500
2018-03-26,36.38235855102539,36.48166656233744,35.339619020368154,35.6304507846136,9001800
2018-03-27,35.36799240112305,36.474570442092016,35.09844016034895,36.42491643799419,8622100
2018-03-28,35.7319450378418,36.03167517338746,35.23239662681224,35.46076114802807,7721000
2018-03-29,36.038818359375,36.27432085536789,35.610635467795746,35.831862115439506,5399300
2018-04-02,35.4536247253418,36.131583065340735,34.98975777631101,36.00312768629589,8787100
2018-04-03,35.874664306640625,35.93889198183927,35.28948003141702,35.56066385140232,6682800
2018-04-04,36.167259216308594,36.30998769683609,35.29661793517828,35.33229937473032,6786500
2018-04-05,36.45273208618164,36.70250499437195,36.2957304168503,36.488413541305896,6911200
2018-04-06,35.881813049316406,36.345680069992646,35.574947676682,36.06736094651496,7811300
2018-04-09,36.10304260253906,36.77386312762393,35.96745200175217,36.0530880273902,5628500
2018-04-10,36.45273208618164,36.673958741344336,36.160137076129395,36.47414041479209,6220000
2018-04-11,36.07448959350586,36.32426514476688,35.953172140111384,36.14585520343172,4345100
2018-04-12,36.566917419433594,36.75959783760545,36.25291405463642,36.36709635392973,5496100
2018-04-13,36.35995864868164,37.023644068369585,36.14586719253211,36.98796261273142,7670500
2018-04-16,36.688228607177734,36.773864636329115,36.445590922648584,36.63827402997941,8190400
2018-04-17,36.40990447998047,37.03077037028623,36.2743138922162,36.90945290581081,7813900
2018-04-18,35.681983947753906,36.47412442696513,35.5463933887874,36.438442987481245,12921300
2018-04-19,36.181541442871094,36.24576913915752,35.66771987257971,35.6819929964567,10690900
2018-04-20,35.98885726928711,36.45272425318784,35.77476586222521,36.28144949414636,7927200
2018-04-23,36.067352294921875,36.23862430413834,35.93175900511271,36.024532931458005,7893500
2018-04-24,35.981719970703125,36.60258860097091,35.74622023554499,36.15299473271631,6946600
2018-04-25,36.245765686035156,36.509811646803755,35.6819895970451,35.93176243529651,7252700
2018-04-26,36.23863220214844,36.47413466904692,36.09590640413492,36.174404504114314,5678900
2018-04-27,36.57403564453125,36.70962621127596,36.124441858749016,36.152988100901425,5177900
2018-04-30,36.00313186645508,36.8309540040144,36.00313186645508,36.695360686879646,7772200
2018-05-01,36.1958122253418,36.23149367156611,35.62489819647331,35.860400641729534,4410400
2018-05-02,35.58207702636719,36.11730681864751,35.517849342400766,36.06735225582024,6130900
2018-05-03,35.667724609375,35.781906893234655,35.07540486257815,35.503587746471766,8468400
2018-05-04,35.92462921142578,36.202948310022016,35.282352274419154,35.425080785122844,6072200
2018-05-07,35.93891525268555,36.06737068625916,35.71768584545969,36.04595963244963,5572700
2018-05-08,35.9174919128418,36.22435451779769,35.731944043069674,35.9174919128418,5832400
2018-05-09,36.274314880371094,36.47413316721855,35.917494955389216,35.988857851457595,4784500
2018-05-10,36.5169563293457,36.58832196046333,36.088773431921815,36.33141113308081,5660000
2018-05-11,36.75244140625,37.00935211184534,36.59543981453747,36.73103308822345,5037500
2018-05-14,36.524085998535156,36.895179029511894,36.43131206021101,36.88090590651434,4730100
2018-05-15,36.48126220703125,36.659672139392754,36.359944759738795,36.43130764375559,6915600
2018-05-16,36.38850021362305,36.5883185173075,36.231498562259425,36.40990853978346,5486100
2018-05-17,36.50267791748047,36.538359364051246,36.11731176094837,36.26717546993756,4636100
2018-05-18,36.07448959350586,36.4741288421317,36.01739982788483,36.4741288421317,4532000
2018-05-21,36.181541442871094,36.474133676549236,36.17440351977259,36.252904339936,4675800
2018-05-22,36.43844223022461,36.80239726110755,36.21721295431112,36.288575831795846,6224400
2018-05-23,36.352813720703125,36.409906216581625,35.9103577669249,36.274315622350244,5295500
2018-05-24,36.160125732421875,36.288581108428176,35.86039833662028,36.12444428849116,5957600
2018-05-25,36.067352294921875,36.15298829953011,35.93175900511271,35.97457836857658,4346000
2018-05-29,34.868446350097656,35.72481478439861,34.604400346314264,35.689130611132576,11606400
2018-05-30,35.56781768798828,35.653453725688195,35.01831456163278,35.210997688198,9303100
2018-05-31,35.674861907958984,35.74622481324997,35.14676715291655,35.446494621923094,13759800
2018-06-01,36.22435760498047,36.48126838667082,36.0388124417152,36.0388124417152,10247200
2018-06-04,36.33140182495117,36.48840345086556,36.18153812148004,36.3742211926514,4431600
2018-06-05,36.55262756347656,36.688218131109316,36.11730689591943,36.26717058472187,7965800
2018-06-06,36.945125579833984,37.04503469681151,36.51694014980551,36.6739417463812,7219400
2018-06-07,36.987945556640625,37.244853552160855,36.79526251826097,37.06644363391887,6164000
2018-06-08,37.144962310791016,37.16637336246198,36.81668855658952,36.866643139954064,4811300
2018-06-11,36.716766357421875,37.273404501519764,36.69535531335065,37.2519961797682,5942000
2018-06-12,36.55976104736328,36.88803465190355,36.41703256468335,36.71676265054314,5159200
2018-06-13,36.45273208618164,36.89518811882755,36.310003543364104,36.559776451554406,7445800
2018-06-14,36.34566879272461,36.652534070145414,36.21007823478119,36.602579510781034,10199500
2018-06-15,36.66682052612305,36.69536405448455,36.103044325598795,36.238634932856904,17352600
2018-06-18,36.59545135498047,36.666816974772885,36.081632504075245,36.27431559403472,7007400
2018-06-19,36.8594970703125,36.96654140782493,36.18153871012123,36.224355356198274,13592000
2018-06-20,36.58831787109375,37.15922924462332,36.56690954531144,37.130682995366804,7444900
2018-06-21,36.38850021362305,36.538363941386386,36.09590795937644,36.48127144186499,6484000
2018-06-22,36.22435760498047,36.68108939594109,36.18867615692791,36.652543148571056,7145200
2018-06-25,36.09590530395508,36.17440340154191,35.70340120442088,36.131586752370914,6741200
2018-06-26,35.82472610473633,36.15299982902337,35.61063466378045,36.06022587309168,6671600
2018-06-27,35.560672760009766,35.9246278624335,35.53926171470027,35.6962633428108,6961200
2018-06-28,35.62528991699219,35.85503764264432,35.35246620453586,35.63964949219656,5795400
2018-06-29,35.91248321533203,36.415057494015,35.89094521756873,36.01299752330673,9521800
2018-07-02,36.192474365234375,36.21401235479948,35.60374558078172,35.625283570346824,5063800
2018-07-03,35.87657928466797,36.35761274157311,35.74016468617147,36.21401972469685,4506600
2018-07-05,35.84785461425781,36.16375701170085,35.761699912920356,36.09196188372107,5334300
2018-07-06,36.048885345458984,36.14222120852859,35.73298292889637,35.77606165157666,4085100
2018-07-09,36.8817253112793,37.07557547527022,36.11350581257954,36.17094411545494,6686500
2018-07-10,36.86737060546875,37.02532322043144,36.6304444218341,36.96070649056574,6618900
2018-07-11,36.80274200439453,37.075568413469234,36.486839615177004,36.70940888821276,6216200
2018-07-12,36.87455749511719,37.22635761554811,36.71660485560381,37.13302445475368,6453800
2018-07-13,36.55146408081055,36.83146896639291,36.33607591796327,36.65197837421867,6975600
2018-07-16,36.83146286010742,36.92479871943043,36.630434306619684,36.651972297690904,6932600
2018-07-17,36.83146286010742,37.104289281846945,36.74530815701391,36.90326072835921,9600900
2018-07-18,36.41504669189453,36.903261247642035,36.23555612695232,36.61607524821103,11592600
2018-07-19,36.87455749511719,37.061226555515866,36.371983155691765,36.371983155691765,12128400
2018-07-20,36.659156799316406,36.91762093218354,36.50120421355687,36.78120907826959,9167100
2018-07-23,37.240718841552734,37.26225958168115,36.63763015534577,36.68788731762886,7739700
2018-07-24,37.0827522277832,37.506350075342006,36.989416366101786,37.161725776642726,5939900
2018-07-25,37.06121826171875,37.15455414043569,36.86736808537241,37.00378269399161,7672600
2018-07-26,37.592506408691406,37.72173984159838,37.240703677153796,37.26224440851084,9397000
2018-07-27,37.76482391357422,37.858159799284635,37.53507614783275,37.592514458672824,7241600
2018-07-30,38.03764724731445,38.27457615160066,37.7791803476601,37.7791803476601,7139600
2018-07-31,38.059181213378906,38.303288510674605,37.97302650221833,38.07354078837382,9379300
2018-08-01,37.77200698852539,38.41817158540854,37.606875944694934,38.274581278640866,5685600
2018-08-02,37.72891616821289,37.7935328810847,37.43455175153213,37.499168464403944,4438100
2018-08-03,37.987388610839844,37.994567029411634,37.61404785249832,37.66430499892803,5313500
2018-08-06,38.001739501953125,38.188408469058416,37.908403648996256,37.922763221667196,5387700
2018-08-07,38.26738357543945,38.33200028107224,38.044817052888575,38.07353345854109,4620100
2018-08-08,38.42533874511719,38.61918887520254,38.10943635098283,38.260207761446374,4539700
2018-08-09,38.39663314819336,38.55458577040349,38.3176568370883,38.43253072447489,3829000
2018-08-10,38.12380599975586,38.28175861931918,37.87252023118646,38.001753694682,5492000
2018-08-13,37.59968948364258,38.11662327929708,37.59968948364258,37.98021141158121,5338400
2018-08-14,38.17405319213867,38.20277234071233,37.64276263756975,37.64276263756975,4297300
2018-08-15,37.75763702392578,38.05917987176261,37.59250602551864,37.858151306538055,6182000
2018-08-16,38.16687774658203,38.3248303372287,37.90841086690893,37.91559202401594,4969900
2018-08-17,38.260215759277344,38.339192059022096,38.087903583578864,38.13098231220577,4457100
2018-08-20,38.64073181152344,38.66226980468688,38.22431509044646,38.23867192668282,5189900
2018-08-21,38.906368255615234,39.136115926477494,38.66226101297305,38.70533972831282,5228600
2018-08-22,38.72688293457031,38.84893794174102,38.633549813637664,38.82739995057327,3238300
2018-08-23,38.62636947631836,38.85611718300745,38.49713604895466,38.80586004334475,4214600
2018-08-24,38.77714538574219,38.86330283983425,38.583297961057596,38.69099067045914,4568300
2018-08-27,39.1002311706543,39.251002615504504,38.85612384807385,38.863305005719575,6070300
2018-08-28,38.9135627746582,39.286903552724645,38.87048404452427,39.128950947709434,4276700
2018-08-29,39.006893157958984,39.136123852534254,38.834581000510575,38.92791686657883,4476500
2018-08-30,38.79869079589844,39.0356169761908,38.71253333141999,38.927924253806765,6298700
2018-08-31,38.84893798828125,38.8704759794748,38.61919028618796,38.676625842306954,5159400
2018-09-04,38.9422721862793,39.01406731306636,38.65508620151397,38.920731457196354,4367600
2018-09-05,39.006893157958984,39.21510014391441,38.88483814251452,38.90637613514226,5325300
2018-09-06,39.006893157958984,39.12894543459462,38.82740258257093,39.02124999383826,3696400
2018-09-07,38.906368255615234,39.21509220186295,38.68380174004707,39.20791378537712,4938100
2018-09-10,38.863311767578125,39.05716197560333,38.83459260961669,38.97818566061421,2995700
2018-09-11,38.9135627746582,39.042796226250786,38.72689101622037,38.80586731872798,3383700
2018-09-12,38.44688415527344,38.94227994069937,38.40380816614706,38.92073920732711,5354900
2018-09-13,38.78432846069336,38.985357052563394,38.576118711222726,38.705352159941796,6687600
2018-09-14,38.87047576904297,38.94945205473661,38.74842350119544,38.78432106592656,5271400
2018-09-17,38.863311767578125,39.01408323866118,38.74843787454204,38.992545239594925,4507400
2018-09-18,38.877662658691406,39.04279367185387,38.748429215554,38.8920194956542,4314500
2018-09-19,39.43050003051758,39.602812239287104,38.93510688087086,38.97100445887836,6814300
2018-09-20,39.73920440673828,39.82536183776374,39.559713866981,39.63869014268353,5321200
2018-09-21,39.588443756103516,39.88998936892425,39.41613432489941,39.78947233877798,12672900
2018-09-24,39.071510314941406,39.710499115914345,39.01407475032451,39.487929798352376,5254100
2018-09-25,38.956634521484375,39.35869440916723,38.899198959706204,39.322796840704754,5569200
2018-09-26,38.489959716796875,39.143305306619915,38.42534299961399,39.143305306619915,5414700
2018-09-27,38.265838623046875,38.63454282401598,38.19354454688579,38.62731451953676,5812100
2018-09-28,38.1790885925293,38.2296950019337,37.94051315575785,38.12125112015713,8150300
2018-10-01,38.19355392456055,38.45381431734761,38.048962978894686,38.2803073888229,4724200
2018-10-02,38.128475189208984,38.35981952057713,37.91158746543963,38.17908158933064,5825400
2018-10-03,38.62732696533203,38.72853980770541,38.16463811000054,38.359835487939094,7735300
2018-10-04,38.80805587768555,39.1044660285379,38.57671150423212,38.57671150423212,5731500
2018-10-05,38.663475036621094,39.090016853495435,38.52611514089122,38.95265695776556,5202600
2018-10-08,38.988792419433594,39.0827769295461,38.59116946443164,38.64177587191321,5797800
2018-10-09,39.003257751464844,39.205683412346644,38.62009134756928,38.82974807224988,5517300
2018-10-10,38.555023193359375,39.51654771252642,38.54056382552738,39.15507179025382,9193300
2018-10-11,37.46337127685547,38.547799243783764,37.3404707643682,38.547799243783764,13404800
2018-10-12,36.718727111816406,37.90436776876777,36.15482276294635,37.853761357154674,12666900
2018-10-15,36.51630401611328,36.93561749654288,36.51630401611328,36.7187324498365,6879900
2018-10-16,36.848854064941406,36.91391983714285,36.31386852041372,36.72595082507546,9207100
2018-10-17,38.24415969848633,38.35983190150448,36.523533265478775,36.73318999527507,11626400
2018-10-18,37.6874885559082,38.61286623398066,37.60796339460328,38.562259814576265,11322800
2018-10-19,37.95497512817383,38.14294141059592,37.4561393050269,37.542892761695356,7664000
2018-10-22,37.18141555786133,38.063417737501524,37.080202735510994,38.03449900030355,8914600
2018-10-23,37.138038635253906,37.427220500761614,36.5741370311408,36.675349856715705,9206400
2018-10-24,36.35002517700195,37.087436537790005,36.27773108113455,37.00791137763007,9430100
2018-10-25,37.06574249267578,37.43444673080465,36.51629753024383,36.65366014977307,7672900
2018-10-26,36.805484771728516,37.0223698116864,36.35725532143649,36.68981256656144,10408800
2018-10-29,37.275390625,37.94773592626979,36.971749477083705,37.246471895133325,9949100
2018-10-30,37.82484436035156,37.88991014368301,37.260942743374166,37.557352921252374,10213900
2018-10-31,37.7886962890625,38.229697391010916,37.745318182072566,38.070647089890464,13027000
2018-11-01,37.6874885559082,38.04896455613564,37.60073233020665,37.87545486257554,9812100
2018-11-02,37.64410400390625,38.15017086922881,37.2247933494453,37.904367120806,8273600
2018-11-05,37.83930587768555,38.200781859414356,37.47782989595674,37.63688021042714,5448300
2018-11-06,38.056190490722656,38.070649860771695,37.55735463432373,37.752551993221445,4635600
2018-11-07,38.012813568115234,38.26584563891353,37.448909190869024,38.15017344114249,6715900
2018-11-08,38.265838623046875,38.49718297617302,37.78869054999391,37.81760928359524,5463800
2018-11-09,38.42489242553711,38.6273180636347,38.135710578675564,38.179088683057536,5530100
2018-11-12,38.25861358642578,38.634548908925844,38.171860129800436,38.42489495190147,7060100
2018-11-13,38.81529235839844,39.01772079618919,38.28030941629577,38.29476878741247,8138100
2018-11-14,39.039405822753906,39.42980054286373,38.50442015913938,39.03217751660796,13371700
2018-11-15,39.51655197143555,39.610536493551514,38.3815176737983,38.52610860985916,9758900
2018-11-16,39.70452880859375,39.9141855837024,39.28521801621991,39.32859613591794,9335200
2018-11-19,39.762359619140625,39.98647572981744,39.49486815389881,39.740671941858125,8109600
2018-11-20,39.11892318725586,40.01538189429719,38.938185233337904,39.71897176018545,9495600
2018-11-21,38.80805587768555,39.444254283603705,38.78636820450006,39.19845054207913,5830500
2018-11-23,38.6923828125,39.01048062931586,38.403200973327465,38.53333252517086,2243300
2018-11-26,39.15507888793945,39.487636134831085,39.017719005399755,39.03940668215788,6429300
2018-11-27,38.836978912353516,39.061092247655274,38.65624092822356,38.88758532728248,7409500
2018-11-28,39.24906539916992,39.28521244820666,38.48273527351303,39.053868024959876,7105400
2018-11-29,39.068328857421875,39.2707545458734,38.88759084763496,39.03941011397361,5369300
2018-11-30,39.37196350097656,39.67560476150365,39.06832499829237,39.07555330451885,10299300
2018-12-03,39.328590393066406,39.79127923757539,38.96711438856338,39.67560702644814,6851100
2018-12-04,38.02727508544922,39.27798450486548,37.88991519470179,39.0538683862157,9814800
2018-12-06,37.83930587768555,37.91883103492074,37.00068171038842,37.38384536851124,13575600
2018-12-07,37.41999053955078,38.222467620021845,37.152499098674674,37.788697566825846,9561900
2018-12-10,36.566898345947266,37.49227564035353,36.15481333932498,37.37660347855275,11217900
2018-12-11,36.23434829711914,37.21033501255048,36.11867610393942,36.89223441292428,7983200
2018-12-12,36.241580963134766,36.776563846057705,36.06084298093379,36.59582586385673,8372000
2018-12-13,35.562007904052734,36.45846959792909,35.40296033931051,36.31387864629187,11919500
2018-12-14,35.24390411376953,35.78611802321214,35.03424740690284,35.200526008190806,11037700
2018-12-17,34.65830993652344,35.45355860879836,34.45588430546986,35.07039226136388,10081800
2018-12-18,34.166709899902344,35.01256516391348,33.94982485405228,34.867974214065775,10182000
2018-12-19,33.41484451293945,34.41251635269246,33.183500078401664,34.10164675168671,13879300
2018-12-20,33.089508056640625,33.57388449508328,32.84370430580392,33.1834925737424,13596600
2018-12-21,32.25088882446289,33.436529650826515,32.0340037782964,32.87262797922503,22650900
2018-12-24,31.636375427246094,32.27257390154018,31.556853031071757,31.809885104905486,6830500
2018-12-26,32.814781188964844,32.814781188964844,31.18813966730822,31.75204117897301,10866400
2018-12-27,33.00275421142578,33.00275421142578,31.896635966855573,32.41716219959449,9209900
2018-12-28,32.95174026489258,33.3671899944938,32.81325794848503,33.148532681079246,8372200
2018-12-31,33.30887222290039,33.39633456474515,32.842402692558025,33.04648241698838,7388200
2019-01-02,33.782630920410156,33.811785962701975,32.83511428894895,32.95902182850025,8155500
2019-01-03,33.30887222290039,33.8482265747171,33.26513966178915,33.67330189102758,8141100
2019-01-04,34.132484436035156,34.35114168330012,33.636859859366446,33.84822695617518,7725300
2019-01-07,33.97214126586914,34.329280858874334,33.86281123024322,34.008583684285014,5927000
2019-01-08,34.1907958984375,34.37301075672813,33.70246141280011,34.26368072960252,6654400
2019-01-09,34.55522155761719,34.620819010114616,34.030441937637725,34.2709668569209,7765100
2019-01-10,34.48234558105469,34.686425361010876,34.154358234426184,34.48234558105469,8050800
2019-01-11,34.57708740234375,34.657262377650255,34.08146280988338,34.32927510611356,5196100
2019-01-14,34.832191467285156,34.91236644631595,34.1689295230913,34.36572189515471,8209600
2019-01-15,34.96338653564453,35.12373371403281,34.46047176692417,34.70099670507356,7676600
2019-01-16,35.794281005859375,36.07124832098045,35.10186410824549,35.1747489267827,9913500
2019-01-17,36.26076126098633,36.4429761416948,35.692251722896984,35.692251722896984,11787200
2019-01-18,36.60332107543945,36.73451599387585,36.14413886091204,36.52314609413075,10014100
2019-01-22,36.545013427734375,36.73451844718884,36.35551118865814,36.40653112919321,10614800
2019-01-23,36.829261779785156,36.93130164313233,36.43567984692858,36.632469423168,7785100
2019-01-24,37.091651916503906,37.186404410611516,36.65433741818501,36.690779829648626,5654800
2019-01-25,37.44151306152344,37.63101809524176,37.22285575986097,37.42693553736215,6622400
2019-01-28,37.36862564086914,37.397780687178624,37.04063832083307,37.10623578484029,5207000
2019-01-29,37.20826721191406,37.53625445742338,37.06978494397796,37.303019700700666,5105100
2019-01-30,37.20098114013672,37.48523583603667,37.03334382666695,37.171826099434746,5451200
2019-01-31,37.288448333740234,37.41235588265729,36.80740122107595,36.96046103411048,9033500
2019-02-01,37.38319396972656,37.61642872208247,37.17911147613197,37.36132630018362,4597100
2019-02-04,37.587284088134766,37.587284088134766,37.16454702510607,37.32489422400327,4013400
2019-02-05,37.52167892456055,37.64558645959349,37.20826918229683,37.61643141836482,5483200
2019-02-06,37.49251937866211,37.74762178819609,37.332172231925455,37.45607697169366,4898700
2019-02-07,37.135398864746094,37.900700923471184,36.836566526372344,37.57271353248076,10708100
2019-02-08,36.8657112121582,37.17183083741426,36.399238842602486,37.03334854699529,8918000
2019-02-11,36.843841552734375,37.09894400707554,36.727224161725765,37.04063392138227,4797500
2019-02-12,37.32489776611328,37.492535132910795,37.120817977034335,37.17912529660892,7526100
2019-02-13,37.10622787475586,37.50709994473187,37.0843629848739,37.33217526492086,5075300
2019-02-14,36.77824401855469,36.95317149488575,36.53043171563946,36.814686431846766,5507900
2019-02-15,37.39777755737305,37.43421997202093,36.996902655112336,37.135387723303495,7757300
2019-02-19,37.39777755737305,37.57999241099046,37.062500113629724,37.208272552599254,7179300
2019-02-20,37.60914611816406,37.64559131458896,37.2082739808933,37.397778992941525,7722900
2019-02-21,37.20826721191406,37.5726968668405,37.11351472312745,37.558119346998126,6145700
2019-02-22,37.37592315673828,37.419655738072294,37.13540091034871,37.324903202038094,4959500
2019-02-25,37.616424560546875,38.03916145978264,37.550827119930275,37.58726952463344,6154400
2019-02-26,37.39048767089844,37.76220753192099,37.2738702749729,37.470662651918126,4823300
2019-02-27,37.56541442871094,37.59456947222317,37.295734446789794,37.40506446977166,3838000
2019-02-28,37.67473602294922,37.69660369249388,37.492521198883225,37.61642872504443,5808800
2019-03-01,37.69660949707031,38.18494396618037,37.521682015665256,37.98815159224143,5734600
2019-03-04,37.66016387939453,38.133923601746694,37.24471424364853,37.835091358835044,4610900
2019-03-05,37.56541442871094,37.689319193070936,37.23013976945425,37.66016414955871,4415900
2019-03-06,37.24470901489258,37.62371618349019,37.157246677640074,37.46336902859019,4345700
2019-03-07,36.93859100341797,37.21555832684825,36.712643610569884,37.17182576618736,4048500
2019-03-08,37.077083587646484,37.10623863619633,36.62519145663772,36.65434650518757,4024500
2019-03-11,37.50709533691406,37.528963004487196,37.17182075815071,37.22284068185916,5558300
2019-03-12,37.20826721191406,37.631006946209986,37.12809224296983,37.61642942636762,6531500
2019-03-13,37.59457778930664,37.689327531115985,37.12810533104678,37.31761037542267,5111800
2019-03-14,37.6893310546875,37.95172096812116,37.52898382566159,37.70390858103146,3595500
2019-03-15,37.95170593261719,37.99543849432335,37.63100882123859,37.856953439109375,9076500
2019-03-18,38.228675842285156,38.374448277431135,38.03188347189478,38.090190777726406,7244600
2019-03-19,37.849674224853516,38.60039862345318,37.76949923463834,38.46920369044259,5645500
2019-03-20,36.712646484375,37.835090605801824,36.683494222030106,37.791358041717615,6540200
2019-03-21,36.19515609741211,36.57416330235198,35.96920869243512,36.45754591470723,8488700
2019-03-22,35.18933868408203,35.99108586869657,35.05085636855141,35.918198244434215,8290500
2019-03-25,35.058143615722656,35.56834586222481,34.85406382927322,35.27680370735112,6279900
2019-03-26,35.356971740722656,35.61936159533523,35.08000714341227,35.21120207071855,7669900
2019-03-27,35.08000564575195,35.29866292180128,34.95609809508453,35.24035283198646,7039100
2019-03-28,35.28566360473633,35.46929007711495,34.94044494005088,35.26362652274692,5147300
2019-03-29,35.395843505859375,35.638231833344925,35.160801807525665,35.57947000780246,8608300
2019-04-01,36.042205810546875,36.09362100156421,35.47663590743842,35.66026239019112,10065200
2019-04-02,36.09360885620117,36.24051055335502,35.85122343752662,36.04219368248485,7568000
2019-04-03,36.29928207397461,36.69591595254988,36.167073583033975,36.35070006734648,5042500
2019-04-04,36.57105255126953,36.82812851741909,36.233180480925,36.26990521867238,5130700
2019-04-05,36.504947662353516,36.79874837236549,36.27724980051194,36.578397139377024,5756500
2019-04-08,36.63717269897461,36.68124128094425,36.46088996533905,36.49761471762009,4920100
2019-04-09,36.15237808227539,36.42414445659051,36.07158199214775,36.42414445659051,4551100
2019-04-10,36.21113967895508,36.34335096280587,35.93202665727923,36.225830132929346,5430200
2019-04-11,36.438846588134766,36.7106130495508,36.211148697699635,36.38008475760249,4651500
2019-04-12,36.88689041137695,37.28352150250821,36.47556606281659,36.86485332715119,11394900
2019-04-15,36.64449691772461,36.93830038257684,36.482904731864124,36.89422902227376,4587500
2019-04-16,36.93096160888672,37.004413891679384,36.26990787526131,36.59308951379475,7570500
2019-04-17,37.2174186706543,37.37166706423818,36.00548541938561,36.247870948872105,7825600
2019-04-18,37.61405563354492,37.812372611107314,37.041141788532464,37.173353106907385,8816300
2019-04-22,37.6067008972168,37.97395383019368,37.37165924426499,37.54059525720425,8049600
2019-04-23,37.966609954833984,38.054752682518924,37.22476020928429,37.51121706946603,7165000
2019-04-24,37.95926284790039,38.194304497578244,37.738911651567086,37.81236111637236,5567500
2019-04-25,38.0767936706543,38.23838589795653,37.6434349899132,37.71688447400428,5146300
2019-04-26,38.44404602050781,38.4513898480208,37.973962605968026,38.12820820100424,5082900
2019-04-29,38.92881393432617,39.171202233932114,38.444040137032026,38.524836236900676,5613100
2019-04-30,39.16386795043945,39.207939328418895,38.8186491610637,39.024312789715815,5947500
2019-05-01,39.00961685180664,39.46500981929684,38.84068079615574,39.127137707995026,5558900
2019-05-02,39.0610237121582,39.31809965458787,38.781910687579106,39.083057992389996,4589300
2019-05-03,39.2813835144043,39.50173477068464,39.075722715465076,39.141828372541006,4205600
2019-05-06,39.17854690551758,39.41358858188723,38.56156180456778,38.66439218773978,4557000
2019-05-07,38.60563659667969,39.00961433868181,38.414663466477776,38.77457264144719,6097500
2019-05-08,38.35591125488281,38.8113042739099,38.333874165534766,38.50281024030419,5453200
2019-05-09,38.28245544433594,38.33387064489508,37.80502818172698,38.04741372694605,5560100
2019-05-10,38.31917190551758,38.44403936697279,37.68015254959294,38.13554542837345,4759400
2019-05-13,37.320247650146484,37.9886479404261,37.232104920367036,37.79767482782176,5612100
2019-05-14,37.496524810791016,37.92253956835164,37.254139326113574,37.342279247640136,6210900
2019-05-15,37.30556106567383,37.53325613643319,36.98237662678739,37.12193456245856,4071000
2019-05-16,37.82705307006836,38.05475090306396,37.474490581567736,37.511215315427,4460200
2019-05-17,37.871116638183594,38.14288297511527,37.533241871225364,37.533241871225364,5278400
2019-05-20,37.988651275634766,38.26041771151994,37.61405164597867,37.81971523160246,4573000
2019-05-21,38.120872497558594,38.289808585541486,37.98866115880351,38.10618203748372,3369000
2019-05-22,38.08413314819336,38.172275881336546,37.812366725796615,38.00333984568895,3540200
2019-05-23,37.584678649902344,37.88582886364255,37.26884358065215,37.8637917736624,5142700
2019-05-24,37.70219802856445,37.841753173583044,37.59202099697409,37.79768180056324,5636700
2019-05-28,37.2174186706543,37.73157344479167,37.17335010270299,37.606708766372165,6431700
2019-05-29,37.16600799560547,37.312909777793,36.77672065443918,37.092558505470926,4865900
2019-05-30,37.01910400390625,37.489187401734455,36.71795665205267,37.1806934207109,4688600
2019-05-31,36.8722038269043,36.96769039679293,36.54167554799607,36.62981548839887,5678500
2019-06-03,37.2614860534668,37.30555741862048,36.61512004080181,36.7693684178808,6045400
2019-06-04,38.34855651855469,38.41466216878868,37.650775277622074,37.79767703391072,6856500
2019-06-05,38.568912506103516,38.635018164485814,38.12086615697716,38.37059833287492,5021600
2019-06-06,38.7598876953125,38.8994428472856,38.480774589447854,38.64236682998819,4327200
2019-06-07,38.68642807006836,38.848020279978044,38.5248386620766,38.62032522265213,4139700
2019-06-10,38.85536193847656,39.27403006339867,38.84801531064702,38.92881140526665,4866300
2019-06-11,39.0610237121582,39.39889575132795,38.89208769257333,39.11978272674886,3820200
2019-06-12,38.70111083984375,39.266680660290405,38.60562710014872,39.03163902087327,4153400
2019-06-13,38.70111083984375,38.98757046468091,38.561555742039005,38.75987265065671,4313900
2019-06-14,38.64970016479492,38.79660190704593,38.17961683112584,38.67173724737907,5665600
2019-06-17,37.83440399169922,38.759883149259565,37.75361068282354,38.649706125101105,5059900
2019-06-18,38.333866119384766,38.50280215869508,37.71688098359501,37.87112936898092,5293000
2019-06-19,38.28245544433594,38.89209682513478,38.22369641594761,38.473428590914146,5664000
2019-06-20,38.311824798583984,38.64969681513652,37.69483977613621,38.45872652810344,4533500
2019-06-21,38.38528823852539,38.6497108875536,38.2824578309963,38.32652920647382,9004800
2019-06-24,38.4146728515625,38.671751697038424,38.11352542828747,38.341223353951506,4681500
2019-06-25,38.22368621826172,38.385275604657956,37.89315801576425,38.35589749926071,4671900
2019-06-26,38.17961502075195,38.56890223762815,38.10616555406806,38.348551035658936,5012800
2019-06-27,38.45332717895508,38.653065848294965,38.23139626480121,38.35715608142002,3738700
2019-06-28,38.764041900634766,39.02296089149181,38.52731515984965,38.75664260260722,10087100
2019-07-01,39.215301513671875,39.370655734959385,39.02296208913295,39.15612123766199,3882300
2019-07-02,39.156124114990234,39.34846355366293,38.93419312513539,39.11913608701536,3175200
2019-07-03,39.392845153808594,39.46682119900426,39.13392617361851,39.2596860148522,2102700
2019-07-05,39.71094512939453,39.8293084886563,39.46681911353926,39.61477401811775,3195300
2019-07-08,39.281883239746094,39.71095225784471,39.14132760726841,39.45203324485802,4123900
2019-07-09,39.45942306518555,39.46681954059222,38.99336609842208,39.05254918969591,3676100
2019-07-10,39.341064453125,39.58518767908251,39.170917278183595,39.51860810436583,3817500
2019-07-11,39.555599212646484,39.599983714746564,39.281881613670436,39.42244006233529,6137300
2019-07-12,39.651763916015625,39.84410614767535,39.49641252875561,39.84410614767535,4257700
2019-07-15,39.296669006347656,39.725737915164046,39.13392116335254,39.696146372072256,4484500
2019-07-16,39.23748779296875,39.437226470999136,39.17090823362528,39.415031403214776,5441300
2019-07-17,40.11042785644531,40.5690855817967,39.06734973243326,39.24489338392166,8805200
2019-07-18,40.827999114990234,40.96115824677645,40.16960275338346,40.25837456723924,7893700
2019-07-19,40.687442779541016,41.08692016774862,40.6652505319756,40.73922657186366,7237700
2019-07-22,40.93157196044922,41.012944481825414,40.561686088355536,40.66525368102093,5568400
2019-07-23,41.44942092895508,41.508604038766215,40.93158282813764,40.94637578358443,7422200
2019-07-24,41.86368179321289,41.9894416311872,41.32364877566614,41.32364877566614,7947800
2019-07-25,41.841487884521484,42.12999839266747,41.73052100200147,42.033827282617125,5304400
2019-07-26,42.44810485839844,42.52208090643185,41.83409293610084,41.83409293610084,6396300
2019-07-29,42.21138000488281,42.66263843326373,42.18178845554474,42.292752532554296,4603200
2019-07-30,42.270565032958984,42.3815319444472,41.90807838984164,42.004246702991914,5468000
2019-07-31,42.277957916259766,42.76620717310347,42.174387497652006,42.4111170610358,6685100
2019-08-01,41.19789123535156,42.30754895445572,41.0425398319583,42.05602642524522,8786800
2019-08-02,41.005550384521484,41.19049333129562,40.406334221051345,40.93897081080258,7249400
2019-08-05,39.24489974975586,40.31756959701336,38.919401121225036,40.258386488913615,7480400
2019-08-06,39.62217712402344,39.65916514822216,38.83801802978583,39.45202995510502,4668300
2019-08-07,38.919395446777344,39.04515530014463,37.97248843128787,38.89720319547853,6955700
2019-08-08,39.178306579589844,39.38544456411068,38.97856789201883,39.274477685902916,5181300
2019-08-09,39.05255126953125,39.31147025263078,38.62348230096029,39.07474351893828,5491200
2019-08-12,38.64567565917969,38.934186176702205,38.45333343282792,38.616084113278625,3045000
2019-08-13,39.08214569091797,39.370656242447986,38.364566139262465,38.697464014876125,4671500
2019-08-14,37.654380798339844,38.6308792201981,37.602597004908354,38.34236870764977,9297700
2019-08-15,37.93549728393555,38.21661136019403,37.60999870542948,37.913305032811756,6654000
2019-08-16,38.67527389526367,38.80843306256383,38.12044497218163,38.20921963171896,6192300
2019-08-19,38.96377944946289,39.36325689974922,38.83801959770913,39.29667732470149,3563000
2019-08-20,38.19440841674805,38.8306124429127,38.150021104920974,38.712249100045184,4399100
2019-08-21,38.364559173583984,38.62347812871416,38.17221695948302,38.54210279367183,3236600
2019-08-22,38.505123138427734,38.79363370024216,38.26099990227921,38.65307806864183,3522700
2019-08-23,37.691375732421875,38.682670108798625,37.43245389576793,38.37196446921501,6039900
2019-08-26,37.94289016723633,37.979878186857505,37.58040080213673,37.965082414608034,3968900
2019-08-27,37.75794219970703,38.17961177543143,37.587795074590574,38.10563292407343,4696400
2019-08-28,38.15742492675781,38.31277630357046,37.57300461740925,37.580401092588644,3545600
2019-08-29,38.75664520263672,38.875008580969805,38.4829304193675,38.5569064725736,3652400
2019-08-30,38.978572845458984,39.19310733218798,38.80102920417004,39.045152416443656,4975600
2019-09-03,38.482933044433594,38.771443622425544,38.275797823722606,38.76404714540261,4508900
2019-09-04,38.80842971801758,38.91199732321307,38.601294507626584,38.845417745300885,3031200
2019-09-05,39.40764236450195,39.999459213667414,39.274483220689056,39.30407476864866,4774500
2019-09-06,39.511207580566406,39.784922327693394,39.452027310217,39.49641180747776,4991900
2019-09-09,40.620872497558594,40.73183940475398,39.71095345337575,39.88849711848155,5060800
2019-09-10,41.32365036010742,41.32365036010742,40.680049728491774,40.798413095478615,6414000
2019-09-11,41.39023208618164,41.40502786057628,40.791015922223195,41.29406096361921,5438100
2019-09-12,41.227481842041016,41.42722056555129,40.36195019550193,41.05733466764458,7144000
2019-09-13,41.48639678955078,41.76011151848614,41.19788346650516,41.523384808811514,5680800
2019-09-16,41.32365036010742,41.360638383164826,41.020344055828296,41.16089967224853,3880500
2019-09-17,41.35324478149414,41.37543703246994,40.717040581470314,40.909380007939966,5358400
2019-09-18,41.36064147949219,41.54558443062961,40.9759598024857,41.212686554181154,3850100
2019-09-19,41.27925491333008,41.59735692861419,41.16089156964329,41.44200556915117,3543800
2019-09-20,41.012943267822266,41.45680799439922,40.94636369993598,41.24966999319457,18203300
2019-09-23,41.19050216674805,41.25708175474842,40.724445050745445,40.746640128082916,3541800
2019-09-24,40.93157196044922,41.427217674492226,40.76882127368632,41.39762612744347,5249000
2019-09-25,41.23488235473633,41.368038685659336,40.938972498893904,41.116518976800464,3826000
2019-09-26,41.1091194152832,41.31625461984432,40.96856378676038,41.220086316015525,5115500
2019-09-27,41.317832946777344,41.57872377134427,41.049486473796094,41.39237236994026,4532500
2019-09-30,41.25074768066406,41.49673005996196,40.96749274506625,40.99730965270746,4403900
2019-10-01,40.08790969848633,41.50418138545671,40.035731537297615,41.452003224268,5620300
2019-10-02,39.41703414916992,39.89409309939054,39.18595747612746,39.86427620412784,5346800
2019-10-03,39.543766021728516,39.55867447476354,38.8207245322579,39.29778365539219,4134700
2019-10-04,40.3189811706543,40.38606777533743,39.506489111045774,39.57357571572891,3657800
2019-10-07,40.19972229003906,40.47552155251285,40.125182871045034,40.17736103304017,3610900
2019-10-08,39.044342041015625,39.81210881880548,38.93998572288843,39.81210881880548,7799500
2019-10-09,39.21578598022461,39.39468171776705,38.984709238777775,39.305233848995826,3316600
2019-10-10,39.52140808105469,39.83447709057698,39.31269540803983,39.40214329026092,4432800
2019-10-11,39.85683822631836,40.34135015881506,39.82702131996563,40.25190228325357,5432200
2019-10-14,39.70030212402344,39.90901763148494,39.610854245680954,39.670488060240466,3708000
2019-10-15,40.07300567626953,40.25935708497213,39.59594652495036,39.75248386931814,8012800
2019-10-16,40.67677688598633,41.34018730936639,40.46060861397594,40.88548951082601,7941300
2019-10-17,40.78113555908203,41.12402141788032,40.57987572626658,40.84822217002051,4881300
2019-10-18,41.049476623535156,41.19110263095871,40.6842295567864,40.84821681709366,6217700
2019-10-21,41.884334564208984,41.99614652805672,41.452000847223545,41.52654026079113,4782100
2019-10-22,42.22722244262695,42.52538293462434,41.757616184448096,41.81724714544905,7135600
2019-10-23,42.175045013427734,42.376301998339144,41.98869363640162,42.115411207901126,4677900
2019-10-24,41.973785400390625,42.279401546541735,41.794886826389224,42.16013677837292,4934900
2019-10-25,42.2943115234375,42.525385420632055,41.92906155828025,41.92906155828025,3877000
2019-10-28,42.503028869628906,42.73410563590099,42.34649437158819,42.503028869628906,4661200
2019-10-29,42.74155807495117,43.017357356303435,42.294315843380105,42.41358062803217,4269800
2019-10-30,42.57756805419922,42.77137510701081,42.48066737129019,42.652110322010124,4745900
2019-10-31,42.503028869628906,42.577568294363495,42.01106127328897,42.34649437158819,4906800
2019-11-01,42.92045593261719,43.18879956082858,42.771374243501946,42.89809183097704,5870200
2019-11-04,43.33788299560547,43.41242526491403,43.166440041441014,43.23352666207031,6791000
2019-11-05,43.673316955566406,43.88948527555694,43.419878921938825,43.53169090634686,5910200
2019-11-06,43.80002212524414,43.859655924943745,43.47204475738455,43.60621796321258,4777800
2019-11-07,44.053466796875,44.508164636604434,43.96401892719763,44.150370314398444,5205500
2019-11-08,43.90439224243164,44.01620137955521,43.64349856881639,43.98638447225688,3214700
2019-11-11,43.71057891845703,43.9342000041238,43.52422753981866,43.60622260137897,1790900
2019-11-12,43.5913200378418,43.86711931930041,43.5167806137168,43.680767915491145,3254300
2019-11-13,43.68821334838867,43.83729500527567,43.18133742107053,43.39005003461467,4090800
2019-11-14,43.65840148925781,43.740396552187896,43.367693788684925,43.60622332984711,3304600
2019-11-15,44.0460090637207,44.217451979541195,43.74039293665005,43.829840796318095,5069900
2019-11-18,44.3963508605957,44.47089027027065,43.98637557689485,43.98637557689485,4845500
2019-11-19,44.291996002197266,44.55288964835703,44.083283360066645,44.44853332729172,4974700
2019-11-20,44.06092834472656,44.30691073015188,43.77767340207287,44.090745253110505,4287600
2019-11-21,44.34418487548828,44.50817219047911,44.038568662349974,44.26218979624437,5880400
2019-11-22,44.7615966796875,44.7615966796875,44.35162425110758,44.36653270131908,6548900
2019-11-25,44.59015655517578,45.104485323894785,44.47089178952371,44.75414667425849,8473300
2019-11-26,44.664695739746094,44.903228113330776,44.50070846499552,44.55288662198383,7285600
2019-11-27,44.865966796875,44.9777787861276,44.70197948106739,44.84360553642328,4246500
2019-11-29,44.746707916259766,44.947967817417286,44.66471282576995,44.89578964046875,3394800
2019-12-02,44.54542922973633,45.07466926966593,44.485798271298286,44.910679157843,5085600
2019-12-03,43.926753997802734,44.09819695146135,43.71058568269094,44.09819695146135,8044600
2019-12-04,44.21000289916992,44.50071060019514,43.949109258214044,44.03110432127171,5926800
2019-12-05,44.42616653442383,44.63488200739915,44.1056419428689,44.277087709651006,4925400
2019-12-06,44.82869338989258,45.15667368149198,44.80633213128235,44.91068846279243,5894300
2019-12-09,44.72433090209961,45.029947049524104,44.65724429200661,44.71687809808767,4357900
2019-12-10,44.68706512451172,44.84359961399448,44.50816653403384,44.5976172510211,5719400
2019-12-11,44.1652717590332,45.05975884437106,44.12054640954269,44.769051181422874,8940500
2019-12-12,45.13431167602539,45.2461236612641,44.128015182864644,44.14292363712959,7120600
2019-12-13,44.92559814453125,45.32811787149992,44.75415518900686,45.08213264607567,5424800
2019-12-16,45.21630859375,45.551741719626634,45.12686070801524,45.42502127496345,6758000
2019-12-17,45.2312126159668,45.44738092518026,45.08213092535418,45.17903445077689,7301600
2019-12-18,44.791419982910156,45.335565697681496,44.43362565717681,45.28338753623058,12497800
2019-12-19,44.73178482055664,44.96286155963322,44.627428500811234,44.73924046825071,8029200
2019-12-20,44.55288314819336,45.410097691518835,44.51561344517852,45.23865478285374,14484000
2019-12-23,44.4112548828125,44.70941533527778,44.32180418792658,44.552880884471314,4971300
2019-12-24,44.47835159301758,44.575255118952434,44.36654245708975,44.47835159301758,2246200
2019-12-26,44.836143493652344,44.88086600534207,44.45598508331115,44.6199752088306,4155100
2019-12-27,44.5230712890625,44.992677562004886,44.46344032618686,44.992677562004886,3661800
2019-12-30,44.41798400878906,44.808340147580225,44.34291673209705,44.71075326060722,4020100
2019-12-31,44.50806427001953,44.583131540121734,44.19277543559814,44.365432447739444,4732000
2020-01-02,44.44049835205078,44.650688979239234,44.29786654334503,44.64318339839644,5002100
2020-01-03,43.922515869140625,44.147723341019386,43.55468234385164,43.915010289772916,5161800
2020-01-06,43.32197952270508,43.38203562635632,42.653871119564535,42.8415421480257,6869200
2020-01-07,42.909095764160156,43.30695735332122,42.89408174107059,43.18684803223682,4006800
2020-01-08,42.81901168823242,43.17183118504497,42.811503245362765,42.93912100145983,5627500
2020-01-09,42.83403015136719,43.209372152072234,42.68389277835873,43.05172633541564,5775400
2020-01-10,42.54127502441406,42.901605984000085,42.473716191078985,42.86406948063639,5285000
2020-01-13,42.57129669189453,42.623844352356755,42.18094059729464,42.428667736873166,6235800
2020-01-14,42.48121643066406,42.93913422323005,42.39113513391376,42.556283700683856,6866500
2020-01-15,41.26511001586914,41.90319041916223,40.90478195550721,41.640452103366925,10158500
2020-01-16,41.43024826049805,41.49030435407233,40.837210086428875,41.09994833673597,12176100
2020-01-17,41.55036544799805,41.65546363164433,41.37020286044124,41.527845840461616,9546400
2020-01-21,40.85222625732422,41.280118817447985,40.807187045250934,41.205048691271664,9490600
2020-01-22,41.24258041381836,41.30263651197999,40.87474683529167,40.94981409436133,6804900
2020-01-23,41.197540283203125,41.29512714508648,40.799675800854175,41.129978606097254,7107800
2020-01-24,40.41682815551758,41.18252620721051,40.16159547161993,41.18252620721051,6179500
2020-01-27,40.19163131713867,40.31924625202854,39.68867143204639,39.786261176371674,6296200
2020-01-28,40.43184280395508,40.83721287233932,40.28921100380191,40.416828779537255,5965200
2020-01-29,40.236663818359375,40.80718529834607,40.1841161641017,40.52192455835272,5026600
2020-01-30,40.724605560302734,40.777153209354495,39.92137393778918,39.92887951752567,6190800
2020-01-31,39.95140075683594,40.469371651706815,39.82378299617869,40.35676791369349,6355100
2020-02-03,40.304237365722656,40.724621587208254,40.199142026259565,40.21415605527333,6336900
2020-02-04,40.70209503173828,41.16751839723083,40.67957256024335,40.82220437972451,5512200
2020-02-05,41.437747955322266,41.58037685199993,41.14498172003932,41.28761061671698,6071600
2020-02-06,41.13749694824219,41.73804378458079,41.084949279039634,41.67799053276353,4608800
2020-02-07,41.00237274169922,41.092456913094395,40.76215401191171,41.017386770265084,3626700
2020-02-10,41.01737594604492,41.01737594604492,40.61200587264061,40.867238563639724,5602700
2020-02-11,41.235069274902344,41.52032997545239,41.06241231141026,41.06991789085253,5309400
2020-02-12,41.144996643066406,41.805596590714536,41.12998261739723,41.48280219790876,4112400
2020-02-13,41.42274856567383,41.56537751272825,40.897269126771015,41.03239249287839,4928100
2020-02-14,41.370201110839844,41.53535252880969,41.16751606068574,41.44526837520837,4351500
2020-02-18,40.85222625732422,41.362691660793175,40.38680292956106,41.197543110470285,5591200
2020-02-19,41.099952697753906,41.19754242835105,40.99485738647966,41.062419067103455,4219800
2020-02-20,41.13749694824219,41.46029140970541,40.92730627143198,40.96483991177192,4906200
2020-02-21,40.9498176574707,41.0549129747657,40.5744756021985,40.92729805051681,5666000
2020-02-24,39.846317291259766,40.236670541358784,39.74872754691858,39.823794818791576,7773800
2020-02-25,38.074684143066406,40.03396936508219,37.94706640499262,39.80876192890863,10564600
2020-02-26,37.27897262573242,38.62269786405333,37.27146704466346,38.42751839266892,12018000
2020-02-27,35.67250442504883,37.21891451335775,35.66499598133031,36.558311784107154,13413900
2020-02-28,34.86176300048828,35.06444801872527,33.71321742744411,34.538968659995895,24626100
2020-03-02,36.15293502807617,36.15293502807617,34.16362162913622,34.89178589866163,12673900
2020-03-03,34.606544494628906,36.81355813173256,34.29125846854741,36.017831756388844,13197700
2020-03-04,35.026920318603516,35.13201563540388,34.02100350066303,34.95935863442719,12095400
2020-03-05,32.86494445800781,34.00598447658754,32.37700157834929,34.00598447658754,12815800
2020-03-06,31.866533279418945,32.07672386265329,31.085821307931493,31.288506311892576,14127500
2020-03-09,27.264842987060547,29.314209988691545,26.934543053895837,28.54100637552094,17811700
2020-03-10,29.006433486938477,29.224132565620362,27.13723166087947,28.856296092549844,16815700
2020-03-11,27.18227195739746,28.263258949148195,26.67180651432244,27.775313113857074,18947700
2020-03-12,23.729124069213867,25.823533325760614,23.28622035041329,25.24550624436783,20621100
2020-03-13,27.850378036499023,27.887914531154276,24.74254642424137,25.98868187417155,20211400
2020-03-16,24.449777603149414,26.649281947943493,22.520519956008588,22.558053583208828,14280000
2020-03-17,25.313068389892578,25.75597211681578,23.45137076154748,25.05032724064142,16232200
2020-03-18,24.772573471069336,25.49322946659231,23.203643703356317,23.563971701117804,18092700
2020-03-19,24.93022346496582,25.4707170458756,23.323759614631957,24.26962338122407,16042700
2020-03-20,24.449777603149414,25.470708299336287,23.30873758174245,25.433174672136044,20375900
2020-03-23,21.7172908782959,24.2095618194563,21.462058174026097,23.841726788436002,13417600
2020-03-24,23.421342849731445,23.646547491206938,22.34035742065345,23.181122751857075,14752200
2020-03-25,24.044408798217773,25.32808067835394,22.513014106679027,23.57147848472062,17018600
2020-03-26,27.159753799438477,27.565123942984215,24.194550722486525,24.307154494682415,16014300
2020-03-27,26.85196876525879,27.917938739854314,25.65087256917618,25.868571630567903,11470300
2020-03-30,27.246963500976562,27.421671873409327,25.834101213517883,26.586109588268982,9825600
2020-03-31,26.16832733154297,27.626763890272294,25.765735718798336,26.92033277662032,11034500
2020-04-01,24.254125595092773,25.06690062600221,23.74519149412689,24.70988626559418,11203900
2020-04-02,24.81623077392578,25.127670812717476,23.889517003864693,24.0034571739926,8497600
2020-04-03,23.692026138305664,24.975756056261993,23.380588916912153,24.626336353657955,7148800
2020-04-06,26.107553482055664,26.36581860988378,25.066898215949166,25.196029331035525,9205000
2020-04-07,26.16832733154297,28.02175784934212,26.08477052705529,27.892626713429067,8122100
2020-04-08,27.079851150512695,27.269751921841237,26.115154884444994,26.555723167146194,7236600
2020-04-09,28.902891159057617,29.457400955075382,27.672335213068273,27.885023108073646,10116700
2020-04-13,27.945798873901367,28.933282328944887,27.59638214172004,28.864917933721944,7678300
2020-04-14,27.193784713745117,28.629433808899382,26.77600367564204,28.629433808899382,7781800
2020-04-15,25.31757164001465,26.96590890622461,24.922577697049853,26.684856582489257,11726400
2020-04-16,24.14019012451172,25.553051085861664,23.851540098280786,25.082097915021055,10664600
2020-04-17,26.63167953491211,26.806387859558118,25.127666094448266,25.127666094448266,10757200
2020-04-20,26.016416549682617,26.760827536816006,25.401136750168632,25.826515698955006,10342000
2020-04-21,24.861812591552734,25.492284643582508,24.611145040284512,25.066905804948338,11434400
2020-04-22,25.256799697875977,25.659388359795376,25.01372697019006,25.45429520249998,7240400
2020-04-23,25.347951889038086,26.14553447808356,25.211223114041083,25.530257888252606,7311800
2020-04-24,25.826507568359375,26.054387937960733,24.9681551819496,25.5758371334386,7682200
2020-04-27,27.25455665588379,27.467244570230214,26.016402945248146,26.137939310254033,8306800
2020-04-28,27.839452743530273,28.849723286062904,27.778683109087822,28.287618655748535,6988800
2020-04-29,29.214338302612305,29.57894748997062,28.234449481655197,28.85732676992226,7844200
2020-04-30,27.725509643554688,28.447133076822144,27.490031669179476,28.40155585343018,7796400
2020-05-01,26.5405330657959,27.20898465034732,26.320250354116506,27.125427840071385,6554300
2020-05-04,26.183517456054688,26.358225805801204,25.69737197890688,26.077173495135554,5988300
2020-05-05,25.477087020874023,26.768412786846493,25.40872263039149,26.555721962203233,7305200
2020-05-06,25.22641944885254,25.902465776206743,25.08969065257236,25.712564992223832,9640400
2020-05-07,25.978424072265625,26.563318750083873,25.59102490626579,25.606217314506527,6983600
2020-05-08,26.396207809448242,26.905140497201632,26.137942638715753,26.586108585055783,5617700
2020-05-11,25.3327579498291,25.94803740012752,25.08968523067166,25.87207826201159,7158300
2020-05-12,24.041433334350586,25.46948625810933,24.011049969416653,25.46948625810933,11626300
2020-05-13,22.370315551757812,23.904712964872427,22.06647310274992,23.851540970944498,15304800
2020-05-14,23.676828384399414,23.75278898320076,21.542344106166382,21.922145651345183,14770900
2020-05-15,23.30462646484375,23.64644703638338,22.879249077474636,23.38818328067323,12087500
2020-05-18,25.036516189575195,25.196032136912475,24.1857615727873,24.398449502570344,9197800
2020-05-19,24.299707412719727,24.9529652122761,24.162978598050564,24.740277232860247,7533600
2020-05-20,25.11248016357422,25.264398469287443,24.740273360202554,24.76306052652835,10122500
2020-05-21,25.006132125854492,25.332761683675265,24.861808583099933,24.952960141805136,5890500
2020-05-22,25.013731002807617,25.074497745697936,24.466815828515003,24.99094383643074,5534000
2020-05-26,27.216585159301758,27.55840429514797,26.145541821774874,26.19871671379205,11156600
2020-05-27,28.576257705688477,29.358650592429306,27.87742449168058,28.85731283961564,9938900
2020-05-28,27.733104705810547,28.98645083524486,27.64195315567249,28.93327885619303,9030100
2020-05-29,27.011486053466797,27.71791713622383,26.90513919026153,27.23936639359519,18241700
2020-06-01,27.869834899902344,28.143292461905585,27.0494651115483,27.18619389254992,6594300
2020-06-02,27.816669464111328,28.500313529998277,27.603981487015993,28.333199892191164,6596500
2020-06-03,29.38144874572754,29.52577229454772,28.50790400365063,28.599058463842677,9656100
2020-06-04,30.437294006347656,30.452486415078646,28.902895496385813,29.381446229617122,9142500
2020-06-05,32.18438720703125,33.62003681078242,31.705839270885054,33.04273964595971,12586800
2020-06-08,33.05032730102539,33.37695684305796,32.22235986386351,32.62495144919183,10445800
2020-06-09,31.979293823242188,32.321115845577175,31.401996661475756,31.81218308827774,7580400
2020-06-10,29.867591857910156,31.721022266913902,29.761247893952127,31.56150632097686,11590200
2020-06-11,27.45205307006836,28.62943718830217,27.391286334383988,27.8394522384717,16095900
2020-06-12,28.49271011352539,29.07001007412933,27.793876674290477,28.98645327212172,9329300
2020-06-15,29.45740509033203,29.639711095682664,27.08744440670771,27.21657843084267,11284100
2020-06-16,29.88278579711914,30.763925269169363,29.15356752321327,30.703155630849288,9409400
2020-06-17,29.252315521240234,30.095475466656726,29.206741187535133,29.928364746978005,7153000
2020-06-18,29.297887802124023,29.84480289542083,28.78135752460049,28.902893890038058,5425900
2020-06-19,29.525772094726562,29.897978893851953,28.788959047924244,29.897978893851953,42484600
2020-06-22,29.03203582763672,29.40423978059517,28.781365375612356,29.214338976694158,8321200
2020-06-23,29.320676803588867,29.966341139805433,29.123181283990295,29.548560038521597,6545800
2020-06-24,28.00656509399414,28.9712613652219,27.847049140662325,28.925687034358997,7351300
2020-06-25,28.902891159057617,28.994042700109173,27.771084406173017,27.885023108073646,6023400
2020-06-26,27.39129066467285,28.295217371089738,27.307733854448692,28.112911339904652,13960100
2020-06-29,27.936965942382812,28.3058748281543,27.568059988415236,27.844740186841893,5352100
2020-06-30,28.29817771911621,28.521059237701685,27.51425174229352,27.606477465507105,7709300
2020-07-01,27.65259552001953,28.53643452633204,27.5142554506523,28.37503582420142,6902400
2020-07-02,27.583423614501953,28.60560262085284,27.498882140977823,28.42883541794015,5768200
2020-07-06,28.30587387084961,28.936088554039184,27.97539508188388,28.229016633994902,6069500
2020-07-07,27.345176696777344,27.944648404070154,27.260635213584067,27.921592702036865,6683600
2020-07-08,27.291372299194336,27.614166752694462,26.814869272583113,27.306743742866065,5969900
2020-07-09,26.299938201904297,27.306742807592535,26.13853951478069,27.13766279660081,6103500
2020-07-10,28.006132125854492,28.044562206178334,26.32299839351409,26.453651284843954,8974900
2020-07-13,28.30587387084961,28.644036917598907,27.5526876086925,28.244388081365845,6708000
2020-07-14,27.890846252441406,28.498005070804332,27.4681418222177,28.082984896343365,7961500
2020-07-15,28.928394317626953,29.481754560969595,28.521061322834786,29.335727312419124,7798200
2020-07-16,28.86691665649414,29.56630134212271,28.45189639949162,28.567177849678796,6105600
2020-07-17,27.691024780273438,28.87459971666825,27.675653334525045,28.836172568199014,9154500
2020-07-20,27.33749008178711,27.76788176352665,27.27600723114059,27.54500019985063,7234100
2020-07-21,28.12909507751465,28.413462369084527,27.49119633189654,27.529623472653768,9232100
2020-07-22,27.867788314819336,28.267437055893918,27.68333685389452,27.98307267674968,6305500
2020-07-23,28.259754180908203,28.367351360339477,27.66796676223294,27.737136796410653,5988200
2020-07-24,28.37504005432129,28.805431771159814,28.267442858062587,28.367355796790118,7385800
2020-07-27,27.790943145751953,28.14447767168178,27.352867117577148,28.129106222927778,6452300
2020-07-28,27.91390037536621,28.0599246810373,27.606477389760585,27.660278904274012,7658800
2020-07-29,28.982192993164062,29.074421655205644,27.67564959893936,27.875475434893016,6527700
2020-07-30,28.36734390258789,28.467256799422735,27.683330928769884,28.17520529502991,6202100
2020-07-31,28.313547134399414,28.336602830601326,27.72944702013046,28.167522838782844,7707300
2020-08-03,28.28281593322754,28.505697527911575,27.952337136090215,28.275131675253967,4683700
2020-08-04,27.844730377197266,28.244379086150982,27.790931794434538,28.15215336310101,4098900
2020-08-05,28.32893180847168,28.398101861189975,28.03688014901621,28.0522515975985,4585300
2020-08-06,28.275123596191406,28.551803713046166,28.082984951909275,28.15983923690091,3227200
2020-08-07,28.79005241394043,28.797739601163187,27.744817768666717,27.94464359121764,7818900
2020-08-10,28.797740936279297,29.19738966810669,28.62097373539848,28.997563836291473,7739300
2020-08-11,29.412586212158203,30.24262369282482,29.251190442556812,29.54323909274887,7527000
2020-08-12,29.059049606323242,30.0965971123558,28.74394234708496,30.058169969873674,4864100
2020-08-13,28.72088623046875,29.051364961991624,28.490320423588518,28.782372009265238,4084600
2020-08-14,29.035991668701172,29.174331730382477,28.328922848377253,28.44420427857627,3971800
2020-08-17,28.38271713256836,28.913018667415542,28.321231367007872,28.874591529841574,5522600
2020-08-18,27.921594619750977,28.459580582833816,27.87548028071376,28.359670579291926,4335500
2020-08-19,27.790943145751953,28.359675022433738,27.698717385032012,27.929283252733896,4218700
2020-08-20,27.368227005004883,27.621848472796877,27.16840118742056,27.468139913797042,4373400
2020-08-21,27.060806274414062,27.46045501102408,26.922466214364324,27.360542093920806,5999700
2020-08-24,28.244380950927734,28.252065206771373,27.153034849341033,27.2068334356557,5276300
2020-08-25,28.136781692504883,28.751624727524625,27.975385945525236,28.528743211141578,4890800
2020-08-26,27.83704948425293,28.190583908483074,27.813990851853063,28.029188140700168,4649000
2020-08-27,28.390409469604492,28.651718184021146,27.813993446491597,27.837052081042497,5600600
2020-08-28,28.590234756469727,28.70551619968649,28.182898781387532,28.70551619968649,4666600
2020-08-31,27.97539710998535,28.482643182784454,27.852428453906903,28.413473130502577,6037300
2020-09-01,28.198265075683594,28.359663757588823,27.629536356712677,27.790932106815,5984200
2020-09-02,28.90534782409668,29.028316480469858,28.05993574620254,28.159848695694507,8346100
2020-09-03,28.79005241394043,29.927512783266856,28.64402810654007,29.182016871819528,9892300
2020-09-04,29.443330764770508,29.78149376758547,28.851543310991755,29.451015021555733,8406900
2020-09-08,28.221323013305664,29.166644724463406,27.998441498077465,28.90533606945862,9781700
2020-09-09,28.075298309326172,28.498005680394897,27.99844402284264,28.444204161692706,5718900
2020-09-10,27.49888038635254,28.57485791050861,27.468140433053165,28.236694969792392,7381700
2020-09-11,28.190589904785156,28.244388505489397,27.398979410019418,27.51426086932686,6330300
2020-09-14,29.10515785217285,29.38952512570717,28.382717683626772,28.45188770532394,5797000
2020-09-15,28.682456970214844,29.266560098509483,28.521061210476756,29.120532850534282,7353500
2020-09-16,29.328039169311523,29.75843073840009,28.567168935562627,28.682453281580027,5697300
2020-09-17,29.120532989501953,29.320358825010118,28.782370024846035,28.959137228993658,6422600
2020-09-18,28.913015365600586,29.243493988241458,28.736248207504687,28.859216792780195,7800000
2020-09-21,27.790943145751953,28.57486944138162,27.375922824806114,28.190592017943786,8109100
2020-09-22,27.352861404418945,27.97539175581056,27.145351287288406,27.867791637006846,7230500
2020-09-23,26.515132904052734,27.844731970323654,26.507448648276785,27.521940455278905,6665800
2020-09-24,26.691904067993164,27.14535145297874,26.26151238556167,26.653476919801875,6961400
2020-09-25,27.022380828857422,27.076179418722408,26.292253339799867,26.438280596693335,4565600
2020-09-28,27.74481964111328,28.02149976374694,27.414340931501197,27.57573962423957,5622700
2020-09-29,27.449331283569336,27.667061712150613,26.998323973685505,27.604852170751904,5202800
2020-09-30,27.87700843811035,28.125840643758757,27.48043303733129,27.565969664206783,9457500
2020-10-01,27.9936580657959,28.06364232961298,27.558200094676874,28.01698516496334,4618100
2020-10-02,28.5924072265625,28.732375732475447,27.41045260236113,27.503763950864997,5406100
2020-10-05,29.338909149169922,29.486652391022915,28.856796969052166,29.02009259946571,5471700
2020-10-06,29.097843170166016,30.17093394033081,28.98120473912864,29.665494806540938,6061100
2020-10-07,30.163169860839844,30.373122670270437,29.541089110479763,29.58774331280989,7673000
2020-10-08,30.71526336669922,30.839679504721868,30.163166939618385,30.326462564589104,6988400
2020-10-09,30.45864486694336,30.9174298033533,29.999862896847304,30.870775618632415,6504700
2020-10-12,30.90966796875,31.08074129415008,30.163171039156193,30.349793788397086,7249500
2020-10-13,29.875444412231445,30.862998547777845,29.797685458631925,30.71525534941318,6460000
2020-10-14,29.74325180053711,30.723028201729687,29.71992470912964,29.89099498997401,7761200
2020-10-15,30.435331344604492,30.59862699656302,29.59552301573551,29.70438678370786,6006800
2020-10-16,30.435331344604492,30.870789382809097,30.038755766088762,30.520868009815683,5679000
2020-10-19,30.303131103515625,30.870779836925,30.217594464754136,30.59861753483714,6117200
2020-10-20,30.489761352539062,30.97187653291638,30.443107149887403,30.567523300816866,5666300
2020-10-21,30.186487197875977,30.60639268091442,30.15538242884038,30.334230401324003,4911800
2020-10-22,31.47731590270996,31.53174778344099,30.147617731169,30.147617731169,6366100
2020-10-23,31.617279052734375,31.90499079701661,31.158494017428612,31.7883523437579,5760500
2020-10-26,31.072946548461914,31.314004014000357,30.621939346925437,31.24401977989652,6300100
2020-10-27,29.867673873901367,30.894107629571256,29.852121487747052,30.81634866511404,6944000
2020-10-28,29.004533767700195,29.57218247564338,28.91122242338034,29.30002315207958,8437800
2020-10-29,29.603286743164062,29.805464779790423,28.43688457687292,28.880117162758424,6634200
2020-10-30,30.28758430480957,30.295359015988307,29.36223645985356,29.541087446427703,6210100
2020-11-02,30.901887893676758,31.197374356411103,30.147613416754943,30.67638272502586,5915600
2020-11-03,31.7416934967041,31.951646260995545,31.415102285349207,31.523966022467505,6210400
2020-11-04,30.32645606994629,31.321784960970174,29.9143282571906,30.855225284881246,7494700
2020-11-05,31.461753845214844,31.609500018639928,30.295351674288117,30.295351674288117,5535900
2020-11-06,30.45864486694336,31.827224967490988,30.248695103071622,31.741688340417525,6210300
2020-11-09,34.33888626098633,34.984297007623084,33.040293023268525,33.41354143230684,16088500
2020-11-10,34.32333755493164,34.595499921724254,33.61572014737483,34.595499921724254,8062400
2020-11-11,34.02006912231445,34.33111094081575,33.28912470504542,34.23779661547659,7680500
2020-11-12,33.28912353515625,33.592387666064276,32.760354242075515,33.405761988259215,8025000
2020-11-13,33.677913665771484,33.895641082457665,33.45240857488161,33.63125651949006,5968700
2020-11-16,34.43218994140625,35.02316868196568,34.05894161562272,34.72767931168597,7642100
2020-11-17,34.23780059814453,34.47885818383948,33.623497532934124,33.89565693104538,7384500
2020-11-18,33.639034271240234,34.80543633699676,33.607932470551916,34.42441332331872,7324800
2020-11-19,33.623497009277344,33.677928888051866,32.923654330297886,33.42131891698776,7476300
2020-11-20,33.1724739074707,33.56904929599453,32.98584827584469,33.47573796333842,5242500
2020-11-23,33.5068473815918,33.724574843455564,33.29689462923137,33.64681588316542,5943400
2020-11-24,35.3031120300293,35.32643912762153,34.1522591102367,34.245573433234725,8718100
2020-11-25,34.74323272705078,34.91430599381257,34.50217521173319,34.91430599381257,5407800
2020-11-27,34.377769470214844,34.78990037662207,34.25335332039558,34.75879559758851,2871800
2020-11-30,33.60015869140625,34.66547483739432,33.491294960590345,34.43996969995327,14916400
2020-12-01,34.408870697021484,34.64992826017334,34.22224500840155,34.45552786075514,6850700
2020-12-02,34.74323272705078,34.859874130081835,34.18335873860429,34.362206714621564,5822700
2020-12-03,34.9687385559082,35.26422497454362,34.55660776559811,34.80543999514065,6192000
2020-12-04,35.27977752685547,35.481955568263174,35.02317058668621,35.295329912064844,6634900
2020-12-07,34.8365478515625,35.023173523409554,34.5177313438227,34.890979721202385,7054500
2020-12-08,34.97651290893555,35.00761767888997,34.33110524710895,34.40886420568088,5289500
2020-12-09,35.65302658081055,35.88630939726871,35.17869217092071,35.2875559032336,9415200
2020-12-10,35.86297607421875,35.979617471839695,35.26422263463822,35.41196880046662,7318300
2020-12-11,35.6452522277832,35.74634125150536,35.240899099208825,35.435299470659146,5266800
2020-12-14,34.84432601928711,36.34509722638091,34.75878937541423,36.1584715519024,5518000
2020-12-15,35.13981246948242,35.20202201641556,34.603268475599144,35.09315827559703,5787400
2020-12-16,35.26422882080078,35.37309552862459,34.99206946702748,35.17869514269666,5711600
2020-12-17,35.20979309082031,35.41197113116142,34.836544746706906,35.41197113116142,6017900
2020-12-18,34.88320541381836,35.295333279082364,34.57994128909093,35.13981237846678,14375000
2020-12-21,35.248680114746094,35.38087095602554,34.377764232389765,35.05427972487782,10715700
2020-12-22,35.45085144042969,35.78522031270662,35.17869211011787,35.45862615001821,8468900
2020-12-23,36.33730697631836,36.51615491238778,35.64524232091084,35.738553642705014,6693000
2020-12-24,36.150699615478516,36.33732233796182,35.785225915002904,36.298442851304024,1980900
2020-12-28,36.282894134521484,36.741679242659146,36.18958276383849,36.438415063203145,4330800
2020-12-29,35.870765686035156,36.430636868506056,35.83966090747707,36.40730976774496,4083400
2020-12-30,36.21604919433594,36.31806407557649,35.95708143371743,36.012013444714675,3157400
2020-12-31,36.561336517333984,36.61626852828477,36.004167267078856,36.200353875780245,3778500
2021-01-04,36.1925048828125,36.80460914008781,35.78443637581899,36.63981011299248,6738800
2021-01-05,36.310211181640625,36.57702503986666,35.75304203444111,36.18465189503835,5334600
2021-01-06,38.460426330566406,38.946971337224575,36.90662855181241,37.2990018189797,12378300
2021-01-07,39.22947311401367,39.96713363842958,38.892031928886105,38.96265922329815,7778600
2021-01-08,38.70368957519531,39.41780863086533,38.30347025559618,39.26870790269501,6574400
2021-01-11,38.71939468383789,38.805717282834514,38.06805361400554,38.28778468242527,5631500
2021-01-12,38.96266555786133,39.31579909376424,38.81356180454462,39.11176631760766,5901900
2021-01-13,38.85279846191406,39.143156826500274,38.57029223241157,38.7664788602599,5536300
2021-01-14,38.672298431396484,39.07252073865109,38.66445228521704,38.931266158863544,6949400
2021-01-15,37.981719970703125,38.30346581577528,37.68351555535814,38.07588868318124,8547300
2021-01-19,37.72275924682617,38.193605889876395,37.691368672337504,37.95033642151409,12398000
2021-01-20,35.76874542236328,37.23622047825732,35.462691785466696,36.88308396919987,12256200
2021-01-21,35.83937454223633,36.16112351090649,35.462696546527376,35.85506983292053,12365900
2021-01-22,35.98847579956055,36.25528973546125,35.54117052372268,35.596102540504845,9036800
2021-01-25,35.90999221801758,36.137569381518134,35.242959007558476,35.753045340429416,9576900
2021-01-26,35.46268844604492,36.24743483957734,35.45484229928036,36.21604725894918,7909200
2021-01-27,33.59499740600586,35.11740447774693,33.53221625159004,34.999691310002376,11801800
2021-01-28,34.34834671020508,34.60731143858022,33.53220982074046,34.25417799021135,8597200
2021-01-29,33.62638473510742,34.528844364797244,33.602843299164796,34.30911631314554,7339300
2021-02-01,33.54792022705078,34.01092088326052,33.32819211683971,33.95598885570775,6666900
2021-02-02,34.72502136230469,34.93690320781148,33.971665685104554,33.971665685104554,6487400
2021-02-03,35.101707458496094,35.18803004477671,34.52099677663206,34.536689070892116,5850300
2021-02-04,36.34161376953125,36.37300135638427,35.10956192682734,35.29789942222753,6633800
2021-02-05,36.37299728393555,36.79676109149566,36.200355098076756,36.76537051458672,4146600
2021-02-08,37.19698715209961,37.22837473855117,36.44362819942308,36.4593234894341,5986200
2021-02-09,37.36177444458008,37.550111893401464,36.85168811634675,37.07141913139807,4940300
2021-02-10,37.15774917602539,37.59720833626908,37.12636158809918,37.57366689693177,5625500
2021-02-11,37.07926940917969,37.369624754713314,36.76536963474271,37.087115556434064,4413300
2021-02-12,37.38531494140625,37.809078681000756,36.93800976969084,36.977246487748914,4141600
2021-02-16,38.17790985107422,38.421179295572585,37.675669689233494,37.88755155589216,5603600
2021-02-17,38.6879997253418,38.75862702620357,37.78554309607488,38.052357011156005,6928600
2021-02-18,38.49966812133789,38.84495553731751,37.942495776901076,38.358413498080175,7617300
2021-02-19,39.25301742553711,39.37072759580741,38.664457593475305,38.71154345772549,5374200
2021-02-22,39.9749755859375,40.124079299350264,39.080365279739226,39.080365279739226,7017900
2021-02-23,40.50075149536133,41.35612496538244,40.21824238694053,40.681242760503686,9904100
2021-02-24,41.44245910644531,41.622950422025,40.44583080371142,40.547845681928194,6814400
2021-02-25,40.516456604003906,42.015322076217075,40.477219883556735,41.98393150243138,6254500
2021-02-26,39.23731994628906,40.281034093773926,39.11960678902222,40.249643519360106,9499600
2021-03-01,40.14762878417969,40.45367942468715,39.92790073326565,40.037764758722666,8921300
2021-03-02,39.74740219116211,40.34380807547692,39.708162480419205,40.17116292763095,7360600
2021-03-03,40.14762878417969,40.948070532813915,39.794492278374854,39.951442169129244,7442800
2021-03-04,40.037757873535156,40.43797718224252,39.26870683401752,40.100536022899014,10901400
2021-03-05,41.1756477355957,41.34828992125793,39.551222802034964,40.60278317872565,10621000
2021-03-08,42.41554260253906,42.68235650005107,41.22272770740123,41.5915594757893,9847600
2021-03-09,41.51308059692383,42.25074104353985,41.17563944738565,41.48953617222308,8899100
2021-03-10,42.20365524291992,42.50970582230387,41.48953622650085,41.65433522534339,8455100
2021-03-11,41.8662223815918,42.4155455014926,41.51308886997073,41.858376234174294,6141300
2021-03-12,42.87854766845703,42.941328824473885,42.37631039460335,42.52541114978795,5415500
2021-03-15,42.36061096191406,42.96486605840218,41.834832302770494,42.87854347410816,6228000
2021-03-16,42.250755310058594,42.25860145856181,41.434618161476685,42.04672251969841,9928300
2021-03-17,42.76082992553711,42.9177768006698,42.14872573695453,42.619575343061875,7768700
2021-03-18,44.15768051147461,44.74624031446349,43.106120210391666,43.16105221918503,11182900
2021-03-19,43.32584762573242,43.906561273544376,43.04333844536823,43.788848117202654,28076700
2021-03-22,42.56465530395508,43.16106138040414,42.25075547830571,43.16106138040414,6976700
2021-03-23,42.04671859741211,42.80792066118116,41.70142822406875,42.125192049406344,10640100
2021-03-24,41.960391998291016,42.86284858435213,41.960391998291016,42.27428876987183,6880700
2021-03-25,43.07473373413086,43.106124311733716,41.85053114332171,41.96824131897707,8728200
2021-03-26,44.11058807373047,44.18121535930312,43.404318211573504,43.57696035908591,9628300
2021-03-29,43.631900787353516,44.02427400664112,42.99625808799246,43.60051320492378,11780100
2021-03-30,44.177494049072266,44.40680340946001,43.703063593967855,44.01144369142125,6624000
2021-03-31,43.734683990478516,44.31981456220216,43.71886924308671,43.94026967386272,6752700
2021-04-01,44.1458740234375,44.15377989175873,43.42631633562095,43.592369733924,6219400
2021-04-05,44.57286071777344,44.87333499491814,44.39099558107831,44.62821084562171,4769200
2021-04-06,44.462158203125,44.60448795789096,44.05889257552518,44.35145795305272,4513200
2021-04-07,44.9207763671875,44.968217607233555,44.477972356505845,44.67565223364587,5068800
2021-04-08,44.89704895019531,45.118452445070346,44.224938631057356,44.77053396013327,6361400
2021-04-09,45.30032730102539,45.42684231830685,44.88124385549136,45.33195680943474,5990100
2021-04-12,45.60869216918945,45.703577646235345,45.316126855424244,45.545433173588904,5185600
2021-04-13,44.7784423828125,45.30822295563328,44.738907014391664,45.244966969431,6099300
2021-04-14,45.529624938964844,45.72730479087138,44.47006081209158,44.69146128099325,6508900
2021-04-15,44.541236877441406,45.2212532052229,43.11793917280221,44.94450254951857,13346400
2021-04-16,45.75102615356445,46.22545659933085,44.71518262680307,44.99984210080499,7934200
2021-04-19,45.64031982421875,46.01986473343276,45.490081223910934,45.71148468321855,6586600
2021-04-20,44.45424270629883,45.28449741836257,44.406798459534784,45.11053819658267,10679900
2021-04-21,45.063106536865234,45.14217728191042,43.82958300621353,44.20122214390817,6051500
2021-04-22,44.406803131103516,44.9919368373294,44.406803131103516,44.75471859490889,6050400
2021-04-23,45.25288009643555,45.59288974884153,44.34355441145329,44.44634578256711,6229600
2021-04-26,45.6956787109375,46.07522369304417,45.371483850199176,45.50590471170647,5588600
2021-04-27,46.1147575378418,46.170107657379404,45.72730670107854,46.01196316597683,5627500
2021-04-28,46.628726959228516,46.80268318720947,46.23336723399539,46.257087852275674,5281900
2021-04-29,47.46688461303711,47.545958362843976,46.8738450630837,46.96082467969369,6111800
2021-04-30,46.929203033447266,47.34037755218828,46.71571141412839,47.09525642765342,6581800
2021-05-03,46.881752014160156,47.47479153967333,46.8343077662313,47.15059671971366,4870200
2021-05-04,47.91761016845703,47.96505443392444,46.51013013950784,46.652459919553955,7908000
2021-05-05,47.751548767089844,48.218073379503075,47.387818531338624,47.90178739829327,6789200
2021-05-06,48.58180618286133,48.613435687560596,47.71992178611764,48.036210800399125,5512900
2021-05-07,48.52644729614258,48.55807679513099,47.58549232390005,47.704101436929086,6158800
2021-05-10,48.36830520629883,49.238098373306066,48.31295508851308,48.86645928272583,7013500
2021-05-11,47.56178665161133,48.68460707129159,47.48271287929554,48.0678467290084,6943500
2021-05-12,47.095252990722656,48.46319731975,47.016179233453336,48.27342331865905,9206700
2021-05-13,48.312957763671875,48.70831749337903,46.897572223750345,46.93710759344999,5329700
2021-05-14,48.953433990478516,49.09576371232323,48.439465215333165,48.510630076255524,4087700
2021-05-17,49.1906623840332,49.35671276527857,48.59762272270916,48.67669648736578,4151300
2021-05-18,48.11528396606445,49.3962518236191,48.083657476129915,49.166942427548186,5832200
2021-05-19,47.49851989746094,47.68829390375349,46.75524465688906,47.60131427655088,8055000
2021-05-20,47.150604248046875,47.5854993662567,46.73942974941135,47.42735486426526,6338800
2021-05-21,47.7357292175293,48.091553549936464,47.16641330203295,47.285019401931926,5347800
2021-05-24,47.77526092529297,47.98875550838678,47.55386047602008,47.90177891499736,3504600
2021-05-25,47.166419982910156,48.31296085944405,47.095255106348596,47.862250980005975,5028200
2021-05-26,47.22967529296875,47.32456078822835,46.57337967758624,47.2454900449046,7436100
2021-05-27,48.028297424316406,48.43156298894649,47.65665834308596,47.84642930890419,12453000
2021-05-28,48.0599250793457,48.202254815356724,47.632938887667834,48.05201921239184,6127000
2021-06-01,48.225975036621094,48.8348262887094,48.028295196854636,48.63714644894294,4967000
2021-06-02,47.972938537597656,48.47900142391001,47.80688820833433,48.22597148893121,5573300
2021-06-03,47.9492301940918,48.455290193550994,47.680385442334654,47.83062407841853,4631500
2021-06-04,48.05201721191406,48.05992307853879,47.538048407009875,47.98875821349598,4581600
2021-06-07,47.87016296386719,48.194357863338105,47.78318332950938,48.178543110149796,4520800
2021-06-08,47.67247772216797,47.90178709312413,47.03990274742289,47.609218716515755,5617400
2021-06-09,46.850128173828125,47.332467528783134,46.81059280395673,47.2771174076921,6549800
2021-06-10,46.344058990478516,47.625023421154864,46.33615010826271,47.53804381490963,4873800
2021-06-11,46.76314926147461,46.834314134867554,46.320348286012226,46.478489767902836,5659300
2021-06-14,45.988243103027344,46.74733305129489,45.679863000065865,46.620818059916964,5035400
2021-06-15,46.264984130859375,46.48638758222421,45.81427437881462,45.964512973732674,5807800
2021-06-16,46.209659576416016,46.581298811863654,45.33986908671395,45.93290887960801,8635300
2021-06-17,44.05889129638672,46.62082077508362,43.90865266163135,46.56547065165444,8333100
2021-06-18,43.28397750854492,43.671428291597756,42.746288122126614,43.30769812324269,19017200
2021-06-21,44.26447677612305,44.375177022325964,43.53701629172932,43.53701629172932,5680700
2021-06-22,44.232845306396484,44.47796942377544,43.766320706452895,44.47006355640757,4183300
2021-06-23,44.3909912109375,44.69146545850154,44.09842584734789,44.29610571773244,5655900
2021-06-24,44.97612380981445,45.18170954258576,44.288195706608306,44.509599206925905,5761900
2021-06-25,45.743125915527344,45.83801443569846,44.92868572370446,45.331954393542276,4931100
2021-06-28,45.49799346923828,45.67985856315719,45.039374784817106,45.592878949466616,5143200
2021-06-29,45.131595611572266,46.031679469393715,44.9643242775669,45.54579346615793,6974000
2021-06-30,45.37851333618164,45.57764670621785,44.98821059395568,45.10769183139104,4664100
2021-07-01,45.86439895629883,45.880326951891384,45.402408082228916,45.68119358310968,3660400
2021-07-02,45.8564338684082,45.99184614497115,45.54578628607478,45.888295938015276,3520900
2021-07-06,44.61384201049805,45.66526907337753,44.311161454589254,45.48206368620339,5008700
2021-07-07,44.5979118347168,44.98821154667407,44.17574701509665,44.34301832022119,5125700
2021-07-08,43.84120178222656,44.319120636431194,43.54648221821753,43.90492287813799,5977700
2021-07-09,45.37851333618164,45.434270436709056,44.48639365067489,44.6695990250182,4437300
2021-07-12,45.86439895629883,45.999808188574036,44.605874607102095,44.97227927641226,5403100
2021-07-13,45.33869552612305,45.87237467080796,45.03601491600877,45.72103436575082,4387500
2021-07-14,45.39445114135742,45.74492483102485,44.789083904572855,45.40241514039177,6398100
2021-07-15,46.852108001708984,47.576953485450844,44.900599995162544,45.1077004411086,10314800
2021-07-16,45.53782272338867,47.011411650523456,45.442239545809834,46.9556545437246,5779400
2021-07-19,43.419036865234375,44.868730534433276,43.17211344129074,44.49435884195878,8560800
2021-07-20,44.67756652832031,45.235140615876446,43.25973779474888,43.490730212828915,6271100
2021-07-21,45.56172180175781,45.808645269161396,44.996183684017,45.05990479096374,5544800
2021-07-22,44.45454025268555,45.593583516680376,44.319127963867864,45.553754406799925,4042900
2021-07-23,44.38285446166992,45.171421047140875,44.247442165673775,44.844842383136154,3570500
2021-07-26,44.7492561340332,44.93245849021574,44.223544100216316,44.35895334840298,3721700
2021-07-27,44.72536849975586,44.89263984761721,43.889005683379224,44.20762037900222,4332400
2021-07-28,44.63773727416992,45.09972511590332,44.18371343033963,45.00414194839539,4063600
2021-07-29,44.956356048583984,45.235144636408144,44.46250605904194,45.05194226994149,7566000
2021-07-30,44.23946762084961,45.05193208755207,43.912889034692796,44.67756040151843,6478400
2021-08-02,43.912899017333984,45.25903973194075,43.896967980420136,44.50233219047332,4741300
2021-08-03,44.51826477050781,44.62181499476984,43.29160223243363,44.231512173188165,5102700
2021-08-04,43.85712814331055,44.398771074254086,43.71375189461763,44.08015651304013,4101400
2021-08-05,44.45454025268555,44.57401846672347,44.09609953350282,44.239475821175915,3774500
2021-08-06,45.40242004394531,45.80068688643606,44.900602971617204,45.051946316426005,4756100
2021-08-09,45.43428039550781,45.84051122246893,44.9324633422331,45.32276617001004,3672300
2021-08-10,45.93608093261719,46.10335526032036,45.274959773195384,45.31478583654039,3759600
2021-08-11,46.828208923339844,46.86007099512533,45.76085382680131,46.11929453805202,5462200
2021-08-12,46.8759880065918,46.99546922851846,46.41400022811168,46.78040485217069,3758200
2021-08-13,46.37418746948242,47.130891963634056,46.26267325091417,47.01141374596859,3630500
2021-08-16,45.8564338684082,46.1511504159381,45.3705479417701,46.031672212712884,3219600
2021-08-17,45.211246490478516,45.81661373731598,44.70146546484776,45.47410404099508,3474500
2021-08-18,44.645713806152344,45.43428351544887,44.605887728387565,44.940430427853684,4656800
2021-08-19,44.08017349243164,44.59792159420405,43.66597561872067,44.207618758301564,5568800
2021-08-20,44.35098648071289,44.43063861701908,43.80934344593496,43.96865075708156,3650900
2021-08-23,44.74128341674805,44.98820988557714,44.55011708610246,44.57401211779965,3674900
2021-08-24,45.251075744628906,45.33072789068445,44.717396642746046,44.86077293647371,3210400
2021-08-25,45.91219711303711,46.32639495773735,45.30683290218883,45.46614023300194,3983400
2021-08-26,45.59357833862305,46.17504742213343,45.51392316644305,46.09539224995344,3340500
2021-08-27,46.437904357910156,46.49366146212746,45.60950875448968,45.74492103511336,4432400
2021-08-30,45.46614074707031,46.54145992478145,45.37055452438093,46.37418859287698,4848600
2021-08-31,45.71306610107422,46.06354285490854,45.32276631062114,45.577656837845325,6869000
2021-09-01,44.74128341674805,45.88829355475774,44.69349335335367,45.88829355475774,6533600
2021-09-02,44.956356048583984,45.21124656180147,44.62977738861568,44.80501575590317,5307500
2021-09-03,44.72536849975586,45.04398015684393,44.45454692003679,44.99619007947493,3921800
2021-09-07,44.47047424316406,45.362591062423206,44.39081905664604,44.82891194762381,4879100
2021-09-08,44.08017349243164,44.5103024041932,43.89697111265205,44.311168986363015,3501700
2021-09-09,44.462501525878906,44.97228250033928,43.960684549785725,44.05627076139776,4810100
2021-09-10,44.167781829833984,44.89262717109038,44.14388375936276,44.75721490020034,3856300
2021-09-13,45.0360107421875,45.05194177890678,44.47047261205859,44.55808875621279,5448400
2021-09-14,44.5341911315918,45.370550760261054,44.17575042258086,45.20327944223408,5432200
2021-09-15,46.039642333984375,46.17505462855675,44.71739665477822,44.78908480166134,7194300
2021-09-16,45.48206329345703,46.469766206436624,45.259034877653434,46.198944685017565,6056000
2021-09-17,45.41037368774414,45.800676441329635,45.290895485365525,45.29885948344376,10014300
2021-09-20,44.35098648071289,44.43063861701908,43.48276482542481,44.15981709963011,8945100
2021-09-21,45.48206329345703,45.768815850081246,44.51029445421687,44.70146079961016,10332300
2021-09-22,46.135215759277344,46.931749205716805,45.98387549832607,46.10335673070558,8715700
2021-09-23,47.226470947265625,47.49729245308976,46.58924476842473,46.66889690132955,8216800
2021-09-24,47.62474822998047,48.04691009717749,47.210550362423014,47.31410058894607,4770700
2021-09-27,48.66819763183594,48.8514030182644,48.14248562180309,48.17434769235885,5388200
2021-09-28,48.126548767089844,49.11425156514584,48.038932641457436,48.83546607782927,7223100
2021-09-29,48.36735153198242,48.68841052558351,47.86168775055212,48.15866532943356,4934700
2021-09-30,47.70918273925781,48.68840990152913,47.66102603412673,48.65630339021144,5648600
2021-10-01,48.768672943115234,49.05762542024747,47.837605551158845,47.95800343724575,6334000
2021-10-04,48.58406448364258,49.45092190410497,48.44761640552094,48.60814589766346,5305300
2021-10-05,49.19407272338867,49.507103528574746,48.55195785866787,48.90512026880301,5365100
2021-10-06,49.322505950927734,49.362637564220535,48.30314705169225,48.91315553454199,5037100
2021-10-07,49.667633056640625,50.18935004515666,49.450918715498815,49.771974617236715,5104900
2021-10-08,50.02882766723633,50.26159221970258,49.483029222154975,49.70776867771361,4554500
2021-10-11,49.643558502197266,50.566600853628735,49.627508307461525,50.39001809307943,3713300
2021-10-12,49.49104309082031,49.87631195373273,49.1057742279079,49.515121437925856,4108300
2021-10-13,49.33051681518555,49.474993030829616,48.31115821007239,49.346570068239885,5000800
2021-10-14,48.22287368774414,48.42353477387122,47.0349573634481,48.15866067049779,8490700
2021-10-15,48.3432731628418,48.68841050920091,47.38009924420812,48.35130132169414,9158100
2021-10-18,48.62419891357422,48.91314832379313,48.02221561738874,48.02221561738874,5212200
2021-10-19,49.24223709106445,49.25829034791244,48.68038841061333,48.856968112249824,3506800
2021-10-20,50.229496002197266,50.23752110026033,48.78473340317566,49.105792438923984,4806200
2021-10-21,49.90842819213867,50.39804175774616,49.587369212835135,50.22145901294468,4699000
2021-10-22,50.35791015625,50.4140950183574,49.67566059061741,49.980666314804274,5251100
2021-10-25,50.181331634521484,50.57462570237162,50.060933741675996,50.44620271219771,3043600
2021-10-26,50.11711883544922,50.34988646302018,49.82014124342336,50.23751672883988,3825600
2021-10-27,48.383399963378906,49.87631892962276,48.29510859585016,49.83618732488565,7255000
2021-10-28,48.905120849609375,48.93722735868801,48.35129734630634,48.63222164613138,3979100
2021-10-29,48.45564270019531,49.12183903741029,48.31919461870047,48.98538789406998,4008400
2021-11-01,48.78472137451172,49.025517122873815,48.40748062164502,48.90511924869277,2797500
2021-11-02,48.848941802978516,49.049602915832125,48.39143471061993,48.824863449226676,3588300
2021-11-03,49.62750244140625,49.97263670065029,48.559983968770695,48.62419698750603,4187500
2021-11-04,48.383399963378906,49.38670539103255,47.96602453805357,49.33854869008609,4260300
2021-11-05,48.712493896484375,49.14592266394105,48.503807672438086,48.89710176517611,3907500
2021-11-08,48.712493896484375,49.065659438195354,48.367356514455444,48.89710176517611,3563800
2021-11-09,48.21485137939453,48.51182896557713,47.82958241470872,48.24695789191307,4042900
2021-11-10,48.55195999145508,48.87301590699621,48.271032620780595,48.37537724770799,3580100
2021-11-11,48.78472137451172,49.04959547297197,48.49576892595331,48.551956845924224,2893700
2021-11-12,48.55998229980469,48.80880314608447,48.12655362377351,48.7365650334126,3686000
2021-11-15,48.52788543701172,48.81683794513178,48.43959405265883,48.76867817316318,3190100
2021-11-16,48.5760383605957,48.945254041431284,48.06234644606876,48.632223222381754,3910500
2021-11-17,47.61286544799805,48.53590773050572,47.596812192615396,48.463669612206466,4177300
2021-11-18,47.07509231567383,47.677075577706255,46.85837797392073,47.677075577706255,3947000
2021-11-19,46.22428894042969,46.737980842329755,45.89520487440963,46.71390249125483,4302300
2021-11-22,47.339969635009766,47.99011274646322,46.802199319317076,46.92259415057805,5534300
2021-11-23,48.21485137939453,48.36735272108926,47.62089620702932,47.74129103620551,4686500
2021-11-24,48.03023910522461,48.6402474777134,47.773393152403514,48.11853047560285,2862800
2021-11-26,46.15205764770508,46.44101015069907,45.389544778547766,46.42495689366099,4654300
2021-11-29,46.07179260253906,46.705879390317996,45.59020409597734,46.07179260253906,4965300
2021-11-30,44.41835021972656,45.566132189268956,44.36216534528849,45.54205383218007,10030800
2021-12-01,44.02505111694336,45.80692294812025,44.0009727609045,45.41362884420474,6293100
2021-12-02,45.42967224121094,45.814944251247205,44.185574021915336,44.6109776399588,5410900
2021-12-03,44.61899948120117,45.60625166300145,44.322021929402354,45.445722180840264,6285700
2021-12-06,45.654415130615234,46.19218541836806,45.24506476479714,45.54204540253825,6425500
2021-12-07,46.3045539855957,46.53732159468854,45.75073045602396,45.967444809816044,8751700
2021-12-08,45.78282928466797,46.4971821855397,45.7346695268465,46.296521120717536,4190900
2021-12-09,45.919281005859375,46.296524817639494,45.277166159522544,45.61427836750257,5617000
2021-12-10,46.368770599365234,46.52127194376983,45.88718208856622,46.457061979437334,4034800
2021-12-13,45.606258392333984,46.35271799195731,45.469810302563054,46.26442661064876,4763100
2021-12-14,45.99955368041992,46.457060763504884,45.59823146284746,45.694547937748105,4585600
2021-12-15,45.54204177856445,46.27244801478876,45.285192769597195,46.12797178680195,6417600
2021-12-16,46.095863342285156,46.68981842187148,45.790857644693624,46.16810145324512,7989200
2021-12-17,44.73136520385742,45.89520001824245,44.546757387510745,45.8069086578495,14924000
2021-12-20,44.04109573364258,44.22570357135912,43.214373012163016,44.105308752941525,6655900
2021-12-21,44.81966781616211,45.11664541598473,44.546768570911524,44.546768570911524,4620100
2021-12-22,45.00426483154297,45.02834318031143,44.49859807449053,44.731365652068874,4896000
2021-12-23,45.1968994140625,45.686509841050785,45.06847645484765,45.37347906932988,4679500
2021-12-27,45.54204177856445,45.56612012928052,44.907952007049616,45.212957717449,3709200
2021-12-28,45.55006790161133,45.82296710931065,45.13269246266852,45.293221948699646,3129000
2021-12-29,45.42967224121094,45.75073122895935,45.37348737763178,45.62230824622907,4269200
2021-12-30,45.437774658203125,45.84238528530401,45.40540506717087,45.470141162301275,4346700
2021-12-31,45.45394515991211,45.623883927465236,45.25163989624093,45.35683949769128,3282500
2022-01-03,46.34408950805664,46.44928910799935,45.38111757807843,45.38111757807843,5430900
2022-01-04,47.557926177978516,47.80878583956115,46.8619955123065,47.023840355684534,7552600
2022-01-05,47.307064056396484,47.97871904106205,47.258512766761314,47.897795080114314,6527200
2022-01-06,48.593719482421875,48.60990427253738,47.695483696076494,48.17292420021804,5783200
2022-01-07,49.36248779296875,49.500053900171864,48.29431617292804,48.472345805246015,7040100
2022-01-10,49.65380859375,50.171709618483035,49.16827406786258,50.171709618483035,7635500
2022-01-11,50.2688102722168,50.3254554982106,49.35439271721201,49.896569333705116,6316800
2022-01-12,50.5682258605957,50.649146732563175,50.15552138753476,50.446841465711096,5649600
2022-01-13,51.134674072265625,51.44217891777091,50.65723355698103,50.794802732707005,6612600
2022-01-14,51.18323516845703,51.207510813919775,50.03414267486168,50.398289704537056,7236700
2022-01-18,50.32545471191406,51.425995805912876,50.13933424556621,51.22369054854348,7624500
2022-01-19,46.425018310546875,48.172935938817105,46.360282221243295,47.1128581668671,13764600
2022-01-20,46.07704544067383,47.201865292342674,44.91176824085573,45.7857284559193,13476700
2022-01-21,44.588077545166016,45.9394782712878,44.56380190206999,45.84237261197044,13354000
2022-01-24,45.97184371948242,46.182239810239636,43.43898125747135,43.956882176504145,15290400
2022-01-25,46.45737838745117,46.772974089662085,44.984596385844775,45.72098738664798,8466200
2022-01-26,46.578758239746094,47.35560959831431,45.86664295092545,46.93481434068997,7507100
2022-01-27,46.48166275024414,47.53365273754886,46.10942175405552,47.17759344820864,7130000
2022-01-28,46.99956512451172,47.03193162392615,45.72099424616514,46.408830977926904,6843800
2022-01-31,47.08856964111328,47.17758444646382,45.89901685096781,46.53829910524922,9476100
2022-02-01,47.96253967285156,48.00300011443427,46.71633831572751,47.04811887579988,6341700
2022-02-02,48.367149353027344,48.512809409533105,47.53365254174838,47.7116790987514,7702200
2022-02-03,47.86543273925781,48.62609951662127,47.72786353716702,48.49662425479485,4809300
2022-02-04,48.31050109863281,48.74748124083477,47.7278609090302,47.9544418330163,5307300
2022-02-07,48.21339416503906,48.512805104874005,47.83305926380718,48.31859068445485,5853100
2022-02-08,48.21339416503906,48.95787608828994,47.744044449737295,48.715110377966106,11056100
2022-02-09,48.3509635925293,48.53708408613544,48.09201307212651,48.30240921235364,5928600
2022-02-10,47.91398239135742,48.74748225480582,47.75213754788651,48.286223370486965,6952800
2022-02-11,47.3798942565918,48.488526286825156,47.09666810953953,47.622659966484235,7330400
2022-02-14,46.829627990722656,47.63075830294817,46.33600258577837,47.339438189411624,7279600
2022-02-15,47.42844772338867,47.71167386500701,47.08048241400991,47.29897247480123,4244700
2022-02-16,47.420352935791016,47.81687261389795,46.96719111730693,46.96719111730693,3994100
2022-02-17,46.230796813964844,47.112847831632436,46.13368807091166,46.983372594494675,4721800
2022-02-18,46.206520080566406,46.73251499055812,46.04467834235353,46.077044837836134,6264900
2022-02-22,46.772972106933594,47.120937375885774,45.99612070566349,46.36836161623878,7458300
2022-02-23,45.842376708984375,47.18568361617235,45.6724379313247,47.15331403119588,8561100
2022-02-24,44.774208068847656,44.89558939015693,43.511821953468626,44.29676746305691,11719500
2022-02-25,46.400733947753906,46.48974875489431,45.13834803063527,45.13834803063527,10009500
2022-02-28,45.75335693359375,45.87473823369612,44.85512111294355,44.95222677041208,9501500
2022-03-01,43.58464431762695,45.429667242138,43.3337846919353,45.138347183124004,13167700
2022-03-02,45.502506256103516,45.73718113749218,44.15919923037139,44.15919923037139,9063200
2022-03-03,45.56723403930664,46.06895017754694,45.26782005710975,45.71289406120432,8283000
2022-03-04,44.70946502685547,44.74183461117786,43.956889169494,44.442420586595965,7772000
2022-03-07,42.96964645385742,44.47479844872456,42.96155559973766,44.39387755979078,10401800
2022-03-08,43.09101867675781,44.28866539818689,42.775422977541574,43.536089613779005,9850200
2022-03-09,44.11064147949219,44.93604738458754,43.85169097047406,44.52334597550664,7817800
2022-03-10,42.88062286376953,43.908330834417015,42.435548836796386,43.536089909069645,10672200
2022-03-11,42.60549545288086,43.8678784911131,42.57312586550727,43.16385694387329,7434500
2022-03-14,43.6574821472168,44.22393757592664,43.042472337668826,43.17194759963675,9175200
2022-03-15,44.02162551879883,44.24011248164841,43.26095577060668,44.11873117861345,7606400
2022-03-16,45.54295349121094,45.591507858881016,44.65281169245652,44.76610213008712,9093800
2022-03-17,45.842376708984375,45.858558414539075,44.5152515073511,44.919862058756316,6955700
2022-03-18,45.745269775390625,45.90711461978323,45.025063459123885,45.83428459415324,18475700
2022-03-21,45.44585418701172,46.052769976414616,45.033152808468415,45.453945039286424,8431200
2022-03-22,46.141788482666016,46.756795173613725,45.931389263467935,46.279354590890186,4754000
2022-03-23,45.195003509521484,46.06086996044314,45.15454306625984,45.77764377067772,6456400
2022-03-24,45.35683822631836,45.51868305010539,45.01696687460554,45.17071775938992,6459900
2022-03-25,46.22270584106445,46.27935106801347,45.3972999937502,45.55105396998326,4079600
2022-03-28,45.89092254638672,46.08513694623385,45.20308592550555,45.88283169457078,6882500
2022-03-29,46.02040100097656,46.87008249997082,45.74526571600445,46.69205596517713,6182800
2022-03-30,45.01694107055664,46.29777802872651,44.755878958834494,46.24882771573891,7908500
2022-03-31,43.360836029052734,45.15563761322011,43.352676085937425,44.88641862043758,9511300
2022-04-01,43.15687561035156,43.87479490917486,42.8060727909262,43.76058061673052,7514600
2022-04-04,42.961082458496094,43.37714930256312,42.35737426973506,42.8631849267344,5616800
2022-04-05,43.23845672607422,43.80953130525491,42.5776414557515,42.62659177240335,7370000
2022-04-06,43.2139892578125,43.45873465160002,42.87134321682475,42.96108392070503,8299100
2022-04-07,42.895809173583984,43.499514119337135,42.42263216713974,43.39345666752968,8656100
2022-04-08,42.6265983581543,42.91213413580648,41.72103758887655,42.59396480867788,9974800
2022-04-11,42.194210052490234,43.14871792828947,42.17789327955697,42.373688330543686,8520700
2022-04-12,41.4599723815918,42.553171312155364,41.2233838333706,41.84340877959812,7387600
2022-04-13,41.28866195678711,41.46814340160326,40.61152967833142,40.97049256796371,10788100
2022-04-14,43.00187301635742,43.52399733740138,41.957624374269486,42.36553438909839,10824100
2022-04-18,43.026344299316406,43.850321055876925,42.7244886857503,42.92028683746599,8468000
2022-04-19,43.140560150146484,43.50767975281432,42.765280605138166,43.31188159402276,7707000
2022-04-20,43.27925491333008,43.83401282043831,43.16504059929721,43.60558419237256,7978800
2022-04-21,42.94477462768555,43.95639304024541,42.73266274601224,43.72796126908908,6745000
2022-04-22,41.468135833740234,42.91213462531807,41.41102556545175,42.89582096250033,6300900
2022-04-25,41.47628402709961,41.58234148596646,40.350451688644455,41.190748305657266,8400700
2022-04-26,40.81547164916992,41.6639251554367,40.73389089791996,40.84810519451238,6488100
2022-04-27,40.497310638427734,40.88074709429569,40.236248446549446,40.61968490241741,7795500
2022-04-28,40.823631286621094,41.00310956045161,40.30150701346659,40.89705520704008,8219200
2022-04-29,39.61622619628906,41.02759463217233,39.50200876517887,40.89706353729604,8803500
2022-05-02,39.85279846191406,40.179127647036864,39.03697861121281,40.0241229957617,8139900
2022-05-03,40.358619689941406,40.66047224318881,39.94254971320226,40.30966936558781,5843000
2022-05-04,41.223384857177734,41.288651952972664,39.852806966548286,40.195452995258854,8092600
2022-05-05,40.17097854614258,40.74205006181434,39.59990391836446,40.70125968385298,6861000
2022-05-06,40.21177291870117,40.37493755886158,39.29805217864554,40.04045144698074,7779100
2022-05-09,40.334129333496094,40.9052038094305,39.66515735406323,39.71410766186522,9513400
2022-05-10,40.26887512207031,41.54155231212229,39.51831911450838,40.64415156979814,9607800
2022-05-11,39.534637451171875,40.91337527772704,39.477530298698674,40.30966709315926,7711400
2022-05-12,39.640682220458984,39.88542752577597,38.898286364137746,39.355146549606744,7743600
2022-05-13,39.64884567260742,40.015965247967955,39.240935724897035,39.93438450326825,5588900
2022-05-16,39.37962341308594,39.80385009647459,38.92276318971993,39.61621190976328,5956500
2022-05-17,40.505455017089844,40.56256215511147,39.909903814111814,40.12201870856838,5589800
2022-05-18,40.05675506591797,40.36676749327684,39.86911686602088,40.301503520841536,6481700
2022-05-19,40.17097854614258,40.529938229151455,39.49384644597984,39.54279676679729,7078400
2022-05-20,40.14649963378906,40.693100627314216,39.20014860115879,40.3504546245465,8463600
2022-05-23,41.40285873413086,41.810768672398154,40.66861960040738,41.07652953867468,6472100
2022-05-24,41.63945388793945,41.78630173811067,40.58704533241454,41.28865103609782,7000300
2022-05-25,41.76182556152344,42.03104766101961,41.16627732240004,41.476289800336325,7374700
2022-05-26,42.53684997558594,42.748964896791,42.063676042008346,42.15341361871171,5799100
2022-05-27,42.83054733276367,42.863180877636964,42.39816375556402,42.71633303781328,5645900
2022-05-31,43.295562744140625,43.54030809680766,42.12078318407525,42.36552853674228,10600500
2022-06-01,42.218685150146484,43.40978160747698,42.03104692293193,43.40978160747698,8293200
2022-06-02,42.56949234008789,42.651073103852205,41.72919864731018,42.1942158474014,7882500
2022-06-03,42.37369155883789,42.659230438764816,42.251320420674745,42.48790897807254,8820500
2022-06-06,42.6265983581543,43.41794481637117,42.47975049761701,42.77344621869158,5009200
2022-06-07,42.87949752807617,42.96923510806321,42.21868225074971,42.35737014790742,5080000
2022-06-08,42.292118072509766,42.78976887809148,42.063689418973375,42.51238989360857,4409100
2022-06-09,41.060218811035156,42.13710087596964,41.060218811035156,42.07999372950387,5307600
2022-06-10,39.74675369262695,40.35861872798337,39.47753158325901,40.30151157365196,8450500
2022-06-13,38.392494201660156,39.28989504754066,38.20485595614357,39.12673040862421,10676800
2022-06-14,37.29929733276367,39.06146868876237,37.27482061263544,38.555657967536455,13689800
2022-06-15,37.8214111328125,38.40064251599253,37.28297012228773,37.80509436132921,11557100
2022-06-16,37.046382904052734,37.28297143070441,36.54057541874362,37.250337886592575,8390400
2022-06-17,37.046382904052734,37.68272145370311,36.940325441742324,37.054539734027664,19038700
2022-06-21,37.796939849853516,38.11510913302719,37.511400999541806,37.91115414513574,7722300
2022-06-22,37.93562316894531,38.082470991470984,37.28296790888999,37.44613250193026,5875900
2022-06-23,37.29929733276367,37.984586366324656,36.638481907224104,37.756154613733116,6328900
2022-06-24,38.767765045166016,38.93092966031332,37.42982080274926,37.50324472396024,6925000
2022-06-27,38.547489166259766,38.97987270494923,38.31090065515933,38.90644879157688,7078400
2022-06-28,38.25379943847656,39.322524762645926,38.09879475828209,38.93093153470226,6401600
2022-06-29,37.99839401245117,38.583367354547015,37.808896756792365,38.319715582609135,4975300
2022-06-30,37.91600036621094,38.24555954076084,36.92731655668286,37.298073378123284,6233200
2022-07-01,38.38562774658203,38.50921441142318,37.38870621238683,37.78417913976329,5398000
2022-07-05,38.27851867675781,38.29499710790583,37.24864030205207,37.61115950142969,4883600
2022-07-06,38.311466217041016,38.61630926175595,37.80064754750328,38.06429609584138,5701700
2022-07-07,38.52568817138672,38.92116422601109,38.44329916005457,38.63279640046996,3679900
2022-07-08,38.336181640625,38.80580580587653,38.179641299854005,38.69045996078859,3546700
2022-07-11,38.18788528442383,38.31147193493797,37.86656376461396,37.9654343422009,4641300
2022-07-12,38.064300537109375,38.58336005224849,37.701781383642505,37.792411172009224,4137100
2022-07-13,37.339263916015625,37.759455983329694,36.7790099215561,37.71002069807544,5460300
2022-07-14,36.45768356323242,36.63070232414254,36.045732336529234,36.441205137011686,7298300
2022-07-15,38.369144439697266,38.73166045799438,37.01794465711642,37.48756889513686,8608200
2022-07-18,38.459781646728516,39.20953304349844,38.31971654116597,38.739908714913966,7435000
2022-07-19,39.102420806884766,39.3083964788253,38.69046946300371,38.97883728948405,5684000
2022-07-20,38.764625549316406,38.97884203425648,38.31971728946213,38.79758241514406,6130600
2022-07-21,39.22600555419922,39.275437701573004,38.51744877440933,38.69870836261768,6619400
2022-07-22,39.30838394165039,39.49788112224396,38.97882485742005,39.11064911969985,5009100
2022-07-25,39.588523864746094,39.9592807060707,39.26720231657788,39.75330503232807,4054100
2022-07-26,39.069461822509766,39.819216244862524,38.904683808260835,39.29191591327281,4995000
2022-07-27,39.720340728759766,39.868643437505625,38.929395044074354,39.3083894584521,5456900
2022-07-28,37.99839401245117,39.89336971197884,37.751223815632706,39.646199515160376,13267900
2022-07-29,38.888206481933594,39.20952801895325,37.98191166314716,38.105498320280525,7705100
2022-08-01,39.143619537353516,39.29192228859177,38.303241470922956,38.599843830459804,7322900
2022-08-02,38.66574478149414,39.08593367582957,38.426812300921725,39.0200231098081,6532800
2022-08-03,39.26719284057617,39.407257899248975,38.73165496090617,39.04473878946426,5691100
2022-08-04,38.78109359741211,39.497887951051794,38.77285595463093,39.21776095240864,6531300
2022-08-05,39.044742584228516,39.431977800792694,38.608075224572,38.715183439503576,4061100
2022-08-08,38.68223190307617,39.464940086738885,38.49273466163183,39.43198322485134,5316000
2022-08-09,38.87172317504883,38.99530981667842,38.6080746063153,38.93763374576278,3947700
2022-08-10,39.44021987915039,39.563806536657744,39.077703836302355,39.3166363645823,6098100
2022-08-11,39.90983963012695,40.20644506020962,39.62971262870876,39.86040748707244,6171600
2022-08-12,40.18172836303711,40.29707421895352,39.81097158120661,40.00870957916249,6432000
2022-08-15,40.43714141845703,40.5524872804478,39.687387029639,39.80273603456878,4947700
2022-08-16,40.61840057373047,40.93148446504921,40.11581944746437,40.165254738600765,4790100
2022-08-17,40.39594650268555,40.68431432008174,40.058146537062,40.12406025861744,5553200
2022-08-18,40.379478454589844,40.40419767799851,39.967527017765896,40.206459605429394,5400400
2022-08-19,40.04990768432617,40.14877512073553,39.76978066205039,40.025191610958615,7197200
2022-08-22,39.2177619934082,39.448456855610125,39.01178634608371,39.44021606967133,5816700
2022-08-23,39.06121826171875,39.44845345100891,38.95411005433108,39.24247782146115,4411500
2022-08-24,38.879966735839844,39.003553396280985,38.566885977150456,38.805815368163024,4620800
2022-08-25,39.34958267211914,39.50612616120567,38.673982862308215,38.98706669754261,5296700
2022-08-26,38.30323791503906,39.596764902912774,38.286759483882406,39.48141588481615,5070200
2022-08-29,37.98190689086914,38.245555459550616,37.751215179007566,38.11373117520988,3650000
2022-08-30,37.82536697387695,38.212602188652674,37.59467525934107,38.18788297428176,5105500
2022-08-31,37.57819747924805,38.01486484442362,37.520524549618784,37.99014877256506,6239800
2022-09-01,37.79241180419922,37.8171310196739,37.08385505741288,37.528763220688816,4920600
2022-09-02,37.528770446777344,38.52569204156496,37.37223005234495,38.2208488974852,5980400
2022-09-06,37.339263916015625,37.76769362606931,36.91083420596194,37.76769362606931,5331500
2022-09-07,37.82536697387695,37.957191259745876,37.050899687264405,37.1332886873304,6431900
2022-09-08,38.764625549316406,38.781103982230235,37.4299039126933,37.64411725469366,7275500
2022-09-09,39.201290130615234,39.34135207441594,38.87172780894182,38.904684669697005,6730400
2022-09-12,39.18480682373047,39.588517317452876,39.05298254005434,39.41549853442899,7251000
2022-09-13,37.22392272949219,38.52568730842916,37.092098428549974,38.50921202088323,8109500
2022-09-14,37.15800476074219,37.479329404070015,36.61422918863656,37.39693726106074,6664300
2022-09-15,37.79241180419922,37.990149813301535,37.199204062770335,37.29807149585198,12610800
2022-09-16,37.79241180419922,37.96543374076588,37.22392013530599,37.58643615189803,20653500
2022-09-19,38.023109436035156,38.229085103309586,37.19920676693744,37.33103106827551,9303700
2022-09-20,37.067386627197266,37.75122428499519,36.73782426538213,37.67707291073376,8930300
2022-09-21,36.19404602050781,37.42990007590524,36.18580523342577,37.125056955596904,7051600
2022-09-22,35.4525260925293,36.424731363159346,35.42781002151053,36.30938550781999,6923700
2022-09-23,34.70277404785156,35.33717937976355,34.23314985225702,35.114725317175804,8185500
2022-09-26,33.829444885253906,34.735736568389335,33.57403392516263,34.37322052372302,16533100
2022-09-27,33.747047424316406,34.233150050653755,33.49163964733597,34.20019319461151,9556400
2022-09-28,34.12604522705078,34.381456172319936,33.623467265749426,33.71409391445226,11278100
2022-09-29,33.950992584228516,34.25107552529728,33.60089793950688,33.7759452618677,7888900
2022-09-30,33.60923767089844,34.35110774133618,33.567560184428935,33.99267563407932,9457900
2022-10-03,34.65119552612305,34.801237042004615,33.650919813508864,34.04269523606505,8790300
2022-10-04,35.534767150878906,35.65979960704722,35.00962193156471,35.1679976479599,14653400
2022-10-05,35.17633819580078,35.343051332042116,34.8762551865241,35.017959285466645,6552600
2022-10-06,34.24275207519531,35.0596430163548,34.22608044213628,34.80957170025814,8528700
2022-10-07,33.50921630859375,34.11771660963163,33.317497297016516,34.02602421718406,8696600
2022-10-10,33.2007942199707,33.834300288782224,33.06742117412783,33.67592456652645,6396100
2022-10-11,32.333892822265625,32.96739897574756,32.20885716497067,32.95906474916269,8990600
2022-10-12,32.60063171386719,32.90904896584,32.16717880795982,32.30888291461614,10853700
2022-10-13,34.48448181152344,34.601180059785534,32.000465793495586,32.16717893949378,15853300
2022-10-14,35.643131256103516,36.084921545283564,34.73454799995548,35.13466079991176,19272100
2022-10-17,35.5431022644043,36.80178334122762,35.234685049067906,36.57672109875348,21456500
2022-10-18,35.676475524902344,36.39333980699423,35.276365893458,36.193283401377705,16113000
2022-10-19,34.392784118652344,35.55977278089395,34.26775166327607,35.30970469035312,10203600
2022-10-20,33.350833892822266,34.72621327600195,33.26747891557016,34.51782265308312,10508000
2022-10-21,33.76762771606445,33.926006683538745,32.98407982676601,33.22581380253959,12851600
2022-10-24,34.284427642822266,34.609516519747004,33.717604869798585,33.91765809569595,9553700
2022-10-25,35.0179557800293,35.08464229976568,33.80929281779595,33.89264778767815,13055400
2022-10-26,35.334712982177734,35.52643197080639,34.96794663607793,35.00962412407746,10211800
2022-10-27,35.0763053894043,35.81817537584174,35.02629050343093,35.59311315864363,7810200
2022-10-28,35.72648620605469,35.78483532168586,34.99295037839212,35.142991869954656,7775500
2022-10-31,35.38472366333008,35.80983907797972,35.359714629676716,35.44307277554105,11723800
2022-11-01,35.743160247802734,35.976556726074726,35.26802988572702,35.676473722703,8043500
2022-11-02,34.80123519897461,35.96822399852036,34.78456356700525,35.49309361665398,9264600
2022-11-03,34.59284591674805,34.84291404645353,33.817632488808904,34.3261061544237,12857000
2022-11-04,35.70148849487305,35.75150021694358,34.99295836091304,34.99295836091304,13759400
2022-11-07,36.28497314453125,36.343322262795645,35.64312966383444,36.00989918411174,12207000
2022-11-08,36.81845474243164,36.976833655265416,36.23496352606081,36.468360012609146,12794700
2022-11-09,36.04324722290039,36.57672676333,35.976560690452246,36.50170600422028,9423000
2022-11-10,37.40195083618164,37.52698649095827,36.601731549019796,36.67675230592802,14064600
2022-11-11,37.443626403808594,37.551990420394155,37.04351678078725,37.04351678078725,10692700
2022-11-14,36.55171585083008,37.5603289337984,36.51837576610326,37.47697077250956,8209800
2022-11-15,36.485023498535156,37.11852946906269,36.10991981476783,37.08518939256288,11171700
2022-11-16,35.78483200073242,36.51836776032039,35.69313963331042,36.4766870989191,9896200
2022-11-17,35.651466369628906,35.701481261354914,35.284700036336744,35.37638923481848,6376600
2022-11-18,36.159942626953125,36.251635011953226,35.75149559734959,36.126599363355155,6159700
2022-11-21,36.168277740478516,36.54338151568862,36.05991372102032,36.15160610827043,9331900
2022-11-22,36.60173034667969,36.63507361082999,36.21829234831723,36.29331310276107,6999000
2022-11-23,36.76844024658203,36.810117733201785,36.52670637248367,36.61839875092018,6225700
2022-11-25,36.89346694946289,37.00183094159551,36.72675702899783,36.8851327253548,2564600
2022-11-28,36.46002197265625,36.91848067175694,36.37666382204538,36.66841257950095,6790600
2022-11-29,37.16855239868164,37.19355825641604,36.42668227453402,36.51003725350777,7854200
2022-11-30,37.83539962768555,37.943763638046995,36.4433518429491,37.04351465311519,11688600
2022-12-01,37.80205535888672,37.960434257454075,37.38527413914249,37.83539861961547,8492700
2022-12-02,38.043785095214844,38.11880583380773,37.576992214892904,37.64367554931546,10786800
2022-12-05,36.60173034667969,38.085470623692764,36.359996451273,38.04379313339922,13725400
2022-12-06,35.793174743652344,36.726767088875334,35.20134609644424,36.64340892602215,9642300
2022-12-07,36.30998992919922,36.59340135544316,35.401406519751504,35.64313726995055,10132800
2022-12-08,36.30998992919922,36.401679149046224,35.868199565478605,36.36000165279047,6989000
2022-12-09,35.93488311767578,36.510040149712346,35.8681965853759,36.143273761429604,9097600
2022-12-12,36.226619720458984,36.351655347471805,35.51809298015454,36.00989490406325,10695700
2022-12-13,36.885135650634766,37.46029255334466,36.60172431166435,37.110197876857285,15543000
2022-12-14,36.084922790527344,36.89347628469413,35.826517260760966,36.74343795426866,11240400
2022-12-15,35.70981979370117,35.876532939773355,35.35138764257206,35.55144405381643,10229200
2022-12-16,35.1346549987793,35.67646862880589,34.86791529604262,35.42640055496377,19310900
2022-12-19,34.96794128417969,35.5597697906429,34.67619255325854,35.09297372904187,11789100
2022-12-20,34.95127487182617,35.24302046650045,34.85124826505049,35.10131637188394,14209000
2022-12-21,35.601463317871094,35.84319727192424,35.143004453839254,35.17634772607889,9456300
2022-12-22,35.71815490722656,35.71815490722656,35.21801863637699,35.40973764619562,12427700
2022-12-23,36.00989532470703,36.08491606583345,35.61811998995927,35.701478135537585,6931000
2022-12-27,36.385005950927734,36.46836093257241,35.94321564480252,36.134934646416255,7504200
2022-12-28,36.13493347167969,36.52670886820835,35.90987439259793,36.443353889273524,6379600
2022-12-29,36.72495651245117,36.775531399764326,36.10121564587799,36.219220500884205,5956300
2022-12-30,36.7586784362793,36.9188274462491,36.48052133879365,36.58167112809294,5737900
2023-01-03,37.62685775756836,37.95558651564364,37.15483829587727,37.25598486404087,12795900
2023-01-04,38.798484802246094,39.11035850028558,38.023022366388425,38.023022366388425,16338400
2023-01-05,38.495033264160156,38.773190303201204,37.98086974585044,38.655185455871404,8364000
2023-01-06,39.034488677978516,39.18621011322056,38.28430904133023,38.773189936085906,8198300
2023-01-09,39.28736114501953,39.44751013808596,38.874340920786466,39.11878139603886,13170700
2023-01-10,39.32950210571289,39.53179843124874,38.73947463957361,39.405362825864955,13631800
2023-01-11,39.70881652832031,39.89425460931638,39.38008772320321,39.54023674699588,8704900
2023-01-12,40.113399505615234,40.484272391484296,39.86895902349202,39.99539464262923,8934000
2023-01-13,39.894248962402344,39.95325139520549,39.13564166151699,39.50651455562126,8150600
2023-01-17,39.986961364746094,40.23983258707348,39.45593951479736,40.10496943568141,10150000
2023-01-18,38.613040924072266,39.86052577844511,38.570893580130495,39.64137116535516,8376700
2023-01-19,38.46133041381836,38.72262601428861,37.86287204299827,38.26746479510463,9136600
2023-01-20,39.16092300415039,39.169353759520966,38.22530851226235,38.56246798848201,8030400
2023-01-23,40.180824279785156,40.1976825745153,39.22835474296428,39.34635959068432,8136000
2023-01-24,39.33793640136719,40.29040933676517,39.16092909574386,40.24826519952984,12459200
2023-01-25,41.42831802368164,41.87505164116308,39.51494471831928,39.54023055617177,12238500
2023-01-26,41.04901123046875,42.10263059872826,40.737140797773456,41.87504842933727,8316100
2023-01-27,41.18388748168945,41.209173325646006,40.610718105798355,40.98159108386053,6568200
2023-01-30,41.133304595947266,41.588468991187824,40.91415315493784,40.939438993987366,5943200
2023-01-31,41.976200103759766,41.98463086035228,40.95629720268919,41.16702110202071,7714000
2023-02-01,41.48731994628906,42.085775014321435,41.30188189660357,41.50417824311423,7611100
2023-02-02,41.42831802368164,41.84976580331059,41.25130751254004,41.69804434541285,6819800
2023-02-03,41.55474853515625,41.82447484459909,41.057440049235154,41.15015907099199,6579400
2023-02-06,41.259735107421875,41.41145655369468,41.01529464227224,41.251304351856085,4997600
2023-02-07,41.86661911010742,41.97619642847524,40.998437749801695,41.01529604611915,5809100
2023-02-08,41.36088180541992,41.86661781776745,41.25973524602865,41.411456692811136,5810000
2023-02-09,41.1080207824707,41.72333421432998,40.93101346961907,41.63061517939102,5870500
2023-02-10,41.04901123046875,41.209160216903385,40.74556833794743,40.96471975177331,5357300
2023-02-13,41.377742767333984,41.38617030807996,40.98158082905455,41.023724963567155,4906200
2023-02-14,41.411460876464844,41.54632404107501,41.1080179522441,41.3861718225188,4889500
2023-02-15,41.36931610107422,41.394601939238015,41.015298289823974,41.17544729051371,4227900
2023-02-16,40.922584533691406,41.25131333372799,40.796152111196015,41.12488091123261,4900000
2023-02-17,40.9647216796875,41.023724109855564,40.627565395211626,40.813000226286405,5191900
2023-02-21,40.197689056396484,40.678139279809834,39.8942493484971,40.62756760285567,5793100
2023-02-22,40.07126235961914,40.34941626868424,39.902682576499004,40.20612554303687,4583300
2023-02-23,40.22298049926758,40.55170928056001,39.87739341952531,40.349412914553774,4319300
2023-02-24,40.15554428100586,40.214546713440434,39.64137747088338,39.79309893011268,4141500
2023-02-27,40.10497283935547,40.66128378798526,40.02068135296221,40.3999850032533,4260200
2023-02-28,40.23139953613281,40.501125823528255,40.104967147573625,40.20611370149917,6209100
2023-03-01,39.87738800048828,39.99539285820942,39.5318009677087,39.776238223534826,7123400
2023-03-02,39.034488677978516,39.76780680472112,38.68890167890295,39.76780680472112,6437000
2023-03-03,39.70881652832031,39.75096066980345,39.09350305956925,39.211507941878786,4566900
2023-03-06,39.71723556518555,40.08811164775616,39.616089004207744,39.767810453370046,5604200
2023-03-07,38.43603515625,39.45594119852879,38.32646105164944,39.43908290196148,6072200
2023-03-08,38.34331512451172,38.79004868046598,38.13259126371957,38.39388679325163,4651200
2023-03-09,35.654476165771484,38.09887420714449,35.5448988591937,38.023013489573856,10961800
2023-03-10,34.23841857910156,35.452190308305,33.395522973995426,34.457573237048436,23573700
2023-03-13,30.799402236938477,32.36718837606868,30.453815211729538,32.0721730228374,36746000
2023-03-14,31.61701011657715,33.446095100311574,31.102846540936305,32.974072442969174,28999400
2023-03-15,29.87221908569336,31.170279089175732,29.636209345202584,30.597109820505374,33125800
2023-03-16,30.647680282592773,30.799401726795004,27.57954123830964,29.669921650729016,51459200
2023-03-17,27.773412704467773,30.015515036650157,27.705979508123388,29.922795999372514,56442900
2023-03-20,29.037748336791992,29.821641347438472,28.498295773635473,29.105178299491104,43046500
2023-03-21,31.625438690185547,31.903592525656382,30.175657440485818,30.34423717900294,34821400
2023-03-22,29.3243350982666,31.633866958320432,29.307476802487745,31.60858112234772,28376900
2023-03-23,29.55191993713379,30.420101348111004,29.265335313793045,29.52663088348599,26061900
2023-03-24,29.417055130004883,29.450768507331997,28.666875411281815,28.94503247812148,18619300
2023-03-27,29.391761779785156,31.271418141188363,29.332759358851618,30.908972860944747,19966700
2023-03-28,29.973365783691406,30.023937456931264,29.063037080679248,29.30747755264265,15681700
2023-03-29,30.52967071533203,30.613958964477852,30.125081331729,30.394807587464353,14776400
2023-03-30,30.28194808959961,31.19595865426025,30.03422474740109,30.90552517754546,13539900
2023-03-31,30.794477462768555,30.80302144516099,29.982971839936887,30.58946750539342,15541700
2023-04-03,30.444255828857422,31.127627934723282,30.36737626328656,30.922617932251143,12209800
2023-04-04,29.94881248474121,31.033667136061194,29.48753508807125,30.914074165440077,12238700
2023-04-05,29.991519927978516,30.11965035423459,29.453363013693103,29.75234052544054,12734700
2023-04-06,30.53821563720703,30.96532354821692,30.068397586811106,30.111107726197144,12008400
2023-04-10,30.418624877929688,30.95678173935141,30.30757591255624,30.580924705341157,10547700
2023-04-11,30.350292205810547,30.61510032815327,30.28195662304245,30.444256483370072,11927800
2023-04-12,30.2392520904541,30.777405902353596,29.871938896479325,30.563851871371792,11586300
2023-04-13,30.22216033935547,30.23070106483253,29.66691868466706,30.179450194819857,12799100
2023-04-14,29.871931076049805,31.00803652898273,29.786507530875298,30.922616242383285,16186300
2023-04-17,30.401546478271484,30.418631188686827,28.992088825471253,29.726715080454387,22419300
2023-04-18,30.059852600097656,30.418624927825512,29.581493841226713,30.41008094508873,19052200
2023-04-19,30.760316848754883,30.854281130501242,29.641295969785748,30.333208847053573,20970200
2023-04-20,29.692546844482422,30.281957972318132,29.154393108513446,30.281957972318132,21609500
2023-04-21,28.633317947387695,29.333774739094707,27.855981592757956,29.29106459493211,28303000
2023-04-24,28.009740829467773,28.53935378804551,27.80472757467067,28.41976408048684,16238100
2023-04-25,27.13844108581543,28.137872181847253,26.736958547114487,27.676598045988467,22540100
2023-04-26,26.92488670349121,27.38616409115616,26.702790364536337,27.061561122957656,17133300
2023-04-27,27.821815490722656,27.975574634898216,26.890719899248673,26.99322653846163,19428200
2023-04-28,29.282520294189453,29.48753354595736,27.292198922281667,27.505752899359653,25219300
2023-05-01,28.137868881225586,29.325231648042752,28.12932815651209,29.25689281603535,19095200
2023-05-02,26.16463279724121,28.13787110753221,25.976705882214112,28.13787110753221,28994600
2023-05-03,25.455631256103516,26.58319752800428,25.33604156045889,26.301306367350943,23759800
2023-05-04,24.75517463684082,25.370211084003888,23.294466333403356,24.345151424923714,48099600
2023-05-05,26.258596420288086,26.74549921981703,25.310416255339604,26.207343922781753,28236700
2023-05-08,25.404380798339844,26.993222901708126,25.35312830028241,26.91634333997821,22304300
2023-05-09,25.549596786499023,25.84003031542866,24.78080282198013,25.11394649310457,18209200
2023-05-10,25.156660079956055,26.181718230189578,24.68684033547237,26.1390080849127,14492700
2023-05-11,24.70392417907715,25.01998478262152,24.37078049559359,24.77226138669653,16413400
2023-05-12,24.88330841064453,25.062694596589512,24.55016473154496,24.9772726808675,16870700
2023-05-15,25.327503204345703,25.44709454815435,24.832058006531785,24.908937574234606,12671600
2023-05-16,24.498910903930664,25.412921605178838,24.49036854989342,25.199367642110108,14997200
2023-05-17,26.01087188720703,26.053582025698155,24.712463473913765,24.77225831951628,22429700
2023-05-18,26.045040130615234,26.104834977270322,25.532510313262915,25.831486175825717,13204600
2023-05-19,25.720441818237305,26.386729191685724,25.41292356631492,26.190259921529783,15001500
2023-05-22,26.40381622314453,26.549033007180256,25.68627465841363,26.08775721801765,11974600
2023-05-23,26.60028076171875,27.42032718684663,26.48069106537612,26.48069106537612,13952200
2023-05-24,26.318391799926758,26.694247257513055,25.96816340625119,26.33547650920058,11120700
2023-05-25,26.0621280670166,26.33547690232799,25.76315216741193,26.104838211551165,11948300
2023-05-26,26.198802947998047,26.301309577696433,25.874201607647095,26.121923383046155,9267000
2023-05-30,26.190258026123047,26.557571105050407,25.62647569125836,26.369644203191328,12907300
2023-05-31,25.54105567932129,25.916911140280295,25.11394771936847,25.754609659297703,31032900
2023-06-01,26.07067108154297,26.139008292100204,25.054153648877445,25.711900318795585,12319400
2023-06-02,27.11281394958496,27.326367936235084,26.267140357964994,26.480694344615117,13744000
2023-06-05,26.668621063232422,27.223862727724466,26.49777885278592,27.223862727724466,10644900
2023-06-06,27.87306785583496,28.018283005797386,26.591742278795216,26.677164201169553,13876500
2023-06-07,28.411218643188477,28.53081160320488,27.69367717596491,27.967029254570292,13860500
2023-06-08,28.240379333496094,28.419763893654817,27.76201724783104,28.27454549359172,12063700
2023-06-09,28.069534301757812,28.49664224120373,27.924315907887213,28.189124003430674,10586200
2023-06-12,27.47158432006836,28.488100108921266,26.924886643422255,27.941402432275158,15560400
2023-06-13,27.932859420776367,28.453931619491705,27.121353697788958,27.403246497189027,20543600
2023-06-14,27.420330047607422,28.564979524068505,27.2409454843783,28.189125687982468,17832200
2023-06-15,28.436847686767578,28.547893406006978,27.292198266778716,27.50575223872757,16315500
2023-06-16,28.573524475097656,28.710198898169928,28.189126641902117,28.607693895509545,30118200
2023-06-20,28.684574127197266,28.778535147645513,27.90723445839304,28.223296716667956,19540400
2023-06-21,28.55644416809082,28.889587922036906,28.368515585423474,28.752913477890413,13570700
2023-06-22,27.531375885009766,28.599145675423927,27.454496329756953,28.573520243197922,13292400
2023-06-23,27.232402801513672,27.770558114005816,27.189692657246262,27.32636707404705,20701400
2023-06-26,27.608257293701172,27.77910112335174,27.223861120918656,27.223861120918656,11249000
2023-06-27,27.804729461669922,27.92431917734468,27.198236898704863,27.582634740927563,9776300
2023-06-28,27.608257293701172,27.821811266120626,27.292198326921383,27.821811266120626,11215400
2023-06-29,28.40598487854004,28.40598487854004,27.77300694751016,27.90307231058051,12479700
2023-06-30,28.648773193359375,29.047635453499833,28.48402329326255,28.79617751692015,15139600
2023-07-03,29.11700439453125,29.29042046669701,28.735481097287643,28.752823366044133,6483800
2023-07-05,29.073644638061523,29.25573679093088,28.63142839869144,28.90022858039437,10355100
2023-07-06,28.60541534423828,28.66611162318766,27.79034535657669,28.61408482364571,12008400
2023-07-07,29.08232307434082,29.307765977716368,28.475356831514464,28.49269910218949,9052900
2023-07-10,29.2557373046875,29.333775855087858,28.74415198710724,28.804848269896482,11720200
2023-07-11,30.27890396118164,30.50435012743103,29.541875796387757,29.923395752279998,15972800
2023-07-12,30.443655014038086,31.406129382009233,30.417643266049478,30.911886324029357,11534400
2023-07-13,31.050621032714844,31.12865958406149,30.573716936874565,30.63441652809918,10710800
2023-07-14,30.634414672851562,31.397454564586877,30.556376126230997,31.293404271659185,13063800
2023-07-17,30.573715209960938,30.738465091108957,30.356941835986543,30.55637625081827,13412200
2023-07-18,31.69226837158203,31.700941159333656,30.634416497140208,30.686439992852485,15103000
2023-07-19,33.738609313964844,34.050763515791395,30.894543577677286,31.54486372891616,32807000
2023-07-20,33.93804931640625,33.95539158857076,33.19234815183316,33.43513665443615,19108600
2023-07-21,33.3137321472168,34.016079103872976,33.27037813185022,33.990067356192895,16354800
2023-07-24,34.042083740234375,34.18949133092681,33.348409716178146,33.43512103649683,12796800
2023-07-25,32.828163146972656,34.09411896754373,32.75879407355532,33.9813958770903,14708700
2023-07-26,33.72127151489258,33.868679155377336,33.201016648039996,33.331078710903256,13001200
2023-07-27,33.66057205200195,34.18082686982816,33.59120628655154,33.894687712333585,16144800
2023-07-28,34.28487777709961,34.293547256710255,33.59987311838663,33.98139306753982,11512000
2023-07-31,34.40628433227539,34.58837324745469,34.08546053300226,34.466980637335155,12237800
2023-08-01,33.565189361572266,34.26753630346491,33.35708876910729,34.19816723417707,11884300
2023-08-02,33.32240676879883,33.39177253566301,32.63740204213011,32.95822574273843,9943800
2023-08-03,34.20684051513672,34.345575348014435,32.9929082466822,33.235696684992696,14718800
2023-08-04,34.562347412109375,35.073932709015885,34.02475036868703,34.1114583955393,14108500
2023-08-07,34.78779220581055,34.90051529316168,34.56234933880767,34.62304562252765,8022300
2023-08-08,34.883174896240234,34.961213452022854,32.72411369908694,32.72411369908694,15354100
2023-08-09,34.3802604675293,34.96988434420643,34.32823366392859,34.58836106653335,10583700
2023-08-10,34.24152755737305,34.8138091983573,34.172158482005464,34.63171702936718,10206500
2023-08-11,34.215511322021484,34.60570408827859,33.9380416455052,33.981395662267225,8582900
2023-08-14,33.57386016845703,33.912026092037614,33.41778307946614,33.88601434643883,9536800
2023-08-15,32.63740158081055,33.183671458330025,32.54202075848339,32.94955579653596,11157200
2023-08-16,32.125816345214844,32.611389938787816,32.01309325412301,32.46398231079087,10647600
2023-08-17,31.91771697998047,32.45531409211062,31.813663365220087,32.35126378504986,9766800
2023-08-18,31.943727493286133,31.969739242119505,31.414799882344205,31.536192453832616,8280100
2023-08-21,31.874357223510742,32.03043432605383,31.570875806176602,31.99575309814377,8615800
2023-08-22,31.07663345336914,31.96973876546037,30.981252632136204,31.874357944227434,8279000
2023-08-23,31.432144165039062,31.44081364597258,30.669100842600816,31.05929363860331,8159200
2023-08-24,31.328094482421875,31.98708420065042,31.25872540276636,31.45815654522631,10346000
2023-08-25,30.79048728942871,31.65758074887158,30.530359913135662,31.570872726006915,11005900
2023-08-28,31.232709884643555,31.52752182222151,30.92922515930483,31.0766327819435,9638300
2023-08-29,31.63157081604004,31.674924829956556,31.085300979134054,31.380112904545307,7942600
2023-08-30,31.544862747192383,31.83100188482875,31.388785651136462,31.692267055856735,8461700
2023-08-31,31.674922943115234,31.78764601874278,31.48416463170598,31.657580677041842,10404400
2023-09-01,32.14316177368164,32.33392343771411,31.926388358262855,31.943730628420337,13758200
2023-09-05,31.666255950927734,32.542018956370924,31.631571416056897,32.16916847575767,14762500
2023-09-06,31.319419860839844,31.683600892320317,30.955242137058946,31.440812435433475,8711900
2023-09-07,30.894542694091797,31.466824278506753,30.79048909132599,31.119985551352556,7296900
2023-09-08,31.310745239257812,31.38878378264033,30.582386603587295,31.01593333177929,8361700
2023-09-11,31.38878631591797,31.822333079099987,31.310747766237235,31.648913712287317,7300200
2023-09-12,32.08246612548828,32.27322779334704,31.172018424007646,31.55353845202528,10376400
2023-09-13,30.47833824157715,32.40328358719413,30.356942371542505,32.29923329200654,15995500
2023-09-14,30.972578048706055,31.284732209418483,30.72112016283227,30.86852445666931,19880500
2023-09-15,30.47833824157715,30.96390849091872,30.278903823227004,30.625742550784626,46217300
2023-09-18,30.131498336791992,30.32225996026562,29.897382700992306,30.209536882058558,10954900
2023-09-19,29.992767333984375,30.339606092180425,29.637259095298216,29.966755584814507,10903700
2023-09-20,29.83669090270996,30.55638018465352,29.81934863363546,30.131502861577264,8388300
2023-09-21,29.00428009033203,29.802004573622522,28.93491101820273,29.732638809192636,11359600
2023-09-22,28.943588256835938,29.16036167902497,28.787511128243835,29.00428455043287,10259400
2023-09-25,29.125673294067383,29.203711848065105,28.631430221314993,28.796176809665962,8738000
2023-09-26,28.631431579589844,29.056305598856067,28.388646425723433,28.79617817575639,13742900
2023-09-27,28.19788360595703,28.761492448086145,27.97243742294578,28.73548069916158,12601100
2023-09-28,28.57632064819336,28.85794718169624,28.19788436431391,28.25068724106251,8619500
2023-09-29,29.095569610595703,29.500407324664806,28.646725023788328,28.655527741237197,10981300
2023-10-02,28.285892486572266,29.051564444196853,28.153880253736297,28.70833230309801,9649300
2023-10-03,27.581819534301758,28.101068980844786,27.458608370249586,28.065864831900615,10300600
2023-10-04,27.493812561035156,27.75783865875964,27.176981915216306,27.63462580837102,13407700
2023-10-05,28.04827117919922,28.092274697332197,26.956965800333858,27.282597541848407,10572000
2023-10-06,28.039466857910156,28.329892729396917,27.37060305309238,27.757840346118762,9414500
2023-10-09,28.171480178833008,28.294694727505597,27.678635413155334,27.801846604574752,7764800
2023-10-10,28.681928634643555,28.998759311728154,28.45310834411188,28.585118888061817,10108100
2023-10-11,28.61151695251465,29.13076642157948,28.435502914664255,28.681925253456864,7855000
2023-10-12,28.39150047302246,28.831542350738115,28.10107457950174,28.63792620747533,10285800
2023-10-13,28.312292098999023,28.94595346152471,28.057068689135683,28.629122780261866,10943200
2023-10-16,28.708330154418945,28.84034405600093,28.1186756704595,28.673129356949662,11409700
2023-10-17,30.706119537353516,31.867829744507265,28.532311739500084,28.567515892990286,36729900
2023-10-18,29.368391036987305,31.066952783411242,29.289183372642306,30.5036997735147,24960300
2023-10-19,28.82274055480957,29.75563046534724,28.805138478317975,29.32438798443519,15105700
2023-10-20,27.220993041992188,28.893153656457798,27.097781843353253,28.70833350124603,19087800
2023-10-23,27.511417388916016,27.951459250519996,26.983366819265942,27.458612835538954,14932300
2023-10-24,27.625825881958008,27.793042249381248,27.088975984377683,27.64342795823969,15076200
2023-10-25,27.537822723388672,27.78424511141795,26.992170032445827,27.35300425374009,13054500
2023-10-26,27.96026039123535,28.417904331844138,27.493815411927187,27.581824120294492,15956600
2023-10-27,26.96576499938965,27.82824833212422,26.81615069787078,27.54662012796255,10909400
2023-10-30,27.555423736572266,27.573025815716434,26.921763995022125,27.24739406605595,9653000
2023-10-31,28.057065963745117,28.065867001661566,27.17698231561649,27.678631405095935,12582400
2023-11-01,28.039466857910156,28.224283626788353,27.643428526561994,28.04826789623194,14876800
2023-11-02,30.222074508666992,30.222074508666992,28.50591061560794,28.541114769484196,15473500
2023-11-03,31.23416519165039,31.55979514974179,30.943736022384865,31.075749891551403,13100700
2023-11-06,31.040550231933594,31.54219763566884,30.82932868218856,31.37498295350797,7622700
2023-11-07,30.635717391967773,30.94374537007124,30.50370348292162,30.882139774450547,8439800
2023-11-08,30.371688842773438,30.72372368692028,30.257280372090836,30.67091745312233,6956900
2023-11-09,29.843637466430664,30.697319710692557,29.75563044129663,30.57410853260379,7172800
2023-11-10,30.09886360168457,30.17807127000162,29.658821745979395,30.08126152458601,5936900
2023-11-13,29.9228458404541,30.142866765751556,29.57961373415053,29.949247277168872,5772800
2023-11-14,31.81502914428711,32.193465428208874,30.820533559288993,30.978948904058715,11843700
2023-11-15,32.72152328491211,32.84473450736111,31.867840733295456,31.867840733295456,12672600
2023-11-16,32.84471893310547,32.89752515651005,32.35187091975333,32.6070959636635,10218500
2023-11-17,33.126346588134766,33.2583604727147,32.87992425132161,33.143948663228926,8915900
2023-11-20,33.117549896240234,33.31116602336322,32.76551508051201,33.02953951368177,6272100
2023-11-21,32.571895599365234,33.064743669983045,32.55429688010461,32.747913007246794,6051200
2023-11-22,32.41348648071289,32.897531877089506,32.316676729986945,32.80072212636356,6742500
2023-11-24,32.739112854003906,32.88872546486222,32.27266623083674,32.38707804677428,2796800
2023-11-27,32.378273010253906,32.58069181388102,32.20225563750142,32.413477156254835,5972000
2023-11-28,32.598297119140625,32.686304135617064,32.114251814015255,32.27266377222235,9665900
2023-11-29,33.258358001708984,33.531181752267045,32.79191143950081,32.87111909291335,7772300
2023-11-30,33.54878616333008,33.68959940617895,33.15274786867621,33.44317707050656,10283300
2023-12-01,34.65769958496094,34.772108057120114,33.30236978193242,33.355176016411896,10124300
2023-12-04,34.75450134277344,35.15933897557853,34.50807566246622,34.50807566246622,10125700
2023-12-05,34.675296783447266,34.90411705281807,34.36726549487762,34.55208225366781,9212600
2023-12-06,34.39366912841797,35.56417858524454,34.37606705332814,34.93932002719229,8774300
2023-12-07,34.96572494506836,35.11534091961281,34.420073991927204,34.60489076290605,8087100
2023-12-08,35.581783294677734,35.73139590813917,34.85131223200518,35.00972756228952,9485000
2023-12-11,35.6697883605957,35.78420017224102,35.20334511218015,35.458570169984085,10921000
2023-12-12,35.59938430786133,35.6961940465052,35.317757808489716,35.546578080259394,8818700
2023-12-13,37.39475631713867,37.46516126440551,35.51137445827283,35.660990426750566,15133000
2023-12-14,39.894195556640625,40.351836124240954,38.39805260178456,38.62687288558473,28236800
2023-12-15,39.61256408691406,40.026204481722154,39.10211730953105,39.357342376848926,25971700
2023-12-18,38.76768493652344,39.86778952244779,38.75888557702726,39.86778952244779,9678700
2023-12-19,38.90850067138672,39.22533134950548,38.56526855584238,38.838095719167534,8609500
2023-12-20,37.36835479736328,38.723684562802084,37.09553098658549,38.48606155011453,15460200
2023-12-21,38.116424560546875,38.23963573590713,37.61477714243572,37.737988317795974,8134200
2023-12-22,38.29243850708008,38.56526564984698,38.02841408096038,38.15162525599939,6898900
2023-12-26,38.78528594970703,38.926099198555704,38.21323023780467,38.38924763817868,5343600
2023-12-27,38.670875549316406,38.91730126174807,38.47725942335563,38.67967826614582,5083500
2023-12-28,38.83108139038086,38.937881486110896,38.51067770807693,38.653078967421585,5172000
2023-12-29,38.51957321166992,38.991280103942245,38.475073458278,38.733176781110124,6441000
