Date,Close,High,Low,Open,Volume
2008-01-02,17.69864273071289,18.53795928723928,17.625658127512335,18.53795928723928,24387800
2008-01-03,17.34587860107422,17.862849259951858,17.133008193295144,17.78986468926603,26313100
2008-01-04,16.719440460205078,17.22424709614248,16.415340049157223,17.181673224203944,50818700
2008-01-07,16.834997177124023,17.053949821351353,16.48832293046468,16.84716147070352,25887100
2008-01-08,16.11732292175293,17.09652668557389,16.038257319729073,16.950558617186786,41495200
2008-01-09,16.44575309753418,16.494409123737782,15.685501963070902,16.11732405062148,37293300
2008-01-10,16.974884033203125,17.309394005202236,16.117321008211782,16.153812730963278,44359200
2008-01-11,17.15125846862793,17.418865914314413,16.512647102213208,16.853239134937333,32925100
2008-01-14,17.157339096069336,17.285061830706784,16.82282921591761,17.260733248851793,22667200
2008-01-15,16.111238479614258,16.658618948130247,16.08691105170624,16.549142622416863,36283900
2008-01-16,16.64645767211914,17.096526159133532,16.251126194019736,16.8471639049776,43681900
2008-01-17,15.892289161682129,16.841083410178946,15.813223554332977,16.731607061502302,34795200
2008-01-18,15.496957778930664,16.415341225302722,15.2171859375457,16.214634986032742,49848000
2008-01-22,16.391014099121094,17.1938390711505,14.827936870792866,14.827936870792866,60889400
2008-01-23,17.86893653869629,18.306841796968335,15.934859234847702,15.940940221167432,88250400
2008-01-24,18.9515380859375,19.121834738794888,17.923678341287737,18.246025204179958,65278700
2008-01-25,18.64743995666504,19.486757868794268,18.264273890728603,19.182657411366527,57728300
2008-01-28,19.340784072875977,19.419850822812553,18.410237634759774,18.495385371567554,36801500
2008-01-29,19.827342987060547,19.967231197476195,19.07317537666333,19.46242347494598,44412500
2008-01-30,19.924659729003906,20.678829838060505,19.577985414385775,19.754364225711416,62076900
2008-01-31,20.727493286132812,20.83088635292127,19.322547999063698,19.590155630842276,60276300
2008-02-01,20.46595001220703,21.019412435497834,20.155766423710478,20.22874984213865,44720500
2008-02-04,19.091419219970703,19.796931925056953,18.915041623724516,19.699619907807175,39734200
2008-02-05,18.53188133239746,18.835981787763654,18.379831104714363,18.598783803794397,33198700
2008-02-06,18.48271942138672,19.041870747712604,18.279950271971558,18.949703165610146,30586300
2008-02-07,18.71621322631836,18.968139703531502,18.24308592865963,18.3352535231659,31932500
2008-02-08,18.11405372619629,18.722361369392274,17.84983904671248,18.6547724125759,34869000
2008-02-11,18.15091896057129,18.37212096062547,17.714657279289504,18.37212096062547,23042800
2008-02-12,18.384403228759766,18.648617766817363,18.07103257934081,18.298380326870923,28865800
2008-02-13,18.722362518310547,18.83910879193912,18.20007896297318,18.56260476807535,34892200
2008-02-14,18.1816349029541,18.826809038748944,18.126334128803208,18.765364775891676,25116200
2008-02-15,18.24308967590332,18.304535142186964,17.665504167996747,18.077187268529922,26386700
2008-02-19,18.3475399017334,18.906691213511234,18.101758126555765,18.740788866858637,29717800
2008-02-20,18.832958221435547,18.937415134138053,17.97887010532205,18.15091712976573,28800700
2008-02-21,18.888259887695312,19.146329850381044,18.808381619900107,18.93741601525571,28937100
2008-02-22,19.318370819091797,19.404393722327608,18.624039416769694,18.961988713148095,28788100
2008-02-25,19.471994400024414,19.57645134157738,18.86368674226591,19.170912903071706,42232900
2008-02-26,19.29379653930664,19.650178725827246,19.054160584983563,19.410542771504172,30393300
2008-02-27,19.502708435058594,19.852947097152374,18.839100250628455,18.949701810029197,30550200
2008-02-28,18.777664184570312,19.312238264573992,18.76537602781526,19.312238264573992,27700300
2008-02-29,17.96043586730957,18.67934492184652,17.83754614183476,18.593321996816712,33507400
2008-03-03,17.73923110961914,17.97272237177177,17.339836341555905,17.966577710665874,25951400
2008-03-04,17.71465492248535,17.86212329356009,17.106347452311645,17.475018965985708,30441700
2008-03-05,17.80683135986328,18.43357312747131,17.56719528423816,17.978878464297352,32727100
2008-03-06,17.10019874572754,17.70236141151642,17.051042633662615,17.567182396331415,33668800
2008-03-07,17.272258758544922,18.058757145118978,16.67009446635536,16.88515305842484,48327100
2008-03-10,17.137067794799805,17.542606065763582,16.86056506749231,17.49959460853626,33698100
2008-03-11,18.937421798706055,18.937421798706055,17.665505584162347,18.359836244496996,51189600
2008-03-12,18.15091896057129,19.41054553023603,18.089473504788344,18.691636393117115,39549000
2008-03-13,18.11405372619629,18.322967604300942,17.124786309026952,17.696225969986983,51569200
2008-03-14,17.481170654296875,18.470438187711274,17.204666614910142,18.279958278342026,51388600
2008-03-17,17.683937072753906,18.009596031687543,16.651657052944127,16.743824660718275,54665200
2008-03-18,19.379819869995117,19.40439734466159,18.218504599651286,18.495008514488955,55149600
2008-03-19,18.78994369506836,19.926680225166372,18.611753209492868,19.471985847522024,46917900
2008-03-20,20.000415802001953,20.15402883019544,18.894402467798624,19.02343684893344,47658600
2008-03-24,19.7177677154541,20.60257788363763,19.662466933445838,19.902102874165415,45234500
2008-03-25,19.699338912963867,19.957407718905053,19.26307722964154,19.687049587354878,27482600
2008-03-26,18.9312744140625,19.533438539017457,18.525736003118688,19.533438539017457,36599400
2008-03-27,18.59332847595215,19.170914020073262,18.464292871468505,19.170914020073262,26998000
2008-03-28,18.034170150756836,18.7530791857838,17.948146056087115,18.68548907682354,28854000
2008-03-31,17.88055992126465,18.279953631765444,17.763813670757628,18.058750456483633,34976200
2008-04-01,19.34909439086914,19.37367303475245,18.5011511004572,18.636330125892655,36070500
2008-04-02,18.759218215942383,19.508849163462397,18.62403803860459,19.48427052322859,37101500
2008-04-03,18.91898536682129,19.048019776956057,18.433567526086506,18.574891262512587,20045200
2008-04-04,19.0050048828125,19.134039269699368,18.667055502537202,18.93127011032397,25087100
2008-04-07,18.91898536682129,19.52114829139953,18.90669604052998,19.330667249808215,20142300
2008-04-08,18.390554428100586,18.63633507229685,18.224652053777646,18.59946826866105,33757900
2008-04-09,18.095624923706055,18.525740930824647,17.8436995157148,18.439717963795932,29806200
2008-04-10,17.524169921875,18.163199341418505,17.450435172094473,18.009586353685325,45453800
2008-04-11,17.18622398376465,17.7207978005752,17.14321252636108,17.35212632401354,44211800
2008-04-14,16.71309471130371,17.149355064645263,16.63935995632987,16.98959740551374,36081500
2008-04-15,17.087919235229492,17.192376179835023,16.66394796474954,16.88515001005109,29674500
2008-04-16,17.825258255004883,18.642479624606747,17.505742833452764,18.402843644429932,69841500
2008-04-17,18.255369186401367,18.378260060771332,17.56103891054151,17.634773669558335,32575200
2008-04-18,18.679340362548828,19.07259043521639,18.587172797945584,18.820664039738745,37941600
2008-04-21,17.985023498535156,18.396706687046034,17.8559878745668,18.35369520304826,24365800
2008-04-22,18.052602767944336,18.18163832255683,17.788389340831923,17.935857708978762,22788100
2008-04-23,17.769956588745117,18.21236172389321,17.56104275970934,18.089471994561542,24533400
2008-04-24,18.341400146484375,18.519590691982366,17.67779175433299,17.7945368395999,28973100
2008-04-25,18.79609489440918,18.925129307609506,18.163208639066756,18.47043477180051,25805400
2008-04-28,18.64248275756836,18.85139663200187,18.507303674336278,18.740795031187098,17222000
2008-04-29,18.359827041625977,18.697776377893288,18.273804128236694,18.642475598721806,19367400
2008-04-30,18.279958724975586,18.796098829791713,18.169357106518568,18.365981685119962,21492200
2008-05-01,19.158613204956055,19.52113997223194,18.279946673150917,18.292235994204987,38326900
2008-05-02,19.13404083251953,19.908251904974144,19.011151097633924,19.533435693827762,25950200
2008-05-05,19.14019012451172,19.28765854522747,18.839108619053537,19.121757304406515,18618000
2008-05-06,19.213918685913086,19.410543183062494,18.74693491919602,18.82066851963982,21163200
2008-05-07,18.55607795715332,19.40010062168271,18.481606065406243,19.375275868627433,27670800
2008-05-08,18.233362197875977,18.686404444828504,18.04718129574321,18.661579693232504,24230300
2008-05-09,18.202335357666016,18.58711078307061,17.997535859032304,18.152687030230858,16056300
2008-05-12,18.469188690185547,18.55607293494501,18.239564521409612,18.30783139012579,13503000
2008-05-13,17.97891616821289,18.593314625698472,17.935474032387052,18.487812972241112,27224800
2008-05-14,17.941679000854492,18.264393678915216,17.854794735110968,18.078211587552794,25831600
2008-05-15,18.369897842407227,18.369897842407227,17.817558900017175,17.98512243929425,27903900
2008-05-16,17.96650505065918,18.40092759445849,17.755499375436013,18.39472140592729,25883600
2008-05-19,17.674819946289062,18.270601019021754,17.625171622203787,17.997534644698046,28571900
2008-05-20,17.407960891723633,17.5817306291695,17.22177996023195,17.55690705736837,31462700
2008-05-21,17.190753936767578,17.618970409033228,17.04801392896928,17.34590514130985,32859800
2008-05-22,17.32107925415039,17.650000212528404,17.097661155349503,17.22178258439659,26221400
2008-05-23,17.178335189819336,17.333486336860755,17.035596418631467,17.271425641302326,23920700
2008-05-27,17.103866577148438,17.389345377653857,16.849418724366227,17.153514909795952,27493300
2008-05-28,17.048015594482422,17.296258492970054,16.526707401594184,17.19696062334908,39715000
2008-05-29,17.364513397216797,17.457603834248953,16.911472402273603,16.979739275161442,25225100
2008-05-30,17.110074996948242,17.556911232729465,17.066632848182795,17.556911232729465,19411300
2008-06-02,16.82459259033203,17.09145278160545,16.576349781150608,17.048009461402092,23179200
2008-06-03,16.619796752929688,17.02939582087982,16.501881511032014,16.9176867689462,30363600
2008-06-04,16.53290557861328,16.75632360547323,16.25984041657256,16.514288198847815,33490000
2008-06-05,16.88044548034668,17.04800782160454,16.51428867410401,16.644615071050048,26962600
2008-06-06,15.775764465332031,16.644610419981937,15.713703786347967,16.632198047443325,57724400
2008-06-09,15.682689666748047,16.05505292800906,15.403416924874744,15.961961224911175,40108200
2008-06-10,16.07986831665039,16.43981900950198,15.397202882977489,15.539942869227788,43539900
2008-06-11,15.8564453125,16.235014455648983,15.825415559396632,16.203984702545615,48023600
2008-06-12,16.148134231567383,16.650823696341497,15.881274026900412,15.968158304248915,40700800
2008-06-13,16.18537139892578,16.508086144368175,15.695094275092934,16.321904014131597,32367300
2008-06-16,16.371549606323242,16.743912620786624,15.899891129540272,16.154338932953213,33166500
2008-06-17,15.7633638381958,16.880453341133855,15.682685723998938,16.594974478578283,40682000
2008-06-18,15.781975746154785,16.04262973506194,15.372376789830598,15.515115568974917,42211000
2008-06-19,15.906100273132324,15.949543602820205,15.248259526084794,15.80680360126514,47029900
2008-06-20,15.204819679260254,15.763363838899267,14.89451723682637,15.242055640913554,62647400
2008-06-23,15.055870056152344,15.384790970930673,14.820039608965008,15.285493130629494,36638600
2008-06-24,15.639238357543945,15.943334507688867,14.832451565997692,15.031044873544621,50002700
2008-06-25,15.7633638381958,16.470854211836198,15.651654769531007,15.744746449224921,41995500
2008-06-26,14.937948226928711,15.707497567070565,14.937948226928711,15.384784167707783,59131200
2008-06-27,14.913129806518555,15.26066807071099,14.658682000842559,15.043456211699691,49640300
2008-06-30,14.739356994628906,15.099307560202003,14.55938111998778,14.962774995229159,42295500
2008-07-01,14.968984603881836,15.031044121603555,14.298731632586197,14.5655906364341,58147900
2008-07-02,14.640063285827637,15.378583125424203,14.615238532498964,15.031043681079119,34038500
2008-07-03,14.84486198425293,15.155164282265147,14.497323741917855,14.832449608242202,28348800
2008-07-07,14.596620559692383,15.204812787085562,13.963603579976537,15.018631879502946,58126600
2008-07-08,15.310317993164062,15.378584888936913,14.20564120125839,14.702125671380845,61171700
2008-07-09,14.714534759521484,15.620618107165274,14.621444304607712,15.347551746870103,52656700
2008-07-10,14.65247631072998,14.987602209527592,14.21184638932731,14.478706580869718,61009300
2008-07-11,14.273906707763672,14.757978752684089,13.721568957424175,14.000840334959124,82338800
2008-07-14,13.386441230773926,14.88830443235527,13.336792909387325,14.80762635399305,56418100
2008-07-15,12.728597640991211,14.162193614894727,12.697566707706418,13.03889987158473,122587000
2008-07-16,16.899066925048828,16.954921446804818,14.398030559860192,14.757981264671217,206249200
2008-07-17,17.271425247192383,17.82996912705443,15.850241388251275,16.73770493476168,115206800
2008-07-18,17.29004669189453,17.56931808651085,16.414994191419662,17.42657929479299,71649800
2008-07-21,17.091459274291992,17.74930012762003,16.94251305871782,17.407966727184903,70613600
2008-07-22,18.8850040435791,18.996713095731558,16.52670511955423,16.936305372016466,100898900
2008-07-23,18.89741325378418,19.840731481457457,18.53125639257257,18.692613753759847,122201200
2008-07-24,18.09062385559082,19.120827397026915,17.997533402320684,19.052561695940458,70564700
2008-07-25,18.053388595581055,18.624344896652826,17.69343796123425,18.202333563202902,55525300
2008-07-28,17.3334903717041,18.413342464432326,17.25281109358504,17.99753724622293,46645300
2008-07-29,18.90361785888672,18.90361785888672,17.209367377845883,17.482433766668308,62303400
2008-07-30,19.36286163330078,19.549042517123038,18.53745766325951,19.23874025494648,65749100
2008-07-31,18.785703659057617,19.387689763272995,18.62434630269165,19.05876886179128,48107500
2008-08-01,18.928442001342773,19.015326274365194,18.438163755094674,18.78570321460324,40425300
2008-08-04,18.729843139648438,19.09599987253769,18.27059597277409,18.68019482927578,46627900
2008-08-05,19.573871612548828,19.666962075130186,18.767084841521672,18.95947195535107,45806300
2008-08-06,19.01551628112793,19.429578902874553,18.88376962721265,19.322926336872605,42199300
2008-08-07,18.199934005737305,19.222542655213445,17.911344290891794,18.764564599780947,57510900
2008-08-08,18.927684783935547,19.140989911492714,18.011727260317894,18.212485942484463,45857600
2008-08-11,19.831098556518555,20.119687199477905,18.946509964339004,18.946509964339004,55278900
2008-08-12,19.05943489074707,19.77463505847922,18.877498835202296,19.448403486995026,54318600
2008-08-13,18.375606536865234,19.028068536717583,18.193669269794814,18.908868299554523,53459400
2008-08-14,18.927684783935547,19.14726373249251,18.162296571095073,18.30659086426345,40937100
2008-08-15,18.67045783996582,19.128435849767396,18.350500256011564,18.701825737828383,43611700
2008-08-18,18.06818389892578,18.739468143104727,17.917615839372402,18.739468143104727,38157700
2008-08-19,17.434547424316406,17.879977877776497,17.17732558905424,17.879977877776497,45428100
2008-08-20,18.143474578857422,18.199937769599604,17.045581064706735,17.572570047227785,52813300
2008-08-21,17.842342376708984,17.992910520387255,17.591395470578533,17.672952766342465,37272800
2008-08-22,18.419523239135742,18.607733143900237,18.005460491366343,18.331690913184172,44892000
2008-08-25,17.986629486083984,18.337955013796105,17.905072223021953,18.143471389102988,30517900
2008-08-26,17.999177932739258,18.356777296202818,17.62275710929016,17.999177932739258,33048100
2008-08-27,18.13719367980957,18.28148791245659,17.804688485936932,18.024267342395902,25864700
2008-08-28,19.090801239013672,19.097075060243153,18.18111750309248,18.413244102147154,36971300
2008-08-29,18.990419387817383,19.178629207495263,18.720651102099268,18.927682382388475,29295400
2008-09-02,19.580141067504883,19.88127840717742,19.266457285994516,19.58641488672813,37648600
2008-09-03,19.454673767089844,19.69307298185659,19.184905447347862,19.52368460142635,38035000
2008-09-04,18.6140079498291,19.417039392220058,18.551270912725055,19.172365067175235,46546500
2008-09-05,19.573867797851562,19.661698870856327,18.06191211667988,18.551258033830564,52598700
2008-09-08,21.054458618164062,21.30540423535157,19.96911170400574,20.853701167127017,97528900
2008-09-09,19.5550594329834,21.173668727871895,19.548785609767194,20.74705832204541,68945200
2008-09-10,19.88755226135254,20.389445834007724,18.883763919433502,19.762078269884412,57747600
2008-09-11,21.23639488220215,21.292858068789176,19.14726176491765,19.260188138091706,76365300
2008-09-12,21.512435913085938,21.6441825367636,20.68431085965847,20.866245647643932,63888200
2008-09-15,19.448400497436523,21.957871529363818,19.448400497436523,20.496103504521493,100858600
2008-09-16,21.91396141052246,22.03316045253152,19.44840531895259,19.573879380299246,115545500
2008-09-17,20.972904205322266,22.1147133260166,20.64040006156938,21.20502960417514,98504500
2008-09-18,23.212596893310547,24.81238349785476,20.24514898305446,21.50615657208097,166561000
2008-09-19,24.9692440032959,28.07471584338693,23.21888684338038,27.79239978642978,96587700
2008-09-22,22.070796966552734,24.592815532189235,21.518712693208844,24.561447624284938,54381000
2008-09-23,21.437150955200195,22.955381877506127,21.34931986914948,21.989235144513042,32709700
2008-09-24,21.499881744384766,22.42838523766721,21.38068279628807,22.02059545787746,26497100
2008-09-25,21.405794143676758,22.45977250884901,21.343058304909846,22.11472060919331,38564000
2008-09-26,23.407089233398438,23.996813996860926,20.703133644350604,20.872523206808697,56079000
2008-09-29,20.859973907470703,24.097190815126925,20.859973907470703,22.585234907336698,67567100
2008-09-30,23.545108795166016,23.83997237724054,21.832395277355666,22.183722047631314,46865200
2008-10-01,23.024389266967773,24.216386160678194,22.892642657537515,23.20005141287479,47778200
2008-10-02,22.058246612548828,23.626665747096432,21.9641405071889,23.21260319130457,39351300
2008-10-03,21.68183135986328,24.435975533880026,21.64418843146741,23.82742802084664,81074700
2008-10-06,21.104656219482422,22.259013275627677,20.025583839437658,20.891351033241932,59028000
2008-10-07,19.197452545166016,21.951597660254105,19.197452545166016,21.393238377003286,45277800
2008-10-08,20.013029098510742,21.179932189781216,18.331683495599048,18.789662819335856,57472800
2008-10-09,17.095762252807617,20.747040458096706,16.42447930259508,20.740767836890882,122764600
2008-10-10,17.760778427124023,18.526167751408412,15.684191771612952,15.953960061542114,122081300
2008-10-13,19.071975708007812,19.44839652523739,17.290251543515424,19.228817615469403,69324000
2008-10-14,21.02936363220215,21.437151163284117,19.93774407948471,20.68431190798891,96432200
2008-10-15,20.922714233398438,21.976692281538106,20.088316341331772,20.263978551615676,95036300
2008-10-16,21.267765045166016,21.524985695042922,18.84612544752514,20.634122356033174,73953600
2008-10-17,20.113407135009766,21.60654037542443,19.931469947434145,20.95407985726451,67021500
2008-10-20,20.220060348510742,20.703133756686228,19.51113538577456,20.53374419330902,52147200
2008-10-21,20.477279663085938,21.33050004791746,19.78717620705802,19.81227029076016,52862300
2008-10-22,19.636608123779297,20.389449826796895,18.70810423423745,19.975387249119883,65131500
2008-10-23,19.655427932739258,20.013027292796185,18.2940401185835,19.580143290123107,63126100
2008-10-24,19.39193344116211,20.07576425689117,18.19366135780762,18.21875663750096,50050200
2008-10-27,19.34174346923828,20.169869723905546,18.984144121131994,19.084522843526432,48569000
2008-10-28,21.619083404541016,21.619083404541012,19.166076583335563,19.918918059503522,62933400
2008-10-29,20.144779205322266,21.462250547227043,19.98166344373398,21.368146818929894,69966000
2008-10-30,19.975385665893555,20.859973938692878,19.900101022915212,20.79723813225453,57908900
2008-10-31,21.361873626708984,21.681832552630166,19.787181463735745,19.824823197593297,63355800
2008-11-03,21.205018997192383,21.625356426541185,20.960346078462823,21.430871658547936,37362400
2008-11-04,22.026885986328125,22.114717103967937,21.280316699952795,21.631643563730506,47060300
2008-11-05,20.069353103637695,22.172580551161133,19.83495672044056,21.938185376273747,53767600
2008-11-06,18.225866317749023,19.619571024151934,17.738069126768472,18.865703956247522,119014900
2008-11-07,18.688323974609375,18.688323974609375,17.13624234763132,17.357968466958205,291576400
2008-11-10,18.130844116210938,19.02408264478098,17.763412673311986,18.967067316718186,80723300
2008-11-11,18.263872146606445,18.707324261441197,17.7000554589161,17.706390627220575,64961800
2008-11-12,17.294614791870117,18.637640392515912,17.294614791870117,17.940787520717905,64430300
2008-11-13,18.4285831451416,18.586958729951473,16.31268523541691,17.427649497475596,86007600
2008-11-14,18.200525283813477,18.93538803663065,17.503672340056493,17.864769755213416,69123200
2008-11-17,17.630367279052734,18.200519053008726,16.9335145738578,17.858428471958984,64412800
2008-11-18,17.23126792907715,17.972465878568784,16.36336900033682,17.719063920071402,81619800
2008-11-19,15.457456588745117,17.23126383525312,15.375101817616473,17.167913360679655,86670000
2008-11-20,14.272808074951172,16.116299777322453,13.937051401647228,15.12803526249531,110888100
2008-11-21,13.785014152526855,14.893643495963293,12.600363979598336,14.519876934939916,139652100
2008-11-24,16.483728408813477,16.572418334861343,14.412175814878404,14.557881038616932,99328200
2008-11-25,17.072895050048828,17.99780823879526,15.85023487476079,17.091899354170017,78431300
2008-11-26,18.149845123291016,18.2448702500319,16.36336839064619,16.692789957770636,56597700
2008-11-28,18.30188751220703,18.377908346662537,17.433989731905147,17.972467118393638,28138600
2008-12-01,14.83028793334961,17.76340409821177,14.481862170773955,17.76340409821177,76566300
2008-12-02,16.401382446289062,16.553422930102464,14.298153941071458,15.311758374804498,80340500
2008-12-03,17.80142593383789,18.05482676964449,15.679191668375475,15.748877351338725,72932900
2008-12-04,17.452991485595703,18.47293078586509,16.965195532184687,17.44665752460036,60716600
2008-12-05,18.96706199645996,19.005071801736655,16.838493568006278,17.167915102564095,69302900
2008-12-08,20.6901912689209,20.734536249981698,19.14444485184241,19.410515946517314,70930700
2008-12-09,19.321823120117188,20.753537474885263,19.258472638717112,20.36076666516267,56791300
2008-12-10,18.491939544677734,19.51187781594303,18.149847591909477,19.359837350816093,51041700
2008-12-11,16.407712936401367,18.042149181482227,16.287347134606144,17.877438402265085,72244500
2008-12-12,16.927183151245117,17.0222094748517,15.628503756134002,15.736199209019551,51372900
2008-12-15,16.51540184020996,17.1235645687303,16.173311287168765,17.091888734359195,37629900
2008-12-16,18.865703582763672,18.891043052693316,16.756140451711218,16.76880958252102,64931200
2008-12-17,18.992401123046875,19.353497287470244,18.289214300652386,18.49827003838749,57126400
2008-12-18,18.783349990844727,19.898314601582655,18.504608536082692,19.16978692528912,62937100
2008-12-19,18.599632263183594,19.119104077304602,18.054819771149354,19.062088760309855,88618600
2008-12-22,17.37063980102539,18.56162405182925,17.281949831543994,18.44125943847884,41191700
2008-12-23,17.09822654724121,17.795079303221875,17.09822654724121,17.712723329421674,28140900
2008-12-24,17.408647537231445,17.535348514203402,17.015876683576494,17.294616899618696,11211400
2008-12-26,17.427648544311523,17.64937459258053,17.199587327999435,17.465658344260287,12384400
2008-12-29,17.630367279052734,17.681047409886386,17.294610657086274,17.668377075100565,20971000
2008-12-30,18.244863510131836,18.244863510131836,17.49099673594071,17.61769645535395,28636600
2008-12-31,18.675647735595703,19.31548521118466,17.86476555529267,18.175181540978645,45109700
2009-01-02,19.005069732666016,19.302815390152926,18.162511689516883,18.48559801996938,36522300
2009-01-05,17.776081085205078,18.87204140703867,17.776081085205078,18.840365554783236,43614200
2009-01-06,17.446651458740234,18.25753351493562,17.28827590610088,18.162508425013918,54222900
2009-01-07,16.38871192932129,17.21859995322638,14.963331154495402,17.1552494549054,52631000
2009-01-08,16.293676376342773,16.515402391098274,15.907240850601609,16.06561640281131,52580100
2009-01-09,15.92625617980957,16.45839850065236,15.831231024297018,16.4393941945361,43187900
2009-01-12,15.07735824584961,16.04028228661478,14.912648667583259,15.957927497481604,57566500
2009-01-13,15.444792747497559,15.717199056907448,14.83029566481989,14.880975824130314,65413600
2009-01-14,14.614906311035156,15.020347630608736,14.380511001273097,14.798622664160963,71135600
2009-01-15,12.771410942077637,14.583228569352144,12.05555361293159,14.564223058409969,178862300
2009-01-16,11.83382797241211,13.487270034842544,10.788548993759056,13.195858229948525,173589900
2009-01-20,9.014735221862793,10.78220678414797,8.754999439408689,10.623831248099883,203896600
2009-01-21,10.54781436920166,10.661844990756798,8.70432254288668,9.502535685462739,188824400
2009-01-22,10.003000259399414,10.509802167871445,9.553213648701773,10.161376422192058,94501600
2009-01-23,10.053683280944824,10.237398957629196,9.306150235878414,9.458191275050469,84417000
2009-01-26,9.806617736816406,10.699856103833982,9.781277662722113,10.262740278823708,75464000
2009-01-27,10.2564058303833,10.541481230871305,9.977664391592915,10.009339637476605,77306500
2009-01-28,13.423909187316895,13.588619870338432,11.662772999602893,12.04287448285957,203219500
2009-01-29,11.897175788879395,13.132504773162916,11.865499943142915,12.562352841315908,127527600
2009-01-30,11.97319507598877,12.51167235574616,11.637439578494698,12.258271638304427,97576800
2009-02-02,12.182254791259766,12.340630442342114,11.529747882119098,11.662782849039315,81939400
2009-02-03,11.738802909851074,12.505340429947417,11.054620191165236,12.448325102697742,95285100
2009-02-04,11.261249542236328,12.455134559942465,11.151541049534643,11.93886002422606,89512300
2009-02-05,10.49974250793457,11.22898036217015,9.46719232075785,11.119271881703334,206588100
2009-02-06,12.35187816619873,12.5132140930546,11.035377643120475,11.196713569976342,118216200
2009-02-09,12.300250053405762,12.648736227391389,11.984031801582898,12.364784666835918,74538100
2009-02-10,10.551369667053223,12.300250490937119,10.370672989200306,12.15827532105688,136825300
2009-02-11,11.293510437011719,11.345137864059401,10.557819293858483,10.809502846854073,74251900
2009-02-12,10.84177017211914,10.848223754745876,9.854395417234217,10.673981947404142,144748600
2009-02-13,10.170616149902344,10.596542863705375,10.041547541999556,10.551369004801318,88502000
2009-02-17,8.834753036499023,9.71887425238036,8.834753036499023,9.40910902456807,122235400
2009-02-18,8.421734809875488,9.292948373722677,7.782844739964684,9.247774514874742,190592400
2009-02-19,7.750576972961426,8.873474716672973,7.705402501353974,8.331385980964603,129429500
2009-02-20,7.040698528289795,7.356916742370919,5.6854773470360005,7.143953405096071,372764600
2009-02-23,7.118140697479248,8.35720062613708,6.814829607618078,7.589241909167298,225178200
2009-02-24,8.421734809875488,8.460455084474384,7.195581497703185,7.350464442441775,187177900
2009-02-25,8.673415184020996,9.08643518914483,7.595692252498573,8.363650641763698,209935600
2009-02-26,9.292945861816406,9.705965910399525,8.918646692813503,9.41556146761417,170145000
2009-02-27,7.808661460876465,9.570450018033672,7.660232043374101,8.099066093705378,186832300
2009-03-02,6.995523452758789,7.376276206122405,6.627677864467333,7.085871146473881,162697700
2009-03-03,6.885817050933838,7.59569533852508,6.737387685878496,7.408545082232092,156370200
2009-03-04,6.234020233154297,7.3052907092684825,5.769372582695322,7.3052907092684825,237467700
2009-03-05,5.240189075469971,5.769370541389502,5.033679355198449,5.737103859182711,274724600
2009-03-06,5.556406497955322,6.124308768461097,5.169200824051906,5.633847632736005,256312500
2009-03-09,6.43407678604126,6.905177386114086,5.4854213858159655,5.582222693504224,209041300
2009-03-10,7.621506214141846,7.711853900870908,6.905174609661661,7.2149397775186905,233377400
2009-03-11,7.666680335998535,8.21522190467812,7.305287729612325,8.015165777841764,190297200
2009-03-12,9.002543449401855,9.04126433771491,7.331103361485596,7.447265410977117,194211600
2009-03-13,8.996088981628418,9.686607011330414,8.331385285230777,9.344574480418672,197054500
2009-03-16,8.84121036529541,9.83503984083172,8.834756779275239,9.299404510114297,183999100
2009-03-17,9.460735321044922,9.460735321044922,8.350744362800903,8.757310829171342,144894400
2009-03-18,11.112812995910645,11.170894000858015,9.138062520384647,9.292944789946013,232658000
2009-03-19,9.951199531555176,11.358048941952147,9.789863612581128,11.267699990317823,175963000
2009-03-20,9.02835464477539,9.983463263083593,9.00254093160206,9.93183583673693,167275700
2009-03-23,11.183810234069824,11.403227268278592,9.822134766203789,10.260968219173394,186689100
2009-03-24,10.002826690673828,11.312874758445691,9.957652831594686,10.680437038651661,167873500
2009-03-25,10.596541404724121,11.093456246041885,9.59625875416768,10.519099635197325,217755200
2009-03-26,10.293231010437012,10.906307349845925,9.983466356378988,10.874040659967292,163404200
2009-03-27,10.060907363891602,10.732064103943863,9.880211318492915,9.91247800787123,129904000
2009-03-30,8.628243446350098,9.757594692450073,8.628243446350098,9.486550344150272,148010900
2009-03-31,9.189693450927734,9.518818860945844,8.873475209356295,9.041264706477017,145973500
2009-04-01,9.344576835632324,9.641434973529359,8.808941593516678,8.854116072737527,156839200
2009-04-02,9.893118858337402,10.486835110767437,9.622074455469443,10.273871739292286,206881200
2009-04-03,10.54491138458252,10.54491138458252,9.634977277826668,9.789859548030337,130556900
2009-04-06,9.841489791870117,10.09317401466597,9.705967612741215,9.989918522824453,119301700
2009-04-07,9.58335018157959,9.938288575717946,9.363933316910273,9.5252691744086,117192300
2009-04-08,9.609169006347656,9.789865090552848,9.299403675119544,9.744691223363494,91295200
2009-04-09,12.655184745788574,12.874601605078459,11.241882324102525,12.803613435633238,376577100
2009-04-13,12.693906784057617,12.874603408458437,11.945308417232154,12.164725307256347,173737800
2009-04-14,11.79042911529541,12.60356228506358,11.648452720495902,12.442226367988038,154442900
2009-04-15,12.616464614868164,12.66809204433201,11.358045560101282,11.596821959785942,119185500
2009-04-16,12.551934242248535,12.900419166447286,12.035658593690153,12.687455815299353,129565500
2009-04-17,13.07465934753418,13.545759803149656,12.184084635737356,12.526117130977445,166941600
2009-04-20,10.970839500427246,12.422862375483792,10.957932335011932,12.24216575235454,162271800
2009-04-21,12.13891315460205,12.13891315460205,10.415845638965136,10.686890008758423,185041900
2009-04-22,11.732346534729004,13.268263720524011,11.712985784118636,11.75170605444417,248215300
2009-04-23,12.964944839477539,13.0875603907378,12.00338363008687,12.016290789355203,206481900
2009-04-24,13.810349464416504,14.178195030792914,12.939135568270045,13.31343471679805,222241900
2009-04-27,13.100469589233398,13.700639105185422,13.074656495147755,13.203724427365492,134002500
2009-04-28,12.57129192352295,12.984312628094271,12.4422239534467,12.506757323037263,107394300
2009-04-29,12.887510299682617,13.35215844523315,12.48739798645315,12.803616179455517,142750100
2009-04-30,12.913328170776367,14.171747704352242,12.842339966668046,13.139198722206544,115836200
2009-05-01,12.655184745788574,13.152098239220486,12.48739531039661,12.89396111973088,96730100
2009-05-04,15.649582862854004,15.649582862854002,13.074661953951644,13.190824003072773,294065000
2009-05-05,15.017142295837402,15.585043987177531,14.6686562438893,15.24946509957453,175576000
2009-05-06,17.35832405090332,17.35832405090332,15.780294255308645,15.851435321978702,256184300
2009-05-07,16.01310920715332,18.32841329479365,15.67034027352379,18.076187819856905,236941900
2009-05-08,18.224946975708008,18.224946975708008,15.411656505940538,15.541003676281171,478736600
2009-05-11,17.157835006713867,18.399563000279738,17.157835006713867,17.58467888885721,188439600
2009-05-12,16.621044158935547,17.520002935215274,15.709150422273703,17.29364606271115,189795100
2009-05-13,15.650944709777832,16.3882201996155,15.625074788392634,15.96137636512572,135710100
2009-05-14,16.614574432373047,16.614574432373047,15.437520334749907,15.6832783810538,122509300
2009-05-15,16.084257125854492,16.892673721305556,15.896703883607849,16.543437159968697,94467400
2009-05-18,17.416526794433594,17.429461755614227,16.342949687356764,16.827999629718434,107543400
2009-05-19,16.45936393737793,17.51353873503634,16.427026530366355,17.474735080168397,96754700
2009-05-20,15.819093704223633,16.912073173115623,15.702682762751222,16.72452118389976,122873300
2009-05-21,16.19420623779297,16.342954635771797,15.159432467397423,15.165899949946002,98832400
2009-05-22,15.722079277038574,16.297672500216486,15.722079277038574,16.220063995519403,59379300
2009-05-26,16.588701248168945,16.659842273095904,15.573330632789276,15.670340336342658,92738800
2009-05-27,15.573336601257324,16.75039091817947,15.553934159692554,16.7180547491173,110028600
2009-05-28,16.019582748413086,16.019582748413086,15.01714548018061,15.631542555340701,128903700
2009-05-29,16.491701126098633,16.491701126098633,15.605675856171514,16.03252102017994,121275800
2009-06-01,16.446430206298828,16.847404214905005,16.168334652901557,16.65985217437529,122370300
2009-06-02,15.773823738098145,16.135995250047195,15.592739215669413,16.064854197066882,102133000
2009-06-03,15.605673789978027,15.935507916855435,15.443990467011407,15.715618498937163,82289300
2009-06-04,16.233007431030273,16.233007431030273,15.37931960117437,15.773826108276884,75247800
2009-06-05,15.987253189086914,16.61458553293235,15.967851971720231,16.472303359996005,79067200
2009-06-08,16.420557022094727,16.556371647687186,15.844964817342253,15.909638389836482,65703100
2009-06-09,16.59517478942871,16.61457723064639,16.24593948233078,16.491697570025934,70525600
2009-06-10,16.110124588012695,16.685716765384033,15.896702672416357,16.65338059744806,88999800
2009-06-11,16.181264877319336,16.427022949302724,15.676812539822055,16.129526270925695,63676900
2009-06-12,16.478761672973633,16.49169663305052,16.026049172193776,16.11659142564061,49000500
2009-06-15,15.9807767868042,16.491696607126926,15.941973140180222,16.310610866972223,59908800
2009-06-16,15.780294418334961,16.239475765196172,15.715620832834587,15.715620832834587,62161500
2009-06-17,14.933069229125977,15.676812139628137,14.861928184571159,15.625073534555263,100761400
2009-06-18,15.327581405639648,15.476329785108053,13.950038632869441,14.894269997175941,73968300
2009-06-19,15.644477844238281,16.297678582335458,14.965407183739257,15.521598179921085,101330400
2009-06-22,14.557963371276855,15.644475261894366,14.538560932678118,15.3793147687729,82122000
2009-06-23,14.816661834716797,15.068887461545843,14.33161179324799,14.654978487560529,83126100
2009-06-24,14.984810829162598,15.19823277193733,14.784323848627764,14.991278310282546,69038200
2009-06-25,15.392251968383789,15.398719449376438,14.389815851894856,14.920136957833304,64436000
2009-06-26,15.437518119812012,15.573331465338256,15.198226353612196,15.353442134304492,62738900
2009-06-29,15.864370346069336,15.935510179464277,15.262908101867348,15.495731281185575,60701400
2009-06-30,15.689742088317871,16.15538938525603,15.638003499769185,15.819087942916955,75007300
2009-07-01,15.612147331237793,15.929046619240673,15.547474963783344,15.68328841569329,57186500
2009-07-02,14.92660140991211,15.450454928557278,14.913666450551583,15.346977720764297,52546200
2009-07-06,14.939539909362793,15.146494373988917,14.37041389809504,14.842530158262536,77596200
2009-07-07,15.088285446166992,15.41811952487012,14.874863540364458,14.971873273266397,64747000
2009-07-08,14.816661834716797,15.243505772525664,14.279873171499826,15.08828990728117,93891900
2009-07-09,15.055947303771973,15.249966744112728,14.622636069035131,15.010674949716645,53836900
2009-07-10,14.790789604187012,15.094753780087395,14.751984721994473,14.920135510858223,53700500
2009-07-13,16.038984298706055,16.038984298706055,15.08181937329156,15.120623023363555,86119200
2009-07-14,15.780294418334961,16.058389972504333,15.489265133902345,15.98724890509932,67883400
2009-07-15,16.362346649169922,16.472291323580514,15.941970388263115,15.987241507100629,90990200
2009-07-16,16.200664520263672,16.414086405233824,15.89023291186082,16.21359947900018,61519900
2009-07-17,16.168336868286133,16.38175886560566,15.896708759557077,16.21360801414994,54724600
2009-07-20,16.5046329498291,16.802129654777982,16.01311552841523,16.22006997247459,64893800
2009-07-21,16.39469337463379,16.750396282412893,16.03898923330851,16.672788958392008,64544500
2009-07-22,15.812627792358398,16.08425579530165,15.146492128735582,15.321110394958902,150692300
2009-07-23,15.689742088317871,15.87729400922738,15.534526322671818,15.767349354368271,99923300
2009-07-24,15.178836822509766,15.55394225312616,14.984817240087859,15.541008518898742,93905100
2009-07-27,15.66386890411377,15.735009911081896,15.120613221099882,15.21115665729886,62487900
2009-07-28,15.857901573181152,15.935508882120374,15.4569263651754,15.515132463652783,62683700
2009-07-29,15.767359733581543,16.01311911612328,15.625078829799422,15.709154862501727,48075900
2009-07-30,16.084257125854492,16.36881887930027,15.864367713208138,15.941975015585776,54517400
2009-07-31,15.819093704223633,16.12305910200331,15.806159977534945,16.103656661651723,54880800
2009-08-03,16.685718536376953,16.705120979325322,16.084257607527977,16.103658816930476,66231200
2009-08-04,17.170757293701172,17.455320103362432,16.31060262150367,16.614567861441284,82298700
2009-08-05,18.155662536621094,18.175100356197348,17.23556825517986,17.30684232008209,87411700
2009-08-06,18.123266220092773,18.784179351822505,17.79928934013197,18.50555903731642,85642200
2009-08-07,18.63514518737793,19.01743790005354,18.14270031620471,18.408361186250694,71572200
2009-08-10,18.557384490966797,18.784168422158718,18.2398874816473,18.466671412839226,43352200
2009-08-11,17.423473358154297,18.350047280985038,17.423473358154297,18.337087911297196,72918200
2009-08-12,17.60489845275879,17.818723080287306,17.248524485502383,17.313318853459293,53521000
2009-08-13,18.0649471282959,18.077906497841035,16.87919200413303,17.844644025396104,49493800
2009-08-14,17.967748641967773,18.201012276462237,17.68912846429341,18.013105185147673,45055900
2009-08-17,17.04117774963379,17.488266042003346,17.00878056671318,17.33275733941248,51950300
2009-08-18,17.067094802856445,17.332755631421463,16.98286015816616,17.196685993515413,36659900
2009-08-19,17.242040634155273,17.404028986641894,16.73663652948272,16.859748023417005,46441900
2009-08-20,17.805757522583008,17.961266176192602,17.293875025602205,17.300354707320054,48097300
2009-08-21,18.10382652282715,18.19453964433935,17.89648153887149,18.08438746712871,51137800
2009-08-24,17.702091217041016,18.49259535814756,17.62433748124672,18.252851995056226,51642300
2009-08-25,17.708572387695312,18.18805791825901,17.68913333417809,17.864081108212716,42789000
2009-08-26,17.89647674560547,17.961271108832356,17.507704386877858,17.585458117099424,43310800
2009-08-27,17.974220275878906,18.045495518029362,17.727998622071272,17.85110883103881,35292800
2009-08-28,17.689128875732422,18.149176472699935,17.630812965752412,18.149176472699935,35405800
2009-08-31,17.83167839050293,17.883514614596766,17.345713326170806,17.475303268468867,35614100
2009-09-01,16.98285675048828,17.993664868709907,16.723675657049252,17.715044729810597,87353300
2009-09-02,16.90511131286621,17.300363446196943,16.77552008479509,16.91159099785712,53902400
2009-09-03,17.436424255371094,17.442903937066493,17.04765200475747,17.060611368148273,39465400
2009-09-04,17.436424255371094,17.48178079136598,17.209640339523737,17.416985210284892,31552900
2009-09-08,17.481786727905273,17.68265322105504,17.235564919231585,17.630815749888647,31736000
2009-09-09,17.935352325439453,17.98070887079725,17.481784400115117,17.514182815280098,47483700
2009-09-10,18.051990509033203,18.110306441005022,17.68913554656996,17.81872678114592,40938900
2009-09-11,17.77337646484375,18.20102595898471,17.73449957516022,18.026078101597765,33802300
2009-09-14,18.09085464477539,18.136211174173066,17.559533181763623,17.604889711161302,32056200
2009-09-15,18.51850128173828,18.719366415493248,18.006618927484155,18.09733197449493,50756800
2009-09-16,19.05631446838379,19.15350725708426,18.382443395636923,18.64162457746264,49675000
2009-09-17,18.64810562133789,19.075754911503438,18.49907534953142,18.94616369320393,36872000
2009-09-18,18.460193634033203,18.842486268234026,18.291725588802915,18.842486268234026,42749200
2009-09-21,18.33060646057129,18.5897876325179,18.23989212348499,18.395400826652956,34390700
2009-09-22,19.043354034423828,19.140548053557488,18.350043948393683,18.550909198581554,45230300
2009-09-23,18.63514518737793,19.05631476897229,18.60274676671782,19.0044785317895,38182200
2009-09-24,18.434282302856445,18.913767867672718,18.090866414760644,18.725860711203257,46650900
2009-09-25,18.265806198120117,18.427794543739804,18.00662509230322,18.317642419283498,34479100
2009-09-28,18.72585678100586,18.72585678100586,18.149178534440995,18.343564099207747,31319700
2009-09-29,18.369482040405273,18.771212519808437,18.337083623761,18.596266013422273,29705900
2009-09-30,18.25933074951172,18.583307515866792,18.0714236318066,18.421319132689256,39190600
2009-10-01,17.235565185546875,18.1815768032308,17.19020863344879,18.1815768032308,56454900
2009-10-02,17.028213500976562,17.29387426028731,16.840306447093276,16.872704854248774,52060900
2009-10-05,18.201011657714844,18.337081282628823,17.715046592953943,17.779842182096676,56118100
2009-10-06,18.570350646972656,18.823052163247464,18.343566632838968,18.363005686349897,59068600
2009-10-07,18.95911407470703,18.985031564556767,18.375956340550022,18.460189727402746,41824100
2009-10-08,18.823043823242188,19.06926678179176,18.732330752130718,18.894319085328576,45338900
2009-10-09,18.926727294921875,19.004482283984494,18.69994448489262,18.797137294315675,29218700
2009-10-12,19.620040893554688,19.788509024575735,18.861934921896854,19.114636500491546,52504500
2009-10-13,19.477481842041016,19.658909266751248,19.19238319219051,19.425645611534268,38648600
2009-10-14,20.306867599487305,20.365183527171975,19.691311134315097,19.89217765672831,62894600
2009-10-15,20.332778930664062,20.42997293788288,20.03472093375423,20.086557160863467,39072700
2009-10-16,19.451560974121094,19.846811699792806,19.3284494845481,19.81441452479239,57472400
2009-10-19,19.483951568603516,19.710735424631377,19.289566112506826,19.665378900600324,32327500
2009-10-20,19.736663818359375,19.85329565083594,19.341413007700577,19.425646422337387,41722700
2009-10-21,18.72585678100586,20.16431440942361,18.686979915227166,19.503401511819416,113718800
2009-10-22,19.548757553100586,19.62003283507002,18.537950418014223,18.65458224819212,74918700
2009-10-23,18.99799919128418,19.555239677983334,18.823051424175368,19.555239677983334,49377700
2009-10-26,18.434282302856445,19.004480985486364,18.317650445168304,18.991521615549118,55207900
2009-10-27,18.39539909362793,18.602744011651318,18.1686163619606,18.408358459972693,49819400
2009-10-28,17.792795181274414,18.31763818972402,17.753918333346828,18.291719467190486,57274600
2009-10-29,18.51203727722168,18.54443570421131,17.94183855681405,18.129744489859412,47894800
2009-10-30,17.83167839050293,18.466672444620702,17.72152625981939,18.36299999643303,66430300
2009-11-02,17.88999366760254,18.298203763493802,17.32627366902858,18.051982016680075,55576000
2009-11-03,17.974220275878906,18.168606962869458,17.50121477185191,17.572490014002366,37878400
2009-11-04,17.40949821472168,18.253359805335172,17.344585594196754,18.188447184810247,46075800
2009-11-05,17.714576721191406,17.740541011238395,17.20176868313971,17.539313120482255,53391400
2009-11-06,17.604228973388672,17.74054430719613,17.253701706847053,17.344578596052028,37610100
2009-11-09,18.43511199951172,18.43511199951172,17.60423449343669,17.850900943526426,44419900
2009-11-10,18.24036979675293,18.46756325939866,18.13001875707385,18.33773806985688,35216700
2009-11-11,18.694753646850586,18.90896432187121,18.337736267851096,18.415631621542524,40085800
2009-11-12,18.318262100219727,18.759666215086046,18.246859367359335,18.681772099582954,34730700
2009-11-13,17.967741012573242,18.27282865149432,17.76651304809785,18.220898814271475,36576600
2009-11-16,18.31177520751953,18.616864076009165,18.032653114072236,18.123530017143217,45256000
2009-11-17,18.41562843322754,18.493522535328445,18.16246950613852,18.29878604197175,29199400
2009-11-18,18.73369789123535,18.779136321851507,18.350715064464385,18.363697826955963,27288800
2009-11-19,18.383174896240234,18.58440280801883,18.266332483560838,18.55843851525933,30848000
2009-11-20,18.091073989868164,18.35721454788801,17.95475739975036,18.311774859112127,41877900
2009-11-23,18.22089958190918,18.40265463889887,18.097565749019566,18.318267876040967,32738800
2009-11-24,18.08458137512207,18.22089671785885,17.837913748115277,18.10405428802456,29019100
2009-11-25,18.065109252929688,18.25984583245364,17.948266809973326,18.18195169588605,22882000
2009-11-27,17.617210388183594,17.90931644175157,17.46142090564892,17.500367966756404,23176800
2009-11-30,18.2014217376709,18.240368797157174,17.688613628998663,17.70808777779415,36739300
2009-12-01,18.16897201538086,18.428621244915284,18.07809509457011,18.27283170719463,33169200
2009-12-02,17.818443298339844,18.162478013626295,17.70809223692032,18.097565406066867,35368000
2009-12-03,17.19528579711914,18.117041454151174,17.143355953262624,17.863883620113796,66620600
2009-12-04,17.5003719329834,17.8054608220998,17.24072273657957,17.539320241022747,63916000
2009-12-07,17.110897064208984,17.727563689882256,16.994054627863232,17.57177418745622,35764600
2009-12-08,16.896678924560547,17.175800886700497,16.818783588497617,16.870713399838117,42682400
2009-12-09,16.851245880126953,17.10440489326409,16.760368984085588,16.97457969482941,35697000
2009-12-10,16.435810089111328,17.045986647075203,16.390371633175572,16.994056806276472,62139500
2009-12-11,16.49423599243164,16.650025559008743,16.234586714803136,16.286516570328835,48496300
2009-12-14,16.546154022216797,16.81878587839973,16.286504930162707,16.48773282174156,43877900
2009-12-15,16.656509399414062,17.0849308229294,16.228087975898724,16.890194262460557,254575800
2009-12-16,16.773353576660156,17.01352861036147,16.591598526695794,16.935634473308877,87439800
2009-12-17,16.922649383544922,16.994053364471128,16.63054455250145,16.643526081493185,80733500
2009-12-18,17.383527755737305,17.52633447985543,16.994053408564,17.123877365551888,145756600
2009-12-21,17.747039794921875,17.844408089889786,17.428969371037347,17.519846281260058,47240800
2009-12-22,17.630197525024414,17.721074436171378,17.312127097904987,17.695110135031555,45699700
2009-12-23,17.42896842956543,17.708091768006213,17.34458167054125,17.701600383611662,25516800
2009-12-24,17.584758758544922,17.617214443922133,17.44195200953814,17.500371995596115,10481200
2009-12-28,17.364051818847656,17.65615785870566,17.22773649231705,17.578262502041966,19753100
2009-12-29,17.318614959716797,17.448438915216883,17.234228212442176,17.344579255574892,18586500
2009-12-30,17.40949821472168,17.40949821472168,17.162831742453278,17.20177881952613,19087700
2009-12-31,17.519847869873047,17.682128788902737,17.325111262279478,17.357566950843353,28942400
2010-01-04,17.734054565429688,17.83791423073577,17.409492801821955,17.539318002506995,39335700
2010-01-05,18.22089958190918,18.33125064541988,17.68212703373459,17.701601187802964,55416000
2010-01-06,18.246864318847656,18.389671061425272,18.039144970332952,18.19493448171898,33237000
2010-01-07,18.908971786499023,19.10370962855124,18.1235327473933,18.25335797542811,61649000
2010-01-08,18.73369789123535,19.051768143652797,18.564925693157946,18.759662178114137,35508700
2010-01-11,18.694753646850586,18.9349298524699,18.55194694287172,18.883000029377165,24387800
2010-01-12,18.227392196655273,18.532479869018072,17.85090052599486,18.480550026103018,39795000
2010-01-13,18.55194091796875,18.668783291508,18.04562437866674,18.168958132747534,36715300
2010-01-14,18.81808853149414,18.960895243748663,18.50001819185585,18.50001819185585,31540700
2010-01-15,18.227392196655273,18.759673396060847,18.097566970315082,18.707743553145793,47255900
2010-01-19,18.357215881347656,18.480548474097677,17.922303019168858,18.130022373384698,40815800
2010-01-20,18.05861473083496,18.597387161217792,17.98072060780153,18.188439920030365,75712300
2010-01-21,18.175457000732422,18.500018732888357,17.643175958093448,18.162474234301044,90151500
2010-01-22,17.695106506347656,18.441598273086246,17.636685293132,18.155983590488027,69506900
2010-01-25,17.954757690429688,18.20791548432636,17.649670060910495,17.818442336209923,48319700
2010-01-26,17.519847869873047,18.402656465588226,17.474409410641556,17.818445404702363,66590800
2010-01-27,18.305278778076172,18.331243067996336,17.448434924829318,17.46141768884166,63074200
2010-01-28,18.467567443847656,18.6752868036965,17.993706261324302,18.357216379164825,62109300
2010-01-29,18.45458221435547,18.934933479501893,18.422125294889906,18.461073598248582,88783700
2010-02-01,18.779146194458008,18.88300587278319,18.506514229328147,18.56493545314919,45240000
2010-02-02,18.688262939453125,18.90896375237172,18.50650794505031,18.798612726860117,50306600
2010-02-03,18.298114776611328,18.71427744340728,18.19407441997706,18.577723700163002,44597600
2010-02-04,17.59583854675293,18.259096629777382,17.556823730180508,18.174564320494024,68235300
2010-02-05,17.829925537109375,18.01849813766645,17.309723976684662,17.751894682916493,68479000
2010-02-08,17.18618392944336,17.82343145835639,17.166675896422326,17.706385740748086,43425800
2010-02-09,17.368255615234375,17.647864580824468,17.147170754341232,17.48530134411014,46845300
2010-02-10,17.67386817932129,17.920963653943588,17.264208293166693,17.303224347258556,42104800
2010-02-11,17.608848571777344,17.712888937084763,17.368254451842066,17.654366076566966,35821600
2010-02-12,17.47879981994629,17.582841439351736,17.212196193351517,17.420278191903257,45333600
2010-02-16,17.8104190826416,17.8104190826416,17.51780614421961,17.68036930120687,36097500
2010-02-17,17.771413803100586,17.97299187859936,17.615353237528073,17.940479725868926,50109700
2010-02-18,17.77791404724121,17.927471913735783,17.660868329024954,17.7519033364114,30287900
2010-02-19,17.797422409057617,17.868949384642704,17.602345795008073,17.60884847283562,32174300
2010-02-22,18.213586807250977,18.304621831009907,17.80392671981742,17.868952268327735,41852200
2010-02-23,17.74539566040039,18.207074452991442,17.67386747102377,18.174562316143078,38755100
2010-02-24,17.985994338989258,18.057522551786903,17.67387325811413,17.84944183120349,35782300
2010-02-25,17.842937469482422,17.86894693697089,17.582836593303718,17.667368912964744,34185600
2010-02-26,17.77791404724121,17.88195441004256,17.511310462530385,17.875451732335108,50819700
2010-03-01,17.78441619873047,17.94047673831486,17.654365128947347,17.849441733622026,34311000
2010-03-02,18.122547149658203,18.34363197364843,17.797420730498814,17.816927521882704,45592200
2010-03-03,18.337125778198242,18.4996889455927,18.16805993527698,18.174562610803783,35902200
2010-03-04,18.4866886138916,18.577723615466834,18.34363219397752,18.43466843581163,30891500
2010-03-05,18.954872131347656,19.032903026479385,18.564720136207015,18.616740319541837,40554100
2010-03-08,18.78580093383789,19.084917833951742,18.74028344127372,18.941861439883034,31311900
2010-03-09,18.844327926635742,19.000388467032813,18.512698813194874,18.714278096434317,31292400
2010-03-10,19.22797393798828,19.39703980462358,18.922355586912197,18.941862375970185,42568300
2010-03-11,19.351530075073242,19.351530075073242,19.013398206119167,19.201972177740974,32127400
2010-03-12,19.266990661621094,19.4685699303845,19.175955662991708,19.397041722742077,36671500
2010-03-15,19.436058044433594,19.436058044433594,19.026399278738044,19.16945446480052,26911900
2010-03-16,19.689659118652344,19.71566859085392,19.338521941988315,19.462070345658145,40201400
2010-03-17,19.86522102355957,19.94325189930153,19.67664837092609,19.774186035409524,33176200
2010-03-18,19.6961612701416,19.87172861352035,19.410049642019967,19.813205752307766,33984900
2010-03-19,19.75467300415039,19.858714558880603,19.481566868597234,19.75467300415039,53781800
2010-03-22,19.774187088012695,19.89123278772677,19.540095688584543,19.566106395302675,28594000
2010-03-23,20.209863662719727,20.23587437865203,19.75468605597798,19.813208926566467,39320200
2010-03-24,20.066802978515625,20.339909220098946,19.943254592017276,20.05379762409288,36135600
2010-03-25,20.19685173034668,20.80158703607031,20.0928113810027,20.17734494000643,47424300
2010-03-26,20.300891876220703,20.658531658732556,20.157836707371228,20.294389199419527,36079700
2010-03-29,20.22286605834961,20.450454828382256,20.092814978256946,20.385429288335924,25280200
2010-03-30,20.05379867553711,20.35291440139005,20.02778796532785,20.222864571120525,26937900
2010-03-31,20.235868453979492,20.261877922037527,19.884731333254756,19.884731333254756,28384000
2010-04-01,20.398427963256836,20.547985788197092,20.242366222157266,20.417934750700322,33041400
2010-04-05,20.489465713500977,20.645526235425898,20.326902514796835,20.47646035994254,30821900
2010-04-06,20.990161895751953,21.06169010849128,20.385427767146545,20.39193044469184,39500100
2010-04-07,20.801591873168945,21.126719590795958,20.65853666962033,20.99016458510762,34514700
2010-04-08,20.95764923095703,21.0746949433653,20.52197976824786,20.671538867580033,32203600
2010-04-09,21.00316619873047,21.230756180638377,20.756070665681616,21.068192970926038,27106200
2010-04-12,21.0811824798584,21.26325484605854,20.98364610417747,21.068179614180533,25108400
2010-04-13,20.90562629699707,20.964149142016552,20.632518860067044,20.91212773288043,38042000
2010-04-14,21.640417098999023,21.73145211392463,21.0356816649725,21.107209885419223,54445900
2010-04-15,21.789976119995117,22.03707294525765,21.536377856404894,21.60790608060075,47891800
2010-04-16,21.17222785949707,21.620901309474448,20.58699946342476,21.594890607311882,89843800
2010-04-19,21.471343994140625,21.62740324972561,20.89261950035511,21.211241927476124,54879400
2010-04-20,21.907020568847656,22.037071652436193,21.45834693501121,21.581894100135365,46816100
2010-04-21,21.464839935302734,22.271154352181515,21.139713594394976,21.191734999588437,96214600
2010-04-22,21.835487365722656,21.926522348962305,21.17222929859734,21.263264281836985,49765400
2010-04-23,21.77046012878418,21.972039359052282,21.588390166295056,21.91351651674975,30999200
2010-04-26,21.276275634765625,21.750959953054874,21.191742063407336,21.692437092963438,36186000
2010-04-27,20.62601661682129,21.503858070278906,20.580499123130522,20.938138876895536,52674300
2010-04-28,21.100698471069336,21.230749493982994,20.788576264128256,20.853601775585084,39027300
2010-04-29,21.607900619506836,21.718444887285077,21.282774213891894,21.32179027555203,31021400
2010-04-30,21.52986717224121,21.991545991308648,21.445333627174,21.620902152844124,53446100
2010-05-03,22.030555725097656,22.167108156822586,21.59488525369218,21.60138916787897,37442300
2010-05-04,21.419330596923828,22.089092800816605,21.276276639238343,21.724950267443038,53828300
2010-05-05,21.269548416137695,21.60819431217234,20.65738102594348,21.250011965076432,45183200
2010-05-06,20.305696487426758,21.328144754791314,19.087875156411457,21.126259131471162,78743100
2010-05-07,20.071256637573242,20.6769112444206,19.667487727771135,20.110330767715077,66958000
2010-05-10,21.471431732177734,21.54306869026733,20.943925255208992,21.002537085983295,67195800
2010-05-11,21.432355880737305,21.927298286431164,21.11324647922557,21.17185830871593,47883200
2010-05-12,21.9207820892334,22.018469278085146,21.53003830240322,21.608186562911573,39616100
2010-05-13,21.543067932128906,22.031499009963024,21.543067932128906,21.816588143257327,33791100
2010-05-14,20.865772247314453,21.4128150491489,20.683424232654897,21.334664302966512,57390600
2010-05-17,20.820186614990234,20.99602332906169,20.27965631554887,20.891824806914755,47043700
2010-05-18,19.92146873474121,21.067652172489723,19.76517099323005,21.022065486483637,56666700
2010-05-19,19.589344024658203,19.719592819882678,18.94461509680064,19.50468317726349,72538500
2010-05-20,18.684110641479492,19.53723627781021,18.658060396879947,19.17254154842475,78027500
2010-05-21,19.60887336730957,19.732608303728615,18.267315571011814,18.267315571011814,88191700
2010-05-24,18.697139739990234,19.374431382881617,18.57991733300769,19.257207733754694,64867000
2010-05-25,18.82086944580078,18.82738200651696,17.870057939830044,18.045892110591023,55196200
2010-05-26,18.260805130004883,19.107418252758812,18.039383007042638,19.035781318228647,62366800
2010-05-27,19.15300750732422,19.198594201898672,18.560377993567805,18.697138077291164,48871900
2010-05-28,18.684110641479492,19.21161567318004,18.58642470851925,19.19207798973038,40885500
2010-06-01,18.384538650512695,19.016243405108256,18.358489648608057,18.677597685339915,39475500
2010-06-02,19.003223419189453,19.016248544734147,18.443155442211015,18.599453222314324,32478900
2010-06-03,18.79482078552246,19.198589620087553,18.573398685737484,19.12044137436578,30888500
2010-06-04,18.09148406982422,18.527815797954087,18.006822003779078,18.417104725379517,50696800
2010-06-07,17.77237319946289,18.306390792389017,17.75283551601046,18.241266423024946,36969800
2010-06-08,18.078462600708008,18.111024175989357,17.362096765218027,17.883089422586483,47134900
2010-06-09,17.603050231933594,18.208703509650945,17.518388179617478,18.20219219068265,37988200
2010-06-10,18.31941795349121,18.39105489683602,17.844012083634794,17.922161589296792,41612900
2010-06-11,18.130558013916016,18.202194954886355,17.81144992381647,18.065433635047,39468100
2010-06-14,17.84401512145996,18.215222541725485,17.78540329277125,18.10451144777397,45506200
2010-06-15,18.176145553588867,18.189170678398554,17.909136705711617,17.967748525210943,45128400
2010-06-16,18.31290626525879,18.397567089392176,18.01984717759662,18.07194643294276,28707100
2010-06-17,18.18917465209961,18.358497585183905,17.928678309717828,18.299885752879938,30739400
2010-06-18,18.280345916748047,18.384544441476194,18.06543630422819,18.260809469701766,39496700
2010-06-21,18.1956844329834,18.560379256539548,18.097998474798903,18.52130512169462,30005400
2010-06-22,17.883089065551758,18.449669656004623,17.863552617630784,18.25429772392816,33694800
2010-06-23,17.791908264160156,18.078454721904727,17.681197217450478,17.830982385897713,36030500
2010-06-24,17.492345809936523,17.648643609463996,17.114625817209006,17.616080791555465,66950600
2010-06-25,17.61608123779297,17.98077735473978,17.485833689292985,17.681205633115223,78977700
2010-06-28,17.603050231933594,17.80493465783938,17.466288932862952,17.739810288860216,31717000
2010-06-29,16.886682510375977,17.362088231833066,16.795509150683895,17.30347643141848,55568200
2010-06-30,16.671781539916992,17.225337026539833,16.61968227306687,16.96483945014473,37501000
2010-07-01,16.39825439453125,16.89319787912464,16.02053453025525,16.632701635166033,58947800
2010-07-02,16.2028865814209,16.7238804819476,16.124738303735803,16.54153243044158,32231100
2010-07-06,16.37871551513672,16.697823545966006,16.144269533755516,16.580599934203416,37248300
2010-07-07,17.362092971801758,17.407679664093276,16.372205896936084,16.46338052366332,48830500
2010-07-08,17.349069595336914,17.62259101878341,16.997399903559604,17.62259101878341,38228800
2010-07-09,17.58351707458496,17.609567325739555,17.192772002276424,17.257896388018573,24905000
2010-07-12,17.622589111328125,17.668175803277553,17.296968463524568,17.537928289442647,18761700
2010-07-13,18.1956844329834,18.28685782833635,17.79191423243797,17.824477046595703,31658500
2010-07-14,18.013336181640625,18.09148569252692,17.746327319507653,18.039386432650836,31305800
2010-07-15,18.111013412475586,18.338948030415178,17.59653362435157,18.13706365093439,48127100
2010-07-16,17.08857536315918,17.889602042179654,17.03647609725893,17.87006559380736,55456400
2010-07-19,16.945297241210938,17.192768364090163,16.684800995510678,17.10810755004161,34667100
2010-07-20,16.87367057800293,16.88018314337732,16.476412785178933,16.587123912253908,47672300
2010-07-21,16.971349716186523,17.974262019957624,16.91273789364695,17.928675322903363,70914600
2010-07-22,17.837495803833008,17.902620171288163,17.290453104640093,17.3360410313595,53000300
2010-07-23,17.85704231262207,17.941703162656914,17.583520827836605,17.798430477157712,25737000
2010-07-26,18.176145553588867,18.18265811599371,17.733301247213642,17.87657513583167,22724200
2010-07-27,18.488746643066406,18.736219120118975,18.39106066197498,18.501771771783837,38411500
2010-07-28,18.280345916748047,18.58643017001333,18.182659955083455,18.397569567603313,23935100
2010-07-29,18.032875061035156,18.55386769420945,17.896113718486642,18.44315660439186,30045500
2010-07-30,18.058923721313477,18.22824663434669,17.74632814747265,17.759353273585447,27490900
2010-08-02,18.6059627532959,18.612475315007043,18.202193864358144,18.42361599396045,28005100
2010-08-03,18.31290626525879,18.55386485543059,18.19568263019392,18.527815848829636,29544200
2010-08-04,18.221572875976562,18.430341142923172,18.071520839653317,18.37814907618652,28936700
2010-08-05,18.188953399658203,18.241145470248842,17.980185117295655,18.07804509410846,21881200
2010-08-06,18.10413932800293,18.117187654993106,17.77141445589518,17.93451481020151,38637900
2010-08-09,18.417282104492188,18.443378744862404,17.954077937127607,18.20198979886313,29199300
2010-08-10,18.117183685302734,18.312903569842998,17.947559204668053,18.228091951704,29837400
2010-08-11,17.158157348632812,17.869275016719374,17.132061938137422,17.78446337716311,39624100
2010-08-12,16.962434768676758,17.216870892012732,16.877623142350366,16.962434768676758,31944800
2010-08-13,16.85805320739746,17.158157270694748,16.838480716347078,16.955913173935404,25494200
2010-08-16,16.753665924072266,16.90371792748055,16.64928181349635,16.74714176161668,24593600
2010-08-17,16.531850814819336,16.968959782479615,16.447037939882208,16.936338967366545,49481000
2010-08-18,16.557945251464844,16.747142234954083,16.368749512332393,16.50575319470174,38076300
2010-08-19,15.938166618347168,16.54490012771454,15.833782492472881,16.375275612079594,51516800
2010-08-20,16.04906463623047,16.12082789911746,15.83377235885721,15.938156417925692,40025600
2010-08-23,15.807682991027832,16.231743581541043,15.781587586438887,16.218696501424926,33766900
2010-08-24,15.422770500183105,15.690255005894047,15.357531348044487,15.631538773483639,55658300
2010-08-25,15.396671295166016,15.42929086319936,15.01827858193813,15.272714696797141,55554200
2010-08-26,15.324906349182129,15.722871539376623,15.266190132781082,15.481482511466014,41212900
2010-08-27,15.65762996673584,15.65762996673584,15.311856857002036,15.42276511904068,45099500
2010-08-30,15.168330192565918,15.644582841901943,15.155281867948204,15.611963274714386,37964800
2010-08-31,15.364056587219238,15.448869488774589,15.02480871406959,15.12266870140809,35713300
2010-09-01,16.088214874267578,16.146931086859233,15.501053992707662,15.59891393224154,53882000
2010-09-02,16.375274658203125,16.381798821234845,16.062122298821713,16.10126603265517,38196400
2010-09-03,16.85805320739746,17.047248976789884,16.694952848381895,16.799336978603296,42741400
2010-09-07,16.25785255432129,16.753678060925736,16.251328387139402,16.681913466282644,30986700
2010-09-08,16.45355796813965,16.57099038432232,16.329602634930428,16.329602634930428,22687800
2010-09-09,16.76018714904785,16.968955333609856,16.45355778916044,16.773234227315573,28728700
2010-09-10,16.799327850341797,16.942855640318193,16.747135813590717,16.85151988709288,19893500
2010-09-13,17.288637161254883,17.477834165216542,17.125536810677005,17.203825526471434,39588200
2010-09-14,17.00157928466797,17.177727952497563,16.89067100244454,17.158155463508656,29814000
2010-09-15,17.184247970581055,17.24948834045097,16.70799538593681,16.77975867287282,32614200
2010-09-16,17.00157928466797,17.14510838187291,16.89719516544084,17.066819670274135,28999400
2010-09-17,16.968948364257812,17.203813097606552,16.87761263211376,17.203813097606552,34400600
2010-09-20,17.327783584594727,17.38649981945848,16.910247020547683,17.02115532591732,30529000
2010-09-21,17.210346221923828,17.58873893660277,17.15163124811,17.373446551429524,32217500
2010-09-22,16.838478088378906,17.27558703209565,16.779761868748537,17.203823731491596,32251200
2010-09-23,16.33612632751465,16.74713852800261,16.33612632751465,16.505749541181324,59315100
2010-09-24,16.694957733154297,16.7862935627327,16.52533316082487,16.61014482481091,46480600
2010-09-27,16.655813217163086,16.910249441764908,16.629716555995056,16.779768624639345,28381000
2010-09-28,16.538373947143555,16.87762293703579,16.381797777429473,16.68842595424162,38697900
2010-09-29,16.33612632751465,16.55141866955244,16.2513134763248,16.447033334774968,37676000
2010-09-30,16.38831901550293,16.721042539046895,16.323078645341862,16.466606464210958,37365700
2010-10-01,16.675378799438477,16.760191675042865,16.38832309032622,16.505754292586577,32117900
2010-10-04,16.557945251464844,16.82543094227713,16.45356113793864,16.642758121427878,25645400
2010-10-05,17.125532150268555,17.190772521617088,16.570990860340924,16.747139489674982,42788700
2010-10-06,17.158157348632812,17.282113970467652,17.047249054224167,17.105965283285038,31852900
2010-10-07,16.962434768676758,17.34082749451143,16.858050654264215,17.269062949219006,27293900
2010-10-08,16.929811477661133,17.12553133806787,16.779758257369007,17.086387614857827,29467900
2010-10-11,16.734092712402344,17.027673788412983,16.610136119824887,16.93633676234484,24637400
2010-10-12,16.949390411376953,16.98853539671365,16.50575719908446,16.597094253846326,37344700
2010-10-13,16.838478088378906,17.184251243495876,16.72104564911817,17.112486698535026,41846800
2010-10-14,16.12735939025879,16.62970868062911,15.788111666233712,16.603613276176432,117397100
2010-10-15,15.383622169494629,16.31003203908916,15.246618497657494,16.31003203908916,144985700
2010-10-18,16.225217819213867,16.231740735950037,15.422763425807425,15.455384231270731,66672500
2010-10-19,16.016447067260742,16.51879623047053,15.912062987159537,16.09473574951484,72213100
2010-10-20,16.701475143432617,16.942862950928237,15.768540995147138,15.833781380325387,101499400
2010-10-21,16.982004165649414,17.22991608116436,15.572817633227482,16.81237969951537,52489800
2010-10-22,17.034196853637695,17.1255326294674,16.799332007953737,16.982004803969772,26633200
2010-10-25,16.779762268066406,17.236443710646785,16.649282744726886,17.203824140901112,36779700
2010-10-26,16.90372085571289,16.95591292004208,16.62318804330962,16.701476761981894,30595600
2010-10-27,16.799327850341797,16.962428120733467,16.70146793697806,16.760184133867565,35352000
2010-10-28,16.923290252685547,16.936337333114952,16.707997871141092,16.858049873111554,23976400
2010-10-29,17.00157928466797,17.04724718128523,16.747143149596457,16.84500310582728,24018000
2010-11-01,16.91676139831543,17.02766963952305,16.701469076483743,16.98200175979457,24764600
2010-11-02,16.942859649658203,16.995051698759955,16.81890431076442,16.962432134705086,25101700
2010-11-03,17.295835494995117,17.32198248209067,16.792518460975323,16.8252009480878,32381400
2010-11-04,17.949501037597656,17.975648033180367,17.406963346830143,17.524622333437595,57381100
2010-11-05,19.099939346313477,19.191452568212394,18.008327405344836,18.014864153105982,79752600
2010-11-08,18.982282638549805,19.13916085290676,18.635842469288267,18.89730615988319,35734000
2010-11-09,18.387453079223633,19.028040751083466,18.32862483319022,18.982284755970056,37178800
2010-11-10,18.681594848632812,18.707741836017384,18.224032543458634,18.354764986867536,37250900
2010-11-11,18.426668167114258,18.675058316336443,18.289398975282186,18.537790371261366,23280400
2010-11-12,18.00179672241211,18.328626717400645,17.91028347602023,18.309016468868638,27040000
2010-11-15,18.073694229125977,18.43974338845882,18.021401492078425,18.054085231956392,23160300
2010-11-16,17.773006439208984,18.060615790887613,17.55076205588477,17.97564058397276,45295900
2010-11-17,17.557302474975586,17.929888358269118,17.49193624619001,17.766473409683737,31956700
2010-11-18,17.982187271118164,18.11291852685504,17.72072351288687,17.80569876677796,30765200
2010-11-19,17.969104766845703,18.008323999237483,17.707641139638973,17.929885534453923,24750900
2010-11-22,17.616121292114258,17.884121545817116,17.5049991444748,17.81875535660161,24825700
2010-11-23,17.518085479736328,17.616135465827515,17.341598247638395,17.413499991545937,30165900
2010-11-24,17.720720291137695,17.740329290216525,17.485402328133187,17.59652456102339,22038200
2010-11-26,17.420032501220703,17.74686238397065,17.420032501220703,17.59652093712737,9239700
2010-11-29,17.779544830322266,17.877593538682007,17.328519275759085,17.374275256543168,31181000
2010-11-30,17.786087036132812,17.92989302625187,17.550770296700843,17.570379297711668,33064700
2010-12-01,17.995254516601562,18.171741712847403,17.779546835183663,18.02793700748784,35338900
2010-12-02,18.812334060668945,18.812334060668945,18.034478360705247,18.06062411074001,43197400
2010-12-03,18.988815307617188,19.04110803793643,18.498570493340424,18.531254229013093,36853100
2010-12-06,18.786182403564453,19.021500329288845,18.779645655987984,18.864622127724957,27255700
2010-12-07,18.609691619873047,19.119546645930363,18.577009132856293,19.014961191368396,30166400
2010-12-08,19.197988510131836,19.197988510131836,18.629303946354213,18.66198643703094,31376300
2010-12-09,19.655550003051758,19.68169699351717,19.276427368603148,19.315646607544142,45744200
2010-12-10,19.786285400390625,19.97584612238865,19.714382412689318,19.818967896569053,40143400
2010-12-13,19.753599166870117,19.982380351545704,19.609794456356084,19.930087616199042,30423700
2010-12-14,19.492137908935547,19.832041354246392,19.387552425264104,19.694772127704304,26799300
2010-12-15,19.472522735595703,19.694765882860366,19.381009531332342,19.465985989094253,36800800
2010-12-16,19.622865676879883,19.8451100880263,19.413694759743727,19.505206724301544,34396900
2010-12-17,19.583648681640625,19.766673890100183,19.42023371768799,19.603258926147547,37736800
2010-12-20,19.67516326904297,19.792822250701697,19.511748293796362,19.622870526834348,22290400
2010-12-21,20.145797729492188,20.19155372258169,19.64901606054258,19.688236551839843,25481400
2010-12-22,20.46607780456543,20.662176395037,20.171931788992833,20.1850040309524,29063200
2010-12-23,20.256914138793945,20.49876877858061,20.17193892558925,20.413792318618967,16954800
2010-12-27,20.400724411010742,20.48570089423901,20.119651707756095,20.204626944227076,13823700
2010-12-28,20.394189834594727,20.45955482865004,20.263457352969404,20.302676598754065,14863300
2010-12-29,20.276527404785156,20.44647910331434,20.25038041420045,20.41379536508346,12280700
2010-12-30,20.145797729492188,20.341896445706595,20.06735924041227,20.28960370406755,11675700
2010-12-31,20.256914138793945,20.28306112547659,20.041206485689923,20.080425718956942,12108400
2011-01-03,20.6425724029541,20.694865126871857,20.368035290696675,20.459547245863522,34397100
2011-01-04,20.688335418701172,20.87789738661499,20.583749935285724,20.688335418701172,30341100
2011-01-05,21.158967971801758,21.243944447776887,20.524918386346847,20.531455134249335,43245600
2011-01-06,21.015155792236328,21.224326651366333,20.995544309902478,21.015155792236328,32500000
2011-01-07,20.59028434753418,21.067455717318808,20.028136502893176,21.067455717318808,81572300
2011-01-10,20.394189834594727,20.557604813247707,20.243847106698404,20.374579588323726,30263400
2011-01-11,20.524917602539062,20.714479544200586,20.289600920821794,20.714479544200586,27230700
2011-01-12,20.923648834228516,21.015163299614336,20.66872316119638,20.740624890485307,29181000
2011-01-13,20.845212936401367,21.008627904536862,20.721018458283623,21.002092402957835,25139400
2011-01-14,21.407363891601562,21.446584387236268,20.799459923595503,20.799459923595503,34358900
2011-01-18,21.23740577697754,21.564235642779806,20.95633189290647,21.42696520407222,35506000
2011-01-19,20.79292106628418,21.420435218488624,20.688335582042992,20.956337288013017,51635900
2011-01-20,20.845212936401367,21.178580867765913,20.668725718350554,20.91711592134331,34435600
2011-01-21,21.25048065185547,21.38121312071524,20.949797718938097,21.093603684035294,35549000
2011-01-24,21.374675750732422,21.38121125152256,21.21126080232241,21.243943293301566,27472000
2011-01-25,21.374675750732422,21.38121125152256,20.91057664893429,21.257016788396076,28232300
2011-01-26,21.211254119873047,21.459645461386387,21.185107137921445,21.400815998752,25866200
2011-01-27,21.24394989013672,21.276632391264698,20.962875892109096,21.05438789267344,23077200
2011-01-28,20.812524795532227,21.440037504499706,20.779842309474017,21.302769566946917,30345800
2011-01-31,21.191646575927734,21.243940549551766,20.740622274233026,20.90403720153727,23646400
2011-02-01,21.858383178710938,21.891068164067192,21.263552850535774,21.315846832294348,31359000
2011-02-02,21.419780731201172,21.77983154479071,21.393594581822274,21.701275593902675,24766100
2011-02-03,21.439422607421875,21.583443955354788,21.2757628928614,21.38050501029014,18950200
2011-02-04,21.44595718383789,21.53106089212532,21.19064855622341,21.413225756726668,18236900
2011-02-07,21.81256103515625,21.96312763476721,21.563797632767155,21.603076853328094,21356800
2011-02-08,22.323183059692383,22.42137988289662,21.73400961221381,21.792927206686564,39820700
2011-02-09,21.688182830810547,22.035140574695433,21.432874113819885,21.75364570794965,71834200
2011-02-10,21.60308265686035,21.884577570047856,21.439422939762924,21.648907177867702,31174900
2011-02-11,22.100597381591797,22.185701096296636,21.373950654836314,21.40013430015103,40581700
2011-02-14,22.172611236572266,22.29699418313724,21.989313206579713,22.015499352935322,17735100
2011-02-15,22.048229217529297,22.382093819424544,21.98276635354927,22.218434162226284,24395000
2011-02-16,21.799461364746094,22.11368754239811,21.26265799910127,22.067863047568505,86403000
2011-02-17,21.570344924926758,21.73400459431581,21.524520417277692,21.64235557901768,26621100
2011-02-18,21.367408752441406,21.64890361935857,21.17101762365584,21.60962439470198,43900100
2011-02-22,20.54255485534668,21.105545593653662,20.378895236124713,20.92879165660042,59143100
2011-02-23,20.621116638183594,20.73895179018164,20.162869102329882,20.568745598253805,38562600
2011-02-24,20.581836700439453,20.68003223483119,20.25451742005102,20.346166419000113,35604200
2011-02-25,21.210289001464844,21.432866197677974,21.11209222477608,21.171009791339785,46480100
2011-02-28,21.118640899658203,21.387042635458403,20.97462210058738,21.288848340262135,30717000
2011-03-01,20.719314575195312,21.249571571810712,20.686583139692523,21.171015627154326,34960100
2011-03-02,20.653841018676758,20.91569737755193,19.52131688644918,20.5556455084104,31044700
2011-03-03,21.216838836669922,21.295394776514364,20.90261258004386,20.91570565289265,31246600
2011-03-04,20.88951873779297,21.184106622919742,20.666941502058094,21.131734333453558,39680800
2011-03-07,20.765138626098633,21.190653521365665,20.693129219856775,21.072818358357274,23555800
2011-03-08,21.282302856445312,21.459055603605538,20.850242666649567,20.915706785815306,33966900
2011-03-09,21.47214698791504,21.583436855778395,21.099003161237647,21.26266282196451,24760800
2011-03-10,20.98771858215332,21.328131021412506,20.954984647855486,21.151378264648205,29742100
2011-03-11,21.19719886779785,21.26266172982686,20.909157530098803,20.92224935333017,22893500
2011-03-14,21.01390266418457,21.10555418594917,20.778233565625733,20.941893251475296,27021900
2011-03-15,21.12518882751465,21.151374971977045,20.42472569525874,20.588385352276443,42774600
2011-03-16,20.444360733032227,21.197196031886744,20.359258274605693,21.1382784650438,48008900
2011-03-17,20.52947425842285,20.75205156213977,20.051586960075067,20.699680505301934,50554400
2011-03-18,20.83715057373047,21.190654836063334,20.69967704077443,20.843697110817555,63760300
2011-03-21,20.869873046875,21.11208982056743,20.59492485042964,21.105544534915836,32893300
2011-03-22,20.627660751342773,20.856784492356923,20.621114216042493,20.843691421756358,24174100
2011-03-23,20.588382720947266,20.634207219275698,20.241423842908667,20.581836185668358,25385700
2011-03-24,20.693363189697266,20.73928991975809,20.378434716662483,20.48341045720423,20992300
2011-03-25,20.955801010131836,21.139509168363922,20.594945833398395,20.667117119026972,23474900
2011-03-28,20.739282608032227,21.021405280553157,20.73272147013533,21.014842891247167,17533000
2011-03-29,20.726165771484375,20.739288050721893,20.50965316970306,20.739288050721893,21738700
2011-03-30,20.93612289428711,21.04766104655389,20.73273251675129,20.870512731769495,19395700
2011-03-31,20.80489158630371,20.863940576256496,20.686794857807243,20.73928270983093,21679800
2011-04-01,21.03453826904297,21.17231848082063,20.87707338214031,21.0542204413485,24788900
2011-04-04,20.863948822021484,21.080462705024168,20.680241893039227,20.982046848601275,24425900
2011-04-05,20.988616943359375,21.172325202125478,20.7392997542005,20.844275544521093,23086800
2011-04-06,21.257606506347656,21.336337677799946,20.909873620106733,21.0738971025339,34716200
2011-04-07,21.106704711914062,21.408512169546324,21.01485124765088,21.237925019212543,30236500
2011-04-08,20.745851516723633,21.34290027206892,20.706484674596595,21.32321810241497,25826800
2011-04-11,20.601505279541016,20.870505729339968,20.51621297287205,20.7458478389322,27145200
2011-04-12,20.601505279541016,20.79177456186236,20.352188247316136,20.44404169317646,22836800
2011-04-13,20.12911605834961,20.726166004876127,20.109432639271684,20.693361557822364,38994300
2011-04-14,19.781381607055664,20.070065473776268,19.748577162582357,20.04382091707015,39664600
2011-04-15,19.610797882080078,19.991335235967092,19.59111571381266,19.886359500509258,78436200
2011-04-18,19.3680419921875,19.60423677161746,19.25650511666993,19.354919712383204,44730100
2011-04-19,19.728897094726562,19.78138496564112,19.42053100952973,19.473018880444286,40190900
2011-04-20,18.91533660888672,19.308996310967682,18.508554624740793,19.204020557267384,143256200
2011-04-21,18.725069046020508,19.053118598321557,18.567604159675444,19.00062946860005,67291500
2011-04-25,18.73818588256836,18.895649482256058,18.67257573651279,18.6988202954988,32213300
2011-04-26,18.941577911376953,18.961260079675533,18.646332872803445,18.816918756044863,34600000
2011-04-27,19.204010009765625,19.276180018665272,18.928448494797767,18.987497480248667,31409900
2011-04-28,19.204010009765625,19.2696201326454,19.092473176292707,19.092473176292707,37234200
2011-04-29,19.099042892456055,19.302433238472283,19.0203104593542,19.164651793396434,27800000
2011-05-02,19.112159729003906,19.263063421726653,18.987501843436775,19.249941143853494,30771000
2011-05-03,19.361482620239258,19.37460490124179,18.928457358432464,18.954700669027932,31819500
2011-05-04,18.959625244140625,19.466883187368364,18.946449386779147,19.37465469887585,40496200
2011-05-05,18.531417846679688,18.97938692478252,18.29425870737496,18.91350889744054,53431000
2011-05-06,18.610475540161133,18.834460125059824,18.52483496665004,18.735643692079606,35833900
2011-05-09,18.584123611450195,18.755406013058103,18.47871924992519,18.491895109245593,21580100
2011-05-10,18.794931411743164,18.82786979970585,18.64341156016551,18.669763275750828,25331200
2011-05-11,18.551177978515625,18.85421634200321,18.465537439399622,18.748810765102466,28456300
2011-05-12,18.597293853759766,18.630233492111884,18.248142482858356,18.590705926089342,27282700
2011-05-13,18.399669647216797,18.709294853290956,18.346967457746317,18.63024219734489,32371800
2011-05-16,18.353551864624023,18.669764940734186,18.300849685272333,18.327200146688643,32320800
2011-05-17,18.939865112304688,18.946453042256486,18.28108719535496,18.30085098521035,40162800
2011-05-18,19.05185890197754,19.065034762914024,18.74882038303463,18.920102805651183,23852500
2011-05-19,18.84763526916504,19.157260415822964,18.748817583416336,19.11114616595041,25207600
2011-05-20,18.445777893066406,18.847632742108544,18.412839506579207,18.75540299821036,29293400
2011-05-23,18.136152267456055,18.3996631213482,18.129564339043892,18.17567858141016,28094700
2011-05-24,18.20203399658203,18.267912042129268,18.03733951097354,18.16250767186137,21103400
2011-05-25,18.155916213989258,18.386488700345122,18.070275650981117,18.070275650981117,20648700
2011-05-26,18.248146057128906,18.333786620581417,18.0570998868225,18.096626204068354,18407800
2011-05-27,18.53800392150879,18.761988438164696,18.254729311825216,18.267905167279974,24528200
2011-05-31,18.68952178955078,18.821276560748416,18.491887747976428,18.709284314145194,27428500
2011-06-01,17.74748420715332,18.68294925646999,17.734308342221624,18.68294925646999,46071600
2011-06-02,17.89240837097168,18.017576528746375,17.37197446278287,17.813355723496528,54133000
2011-06-03,17.694772720336914,18.004397844668336,17.530078264656993,17.56960458219486,31962700
2011-06-06,17.299503326416016,17.622304263069424,17.180923134070113,17.371969278742693,43207700
2011-06-07,16.976703643798828,17.52348914938031,16.93058940037323,17.371970561976514,43318200
2011-06-08,16.70660400390625,17.24680155339528,16.64072597814736,17.035992876181886,56130000
2011-06-09,17.27315330505371,17.37197097936153,16.700017327966762,16.792245817033876,43128400
2011-06-10,17.312686920166016,17.490556031661495,16.904243992485934,17.108464828066296,46257400
2011-06-13,17.72112464904785,17.806766476752284,17.41149949904657,17.549842250158076,41440900
2011-06-14,17.800174713134766,18.19544160570212,17.72770876015042,17.93192950631134,42166500
2011-06-15,17.49054718017578,17.65524160280086,17.187510045674625,17.56960105590406,43190200
2011-06-16,17.655244827270508,17.767237105370047,17.365383495204963,17.48396370219494,39935600
2011-06-17,18.004390716552734,18.096619173133263,17.85287217887944,17.912162259972206,46513800
2011-06-20,17.75405502319336,17.997802006838654,17.63547486616876,17.89898562815763,31769100
2011-06-21,18.09003448486328,18.155912504149512,17.754058973889034,17.8792258283623,29746600
2011-06-22,18.030750274658203,18.39307758889328,17.984634769765876,18.04392487667984,31172600
2011-06-23,17.8133544921875,17.94510931437855,17.516903943349234,17.727712664070186,46395300
2011-06-24,17.95828628540039,18.063690652286738,17.602545604769585,17.83311812852816,44103400
2011-06-27,18.083457946777344,18.241564527747315,17.905587571991344,17.912175503263352,30881900
2011-06-28,18.10980224609375,18.248146242639095,17.92534400287295,18.221794526527987,35223100
2011-06-29,18.491893768310547,18.531420086886406,18.136154388089782,18.379901485246435,38475600
2011-06-30,18.485305786132812,18.64341231650199,18.353550972418002,18.531420033758945,29556000
2011-07-01,18.887165069580078,18.939867258647716,18.419432042150394,18.498485954011503,30309400
2011-07-05,18.722469329833984,18.814697840455093,18.498484727023392,18.788347375928726,31275200
2011-07-06,18.52482795715332,18.564354264085466,18.20861373214023,18.426010305044993,29465000
2011-07-07,18.880573272705078,19.065031524929935,18.82787109442927,18.90033706075315,28868600
2011-07-08,18.643407821655273,18.709285840889272,18.4853013294049,18.63023322302344,24149500
2011-07-11,18.175678253173828,18.45236495889359,18.083449770106856,18.34696061924024,28903200
2011-07-12,18.043922424316406,18.393075089076238,18.017571967335414,18.024159895710376,25518600
2011-07-13,18.136152267456055,18.511655391317223,18.096624696983085,18.202029038539944,28163200
2011-07-14,17.971458435058594,18.314021928455034,17.938518791882746,18.23496929787082,27128100
2011-07-15,17.905582427978516,18.136154930181053,17.747475892430245,18.063688963526786,34385200
2011-07-18,17.707944869995117,17.951693183520366,17.371969332663944,17.80676253493596,49007200
2011-07-19,18.71587371826172,18.867392282530393,17.879225766227158,17.978043423072446,64679100
2011-07-20,18.90692710876465,19.229728143941124,18.808109413970083,18.82128527414525,44396200
2011-07-21,19.354894638061523,19.519589117221923,19.005743146413742,19.137497975830566,46306800
2011-07-22,19.19678497314453,19.387831141092327,19.091380624110904,19.361479425574444,25926400
2011-07-25,19.071619033813477,19.130909140131493,18.841046537745527,19.01232892749546,27127500
2011-07-26,19.084793090820312,19.28242719174413,18.926686563992643,19.07161848930724,22662900
2011-07-27,18.827871322631836,19.137496466690138,18.742230753090283,19.038680038290174,40987100
2011-07-28,18.643407821655273,19.078200989473476,18.577531058939982,18.880568188290187,26866800
2011-07-29,18.406248092651367,18.788339083538766,18.300843768028546,18.42601061819398,38011600
2011-08-01,18.399669647216797,18.735646576285852,18.09663111537205,18.689532317564094,31121600
2011-08-02,17.905582427978516,18.320611926727842,17.905582427978516,18.182269179317753,35543600
2011-08-03,18.06439208984375,18.137179423581664,17.726926525638483,17.925435829534685,33577000
2011-08-04,17.03213882446289,17.92543307911437,16.979202934073456,17.72030666161671,51507800
2011-08-05,16.681434631347656,17.462239814632408,16.482925395162795,17.296815030448045,58462000
2011-08-08,15.17276668548584,16.89980243702489,15.139680959884846,16.343974867842007,107020900
2011-08-09,16.396909713745117,16.44984560921592,14.98748944593664,16.112378802305315,104006100
2011-08-10,15.139678955078125,16.07929198216866,14.941169676124424,16.019738946064304,86503900
2011-08-11,16.072673797607422,16.35720338679124,15.291868557948344,15.351421585521733,73369600
2011-08-12,15.966805458068848,16.694675027301383,15.768296149228796,16.41014409243028,50527400
2011-08-15,16.555709838867188,16.582177143468844,16.24471049068533,16.251327632358425,35854000
2011-08-16,16.244707107543945,16.49615339039218,16.099133807325284,16.297642967813502,37863500
2011-08-17,16.46307945251465,16.694674479962753,16.284421585252502,16.449846424559524,30987300
2011-08-18,15.695508003234863,16.178549484095406,15.51023299444193,16.059443400104897,54908900
2011-08-19,15.45728874206543,15.847691245410074,15.232310985490866,15.470521762618135,56250900
2011-08-22,15.146294593811035,15.960185585641007,15.086741563626132,15.940334154882343,51264900
2011-08-23,15.84107494354248,15.84769208521482,14.980865457499233,15.245546076029909,45910400
2011-08-24,16.165313720703125,16.41675889346862,15.741826582533355,15.887399970756407,40816200
2011-08-25,16.383670806884766,17.12477313460842,16.10575711846566,16.780690542067912,57371600
2011-08-26,16.271181106567383,16.463073190891105,15.728588041946736,16.145457923126465,40700300
2011-08-29,16.820392608642578,16.840244037690248,16.476308744362196,16.482925887378087,28990900
2011-08-30,16.807157516479492,16.94611498896632,16.542478118993774,16.701285757485206,28148200
2011-08-31,17.270349502563477,17.336519675480332,16.879946870654212,17.00567007298713,40392400
2011-09-01,16.694679260253906,17.36299595386851,16.674829081591714,17.276975568118306,38742000
2011-09-02,16.013120651245117,16.291034357162296,15.913864764631747,16.185161327301966,42752900
2011-09-06,15.827844619750977,15.907249077592443,15.397740400178225,15.490377882584069,44239400
2011-09-07,16.516008377075195,16.555711230450974,15.960182312813416,16.178542958016884,35509900
2011-09-08,16.145462036132812,16.429992925939413,16.066058830009375,16.324121143047357,30515500
2011-09-09,15.563166618347168,16.066058198358416,15.503613585050367,15.920483556036828,46465800
2011-09-12,15.946953773498535,15.98003823447339,15.219084273230141,15.27863731265791,46200700
2011-09-13,16.11899185180664,16.48292588294585,15.986651515706392,16.10575756577842,34748500
2011-09-14,16.337360382080078,16.516018281041443,15.808000045118543,16.198402836119474,34475300
2011-09-15,16.668201446533203,16.68805161270507,16.350584904783123,16.56232968664682,31740600
2011-09-16,16.5093994140625,16.813780511595077,16.22486848944383,16.78069604867766,43811100
2011-09-19,16.099143981933594,16.251334518631197,15.913867722850908,16.10576112641061,34552600
2011-09-20,16.32412338256836,16.654973065018392,16.03959245372671,16.165315686443307,36200400
2011-09-21,15.688884735107422,16.64173177305262,15.67565171256647,16.41013684035951,66061000
2011-09-22,15.33157730102539,15.4903850278709,15.020578993714386,15.291875684836919,61762900
2011-09-23,15.6756591796875,15.821232593708846,15.159533192007627,15.179384628411585,46958000
2011-09-26,16.40352439880371,16.469693311651998,15.715356598779728,15.854312830270468,46418300
2011-09-27,16.516008377075195,17.204176023832076,16.363817892073865,16.800539182480797,50743100
2011-09-28,16.178546905517578,16.76084168077414,16.152078330142164,16.516012406916122,40277800
2011-09-29,16.53585433959961,16.721130474524152,15.953559898835982,16.595407337893555,42439200
2011-09-30,15.960185050964355,16.588798525503346,15.953567907599812,16.264566073187037,40205200
2011-10-03,15.338191986083984,16.205017829300445,15.324957695447662,15.913869745758431,44760600
2011-10-04,16.019742965698242,16.059445841124102,14.961024862839313,15.159534191602479,61000000
2011-10-05,16.211627960205078,16.35058416548893,15.622716164703442,15.96018285736678,41426500
2011-10-06,16.787307739257812,16.846859500741722,15.841077767002762,16.15869305134138,41514800
2011-10-07,16.23810386657715,16.886568975067124,16.23810386657715,16.879951829622357,42315700
2011-10-10,17.290199279785156,17.296816423136235,16.694670261189408,16.734373121295892,38967600
2011-10-11,17.237266540527344,17.415925657335134,16.985821357757743,17.151246185448375,33668700
2011-10-12,17.83279037475586,18.22319292556552,17.3696005226489,17.442387823946202,54694200
2011-10-13,17.283586502075195,17.587967578335217,16.9792041637239,17.587967578335217,41606200
2011-10-14,17.647518157958984,17.726922619274454,17.071839284172327,17.59458227111237,39545600
2011-10-17,16.158695220947266,16.807160162396517,16.079290758155608,16.70128838673505,77765400
2011-10-18,17.11153793334961,17.33651571258537,16.224861100382967,16.443221737630527,69467900
2011-10-19,16.661588668823242,17.323287972512226,16.608652775011773,17.065225647942725,42878200
2011-10-20,17.045372009277344,17.144626639571623,16.489544565120063,16.70128811297215,35366200
2011-10-21,17.409305572509766,17.521794486824735,17.144626145324857,17.26373220308083,49625100
2011-10-24,17.54825782775879,17.69383115377826,17.197556902509678,17.21740832691307,37427600
2011-10-25,16.906414031982422,17.336519521065537,16.820393691420435,17.336519521065537,39377100
2011-10-26,17.045372009277344,17.263732700761196,16.793925599634665,17.23064824469347,53053100
2011-10-27,17.912206649780273,18.196737658742563,17.42916628028658,17.83941929527595,66818300
2011-10-28,17.918811798095703,18.104088002729153,17.50855779572552,17.746769878526973,36000200
2011-10-31,17.14462661743164,17.640901030353263,17.124775186561983,17.449008913644274,41518700
2011-11-01,16.390291213989258,16.946118701525524,16.238100684854405,16.396908358137452,52809300
2011-11-02,16.84244155883789,16.915583242883013,16.563174809489507,16.702808818281504,39223800
2011-11-03,17.161598205566406,17.221441153614162,16.656258459960473,17.035264220341354,30803800
2011-11-04,16.888973236083984,17.13499427407576,16.742691245099614,16.95546551134403,27170400
2011-11-07,16.90228271484375,17.002020557169004,16.662910878674758,16.888983997670923,24587900
2011-11-08,17.640342712402344,17.706833753056607,16.975422159977253,16.982071517689743,42714300
2011-11-09,16.616357803344727,17.321172951754985,16.509970658989776,17.234733872554635,46938400
2011-11-10,16.67620849609375,16.90893095832887,16.5232770633981,16.769296973693642,30472200
2011-11-11,17.055208206176758,17.121700500602806,16.888978104229157,16.91557552929359,25833300
2011-11-14,16.689502716064453,17.002014855409644,16.589764907187053,16.975418698218693,29278000
2011-11-15,16.815841674804688,16.935526311024745,16.503328198007768,16.616364744633934,28387500
2011-11-16,16.5831241607666,17.002023682837766,16.503333111296246,16.65626458219241,36164200
2011-11-17,16.403594970703125,16.80254767477524,16.27061031326719,16.576474518075567,39889500
2011-11-18,16.41689109802246,16.669560385373828,16.370346855739484,16.456785981659944,31119100
2011-11-21,16.077777862548828,16.263954790526633,15.978040041384261,16.077777862548828,32214100
2011-11-22,15.911543846130371,16.257302725286127,15.898245135031711,16.044527152412275,37236500
2011-11-23,15.432805061340332,15.758617240650873,15.419507614453696,15.69877429083753,35928800
2011-11-25,15.632277488708496,15.798507575230404,15.479346113484718,15.499292912197003,14601000
2011-11-28,16.057832717895508,16.34374878738723,15.878303846135298,16.34374878738723,32648300
2011-11-29,16.01128387451172,16.25065563471101,15.891597994412072,16.09107488398984,27692400
2011-11-30,17.194839477539062,17.25468240639357,16.48337495475195,16.63630632038688,51597900
2011-12-01,17.04855728149414,17.194840569420823,16.842432329147808,17.03525983842028,25810900
2011-12-02,17.334484100341797,17.600452152076464,17.1084109393084,17.148307098245382,36436400
2011-12-05,17.77997398376465,17.912958590804077,17.434215020050296,17.567199627089725,34440500
2011-12-06,17.72012710571289,17.873058482111475,17.587143796414747,17.646986729481135,22431700
2011-12-07,17.98609733581543,18.092484504408286,17.520653790280452,17.587146087709762,28082500
2011-12-08,17.414268493652344,17.853115928331007,17.32782811723172,17.74672874830195,29405800
2011-12-09,17.893014907836914,17.959507227664975,17.480764807726864,17.50736097471678,28607100
2011-12-12,17.480764389038086,17.740083035097413,17.33448103527294,17.706836241861932,24916000
2011-12-13,17.148303985595703,17.67359063389556,16.935528314593927,17.653642558047917,31517500
2011-12-14,17.194839477539062,17.420912482492795,16.882326122802226,16.882326122802226,33698900
2011-12-15,17.028608322143555,17.49405174478005,16.995361548090035,17.38101524946759,32596500
2011-12-16,17.274635314941406,17.361075695303715,17.12170389520536,17.16159877247666,43828300
2011-12-19,16.829137802124023,17.42091792015158,16.742698693595177,17.381021776305747,28759600
2011-12-20,17.62038803100586,17.74672324369241,17.101749738057,17.18819008766589,37826000
2011-12-21,17.879714965820312,17.879714965820312,17.427568743835117,17.660291213178724,28577200
2011-12-22,18.11908531188965,18.185577621727134,17.88636286157611,17.89301221938339,38975400
2011-12-23,18.478145599365234,18.597830251870736,18.212176322947222,18.225475040415223,27457800
2011-12-27,18.358455657958984,18.544632588794585,18.358455657958984,18.42494669426586,14090300
2011-12-28,18.025999069213867,18.431599799755862,18.00605099332407,18.345160674037707,18306800
2011-12-29,18.458187103271484,18.504731319899157,18.09912954374123,18.119077608682282,20122000
2011-12-30,18.325212478637695,18.471495831071227,18.318563120051127,18.37840607909476,15071100
2012-01-03,18.90369415283203,18.963537112380642,18.577883188753738,18.577883188753738,40071200
2012-01-04,18.990131378173828,19.076571763642153,18.6443736410066,18.84384930738136,27519200
2012-01-05,19.295991897583008,19.668346997066962,18.78400284314562,18.950232956801774,48435100
2012-01-06,19.2427978515625,19.335886307147586,18.923635077119894,19.17630555404383,32303500
2012-01-09,19.482175827026367,19.535369431817276,19.282700126119366,19.382437976572866,25720100
2012-01-10,19.555309295654297,19.814627851562506,19.40237790464356,19.774732981784716,29860100
2012-01-11,19.694950103759766,19.73484498743655,19.335892345962254,19.448928906576047,30908700
2012-01-12,19.68829345703125,19.90771713838205,19.442272350917925,19.794680619611334,29175900
2012-01-13,19.68829345703125,19.708240257368132,19.18295380065835,19.216199313376492,43051100
2012-01-17,19.834583282470703,20.406415457214955,19.72154671928255,19.927671769248413,50040400
2012-01-18,20.107196807861328,20.14044359552215,19.61515576459861,19.68829742921715,42454000
2012-01-19,20.0473575592041,20.240185158528515,19.94097035552012,20.186991556686525,33156700
2012-01-20,20.306676864624023,20.326623672065182,19.92102167762206,20.034058236652005,37193700
2012-01-23,20.559343338012695,20.63913436157549,20.240181780232117,20.306674088495228,35272800
2012-01-24,20.306676864624023,20.379817272300716,20.05400631232863,20.24683390582961,28199400
2012-01-25,20.080596923828125,20.220229601415447,19.92101490910685,20.160386662953726,34173600
2012-01-26,19.315937042236328,20.226878544936376,19.14970694284278,20.226878544936376,54668100
2012-01-27,19.68165397644043,19.78139183287502,19.12976981805099,19.202910236377342,31196200
2012-01-30,19.448928833007812,19.502122433787473,19.302646747922612,19.448928833007812,22814800
2012-01-31,19.422325134277344,19.615152667558725,19.269393739889747,19.615152667558725,31203600
2012-02-01,19.95646095275879,20.089994157764657,19.729455268329026,19.78286829563797,34825000
2012-02-02,19.963146209716797,20.096679471374127,19.822937431097408,20.01655925968622,24624600
2012-02-03,20.450529098510742,20.503942118832494,20.263584164118033,20.323673971163362,46264900
2012-02-06,20.163433074951172,20.370408350676012,20.083312915027538,20.303641762984107,23337800
2012-02-07,20.2034969329834,20.357059226804008,20.029904276438224,20.043257851587935,25436800
2012-02-08,20.450529098510742,20.450529098510742,20.11669740313307,20.230200230500152,31639700
2012-02-09,20.417146682739258,20.59741610603295,20.22352495930545,20.55067987187537,29693200
2012-02-10,20.2034969329834,20.296969412097333,20.083317303570045,20.150083905851577,20049600
2012-02-13,20.443849563598633,20.530645226997216,20.330346758559497,20.430495992778358,21961600
2012-02-14,20.310321807861328,20.383765193452984,20.043256687710237,20.250231996643965,23510000
2012-02-15,20.143404006958008,20.510618352586548,20.063283841902003,20.4438530340845,27140300
2012-02-16,20.276935577392578,20.343700890581886,19.996516932210636,20.203492204724277,26470800
2012-02-17,20.757652282714844,20.784358152748688,20.256904803280037,20.403790272132905,35720000
2012-02-21,20.670854568481445,21.0113629946072,20.570705331024843,20.791034162816022,29334500
2012-02-22,20.42382049560547,20.63747254833962,20.363730696590654,20.564029177662245,29074600
2012-02-23,20.463876724243164,20.48390707859218,20.216842054604413,20.463876724243164,23327000
2012-02-24,20.15008544921875,20.47056363655625,20.043259386772917,20.32367811906001,21604000
2012-02-27,20.71759605407715,20.78436137624991,20.023225496971783,20.063284944968817,36242500
2012-02-28,20.94460105895996,21.004689592339446,20.684211471470228,20.704241831574624,30734800
2012-02-29,20.891193389892578,21.298467295266416,20.844455871010958,20.9779890923098,33656100
2012-03-01,21.0581111907959,21.1983199397631,20.90454759032625,21.071463495363755,27218100
2012-03-02,20.884504318237305,21.178275194765625,20.844443611329094,21.124862192354435,22716500
2012-03-05,20.677534103393555,20.80439050022096,20.49726596138987,20.79771371370722,21920400
2012-03-06,20.10334014892578,20.403787836643843,20.023220001454373,20.370405184719573,29644200
2012-03-07,20.30363655090332,20.523965342300002,20.150074330059116,20.2101641162097,23750200
2012-03-08,20.96462631225586,21.024716108114887,20.503938301825492,20.60408881056829,28442300
2012-03-09,21.13822364807129,21.298462715090626,20.8911888972999,21.024720816415897,24042700
2012-03-12,21.03807258605957,21.131545048770892,20.750977138055607,21.09816239022165,23677000
2012-03-13,22.253223419189453,22.420139277250218,21.151577737214854,21.25840378449639,62583800
2012-03-14,22.27992820739746,22.333342504952494,21.772505115294116,22.27992820739746,53025300
2012-03-15,22.747283935546875,22.753961993510906,22.10632790537462,22.366716133448794,45009500
2012-03-16,22.627111434936523,22.78735176603841,22.453520077598665,22.78735176603841,39886400
2012-03-19,22.867473602294922,23.094479281538128,22.37340151914183,22.526966356897105,36658700
2012-03-20,22.914209365844727,23.041064504258067,22.526965889831732,22.740617989756267,34156500
2012-03-21,22.713899612426758,23.047731171903457,22.700546044415766,23.03437760389247,29346900
2012-03-22,22.338924407958984,22.633561574680375,22.251871530847257,22.412584338250188,30065600
2012-03-23,22.452754974365234,22.559895967525605,22.29204476184606,22.359006924655255,25470400
2012-03-26,23.028642654418945,23.028642654418945,22.55989977237035,22.70721962072816,27043300
2012-03-27,22.767475128173828,23.082202807661172,22.713903372328357,23.035328798517344,24979000
2012-03-28,23.08220863342285,23.08220863342285,22.700518717235155,22.700518717235155,29445400
2012-03-29,22.727293014526367,23.04871583964866,22.459441937478562,23.008539583034338,31559500
2012-03-30,22.861228942871094,22.888014827585327,22.60676814697102,22.888014827585327,26891100
2012-04-02,23.108991622924805,23.162563391501447,22.633553671798474,22.653644362235976,24606100
2012-04-03,23.088905334472656,23.12908416412019,22.847837465472896,23.001852480791026,26009000
2012-04-04,22.687122344970703,22.96167123536055,22.51301667529392,22.827744386634294,26655600
2012-04-05,22.58667755126953,22.780871362638756,22.5197154012178,22.620158626295396,19563100
2012-04-09,22.37909507751465,22.58668186946984,22.08445798473808,22.138029758575335,22890500
2012-04-10,22.044275283813477,22.546499080364487,21.997401267157432,22.352307820407596,34674500
2012-04-11,22.513023376464844,22.70721723719907,22.37909648787424,22.439363460017866,29673900
2012-04-12,22.780872344970703,22.874620380862545,22.446056471389905,22.559892642275027,31469600
2012-04-13,21.990707397460938,22.680427302150846,21.96392151363313,22.586679263196004,41933000
2012-04-16,22.198287963867188,22.39917692756789,21.876862556615947,22.21837609390473,30129800
2012-04-17,22.553197860717773,22.620160014880113,22.28534413518352,22.312130018625435,23724900
2012-04-18,22.479534149169922,22.593372857286123,22.318823984636715,22.405874259408034,19718500
2012-04-19,22.178207397460938,22.613469146087695,22.024192369878083,22.566595118320866,25355100
2012-04-20,22.09784698486328,22.31212893308839,22.030884833958805,22.25186197549743,23511000
2012-04-23,21.890262603759766,21.94383437384659,21.716159459862766,21.863479273158944,27262400
2012-04-24,22.144723892211914,22.198295663482742,21.92374672182638,21.96392299583685,19978200
2012-04-25,22.332212448120117,22.412570077914534,22.01078959226781,22.298731379593338,20489000
2012-04-26,22.66033935546875,22.667034549260293,22.23847062221145,22.298737584105353,23413600
2012-04-27,22.613462448120117,22.754084489769227,22.506321480038583,22.70721047588619,19831300
2012-04-30,22.37909507751465,22.613467756388467,22.164813091051187,22.600074812929154,20361100
2012-05-01,22.827747344970703,22.968369404858052,22.365702339151195,22.466145572881086,25970300
2012-05-02,22.62554931640625,22.77382600731893,22.43683539781507,22.713167594766862,19156700
2012-05-03,22.504236221313477,22.77382978201463,22.403140564326595,22.77382978201463,18647800
2012-05-04,22.261600494384766,22.524452777953403,22.079625243213904,22.403138514873998,27154400
2012-05-07,22.578378677368164,22.679476923740612,22.093111208436746,22.09985246274702,28211800
2012-05-08,22.34248161315918,22.612072596447817,22.140285161899353,22.329001678339544,27069000
2012-05-09,21.99201011657715,22.180724054222196,21.87743196083939,22.113326953930272,27552100
2012-05-10,22.36944007873535,22.57837522278741,22.173987441240964,22.382920014258207,24902300
2012-05-11,22.450319290161133,22.645771924158222,21.917873416192197,22.01896907425246,36384600
2012-05-14,21.843732833862305,22.207683336310772,21.82351421851556,22.160504853145362,29761900
2012-05-15,21.729158401489258,22.052669119320942,21.63479885913304,21.75611569969925,28625200
2012-05-16,21.54718017578125,22.052667400582973,21.54718017578125,21.86395090161334,28226100
2012-05-17,21.18996810913086,21.675234083348982,21.183228143243756,21.54043733664098,46067300
2012-05-18,20.852981567382812,21.28432918357902,20.657526375345597,21.21019082997631,53576100
2012-05-21,21.163015365600586,21.210193857165855,20.569912308681157,20.846244575435577,30865500
2012-05-22,21.34498405456543,21.870689838553123,21.142790214463975,21.264105747214597,30213700
2012-05-23,21.392166137695312,21.432604655429028,20.879940199504833,21.230410781243158,30587800
2012-05-24,21.439340591430664,21.486519067501984,21.13604983717916,21.46630045519545,23765100
2012-05-25,21.473037719726562,21.66849285088091,21.412379319403964,21.44607785935345,18935300
2012-05-29,21.73590087890625,21.74263956187683,21.540445649303322,21.634802637101952,20188900
2012-05-30,21.365209579467773,21.594363344207864,21.24389272925038,21.500005079862433,28690800
2012-05-31,21.601104736328125,21.810039909253852,21.149537118047558,21.41239075499854,31879900
2012-06-01,20.327268600463867,21.203443461399594,20.21943173405691,21.1630049578762,50519500
2012-06-04,20.253135681152344,20.4890293714796,20.084640371706758,20.4890293714796,37812600
2012-06-05,20.56991195678711,20.610350479505907,20.131824318367308,20.18574277716486,24618000
2012-06-06,20.873199462890625,20.879939429850687,20.468811729424996,20.738403980241166,38718500
2012-06-07,21.01473045349121,21.284322630612444,20.987770593020635,21.19670565511688,28903000
2012-06-08,21.183231353759766,21.183231353759766,20.73166385502086,21.02821597141347,33927700
2012-06-11,20.886686325073242,21.526969257975654,20.86646641748597,21.331514007851748,26855900
2012-06-12,21.09560775756836,21.149526193743274,20.448586523469384,20.97429224031249,32437000
2012-06-13,21.284324645996094,21.547176882888802,20.994512546080017,21.068650883877254,30209200
2012-06-14,21.58761978149414,21.735896487238925,21.25063042379842,21.33150745827986,31265500
2012-06-15,21.870697021484375,21.93809413330851,21.42586939875403,21.668503114976946,39130600
2012-06-18,21.87742805480957,22.059403278349116,21.702194082716364,21.789812354280023,20933700
2012-06-19,22.214426040649414,22.389662642170546,21.90439521769353,22.045930692821003,30620000
2012-06-20,22.11332893371582,22.34922137689136,21.783076942235265,22.254864399621145,29557200
2012-06-21,21.796550750732422,22.335735162880365,21.749372275359107,22.180719805077462,31928700
2012-06-22,22.11332893371582,22.302042888256253,21.938092343612734,22.018969385410802,34799300
2012-06-25,21.715681076049805,21.904395041367323,21.56740434842321,21.877435168883405,20175000
2012-06-26,21.789819717407227,21.88417670126784,21.601103178651012,21.76959852726925,19167400
2012-06-27,22.05940055847168,22.140277568617034,21.830246887198353,21.965043618129805,17072700
2012-06-28,21.890913009643555,21.938091496456828,21.5067438621442,21.843734522830278,29698300
2012-06-29,22.53792953491211,22.53792953491211,22.22116013140828,22.349215628906922,30171700
2012-07-02,22.6120662689209,22.733383077314883,22.38291258318048,22.692943284172234,19654600
2012-07-03,22.564891815185547,22.726648445535382,22.477273533286283,22.598590363290057,13531500
2012-07-05,22.32899284362793,22.484008176168178,22.241374587484778,22.416608528737424,21927700
2012-07-06,22.275075912475586,22.362694179580494,21.985263819849646,22.072882086954554,17957600
2012-07-09,22.41661834716797,22.625553489165963,22.26834419994387,22.26834419994387,19708700
2012-07-10,22.221168518066406,22.699694715203236,22.072891781080582,22.57163916937419,21878400
2012-07-11,22.423358917236328,22.497497274107094,22.08636825584901,22.140285424732934,23266200
2012-07-12,22.140289306640625,22.322264604220088,21.99875382109054,22.254867488539617,29956400
2012-07-13,22.854705810546875,22.888404361384758,22.012229184426694,22.045927735264577,39549100
2012-07-16,22.928844451904297,23.151256947044917,22.733389255150506,22.86144477835058,29744300
2012-07-17,22.996248245239258,23.08386656083453,22.64577755389358,23.043426744936234,21711600
2012-07-18,22.888402938842773,23.002981089811954,22.740128810164585,22.861443071434206,23349300
2012-07-19,23.016462326049805,23.144517846935642,22.888404234129357,22.942323971997887,22687500
2012-07-20,22.787307739257812,23.110818441398237,22.75360661881931,22.88840338746978,24839600
2012-07-23,22.53792953491211,22.719904760431746,22.32899701641612,22.389655424922665,26461300
2012-07-24,22.39640235900879,22.61881746250936,22.207688383458066,22.578377651590596,24927200
2012-07-25,22.34921646118164,22.517711760970716,22.234640891421503,22.484013215219747,25968000
2012-07-26,22.7670841217041,22.807523919291413,22.430093521579252,22.692945778311156,22763000
2012-07-27,23.016462326049805,23.17147771586991,22.81426588007744,22.82774581454457,25808800
2012-07-30,22.888402938842773,23.184956338268083,22.854704390099297,23.016461023516236,19113800
2012-07-31,22.787307739257812,22.915363255406778,22.726649321916828,22.794046420724804,19404300
2012-08-01,22.847972869873047,23.454554650476457,22.78057318022693,22.861450236766995,41075800
2012-08-02,22.470539093017578,22.69969286282538,22.13354840630228,22.66599430836083,31475000
2012-08-03,23.14451789855957,23.184957702051165,22.665991793564782,22.75360751124465,25066400
2012-08-06,22.915355682373047,23.292785995654842,22.908617003133045,23.218647668846483,16959300
2012-08-07,22.888402938842773,23.184956338268083,22.888402938842773,23.050159572259712,16834400
2012-08-08,22.942672729492188,23.030862321070117,22.71202481999516,22.813782240108054,12444400
2012-08-09,22.942672729492188,23.051212769973223,22.800214411573087,22.895186623519155,13025800
2012-08-10,22.9494571685791,23.030861549262188,22.752727543112922,22.779863199273485,11408500
2012-08-13,23.037647247314453,23.085133358040448,22.786648863791477,22.83413497451747,11385300
2012-08-14,23.037647247314453,23.214026448124397,22.976593306695463,23.139404677612415,13204200
2012-08-15,23.0444278717041,23.186886175541453,22.94945566914587,23.07156093829329,13766800
2012-08-16,23.152973175048828,23.200459287143936,22.915540026774252,23.146187966007226,19596400
2012-08-17,23.085132598876953,23.26829441471057,23.037646489712554,23.23437613499298,16927000
2012-08-20,23.112266540527344,23.200456131479672,23.05121260645245,23.08513088364991,18147600
2012-08-21,23.32256317138672,23.580344139171892,23.132616167788836,23.227590963487067,25280400
2012-08-22,23.186885833740234,23.3768302360567,23.13939973316112,23.28864324229457,18862500
2012-08-23,23.01050567626953,23.214020484583745,22.98337261125282,23.173317005361245,17540600
2012-08-24,23.091920852661133,23.207243536468457,22.901973803156114,22.929109465628148,16677900
2012-08-27,23.078350067138672,23.234376224680958,23.01051091964276,23.125836176486374,13813000
2012-08-28,23.13262176513672,23.234379205536122,22.97659558757705,22.98338079709659,15936800
2012-08-29,23.112266540527344,23.25472485743587,23.112266540527344,23.132616989286085,12663500
2012-08-30,22.976594924926758,23.09870281476474,22.935894020180186,23.03086624832103,15140400
2012-08-31,23.085132598876953,23.200457855275392,23.017296039441774,23.071564769430143,16880100
2012-09-04,22.929107666015625,23.1529729821408,22.881621554316162,23.091919040270206,14717600
2012-09-05,22.895185470581055,23.071562057056386,22.88840285055447,22.956239402014546,16121100
2012-09-06,23.63462257385254,23.709244356205183,23.044436112753342,23.0512187348766,32143100
2012-09-07,23.743152618408203,23.87204308672933,23.566776051874125,23.716016965772724,26773900
2012-09-10,23.46502685546875,23.702457429576747,23.46502685546875,23.654971314755148,19616700
2012-09-11,23.166542053222656,23.451458738680923,23.132621182078363,23.15297422232477,28575700
2012-09-12,23.288646697998047,23.370051084241727,23.207239723955585,23.268293660588043,17146900
2012-09-13,24.11626625061035,24.170537572682274,23.159756195384762,23.295431912765505,35911100
2012-09-14,24.50971221923828,24.828547005411536,24.12303831743416,24.150171375888846,42005000
2012-09-17,23.967025756835938,24.414753821444467,23.953457926053968,24.197671116732067,32266600
2012-09-18,24.041643142700195,24.136617951056344,23.858481322568863,23.973806581673298,26286600
2012-09-19,23.91274642944336,24.312988246242426,23.905963810222264,24.184097778655634,25755900
2012-09-20,23.87883186340332,23.89918231202296,23.641398749046704,23.77029182443416,22245300
2012-09-21,23.722810745239258,24.048430931135403,23.607485473763987,24.028077890404944,67455100
2012-09-24,23.81098747253418,23.892394424663856,23.559989172962894,23.587124823672784,19628400
2012-09-25,23.553211212158203,24.163747947084357,23.553211212158203,23.89239914971671,31518500
2012-09-26,23.349689483642578,23.607472964640802,23.261502509136154,23.60069034652409,27547000
2012-09-27,23.58034324645996,23.627831936410523,23.329344908256314,23.410749285117245,21591600
2012-09-28,23.42432403564453,23.648189372923827,23.38362312908411,23.47859536145742,21511200
2012-10-01,23.53964614868164,23.82456280754887,23.478592209238823,23.593914879409205,18903300
2012-10-02,23.621042251586914,23.654960519866794,23.43109787898121,23.627827457921686,21664000
2012-10-03,24.041643142700195,24.190886682318077,23.67532209023646,23.72959082149819,29288800
2012-10-04,24.401180267333984,24.421530714834155,24.048424513139445,24.163747166038434,29103700
2012-10-05,24.312990188598633,24.65217810831245,24.17731450315341,24.489366768218495,26200600
2012-10-08,24.285863876342773,24.38083611634923,24.170541181420496,24.211242091252146,13882500
2012-10-09,23.81098747253418,24.387608405028,23.72280048942416,24.326554484829785,40870500
2012-10-10,23.89918327331543,23.994155487758665,23.743157122758866,23.82456150831039,21229300
2012-10-11,23.865259170532227,24.19087922106763,23.79063742373905,24.143393125435267,23087800
2012-10-12,23.234375,23.349697662966097,22.82735048767424,22.95624097942436,61315900
2012-10-15,22.9969482421875,23.20046053176986,22.745947250163397,23.125838755103192,50238300
2012-10-16,22.881620407104492,23.15297182132443,22.725594249657632,23.13261878318867,39858400
2012-10-17,23.38361930847168,23.553213292228396,22.983377403293876,23.017295682485454,34806200
2012-10-18,23.45146369934082,23.634625573507634,23.336140994013395,23.45146369934082,23132500
2012-10-19,23.295429229736328,23.47859103893498,23.07834914204876,23.47859103893498,27819800
2012-10-22,23.403966903686523,23.431102558849396,23.173319010399123,23.26829121567067,23043800
2012-10-23,22.976594924926758,23.1733245905323,22.820568751866922,23.09192019324002,29170300
2012-10-24,22.874826431274414,23.241147294492396,22.78663687726009,23.091906419773068,25150500
2012-10-25,23.10548973083496,23.2208124198677,22.881624386995895,23.13262280673722,18816500
2012-10-26,23.0444278717041,23.125832247068526,22.861266086285326,22.96980611603737,23257700
2012-10-31,22.854482650756836,23.24794190648793,22.827349582063952,23.193670593504898,24902700
2012-11-01,23.10548973083496,23.10548973083496,22.77986952981395,22.895192218846688,26179000
2012-11-02,22.888402938842773,23.342913528535313,22.834131627226522,23.295427424770377,19149600
2012-11-05,23.078350067138672,23.11226834698719,22.75272992255492,22.7662977520541,17548100
2012-11-06,23.2818603515625,23.33613166493799,23.07156289393046,23.098698550618202,18787700
2012-11-07,22.469392776489258,23.049731569044596,22.401118543657468,23.049731569044596,32189300
2012-11-08,22.0870418548584,22.75614158232236,22.066560113740085,22.65372766774272,28044300
2012-11-09,22.0870418548584,22.326006787379537,22.018767648134666,22.07338909710888,21637100
2012-11-12,22.100698471069336,22.230423117496503,21.998287155173042,22.15531992314271,14994700
2012-11-13,21.861740112304688,22.223598182485247,21.84808474679858,21.89587722382263,20615600
2012-11-14,21.45890998840332,22.032422157974004,21.336014337460036,21.902700128420065,30910400
2012-11-15,21.55449867248535,21.793462335161454,21.452086046266224,21.499878518352006,22953000
2012-11-16,21.807117462158203,21.848082251751027,21.43843044908126,21.58863684800024,25581200
2012-11-19,22.121183395385742,22.264560804080375,21.950495259941388,22.175802244390923,22655800
2012-11-20,22.47620964050293,22.681037461254757,22.032422106026477,22.12118065471934,23890300
2012-11-21,22.25090980529785,22.530838298155754,22.168980213472185,22.50352756604894,15861100
2012-11-23,22.66738510131836,22.66738510131836,22.34649057050678,22.428420146960743,8783100
2012-11-26,22.46256446838379,22.56497580884763,22.291876296449246,22.55132044255349,16967700
2012-11-27,22.278223037719727,22.558151561994382,22.244085921002338,22.40111874149836,18988300
2012-11-28,22.4011173248291,22.428425453778985,21.930016288638882,22.155325932815927,18115300
2012-11-29,22.640073776245117,22.75614306060841,22.489867386302343,22.551315218143095,21316700
2012-11-30,22.537660598754883,22.681040614110984,22.4215939150556,22.60593741666119,19535500
2012-12-03,22.36014747619629,22.694697393573428,22.353321096226917,22.65373130027384,19623300
2012-12-04,22.353315353393555,22.42158955352462,22.12800580487223,22.414763175309027,20296900
2012-12-05,22.517173767089844,22.667380128045064,22.319174946647728,22.476207685603775,27232100
2012-12-06,22.62641716003418,22.708346729786417,22.407936571032177,22.517176865533177,18833100
2012-12-07,22.6878719329834,22.769801527813392,22.530839124353047,22.728838032645825,18525200
2012-12-10,22.564971923828125,22.76297079426141,22.551316559885034,22.612764395381763,17977000
2012-12-11,22.728830337524414,22.8312416452656,22.564968598846942,22.605934684639806,20841900
2012-12-12,22.872207641601562,23.15896242754812,22.776622712952708,22.824415177277135,26297900
2012-12-13,22.70835304260254,22.960973410014816,22.667389548585795,22.865388451316026,18612400
2012-12-14,22.63324737548828,22.749314055247424,22.544488817470334,22.70152158658258,19231900
2012-12-17,23.4730281829834,23.52082064250525,22.701517243640534,22.701517243640534,43475600
2012-12-18,23.869022369384766,24.026055102861736,23.54130154241192,23.664197178088436,35083200
2012-12-19,23.63689613342285,23.916824617160437,23.62324076781435,23.875861124829612,33517600
2012-12-20,23.937299728393555,23.937299728393555,23.52764673174226,23.52764673174226,25128300
2012-12-21,23.541309356689453,23.81441143873352,23.350139461955298,23.684686777740072,37148300
2012-12-24,23.500337600708008,23.89633526380816,23.432063398894666,23.48668484394042,7911300
2012-12-26,23.438886642456055,23.63688282103034,23.35012811823731,23.534471543387063,14289700
2012-12-27,23.33648109436035,23.513995601699495,22.981449475187922,23.432066029427133,19264700
2012-12-28,23.152132034301758,23.370612577470265,23.12482131528232,23.138476674792038,15877700
2012-12-31,23.33648109436035,23.384273561893743,23.015586579926897,23.036070926365593,26697900
2013-01-02,23.930479049682617,23.944134414758675,23.71882740224017,23.916823684606562,30443000
2013-01-03,23.732473373413086,23.92364582529252,23.63006207138244,23.882679741783964,25374800
2013-01-04,23.855371475219727,23.923648288096032,23.52082420785519,23.616409141387912,31420300
2013-01-07,23.73930549621582,23.875856521478624,23.534480260568696,23.834890432551532,28135100
2013-01-08,23.698339462280273,23.752960914309813,23.507169589165244,23.677857720016288,20132600
2013-01-09,23.698339462280273,23.998752239454387,23.6642023570089,23.793924398837788,24589300
2013-01-10,24.16944694519043,24.16944694519043,23.821241605014244,23.916826567574017,37523100
2013-01-11,23.964611053466797,24.019232502131654,23.57544234745878,23.848544381795012,44149200
2013-01-14,23.73930549621582,23.93730435262218,23.568617365760854,23.889511884454325,23145600
2013-01-15,23.971437454223633,24.03288527510448,23.62323226773427,23.643716611023716,24837500
2013-01-16,23.95778465270996,24.09433566975314,23.834888997820503,23.875855084281664,16799200
2013-01-17,23.91681671142578,24.046541339578564,23.848542510446077,24.026056995689597,22912100
2013-01-18,23.848546981811523,23.950960906976487,23.554963174465883,23.88951307277637,31399000
2013-01-22,23.92364501953125,23.930471397639177,23.698335474563482,23.759783295509806,20931100
2013-01-23,23.862201690673828,23.978268371814497,23.807580237552873,23.916820539300545,18180200
2013-01-24,24.005582809448242,24.210408081327714,23.814412902960026,23.937308586986635,22090700
2013-01-25,23.99192237854004,24.107991657612143,23.862200341453892,24.087507311602895,19431600
2013-01-28,23.971437454223633,24.067022374595226,23.793920369681754,24.03288527510448,22067900
2013-01-29,24.0806827545166,24.12164884514046,23.93047636005674,23.96461346666281,16846900
2013-01-30,24.046306610107422,24.094440269403968,23.881275047456622,24.060059458918964,27810800
2013-01-31,23.95003890991211,24.06005907556376,23.92253321272728,23.9706668712569,16751600
2013-02-01,24.156320571899414,24.2388350204835,24.03254758747977,24.10818692496811,21009300
2013-02-04,23.90190315246582,24.066934716106285,23.80563583329543,24.01880105652109,22241600
2013-02-05,23.96378517150879,24.13569181584698,23.96378517150879,24.03942451471155,17534100
2013-02-06,24.046306610107422,24.05318172296934,23.86752219864508,23.95003929151433,24087000
2013-02-07,23.833133697509766,24.032546006297746,23.757494364997992,24.025668272567483,27095000
2013-02-08,23.984413146972656,24.01191621353267,23.84688732182483,23.8537624326931,18425800
2013-02-11,24.245718002319336,24.335110214105047,24.011924802863703,24.032555389022175,24198900
2013-02-12,24.417617797851562,24.445123489574407,24.21820809057878,24.293847431273033,19559000
2013-02-13,24.156320571899414,24.424494497112963,24.03254758747977,24.376360850181662,21344300
2013-02-14,24.211334228515625,24.25259277269887,24.005046753774515,24.080686106566684,22296200
2013-02-15,24.176942825317383,24.314468622575397,24.080675554162692,24.23195419345515,21105000
2013-02-19,24.1632022857666,24.252594492960537,24.12194636174459,24.18383024777761,25413400
2013-02-20,24.135690689086914,24.28696936843008,24.10818762082306,24.128815577792725,27539300
2013-02-21,24.383241653442383,24.534520363734444,24.080686855945906,24.10131481713568,38030800
2013-02-22,24.63077735900879,24.637655091915157,24.33509779811195,24.458870759561165,20521000
2013-02-25,23.922536849975586,24.720183827998426,23.908783999292147,24.64454446078356,27023500
2013-02-26,23.895029067993164,24.13569737627739,23.736875233536697,24.121947149879286,29601900
2013-02-27,24.156320571899414,24.218207064109233,23.791876729736227,23.943155404712908,32171300
2013-02-28,24.121936798095703,24.321346472346676,24.08067826734376,24.115059064760363,22097000
2013-03-01,24.335098266601562,24.451996120481418,23.96377937510544,24.02566585702146,20624800
2013-03-04,24.65140724182129,24.672037819069278,24.29384379528828,24.321346859807687,16880500
2013-03-05,24.672042846679688,24.95396964437627,24.623909195103728,24.747682191466843,23312000
2013-03-06,24.78893280029297,24.850819285223146,24.623903922536968,24.81643848761454,18491700
2013-03-07,25.04336166381836,25.084620207673364,24.809571117902596,24.843951926238002,21509700
2013-03-08,25.098371505737305,25.180885965264306,24.91271200448602,25.063990699525004,24042200
2013-03-11,25.531570434570312,25.538445544807562,25.11899299699452,25.15337641744086,18989900
2013-03-12,25.208393096923828,25.565959272713442,25.18776513663766,25.504072768767404,22688600
2013-03-13,25.284027099609375,25.345913590462565,25.118995582971877,25.263399143687298,15812000
2013-03-14,25.421552658081055,25.46280856948993,25.304654788553048,25.407799813249117,21874700
2013-03-15,26.267345428466797,26.267345428466797,25.648480232282196,25.689738786390567,56046200
2013-03-18,25.964780807495117,26.061050740619294,25.8685134974584,25.923524887815077,29754300
2013-03-19,25.779115676879883,26.08167035780203,25.66909555444577,26.07479262466367,23724800
2013-03-20,25.744741439819336,26.019793155551486,25.68285493493398,25.889145033276876,19049900
2013-03-21,25.5384521484375,25.703483690758347,25.5109464542028,25.552204995554852,24008300
2013-03-22,25.579708099365234,25.70348108779969,25.51094387074214,25.627841747857843,15646600
2013-03-25,25.586584091186523,25.717234818522886,25.4009246021458,25.682851391484558,20304500
2013-03-26,25.648475646972656,25.751620702259714,25.49032181913016,25.737867853348927,18635500
2013-03-27,25.42843246459961,25.552205467856194,25.304659461343025,25.504071813599456,14840800
2013-03-28,25.4353084564209,25.469689260949522,25.325288308076967,25.462811526191448,16967500
2013-04-01,25.3940486907959,25.5040688338267,25.270275702000355,25.45593518519367,10903800
2013-04-02,25.35967254638672,25.510948631413367,25.284033192329595,25.4628149739384,17094700
2013-04-03,25.215267181396484,25.407804420872694,25.132752720528064,25.3527930315688,26277200
2013-04-04,25.730985641479492,25.772244181034992,25.270277087002423,25.284029933520923,24102400
2013-04-05,25.545324325561523,25.57970512433087,25.180880513963352,25.311531221608412,24520900
2013-04-08,25.4559326171875,25.51781910534213,25.18088097581427,25.51781910534213,20087000
2013-04-09,25.751615524291992,25.889141362659362,25.428430197591755,25.545328078284534,21250100
2013-04-10,25.83412742614746,26.026662006990637,25.57970635530656,25.82037458136053,23566000
2013-04-11,25.792863845825195,26.06791544158051,25.545320557349115,25.847875214210827,30560000
2013-04-12,25.586584091186523,25.730985041633577,25.167131462956057,25.394049490590454,36662500
2013-04-15,25.146507263183594,25.7309888869613,25.125879302347645,25.455939791160798,23092300
2013-04-16,25.483448028564453,25.593468202472035,25.270282794017575,25.339044419051866,20352400
2013-04-17,25.139625549316406,25.35966581741261,24.926460391997693,25.311532172709494,31790200
2013-04-18,24.940210342407227,25.19463138103991,24.88519897022362,25.160250584968455,19322200
2013-04-19,25.229022979736328,25.256528677605587,24.953973870306893,25.03648834082695,18107000
2013-04-22,25.25652503967285,25.345917233328095,25.029609622655503,25.31153642748757,14432000
2013-04-23,25.531570434570312,25.538445544807562,25.24276596595859,25.339033247800263,19883100
2013-04-24,25.675975799560547,25.751615140690216,25.538449963241792,25.579708501063564,16740700
2013-04-25,25.88226318359375,25.992283327780942,25.66910062971758,25.76536792799548,14861200
2013-04-26,26.04729652404785,26.04729652404785,25.758491986029107,25.82725622036087,17814600
2013-04-29,26.04729652404785,26.116058135292285,25.964779442849736,26.09543017653642,16016500
2013-04-30,26.11606216430664,26.157320711270795,25.81350735583271,26.10230931531859,20585300
2013-05-01,25.75848960876465,26.102302879430766,25.64159435581997,26.061046965726568,17639200
2013-05-02,25.724105834960938,25.88913733997644,25.70347788049154,25.792867431916772,13205400
2013-05-03,25.951025009155273,26.074795364699092,25.85475509670823,25.951025009155273,15878400
2013-05-06,26.061038970947266,26.122925445605656,25.951018863008606,26.03353328819103,14228700
2013-05-07,26.404855728149414,26.514875851054757,26.067917626265555,26.143556952591727,23273300
2013-05-08,26.647428512573242,26.799895743604957,26.37021103911997,26.432584838459867,18741300
2013-05-09,26.259319305419922,26.68900392362103,26.183084383341725,26.640491272069674,27766600
2013-05-10,26.356340408325195,26.446436451308934,26.210802476864334,26.363272296722844,16390500
2013-05-13,26.47416877746582,26.53654257804231,26.21774432786993,26.36328231463448,12774700
2013-05-14,26.862268447875977,26.883061475969466,26.481096420222933,26.515747942056546,21730600
2013-05-15,27.236513137817383,27.2919576916309,26.758315758014053,26.82068955918334,25696800
2013-05-16,27.20878791809082,27.541449917508547,27.09097221959244,27.222649055045025,22959500
2013-05-17,27.638473510742188,27.6592638930076,27.257301521341716,27.319672668137965,24390400
2013-05-20,27.86025047302246,27.922624272677222,27.61768452159093,27.652338688753844,18939000
2013-05-21,28.192895889282227,28.276060033040157,27.839443651765215,27.950332701763074,23049200
2013-05-22,27.790931701660156,28.483972418846097,27.714699443511744,28.22061884980862,30388300
2013-05-23,27.728567123413086,28.02657494209219,27.30581436652872,27.30581436652872,24730000
2013-05-24,27.88796615600586,27.92954691678403,27.375114741898866,27.388975876738638,17121900
2013-05-28,28.082019805908203,28.40081801062011,28.00578487788113,28.27607042725607,20993200
2013-05-29,28.241413116455078,28.345370295852497,27.867170443113444,27.971127622510863,22848100
2013-05-30,28.587942123413086,28.823576176361794,28.206770090515914,28.26914388817121,22022700
2013-05-31,28.10280990600586,28.657242135526463,28.10280990600586,28.594868344471557,26904700
2013-06-03,28.22755241394043,28.386951486040243,27.714703685226414,28.29685808251052,23638000
2013-06-04,28.026580810546875,28.532500490490584,28.012719671456942,28.276076026681736,18708700
2013-06-05,27.596895217895508,28.102814882149705,27.486008752356806,27.887973842273276,21099300
2013-06-06,28.22062873840332,28.248348367561,27.4444209596763,27.513726641924134,24721900
2013-06-07,28.587942123413086,28.678038196413333,28.283005025843686,28.574080985740608,23459300
2013-06-10,28.601795196533203,28.892871074358474,28.53248952771223,28.761194269210034,16340600
2013-06-11,28.17905044555664,28.553293266422276,28.130537781045387,28.262214635612803,18368500
2013-06-12,27.90876007080078,28.380028140070532,27.804802868207773,28.269141691050677,18320100
2013-06-13,28.373090744018555,28.407744900652467,27.860242008224628,27.92261578892832,17377700
2013-06-14,27.8325252532959,28.456263183878676,27.790941843343216,28.303793324460333,19475700
2013-06-17,28.14439582824707,28.21369887172369,27.95727443837022,28.130534690803415,15494200
2013-06-18,28.303791046142578,28.39388710525035,28.15825308863553,28.22062687667302,15784400
2013-06-19,28.17905044555664,28.539432127455928,28.15132816762394,28.262214635612803,20898800
2013-06-20,27.784006118774414,28.179039168123836,27.70777120684016,27.922614809223884,29302200
2013-06-21,28.386953353881836,28.553284325653586,27.825591942102033,28.165180487346905,38847800
2013-06-24,27.583030700683594,28.068159919396788,27.305815892662878,28.05429878243452,31047900
2013-06-25,27.929555892944336,28.088955029218603,27.64540914676116,27.83253056162452,22263000
2013-06-26,28.428543090820312,28.62259373133199,28.227560559580823,28.227560559580823,19405900
2013-06-27,28.802785873413086,28.92753346907748,28.518639159675672,28.67803827774869,18800400
2013-06-28,28.601795196533203,28.84435842805426,28.449325368868003,28.802777670502618,20249300
2013-07-01,28.664188385009766,29.080012104524435,28.60181456270829,28.802797172762233,16177100
2013-07-02,28.567153930664062,28.816649140428414,28.42161329580693,28.553292791928055,15558700
2013-07-03,28.567153930664062,28.6225958418662,28.269146057194632,28.400822909573865,8074400
2013-07-05,29.156240463256836,29.15624046325684,28.71269455794933,28.733484946091203,14933800
2013-07-08,29.682945251464844,29.77997056177338,29.308702502782143,29.35721515793641,22830100
2013-07-09,29.592853546142578,29.856209887013467,29.26712340463758,29.76611380971046,22540600
2013-07-10,29.156240463256836,29.509692924121477,28.927538262469838,29.48889989223747,25414800
2013-07-11,29.031484603881836,29.46810113708561,28.719615651593426,29.43344961877387,32231700
2013-07-12,29.544336318969727,29.835412247793773,29.24632850017859,29.523543292809862,35799500
2013-07-15,30.043319702148438,30.050251591123143,29.779966083412102,29.786895328645784,21926700
2013-07-16,29.814620971679688,30.11262878153802,29.696802639443423,30.04332310265159,21829100
2013-07-17,30.154212951660156,30.41064002689661,29.918578904309292,29.93937193219488,23959200
2013-07-18,30.777944564819336,30.902692131434645,30.26509316387407,30.29974732195472,23443500
2013-07-19,30.805660247802734,31.02050117702156,30.58388743095333,30.7848672286515,18904400
2013-07-22,30.930423736572266,31.034378310969053,30.680928528032965,30.826466518433598,18409400
2013-07-23,30.888839721679688,31.04130960032907,30.840327059153402,30.94428427527649,13431500
2013-07-24,30.70864486694336,30.999720791456472,30.6670614589809,30.96506927335844,17947800
2013-07-25,30.2512264251709,30.64625939716708,30.091824743935618,30.64625939716708,29467400
2013-07-26,30.154212951660156,30.285892434549584,29.93937193219488,30.181935226346525,18503800
2013-07-29,29.974023818969727,30.147284072258568,29.946301543945513,30.08491027532492,12402400
2013-07-30,29.980955123901367,30.2443114672262,29.932442461149666,30.140356894361915,18579200
2013-07-31,30.14727210998535,30.52844398722555,30.00866343360511,30.00866343360511,25488500
2013-08-01,30.67399024963379,31.006652220911118,30.57696494290345,30.62547759626862,19822300
2013-08-02,30.833396911621094,30.874977681862887,30.528457163225273,30.660136652302285,13506500
2013-08-05,30.72943687438965,30.874974844343974,30.646272697807394,30.819532941202972,14162200
2013-08-06,30.51459503173828,30.71557756050254,30.473014262850274,30.68092603851531,13788000
2013-08-07,30.193614959716797,30.361084407674976,30.1936149597168,30.242460437194506,18578700
2013-08-08,30.15871810913086,30.402945434941014,29.998225486187298,30.36107675256861,18704100
2013-08-09,30.165699005126953,30.270369394391054,30.005206360299614,30.1517427757665,10716100
2013-08-12,30.144756317138672,30.305248910456296,29.900526374533634,30.040085961468264,11087600
2013-08-13,30.228492736816406,30.25640518817842,30.047067126719046,30.179647277871812,12733900
2013-08-14,30.074981689453125,30.3750339345219,30.07498168945312,30.3192116848161,13772000
2013-08-15,29.998231887817383,30.088943392831464,29.872628475774587,29.935430181795986,17748800
2013-08-16,29.83076286315918,30.130815193797417,29.754004918780225,29.7819173825324,16238000
2013-08-19,29.64932632446289,29.991244563749643,29.628390653369156,29.977288336979846,15873700
2013-08-20,29.719104766845703,29.774927011991238,29.41905254628899,29.635370068188365,15113700
2013-08-21,29.558616638183594,29.77493153103575,29.39812399894931,29.62141833717775,14586200
2013-08-22,29.642345428466797,29.747015793175223,29.433007360927895,29.593499968103654,14037600
2013-08-23,29.83773422241211,29.886582356035312,29.55163817567416,29.78191196693763,12161600
2013-08-26,29.579547882080078,29.88657957519651,29.565591654040393,29.795865423877718,10107000
2013-08-27,28.686370849609375,29.244606667001815,28.637525381954934,29.23065043883221,19230000
2013-08-28,28.78406524658203,29.014339046256445,28.59566013645169,28.672418069676496,13927000
2013-08-29,28.78406524658203,29.070161303769883,28.630549380132422,28.651485055843793,10512600
2013-08-30,28.665435791015625,28.902683667319675,28.553785973632795,28.86779443032662,15031800
2013-09-03,28.881746292114258,29.202731482939527,28.651475233262303,29.06317455606089,15949300
2013-09-04,28.958515167236328,29.132964053785944,28.784066280686712,28.860824216669144,12465000
2013-09-05,29.181804656982422,29.307408047278166,28.958510332429615,28.993399571538806,11331000
2013-09-06,28.909658432006836,29.32135775038741,28.749165838316472,29.314378306991724,14548700
2013-09-09,29.112018585205078,29.112018585205078,28.53284725192555,28.97245900329262,27418600
2013-09-10,29.62140655517578,29.62838333589855,29.2376197303654,29.391132863163097,18702300
2013-09-11,29.656299591064453,29.67723259779844,29.481850769940547,29.649322809445714,14707900
2013-09-12,29.488840103149414,29.767959400502733,29.35625990093998,29.67026844499274,14499500
2013-09-13,29.439998626708984,29.57955829435379,29.35626389087381,29.391153142315193,9986500
2013-09-16,29.92844581604004,30.054049207436318,29.802842424643767,29.844711109068637,19286200
2013-09-17,29.900537490844727,30.040097129664325,29.705155593624514,29.98427487126371,16850300
2013-09-18,30.221506118774414,30.577380441241772,29.830739912521796,29.865629134430048,23921600
2013-09-19,29.9773006439209,30.584384779189257,29.82378741018566,30.584384779189257,15953300
2013-09-20,29.900537490844727,30.07498637389955,29.656310119319464,29.97729542528944,32062300
2013-09-23,29.523723602294922,29.670259993821006,29.349274756608214,29.60047885841944,16474300
2013-09-24,29.118995666503906,29.516738748832385,29.09806266065851,29.356246159636477,22392800
2013-09-25,29.17482566833496,29.279493377749798,28.81197175289833,29.18878189529923,19188200
2013-09-26,29.035266876220703,29.446966266658553,28.895707264535666,29.251581745548226,20495000
2013-09-27,29.021312713623047,29.146916106887975,28.965487800226022,29.007356485273792,20034100
2013-09-30,28.83291244506836,28.98642832070221,28.539839586362458,28.651486769947393,20358800
2013-10-01,28.951534271240234,29.00735652283116,28.672415027650477,28.86779690103628,12771100
2013-10-02,28.79103660583496,28.79103660583496,28.609610975751707,28.749170586057836,17782400
2013-10-03,28.609619140625,28.763135021961315,28.358412302757905,28.763135021961315,19049600
2013-10-04,28.818944931030273,28.818944931030273,28.553781975629576,28.60960687650458,12329500
2013-10-07,28.34444236755371,28.539826848029477,28.34444236755371,28.463068944472315,15290200
2013-10-08,28.07929229736328,28.44912306327715,28.05835662213215,28.295607200349004,19256200
2013-10-09,28.163026809692383,28.29560699643394,27.960665475814274,28.211872281748672,17031000
2013-10-10,28.916643142700195,28.93757881675026,28.21187089351199,28.581701638562176,26580700
2013-10-11,28.909658432006836,28.9654806697837,28.121149026590945,28.218839939108754,46034600
2013-10-14,29.132953643798828,29.237624003078572,28.67938563609036,28.70729808681533,17183700
2013-10-15,28.986427307128906,29.293456385781845,28.902689925959145,29.209721666490815,17256600
2013-10-16,29.453943252563477,29.747018705311433,29.132958006788556,29.24460516453106,25931800
2013-10-17,29.781902313232422,29.837724550612307,29.307401317053714,29.33531376668251,18826200
2013-10-18,29.781902313232422,29.96332791206418,29.572564264771863,29.809814762861215,17581300
2013-10-21,29.740041732788086,29.90751381426207,29.67026325160301,29.753997961400785,16457100
2013-10-22,29.963333129882812,30.04009104878978,29.705149580550597,29.830752963875064,18654300
2013-10-23,29.83773422241211,29.984273299524578,29.795868196275894,29.942404611509794,13612900
2013-10-24,29.78888702392578,29.991248344782658,29.691196086099264,29.956359104398675,13956600
2013-10-25,29.907516479492188,29.95636195305033,29.70515513939209,29.75400061295023,19831600
2013-10-28,29.886587142944336,29.9982343336543,29.705158794366273,29.886587142944336,12704500
2013-10-29,29.9773006439209,30.047081806417985,29.774939265498116,30.012189894229856,13105700
2013-10-30,30.074981689453125,30.284322446015185,30.019159439747323,30.081961134340283,16039700
2013-10-31,29.78888702392578,30.165697208580983,29.78191024060035,30.033117030370484,18760200
2013-11-01,29.774934768676758,30.033121038104092,29.712135724732494,29.809826675595264,15538700
2013-11-04,29.79587173461914,29.89356268970948,29.677245102095952,29.83076098116871,11921600
2013-11-05,29.74701690673828,29.879597066704466,29.656302764720344,29.774926698077763,16603700
2013-11-06,29.824321746826172,29.96487045786602,29.7048570849257,29.950815318687667,14751500
2013-11-07,29.311323165893555,29.936762156544233,29.31132316589355,29.908654557074982,22432500
2013-11-08,30.01405906677246,30.18974426760453,29.311318263444182,29.31834717269378,23461300
2013-11-11,30.04216957092285,30.119471488796226,29.82431895516548,30.000004157334622,11764400
2013-11-12,29.711877822875977,30.042166830664968,29.564302909893183,29.99297519300404,13376800
2013-11-13,30.049196243286133,30.070280290763368,29.37456570037129,29.627552824150225,24062300
2013-11-14,30.281095504760742,30.30217686697235,29.922698943448893,30.13352060779368,17831300
2013-11-15,30.597341537475586,30.667614560019743,30.18975050063634,30.203805641293968,23401200
2013-11-18,30.5059814453125,30.723832082835617,30.470844937516826,30.625448788710244,13116600
2013-11-19,30.61138916015625,30.794100582344598,30.477866697073118,30.58327888574472,14700500
2013-11-20,30.653562545776367,30.96979654096633,30.55517923188266,30.730864486905496,15790600
2013-11-21,30.976821899414062,31.194669874979404,30.773026383583826,30.78708152406287,16441600
2013-11-22,31.17357063293457,31.187625765355854,30.871391987732913,30.920583610836214,11035100
2013-11-25,31.257911682128906,31.426570660237804,31.201693809921615,31.257911682128906,12363900
2013-11-26,31.13844871520996,31.447653730960628,31.124393576210796,31.293049882713465,13429900
2013-11-27,31.11033821105957,31.257913148362547,30.969789502833272,31.257913148362547,13655800
2013-11-29,30.934650421142578,31.278991912855208,30.8924850079612,31.194663767235866,9770200
2013-12-02,31.047090530395508,31.257912246278956,30.98384374755612,30.99789888604749,16740500
2013-12-03,30.730857849121094,31.117364790538005,30.618419417422654,30.96978985157324,22404100
2013-12-04,30.744922637939453,30.969799571917388,30.456798898733684,30.498964329133738,18009600
2013-12-05,30.393535614013672,30.88545464564921,30.3654253423218,30.65354892530585,19048900
2013-12-06,30.99789047241211,31.05410833037504,30.520026616384435,30.688682871016066,16909700
2013-12-09,31.145462036132812,31.257900420782505,31.01896851830909,31.01896851830909,14011200
2013-12-10,30.99789047241211,31.229793492716308,30.955725068382787,31.07519237276112,14352400
2013-12-11,30.583267211914062,31.040046933400813,30.555156948232394,30.969773954938944,18230100
2013-12-12,30.5692138671875,30.76598036297779,30.548132508564954,30.61840549113507,13744200
2013-12-13,30.730857849121094,30.801133544397413,30.562201541945267,30.583282910156328,14097300
2013-12-16,30.90653419494629,31.018972594371,30.780040660500628,30.899507967807263,13254200
2013-12-17,30.63246726989746,30.794097309470366,30.56219427208073,30.75193190233451,13376100
2013-12-18,31.574138641357422,31.665495679423636,30.681657665268972,30.90653446609125,28008400
2013-12-19,31.637386322021484,31.763879861226812,31.27196083995532,31.356288972511205,17713600
2013-12-20,31.59520721435547,31.763866087072625,31.482768859457977,31.693590439798044,29401400
2013-12-23,31.770902633666992,31.995779416523533,31.693600736920796,31.70765587094217,13037300
2013-12-24,31.89740562438965,31.94659726769028,31.749830694487745,31.79902233778838,4355300
2013-12-26,32.00279998779297,32.073072958852364,31.925498111182424,31.974689727072406,7309800
2013-12-27,31.974708557128906,32.066065617900335,31.897406634994898,32.0379553406255,6843900
2013-12-30,31.974708557128906,32.05201047926292,31.855243899826228,32.023900201988084,11321400
2013-12-31,31.904428482055664,32.0098379773866,31.72874330909444,31.988756614469015,13243500
2014-01-02,31.637386322021484,31.834152858232883,31.560084416869007,31.728743362723776,17333100
2014-01-03,31.862274169921875,31.960657472118353,31.6092870038487,31.616315914430693,14693800
2014-01-06,31.91848373413086,32.192554879793704,31.876321004600598,31.99578564592731,18438900
2014-01-07,31.904428482055664,32.18552315034783,31.777934943064146,32.18552315034783,16897000
2014-01-08,32.26985549926758,32.29093954568309,31.86929346703641,31.904432650814478,20850700
2014-01-09,32.43851089477539,32.46662116640503,32.18552381159476,32.304991125649195,14229900
2014-01-10,32.283912658691406,32.3682434881487,32.066064717785515,32.3682434881487,15386700
2014-01-13,32.016876220703125,32.40338317776331,31.939574293142332,32.29797097095427,20950900
2014-01-14,32.037960052490234,32.21364529018085,31.567122221492518,31.96065811898733,28487500
2014-01-15,32.60718536376953,32.84611742485922,32.15742884585503,32.28392244765218,27394500
2014-01-16,32.60015106201172,32.6493427122723,32.375274180607946,32.536904271570414,12892600
2014-01-17,32.60015106201172,32.71961841317591,32.42446583086853,32.66339785245302,15168200
2014-01-21,32.677452087402344,32.91638410236794,32.494740631602205,32.684478316926125,15533900
2014-01-22,32.796913146972656,32.90935425293547,32.67744849300244,32.84610747120315,11817300
2014-01-23,32.57203674316406,32.64231243535445,32.326078522356596,32.607175929631026,19825200
2014-01-24,31.96064567565918,32.43850955058908,31.96064567565918,32.35418141993761,20115400
2014-01-27,31.99578094482422,32.24174178083266,31.784959285919005,31.99578094482422,21323600
2014-01-28,32.297969818115234,32.49473908508574,32.080121863576586,32.17850515669,16117300
2014-01-29,32.037960052490234,32.47365869135464,31.967687029711584,32.06607033389929,20428800
2014-01-30,32.36121368408203,32.46662587761794,32.164447115608,32.22066498628196,12623600
2014-01-31,31.862274169921875,32.12228756583312,31.784972237983524,31.911465821020116,27251200
2014-02-03,31.222774505615234,32.05903510720245,31.145472587341633,31.84118717106061,29540200
2014-02-04,31.46170425415039,31.49684075612153,31.082223599078258,31.32115556552257,20744800
2014-02-05,31.291919708251953,31.574913507947304,31.249469828648984,31.553687218731373,21998800
2014-02-06,31.681026458740234,31.688102786368628,31.320212015710894,31.390959099025437,21043100
2014-02-07,32.09843444824219,32.119660728146755,31.72347012213652,31.872040587329966,16773000
2014-02-10,32.204559326171875,32.27530639910628,31.992315408540833,32.11258597229489,12501500
2014-02-11,32.522918701171875,32.60781570796504,32.162101699353364,32.21870150310026,13561100
2014-02-12,32.53708267211914,32.72102671590245,32.40973575764288,32.5158563871542,12175700
2014-02-13,32.53000259399414,32.59367604389173,32.14796189460858,32.232861627024064,14597400
2014-02-14,32.63612747192383,32.7422480942796,32.40973357230438,32.56537769152514,11165300
2014-02-18,32.63612747192383,32.77762433389302,32.59367760368462,32.749324421733554,12120400
2014-02-19,32.211631774902344,32.72101931763417,32.17625823972991,32.579522478116694,16187900
2014-02-20,32.28239059448242,32.43803473264171,32.013546793911296,32.11259379969316,13388500
2014-02-21,32.26116943359375,32.58661311707298,32.17627237212604,32.27531939364319,15411100
2014-02-24,32.60075378417969,32.84837126738844,32.331910017532934,32.35313360214278,14106700
2014-02-25,32.60075378417969,32.72809799066693,32.50878041949008,32.68565082144723,13751600
2014-02-26,32.579532623291016,32.84837643220865,32.409738522058824,32.79177659924554,13910700
2014-02-27,32.579532623291016,32.600758910066475,32.268241638479616,32.5087855309157,13799700
2014-02-28,32.8412971496582,33.004020305376216,32.551229778884725,32.614903235826624,16347300
2014-03-03,32.650264739990234,32.713938168191234,32.51584155888417,32.621964838828205,16067600
2014-03-04,33.06768035888672,33.110127513757185,32.84836016302276,33.05353040765415,14881900
2014-03-05,33.315303802490234,33.41435078026019,33.03231012415228,33.124283474436275,13643700
2014-03-06,33.49217224121094,33.605369166238845,33.37189899027827,33.456798708169885,14726300
2014-03-07,33.92374038696289,34.29870473958436,33.67612022863552,33.78931716709641,20491600
2014-03-10,34.06523132324219,34.157201964337375,33.6619671312789,33.88836096891347,11810200
2014-03-11,33.82470703125,34.213821495308075,33.76103355903475,34.19967153494591,13373600
2014-03-12,34.04402160644531,34.051097935404144,33.6478335472704,33.74688056206413,13497400
2014-03-13,33.845909118652344,34.17134990372898,33.77516206061908,34.121826423340245,14813900
2014-03-14,33.53462219238281,34.00863347385719,33.442648847161074,33.66904269783952,15347300
2014-03-17,34.05109786987305,34.0793950891677,33.66198344157708,33.7468804971185,11085700
2014-03-18,34.24209976196289,34.27747329108424,34.04400314099421,34.07937667011556,9757400
2014-03-19,33.82470703125,34.249195046798995,33.59123673351776,34.227971455670236,28293000
2014-03-20,34.68782043457031,34.92129064757668,33.746871352001264,33.746871352001264,25208400
2014-03-21,34.751487731933594,35.352848577908944,34.69489061987178,35.22550170223546,30999100
2014-03-24,34.65245056152344,35.01326771091434,34.53925360655984,35.00619138313821,19677600
2014-03-25,34.63831329345703,34.857633654777494,34.602939738103224,34.843483692870116,14659400
2014-03-26,34.31285095214844,34.808088515965586,34.28455104591258,34.80101218999282,17399800
2014-03-27,34.73734664916992,35.225510696843685,34.418982077521385,35.0274140069758,29075100
2014-03-28,34.871768951416016,35.09816284906592,34.701972178764514,34.76564563115531,15008000
2014-03-31,35.190147399902344,35.31041801552416,34.99205065236495,35.19722103071521,17901800
2014-04-01,35.21134567260742,35.32454257602262,35.02032539206419,35.28916904973545,16397000
2014-04-02,35.20429229736328,35.28919205439024,35.02742185180034,35.21136862652994,13036800
2014-04-03,35.25380325317383,35.29625041449455,35.0627829307476,35.23965329979103,9598900
2014-04-04,35.06279373168945,35.7207519231184,35.06279373168945,35.40945825045959,18702400
2014-04-07,34.42605972290039,35.140615058826484,34.41898609332147,35.07694429613063,19653700
2014-04-08,34.546321868896484,34.66659242472868,34.270401825439535,34.426048614236635,19086900
2014-04-09,34.73734664916992,34.73734664916992,34.39068216485051,34.716123064080875,15928100
2014-04-10,33.75394821166992,34.822246993558224,33.75394821166992,34.822246993558224,24910800
2014-04-11,34.01572036743164,34.57462884183941,33.05354485371576,33.570006154701524,36426700
2014-04-14,34.03693771362305,34.44020198016603,33.56292367296765,34.22088172865946,24321400
2014-04-15,34.51095199584961,34.581701775990034,33.98741711695124,34.15013756303199,21749600
2014-04-16,34.730262756347656,34.82930972259547,34.40482195329701,34.70903917753096,17866000
2014-04-17,34.617069244384766,34.87176301055755,34.52509589574955,34.68074268592796,19399900
2014-04-21,34.751487731933594,34.90006088610434,34.63829080898244,34.72319052531645,12478000
2014-04-22,34.82931900024414,35.013265728412335,34.59585147458837,34.6948984672198,14203800
2014-04-23,35.08400344848633,35.14060055824878,34.80808612867928,34.80808612867928,13309900
2014-04-24,34.89298629760742,35.190129921915805,34.78686299631993,35.190129921915805,12617100
2014-04-25,34.70197677612305,34.98497053509085,34.6666032309592,34.85762361343819,16274500
2014-04-28,34.6241455078125,34.90006557472499,34.3340781851046,34.8576157108551,18411700
2014-04-29,34.999122619628906,35.027419838182354,34.75857871953828,34.857625731547,14745800
2014-04-30,35.119388580322266,35.1972119934268,34.92836821147342,34.98496803875973,14982800
2014-05-01,35.119388580322266,35.26088544970975,34.98496803875973,35.19013836443016,11851000
2014-05-02,35.076942443847656,35.38115707859025,35.020342614891014,35.2113629893771,13369700
2014-05-05,35.06279373168945,35.11939086382747,34.737350101289024,34.86469702213517,9127000
2014-05-06,34.730262756347656,34.97080654530409,34.716112804194054,34.94250664099689,16213000
2014-05-07,35.19343185424805,35.221934982656954,34.82289933955603,34.91553314778102,15504500
2014-05-08,35.15068435668945,35.264694166637625,35.05805053666648,35.16493320450073,12901800
2014-05-09,34.9725456237793,35.14355898822825,34.85140866560357,35.10793143048542,15174600
2014-05-12,35.457088470458984,35.52121916741045,35.15068927192272,35.186316832849386,16450500
2014-05-13,35.49271774291992,35.59960042266842,35.37158077735465,35.47133903240336,9707100
2014-05-14,35.122188568115234,35.52834877086495,35.05093072311862,35.52834877086495,13262500
2014-05-15,34.936920166015625,35.09368470355375,34.67327294050871,34.98679929737616,17370900
2014-05-16,34.9725456237793,35.00817318152213,34.723147283162646,34.922663781089234,13923400
2014-05-19,35.26469802856445,35.300325588410864,34.78728002835503,34.80153159593531,10533800
2014-05-20,34.88704299926758,35.24332408231127,34.82291229559136,35.17206895298611,15095400
2014-05-21,35.39295196533203,35.49271292504751,35.029546554382975,35.043798120056614,12933500
2014-05-22,35.6209602355957,35.65658777661079,35.34305889198088,35.40006513217073,12159000
2014-05-23,35.74210739135742,35.7919865105237,35.46420866508585,35.563966903418404,13167200
2014-05-27,36.02000427246094,36.12688964703227,35.770608689405144,35.84186379364738,13322200
2014-05-28,35.94163131713867,36.126898985189634,35.85612462630445,36.00576201481651,12458400
2014-05-29,35.82049560546875,36.06276681813496,35.734988918118496,36.06276681813496,13026600
2014-05-30,36.183902740478516,36.21240587698433,35.85612482528774,35.85612482528774,15489200
2014-06-02,36.40477752685547,36.461781049646305,36.24801308231812,36.297892184087786,11828300
2014-06-03,36.40477752685547,36.454656628625145,36.16250643902828,36.255140221546455,9293500
2014-06-04,36.36915969848633,36.3905356854659,36.21239521208171,36.305029019339706,10129200
2014-06-05,36.789573669433594,36.85370435266802,36.3549104517567,36.419041134991126,11862900
2014-06-06,37.038970947265625,37.06747407849166,36.77532377894536,36.8109513338738,13152400
2014-06-09,37.416629791259766,37.45938449023443,36.96771768396335,36.98196925028824,11049600
2014-06-10,37.47362518310547,37.502128307484696,37.18859937572831,37.33823941961547,12331700
2014-06-11,37.224246978759766,37.40951193710306,37.095985577518704,37.30262652999924,11735400
2014-06-12,36.84658432006836,37.25274448617945,36.80383233513579,37.138734662678246,13420600
2014-06-13,36.981971740722656,37.110233128075656,36.86796192065427,36.97484459797609,11111900
2014-06-16,36.40477752685547,36.9748263457997,36.297892184087786,36.96770192477854,16310500
2014-06-17,36.810951232910156,36.875081918888725,36.32640887622946,36.362036431060176,15470800
2014-06-18,37.08171463012695,37.152969718819705,36.71830661045471,36.83231638328755,18077100
2014-06-19,37.06747055053711,37.195731910638564,37.003339870486386,37.05321898628051,16335000
2014-06-20,37.68738555908203,37.701637118389954,37.24559809336439,37.32398031045447,29836500
2014-06-23,37.75153732299805,37.801416449358705,37.43088385481628,37.5520208175554,13122500
2014-06-24,37.40237808227539,37.758659058521,37.352496244849526,37.715904362816595,11226300
2014-06-25,37.480751037597656,37.5876363990011,37.10309413886542,37.259858610735094,12815300
2014-06-26,37.31687545776367,37.52351911382804,37.05322824863144,37.495015978189784,12545900
2014-06-27,37.69452667236328,37.69452667236328,37.160105232121126,37.21710877227879,16864500
2014-06-30,37.4522590637207,37.59476928673843,37.33824925438156,37.58052043900327,12914600
2014-07-01,37.56626892089844,37.730157852144146,37.49501109109057,37.57339334477509,12482600
2014-07-02,37.52351760864258,37.651778995661104,37.445135347885866,37.59477272667131,14436000
2014-07-03,37.76579284667969,37.82279912175453,37.644658589458864,37.687410577556186,8741500
2014-07-07,37.409507751464844,37.75153721043607,37.373880192486105,37.694533659711794,13551800
2014-07-08,37.23135757446289,37.37387049159522,37.12447220706169,37.26698512419402,17282100
2014-07-09,37.1885986328125,37.266980864185754,36.98908220255875,37.266980864185754,16116300
2014-07-10,36.91783142089844,37.02471407035112,36.71831224914604,36.89645271644165,20059900
2014-07-11,36.6898193359375,36.818077997842366,36.212401372580814,36.433296575711026,29998900
2014-07-14,36.56155014038086,36.93920705764787,36.44041321029791,36.6328052393418,21252400
2014-07-15,36.59006118774414,36.810956407881676,36.483178508226175,36.704071010155126,19293100
2014-07-16,36.4617919921875,36.81094852756768,36.37628532323627,36.75394498766953,21599400
2014-07-17,36.112632751464844,36.42615896933796,36.06275364221702,36.3976585627732,24398000
2014-07-18,36.54018783569336,36.59719411501328,36.19103388859038,36.319295298851195,15487400
2014-07-21,36.376285552978516,36.44754337606125,36.23377262502107,36.340658000541154,15236900
2014-07-22,36.59006118774414,36.682695017893245,36.376293110499624,36.483178508226175,11920800
2014-07-23,36.57579803466797,36.78243888820838,36.533043348655724,36.64705312648087,9109000
2014-07-24,36.761070251464844,36.810949369344335,36.63993330932316,36.661312015705846,9939600
2014-07-25,36.7681884765625,36.88932539828343,36.68980896039908,36.68980896039908,10040200
2014-07-28,36.7681884765625,36.84657071093353,36.461786679407176,36.56154761655696,13468000
2014-07-29,36.725440979003906,37.160104172924676,36.68268628644831,36.803823222918524,14511800
2014-07-30,37.12448501586914,37.266997982171745,36.83233465814274,36.86083779504501,11439600
2014-07-31,36.269405364990234,36.967715769495875,36.26227822309272,36.95346420390904,19638900
2014-08-01,35.87750244140625,36.41905118667776,35.791995746229794,35.984387849033446,18813700
2014-08-04,36.33354187011719,36.362042287647206,35.998636820709535,36.02001281340921,13380100
2014-08-05,35.91312026977539,36.290777200875866,35.81335932208495,36.14826427952599,12766000
2014-08-06,35.92029571533203,36.25036568516339,35.75526073041635,35.78396044376352,15271500
2014-08-07,35.661983489990234,36.171439732237474,35.59022735481808,36.121211806225304,14109100
2014-08-08,35.87725067138672,35.905953128855906,35.49695269017946,35.68351318929519,14563200
2014-08-11,35.79832458496094,36.05664125879965,35.719394186041626,35.934659905718775,14666400
2014-08-12,35.719390869140625,36.07098913970888,35.697865394058695,35.77679578564853,15219900
2014-08-13,35.870059967041016,35.9633388051904,35.7624271695262,35.89158543165768,12283100
2014-08-14,36.149932861328125,36.22886328202299,35.92031858506202,35.956195302500205,11904300
2014-08-15,36.027923583984375,36.32211684113137,35.78395824362714,36.23601223195122,13297200
2014-08-18,36.37234878540039,36.40105123737736,36.164262851608534,36.214490773959994,9913700
2014-08-19,36.49433517456055,36.659370178171216,36.415404795177906,36.42975602208536,8718400
2014-08-20,36.48715591430664,36.55173506274962,36.33647214701184,36.44410497348897,8402900
2014-08-21,36.802894592285156,36.88182500358546,36.52305239746972,36.594805823805764,10102200
2014-08-22,36.72394561767578,37.018138896492445,36.6880689226428,36.83875268411116,9210400
2014-08-25,36.91768264770508,37.13294555274147,36.8889801971092,36.93920811704381,8665600
2014-08-26,36.996620178222656,37.08989905488708,36.93204102049204,37.00379442365189,7025200
2014-08-27,36.83875274658203,37.09706933080376,36.788524826007404,37.06119263570994,8315800
2014-08-28,36.70242691040039,36.795705787229195,36.59479406825407,36.74547785748541,7718000
2014-08-29,36.91050720214844,36.93203540959922,36.72394673994588,36.78852588786531,8860700
2014-09-02,37.00379180908203,37.10424766129467,36.76700340561175,37.10424766129467,9990300
2014-09-03,36.98944854736328,37.333869859353214,36.881818427051144,37.132958111663406,7735500
2014-09-04,37.00379180908203,37.25493143961364,36.88181048488573,36.94638963805338,8306200
2014-09-05,37.06119155883789,37.06119155883789,36.70959338781536,36.86745412630094,12102500
2014-09-08,36.93203353881836,37.118593991570755,36.838751943834005,36.93920778279424,7746900
2014-09-09,36.645015716552734,36.853104382517444,36.59478779541869,36.75982278446147,10745000
2014-09-10,36.967926025390625,37.039679444666916,36.63785591717171,36.65220714847047,11381400
2014-09-11,37.01814651489258,37.11860237654548,36.8244090371833,36.88181395082321,8981900
2014-09-12,37.097076416015625,37.333864838632444,36.96791809923667,37.07554820507453,12523700
2014-09-15,37.26927185058594,37.427132565230416,37.06836020446815,37.118588115997596,10414800
2014-09-16,37.53477478027344,37.656756099656064,37.1544741211974,37.1544741211974,10524600
2014-09-17,37.678287506103516,37.922252920516264,37.43432209169077,37.592182870786374,16919100
2014-09-18,38.20209503173828,38.30255088859634,37.76439216638518,37.76439216638518,16388300
2014-09-19,38.288185119628906,38.60390379802315,38.18772930092236,38.46039431249276,22553800
2014-09-22,37.958133697509766,38.3886596264712,37.90072878046579,38.216447612556365,13445700
2014-09-23,37.38408660888672,38.05858053808619,37.376912364566415,37.92224526105236,20596500
2014-09-24,37.405616760253906,37.520423835860456,37.22623053354264,37.47019591135863,18245200
2014-09-25,36.88898468017578,37.434317621689274,36.88898468017578,37.38408969565054,16684900
2014-09-26,37.21905517578125,37.25493187524575,36.84593147947362,36.91768761561934,10753400
2014-09-29,37.08989715576172,37.254932164352525,36.8674599750256,37.07554592842121,9995300
2014-09-30,37.21905517578125,37.441495092007926,37.1042480951648,37.1688272490876,16669900
2014-10-01,36.781349182128906,37.28363114335591,36.73829824133742,37.19752652455646,16527000
2014-10-02,36.881813049316406,36.96074069781663,36.51586357684929,36.73112652330337,15434400
2014-10-03,37.38408660888672,37.45584273817201,37.01096568546902,37.154472469606695,14018800
2014-10-06,37.333858489990234,37.64240300124771,37.30515877564401,37.49889348065086,10872300
2014-10-07,36.652191162109375,37.19752402752016,36.637839937070105,37.19752402752016,11889700
2014-10-08,37.41997146606445,37.448671184722066,36.65937280869231,36.77417989497331,15267200
2014-10-09,36.680904388427734,37.46302864930111,36.61632522056783,37.355398527679476,18735700
2014-10-10,36.33647537231445,37.12577644970168,36.31494989999497,36.60196623404937,20211500
2014-10-13,36.02075958251953,36.58044380715511,35.98488287992799,36.314952923317335,19298900
2014-10-14,35.03771209716797,35.7767823272757,34.59283237323606,35.51846577459679,45851500
2014-10-15,34.33452606201172,34.81528262005878,33.32278775371091,34.53544051692277,38470600
2014-10-16,34.535438537597656,34.93008770497142,33.76048869282005,33.853770300924765,28973400
2014-10-17,34.937259674072266,35.18122504591911,34.7363479809807,34.793752885987736,28314000
2014-10-20,35.288848876953125,35.331902544731435,34.879848613314564,34.930076523781345,15018500
2014-10-21,36.20014953613281,36.293431162187524,35.568709104497984,35.611762794342596,17660200
2014-10-22,35.99922561645508,36.37234928563794,35.97770014578454,36.250367968882884,20078200
2014-10-23,36.30778121948242,36.580449125813566,36.22885355719202,36.422588326798056,14394500
2014-10-24,36.738304138183594,36.77418084034054,36.27189879849251,36.29342700956021,10888600
2014-10-27,36.81723403930664,36.85311074099005,36.60196835477241,36.81723403930664,11654500
2014-10-28,37.15446853637695,37.16164551715394,36.810047363917874,36.99661054309331,13267200
2014-10-29,37.434322357177734,37.50607850146509,37.08272683042926,37.19753392407201,16546900
2014-10-30,37.642398834228516,37.75720589055355,37.25492399267547,37.319503132934315,14107600
2014-10-31,38.09446334838867,38.15186552381366,37.87202341772672,38.05858664659594,21126300
2014-11-03,38.29538345336914,38.46041850752533,38.09447168956464,38.18775332442423,14349500
2014-11-04,38.22361755371094,38.38147830928148,37.965300949037896,38.30254793149621,14931500
2014-11-05,38.66421127319336,38.67865741446311,38.375296713757535,38.59198332216433,14496900
2014-11-06,39.047035217285156,39.090370894751835,38.62810529963866,38.67866542689664,15328100
2014-11-07,38.88813400268555,39.18427309930619,38.743675301946574,39.14815911295158,13312700
2014-11-10,38.88090133666992,38.996467713588075,38.72921822826754,38.77255665285676,11837300
2014-11-11,38.70033645629883,39.075925190063145,38.66421971757659,38.91702311203065,12520500
2014-11-12,38.67142868041992,38.765324448597724,38.433071525847325,38.49807777206538,10687900
2014-11-13,38.56309127807617,38.76533174646376,38.36807250270826,38.69310379498811,13494400
2014-11-14,38.53419494628906,38.77977381294911,38.447520862561824,38.56308722597129,9488400
2014-11-17,38.599205017089844,38.6353217479259,38.18749963450021,38.35362612613114,9657900
2014-11-18,38.476417541503906,38.64254403569187,38.30306659890964,38.353626716474686,12580400
2014-11-19,38.54142761230469,38.57754159194857,38.22361797867049,38.4691968976969,12490600
2014-11-20,38.62808609008789,38.68587063840122,38.339171614478,38.39695340747241,10245900
2014-11-21,38.866458892822266,39.06869938283987,38.787006484509625,39.00369311743135,14587500
2014-11-24,39.0759162902832,39.26371336971375,38.95312822361836,39.047026763333626,11028000
2014-11-25,38.9170036315918,39.20591810950736,38.85921908281732,39.16980414418278,14390400
2014-11-26,39.2059326171875,39.30705285964221,38.98202429612919,39.1409263534209,11792500
2014-11-28,39.35038757324219,39.53818465320743,39.1987072238762,39.23482119915577,11054300
2014-12-01,38.87367248535156,39.429836472315586,38.78699840130974,39.30704566088016,13858500
2014-12-02,39.16259002685547,39.32149205607729,38.823112625451614,38.823112625451614,12925300
2014-12-03,39.28538131713867,39.44428611475856,39.075916403061484,39.126476519518775,14781300
2014-12-04,39.36482620239258,39.465946416006375,39.12646905145792,39.234813711940795,12310000
2014-12-05,39.747642517089844,39.97877524028801,39.617630015875946,39.64652229510557,14261400
2014-12-08,39.55985641479492,39.83432761374443,39.42984388662516,39.68986894296469,18939300
2014-12-09,39.603206634521484,39.65376677105073,39.03981792626291,39.213168933878045,12895800
2014-12-10,39.19148635864258,39.79098887330667,39.15537238006136,39.530963819009955,23309500
2014-12-11,39.31427764892578,39.85599559989721,39.270939220932874,39.42984403492022,17007700
2014-12-12,38.78700637817383,39.44429072424911,38.7581140924448,38.90979445954217,18792900
2014-12-15,38.41862869262695,39.29982393821602,38.3969608604631,39.01090665120731,24852800
2014-12-16,38.115272521972656,38.837563069468096,38.086380238796096,38.15138649828347,24243300
2014-12-17,38.852020263671875,38.89535594544507,38.238071470452844,38.31030219894244,19782600
2014-12-18,39.877662658691406,39.877662658691406,39.263716761689274,39.31427688236851,21404700
2014-12-19,39.32871627807617,40.02933615386577,39.32871627807617,39.653747537627765,36186100
2014-12-22,39.70431900024414,39.70431900024414,39.24927510678465,39.33594921567018,17395500
2014-12-23,40.065452575683594,40.188240630955704,39.76931359819974,39.783759737994004,13205700
2014-12-24,39.9715576171875,40.26047492825628,39.95711147610209,40.18102252994638,4297000
2014-12-26,39.928218841552734,40.11601591868598,39.91377270059482,40.02211738011936,5826000
2014-12-29,40.238792419433594,40.4121433057888,39.78375150897405,39.78375150897405,11385600
2014-12-30,40.02934265136719,40.267699865501285,40.01489926443776,40.10157336261384,8749400
2014-12-31,39.59596252441406,40.209908309063266,39.59596252441406,40.087120254261194,10090800
2015-01-02,39.50929641723633,39.863217268670745,39.14092666782665,39.80543545336961,11700900
2015-01-05,38.425865173339844,39.26372226165786,38.35363445130879,39.104817428509854,15000500
2015-01-06,37.62411880493164,38.6208806399404,37.45076784241356,38.534203781021326,20211200
2015-01-07,37.8480224609375,38.021370634105786,37.638557559316254,38.01414894160691,15714700
2015-01-08,38.685890197753906,38.70755803666707,38.25251413224837,38.2814064210128,16721600
2015-01-09,38.050262451171875,38.707546673342904,38.04303800344148,38.671432700649454,14550800
2015-01-12,37.5952262878418,38.05749184462555,37.349647366385426,37.97804219075089,16967500
2015-01-13,37.45075988769531,37.94191762929888,37.01738670643075,37.77579115130348,25080900
2015-01-14,37.01739501953125,37.36409419346601,36.41789247031982,36.83682236089939,37590100
2015-01-15,36.634578704833984,37.22685675363095,36.44678161307697,36.98849954224394,32144700
2015-01-16,37.29909896850586,37.34243741132305,36.482909538368176,36.49735568597391,23174900
2015-01-20,37.55910873413086,37.77579534884073,37.34242211942099,37.54466259244089,17691000
2015-01-21,37.63134002685547,38.06471605005498,37.34964712720181,37.5518903734896,17928300
2015-01-22,38.837562561035156,38.8736765368732,37.90580710568715,37.913031554046604,21488700
2015-01-23,38.46918487548828,38.98923483686065,38.45474149240054,38.80866223975293,17779700
2015-01-26,38.70033645629883,38.71477984540334,38.20195411726329,38.21640026168812,13429400
2015-01-27,38.259727478027344,38.526974183234884,37.97081018487575,38.23083519764828,14351600
2015-01-28,37.67467498779297,38.54142419908712,37.667453294631756,38.505310222641484,18775100
2015-01-29,38.10804748535156,38.20917047490879,37.48687993856132,37.73245883113225,16700000
2015-01-30,37.50133514404297,38.1152839466307,37.486891753445214,37.70357843157945,21754800
2015-02-02,38.14415740966797,38.216385348285876,37.55187949597956,37.69633537321537,17714500
2015-02-03,38.606422424316406,38.66420422354032,38.25972336301531,38.288612884967655,20258900
2015-02-04,38.5555305480957,38.89724555544238,38.461015873558665,38.5555305480957,14435600
2015-02-05,39.02084732055664,39.14444750081056,38.693676409225496,38.708217770048364,13281900
2015-02-06,39.587947845458984,40.0459909873813,39.13717677042164,39.34801956091081,19317000
2015-02-09,39.413455963134766,39.58794952050579,39.31894127747809,39.45708004584777,9739200
2015-02-10,39.67519760131836,39.776984361066,39.42073070194927,39.711549619302346,12342500
2015-02-11,39.188072204589844,39.449808383108284,39.01357864542985,39.304400319536164,18296800
2015-02-12,39.88603973388672,39.91512245514747,39.23896443998024,39.39891385995247,20159500
2015-02-13,40.227752685546875,40.39497416388919,39.849685649236974,39.97328304795402,18809000
2015-02-17,40.256832122802734,40.32226685467286,39.9514718897293,40.21321081720983,11908600
2015-02-18,39.63883590698242,40.13323099662374,39.55159053042234,40.05325491249345,13231600
2015-02-19,39.66793441772461,39.85696660444934,39.35530202263701,39.55887557349159,10784600
2015-02-20,39.86424255371094,39.9442159039874,39.282599025825455,39.558879424222866,15049100
2015-02-23,40.06053924560547,40.067811314246065,39.457087902069084,39.755178926257756,13715000
2015-02-24,40.256832122802734,40.38043229343777,40.0023652619082,40.125962659062466,11957800
2015-02-25,40.227752685546875,40.40951552376428,40.16231795284938,40.271373991691334,10516900
2015-02-26,40.09688186645508,40.24228991333529,39.95874033904588,40.147775237559294,13579100
2015-02-27,39.83515167236328,40.191405348147796,39.83515167236328,39.856962329477874,12937000
2015-03-02,40.38770294189453,40.39497500872457,39.78425174860197,39.835145122488775,12988500
2015-03-03,40.31499099731445,40.409508433177315,40.089604119020024,40.31499099731445,11759600
2015-03-04,39.856956481933594,40.13323678327018,39.74789766539837,40.11142335587458,16653300
2015-03-05,39.87150192260742,39.9950993387468,39.733363144543205,39.94420595875044,9576100
2015-03-06,39.68973159790039,40.344078894108286,39.63156616113494,39.973281168430255,17298400
2015-03-09,39.747894287109375,39.995091846562396,39.71881434218836,39.82787037597369,11937900
2015-03-10,38.744571685791016,39.38437495249386,38.744571685791016,39.377105658466355,18723200
2015-03-11,39.04266357421875,39.25350916118871,38.96995676484228,39.16626098993695,16612900
2015-03-12,40.41679000854492,40.4531420261617,39.4061889420002,39.638845182924975,26266900
2015-03-13,40.23503494262695,40.46042193309018,40.00237865662439,40.3440937900889,17591400
2015-03-16,40.518577575683594,40.5840123180918,40.227758655465834,40.35135607252511,15505200
2015-03-17,40.64943313598633,40.70032649892788,40.17684873898017,40.351342250122826,13107700
2015-03-18,40.83848571777344,40.918461834939706,40.344093197392404,40.482231998463995,20000500
2015-03-19,40.35862731933594,40.700342409942095,40.16232585609554,40.6785317525779,14841100
2015-03-20,40.722137451171875,40.86754824929412,40.36588390792669,40.37315319976667,26487200
2015-03-23,40.5549201965332,40.92571790875124,40.51856818661472,40.736683019606204,16477400
2015-03-24,40.24229049682617,40.62035752585404,40.24229049682617,40.49676012951763,13927400
2015-03-25,39.65338134765625,40.249563233574946,39.65338134765625,40.17685643438925,15413700
2015-03-26,39.62430191040039,39.80606476320039,39.23896554997832,39.515243089327974,15038600
2015-03-27,39.3480110168457,39.69699526756173,39.231682933273696,39.653373969647404,13600300
2015-03-30,39.82059097290039,40.002353756541446,39.54431076519159,39.54431076519159,11706700
2015-03-31,39.55158996582031,39.76243272504067,39.39890709216909,39.6024833325439,13306200
2015-04-01,39.21713638305664,39.566120587560604,39.10080831488865,39.566120587560604,15436900
2015-04-02,39.52978515625,39.60976125666709,39.12990742764562,39.224424889364094,13498900
2015-04-06,39.31893539428711,39.529778162149604,38.94086838778659,39.12990050429655,10786100
2015-04-07,39.27531814575195,39.54432639529324,39.24623542323909,39.46435029512341,10853700
2015-04-08,39.26078414916992,39.52252315392144,39.13718671552704,39.24624278518577,9828700
2015-04-09,39.39891052246094,39.4716173194538,39.0644675767359,39.304395846591284,10279400
2015-04-10,39.49342346191406,39.609751550338004,39.304391358280306,39.500695527523284,9531500
2015-04-13,39.68973159790039,39.791518338759246,39.464344690655295,39.50069947537404,14931600
2015-04-14,39.39891052246094,39.60248678056024,38.94813947502803,39.209878397240914,29289600
2015-04-15,39.84968185424805,39.92238587321889,39.398908061491056,39.52977751442302,16899900
2015-04-16,39.84968185424805,40.03871396766057,39.507966863427875,39.646105608864694,15643200
2015-04-17,39.29713439941406,39.66793223057657,39.2462410145065,39.55887339235666,17569700
2015-04-20,39.52251434326172,39.747898501067716,39.384372802948654,39.50797298251924,13327200
2015-04-21,39.464351654052734,39.87877075694751,39.39891691288613,39.66065587755255,10954200
2015-04-22,39.747894287109375,39.92238782403884,39.37709933467018,39.48615814193618,13563800
2015-04-23,39.88603973388672,40.07507187511969,39.558866053405644,39.558866053405644,14657800
2015-04-24,39.769710540771484,39.92965995639382,39.70427580645479,39.81333184799536,15268100
2015-04-27,39.966026306152344,40.351362756674924,39.77699134189025,39.83515679965757,19852400
2015-04-28,40.285926818847656,40.300468182861906,39.89331831090771,39.92240103893621,13028300
2015-04-29,40.322265625,40.54038046675519,40.04598811973442,40.111420076128354,18144500
2015-04-30,40.06053924560547,40.4604198163916,39.827882971774386,40.4604198163916,16577800
2015-05-01,40.12596893310547,40.409521331199095,39.958747430730995,40.176862313242,12069400
2015-05-04,40.518577575683594,40.54766029974974,40.17686250160948,40.18413456936663,9981800
2015-05-05,40.51129913330078,40.86028342284452,40.4240509808044,40.51856842593518,17068100
2015-05-06,40.200218200683594,40.697963312773844,39.856190543998885,40.573528430888096,15670700
2015-05-07,40.119693756103516,40.39784323709802,39.9732976758431,40.22948872209409,14723100
2015-05-08,41.0273551940918,41.0273551940918,40.324657175166216,40.383213947273155,17477500
2015-05-11,40.632083892822266,40.9614744405517,40.58084567342808,40.9321946602483,12922100
2015-05-12,40.602806091308594,40.72724096669467,40.25877566032016,40.48568976471496,11705900
2015-05-13,40.697959899902344,40.866317231812765,40.52960536026532,40.60280480724232,11448100
2015-05-14,41.0200309753418,41.08590908002823,40.785798334739674,40.95415287065537,11025400
2015-05-15,40.63941192626953,41.02004075607264,40.478375900355985,41.02004075607264,13323200
2015-05-18,40.80775451660156,40.97610904321162,40.6613584262488,40.68331965477928,10637300
2015-05-19,41.283531188964844,41.50312387557447,40.910221108683224,40.917542447191295,17194100
2015-05-20,41.04931640625,41.261587846338955,40.93951861922829,41.22498951475629,13292000
2015-05-21,40.99807357788086,41.12251125048626,40.86632014846572,40.924876917953156,13466700
2015-05-22,40.99074935913086,41.159103887497366,40.9834308110598,41.02002913596152,8568800
2015-05-26,40.741886138916016,40.990758714229074,40.59549001362471,40.96880027273122,15859100
2015-05-27,41.041996002197266,41.21767190699068,40.77848354114403,40.93219821266716,12526100
2015-05-28,41.14447021484375,41.210348326528454,40.91023754935895,41.07127355398236,10348700
2015-05-29,40.96146774291992,41.18106047474264,40.75651489885513,41.173741927000215,17291500
2015-06-01,41.0200309753418,41.34942149877395,40.84435509875354,41.16642707378646,15746200
2015-06-02,41.122501373291016,41.32013565835443,40.80043223778374,40.99806373057424,13148700
2015-06-03,41.6568489074707,41.86912310099629,41.24694040882886,41.24694040882886,16197700
2015-06-04,41.093238830566406,41.6422222551834,40.93952414181943,41.378709764603386,17627100
2015-06-05,41.437259674072266,41.883766535403375,41.28354502117011,41.752010320837684,16890300
2015-06-08,41.07857894897461,41.6788003111107,41.07857894897461,41.6788003111107,14248400
2015-06-09,41.50313186645508,41.67148638501265,40.99074697086466,41.159101489422234,14669900
2015-06-10,41.8764533996582,42.13996588042186,41.65686059644649,41.70809882412009,18622400
2015-06-11,41.91305160522461,42.139965750130386,41.77397681515112,41.91305160522461,13943300
2015-06-12,41.788612365722656,41.935008482958374,41.53242125476541,41.81789214762453,13439000
2015-06-15,41.70808410644531,41.7739622033896,41.34209529948219,41.46653294583161,12920600
2015-06-16,41.883766174316406,41.89840606383899,41.52509586169677,41.612932406558826,10476100
2015-06-17,41.84716796875,42.125320304503624,41.79592974798928,41.949647202545044,17497700
2015-06-18,42.235103607177734,42.33758001356526,41.861793507025865,41.93499293464028,18299900
2015-06-19,41.75932693481445,42.13995567122818,41.75932693481445,42.0301579000859,36241100
2015-06-22,42.38882827758789,42.48398615993567,42.11067597118003,42.1472770898107,15111200
2015-06-23,42.37419891357422,42.64502994661615,42.27904100759095,42.45471692692361,13354200
2015-06-24,42.11799621582031,42.56450304567165,42.11799621582031,42.21315130341865,16166600
2015-06-25,41.84716796875,42.30099619873581,41.81789097993931,42.27171641765151,14053600
2015-06-26,42.04479217529297,42.147271384403766,41.93499721108367,41.97159553248677,16975900
2015-06-29,41.03467559814453,41.86180848406865,40.99807447510609,41.57633759492018,19289700
2015-06-30,41.16642761230469,41.63489289963716,40.983433184923356,41.38602036670761,17346700
2015-07-01,41.6568489074707,41.86912310099629,41.437256165877045,41.788605110881534,12165300
2015-07-02,41.532413482666016,41.82520287007311,41.37137750461456,41.6056101314495,10106800
2015-07-06,41.31282424926758,41.37870236012407,40.99807358542806,41.063951696284555,11682100
2015-07-07,41.17374801635742,41.3347840132378,40.317335397908465,41.22498623495145,15831800
2015-07-08,40.4417610168457,41.11517904552302,40.4124812437016,40.87362789776628,12906600
2015-07-09,40.62477111816406,41.10055784276385,40.58085144146635,41.034679723854246,13623200
2015-07-10,41.04931640625,41.32746596009724,40.88828039655781,41.232310856437046,13269600
2015-07-13,41.532413482666016,41.54705057860418,41.298178063557906,41.40065728103721,15521800
2015-07-14,41.90572738647461,41.99356393715114,41.27622605670003,41.32746427728414,20066300
2015-07-15,42.293670654296875,42.571822962408476,41.913041914847675,42.02283968686559,17159400
2015-07-16,42.57913589477539,42.71089208690937,42.44006115519973,42.63037689595902,13194500
2015-07-17,42.410770416259766,42.49128837866645,42.081382813355695,42.43273163745302,12963900
2015-07-20,42.491302490234375,42.666978356761966,42.36686762866026,42.447385617807356,10084900
2015-07-21,42.41810989379883,42.72553919925123,42.27171378975193,42.46934811137423,12504300
2015-07-22,42.835330963134766,42.886569173518545,42.44738371529384,42.505940473329716,14871100
2015-07-23,42.60842514038086,43.0183336950564,42.505948699780376,42.989053914235235,13582200
2015-07-24,42.293670654296875,42.70357917192064,42.2351138902211,42.58646285149575,13157300
2015-07-27,42.15459060668945,42.33758500890771,41.97159620447119,42.07407262294974,15495300
2015-07-28,42.015533447265625,42.33760272471865,41.839857519025884,42.25708470728686,16730600
2015-07-29,42.4254264831543,42.54986414314299,42.030157858164294,42.1619140664943,13718400
2015-07-30,42.56451416015625,42.593791152761135,42.24976345339349,42.34491856583881,9864800
2015-07-31,42.35954666137695,42.63769895571425,42.30098990020095,42.623059067351946,12369800
2015-08-03,42.38882827758789,42.50594459729542,42.08871753382028,42.50594459729542,13085900
2015-08-04,42.32294464111328,42.57181713699528,42.24242665828779,42.28634631953977,12324700
2015-08-05,42.4739875793457,42.74658653201338,42.34873758887592,42.591868435404805,12032500
2015-08-06,42.38557052612305,42.69500949842493,42.29716059568009,42.47398326706703,12556600
2015-08-07,42.34136962890625,42.62870402879145,42.0245643135197,42.41504410715844,13596200
2015-08-10,42.68763732910156,42.71710824065378,42.496082025013784,42.584491949169625,12397500
2015-08-11,42.14982604980469,42.40032329710103,41.98037244288395,42.1645615126459,15425500
2015-08-12,41.788814544677734,41.958268141451754,41.4057009652531,41.92143089180557,21663200
2015-08-13,41.9140510559082,42.090873743774,41.72249572034643,41.81090565902869,11868600
2015-08-14,42.23822021484375,42.26768831703908,41.86247310421877,41.91404579618676,9742500
2015-08-17,42.252960205078125,42.363474741648204,41.94352399948415,42.00983215932592,11462500
2015-08-18,42.3929443359375,42.52556065148069,42.194019862622724,42.29716526126713,10581500
2015-08-19,42.039310455322266,42.400319425208025,41.95826682234736,42.201394910770155,13744600
2015-08-20,41.346736907958984,41.68564672996312,41.33937058618738,41.59723400570092,20857700
2015-08-21,39.762725830078125,41.09625251245044,39.75535669552835,40.764714530745486,31954400
2015-08-24,37.758758544921875,39.22490474748221,35.180111619902824,36.24840876522543,40198100
2015-08-25,36.85252380371094,39.52694802494162,36.83778835111047,39.453270761939265,31041800
2015-08-26,38.532325744628906,38.61336932803246,37.265107746637604,37.98712805527805,30235800
2015-08-27,39.80691909790039,39.85849178440234,38.959651526439345,39.372233018454935,26452500
2015-08-28,39.445926666259766,39.733261127613815,39.07754857519011,39.60064478998859,18342200
2015-08-31,39.291202545166016,39.46065610393264,39.09227806909179,39.342775245203626,13842200
2015-09-01,37.567195892333984,38.54708007300101,37.228285940278504,38.392361961922255,28031700
2015-09-02,38.303955078125,38.67233316854146,37.77348972856471,38.67233316854146,20919600
2015-09-03,38.62812042236328,39.048071151415755,38.47340232439686,38.598649505464536,15719000
2015-09-04,37.78821563720703,38.1786954149811,37.39773304893189,38.16395995782911,22303800
2015-09-08,38.996498107910156,39.0333353484578,38.29657929549974,38.79020731244231,19685400
2015-09-09,38.4512939453125,39.563797059434705,38.326046776577456,39.49748890819232,16221500
2015-09-10,38.72390365600586,38.94492993548216,38.16396741679749,38.36289191147665,17996200
2015-09-11,38.768096923828125,38.79756783606082,38.333410805149,38.56180615920104,12549400
2015-09-14,38.878623962402344,38.95966759189626,38.61339128787743,38.77547854686527,16225600
2015-09-15,39.39434814453125,39.63010986318197,38.91545557261495,39.07754280812534,14305500
2015-09-16,39.57853317260742,39.70378034341895,38.97439347816116,39.43118141068127,15218500
2015-09-17,38.466033935546875,39.718519823008464,38.33341761743321,39.56380172204299,25025800
2015-09-18,37.60401916503906,37.928190726453,37.35352206424176,37.77347267285775,39561600
2015-09-21,37.979766845703125,38.12711859076275,37.707167944168326,37.95766506761945,16673300
2015-09-22,37.34615707397461,37.685066937701286,37.08092730003753,37.478773366193565,21761300
2015-09-23,37.41246795654297,37.53034880152632,37.206177180447355,37.48614524122071,12521200
2015-09-24,37.243011474609375,37.3387905318715,36.690444530444545,36.90410442337514,17064300
2015-09-25,37.92820358276367,38.21553801126544,37.62613369504368,37.83979363795577,18394800
2015-09-28,37.11039733886719,37.7955806142731,36.9851501732881,37.62612707881264,17647900
2015-09-29,37.49352264404297,37.54509535330698,36.837810074398966,37.18408638845891,20816400
2015-09-30,37.83241653442383,38.105018256790515,37.353526857956965,38.038710109525766,20514800
2015-10-01,37.89873504638672,38.20817408841582,37.51562151413727,37.9503077516413,15556600
2015-10-02,37.766109466552734,37.78821405660668,36.47678652994421,37.04408895931208,21630300
2015-10-05,38.613372802734375,38.73125362270178,37.94292511220094,38.09764316143932,15240700
2015-10-06,38.33340835571289,38.709155436417944,38.252364757501965,38.44392286427337,14490700
2015-10-07,38.4512939453125,38.84914285276684,38.24500316833664,38.67232298978783,13863500
2015-10-08,38.70915985107422,38.74599708796198,38.141857409399435,38.48076448556847,15384100
2015-10-09,38.414466857910156,39.09965033161987,38.2965859812774,39.06281308464121,16983100
2015-10-12,38.44392395019531,38.62811292933174,38.127118681240596,38.39971758342229,10639000
2015-10-13,38.20816421508789,38.5397049564097,38.097649697813644,38.326045055279984,16002200
2015-10-14,37.94293975830078,38.23764332722606,37.38300634994459,38.09029154276342,26269100
2015-10-15,38.819664001464844,38.82703313370784,38.134480848890554,38.29656803223085,18262400
2015-10-16,38.95965576171875,39.18804830948418,38.687054034287655,39.15858020720863,15676300
2015-10-19,38.72390365600586,39.0554416699695,38.642860031080836,38.87125263532231,15515700
2015-10-20,39.10700607299805,39.26172414361785,38.738628108379004,38.7680962095679,13583300
2015-10-21,39.13649368286133,39.68169457888844,39.07018550375671,39.077554640602905,17666700
2015-10-22,39.82902145385742,40.11635577984161,39.3427627151533,39.3427627151533,18263200
2015-10-23,40.3373908996582,40.374228137466346,39.86586751051132,40.035321052829666,16924800
2015-10-26,39.99848175048828,40.38159518702088,39.90270268872989,40.34475514061315,12661400
2015-10-27,39.87322998046875,40.02795086111227,39.65220376447907,39.77008460037362,12443900
2015-10-28,40.853111267089844,40.88994849642798,39.91006189513102,39.961637388804945,16681600
2015-10-29,40.5879020690918,40.94154473308772,40.455285718780566,40.80892838277649,11334900
2015-10-30,39.887977600097656,40.57316104596279,39.80693397373701,40.57316104596279,18450500
2015-11-02,40.411075592041016,40.53632560485585,39.88061305038928,39.93955208368312,10992300
2015-11-03,40.47000503540039,40.632092245671366,40.11636251249176,40.28581604572917,10709100
2015-11-04,40.48855209350586,40.61466018233386,40.34018747208132,40.473715348381425,12823600
2015-11-05,40.69626235961914,40.85946373215943,40.31793241960661,40.31793241960661,12263900
2015-11-06,41.43067169189453,41.79416496358087,41.21554590846843,41.57161939083151,22376800
2015-11-09,41.148773193359375,41.70513842169654,40.903971134577475,41.601284031844784,17609700
2015-11-10,41.47518539428711,41.51227585453248,40.97074721145204,41.02267442175971,13475900
2015-11-11,41.39357376098633,41.66804649015952,41.17844518658194,41.6383758276851,10808500
2015-11-12,40.926231384277344,41.35648858799083,40.926231384277344,41.18587023025559,17552200
2015-11-13,40.48112487792969,41.067163468620286,40.303089628744736,40.81494450742555,16550200
2015-11-16,41.000404357910156,41.000404357910156,40.35502155163564,40.41436569839372,11955400
2015-11-17,40.77043914794922,41.16360579399449,40.68142151272861,41.04491467042714,11331900
2015-11-18,41.2971305847168,41.37131430513959,40.77785869085518,40.8446226243259,16612600
2015-11-19,41.519683837890625,41.593864737287205,41.14135389343629,41.37131920927755,12167600
2015-11-20,41.408409118652344,41.7348090334861,41.33422822022373,41.7348090334861,16264100
2015-11-23,41.245216369628906,41.57161918252489,41.21554570194602,41.467764771083615,9638100
2015-11-24,41.00783157348633,41.15619622222546,40.7185220648462,40.90397716831503,14156500
2015-11-25,40.963314056396484,41.185859559705584,40.87429359121716,41.141349327115925,10034400
2015-11-27,41.08942794799805,41.14877493317682,40.78528172350687,41.052337497171315,4914000
2015-11-30,40.87429428100586,41.31196833782171,40.87429428100586,41.14135002141142,15998900
2015-12-01,41.32680892944336,41.37131916692769,41.00040901068465,41.17844430098216,15543400
2015-12-02,40.85945510864258,41.393563690905715,40.80010813849152,41.393563690905715,12779900
2015-12-03,40.20665740966797,40.96331439095441,40.08054649787708,40.89655045643444,15410100
2015-12-04,41.2971305847168,41.45291498269487,40.2882574553431,40.414365535332465,19647700
2015-12-07,41.11167907714844,41.215536294705295,40.814952659302605,41.13393561010625,17991600
2015-12-08,40.35502243041992,40.95589501734598,40.26600196361486,40.78527670069909,19949500
2015-12-09,40.14731216430664,40.755604558476456,39.84316596722173,40.14731216430664,18499600
2015-12-10,40.310516357421875,40.79270069801289,39.969279688909445,40.243752415337276,14075300
2015-12-11,39.546443939208984,40.01378872297092,39.309061653222585,39.65029833560053,17815700
2015-12-14,39.46486282348633,39.73933569721307,39.131042933915175,39.55388051743148,22055100
2015-12-15,40.73335266113281,40.88913424536356,39.917351461030925,39.93218820664622,19056700
2015-12-16,41.43067169189453,41.57161939083151,40.66659752118754,40.95590704874376,21086800
2015-12-17,41.148773193359375,41.71997516736392,41.148773193359375,41.62353773543591,18800500
2015-12-18,39.90251922607422,40.91139540340034,39.90251922607422,40.80012121361695,31468600
2015-12-21,40.07312774658203,40.4588745921145,39.724471345273564,40.280836498092015,12993400
2015-12-22,40.310516357421875,40.42920749559229,39.83575180474024,40.32535310342067,10318100
2015-12-23,40.82978439331055,40.844621136854784,40.39952731998613,40.503381694976305,13033600
2015-12-24,40.66658401489258,40.866875812791704,40.584983338361134,40.77785817922083,4999400
2015-12-28,40.562740325927734,40.63692123514728,40.18441033137529,40.46630288008609,8288800
2015-12-29,41.01524353027344,41.05975093552207,40.792698014570995,40.88171565488802,7894900
2015-12-30,40.71852493286133,41.03009100014073,40.64434401817697,41.000417502338784,8016900
2015-12-31,40.325347900390625,40.76302194651379,40.22149352161895,40.43661923629473,10929800
2016-01-04,39.249717712402344,39.51677351231428,38.79720681030936,39.383245612358316,25985400
2016-01-05,39.2348747253418,39.516767228178836,38.982655713291784,39.26454821612882,14759600
2016-01-06,38.48564147949219,39.03458696704591,38.44855102706074,38.663676783091184,20026400
2016-01-07,37.38774871826172,37.97378467460637,37.20229362110729,37.84025677826956,30425600
2016-01-08,36.764617919921875,37.7289838182747,36.69043418631314,37.68447357810946,22981400
2016-01-11,37.15778350830078,37.335821647309196,36.82396376629764,37.22454745670141,19046400
2016-01-12,38.09989929199219,38.2185904524418,37.42484278634367,37.74382581064335,28961500
2016-01-13,36.89072799682617,38.42629599196393,36.720109645124225,38.37436879056857,22013500
2016-01-14,37.56577682495117,37.832832566426504,36.79428308953791,37.15035929805146,24569800
2016-01-15,36.215667724609375,36.82396015942443,35.70381272355376,36.04504939092417,41090400
2016-01-19,35.763153076171875,36.74977535326952,35.599954547718006,36.53464680460346,29918500
2016-01-20,35.51093673706055,35.79282924157171,34.77653622954918,35.07326264972211,40241100
2016-01-21,35.61478805541992,36.38628177503824,35.54060716422646,35.62962479962253,24272900
2016-01-22,36.36402893066406,36.5494839928381,36.02279229542055,36.371445888030365,18298700
2016-01-25,35.35515594482422,36.33435852994896,35.32548245319743,36.28243133451203,23440800
2016-01-26,35.80024337768555,36.022791712549164,35.355152367597576,35.42191630209273,18895100
2016-01-27,36.03022003173828,36.57174863571408,35.703820043399865,35.8299281650918,20441500
2016-01-28,36.289852142333984,36.64592841999014,36.05246984377669,36.42338003899999,21306600
2016-01-29,37.261627197265625,37.27646394040232,36.47529678993708,36.56431724875726,25358300
2016-02-01,37.046504974365234,37.22454309250048,36.76461529622926,37.1800328555117,17385400
2016-02-02,36.223079681396484,36.586569974197374,36.18598640963289,36.54205974597265,25593200
2016-02-03,35.58391189575195,36.26419247208569,34.76907007559662,36.2193406252916,47149700
2016-02-04,36.0698356628418,36.33895820903669,35.411980866778755,35.43440964677519,30851700
2016-02-05,35.77829360961914,36.37634223531918,35.58392602394114,36.14459714523257,23733700
2016-02-08,34.761600494384766,35.38955210125536,34.432674548584004,35.217613344242224,31172100
2016-02-09,34.72422790527344,34.955970116207396,33.90938585804912,34.09627620969029,29896200
2016-02-10,34.5149040222168,35.29984567245996,34.47005216909666,35.04567471513895,19885500
2016-02-11,33.7598762512207,34.036473199753004,33.266485789534634,33.58793745339139,32570900
2016-02-12,35.367130279541016,35.42693370766383,34.335494766008956,34.357920695089966,28533900
2016-02-16,36.062355041503906,36.18943908196006,35.56148753379368,35.92031658250022,20410600
2016-02-17,35.98012161254883,36.60059593010495,35.875463500073316,36.368853781543365,18060500
2016-02-18,35.68111038208008,35.98761048583981,35.494220005355345,35.95023298083903,17162800
2016-02-19,35.950225830078125,36.010029255839875,35.389554811425455,35.43440951953696,18234900
2016-02-22,36.77254867553711,36.88468403975304,35.9502321770229,35.9502321770229,17572800
2016-02-23,35.957706451416016,36.57070664376745,35.86799987128967,36.53332913969154,15224700
2016-02-24,35.59139633178711,35.64372539815245,34.80645748458679,35.38955442506927,18595700
2016-02-25,35.696044921875,36.00254487938672,35.66614179145447,35.66614179145447,16646200
2016-02-26,35.93526840209961,36.28662309572362,35.75585530234423,35.980123102898354,20325600
2016-02-29,35.07558059692383,35.90537423269575,35.06810623745116,35.90537423269575,24018100
2016-03-01,36.42118835449219,36.42118835449219,35.24004010228665,35.24004010228665,24758500
2016-03-02,37.056617736816406,37.056617736816406,36.33895948948921,36.51089826634549,18667700
2016-03-03,37.20614242553711,37.22109400024651,36.68284871759327,37.1014842542926,14268100
2016-03-04,37.46030807495117,37.744382249906714,37.13885639448801,37.385550212215044,18685600
2016-03-07,37.43040084838867,37.49768149165437,36.959436345528815,37.20613298807655,14386100
2016-03-08,36.66788101196289,37.12389385896607,36.57069724496548,37.086516364496305,18098200
2016-03-09,36.473514556884766,37.00428236702938,36.264195464932044,36.914575814318155,17920100
2016-03-10,36.26420211791992,36.727692237352386,35.85304391986631,36.585653746804844,18542700
2016-03-11,37.43040084838867,37.47525556113932,36.54080376673833,36.720216914299805,18318400
2016-03-14,37.28836441040039,37.43040005351366,36.95943556065524,37.35564505223731,12803900
2016-03-15,37.36311721801758,37.370594428738514,36.78002025747936,36.8547752543667,12945600
2016-03-16,37.03418731689453,37.59485828932815,36.839819782820996,37.19117450476314,16629700
2016-03-17,37.17622756958008,37.32574041787222,36.51089838898645,36.951959723002055,16002800
2016-03-18,37.78175354003906,37.90136324901932,37.3257406333892,37.70699568960115,35812100
2016-03-21,37.87893295288086,37.938739230838955,37.50515227080363,37.75184888980034,13543200
2016-03-22,37.654659271240234,37.81164930066051,37.37806240790331,37.53504958560374,13907000
2016-03-23,37.19865798950195,37.624770656678834,37.153806125803875,37.51263529399217,13648100
2016-03-24,36.55575942993164,36.69032073152665,36.271685254150974,36.645466013754685,20871100
2016-03-28,36.40623092651367,36.66040184799719,36.294095606084014,36.66040184799719,18478100
2016-03-29,35.92031478881836,36.368853216093584,35.76332762254587,36.346424441112056,24459500
2016-03-30,36.36886978149414,36.750124909199634,35.99508901437383,36.181979397933986,16794200
2016-03-31,36.15208435058594,36.51091362519632,36.084803683363894,36.33149756203034,16397600
2016-04-01,36.21934127807617,36.31652503408102,35.71847378333093,36.054876898947924,14321400
2016-04-04,36.25672912597656,36.38381319944795,36.03246126873731,36.19692284312848,12110200
2016-04-05,35.51663589477539,35.950222814995,35.47925840034406,35.94274845679675,18297700
2016-04-06,35.94275665283203,35.98013415578657,35.299853335819506,35.42693741620908,17214400
2016-04-07,35.08306121826172,35.71848734886267,34.85131612799556,35.66615827230592,17593100
2016-04-08,35.187721252441406,35.62130831191407,35.11296623957003,35.397037569858036,12236500
2016-04-11,35.157814025878906,35.6661560392203,35.13538809496463,35.217620310611125,15113500
2016-04-12,35.71100616455078,35.755860872336925,35.09800608340805,35.240041713817135,18772600
2016-04-13,36.652923583984375,36.8173879554218,36.08477834440352,36.099729910145065,26311900
2016-04-14,36.473514556884766,36.854769544697405,36.010024522483654,36.10720828475742,30067900
2016-04-15,36.0698356628418,36.58565197523516,35.92780003089239,36.34643256788865,24885200
2016-04-18,36.510894775390625,36.540797912433526,35.81566252360377,36.06983348502821,18225800
2016-04-19,37.28836441040039,37.31826469987863,36.61555799203122,36.63798392207002,18673400
2016-04-20,37.7144775390625,37.76680661494486,37.19865828862096,37.36312272809168,22647700
2016-04-21,37.41545104980469,37.961170581378596,37.32574447177464,37.78923178527071,20255400
2016-04-22,37.841556549072266,37.93126596860304,37.41544678732238,37.41544678732238,16365700
2016-04-25,37.75933074951172,37.82661139971962,37.4677822158511,37.60982072835715,11689100
2016-04-26,38.06583023071289,38.11816215932289,37.71447826470269,37.759330129624395,13333500
2016-04-27,38.07329177856445,38.43212080891268,37.91630461248454,38.028437080376065,15342700
2016-04-28,37.68457794189453,38.07331029340677,37.52759069947258,37.75933295684184,15506300
2016-04-29,37.36311721801758,37.72194633617344,37.13884937563521,37.72194633617344,17887000
2016-05-02,37.81915283203125,37.901385089037674,37.49022665572762,37.58740763971516,14780300
2016-05-03,37.37805938720703,37.47524314009526,37.034181925257435,37.27340127719799,16246400
2016-05-04,36.865840911865234,37.11442684046489,36.66998768285096,36.95623736238875,22402500
2016-05-05,36.88091278076172,37.05416836114271,36.73778935528884,36.888447256268975,15953600
2016-05-06,36.926082611083984,37.00141006685501,36.6473675764613,36.69256290050062,14189600
2016-05-09,36.82063293457031,37.07675037611233,36.7679031266257,36.92609255045955,13877000
2016-05-10,37.21234893798828,37.29520802737118,36.911033231572034,36.911033231572034,14234400
2016-05-11,36.971290588378906,37.45339332937974,36.971290588378906,37.182209819177025,17344300
2016-05-12,37.06168746948242,37.34793707529879,36.94869337220881,37.16714709437286,13589600
2016-05-13,36.33852767944336,37.234937226096974,36.31592713934434,36.986351399919435,25251700
2016-05-16,36.36115264892578,36.632336345270545,36.112566636089426,36.24815848426181,19655300
2016-05-17,35.87150955200195,36.285816635755396,35.81877971626391,36.263218955742104,21495600
2016-05-18,36.64738464355469,36.70011446186291,35.8714976946944,35.91669591334127,30028200
2016-05-19,36.44398880004883,36.88089332145263,36.27826490905483,36.48918413500433,13604100
2016-05-20,36.72270584106445,37.06921683729519,36.579582483549785,36.62477782089174,13222800
2016-05-23,36.6850471496582,36.820638927458575,36.42139519346438,36.730242493218675,10644000
2016-05-24,37.06168746948242,37.189744764403876,36.67750983759954,36.94869337220881,16597700
2016-05-25,38.04096221923828,38.2895481041379,37.29520743809892,37.34794012841418,22478600
2016-05-26,38.07863235473633,38.16149433027723,37.96564110282054,38.05603467906517,14983300
2016-05-27,38.30462646484375,38.31216094082517,38.033445674285886,38.116304795157085,13430500
2016-05-31,38.206687927246094,38.56073058863608,38.03343239644682,38.4326732772643,19725000
2016-06-01,38.417598724365234,38.44773086399929,37.79236975797411,37.86016563537123,16774300
2016-06-02,38.50046920776367,38.50046920776367,38.199153491734506,38.387475095862825,14206700
2016-06-03,37.80744171142578,37.89783814439553,37.37053711297643,37.79237563926416,25452600
2016-06-06,38.03343200683594,38.319678772932214,37.807443785573106,37.845110404823316,14528500
2016-06-07,37.867706298828125,38.21421734060095,37.867706298828125,38.21421734060095,15310100
2016-06-08,37.6643180847168,37.99576304938091,37.468464895042416,37.85263967514038,18168500
2016-06-09,37.01649856567383,37.423273969893536,36.79804478856769,37.4006762941791,19464400
2016-06-10,36.41386413574219,36.69257929489596,36.28580395544374,36.5268582434432,16815300
2016-06-13,36.13513946533203,36.54191182415675,36.12760499423673,36.255665140828015,16150100
2016-06-14,35.3140754699707,36.24814921455392,35.035357368025494,36.052295969257514,25311700
2016-06-15,35.23873519897461,35.82630051709166,35.20860592831072,35.60784678181172,20142000
2016-06-16,35.291465759277344,35.29900023227188,34.62104134073856,35.00521900379394,15619300
2016-06-17,35.1031494140625,35.404465160597944,35.042887988891366,35.291471037257175,25661300
2016-06-20,35.35173797607422,36.08242684817694,35.3442035013902,35.77357947801519,19490100
2016-06-21,35.577720642089844,35.66058261590899,35.23120954571878,35.62291886605299,11731600
2016-06-22,35.381866455078125,35.84137166206249,35.35173430659001,35.51745824971482,17072100
2016-06-23,36.08994674682617,36.08994674682617,35.698237523516084,35.88655909970983,16270000
2016-06-24,34.4327278137207,35.381870484263175,34.108814364486705,34.47039156683997,46744100
2016-06-27,33.90542221069336,34.14647652093178,33.52124738147423,34.048548476793655,35030100
2016-06-28,34.726505279541016,34.734039753469666,34.15400882403721,34.56831580975758,27525700
2016-06-29,35.381866455078125,35.396932529322186,34.764171778870896,35.1257489400488,20856400
2016-06-30,35.653045654296875,35.675643326100534,35.05041425297748,35.58524976532642,22538800
2016-07-01,35.42705535888672,35.615376942335715,35.29899806144987,35.46472197442397,19013600
2016-07-05,34.809364318847656,35.22367126966432,34.50805147896263,35.178475924139356,22213000
2016-07-06,35.14081573486328,35.14834733535983,34.42519299817558,34.56831639608916,19024100
2016-07-07,35.253807067871094,35.570188887119784,34.98262347238933,35.08808599451216,17946200
2016-07-08,35.99955749511719,36.09748265747279,35.74344000595724,35.74344000595724,19775700
2016-07-11,36.218013763427734,36.49672894431611,36.11255124702156,36.23307696364029,16008700
2016-07-12,36.42139434814453,36.6323164829161,36.32346919032998,36.47412416344757,15067900
2016-07-13,36.36115264892578,36.51181057729076,36.14269879647462,36.391284809310974,14389600
2016-07-14,36.865840911865234,37.02403326350138,36.66245320852733,36.94870288806512,17578400
2016-07-15,35.93928909301758,36.82063556831482,35.713303775153406,36.798035025036945,35121000
2016-07-18,36.36865997314453,36.40632658526092,35.99201684045311,36.01461738243476,24139200
2016-07-19,36.436466217041016,36.57205801326641,36.1954147734314,36.21801532184222,15982900
2016-07-20,36.617252349853516,36.67751376757964,36.45906289556793,36.60218627703209,16569900
2016-07-21,36.38372039794922,36.767897942878214,36.376188800829986,36.64737227406019,15532000
2016-07-22,36.3988037109375,36.428935860807805,36.23307976021079,36.3988037109375,13588500
2016-07-25,36.24814224243164,36.353601882965165,36.04475456130569,36.338538683082966,12122200
2016-07-26,36.13513946533203,36.285794404532936,36.00707931874074,36.1803347976688,16130100
2016-07-27,36.15774917602539,36.323473112621286,35.992025239429495,36.120085428678976,17886800
2016-07-28,36.25567626953125,36.32347216240516,35.91669680516171,36.112550010375415,12562600
2016-07-29,36.13513946533203,36.285794404532936,36.12007339670019,36.12007339670019,13111700
2016-08-01,36.014625549316406,36.19541268481154,35.879033760915206,36.14268286416215,16026600
2016-08-02,35.931766510009766,36.029694559293944,35.69824666127363,35.90163436045157,17033100
2016-08-03,36.12160873413086,36.17476201569845,35.93936973922388,35.93936973922388,14913500
2016-08-04,36.32661437988281,36.44810795720809,36.12159342502727,36.14437256557721,14662600
2016-08-05,36.96445846557617,36.97964552567607,36.54682445105335,36.74425043908095,19064700
2016-08-08,37.13910675048828,37.2454132786702,37.01002107959185,37.04039230433265,14871600
2016-08-09,37.154296875,37.32135165971051,37.0631773999924,37.22263720541468,10449800
2016-08-10,36.584800720214844,37.15430259581391,36.50886829545617,37.070775190597566,16782700
2016-08-11,36.63035202026367,36.82777800929904,36.3873619540605,36.62275704185719,14614100
2016-08-12,36.37217712402344,36.50885776648009,36.31902386269424,36.48607572831365,13227500
2016-08-15,36.65312957763672,36.70628283764201,36.47088776002184,36.4860748195427,11758900
2016-08-16,36.78221893310547,36.903712524840024,36.49367346313323,36.56960587172893,13957600
2016-08-17,36.911312103271484,36.94927831230038,36.68351195246204,36.72907024464229,13062900
2016-08-18,36.85055923461914,36.949273683035486,36.698694417530255,36.827780091382955,12189200
2016-08-19,36.94167709350586,37.002422433602604,36.59997550347615,36.78221442040176,12557700
2016-08-22,36.92648696899414,37.010014339249366,36.827772540816596,36.934079049637745,9212600
2016-08-23,36.75944519042969,37.01761947287518,36.74425812715217,36.934092073166916,15430200
2016-08-24,36.92648696899414,37.03279347781529,36.71387105471672,36.827772540816596,16315800
2016-08-25,36.73665237426758,36.97204452589024,36.67590414376169,36.91889127251512,13643200
2016-08-26,36.83536911010742,37.085951251408275,36.66072226767143,36.88852526763056,15527300
2016-08-29,37.6326789855957,37.77695172830181,36.972054829593304,37.01761601517011,21201400
2016-08-30,38.43756866455078,38.45275572470161,37.723794217274936,37.761760419334244,25055800
2016-08-31,38.574256896972656,38.66537637916565,38.14903071564796,38.49832447791785,24533600
2016-09-01,38.29329299926758,38.72611404212521,38.050305848773306,38.665365806183985,17017100
2016-09-02,38.384422302246094,38.46794969977262,38.103468880540944,38.30848988447802,12684000
2016-09-06,37.959190368652344,38.39960353882904,37.68582907154616,38.39201145685859,21832200
2016-09-07,37.79213333129883,37.98955931367621,37.70101386994276,37.80732039096408,12437300
2016-09-08,37.890838623046875,37.959178926723794,37.63266446433793,37.822498319369956,14169200
2016-09-09,36.994834899902344,37.86047710329605,36.994834899902344,37.57952371546238,32147200
2016-09-12,36.85814666748047,36.93407906047926,36.43291773543593,36.72905812342038,35588400
2016-09-13,35.65839767456055,36.3418008462636,35.32429106652534,36.29623966927163,59000500
2016-09-14,35.32429122924805,36.12918798000218,35.30910417018076,35.74952019322604,44841700
2016-09-15,35.0433464050293,35.195211239384065,34.314381875600645,35.02056436256725,60827800
2016-09-16,34.49661636352539,34.83072298303005,34.35993572449271,34.70163732207442,51871400
2016-09-19,34.937034606933594,35.14965057462047,34.53458760911961,34.64089414464513,33562400
2016-09-20,35.35466384887695,35.84063813189076,35.020554356828555,35.80267193414941,51510400
2016-09-21,34.800350189208984,35.33947774291822,34.42068240829229,35.31669570635122,64530200
2016-09-22,34.71682357788086,35.0205560713166,34.45105438740981,34.80035095498218,36964400
2016-09-23,34.73202133178711,34.86110702950262,34.496626187166996,34.549779462301174,28710500
2016-09-26,34.0789794921875,34.5497667110383,33.90433266739825,34.45105228080606,30938000
2016-09-27,34.23844528198242,34.24603736411965,33.91193071400339,34.01064516160153,24359000
2016-09-28,34.405494689941406,34.5345803425937,34.139725510413065,34.44346088797824,28220300
2016-09-29,33.69173049926758,34.36753893520152,33.5702368804102,34.31438565799119,45266700
2016-09-30,33.623382568359375,33.965084199467846,33.48670191591599,33.6613516691992,54117700
2016-10-03,33.28167724609375,33.53225646154971,33.07665630801062,33.5018823455444,38197700
2016-10-04,33.22092819213867,33.47910237852584,33.06906051250474,33.122213765881355,44008300
2016-10-05,34.16250228881836,34.23084259342096,33.281673305404205,33.281673305404205,40459000
2016-10-06,34.30678176879883,34.466241545558184,34.0410154741999,34.30678176879883,29878200
2016-10-07,34.42068862915039,34.511808101980556,34.11695319086875,34.321974177213484,24893600
2016-10-10,34.66367721557617,34.868695313532584,34.50421451091373,34.70164342272973,21804900
2016-10-11,34.511810302734375,34.792763718247485,34.28401015781466,34.777576655701374,25442600
2016-10-12,34.413089752197266,34.80035253697429,34.413089752197266,34.557362475890095,21780500
2016-10-13,33.98026657104492,34.352342272822824,33.62337792817993,34.352342272822824,44174600
2016-10-14,33.94990158081055,34.56496459728692,33.6537610939784,34.299195339810716,45418600
2016-10-17,33.790428161621094,33.98785410782131,33.6537475463152,33.82080227538572,18861300
2016-10-18,34.13212966918945,34.17009586304363,33.72208782364055,33.98026199713783,23877600
2016-10-19,34.36752700805664,34.57254796184589,34.063794514640804,34.063794514640804,26977000
2016-10-20,34.116947174072266,34.39030844098913,33.91192622388461,34.147321291870874,27210600
2016-10-21,34.23844528198242,34.39790507658548,33.91193071400339,33.97267895764399,21490800
2016-10-24,34.56495666503906,34.68645024448979,34.39030982561836,34.51180340506908,19303800
2016-10-25,34.71682357788086,34.77756891791387,34.481428505744,34.52698968324527,20402000
2016-10-26,35.0433464050293,35.05853057115594,34.50421581518014,34.519402877942824,25181900
2016-10-27,35.240753173828125,35.54448846986345,35.126851713656265,35.248345252743505,25661000
2016-10-28,35.104087829589844,35.415415339782086,34.83832150258514,35.36226207438115,20882000
2016-10-31,34.937034606933594,35.35467156312076,34.92944252438285,35.233177965857905,20115900
2016-11-01,34.92184066772461,35.14204575969424,34.62569739168643,35.02055219643564,20020200
2016-11-02,34.6385498046875,34.845275972259806,34.50838574724225,34.745742016249054,19566600
2016-11-03,34.715110778808594,35.05965921911335,34.646201090747645,34.707455444921095,14982700
2016-11-04,34.148529052734375,34.77637175138796,34.06430867379674,34.730433893925465,27391600
2016-11-07,34.76106262207031,34.98310242478765,34.61558494493182,34.62324320202821,25769400
2016-11-08,34.868247985839844,35.08263240999401,34.35525292991114,34.59260920005949,19462600
2016-11-09,36.744110107421875,37.21881959320795,35.220441880080514,35.473111669449686,67615000
2016-11-10,39.531131744384766,39.76082977107683,37.356651444880036,37.46384366261841,100988800
2016-11-11,39.607696533203125,39.806770296994536,38.84203450181524,39.11767330043789,46594900
2016-11-14,40.74852752685547,41.39168364401421,39.74550937962924,39.74550937962924,59154400
2016-11-15,40.26617431640625,40.26617431640625,39.46222960849788,40.10538595897846,39437900
2016-11-16,39.56941223144531,39.944584974276786,39.32440062611124,39.65363551842303,26996200
2016-11-17,40.18960189819336,40.50352321880502,39.01813698698051,39.347371898935286,29205900
2016-11-18,40.442264556884766,40.56477035384591,39.80676664788902,40.158970449056234,29673400
2016-11-21,39.90629959106445,40.56476932837277,39.829734565187515,40.46523245811794,23587200
2016-11-22,39.98287582397461,40.258514647486074,39.66895447959081,40.143664164099924,22816900
2016-11-23,39.936912536621094,40.296774455682375,39.77612428712168,40.15895512160646,19986800
2016-11-25,40.28913879394531,40.28913879394531,39.84505629573991,40.120695118445596,9635500
2016-11-28,39.49284744262695,40.18194149157308,39.34736979303784,39.90630270368713,26518500
2016-11-29,39.70723342895508,39.91396252799421,39.47753540361233,39.47753540361233,16267300
2016-11-30,40.518836975097656,40.702597164440455,40.04412729038502,40.18194670219984,26567200
2016-12-01,41.606082916259766,41.705619817327424,40.62603626196102,40.679632380819896,35623100
2016-12-02,41.02417755126953,41.55248335949806,40.81744842958815,41.529514430678745,21894700
2016-12-05,41.61372756958008,41.75154696005518,41.246210168569355,41.26918201416098,24793900
2016-12-06,42.53253173828125,42.54784533173394,41.51420260021651,41.69030454376848,30706700
2016-12-07,43.85711669921875,43.864774954547826,42.28751024514931,42.532521841844606,46617000
2016-12-08,43.86477279663086,44.42370565664347,43.420687473986916,43.86477279663086,39828600
2016-12-09,43.74993133544922,43.826499296875966,43.25225272963622,43.57382940532132,20331200
2016-12-12,42.70863342285156,43.71930721844597,42.53253148036746,43.25991110072825,27886200
2016-12-13,42.75456237792969,43.03785647481019,42.33344889969792,42.762217712107656,24355600
2016-12-14,41.881717681884766,42.58612541574579,41.36872255329543,41.91234486703589,54590600
2016-12-15,42.25688934326172,43.06849220337099,42.03484955879771,42.24157575109712,31345900
2016-12-16,42.371726989746094,42.609083215248724,42.05014749323388,42.486577435807924,33171800
2016-12-19,42.27986145019531,42.471276972268605,41.843434293529725,42.24923426567901,16801400
2016-12-20,42.953636169433594,43.12208274069816,42.22625962065007,42.471271222070165,19245300
2016-12-21,42.655029296875,42.945981674539226,42.601433190564315,42.945981674539226,14058400
2016-12-22,42.685646057128906,42.90003043003463,42.494230603957924,42.69330139011781,14515500
2016-12-23,42.846458435058594,42.8617720304173,42.58613315549988,42.708638997599884,8313000
2016-12-27,42.83879089355469,42.95363844487194,42.754567603460735,42.80050837644894,8893900
2016-12-28,42.356422424316406,42.93832719118451,42.31813990773085,42.861759237244605,10609100
2016-12-29,41.9889030456543,42.46361265482432,41.71326426588827,42.25688356999979,15933500
2016-12-30,42.19562530517578,42.38704076896571,41.95061374518612,42.02717876239482,15095500
2017-01-03,42.877079010009766,43.14505958551464,42.46362076142863,42.624409106731555,22063800
2017-01-04,42.91535186767578,43.114425611022064,42.578461659940956,42.99957514980163,15036100
2017-01-05,42.24923324584961,42.7392565032058,41.71326921282789,42.486589538967955,18831600
2017-01-06,42.14204025268555,42.547840207618,41.881715036879896,42.31048391884054,18715900
2017-01-09,41.52950668334961,41.96593377411623,41.48356591351205,41.8663968998525,21794100
2017-01-10,41.82046127319336,42.24923308210273,41.544822461806554,41.61373216465325,17978200
2017-01-11,41.95827102661133,41.95827102661133,41.131357703446874,41.80513806431618,21100600
2017-01-12,41.72857666015625,41.942961073489094,41.269180654223426,41.84342712202374,20566600
2017-01-13,42.34877014160156,43.03020891655317,41.84343329225112,42.19563714345346,37231600
2017-01-17,41.177303314208984,42.08078474931432,41.02417324379971,41.958278940525574,26974400
2017-01-18,41.5524787902832,41.56779238140189,40.84041286749316,41.17730310979761,21186700
2017-01-19,41.78982925415039,41.9353039683739,41.23855173369337,41.52950408290884,20906900
2017-01-20,42.16500473022461,42.19563191020954,41.82045625731568,41.91999313188241,24160800
2017-01-23,41.53716278076172,42.11140927081833,41.460597750394975,41.88936659367862,17227400
2017-01-24,41.881717681884766,42.16501184260982,41.44529051617323,41.62139244963849,18523300
2017-01-25,43.351783752441406,43.512575000126745,42.32579650519482,42.40236446141853,32252100
2017-01-26,43.780548095703125,43.89539855011237,43.328807453538275,43.3441210421774,23769800
2017-01-27,43.32881164550781,43.726956226339546,43.19099225519034,43.66570186585682,17186200
2017-01-30,42.93833541870117,43.12209270182953,42.68566550343799,42.96895968537633,15961400
2017-01-31,43.1297492980957,43.16803182054235,42.723946382007284,42.861765799430636,22409100
2017-02-01,43.09890365600586,43.99310365244728,42.99098342308107,43.58454764477321,21157700
2017-02-02,42.975555419921875,43.137435730108194,42.70575490294467,42.83680002816072,13044400
2017-02-03,44.14727783203125,44.16269542865432,43.49975347689186,43.84664204939615,19879800
2017-02-06,43.59225082397461,44.25519269525668,43.546000980325964,44.000809733372584,13940200
2017-02-07,43.43036651611328,44.08559805976319,43.376406409723536,43.83121512115514,14937400
2017-02-08,42.883052825927734,43.330151245788166,42.528454079811766,43.330151245788166,18592200
2017-02-09,43.73100662231445,43.761841812089536,42.88305948773866,42.88305948773866,15907800
2017-02-10,43.83121871948242,43.9699741303344,43.677045714024054,43.95455653572802,12268100
2017-02-13,44.00082778930664,44.33229592036157,43.85436204936835,43.99311751846424,15325300
2017-02-14,44.69459533691406,44.710012935626686,43.93144331457995,44.039363564962045,16382900
2017-02-15,45.13398361206055,45.48857953709363,44.62521465074167,44.787095015569015,25350400
2017-02-16,44.80252456665039,44.987532847675105,44.332298003794165,44.987532847675105,14694500
2017-02-17,44.77939224243164,44.78709957175726,44.286040828613345,44.38625375348468,15783200
2017-02-21,44.90272521972656,45.195653692598334,44.63292461353286,44.90272521972656,16916800
2017-02-22,44.98752212524414,45.164820092806494,44.7100112401531,44.7100112401531,12344200
2017-02-23,45.087738037109375,45.16482309226235,44.75626700686011,45.04148523965377,13841400
2017-02-24,44.56354522705078,44.64063027147685,44.185821451908744,44.47874991381853,16379100
2017-02-27,44.75625991821289,44.90272267604883,44.48645638669713,44.563544370247016,10101000
2017-02-28,44.617515563964844,44.9566939539619,44.501885030239656,44.702310896615764,15558900
2017-03-01,46.04360580444336,46.24403165344146,45.55025439245783,45.56567199165818,25912700
2017-03-02,45.257320404052734,46.089853016337045,45.149400163335734,46.08214274736811,17578600
2017-03-03,45.39607238769531,45.66587590957903,45.226481770545874,45.36523719537618,14740000
2017-03-06,45.180240631103516,45.38837380846636,44.84876960129673,45.12628050444719,13225500
2017-03-07,44.94126892089844,45.11085955815285,44.72542843028819,45.04148183751297,13099900
2017-03-08,44.87188720703125,45.58108194830495,44.841052013800685,45.44232651937327,14711300
2017-03-09,45.24961853027344,45.380663712481976,44.864187372333475,45.05690295130346,15721500
2017-03-10,45.365234375,45.61962028490887,45.110851405696735,45.465447273504004,15120200
2017-03-13,45.24961853027344,45.50400156539851,45.110863078166545,45.34983145470761,14063500
2017-03-14,45.29587936401367,45.33442484163368,44.90274078151048,45.08774907602245,10885000
2017-03-15,45.257320404052734,45.71983950219047,44.98751980226023,45.403786108402386,17777300
2017-03-16,45.72755813598633,45.79693587082926,45.295874125785105,45.37296213150322,18468200
2017-03-17,45.22648620605469,45.796925557480314,45.110858634426656,45.76609036213708,20985700
2017-03-20,44.4247932434082,45.072317664916405,44.417082974003456,45.072317664916405,17663200
2017-03-21,43.052642822265625,44.67916216181978,42.88305517676221,44.656037242115964,31766400
2017-03-22,42.65180587768555,42.83681115434925,42.281789443146444,42.80597596137001,27740900
2017-03-23,42.59014129638672,43.16058068182498,42.38200812631895,42.57472369779582,19000000
2017-03-24,43.0372428894043,43.20683059291117,42.56701642389517,42.7828569232346,21127500
2017-03-27,42.698055267333984,42.84452096210719,41.81156553325903,42.112201310058616,16854800
2017-03-28,43.1374626159668,43.36101343542398,42.58244364360608,42.66723604421443,14878900
2017-03-29,42.91389465332031,43.23765828675039,42.821392018314185,43.122027787538414,10329100
2017-03-30,43.35329818725586,43.49976096949361,42.867654102100246,42.92161422927238,12106500
2017-03-31,42.90619659423828,43.30704535333039,42.87536139570665,43.18370749981023,11864600
2017-04-03,42.775146484375,43.02952949144417,42.235542334650695,42.93702684711048,14550700
2017-04-04,42.551597595214844,42.651810512985335,42.38200695600419,42.6286826454345,11937400
2017-04-05,42.38199996948242,43.32245271828405,42.34345745072619,43.00639935951385,17411700
2017-04-06,42.68263626098633,42.89847966178333,42.173867361531364,42.358875570699404,10387500
2017-04-07,42.274078369140625,42.6363845030267,42.09678043612984,42.35116340415207,15848800
2017-04-10,42.04281997680664,42.59013136644916,41.87322937245324,42.389708512708786,14607700
2017-04-11,41.749900817871094,41.82698586935293,41.06383386162158,41.80386094202962,28086800
2017-04-12,40.94818878173828,41.64196576077774,40.89422867676912,41.58800565580857,25601300
2017-04-13,39.58376693725586,40.66297503382712,39.58376693725586,39.930655464054155,47982000
2017-04-17,40.639854431152344,40.67068668300677,39.51439343120029,39.80732187836089,31959100
2017-04-18,40.431724548339844,40.60131223931397,40.1542136750654,40.36234683002123,22257500
2017-04-19,40.200469970703125,40.9636219981058,40.12338197662801,40.763199094723106,17414600
2017-04-20,41.241127014160156,41.31050472863064,40.41630470912542,40.639855449153195,31552900
2017-04-21,40.85570526123047,41.50322976412706,40.81716273118081,41.156341112467004,26177300
2017-04-24,41.35676574707031,41.8886597034356,41.310512948018626,41.742196917348295,23856700
2017-04-25,42.05824279785156,42.46679882389933,41.85010965044818,41.88094484427223,27061300
2017-04-26,42.04281997680664,42.4513759520883,41.90406456244578,42.08906982118988,15915500
2017-04-27,41.96574783325195,42.127631171479905,41.557191703843976,42.04283583731447,13978000
2017-04-28,41.50322341918945,42.07366277477898,41.418428101679616,41.88094721338613,16501900
2017-05-01,41.98115921020508,42.20470997793415,41.603438338420595,41.70364831793536,13915800
2017-05-02,42.04281997680664,42.0967800889908,41.67280651871287,41.98114959682156,15634900
2017-05-03,42.57844924926758,42.609500789816096,41.87980735435332,41.9263817039382,15737100
2017-05-04,42.834617614746094,43.16064988850776,42.59397263084744,42.90448209644327,17054100
2017-05-05,42.7802848815918,42.99763976114461,42.60174295035368,42.888962321368204,13078800
2017-05-08,42.725948333740234,42.92001604641757,42.50082907633733,42.788048461953075,14242800
2017-05-09,42.446475982666016,42.982101622263954,42.267934102800034,42.80355974239798,14402900
2017-05-10,42.4775390625,42.625029448242145,42.19808110110385,42.25241982012665,15897200
2017-05-11,41.716796875,42.24465832983824,41.18893245892346,42.135980884393945,32200100
2017-05-12,41.15787887573242,41.390759527470365,40.78526924070408,41.37523375585609,29642300
2017-05-15,41.39076232910156,41.468388231189124,41.15788166160054,41.188933206930905,15245000
2017-05-16,41.344181060791016,41.483910040188604,41.10353901056922,41.45286145906319,12650100
2017-05-17,40.552391052246094,41.34418472400351,40.094391126137914,41.34418472400351,33173100
2017-05-18,40.66106033325195,41.11129580204486,40.32726369339827,40.60672162083277,19790100
2017-05-19,41.18893814086914,41.40629306174148,40.66883505861771,40.80856406810384,16895000
2017-05-22,41.15011215209961,41.39075715647888,40.75421536294712,41.351944210285566,13947000
2017-05-23,41.44509506225586,41.57706263021588,41.025908144601104,41.150111346731634,11751700
2017-05-24,41.21221923828125,41.61588043262613,40.98709998275922,41.522728760466,11304400
2017-05-25,40.97158432006836,41.33643265447429,40.80856811325512,41.33643265447429,16643800
2017-05-26,40.684349060058594,40.99485853822676,40.65329751999421,40.85512956917487,14247700
2017-05-30,40.49026870727539,40.75420079276372,40.28843968248404,40.49026870727539,19379700
2017-05-31,39.698482513427734,40.56014345096883,39.45784049532223,40.54461768185917,30519700
2017-06-01,40.42818069458008,40.529093756527146,39.636384201392644,40.001229427735524,21001800
2017-06-02,40.21860122680664,40.552397990807215,40.00124333505165,40.10992080030973,19477300
2017-06-05,40.148738861083984,40.50582282633798,40.10992294035895,40.140974492443384,13663800
2017-06-06,40.21860122680664,40.38937883168126,39.77612699754798,39.83822713716453,14887500
2017-06-07,40.435951232910156,40.606731778225445,40.1332060562065,40.241883508229506,17022400
2017-06-08,40.800785064697266,41.16563024434665,40.27292080346259,40.43593692381045,22644200
2017-06-09,41.763370513916016,41.87981232417199,40.98709967551149,41.033676991861526,25750000
2017-06-12,41.988487243652344,42.37662263952222,41.87204544039616,41.90309698276288,22791400
2017-06-13,42.2679557800293,42.454259158375926,42.135988172564865,42.19032690468586,17966000
2017-06-14,42.33005142211914,42.41544169530605,41.584832065423626,41.98849329060999,16575000
2017-06-15,41.84100341796875,42.26795182810342,41.771138917311184,41.94968087204973,17232300
2017-06-16,41.83323287963867,42.10492943600118,41.646929546192816,41.86428442229234,23492700
2017-06-19,42.10491943359375,42.415425902652565,42.011764827762455,42.159258139709976,15367300
2017-06-20,41.49944305419922,41.99625597377055,41.47615587398137,41.96520738722628,13622200
2017-06-21,41.126827239990234,41.51496264575976,40.98709825701415,41.50720124058915,12653700
2017-06-22,40.74645233154297,41.0569588499315,40.53685887698083,40.98709436507745,15362200
2017-06-23,40.71540069580078,41.01038440462994,40.614484670973305,40.90946837980246,21868500
2017-06-26,41.06473159790039,41.47615422533441,40.82408655400661,40.93276400568816,12532800
2017-06-27,41.26655960083008,41.65469503837033,41.07249188205995,41.15788215211695,13496300
2017-06-28,42.17478561401367,42.24464712935811,41.546005324776154,41.6158698013581,20961700
2017-06-29,43.30038833618164,43.93693021496378,42.85791417559499,43.19947525481162,32552100
2017-06-30,43.01316833496094,43.50998121272719,42.8191006195061,43.494455440142204,16750700
2017-07-03,43.30038833618164,43.82049136078952,43.246049611985974,43.323678476007196,11825000
2017-07-05,43.30038833618164,43.4866946485942,42.958830218203396,43.447881697202774,14086900
2017-07-06,43.129615783691406,43.719580412809194,43.08303845985103,43.455648166857856,14481200
2017-07-07,43.26932907104492,43.339193550799216,42.888955134329834,43.300377647750885,11503500
2017-07-10,43.15289306640625,43.32367358674123,42.958825370112145,43.106315753249966,10979000
2017-07-11,42.725948333740234,43.24604838232113,42.555167798987924,43.207235432033315,14842700
2017-07-12,42.826847076416016,42.88118874211462,42.38437307652414,42.64054379290223,11951500
2017-07-13,43.1606559753418,43.21499469529865,42.74147198728005,42.896723780734995,14201800
2017-07-14,42.687129974365234,42.850146121660465,42.011772287734274,42.15926562587199,17949600
2017-07-17,42.46977233886719,42.679365798280486,42.26017887945389,42.61726567766058,14953600
2017-07-18,42.539634704589844,42.63278636149474,42.09716063274439,42.15926371150617,13603300
2017-07-19,42.6483039855957,42.85789739452886,42.45423634338765,42.53962657975715,12366200
2017-07-20,42.60174560546875,42.935542312007364,42.44649084129571,42.66384573439497,15123500
2017-07-21,42.05058288574219,42.399905297044775,41.996244173010425,42.252414928378236,17384500
2017-07-24,42.12821960449219,42.23689705026067,41.94967766340992,41.996252019460236,18489900
2017-07-25,42.74147415161133,43.01316776515357,42.625032339385626,42.69489683447339,20167800
2017-07-26,42.62503433227539,42.95106964500782,42.5474084279878,42.943305277836,19686900
2017-07-27,42.46977233886719,42.66384002781603,42.221365933911706,42.58621413673166,17352600
2017-07-28,41.37523651123047,42.361100865104724,41.28208483657951,42.1515073762113,32590600
2017-07-31,41.87204360961914,42.089401435444586,41.452859650948646,41.46838246021523,20378100
2017-08-01,41.980716705322266,42.22135870321497,41.80217185617698,42.09715552200787,19350300
2017-08-02,41.925987243652344,42.19183659733003,41.79306405818754,41.863436033653635,19422100
2017-08-03,41.75397872924805,41.95727393667752,41.7070630739572,41.832168505317355,19374700
2017-08-04,41.316097259521484,41.98853989309314,40.58892120068217,41.96508058030131,44664600
2017-08-07,41.08152770996094,41.40211050019767,40.99551718381847,41.23008944791273,22673700
2017-08-08,41.214454650878906,41.675781438114775,40.831320613957516,40.90951038152355,24877800
2017-08-09,41.27700424194336,41.29264279025998,40.76876186127158,40.87822871673981,14631600
2017-08-10,40.620208740234375,41.22227955573183,40.59674942141065,40.964247927912034,18373000
2017-08-11,40.612388610839844,40.8235045870764,40.45600905755243,40.526381049631276,14714500
2017-08-14,41.316097259521484,41.51157463054822,40.925142517468004,40.94859884751186,16313200
2017-08-15,41.32391357421875,41.722689067288535,41.30827800991017,41.59758367358481,11028100
2017-08-16,41.198814392089844,41.605407728616285,41.018975547948045,41.44902521722176,11224400
2017-08-17,40.50291061401367,41.1518969164811,40.495092831594484,41.02679151853832,16814300
2017-08-18,40.40907669067383,40.768754286887656,40.17450447500166,40.369981818519726,17130600
2017-08-21,40.5185432434082,40.588915205894146,40.19014274030548,40.4559920449471,13503100
2017-08-22,40.831321716308594,40.870416601147085,40.59674644178062,40.62020575888253,12984100
2017-08-23,40.68274688720703,41.03460672897586,40.50290807535802,40.526367386641134,10019500
2017-08-24,40.78439712524414,41.07370278893373,40.69056882564846,40.807853454456094,12345000
2017-08-25,40.47947311401367,41.10500039470674,40.4716523452085,40.87042803729051,15307800
2017-08-28,40.36998748779297,40.67493170926573,40.20578422929012,40.6201982840141,12425900
2017-08-29,40.20578384399414,40.268338033823944,39.97903236273095,40.041583569812815,10715500
2017-08-30,40.15886688232422,40.45599328669005,40.03376149881455,40.23705662848741,11427500
2017-08-31,39.9321174621582,40.065043626641874,39.77573496742659,39.877384036414334,25231100
2017-09-01,39.85392379760742,40.26051705093496,39.82264670517891,39.92429576419772,16217700
2017-09-05,39.173667907714844,39.619356119942566,38.907818537022145,39.58808200431564,31251300
2017-09-06,39.00164031982422,39.30658449773729,38.751429559344395,39.290945952363856,26854000
2017-09-07,38.84526824951172,39.048563428302764,38.52468544039038,39.048563428302764,23367300
2017-09-08,38.76708221435547,39.079844287414126,38.649794572740575,38.79053854957899,18975700
2017-09-11,39.61154556274414,39.721012444278266,39.048569620284276,39.09548527640554,17987100
2017-09-12,40.32306671142578,40.44817209360913,39.7522732187925,39.76009100022689,17129500
2017-09-13,40.23706817626953,40.27616306057111,40.01813443798192,40.18233474169763,12617300
2017-09-14,40.10413360595703,40.44035488459911,39.93993334878233,40.299610954807186,13739400
2017-09-15,40.3934440612793,40.40908260898087,40.07286129026708,40.09631762044544,28494300
2017-09-18,41.214454650878906,41.316103734913504,40.35435527665875,40.401267944099,20943400
2017-09-19,41.72269821166992,41.90253706811264,41.073711788954064,41.22227652717739,17047000
2017-09-20,42.02762985229492,42.309117710870844,41.66013148329329,41.74614199371901,21560400
2017-09-21,42.27002716064453,42.41077110432604,41.84779532960002,41.87125165929763,16210900
2017-09-22,42.41859817504883,42.50460871310437,42.02764335315897,42.1605665608822,18047800
2017-09-25,42.24657440185547,42.481149666212616,41.87125815473177,42.27785150146954,11595900
2017-09-26,42.066734313964844,42.4420505500322,42.03545721527215,42.3013065886634,12052500
2017-09-27,42.387332916259766,42.63754383355714,42.27004822657317,42.590631150782265,15840800
2017-09-28,42.41859817504883,42.48115237827052,42.01982556913055,42.449875276659675,14531700
2017-09-29,43.122318267822266,43.1848694886149,42.29349296739259,42.41859839172645,20872300
2017-10-02,43.372520446777344,43.372520446777344,42.895555179735936,43.130127430629805,11764400
2017-10-03,43.458534240722656,43.4898083558484,42.88773764414149,43.26305685313268,17405100
2017-10-04,42.97374725341797,43.278691494300865,42.92683459035793,43.247417379843554,14697800
2017-10-05,43.30997848510742,43.60710501093772,42.83301308338608,43.00503417456396,14560700
2017-10-06,43.458534240722656,43.53672400265936,43.17704632535337,43.38034149603774,11151200
2017-10-09,43.1144905090332,43.55236091456559,42.94246945994046,43.48980672116892,11377000
2017-10-10,43.48199462890625,43.568005164708914,43.12231691804827,43.29433500690511,12800500
2017-10-11,43.52109146118164,43.56018634754648,43.208326404765685,43.349070381878,12843100
2017-10-12,43.16923522949219,43.56019009224669,43.05195056031518,43.54455153980664,15067500
2017-10-13,41.980716705322266,41.996355252031705,41.31609487528403,41.82433720372348,35310000
2017-10-16,42.066734313964844,42.19966049203462,41.769607841880905,41.94944966798971,22802400
2017-10-17,41.58976745605469,42.22311525872491,41.535034026746565,42.20747670995856,18614700
2017-10-18,41.76179122924805,42.2778514411504,41.69141924659098,41.76179122924805,21604000
2017-10-19,42.02762985229492,42.168373781582886,41.4411978078443,41.527208318270006,12669700
2017-10-20,42.942466735839844,43.059754349644294,42.25438854861405,42.3873117270277,28407700
2017-10-23,42.93465805053711,43.03630713852186,42.77045774261844,42.80955262792071,18102100
2017-10-24,43.333431243896484,43.44290110008351,43.00503062358119,43.00503062358119,18779400
2017-10-25,43.20050811767578,43.458539733627376,42.90338161581446,43.38816774589045,17096900
2017-10-26,43.48980712890625,43.91985677292192,43.356883940814264,43.356883940814264,15979200
2017-10-27,43.68528747558594,43.8182136554468,43.10667605571633,43.184865820753295,17258600
2017-10-30,43.66965103149414,43.75566156683068,43.2474221040897,43.35688897351857,12249200
2017-10-31,43.896400451660156,44.193526907652256,43.70874383516377,43.74783871503818,14619200
2017-11-01,43.95112991333008,44.443733706983544,43.935491366242104,44.03714043093997,11678300
2017-11-02,44.47080993652344,44.502305565526996,43.581077940498155,43.93539625781694,15630000
2017-11-03,44.36844253540039,44.439306185913296,44.01412728642379,44.289706480869576,10049200
2017-11-06,44.23459243774414,44.431435585650235,44.09286513096471,44.171601188691916,10414900
2017-11-07,43.344852447509766,44.32119559978403,43.04565007774366,44.226708743907885,18679100
2017-11-08,42.72283172607422,43.2976163103444,42.55748421730007,43.148013608854434,24047100
2017-11-09,42.51811218261719,42.66771186641266,41.896087227973446,42.43937613926957,24438800
2017-11-10,42.36852264404297,42.62048164739242,42.352774830885096,42.53387017681825,13671700
2017-11-13,42.29766082763672,42.447260553765474,42.05357421844819,42.14018569279214,13447000
2017-11-14,42.54961395263672,42.59685438403966,41.982704747097785,42.14017986014615,20830100
2017-11-15,42.32126998901367,42.61259696002654,42.11655446971512,42.226786134228774,18238600
2017-11-16,42.99053192138672,43.19525042779002,42.40787802627314,42.478741662553155,26361800
2017-11-17,42.63623809814453,42.88032174256936,42.49451075459966,42.68347854360025,15814800
2017-11-20,42.55748748779297,42.683466980862434,42.40001237055914,42.61260332828661,16943100
2017-11-21,42.92755126953125,42.97479470325403,42.510244784204254,42.58110843299448,13757000
2017-11-22,42.565364837646484,43.00629158171259,42.54174161665139,42.880312082895394,11421700
2017-11-24,42.58897399902344,42.76219689127426,42.51811036161059,42.66771003899887,5386500
2017-11-27,42.478763580322266,42.88032239070975,42.40789990747872,42.53387943657959,11066800
2017-11-28,43.75429153442383,44.006250505364214,42.297653545950475,42.41575762406062,25685200
2017-11-29,44.62828826904297,45.07709050187498,43.8566633248127,43.96689503061864,29631800
2017-11-30,44.462928771972656,45.140069644211486,44.39206512246888,44.90385547680694,30984400
2017-12-01,44.250328063964844,45.02195263082944,43.65192337711492,44.541655001633046,31242400
2017-12-04,45.18731689453125,45.65974229705128,45.037717169040164,45.09283301546258,28720400
2017-12-05,46.10065460205078,46.777795363997626,45.226670735053695,46.18726604884688,39754900
2017-12-06,46.11641311645508,46.53371963488812,45.76209484439489,46.203024583357355,26758300
2017-12-07,46.738433837890625,47.24235177626338,45.89594547150095,46.02192495609414,32990600
2017-12-08,46.69906997680664,47.17936473968479,46.57309048097845,46.69906997680664,22017100
2017-12-11,46.35263442993164,46.691204963517585,46.15579123615325,46.42349809983541,15876600
2017-12-12,47.5021858215332,47.68328114164893,46.22664016988494,46.22664016988494,25040400
2017-12-13,46.769927978515625,47.63603653221165,46.754180167991805,47.48643683761695,18227000
2017-12-14,46.62820053100586,47.23447771799483,46.62032512397649,46.888031894808144,14731000
2017-12-15,47.13998794555664,47.754140501667756,46.73055390934508,46.80929295684012,36467500
2017-12-18,47.96672439575195,48.132074879822184,47.533670183425905,47.58878601025355,19970900
2017-12-19,47.52580642700195,48.24231530969558,47.46281518283257,48.187199472841286,17062700
2017-12-20,47.35258483886719,48.0848415531662,47.28959659651682,47.93524184944465,16544500
2017-12-21,48.51002883911133,48.91158756399985,47.777772043501436,47.777772043501436,22130700
2017-12-22,48.46278381347656,49.00607283968515,48.17932919173089,48.81710209065865,11653200
2017-12-26,48.132083892822266,48.59663380849289,47.87224951461883,48.4234108896906,11662800
2017-12-27,47.990352630615234,48.21869136769727,47.7620138935332,48.10845669892181,10010800
2017-12-28,48.265933990478516,48.27380939754332,47.958859193881814,48.05334305354517,10550900
2017-12-29,47.76988983154297,48.48640171545986,47.76988983154297,48.391914849517605,10711400
2018-01-02,48.10059356689453,48.31318453512709,47.793518725088006,48.06122553653773,13819300
2018-01-03,48.47066116333008,48.63600869810938,48.108467463485745,48.20295434357815,14203700
2018-01-04,49.076927185058594,49.643833317417716,48.74622918789381,48.801345020156674,18740500
2018-01-05,49.40763473510742,49.45487817630531,48.88796889628409,49.415507140179564,14217900
2018-01-08,48.84858322143555,49.391869082848785,48.769844181210054,49.33675325648457,15569400
2018-01-09,49.02181625366211,49.423377957569485,48.872216542481986,49.05331187820153,15766500
2018-01-10,49.69895935058594,49.91942572847657,49.100557475941535,49.195041350129976,18107500
2018-01-11,49.61234664916992,50.13201244968493,49.36038765519829,50.11626764070132,22075000
2018-01-12,49.25014877319336,49.91941719353661,48.856462527198865,49.76194209442127,25886100
2018-01-16,49.210784912109375,49.72257827663049,48.95882593364641,49.439123674962666,17907800
2018-01-17,50.29736328125,50.423342778990616,49.202915831455584,49.486367448680866,23892900
2018-01-18,50.35248565673828,50.63593731073982,50.28162199234077,50.28949439790114,16305900
2018-01-19,50.56507110595703,50.59656673192241,50.2579962617651,50.50995526231172,16524000
2018-01-22,50.96662521362305,50.98237002066525,50.368220424035435,50.3918406381865,12245200
2018-01-23,50.777645111083984,51.06109965966097,50.56505720323864,50.6359178367955,12937100
2018-01-24,51.55716323852539,51.67526432907777,51.02174960170733,51.13985069225971,20180300
2018-01-25,51.69101333618164,51.848485456189245,51.49417018258398,51.73037836259538,17568700
2018-01-26,51.911468505859375,51.998079960333186,51.37605497237367,51.8799728853984,16251900
2018-01-29,51.82486343383789,52.21067431944209,51.69888694365485,51.7933678094981,16105200
2018-01-30,51.399681091308594,51.91147447004308,51.399681091308594,51.51778817981287,16158900
2018-01-31,51.793373107910156,52.04533212122751,51.3052058986447,51.391811365468634,18147900
2018-02-01,51.8884162902832,52.347811491020785,51.53198179027525,51.77752716841511,15717600
2018-02-02,50.74782943725586,51.90424874223915,50.55773468598546,51.74583745668101,18905300
2018-02-05,46.06671142578125,47.43698979386967,45.54394625054808,46.49442921138167,103394400
2018-02-06,45.369693756103516,46.33601852818747,44.25287702013037,45.07662918579203,83076900
2018-02-07,45.57563018798828,46.03502842717287,44.94989523836421,45.10038719195015,45551000
2018-02-08,43.8806037902832,45.49642151680502,43.84099794114862,45.409296504614325,43569700
2018-02-09,44.45880889892578,44.78355688605949,43.341992355709664,44.46672825502583,48904600
2018-02-12,44.75188064575195,45.2429623838086,44.2607989076953,44.64099151343293,24401300
2018-02-13,45.93999099731445,46.01127731110143,44.31625054050302,44.4033785930763,24234200
2018-02-14,47.167686462402344,47.207289289728045,45.78156635548832,45.82116918281403,23681800
2018-02-15,47.53995895385742,47.60332287230154,46.85086010020435,47.38154462549412,22397300
2018-02-16,47.48453140258789,47.86472411395545,47.26275005482951,47.26275005482951,18661900
2018-02-20,47.48453140258789,48.53006211422443,47.3498781177164,47.413245080362536,18517600
2018-02-21,47.31025695800781,47.91223078404599,47.31025695800781,47.413226721685746,19987800
2018-02-22,46.58155822753906,47.658769049622265,46.47858845738697,47.429071438285895,17948600
2018-02-23,46.8667106628418,46.922158260064286,46.21721447169412,46.787504989385845,21099200
2018-02-26,47.5003547668457,47.52411585789404,46.69244443468128,47.32609870848615,16478300
2018-02-27,46.89838409423828,47.90431164345316,46.89838409423828,47.547880146250705,17024400
2018-02-28,46.26473617553711,47.381553006875606,46.1934498662388,47.104330149328035,17869100
2018-03-01,45.39345169067383,46.68452130864531,45.19543454443873,46.137995072777116,28491000
2018-03-02,45.472660064697266,45.63899375233885,44.68851078916945,45.08454510536486,22428500
2018-03-05,45.615230560302734,45.91621747277558,44.82316196437562,44.99741802236019,20560900
2018-03-06,45.2033576965332,45.83701201339281,44.86276793468952,45.71028115002088,23975900
2018-03-07,44.831085205078125,44.94197735617731,44.363764572131984,44.672673889369335,24788700
2018-03-08,44.926124572753906,45.16374450938737,44.5380096931015,44.949885659966824,16828400
2018-03-09,46.12215042114258,46.15383388769658,45.147906485869804,45.274637330584106,19051500
2018-03-12,45.955814361572266,46.38353207327961,45.90828916421539,46.153831484973644,12414800
2018-03-13,45.59146499633789,46.27264138394356,45.480572865726096,46.24888029527755,13810600
2018-03-14,44.854854583740234,45.86078226835663,44.71228196566846,45.82909879289567,12212900
2018-03-15,45.013275146484375,45.24297282149331,44.54595439425462,44.965749926739626,13277700
2018-03-16,44.27663803100586,45.2825625413945,44.25287391726689,45.13999296647098,37095000
2018-03-19,43.943973541259766,44.347930292619075,43.54001981140293,44.260802247365014,17982200
2018-03-20,43.48456573486328,44.26871192772208,43.294467948457076,44.17366454526989,26874600
2018-03-21,43.39744186401367,44.02317681986763,43.19942470240182,43.579617290116325,18997300
2018-03-22,41.607364654541016,42.99348477328246,41.33014183939356,42.93804021025297,32656300
2018-03-23,40.379661560058594,41.78162350763437,40.347978087214535,41.75786241375246,30975800
2018-03-26,41.41725540161133,41.62319184640747,40.80736239988668,41.147952037492665,26718000
2018-03-27,40.474708557128906,41.82122592467281,40.14996051744205,41.50440026386981,23669300
2018-03-28,40.77568817138672,41.13211961951544,40.355892811091614,40.52222647971778,23342500
2018-03-29,41.51232147216797,41.78162495768422,40.965795143400726,41.23509862891699,17706800
2018-04-02,40.67272186279297,41.50439631942907,39.936097814716504,41.48063220653818,23359800
2018-04-03,41.25092697143555,41.33805196423694,40.44301677722064,40.965781841536,16646400
2018-04-04,41.90835189819336,42.011321668093686,40.403420263657885,40.498470676566846,15952700
2018-04-05,42.185585021972656,42.74003381339308,42.01925129099738,42.24895197939343,16488800
2018-04-06,41.369747161865234,41.916273468186596,41.15588825378237,41.70241758160599,22943800
2018-04-09,41.38559341430664,42.2410291399858,41.31430710383338,41.58361060767653,17032000
2018-04-10,41.67865753173828,42.027169721794365,41.2826231495855,41.97172515001318,14594700
2018-04-11,41.13212966918945,41.559847511446776,40.96579595992353,41.441035992541146,14673200
2018-04-12,41.74202346801758,42.19350241097136,41.211335837658105,41.31430562053427,19967800
2018-04-13,40.308372497558594,41.42518915608952,40.245008577710394,41.195488525947894,32054900
2018-04-16,40.23708724975586,40.664805050530354,39.84897529911029,40.070753556622044,31879100
2018-04-17,40.05491256713867,40.52223320524667,39.99154864445569,40.355899509013874,25507100
2018-04-18,39.91234588623047,40.37174723523023,39.80937609740248,40.221252231211785,21055700
2018-04-19,40.82321548461914,40.878660043697636,39.99154407693985,40.00738278967498,23678400
2018-04-20,41.63113021850586,41.83706674243149,41.04499807556001,41.13212611235622,31149300
2018-04-23,41.670719146728516,41.85289451675732,41.33012949186997,41.62319395482924,17723900
2018-04-24,41.591529846191406,42.573696451939135,41.33014872287712,41.940042039280556,23052100
2018-04-25,42.06676483154297,42.36775175273353,41.13212361955806,41.53607728572008,20978500
2018-04-26,41.53607940673828,42.06676697966046,41.393506806341406,41.97171958656325,17025800
2018-04-27,41.472713470458984,41.93211169936333,41.35390196873266,41.409346530471076,12304300
2018-04-30,41.1558837890625,42.01923868514396,41.1558837890625,41.63112676263598,17050500
2018-05-01,41.63113021850586,41.662810668839064,40.870742001967585,40.997472867806934,13903800
2018-05-02,41.33806610107422,41.8766730814109,41.23509934123223,41.48856109415509,16397200
2018-05-03,41.13057327270508,41.33008128852815,40.54801023181179,41.19441425475808,19216100
2018-05-04,41.824867248535156,42.2159043638395,40.75550398468899,40.835305986546416,16660500
2018-05-07,42.02436828613281,42.28772032797718,41.80092028281084,42.27175932141837,16259100
2018-05-08,42.44731903076172,42.862296016975684,42.00042307964694,42.07224607811187,20786200
2018-05-09,42.90220642089844,43.0777744655067,42.5750133659246,42.65481840631518,16286700
2018-05-10,43.61246871948242,43.6763097238483,42.79847536511791,43.197491536222955,20699000
2018-05-11,43.45284652709961,43.835901552804394,43.30920051192897,43.64437251782663,14424000
2018-05-14,43.476783752441406,43.74811475894042,43.35708077690541,43.71619274776394,12809100
2018-05-15,43.69225311279297,44.11520910940503,43.39698211766289,43.43688310982902,14991100
2018-05-16,43.92369842529297,44.14714649463732,43.54064328745195,43.65236732212413,16450200
2018-05-17,43.26929473876953,43.62840669278408,43.11766671491855,43.412940738075505,21622400
2018-05-18,42.854331970214844,43.42891311390755,42.84634994302039,43.21344708767992,21492700
2018-05-21,43.52467727661133,43.596500296972124,43.14960116536592,43.15758319221227,11491400
2018-05-22,44.099246978759766,44.41048201591769,43.44486098232607,43.5964890106403,17398200
2018-05-23,44.83344268798828,44.83344268798828,43.59649356759503,43.91570457439769,23566100
2018-05-24,43.62842559814453,44.61000803349804,43.44487852932892,44.58606499373828,24673400
2018-05-25,43.81195831298828,43.88378131524238,43.51668427913781,43.572546275974275,17741900
2018-05-29,42.255802154541016,43.30122230300706,42.00841109677564,43.125657303408374,31604000
2018-05-30,43.27728271484375,43.44486873411899,42.59895661153862,42.82240463723894,16416200
2018-05-31,43.08574295043945,43.396974899519435,42.93411494347737,43.261307895619154,17515900
2018-06-01,43.64436721801758,43.90771922860137,43.31717423302733,43.540625254075806,14100200
2018-06-04,43.756099700927734,44.027427681264705,43.572549646551586,43.724177687623126,10593700
2018-06-05,43.49273681640625,43.83589076326835,43.32515085470615,43.58052080898725,11883900
2018-06-06,44.35462951660156,44.3945305162934,43.620438336416946,43.66832136259784,15848200
2018-06-07,44.39452362060547,44.681815644564196,44.09127059039896,44.50624762008927,17299600
2018-06-08,44.43443298339844,44.5062560029161,43.87580983651117,44.338669972125295,12965900
2018-06-11,44.298770904541016,44.77759210321243,44.29079192114304,44.52222201495498,13518400
2018-06-12,44.19502639770508,44.64990453193364,43.963596316991904,44.40251344107631,13608300
2018-06-13,44.01945114135742,44.633936232421846,44.00349013381992,44.20299816166224,14901100
2018-06-14,43.68428421020508,44.171081297738944,43.47679413227144,44.15512333259137,18189100
2018-06-15,43.875797271728516,44.18702925242665,43.396979308231444,43.53264328166381,35715800
2018-06-18,43.955604553222656,44.075307528121094,43.436882529244514,43.50072350700691,17856700
2018-06-19,43.955604553222656,44.075307528121094,43.57254650964618,43.6363905316591,16654800
2018-06-20,43.476783752441406,44.36259977496026,43.44486174126492,44.25885476076196,16545600
2018-06-21,43.38900375366211,43.700235780769226,42.99796973548937,43.29324075553319,21191600
2018-06-22,43.04585266113281,43.931668826194816,42.9181676401307,43.859845811615436,24015000
2018-06-25,43.06181335449219,43.20545938260084,42.37550523002884,42.91816732638353,21069600
2018-06-26,42.63885498046875,43.04585000850416,42.31166194404787,43.013931038408856,14409100
2018-06-27,42.51914978027344,43.0458508502813,42.343584786438086,42.48723080955395,19520900
2018-06-28,42.798465728759766,42.98201276083104,42.31166562253759,42.734621694517,13837300
2018-06-29,44.24290084838867,45.58359509024145,44.218960858293414,44.38654687746226,43888500
2018-07-02,44.94517135620117,44.99305438210289,43.94763114846544,44.05137618246027,21204900
2018-07-03,44.33866500854492,45.19255912041337,44.23491998213307,45.032952089991504,12830400
2018-07-05,44.08328628540039,44.753633245595125,43.931658266484135,44.62594521103394,16788600
2018-07-06,44.602020263671875,44.7935493358349,43.915712067777086,44.131181132366244,12389100
2018-07-09,45.30428695678711,45.46389400069627,44.69778079878253,44.84142683387566,16684000
2018-07-10,45.184593200683594,45.55169041478162,44.96114510499505,45.535729401625005,15581400
2018-07-11,44.74565124511719,45.28831321528976,44.67382824776346,45.009003250164305,15641400
2018-07-12,44.713741302490234,45.072856386166315,44.37058722744988,45.05689537753059,18236100
2018-07-13,44.179054260253906,44.52220828129512,42.7984591951523,43.684275247409836,34323400
2018-07-16,45.47985076904297,45.671376768475454,44.39452662475597,44.482310642933726,25538700
2018-07-17,45.136695861816406,45.511768871994,45.03295083828818,45.44792788815027,21649000
2018-07-18,45.14468002319336,45.34418806750454,44.80152594343804,44.897288952317076,19913900
2018-07-19,44.953147888183594,45.39206491708986,44.70575685097244,44.89728284266754,22219400
2018-07-20,45.01699447631836,45.216502518323715,44.57009536629596,44.745663417421035,17250400
2018-07-23,46.28586196899414,46.357684980026406,44.929206785190686,45.00102979622296,24584100
2018-07-24,46.565162658691406,46.83649364109506,46.16614668717134,46.285852696327474,27245000
2018-07-25,46.46940612792969,46.68487514776793,46.166153095092454,46.36566110854445,15531100
2018-07-26,46.53324890136719,46.86842089370747,46.44546489073027,46.660933904770715,14165300
2018-07-27,46.78862380981445,47.00409284642773,46.41354774116346,46.58911578083004,17662900
2018-07-30,46.676902770996094,47.2993668868783,46.52527471099834,46.94823382945136,22699900
2018-07-31,45.71926498413086,46.85246923488163,45.64744196512192,46.7726672334278,21633800
2018-08-01,46.00654220581055,46.509300132293994,45.65540620658374,46.25393015699281,19192700
2018-08-02,46.51728439331055,46.644969387101185,45.5516664375032,45.5516664375032,13489100
2018-08-03,46.9482307434082,47.02803273713427,46.30980261659604,46.333745650114594,13720400
2018-08-06,46.99610137939453,47.10782536610131,46.43747840161031,46.748713421472466,13360500
2018-08-07,46.94024658203125,47.21157761030747,46.84448358506634,47.03600957899616,13810900
2018-08-08,47.23551940917969,47.48291045876069,46.892365358962856,46.892365358962856,13778600
2018-08-09,46.9782829284668,47.3480664132878,46.94613037604947,47.14709839466864,15859500
2018-08-10,46.66477584838867,46.96220767349579,46.12618300112636,46.12618300112636,16170100
2018-08-13,46.31106948852539,46.71300551523847,46.27087649915979,46.35126247789099,19541100
2018-08-14,46.68084716796875,46.83358174523992,46.35929713878609,46.35929713878609,14860400
2018-08-15,46.616539001464844,46.825544373861106,46.34322239662151,46.36733757552499,17378400
2018-08-16,47.15511703491211,47.27569902479678,46.6647547736213,46.73710335424662,19992500
2018-08-17,47.3159065246582,47.46060373032913,47.03454948406325,47.03454948406325,13737600
2018-08-20,47.45256423950195,47.597261448058894,47.16316982238808,47.27571448078778,11403400
2018-08-21,47.396297454833984,47.85450429853402,47.38021964513046,47.42845307424102,17943500
2018-08-22,47.56509780883789,47.8303770019586,47.29178431269345,47.4605966720278,20829600
2018-08-23,47.12297058105469,47.468635748230625,47.08277759879591,47.42844276597184,19655600
2018-08-24,47.17924880981445,47.36413901058493,47.16317100106983,47.348064268368766,14366600
2018-08-27,47.50883102416992,47.81430322383497,47.23551443847554,47.3239408436308,19915200
2018-08-28,47.484710693359375,47.69371909495652,47.42040253892565,47.581174458273864,19330200
2018-08-29,47.396297454833984,47.57315029504405,47.283755853437995,47.4686460652355,14436600
2018-08-30,46.99435806274414,47.492760928448256,46.97024288317178,47.163170452807584,14800900
2018-08-31,47.010433197021484,47.0586666199508,46.68084580665847,46.84162081656127,16720200
2018-09-04,47.26768112182617,47.3882631691906,46.68085482881225,46.98632710001431,19003700
2018-09-05,47.38825225830078,47.58922024661713,47.27571067548813,47.331981466894455,22332300
2018-09-06,46.56829833984375,47.557060386088985,46.56829833984375,47.35609241571732,20756900
2018-09-07,46.14225387573242,46.6808466420377,46.1020578226412,46.56026461582066,21482400
2018-09-10,46.190486907958984,46.495959143278434,46.06990794128734,46.319106312325836,15623000
2018-09-11,46.12617874145508,46.27087595469142,46.0779453148668,46.14225655031784,22160300
2018-09-12,44.96860122680664,46.13421630882163,44.8560596308172,46.085985948556726,23868800
2018-09-13,44.21295928955078,45.217799273404204,44.204921918952394,45.024868647231905,26954800
2018-09-14,43.99592208862305,44.663137440311765,43.9718069055838,44.36570253902628,20997600
2018-09-17,43.658294677734375,44.02003466804305,43.36085979404105,44.011997296348305,21959500
2018-09-18,43.81101608276367,43.97179106701515,43.441235765554715,43.61004811908127,22055200
2018-09-19,44.38982009887695,44.5747103212058,43.634178332413455,43.80299381065181,17046200
2018-09-20,44.655086517333984,44.864094943031986,44.204920184805644,44.71939774571126,20308000
2018-09-21,44.20492935180664,44.86410424672943,44.14865548204265,44.815870815444065,36158500
2018-09-24,43.61809158325195,44.341577580214725,43.60201684245562,44.05218318142961,19604700
2018-09-25,43.59397888183594,43.96375927172045,43.56986370274341,43.65024967740409,15207400
2018-09-26,42.73384475708008,43.77084060017394,42.62130314307529,43.71456979317154,22025100
2018-09-27,42.46052169799805,43.087540919582636,42.4122882707498,42.8303021073157,19991000
2018-09-28,42.25151443481445,42.58913921095851,42.130932405318205,42.35601558941424,18588600
2018-10-01,42.0023193359375,42.44444839985213,41.929970720640284,42.39621803400655,17209000
2018-10-02,41.905853271484375,42.08270304756903,41.70488524725238,41.994279692791046,17509600
2018-10-03,42.3238639831543,42.5409067346428,42.06662517658496,42.203281950968716,18444900
2018-10-04,43.01518630981445,43.296543329710396,42.388167175721506,42.388167175721506,21417500
2018-10-05,42.7579460144043,43.29654179153876,42.589133648380894,43.16792240792169,14793000
2018-10-08,43.143802642822266,43.37692622569187,42.58913214552055,42.58913214552055,12858200
2018-10-09,43.03126907348633,43.384974731639005,42.58914006732394,42.910690108093924,15918300
2018-10-10,42.14700698852539,43.46535650853992,42.13092918138763,43.1679247428118,21875900
2018-10-11,41.35117721557617,42.476599314025385,41.00551198818942,42.106818906388376,33147900
2018-10-12,41.8897705078125,42.87049533137646,40.89296787622784,41.88173007053799,32067300
2018-10-15,42.798152923583984,43.401057012252906,42.211323578734245,42.211323578734245,34118900
2018-10-16,43.192047119140625,43.240280548593034,42.227399995793036,42.854422312559734,28227200
2018-10-17,43.778865814208984,44.220994774950306,42.757948066153574,43.05538289659451,23524200
2018-10-18,42.68560028076172,43.7306362925452,42.4122836889385,43.54574304133191,22533300
2018-10-19,42.516788482666016,43.11165509645441,42.49267330458279,42.66952612126846,19521000
2018-10-22,41.51999282836914,42.74187565227654,41.44764422082594,42.66148967346344,17621500
2018-10-23,41.44764709472656,41.761156726975734,40.57142637218283,40.86885819424887,25529800
2018-10-24,40.346336364746094,41.391372464298904,40.20967959062121,41.2466752525617,31161500
2018-10-25,41.688812255859375,42.291716398241,40.53123433990807,40.619660771435356,29366100
2018-10-26,41.19844055175781,41.74507376440096,40.82866016277226,41.254711347189165,30053800
2018-10-29,41.98623275756836,42.72579656689609,41.47175518578988,41.70487879379207,30541300
2018-10-30,42.35601043701172,42.53286324101869,41.69683570674867,42.163082893120496,24910900
2018-10-31,42.79011154174805,43.43320860884406,42.62933650834187,42.63737694660297,23667400
2018-11-01,43.055381774902344,43.37692870773347,42.725794405496806,42.9508775651314,17654800
2018-11-02,43.095577239990234,43.9155270257004,42.69364125090848,43.577899200277045,18285600
2018-11-05,43.13576126098633,43.650238729446166,41.12608173323533,43.19203204244115,18990000
2018-11-06,43.047359466552734,43.175978907155375,42.57307470435624,42.894624839127516,20696800
2018-11-07,43.07146453857422,43.55378652659489,42.43640490334189,43.264392107171126,20668500
2018-11-08,43.07957458496094,43.436138800743436,42.83646247913932,42.86887825093904,22429200
2018-11-09,42.982330322265625,43.26596059691288,42.73111272805081,43.02284849130979,18972200
2018-11-12,42.42316436767578,43.41992914522935,42.36643831904594,43.05525948165339,19003300
2018-11-13,42.73920822143555,43.217329923551986,42.64196092886658,42.64196092886658,28102000
2018-11-14,42.261077880859375,43.18490533206582,41.726230246406345,43.06334778687054,24788400
2018-11-15,42.804039001464844,42.87697292921508,41.556059833888604,41.76675922131711,23220100
2018-11-16,42.90129852294922,43.095790096825425,42.528526355303406,42.66629186416128,18872500
2018-11-19,43.209224700927734,43.33888466714141,42.62575330729749,42.925594490878275,20215500
2018-11-20,42.57713317871094,43.144396695831745,42.43126532884166,42.99042335911558,22999200
2018-11-21,42.48798751831055,43.11197702142193,42.35832756255605,42.64195774972614,16946300
2018-11-23,42.001773834228516,42.37454591270443,41.823490191767014,42.11522593712658,11139400
2018-11-26,42.852657318115234,43.09576934991894,42.40695141125224,42.40695141125224,20581700
2018-11-27,43.103878021240234,43.20922771718582,42.50420179489261,42.69869021212083,18044600
2018-11-28,44.04391098022461,44.05201646707125,42.6095489421165,43.07146276957588,23713300
2018-11-29,43.79269790649414,44.100638406906846,43.5901040076943,43.73597186213719,14978400
2018-11-30,43.98719024658203,44.20599204778702,43.65493634653101,43.8251175861379,18939000
2018-12-03,43.95478439331055,44.60308440974969,43.436141288820906,44.392384972320514,21261700
2018-12-04,41.96125411987305,43.75218682446792,41.742452302804764,43.71977105349379,33280500
2018-12-06,41.4020881652832,41.442606325682405,40.53498654912291,41.04552402589778,40310200
2018-12-07,40.7294807434082,41.69382979116969,40.55930259074603,41.24001829273264,28510500
2018-12-10,39.54632568359375,40.57550298904939,39.14113791410747,40.57550298904939,34524600
2018-12-11,38.70353698730469,40.18652580732579,38.533358854582204,40.0406579531815,32388600
2018-12-12,38.68732833862305,39.141136647304265,37.96609153555692,39.13303425236521,42820000
2018-12-13,38.111968994140625,38.99527864962217,38.030932658948494,38.87372414683398,35227100
2018-12-14,37.71487045288086,38.484727672467756,37.58521051736472,37.72297284639081,25913000
2018-12-17,37.77161407470703,38.33887771606123,37.37452859835765,37.45556802788719,29443300
2018-12-18,37.69868087768555,38.509056640942745,37.536605106766466,38.03903721441123,26740000
2018-12-19,37.009849548339844,38.43611223452796,36.71001146313902,37.593320928265655,34287600
2018-12-20,37.309688568115234,37.90126230908184,36.73432270802491,36.79104874542327,43969900
2018-12-21,36.564144134521484,37.706773542120985,36.41017389212772,36.94502163416712,55577900
2018-12-24,35.33237075805664,36.547934014751306,35.33237075805664,36.03739967270234,18049900
2018-12-26,36.945030212402344,36.945030212402344,34.86236480215106,35.5268726634813,27770000
2018-12-27,36.89641189575195,36.89641189575195,35.53498020441309,36.24000942797903,27005300
2018-12-28,37.0989990234375,37.62574447159858,36.89640509588909,37.01796268895333,23635000
2018-12-31,37.34210205078125,37.66625037451151,36.92880884200364,37.26106265134593,16544500
2019-01-02,38.03903579711914,38.04714128559911,36.79916191476017,36.89640613715313,20295200
2019-01-03,37.73920822143555,38.37130048120041,37.577132411118185,37.80403978209807,22262000
2019-01-04,38.857513427734375,38.98717340938878,38.24973168410351,38.42801222679219,23343600
2019-01-07,38.60629653930664,39.08441830968587,38.52526020860014,38.71974863883089,21858000
2019-01-08,38.5252685546875,39.027700714857666,38.02283330317881,38.81700435457293,19702900
2019-01-09,38.73595428466797,38.88182214458018,38.152485936356804,38.50094461132744,18837700
2019-01-10,38.695430755615234,38.938542791309764,38.33886664268574,38.49283687731358,16208400
2019-01-11,38.79267501831055,38.97095862075039,38.23351702611821,38.49283694348311,20006900
2019-01-14,39.23837661743164,39.295105741244534,38.4117964038284,38.50093510390712,23827600
2019-01-15,38.63060760498047,39.100626988372014,38.095759773974386,38.57388155406603,27447600
2019-01-16,39.659767150878906,39.98391851625504,38.889913067949514,39.01957299583266,32026400
2019-01-17,39.8947868347168,40.000136518831525,39.22217675460886,39.41666514999587,25738800
2019-01-18,40.52688217163086,40.64843974749348,39.594952091588524,39.789440503363636,36380300
2019-01-22,40.40532302856445,40.59981141791598,40.2189370340454,40.33238910972333,33975200
2019-01-23,40.61602020263672,40.778095924927364,40.113588245739265,40.51877600579724,16806700
2019-01-24,40.502567291259766,40.7943029671142,40.23514498261801,40.34859705848646,17862100
2019-01-25,40.62413787841797,40.956391817706105,40.4863723911658,40.842939705462086,20183400
2019-01-28,40.3729133605957,40.437744894390256,39.870481339038584,40.33239519764294,19913100
2019-01-29,40.39723205566406,40.60793149305167,40.29188542830858,40.340505997445476,11927600
2019-01-30,40.59171676635742,40.80241307690353,40.18652893802139,40.3891228521894,16885100
2019-01-31,39.99478530883789,40.41182218148608,39.79035479650088,40.297341593675284,24934700
2019-02-01,39.99478530883789,40.13379967929533,39.8966595363375,40.06838041805369,21123500
2019-02-04,40.1174430847168,40.19103819066855,39.831238508521345,39.94571909125475,17547800
2019-02-05,40.289154052734375,40.33003951946333,39.863938336158675,40.289154052734375,14784900
2019-02-06,40.24827575683594,40.50176756733551,40.125616215434285,40.141971028911954,12145700
2019-02-07,39.31607437133789,40.31369306769128,39.01351499221527,40.141972200207725,24189700
2019-02-08,38.96444320678711,39.28335419486725,38.481987242435856,39.20158014705121,20641200
2019-02-11,38.96444320678711,39.217934956614414,38.74365795672525,39.14433987326046,15995900
2019-02-12,40.10926055908203,40.444526429924515,39.25882899228493,39.25882899228493,22033000
2019-02-13,40.08472442626953,40.64895136523019,39.97841971509333,40.26462422681984,13770900
2019-02-14,39.675865173339844,39.99477620086232,39.27518008788766,39.765815077381845,16456500
2019-02-15,40.24827575683594,40.41181765288919,39.651339102028764,40.141971028911954,19346200
2019-02-19,40.37910842895508,40.57535993876164,39.92118304047058,40.0929038913917,15121700
2019-02-20,40.730735778808594,40.78797607183961,40.31369579316888,40.42000053138163,16742600
2019-02-21,40.52629470825195,40.79614128802317,40.37092556534739,40.68983657751393,16938800
2019-02-22,40.08472442626953,40.68166098703229,40.02748414779647,40.55900146495503,15848200
2019-02-25,40.60807418823242,41.074175476307595,40.272808294715865,40.28098414215496,16564100
2019-02-26,40.55082702636719,41.00057342398869,40.34639656205184,40.46905608838558,16997800
2019-02-27,40.804317474365234,40.910619058274236,40.36274697096158,40.55082260329403,17455000
2019-02-28,40.796142578125,40.99239719455124,40.66530720696127,40.869737669364675,17786600
2019-03-01,40.91062927246094,41.57298519293731,40.77979388167864,41.074174290779254,19051400
2019-03-04,40.976051330566406,41.62205248146553,40.632606456667865,41.12324154518549,16697000
2019-03-05,40.796142578125,40.92697794928872,40.33822033873261,40.9106231379731,14235400
2019-03-06,40.7389030456543,41.06599303924551,40.62442248370578,40.86156257309134,14211000
2019-03-07,40.624427795410156,40.763439033277464,40.305516725609365,40.64895845636044,19047300
2019-03-08,40.72255325317383,40.80432732133113,40.20738754154895,40.28098264320964,17400000
2019-03-11,40.68983459472656,40.967860126029606,40.58353300875852,40.88608919538326,19471500
2019-03-12,40.599891662597656,40.92697853551138,40.50994175875394,40.70619325862991,18299300
2019-03-13,40.82068634033203,40.95152487286095,40.56719448196301,40.779800858597895,21647300
2019-03-14,41.17229461669922,41.532094233355735,40.82885293101221,40.943333492907875,20160700
2019-03-15,41.42579650878906,41.540277090005,40.88610011208403,41.065999950773005,46117300
2019-03-18,42.30075454711914,42.578780124692564,41.56480669073882,41.5729825374197,23843300
2019-03-19,42.0390739440918,42.86497151748929,41.98183367263657,42.86497151748929,19911900
2019-03-20,41.21318435668945,42.16991746728218,41.15594407414261,41.85918227676972,20632400
2019-03-21,40.771610260009766,41.00057137037928,40.207380210368925,40.8697360045451,24132800
2019-03-22,39.504154205322266,40.45271167888204,39.250659241417736,40.27281182582966,27975800
2019-03-25,39.31607437133789,39.9784271800207,39.12799557053764,39.59409685048548,17227600
2019-03-26,40.07655715942383,40.10109094261739,39.58592516662255,39.67587509315395,16989600
2019-03-27,39.88030242919922,40.22374417289481,39.618631637994426,40.01931367230594,16912000
2019-03-28,40.141971588134766,40.2482763175397,39.53685595847795,39.847591180159114,15881600
2019-03-29,39.51232147216797,40.72254949495016,39.08710571507777,40.72254949495016,53590800
2019-04-01,39.91300964355469,39.9866047440893,39.38966497344095,39.602274428035024,42015500
2019-04-02,39.422367095947266,39.97024232216103,39.21793664663906,39.716747442048856,35393600
2019-04-03,39.953895568847656,39.96207141594981,39.316073436580766,39.63498450271421,30366300
2019-04-04,40.20738220214844,40.62442209596486,39.9702452343876,40.027485514815524,19260100
2019-04-05,39.88847351074219,40.403639184094345,39.741283318355855,40.280979650651894,23734900
2019-04-08,39.970245361328125,40.15014204923237,39.724929427377724,39.773990742551,18875200
2019-04-09,39.36513900756836,39.82306447876748,39.26701323494071,39.80670966343586,22903500
2019-04-10,39.07892608642578,39.406012939126136,38.76001507931445,39.31606616020232,30977800
2019-04-11,39.03804016113281,39.46325275271169,38.74365981360812,39.22611580108223,33662700
2019-04-12,38.01588821411133,39.9211784040657,37.66426758723646,39.04621631933831,70271400
2019-04-15,38.24485397338867,38.48199407511923,37.337182157314935,37.508903009177125,34954000
2019-04-16,38.96444320678711,39.14433987326046,38.32661811126586,38.33479707572795,25217100
2019-04-17,38.88268280029297,39.21794871555861,38.36751703607823,39.21794871555861,25144000
2019-04-18,38.90720748901367,39.14434445704641,38.5310530637343,38.79272380866522,22416800
2019-04-22,38.645538330078125,38.84179297235232,38.514702941682565,38.768197871419716,15972600
2019-04-23,38.71913146972656,38.79272656693127,38.39204457498682,38.59647505395974,16434300
2019-04-24,38.825439453125,38.99716032123815,38.45746393619552,38.4819977168987,17831800
2019-04-25,38.84996795654297,39.21794345303323,38.359336040797054,38.57194237245718,23042800
2019-04-26,39.21794891357422,39.23430372895781,38.760026560281965,38.85815233322144,13035500
2019-04-29,39.471439361572266,39.8966551548592,39.21794443114302,39.226123397581034,16918700
2019-04-30,39.58591842651367,39.70857796351039,39.34060247188183,39.53685398784266,18525100
2019-05-01,39.43872833251953,39.94571505599321,39.24247681604786,39.512323431036805,17542100
2019-05-02,39.4959716796875,39.65134085491297,39.12799615857699,39.53685715550826,16883000
2019-05-03,39.78217315673828,39.88029891495278,39.53685408215962,39.6758684323783,16571300
2019-05-06,39.60226821899414,39.84758414252709,39.152521839290195,39.24247173910322,19279900
2019-05-07,38.571937561035156,39.38148355233184,38.35933125589531,39.29153365114762,23919100
2019-05-08,38.432926177978516,38.686421069356506,38.2775601525695,38.481990610963,19814400
2019-05-09,38.58980178833008,38.66410833357109,37.797197589253706,37.97883651084655,23246900
2019-05-10,38.928306579589844,39.10994234184979,38.06965391421333,38.31734133512521,19983400
2019-05-13,38.251304626464844,38.79621838038269,38.19350783255595,38.21002075231315,23304700
2019-05-14,38.38338088989258,38.74665544937325,37.962309572558986,38.29256146264355,21267600
2019-05-15,37.84674072265625,38.26780909481609,37.55777254073449,37.99535383036371,20123300
2019-05-16,37.896278381347656,38.41642109379509,37.78068796239801,37.97058493305684,20764100
2019-05-17,37.73115158081055,38.16873284876343,37.49171901364067,37.516486813859345,22273500
2019-05-20,37.52473831176758,37.90452588005656,37.400893033209044,37.6650933545854,18854000
2019-05-21,38.251304626464844,38.27607243134193,37.58254554912672,37.665106998395295,18416300
2019-05-22,38.061405181884766,38.234789253451794,37.945817900518215,38.03663737859685,13155000
2019-05-23,37.615562438964844,37.863249877356985,37.21100387496158,37.83848207837276,17643700
2019-05-24,38.11918258666992,38.267795642133876,37.64032074646509,37.7806757713389,13425500
2019-05-28,37.64031982421875,38.18523329773005,37.63206494334673,38.03662024590735,19984600
2019-05-29,37.54950714111328,37.71463313389718,37.26053901587872,37.47520060183634,16058800
2019-05-30,37.194488525390625,37.85498936772341,37.05413347430836,37.722889199256855,13775900
2019-05-31,36.633060455322266,37.03761897555212,36.5092183242843,36.76516061813922,17540500
2019-06-03,36.75691223144531,37.2440322584495,36.49271185912272,36.52573769304226,20172500
2019-06-04,37.71463394165039,37.78068245046873,37.16146232640423,37.28530761102369,21082000
2019-06-05,37.863250732421875,37.896276564824426,37.40089852733638,37.87150561576415,13705400
2019-06-06,37.91278839111328,38.13570804766545,37.52474586261155,37.764178436262064,16020500
2019-06-07,37.6733512878418,38.11093247844428,37.60729963291208,37.89627089895521,14979900
2019-06-10,38.20174789428711,38.647587069423714,38.02836704268373,38.02836704268373,15242700
2019-06-11,38.19350051879883,38.35862653523304,37.78894508552765,37.8467387188521,15078300
2019-06-12,37.07889938354492,38.2017523330911,36.97156701790752,37.9870876018163,22470400
2019-06-13,37.39263153076172,37.67334471621372,37.087147404273914,37.2357604524259,15629400
2019-06-14,37.64031982421875,37.80544578730128,37.0210998247961,37.40914536561268,16147500
2019-06-17,37.37613296508789,37.99535318687626,37.26880057811317,37.63207845725317,13420400
2019-06-18,38.061405181884766,38.30083777872531,37.20275545622588,37.359623459578025,18611100
2019-06-19,37.68986129760742,38.59804943630225,37.6733483851473,38.375129842364565,17787600
2019-06-20,37.863250732421875,37.970583112971795,37.35136292824929,37.85499269956288,19205200
2019-06-21,38.713645935058594,38.713645935058594,37.80545757910758,37.84673829537503,39186200
2019-06-24,38.20174789428711,38.548509597493855,38.16872207031049,38.432922363091606,21854400
2019-06-25,38.09441375732422,38.41640765222888,37.5082195820098,38.08615887647456,20814000
2019-06-26,37.81371307373047,38.21001362543352,37.79720015705324,38.152219991821624,17106800
2019-06-27,38.218265533447266,38.41641420278391,38.06965245668662,38.160471909097716,13391600
2019-06-28,39.06866455078125,39.38240365380065,38.639338185995925,38.647596218703015,31030900
2019-07-01,39.37413787841797,39.72915762661043,39.13470851877798,39.5310089738383,15089100
2019-07-02,38.994354248046875,39.46496128248857,38.738408800563214,39.23378678122356,12107200
2019-07-03,39.349365234375,39.45669757861551,38.78793887152324,39.05213914233399,10438400
2019-07-05,39.440189361572266,39.78695107720932,39.35762479867104,39.71264454535623,10801600
2019-07-08,39.24203872680664,39.621829428411544,39.06040298205591,39.134709516118164,13189300
2019-07-09,39.489723205566406,39.53925878765243,38.97783242756274,39.05213895020742,12595000
2019-07-10,38.928306579589844,39.473220165402545,38.837487123701656,39.35762976276167,12784900
2019-07-11,38.920047760009766,39.28332557621213,38.85399925221066,38.97784138540262,19751400
2019-07-12,39.10169219970703,39.15122780018491,38.73841433211287,38.90354034924505,12792600
2019-07-15,38.565032958984375,39.17599827003407,38.342113311014224,39.13471755363592,21338400
2019-07-16,37.40088653564453,38.779684675963665,37.33483804153302,38.57327801390215,37548300
2019-07-17,37.32659149169922,37.77243077476073,37.26879786050792,37.318336608464755,24502100
2019-07-18,37.830223083496094,37.99534908806313,37.31007727144075,37.334848219311574,19409100
2019-07-19,38.00360107421875,38.31734014402998,37.863246028220985,37.94580744945304,21847900
2019-07-22,38.37513732910156,38.432930959229154,37.78894299522649,37.88801733979999,17972100
2019-07-23,38.969600677490234,39.29159475023181,38.52376127699381,38.540274197328955,21150200
2019-07-24,40.001617431640625,40.01813034489804,39.03563247793695,39.052145391194365,29357200
2019-07-25,39.704402923583984,40.24106173835946,39.638351251204256,40.0594227888323,20562000
2019-07-26,40.703407287597656,40.71166532068153,39.68788653494076,39.753938201544536,21641500
2019-07-29,39.861263275146484,40.926322666595055,39.77870185002559,40.769454699058755,19148600
2019-07-30,40.08417892456055,40.11720475113812,39.539265384095344,39.638339714311876,14207000
2019-07-31,39.96860122680664,40.43920834462609,39.7209137673517,39.844755922320715,23422800
2019-08-01,38.85400390625,40.158492799322154,38.7631844413208,39.96859898606873,22668600
2019-08-02,39.1677360534668,39.30809425364873,38.284315588935634,38.89528083472701,20159000
2019-08-05,38.09441375732422,38.63932722935882,37.854981268979195,38.39163986016414,27113500
2019-08-06,38.746673583984375,38.829235020389035,37.830227152114816,38.48247320806916,19446100
2019-08-07,37.821956634521484,38.10266981158782,37.343091682666596,38.036618170153105,27830000
2019-08-08,38.740386962890625,38.940766484592,38.03070126234598,38.14758984750096,20671300
2019-08-09,38.656890869140625,38.95746332133291,38.19768437161348,38.42311371075769,19786100
2019-08-12,37.930511474609375,38.33127370270313,37.84702053812216,37.99730358680413,17364400
2019-08-13,38.37301254272461,38.757075880186136,37.78856653334105,38.08079113052009,16649100
2019-08-14,36.71152114868164,37.654980710089916,36.686471323042504,37.58818860665974,28786700
2019-08-15,36.21891784667969,37.15402961024576,36.18552020173722,36.98704457050813,27900000
2019-08-16,37.06218338012695,37.18742294164673,36.427644124696805,36.519486045148064,21196600
2019-08-19,37.78022003173828,37.96390388865353,37.513045249847714,37.680030284772975,15378100
2019-08-20,37.3043098449707,37.60488223130029,37.262564387974756,37.60488223130029,13345800
2019-08-21,37.57148361206055,37.80526071312165,37.41284960562253,37.53808597334492,13513700
2019-08-22,38.089141845703125,38.264477891335986,37.621587550614855,37.84701687930731,14703900
2019-08-23,37.08723068237305,38.11418746128127,36.81170810106124,37.738471954970265,21152500
2019-08-26,37.554786682128906,37.57148550232685,37.14567673468917,37.329357386918026,15973100
2019-08-27,37.362754821777344,37.84701104993105,37.0955800700285,37.76351694940061,15038200
2019-08-28,37.96390914916992,38.222732963442425,37.14568586813011,37.27092227294662,14740000
2019-08-29,38.56504440307617,38.81552354046693,38.22272652494661,38.40641037637329,16196600
2019-08-30,38.88231658935547,39.15784237321244,38.74872919914517,38.8572699489956,15250600
2019-09-03,38.48155975341797,38.69029027861877,37.972256762332016,38.66524363478669,17224200
2019-09-04,38.823875427246094,38.99086047468084,38.64019155657039,38.85727307372802,17123100
2019-09-05,39.75898361206055,40.2181900619434,39.49180883449326,39.50015983784044,19243400
2019-09-06,39.366573333740234,39.884224078788165,39.32482468601528,39.72559004634717,18846100
2019-09-09,40.4185791015625,40.610610804113705,39.14949711581206,39.508513876878474,27651400
2019-09-10,40.335079193115234,40.852729892894445,40.134696530472816,40.134696530472816,25822400
2019-09-11,40.785945892333984,40.894486663996496,39.90093044870579,40.318391525126714,19190000
2019-09-12,40.618953704833984,40.977970394272496,40.25993701539547,40.510412960707946,24305900
2019-09-13,40.84438705444336,41.21175481189159,40.62730871274896,40.91953016983277,25142400
2019-09-16,40.89448165893555,40.911180482145646,40.41022852574197,40.460321810397424,17759700
2019-09-17,40.71079635620117,40.79429046931397,40.33508399460518,40.66070307330824,18346100
2019-09-18,40.85273361206055,41.086510752280745,40.435272613110385,40.602257649685384,20511700
2019-09-19,40.836029052734375,41.16999907896396,40.80263141311657,40.90282433196998,16887500
2019-09-20,40.602256774902344,41.161652972655425,40.585557953107156,40.969621299472664,30229400
2019-09-23,40.87778091430664,40.98632166758304,40.33508351787408,40.34343133659932,20603400
2019-09-24,40.618953704833984,41.09485895642002,40.46866750065161,40.89447628918537,21629300
2019-09-25,41.12825393676758,41.36203424901153,40.61895422164116,40.68574632158623,21313100
2019-09-26,40.80263137817383,41.220092318116194,40.760885921174435,41.1199025843228,19984000
2019-09-27,42.33889389038086,42.92333992785582,41.95483053445933,42.080070108552064,59467400
2019-09-30,42.11346435546875,42.45578224662338,41.79619628999105,42.38899014309242,26897100
2019-10-01,40.961280822753906,42.39734471981222,40.91118434838931,42.28880713615167,27249300
2019-10-02,40.46868133544922,40.94458674973033,40.38518720181843,40.67741189206288,23515900
2019-10-03,40.47700881958008,40.50205545459744,39.508499650896916,40.32672263952804,20212200
2019-10-04,41.086517333984375,41.11991498364432,40.518770029665994,40.62731079857323,15779500
2019-10-07,40.752540588378906,41.15330273296047,40.70244412594081,40.86942914909339,15691900
2019-10-08,39.92597961425781,40.36848736400334,39.69220241589798,40.284996417439245,19734000
2019-10-09,40.201499938964844,40.42692610066332,40.14305564741709,40.21819557799991,13467800
2019-10-10,40.618953704833984,40.96961939127656,40.2098405523432,40.35177893850408,18267800
2019-10-11,41.086517333984375,41.67931128306013,41.03642404446963,41.295247866896275,23024600
2019-10-14,41.136600494384766,41.28688668423839,40.894472390179025,40.98631430453114,16870500
2019-10-15,41.83794403076172,42.78975464896716,40.72749618620548,41.14495720717102,38478400
2019-10-16,41.40378189086914,41.97987692126545,41.286893321076384,41.77949742589919,23728400
2019-10-17,41.42047882080078,41.88803307861292,41.31193807453389,41.72939905328016,20560100
2019-10-18,41.72105407714844,41.929784580740375,41.17835349381951,41.19505231630383,21199500
2019-10-21,42.130157470703125,42.163555110431936,41.89638036254991,41.97987127689771,19409100
2019-10-22,42.263755798339844,42.59772591223609,41.93813668902728,42.11346956558404,18526900
2019-10-23,42.522579193115234,42.55597683867024,42.22200675306974,42.34724633141362,14173700
2019-10-24,42.66452407836914,42.74801821117902,42.29715944893218,42.29715944893218,16695400
2019-10-25,43.05692672729492,43.190514118164984,42.5810214482594,42.647816736181746,17433300
2019-10-28,43.12372589111328,43.45769280581757,43.056930597187474,43.36585086915704,23914800
2019-10-29,43.55787658691406,43.71651379574019,42.998480409404706,42.998480409404706,21063000
2019-10-30,43.44098663330078,43.649717114045025,43.09866877227919,43.31575025583886,16155900
2019-10-31,43.107025146484375,43.44099204630479,42.70626295571501,43.22391372067026,18814700
2019-11-01,43.56622314453125,43.65806505922237,43.34079385891871,43.52447768830096,16359300
2019-11-04,44.01708984375,44.08388194905715,43.61632765698286,43.90020127073143,17559900
2019-11-05,44.501338958740234,44.668323984462084,44.033784708688394,44.033784708688394,25965300
2019-11-06,44.918792724609375,44.95219036139093,44.39279109270866,44.49298400305334,22051100
2019-11-07,45.51727294921875,45.854439220210125,45.33183117862791,45.33183117862791,23452500
2019-11-08,45.601558685302734,45.711138195543285,45.14638844171806,45.37397517123818,14722100
2019-11-11,45.55940628051758,45.63526851132125,45.289674618872304,45.34025051122644,10659400
2019-11-12,45.70271301269531,45.719571647160755,45.19696362509929,45.306543141396794,15187600
2019-11-13,44.918800354003906,45.43297740713694,44.851365821908544,45.35711516625739,16846800
2019-11-14,45.087379455566406,45.146383058170215,44.75864096404566,44.859792753185204,16491400
2019-11-15,45.34868240356445,45.46668961449182,45.03680574390566,45.331823771224066,15225300
2019-11-18,45.51727294921875,45.60999383451417,45.222254873693196,45.38240708391337,14374600
2019-11-19,45.54255294799805,45.79542922373242,45.40768710148558,45.60155655488129,14434100
2019-11-20,45.12953567504883,45.39926741574042,44.885090280217085,45.28968789125447,14994700
2019-11-21,45.14638900756836,45.458265693209825,44.96094725183016,45.38240344908562,16186100
2019-11-22,45.75328826904297,45.81229188525637,45.35712159096098,45.4329838425862,13823400
2019-11-25,45.69429016113281,45.96402192932538,45.550996566042656,45.96402192932538,15561000
2019-11-26,45.35712432861328,45.61842515462817,45.28968978289581,45.60999744414155,18078900
2019-11-27,45.803855895996094,45.854431793089695,45.5256932851643,45.64370371171604,16352900
2019-11-29,45.90501022338867,46.14945560010316,45.57627488975127,45.57627488975127,10508600
2019-12-02,45.19696807861328,45.88815608252435,45.13796445989815,45.778579770885415,20252700
2019-12-03,44.32034683227539,44.716513574744894,43.97474957334837,44.68279629844132,25560700
2019-12-04,44.87666320800781,45.07896040867418,44.28662381106152,44.33719650350009,18867400
2019-12-05,44.868228912353516,45.121102001921805,44.758649394540136,45.019953409185646,13499700
2019-12-06,45.82914733886719,45.86286460734992,45.25596663648354,45.399263419807305,18325700
2019-12-09,45.44983673095703,45.98087246275453,45.44140902144851,45.66056483868318,15070800
2019-12-10,45.2559700012207,45.40769450521787,44.99466918969132,45.08739007718469,15959100
2019-12-11,44.817657470703125,45.50041777442942,44.73336750427296,45.298120568814596,16834200
2019-12-12,45.82072448730469,45.98087670639316,44.758652925689624,44.98623968889285,19119500
2019-12-13,45.34025955200195,45.871292058059666,45.03681056828002,45.55941536499242,19179300
2019-12-16,45.70271301269531,45.98930336769633,45.70271301269531,45.719571647160755,19793500
2019-12-17,45.803855895996094,45.94714944791162,45.508837868255114,45.60998644698697,16723400
2019-12-18,45.239097595214844,45.904999025010866,45.20538354994356,45.904999025010866,18857000
2019-12-19,45.20539093017578,45.373974045874924,45.02837689019116,45.29811180458309,18133300
2019-12-20,44.9525260925293,45.559420918495434,44.73336703736857,45.559420918495434,66318000
2019-12-23,45.35712432861328,45.51727655150809,44.885092154959366,44.960954411163456,17637700
2019-12-24,45.36555480957031,45.550996606162144,45.29812347519094,45.47513434532515,4635500
2019-12-26,45.64371109008789,45.846008280253244,45.47512795464619,45.55941791463911,12517100
2019-12-27,45.44983673095703,45.78700298950117,45.40769175250295,45.76171664551987,9892000
2019-12-30,45.18010711669922,45.736429218414976,45.095817155861276,45.660566967478466,10900500
2019-12-31,45.34868240356445,45.36554103590484,45.062092084688565,45.12109569015225,12566000
2020-01-02,45.306549072265625,45.55099448083012,45.10424864765387,45.390839040171095,16803100
2020-01-03,45.028385162353516,45.19696830902306,44.590073482651206,44.767084339699,15608800
2020-01-06,44.758644104003906,44.84293726753362,44.43833972895721,44.45519836166315,13200300
2020-01-07,44.38776779174805,44.716503120209865,44.22761558993364,44.716503120209865,13278600
2020-01-08,44.52263641357422,44.952523573981765,44.505777778317466,44.53949504883098,16585600
2020-01-09,44.446773529052734,44.84294341329932,44.23604541453108,44.84294341329932,20817400
2020-01-10,44.25290298461914,44.59006924592236,44.2360443500084,44.49734836329118,13777600
2020-01-13,43.924171447753906,44.25290681245921,43.68815697370006,44.25290681245921,25197600
2020-01-14,41.55558776855469,42.769383889585995,41.51344278445358,42.339496691568684,56668300
2020-01-15,40.729522705078125,41.1678374936729,40.442932390052896,41.15940978534361,47148000
2020-01-16,41.5134391784668,41.572442794174336,40.32493272349847,40.84753755496065,37020200
2020-01-17,41.454429626464844,41.65672678979139,40.90653531283252,41.614581815386316,29669200
2020-01-21,41.25212097167969,42.04446047953988,41.13411378083791,41.37855908498434,30858300
2020-01-22,40.93183898925781,41.37858165987509,40.70425219041791,41.328005743869596,20367700
2020-01-23,40.64522933959961,40.83909876941175,40.44292898671236,40.78852287732618,17297900
2020-01-24,40.09734344482422,40.63680687757264,39.76860811645913,40.61994824336729,21239600
2020-01-27,39.701175689697266,39.97090742040733,39.39772990424035,39.524164844316765,18156200
2020-01-28,39.92876434326172,40.282789266350306,39.852902089418166,40.04677157913924,16673300
2020-01-29,39.84446334838867,40.375498978278124,39.83603242504234,39.970898259487505,16166300
2020-01-30,40.383941650390625,40.417658925359596,39.65060860482531,39.76018492528998,14760200
2020-01-31,39.56631851196289,39.99620576279878,39.406166266518944,39.97091619686594,23080400
2020-02-03,39.71803283691406,40.223782224641354,39.64217058952776,39.81918464373297,15471100
2020-02-04,39.83604431152344,40.32493511692433,39.827616601117526,40.206927878505105,14973300
2020-02-05,40.721107482910156,40.79696974295629,40.27436163354678,40.37551345724582,20141800
2020-02-06,40.87443923950195,41.31743063837981,40.76369057734182,41.26631512128375,18259200
2020-02-07,40.75517654418945,40.891481352039065,40.448489914087084,40.66146637946229,13174600
2020-02-10,40.69554138183594,40.7722130355708,40.39737239519466,40.61034885004008,18124800
2020-02-11,40.88296127319336,41.18112700694431,40.84036338286085,40.959632926124,13686100
2020-02-12,40.71257400512695,41.30890864247487,40.68701462440019,41.078893714508006,16668100
2020-02-13,40.993709564208984,41.044825086335806,40.50812347817462,40.56775662910775,12530000
2020-02-14,41.07890319824219,41.16409248763251,40.678506388628875,41.01074916691946,15526400
2020-02-18,40.031063079833984,40.99371448898136,39.63918386264263,40.865930542957486,22423800
2020-02-19,40.116241455078125,40.337735517739915,40.02253130364958,40.25254624358442,15602500
2020-02-20,40.32923126220703,40.388864423840964,39.766973416970224,40.0395830843721,15965500
2020-02-21,40.63591766357422,40.763701616274645,40.12477210348185,40.44849729989733,21729100
2020-02-24,39.51992416381836,39.99699275824118,39.40917545890943,39.681788405553846,23075900
2020-02-25,38.43799591064453,39.75844949544134,38.3016910873706,39.43472757126784,31110100
2020-02-26,37.60312271118164,38.88950233075492,37.59460508280109,38.74467665018286,27372600
2020-02-27,36.180450439453125,37.7564753083522,36.146373418022186,36.90456927116056,41180000
2020-02-28,34.800350189208984,35.66929448417185,33.86325512098614,35.19222932206394,71703000
2020-03-02,36.00154495239258,36.01858346180682,33.61620888037631,34.9111063479882,44231200
2020-03-03,34.52774429321289,36.54676356962098,34.10179135300641,35.83116250008357,45091000
2020-03-04,35.26890563964844,35.29446177678202,34.04215906102637,34.936659608096214,33881500
2020-03-05,33.13913345336914,34.08474606265216,32.858003008890826,34.07622843543875,45037900
2020-03-06,31.597187042236328,32.09981160679748,30.949740047939276,31.52051538832826,56766500
2020-03-09,27.669906616210938,29.3737186239808,27.448412485096796,28.726271490924194,53277200
2020-03-10,29.884864807128906,29.884864807128903,27.49952534607863,29.50150644733414,40078700
2020-03-11,27.5421142578125,29.19481023092235,27.269501430006354,29.00738992735641,44769500
2020-03-12,23.171844482421875,26.28982039753564,23.10369206555694,25.395318098191396,68447600
2020-03-13,26.315372467041016,27.056531307553566,23.657426995639305,25.684962302351103,78365700
2020-03-16,22.57550621032715,24.901208912966638,22.405124381428664,22.43920139716098,57466700
2020-03-17,25.24197006225586,26.08535829840981,22.055842322488285,23.53815833244123,58112800
2020-03-18,23.955595016479492,24.611561335345428,22.916268761481717,23.597794467606445,51904100
2020-03-19,24.100418090820312,24.798980651444406,22.39660633324681,23.563716477251013,53123500
2020-03-20,22.57550621032715,24.49229447346813,22.30289658399481,24.432661320818127,73915800
2020-03-23,21.510622024536133,22.89071017234528,21.391355729312636,22.371047100503347,47064100
2020-03-24,24.63711929321289,24.850095773401492,22.43068282846843,22.96738284359581,48630300
2020-03-25,24.679710388183594,25.812745034761598,23.657424405301946,24.705268147086144,53341100
2020-03-26,26.323888778686523,26.741322423855934,24.773420489519765,24.986396938578526,45494700
2020-03-27,25.79570770263672,26.65613273873398,24.773420112749733,25.574212003998493,38942800
2020-03-30,25.489023208618164,25.966090031740553,24.6115595943182,25.863862239226485,41232800
2020-03-31,24.449697494506836,25.34419794862334,23.989667575328255,25.054549842077133,36920300
2020-04-01,22.63513946533203,23.31666515912624,22.31993519279051,23.018497769646373,48497400
2020-04-02,23.18887710571289,23.45296909429427,22.473276047722262,22.549947705712793,33113500
2020-04-03,22.345489501953125,23.308143998538448,22.072879896687645,23.001457380174074,32735800
2020-04-06,24.390066146850586,24.560447983403293,23.34222223923181,23.350741493547606,36056100
2020-04-07,24.509328842163086,26.221659596373904,24.45821332719708,26.1961018388909,39229900
2020-04-08,25.79570770263672,25.966087884363663,24.432658124414512,24.994915811387955,42213700
2020-04-09,28.283273696899414,28.88812604536997,26.49427116112228,26.511309667387156,62462000
2020-04-13,26.775402069091797,28.31735288184742,26.758363561519783,28.300314374275406,36068900
2020-04-14,25.71051788330078,27.686939123853286,25.182335560451765,27.354696374329095,64267100
2020-04-15,24.22820281982422,24.798979804104093,24.04078249297081,24.509331685222875,41883900
2020-04-16,22.907743453979492,24.091893466439718,22.711805535508926,24.091893466439718,52962100
2020-04-17,24.177091598510742,24.51785529888772,23.68298618282222,23.9811536082112,46985000
2020-04-20,23.580753326416016,24.6115585873106,22.933304709085935,23.282585964833803,45441600
2020-04-21,22.865150451660156,23.214431679042406,22.575502366775183,22.91626434167478,41918700
2020-04-22,22.831079483032227,23.495566728576513,22.745890185426447,23.42741431556287,28043300
2020-04-23,22.601064682006836,23.180359343717438,22.507354510681157,22.95886523402663,38331500
2020-04-24,22.933303833007812,23.248509688897823,22.464756300478662,22.831074423700382,35135900
2020-04-27,24.202646255493164,24.34747032209111,23.137763890767552,23.316664972979854,39606100
2020-04-28,24.594524383544922,25.489024940797933,24.355990143332715,25.21641530905917,35188000
2020-04-29,25.557172775268555,25.949048644546323,25.259005434580832,25.642363676162375,38515200
2020-04-30,24.747865676879883,25.224934149480525,24.36450899786476,24.97788065921788,29506100
2020-05-01,23.504085540771484,24.304877597265502,23.239995148426207,24.27931983353596,35197600
2020-05-04,23.299625396728516,23.384816306976298,22.660696007192346,22.967381009250314,34343900
2020-05-05,22.422163009643555,23.682983350638715,22.362529856673472,23.44445073875839,56753400
2020-05-06,21.817310333251953,22.703291612711116,21.63840925165636,22.541429038863964,57732900
2020-05-07,21.93030548095703,22.686523654530024,21.852075957556483,22.243223574559224,52387000
2020-05-08,22.104150772094727,22.408376533378846,21.93030700624751,22.286685234126985,53725300
2020-05-11,21.53915786743164,21.93030379649361,21.382698832648142,21.82599887856913,51444200
2020-05-12,20.89594078063965,21.96507541524706,20.86117136590594,21.695617424751642,53560500
2020-05-13,19.58342742919922,20.817713607452337,19.122742579309254,20.817713607452337,90209900
2020-05-14,20.913326263427734,21.374011114869568,19.140127353115982,19.23573993896456,87965500
2020-05-15,20.304874420166016,20.713405104493063,20.061493485604828,20.59171546616096,51616700
2020-05-18,22.086767196655273,22.243226262362402,21.15670681483746,21.33924128623104,55684400
2020-05-19,20.817712783813477,21.860770433951462,20.791635720848628,21.73038843492135,48234300
2020-05-20,21.31316566467285,21.50439248865743,21.17409130943005,21.287088601353418,45297100
2020-05-21,21.261014938354492,21.60001018413502,21.13932527252922,21.200170105441856,28376500
2020-05-22,21.008939743041992,21.287088451570447,20.791635857267003,21.243628337574282,30415300
2020-05-26,22.825593948364258,23.04289777309214,21.765151880534976,21.773842574575074,57720300
2020-05-27,24.294574737548828,24.564031087758437,23.32974496828929,24.164191081672744,61963000
2020-05-28,23.660045623779297,24.659644788220188,23.573125398955757,24.6161830179114,51490200
2020-05-29,23.008134841918945,23.529664499650877,22.6778336648304,23.03421190506952,51336900
2020-06-01,23.547042846679688,23.98165050105488,22.921208421222197,23.129819896374695,34201700
2020-06-02,23.816503524780273,24.329340784246053,23.607892011117457,23.972962574501622,39058000
2020-06-03,25.059480667114258,25.372398751024356,24.633565307290436,24.677025415434905,50814000
2020-06-04,26.26768684387207,26.29376390078177,24.894326679998347,25.62446769450303,61839200
2020-06-05,27.528053283691406,29.457710979951575,27.34551717764284,29.457710979951575,107651200
2020-06-08,28.962263107299805,29.0578773524422,28.04958740367621,28.597194152168097,69051300
2020-06-09,28.362499237060547,28.753646827552615,27.38897726622295,28.19734619007857,51480400
2020-06-10,25.824392318725586,28.101739369847984,25.772239851705823,28.07566064949255,82090000
2020-06-11,23.286283493041992,24.711796348983512,23.208053967250375,23.642661707027372,75621300
2020-06-12,24.31195640563965,24.537952629637175,23.77304373586605,24.338033466911387,51301200
2020-06-15,24.52056884765625,24.67702790539834,23.08636358151544,23.3471292303846,48311400
2020-06-16,24.790023803710938,25.772236484074057,24.13811224850891,25.58100969139098,52985600
2020-06-17,23.859968185424805,24.816103991146896,23.773046296387214,24.77264387557667,38660800
2020-06-18,23.946884155273438,24.27718694326025,23.407971523353456,23.555738211053484,33670200
2020-06-19,23.99034881591797,24.38149480733744,23.47751152365723,24.33803469425651,71903000
2020-06-22,23.77303695678711,24.016416161000567,23.373197087456234,23.703499804455195,32808300
2020-06-23,23.668739318847656,24.590109006832055,23.633971558527797,24.14680887194834,47279100
2020-06-24,22.703907012939453,23.494892895543277,22.590908082340732,23.434046424814916,57380900
2020-06-25,23.79042625427246,23.825194008205287,22.503986200821824,22.564831013626872,45102200
2020-06-26,22.025920867919922,22.947288832256728,21.94769134041145,22.68652484582648,81172300
2020-06-29,22.338842391967773,22.512684523523657,21.95638704990923,22.243228141978825,43769200
2020-06-30,22.251916885375977,22.486605465674575,21.87815395924791,21.912921716756788,46610000
2020-07-01,21.808616638183594,22.56483318125711,21.66954229329888,22.364914017722455,37509300
2020-07-02,22.025920867919922,22.747369665467073,21.81730934719632,22.382299089726526,37013300
2020-07-06,22.15630340576172,22.616988228202764,21.713003291615887,22.443144461044664,46983100
2020-07-07,21.261014938354492,21.9216190603582,21.156709984189217,21.904236006595557,36920500
2020-07-08,21.3392391204834,21.53915993853956,20.922016092873644,21.243626546175083,38413400
2020-07-09,20.89594078063965,21.53916003214078,20.609098082777376,21.295779102695644,38118900
2020-07-10,22.138916015625,22.191070134192856,20.991551933481443,21.01762899276537,56483300
2020-07-13,22.086767196655273,22.634373926630225,21.678236481228854,22.443145442811687,51038800
2020-07-14,21.07847785949707,21.200167510426873,20.278799457893047,20.79163678380743,118952600
2020-07-15,22.03461456298828,22.208456678557,21.591314432757848,21.71300407944566,61714300
2020-07-16,22.130224227905273,22.67783088158001,21.5739268788107,21.65215640076423,48676800
2020-07-17,21.686927795410156,22.28668530798696,21.60869826630935,22.15630331211796,39184100
2020-07-20,21.35662078857422,21.62607708165617,21.20885411342024,21.48700275891086,38682200
2020-07-21,22.773448944091797,22.84298612443525,21.478316266112145,21.51308568523245,58395200
2020-07-22,22.825593948364258,22.903823457898024,22.443138752632137,22.71259503108366,41030500
2020-07-23,22.903831481933594,23.04290584585046,22.338841671284182,22.73868005307087,50791000
2020-07-24,22.825593948364258,23.338431107353788,22.77344149464062,23.008128365345307,39357000
2020-07-27,22.15630340576172,22.616988228202764,21.947691879910217,22.616988228202764,34761000
2020-07-28,22.19107437133789,22.33884108636761,22.01723059204511,22.01723059204511,30505200
2020-07-29,22.40837860107422,22.443146362713588,21.730389841186227,22.12153752148645,31442100
2020-07-30,21.42616081237793,21.93899806772509,21.29577882462289,21.895537957772387,51019200
2020-07-31,21.087173461914062,21.43485941661597,20.93071436782385,21.295785034735207,45537900
2020-08-03,21.113245010375977,21.295779467161097,20.774249842508368,21.07847559504721,27863700
2020-08-04,21.052396774291992,21.11324324603266,20.887247038972113,21.03501372597721,28106900
2020-08-05,21.208858489990234,21.5130842554856,21.156706022672957,21.208858489990234,32935400
2020-08-06,21.1564884185791,21.383414651380495,21.05175425865197,21.12157758684321,44670300
2020-08-07,21.88090705871582,22.011825596883227,20.94701937781024,21.06048166696345,46272400
2020-08-10,21.55797576904297,22.238752864774685,21.139034096993132,22.01182661129091,50602600
2020-08-11,22.099103927612305,22.81479344952944,21.994369768888518,22.072921220291075,55000100
2020-08-12,21.985639572143555,22.814791298628425,21.57542610577719,22.67514465701583,42868500
2020-08-13,21.83726692199707,22.02055253259271,21.540517363654132,21.77617171846519,27387800
2020-08-14,22.08165168762207,22.247482744540708,21.505608715925476,21.63652893517267,26743400
2020-08-17,21.35723114013672,21.94200216158541,21.33104843145901,21.84599612190127,36661700
2020-08-18,20.981931686401367,21.339776464363894,20.95574731311648,21.31359209107901,29680700
2020-08-19,21.008115768432617,21.287409109519608,20.807373887616297,20.955748683158713,33667800
2020-08-20,20.728822708129883,20.894653755916423,20.59790416081194,20.720094583012735,36022100
2020-08-21,20.6328125,20.86846685549002,20.52807834070629,20.6328125,27198000
2020-08-24,21.37468910217285,21.392145352503395,20.60663239954511,20.772461783526314,36906700
2020-08-25,21.47942352294922,21.72380435258222,21.208856654827613,21.592885813176032,35077300
2020-08-26,20.981931686401367,21.4532387524927,20.981931686401367,21.39214354621415,28348200
2020-08-27,21.461971282958984,21.627802351701874,20.92083911034949,20.938295362789763,36706600
2020-08-28,21.549245834350586,21.619069163041612,21.252496271233866,21.60161291468899,25797300
2020-08-31,21.077938079833984,21.39214390565397,21.025570997103834,21.374687656504072,27615500
2020-09-01,20.990657806396484,21.243768416562148,20.72009261237623,20.964475098254855,30508800
2020-09-02,21.444517135620117,21.5230686145925,20.885930320456524,20.95575367235197,40334000
2020-09-03,21.4008731842041,22.13401904083697,21.20885776264048,21.645254026601968,42349300
2020-09-04,21.63652992248535,21.985646638729282,21.16522110701618,21.819815574243485,48745000
2020-09-08,20.920833587646484,21.427053121743082,20.720091731734946,21.19140043488665,49082900
2020-09-09,20.807369232177734,21.008111068080098,20.68517883897095,20.9557439945228,49427900
2020-09-10,20.903383255004883,21.53179332226795,20.82483178850703,20.97320659581189,54211700
2020-09-11,21.18267250061035,21.226311455862003,20.69390754525078,20.877194819690477,34861100
2020-09-14,21.653980255126953,21.793626914186383,21.14776069985664,21.27867923463492,49787100
2020-09-15,21.715078353881836,21.85472669626872,21.43578499854749,21.784901692715422,41954800
2020-09-16,22.439495086669922,22.692605718752198,21.601615059196803,21.70635089499076,51768200
2020-09-17,21.915821075439453,22.195114420142588,21.732533777528243,22.020555247343307,51531300
2020-09-18,21.933277130126953,22.16893152977521,21.732535233264993,21.767447736051295,115153200
2020-09-21,20.981931686401367,21.400871670642445,20.702636698854462,21.339776464363894,56188400
2020-09-22,20.641542434692383,21.261225979628676,20.53680826621162,20.92956389509387,39839500
2020-09-23,19.925853729248047,21.060483371489305,19.925853729248047,20.75500731261489,45697700
2020-09-24,20.3535213470459,20.702638022908168,19.69019883054778,20.03931550641005,43329100
2020-09-25,20.6328125,20.693907703707907,20.082954001909407,20.178961701861514,30229900
2020-09-28,20.789920806884766,21.182678168111003,20.737553713627893,20.9382956250458,41103500
2020-09-29,20.3011531829834,20.702636922709072,20.135322146491713,20.702636922709072,38416300
2020-09-30,20.519351959228516,20.833557793232124,20.29242570852809,20.388433416633543,43071500
2020-10-01,20.562992095947266,20.781190234339334,20.213875407463888,20.57172022124931,38879800
2020-10-02,20.938289642333984,21.02556921597024,20.14404868521094,20.205143887340498,26238600
2020-10-05,21.339778900146484,21.470697452075296,21.139035344821288,21.139035344821288,22607500
2020-10-06,21.104124069213867,21.819813691954838,20.981933645249217,21.540520343052965,30991300
2020-10-07,21.653980255126953,21.75871608178127,21.28740735891607,21.313591731759523,34647300
2020-10-08,22.08165168762207,22.107836064415455,21.531793092718864,21.71507873611335,26483400
2020-10-09,22.08165168762207,22.264938995736298,21.828542704164956,22.16020315328249,28211300
2020-10-12,22.41330909729004,22.46567617516612,21.950728526013037,21.9943691448426,25855600
2020-10-13,21.59288787841797,22.256210428201314,21.55797704143974,22.186387089525155,29939600
2020-10-14,20.292423248291016,21.322318544021748,20.274967000802842,21.182671893555145,75388100
2020-10-15,20.030590057373047,20.15278048391363,19.856030878269607,20.126596107632203,60328600
2020-10-16,19.9520320892334,20.274964301168865,19.733834018842725,20.08295059852397,43141200
2020-10-19,19.672746658325195,19.99567899883835,19.64656228015393,19.978222746724175,37423600
2020-10-20,19.908397674560547,20.187691025260122,19.803663500408046,19.838574336885653,34751200
2020-10-21,19.812393188476562,20.03059134401168,19.725113593318554,19.917127370890324,29528300
2020-10-22,20.292423248291016,20.35351844978023,19.733836646424606,19.77747560042565,32238300
2020-10-23,20.318607330322266,20.589172503660347,20.178960681843296,20.58044438004049,24558300
2020-10-26,19.812393188476562,20.09168656120634,19.725113593318554,20.04804593126743,34034100
2020-10-27,19.044330596923828,19.73383741716196,19.044330596923828,19.73383741716196,49636500
2020-10-28,18.485746383666992,18.747583481480426,18.154084284068997,18.529385345062675,54835900
2020-10-29,18.450830459594727,18.660300431926473,18.1191700862493,18.3722790118804,46184000
2020-10-30,18.721399307250977,18.730125767072312,18.1889953632945,18.41592160719858,34592400
2020-11-02,19.114154815673828,19.183978146888215,18.49447295923607,18.93959731999762,38401200
2020-11-03,19.279985427856445,19.637830200555676,19.192705849576743,19.471999168296193,38427000
2020-11-04,19.09670066833496,19.690199881333253,18.477018743699496,18.983238366894565,47203200
2020-11-05,19.578937530517578,19.78936926101985,19.166842267329308,19.193145188415382,38319700
2020-11-06,19.21068572998047,19.789373531841257,19.14931000438358,19.727997806244367,29502900
2020-11-09,21.236093521118164,21.806014808639546,20.429437525515326,21.069502739942905,102118900
2020-11-10,21.209789276123047,21.367613519948137,20.920445386564726,21.358845320584184,49029100
2020-11-11,21.209789276123047,21.516669564409273,21.051965032297957,21.244860401215828,38309200
2020-11-12,20.876602172851562,21.174714230117218,20.65740222911875,20.964282484817257,34505900
2020-11-13,21.104570388793945,21.201018899529657,20.80645833048616,20.96428255810356,30056100
2020-11-16,21.832313537597656,21.946298442127624,21.385145462425935,21.911225649237537,36954800
2020-11-17,21.955068588256836,22.051515432535943,21.499132274410822,21.50790047341128,29490400
2020-11-18,21.97260284423828,22.752955814969607,21.97260284423828,22.05151496119272,44318300
2020-11-19,22.93708610534668,22.989693633046315,21.893693717185474,22.086590772689398,44560000
2020-11-20,22.340862274169922,22.998462235184554,22.323325873842368,22.83187144916234,38469100
2020-11-23,23.059833526611328,23.182586632919897,22.68281102629768,22.752954941747063,40691400
2020-11-24,25.08524513244629,25.190460181650863,23.971708882125697,24.07692393133027,80523400
2020-11-25,25.067707061767578,25.155387378499626,24.550395032647753,24.83973890720944,38875500
2020-11-27,24.953725814819336,25.102781873456102,24.708222898732796,25.067710745027963,20281400
2020-11-30,23.980478286743164,25.04140539341461,23.919102559562255,24.92742213898766,48211000
2020-12-01,24.60300636291504,25.146623072929103,24.58547163474416,24.681918492955194,41924200
2020-12-02,25.313209533691406,25.418424567232048,24.418873386781943,24.541624816700292,35508000
2020-12-03,25.567481994628906,25.856825861286445,25.24306700565437,25.37458664097818,41264600
2020-12-04,25.909435272216797,26.27769128142225,25.72530810379558,25.86559594802975,47168800
2020-12-07,25.725309371948242,25.97958047502107,25.488572995996808,25.795453297523135,31713000
2020-12-08,25.37458610534668,25.690232888988263,24.901113421340014,25.45349821934779,32209500
2020-12-09,25.471033096313477,25.637625523797084,25.085242394848006,25.637625523797084,35276000
2020-12-10,25.85682487487793,25.91820059086343,25.023866101361637,25.181688654311717,31730200
2020-12-11,25.497333526611328,25.769140947413998,25.137845807121884,25.4447260163443,29779100
2020-12-14,25.111543655395508,26.111096481751236,24.99756042668304,25.900664747877073,28378000
2020-12-15,26.067262649536133,26.102335450993525,25.339518742927474,25.54118233421781,38866200
2020-12-16,25.997114181518555,26.225082334112987,25.84805814606692,25.988345982684585,35204800
2020-12-17,25.83928871154785,26.21631288156389,25.812985788666726,26.128632569780162,42870500
2020-12-18,25.43596649169922,25.97081499092022,25.251837634441507,25.839293661866215,53716400
2020-12-21,25.909435272216797,26.207547359305163,25.28690817247304,25.92697167083682,52731600
2020-12-22,25.39212417602539,26.058492297422266,25.38335764874815,25.99711657230308,25655900
2020-12-23,26.610872268676758,26.733623696314364,25.66392862259135,25.67269682061729,38383700
2020-12-24,26.16370964050293,26.637180725754316,26.00588538796476,26.558270271848354,14443700
2020-12-28,26.242616653442383,26.7248558445783,26.225080257163274,26.374136280810106,21658500
2020-12-29,26.111095428466797,26.453046773173135,26.08479083565758,26.43551037796699,19584400
2020-12-30,26.084794998168945,26.33906775214582,25.99711468050923,26.128634320817323,18519300
2020-12-31,26.461820602416992,26.514428126868737,26.01465246366955,26.08479638705956,21081200
2021-01-04,26.04095458984375,26.689786237694374,25.777913647831078,26.58456952641673,31421600
2021-01-05,26.768693923950195,27.136949843946496,26.14616530264955,26.382901609582017,37360000
2021-01-06,28.662582397460938,28.934391521919576,27.873464635516665,27.9699114700497,73507500
2021-01-07,29.311416625976562,29.98655285133308,29.214968115964815,29.442937929579067,50634100
2021-01-08,29.100984573364258,29.504315029114085,28.6450482694879,29.46924223387917,32324700
2021-01-11,29.144824981689453,29.42540063237865,28.338167477413812,28.618743128103013,33739300
2021-01-12,29.758583068847656,30.267128542268562,29.51308020290691,29.811192259288827,59146400
2021-01-13,29.635831832885742,30.039158928105483,29.486777476066774,29.653368229816042,35734800
2021-01-14,30.468791961669922,30.77567054281805,29.819958661166574,29.872567851388688,55856900
2021-01-15,28.092662811279297,29.372789553254197,27.899765809572674,29.004535289696502,91993100
2021-01-19,28.609973907470703,28.96946163510028,28.303092018936745,28.417076911519374,43806800
2021-01-20,28.460918426513672,28.785336734741367,28.32063060353499,28.741494072471035,29949800
2021-01-21,28.057592391967773,28.434616557312893,27.987448477882367,28.3381680483094,28240600
2021-01-22,27.969911575317383,28.1102010733133,27.312311765526083,27.47890418560146,24476100
2021-01-25,28.268028259277344,28.364473431923297,27.724411623676136,27.95237810996122,28515500
2021-01-26,27.51397705078125,28.522296488603576,27.496442325737146,28.487227038515364,28026500
2021-01-27,26.453052520751953,27.20710095482485,26.23385255013663,27.11065243259793,45074900
2021-01-28,27.01420021057129,27.22463195285821,26.57580032938283,26.768697347417962,28770200
2021-01-29,26.19877815246582,27.34738713246006,26.146170630991897,26.97913113741667,39500800
2021-02-01,26.295225143432617,26.49688869102007,26.023417680494617,26.42674477566953,23713400
2021-02-02,26.961591720581055,27.347384070372893,26.63717508436371,26.70731899592925,25302900
2021-02-03,27.794553756713867,27.85592947387221,26.83884186060093,26.93528869940852,28507800
2021-02-04,28.72690773010254,28.894025704499825,27.970472999642528,28.032044633934444,30825400
2021-02-05,28.63895034790039,29.193079933249578,28.59496893339989,29.025961966204548,24908100
2021-02-08,29.377788543701172,29.527314592561446,27.06450675570687,28.83244995826763,29223800
2021-02-09,29.2546443939209,29.3865819020263,28.946794682088576,29.210666342989168,23539800
2021-02-10,29.201875686645508,29.632865336516012,29.10512194944297,29.448155486571512,22687000
2021-02-11,28.779678344726562,29.32501358824811,28.471825260487158,29.20187369667651,22393200
2021-02-12,29.49212646484375,29.57128828943696,28.718103463609925,28.718103463609925,34473100
2021-02-16,30.60039520263672,30.7235350858972,29.905530598169516,29.96710053979976,36468200
2021-02-17,32.18362808227539,32.940062618450895,29.931916364742502,30.204585642178593,80157700
2021-02-18,32.50907897949219,32.860910189417126,31.823011810980745,32.0516997487142,43334700
2021-02-19,33.2743034362793,33.29189197280832,32.57064118394795,32.65860064314451,39023000
2021-02-22,32.772945404052734,33.35346445773771,32.632213613926396,33.133570825958394,34690000
2021-02-23,32.66740036010742,33.22153330188533,32.19242926715493,33.0632096042345,36792500
2021-02-24,33.67890930175781,33.72288735685983,32.66739725785884,32.755356723373396,42764300
2021-02-25,33.036827087402344,34.02194981631321,32.808135785407096,34.02194981631321,37233100
2021-02-26,31.8142147064209,32.904888790804335,31.6031186612571,32.63221943088069,39468000
2021-03-01,32.6234130859375,32.91367087943651,32.31556340263402,32.64100497574197,28066100
2021-03-02,32.66740036010742,32.940069696130706,32.535466182272295,32.67619798514961,19701200
2021-03-03,33.15116882324219,34.004357345342385,32.85211329474498,32.85211329474498,35365100
2021-03-04,32.68498611450195,33.42382877963256,31.981327232308576,33.089589552349366,42932500
2021-03-05,32.9224739074707,33.529379106476966,31.963737565228364,33.30948548078203,34558300
2021-03-08,34.013145446777344,34.19785864801684,33.221530383377335,33.53817775086156,38255200
2021-03-09,33.53818130493164,34.127494691624676,32.96645645802,33.573361739805335,35854100
2021-03-10,34.81356430053711,34.91911231311674,33.67011463556626,34.0219458179128,38437200
2021-03-11,34.19785690307617,34.82235398191043,33.960371389580665,34.49691236207306,30598700
2021-03-12,35.15660095214844,35.2005790149847,34.672832195016206,34.74319977980312,28754000
2021-03-15,34.919105529785156,35.385278903822005,34.45292880043814,35.24454712928389,25892200
2021-03-16,34.61125183105469,34.73439506741213,34.05712236634169,34.628843721962895,24668300
2021-03-17,35.0422477722168,35.569991123436075,34.488114904719275,34.901515988204295,33537000
2021-03-18,35.89543914794922,36.53752817673137,35.31492007019339,35.31492007019339,57420600
2021-03-19,34.857540130615234,35.24455172220118,34.496914701659286,35.130206091953504,60291800
2021-03-22,34.27701950073242,34.576074966358526,33.96916641109089,34.54968544962268,32206000
2021-03-23,33.63492965698242,34.347382839770056,33.467808358058605,33.86361754589083,32494400
2021-03-24,33.52938461303711,34.32100313767126,33.52059034290162,33.740484004709884,24201700
2021-03-25,34.56727981567383,34.62005549761123,33.23032607105592,33.39744738620234,28773000
2021-03-26,34.97187805175781,35.38527910981835,34.45292900100678,35.095021291091946,29156100
2021-03-29,33.81083679199219,34.61124931594609,33.335869193225705,33.93398001940113,38426900
2021-03-30,34.64643478393555,35.25334326216265,33.837227953379454,33.898797892430025,36134200
2021-03-31,34.3649787902832,34.85754176612127,34.23304126032152,34.54089437846186,25832800
2021-04-01,34.857540130615234,34.87513202413877,34.233039654116865,34.26822344116394,22706900
2021-04-05,34.7255973815918,35.473237644944895,34.58486560989041,35.20936263710845,21293400
2021-04-06,35.05104064941406,35.09502205636182,34.53209158734701,34.67282336577315,20969600
2021-04-07,35.17417907714844,35.26213516838489,34.85753178020153,35.042241584983955,19393200
2021-04-08,35.20936965942383,35.35889908404131,34.59367013250117,35.06863785965425,20845000
2021-04-09,35.62277603149414,35.87785350464868,35.402882352287385,35.48204421101427,28363600
2021-04-12,35.86024856567383,35.9657965538192,35.53480697829472,35.587579294712384,21093000
2021-04-13,34.998268127441406,35.63155944904633,34.91910629282701,35.62276518089372,29333200
2021-04-14,36.9333381652832,37.10045612790955,34.356184372242645,34.91911156773219,64926900
2021-04-15,37.15322494506836,37.17081348078026,36.088937347751276,37.030081707914135,44146300
2021-04-16,38.560546875,38.815624289645605,37.452284462345006,37.53144294760347,57060200
2021-04-19,38.595733642578125,39.053112828387874,38.15594635106615,38.35824810252437,39124200
2021-04-20,37.41709899902344,38.173533584923966,37.249977701253115,38.173533584923966,29734000
2021-04-21,38.03280258178711,38.13835058153826,36.73982700242144,37.15322808813654,27258000
2021-04-22,37.557830810546875,38.27908161271637,37.54023891838294,38.050390369895595,24638300
2021-04-23,38.57814025878906,38.85960384606464,37.496263966077834,37.56662818524141,28024200
2021-04-26,38.824424743652344,39.29939586273468,38.69249055855905,38.8156304734372,24606600
2021-04-27,39.660011291503906,39.77435690720384,38.87719058351012,39.04430851775604,29130200
2021-04-28,39.65122604370117,40.17017185577834,39.51928850670162,39.712795999551375,20795100
2021-04-29,40.67152786254883,40.80346202924856,40.03823312539632,40.12618923652947,26880700
2021-04-30,39.62483596801758,40.47802442329103,39.457717998095426,40.28451693315209,34176500
2021-05-03,40.003047943115234,40.1525773531972,39.6424225315546,39.97666178175801,16522700
2021-05-04,40.23173904418945,40.31969515192941,39.29059124375767,39.80954033216845,26137600
2021-05-05,40.40765380859375,40.63634507164023,39.99425604976621,40.398859539389186,19620200
2021-05-06,41.10404586791992,41.156933329723714,40.28425658365024,40.64566881071088,34271500
2021-05-07,41.024696350097656,41.095214060993925,40.15201655967597,40.48698493366539,25140400
2021-05-10,41.07758712768555,41.73870711383476,41.06877367409415,41.28914700281055,28193100
2021-05-11,40.301883697509766,41.32441601796741,40.11676750782223,40.56633107368089,31478500
2021-05-12,40.231353759765625,41.57122398213828,40.09031496597009,41.28033294108564,33392900
2021-05-13,40.90129852294922,41.24508043965631,39.94047050215288,40.09913959642242,23553400
2021-05-14,41.39491653442383,41.52714184883715,40.962986784248585,41.0775784699354,17078500
2021-05-17,42.223533630371094,42.29405135117337,41.253888908954664,41.359667171473255,25212800
2021-05-18,41.3067741394043,42.42627096788269,41.280330418005796,42.22352792435777,24126000
2021-05-19,40.698551177978516,40.83077654119856,39.993357086943185,40.49580808697028,28911100
2021-05-20,40.310691833496094,40.70736452672314,39.905205686033064,40.61039971697537,26107000
2021-05-21,40.44290542602539,40.81313092363471,40.35475409614502,40.52223994160302,27312700
2021-05-24,40.76025390625,40.998254151183964,40.33713413993787,40.54869402309393,25707400
2021-05-25,40.62802505493164,41.447814067183444,40.583951063842505,40.89247236409642,29415300
2021-05-26,40.90129852294922,41.07759452757694,40.19610105391537,40.64566460855598,26170600
2021-05-27,41.2186279296875,41.765156232597654,40.82195860879602,41.42137436108887,42572900
2021-05-28,41.18336486816406,41.32440365075518,40.79550569406612,41.297956567211344,15760100
2021-06-01,41.65937042236328,41.79159575779377,41.24507087243235,41.571222440496264,17878600
2021-06-02,41.26270294189453,41.83567157429245,41.05995988464941,41.76515385824768,18492600
2021-06-03,40.95418167114258,41.430188903878005,40.85721686121902,41.15692474524165,20206400
2021-06-04,41.39491653442383,41.5183250344739,40.9982439538133,41.48306786490918,18190300
2021-06-07,41.527156829833984,41.58886110211895,41.23626237823576,41.51834001229005,16644300
2021-06-08,41.08640670776367,41.4390020398507,40.81314255122617,41.20100178794138,21271700
2021-06-09,40.47817611694336,40.8484051008558,40.222545581471316,40.76025710415931,22617500
2021-06-10,39.74652862548828,41.12165923159793,39.6760075552433,40.96299018617644,21640000
2021-06-11,40.26662063598633,40.275434090834935,39.8258739156823,39.8258739156823,19389300
2021-06-14,39.79942321777344,40.44291291319663,39.5261590884992,40.204909322402294,25452300
2021-06-15,40.07267761230469,40.30186771334965,39.66719157215375,39.84349087388922,23865400
2021-06-16,40.16965103149414,40.513432894333455,39.067784362070604,39.62312610499653,38287700
2021-06-17,37.71909713745117,40.513429137958376,37.60450207291983,40.36357689887347,48910400
2021-06-18,36.802337646484375,37.295975002708346,36.555520649687075,36.74063339728505,61292200
2021-06-21,38.151031494140625,38.17747858149415,37.225464139894704,37.28716840600241,26444700
2021-06-22,38.380218505859375,38.671109541871765,37.78080280195685,38.26562343706418,26455200
2021-06-23,38.75043487548828,39.05895947015594,38.34494886691514,38.34494886691514,18778500
2021-06-24,39.82586669921875,40.03742320355741,38.970817140722474,39.01489113224053,27951000
2021-06-25,40.8836555480957,41.12165911555631,39.86112357083701,40.16964484571389,49074700
2021-06-28,40.36357879638672,40.61039584301423,39.74653281718788,40.54869158135735,27127500
2021-06-29,39.482086181640625,40.883660679745496,39.31460030057374,40.58395281969067,39534000
2021-06-30,39.92283630371094,40.01098429735756,39.18238172413593,39.332233985861265,18168100
2021-07-01,40.02860641479492,40.231349448987764,39.640750614073355,40.0903106703045,18658000
2021-07-02,39.72890853881836,40.028616438902944,39.52616545385387,39.93165162378285,13218500
2021-07-06,38.336151123046875,39.5085356477795,38.16866521763463,39.42920110380282,25486900
2021-07-07,38.256813049316406,38.759263993933416,38.00999262270029,38.15103142535366,21884000
2021-07-08,37.3047981262207,37.86013987562569,36.99627680023474,37.533988279207634,29148700
2021-07-09,38.70636749267578,38.88266681073661,37.77198346079423,38.06287783998908,25055900
2021-07-12,38.92674255371094,39.00607708228179,37.86894996030951,38.1510275368659,17618900
2021-07-13,38.10696029663086,38.90030572287974,37.913030667407675,38.60059782436689,25387800
2021-07-14,39.62312316894531,39.78179222659543,37.47227743752369,38.43310523656942,49618000
2021-07-15,39.667198181152344,40.01098002736819,39.111856465079796,39.3057860655626,33388100
2021-07-16,39.03252029418945,40.134386864035626,38.88266805475273,40.02860861486677,27838200
2021-07-19,37.94828796386719,38.16866130089618,37.27835449885635,37.64858009100254,43362200
2021-07-20,39.52615737915039,39.79942149660705,37.78961460435881,37.904209668147715,34556200
2021-07-21,40.37239456176758,40.68091925035016,39.85231335328348,39.922834435004155,29654600
2021-07-22,39.69363784790039,40.5046133430818,39.49089481476246,40.407648552748505,23309500
2021-07-23,39.305789947509766,40.116762243022514,39.155934324346525,39.75535009173873,23946500
2021-07-26,39.67601013183594,39.87875654064191,39.20000632728911,39.20000632728911,22976700
2021-07-27,39.79059600830078,40.002155821289534,39.02369799114621,39.305775500045115,22124500
2021-07-28,40.116756439208984,40.5839501495931,39.649566091454766,40.00216473748468,23252800
2021-07-29,40.98943328857422,41.174546051233435,40.266609142603286,40.4517219052625,24487400
2021-07-30,40.49580383300781,41.297962657789384,40.31069103404983,40.77788143979054,25794000
2021-08-02,40.36357879638672,41.26270236105417,40.16964919539078,40.58395212019845,23960700
2021-08-03,41.28033447265625,41.37729591485117,39.76416486112918,40.53106312068127,24050300
2021-08-04,40.680912017822266,41.40373616379936,40.58394722901052,40.786690258967056,22178000
2021-08-05,41.60165786743164,41.61050968136685,40.734031502081486,40.769445512354125,28092600
2021-08-06,43.17753982543945,43.37231348505385,42.00890462228419,42.05317044203322,33583900
2021-08-09,43.07130432128906,43.682180783778904,42.75258499224539,43.08015613497769,29795200
2021-08-10,43.93893051147461,43.992048152038244,43.106718118473054,43.14213213035952,28708100
2021-08-11,44.8508186340332,44.91279146519102,43.53167541953252,43.93892979505446,29203900
2021-08-12,45.284629821777344,45.373161468859024,44.762284998557405,44.93934829272076,21729900
2021-08-13,44.59407043457031,45.51481443025236,44.425858953101155,45.33774775765722,15843300
2021-08-16,43.74415969848633,44.24879758060494,43.328053474636626,44.20453175147048,22615500
2021-08-17,43.124420166015625,43.70873778589378,42.52239554223018,43.27492801059483,16887000
2021-08-18,42.46929168701172,43.363473722222366,42.40731884186181,42.81456993206599,16319300
2021-08-19,41.83184814453125,42.45157990360721,41.4600111154455,41.920379805570796,20259400
2021-08-20,41.98235321044922,42.008915410932744,41.46886349040905,41.72561003906235,15357400
2021-08-23,42.15056610107422,42.48699248071571,42.00891342184616,42.274511773240484,15551900
2021-08-24,42.8145637512207,42.82341556613563,42.23909784102847,42.27451185522072,15109100
2021-08-25,43.63792037963867,43.93007754936409,42.91194998545281,43.04474747086755,21357400
2021-08-26,43.425437927246094,44.15140829221696,43.28378525547778,43.85039594255104,21627600
2021-08-27,44.09829330444336,44.13370394156649,43.48741337665779,43.57594841263136,16873300
2021-08-30,42.858829498291016,44.09829297451738,42.805708477104304,44.05402376822865,16054100
2021-08-31,40.4595832824707,43.37231990870575,40.02577007924303,42.85882686722263,73514300
2021-09-01,38.467586517333984,40.698618368441075,38.3082268581645,40.45957887968685,84960500
2021-09-02,39.45915603637695,39.733609539718614,38.54726725854793,38.67121291255198,37629000
2021-09-03,39.10502624511719,39.397186779400464,38.79516208202834,39.388334964997675,21687500
2021-09-07,39.22896957397461,39.804431989790906,39.17584856349663,39.23782138708814,19733500
2021-09-08,38.79515838623047,39.4325970350207,38.626946910473386,39.06075669747114,21252400
2021-09-09,39.27323913574219,39.591958474444155,38.74203911215027,38.82171894682576,19776900
2021-09-10,39.24668502807617,40.06118710052385,39.1227359769388,39.83985457510659,23367400
2021-09-13,40.512699127197266,40.55696832880588,39.45030583390875,39.45030583390875,28027200
2021-09-14,40.769447326660156,41.557390515328656,40.51270080665674,40.742888506406715,36053200
2021-09-15,41.29178237915039,41.513114834765275,40.592371008863694,40.610078010584715,31535600
2021-09-16,40.97307205200195,41.849550253673144,40.73403254245527,41.5219790934496,24102400
2021-09-17,41.14128875732422,41.33605907298147,40.49499822212021,40.49499822212021,34912100
2021-09-20,40.556976318359375,40.6100939671282,39.69820497241977,39.86641648896536,30603100
2021-09-21,40.59238052368164,41.04390073024048,40.48614186571852,40.70747437321355,23049100
2021-09-22,41.68134689331055,42.22139547136102,41.14129493799343,41.159001947034426,29430700
2021-09-23,42.31877136230469,42.64634250148137,41.75216072893991,42.01775904117143,21852800
2021-09-24,42.42501449584961,43.00048038089649,42.25680300168591,42.30106882885887,20384700
2021-09-27,42.10630798339844,43.328061299017406,40.86684428020793,42.83227851955471,48927500
2021-09-28,40.654354095458984,41.63707098698374,39.90182490718719,41.61936398078996,49349100
2021-09-29,41.63706970214844,41.743311736032666,40.663208032405024,41.12358004743867,21730200
2021-09-30,41.088172912597656,41.743318722130596,40.83142635364106,41.73446352919191,22947500
2021-10-01,41.62821960449219,41.88496613106698,41.15899575591946,41.21211339778588,18021700
2021-10-04,41.62821960449219,42.221389120441394,41.31835205878484,41.62821960449219,22315200
2021-10-05,42.46042251586914,42.894235666376915,41.92037071968695,42.0531715597292,20250500
2021-10-06,42.3807487487793,42.575522441427815,41.66363356633,42.12400559978441,17425700
2021-10-07,42.28335952758789,43.018185052387345,42.088589223144886,42.72602452982391,19272300
2021-10-08,42.4958381652832,42.796850487377924,42.19482584318848,42.38074432461781,14295400
2021-10-11,41.85840606689453,42.9030958555655,41.805288422320075,42.672911515454786,15387900
2021-10-12,41.30065155029297,42.079739626173705,41.185557688775845,41.86726228812129,18995700
2021-10-13,40.769447326660156,41.229819348894054,40.03462515576458,41.229819348894054,24150300
2021-10-14,40.11430358886719,41.51312323523627,39.68934559336522,41.32720474544152,53257700
2021-10-15,42.83226776123047,43.150987112126614,40.46843482692808,40.47729001848967,60096600
2021-10-18,43.761863708496094,44.00975503648486,42.61978715780605,42.664052983908896,33842700
2021-10-19,44.567508697509766,44.57636051079027,43.629057758289996,43.94777707263881,26500300
2021-10-20,44.40815353393555,44.61177903264839,44.00975435068606,44.43471235373018,24227900
2021-10-21,44.558658599853516,44.797694717552986,44.05401741452746,44.22223226872474,20448300
2021-10-22,44.8508186340332,45.25806963228914,44.70031415186879,44.744579977372084,21517200
2021-10-25,44.81541061401367,45.25807568275773,44.72687895117144,45.054450156407434,19330300
2021-10-26,44.82426071166992,45.24036353245146,44.58522119644679,44.912792364449125,18196300
2021-10-27,44.310760498046875,45.14297275945865,44.22222885959545,44.4966789651542,21988300
2021-10-28,45.47055435180664,45.50596836625355,44.57636906198692,44.60293126145525,26785500
2021-10-29,45.29347610473633,45.71843403791477,45.1695304630508,45.37315592828638,19788500
2021-11-01,45.78041458129883,46.03716109796594,45.39087058782411,45.647617104491225,18699000
2021-11-02,45.41743087768555,45.78927125476682,45.346606229882426,45.62991157562715,21672500
2021-11-03,46.03715515136719,46.54179292803747,45.169532248017134,45.187239251424145,24225700
2021-11-04,44.98843765258789,45.94828743659253,44.357427178088,45.81497383648999,32005700
2021-11-05,44.82847213745117,45.86830962263125,44.79292477486281,45.32617250705859,23443200
2021-11-08,45.210628509521484,45.65500269331161,44.92622930312028,44.92622930312028,19509500
2021-11-09,44.33965301513672,44.935116150787294,43.73530388804619,44.8817900312302,28324800
2021-11-10,44.75735855102539,45.121745166475854,44.15300952194092,44.20633563285022,19827800
2021-11-11,44.96177673339844,45.24617591881149,44.63294081094692,44.81068775910079,16069700
2021-11-12,45.29061508178711,45.3261658294444,44.76625341991267,45.04176662879785,17124700
2021-11-15,45.39726638793945,45.94828940403298,45.308389520630286,45.49502585652079,20110200
2021-11-16,44.76625442504883,45.4861418248961,44.58850407307723,45.42392971025194,19244900
2021-11-17,44.29521179199219,45.050646429207156,44.01969862097104,44.81068400095753,17802700
2021-11-18,44.34854507446289,44.597393533475504,43.78863265137853,44.10858260742673,19198200
2021-11-19,43.388702392578125,43.76197853322694,42.455517126415906,43.54867739709811,30548400
2021-11-22,44.739585876464844,45.42392241799471,44.197448915622644,44.997323675931696,28549400
2021-11-23,45.68165969848633,45.983834227802895,45.05953526868099,45.068421259114395,28024400
2021-11-24,45.60166931152344,45.983831291559696,45.4861311014344,45.779416231284806,18901900
2021-11-26,43.04207992553711,43.63753965207,42.38440469966693,43.63753965207,29919300
2021-11-29,43.690860748291016,44.23299768494615,42.935426145273226,44.144120832040635,27677000
2021-11-30,42.46438980102539,43.11317560906366,42.055566424503546,42.75767834742507,40671700
2021-12-01,41.95780563354492,43.94860327952149,41.93114426994841,43.273152685761055,29365100
2021-12-02,43.46868133544922,43.904169515403396,42.22443229869947,42.419958019124515,29184900
2021-12-03,42.4377326965332,43.779741181170685,42.100007382332755,43.779741181170685,29221900
2021-12-06,43.37980651855469,44.34854231847482,43.29092965278335,43.530892104907316,31650100
2021-12-07,44.659610748291016,44.89957324273054,43.85084977383472,43.957498641261274,28370200
2021-12-08,43.91305923461914,44.71293416761285,43.83307174131977,44.59739592389017,19990300
2021-12-09,44.16190719604492,44.464081790534784,43.317598920249424,43.56644738972127,16927200
2021-12-10,44.615169525146484,44.9706668443261,44.064146476719166,44.69515701526545,20040900
2021-12-13,43.157615661621094,44.40186116074826,43.0420774413853,44.34853843625903,19598900
2021-12-14,43.45090103149414,43.98415201115434,43.193163227506986,43.202052608502676,17602900
2021-12-15,43.49534225463867,43.78863083226744,42.77545827374232,43.566443748720495,20284300
2021-12-16,44.70404052734375,45.16619006791426,43.82418157515258,44.18856825652277,32781100
2021-12-17,42.615478515625,44.197449287888126,42.54437702952958,44.17078792575507,74833400
2021-12-20,41.63785171508789,41.9222508671887,41.104604152475204,41.82449141327712,29134900
2021-12-21,42.491058349609375,42.784343531904554,42.07334555480404,42.29553263454206,21249400
2021-12-22,42.68657684326172,42.94431464629931,42.3221902008072,42.428842430529606,15688000
2021-12-23,42.97986602783203,43.486452260467566,42.855441814946886,43.0154167716008,16025600
2021-12-27,43.34425354003906,43.38869027548338,42.731018454174055,43.14872783571735,11900400
2021-12-28,43.03319549560547,43.71753216400092,42.979872761903266,43.15762311829142,14320500
2021-12-29,43.05985641479492,43.42424308727476,42.98875492245458,43.19316662747442,14390700
2021-12-30,42.748783111572266,43.46867030752557,42.69546039429759,43.09539772538276,13701300
2021-12-31,42.64214324951172,42.979868554558315,42.51771902931185,42.68657998668228,12649300
2022-01-03,45.086204528808594,45.15730602595345,43.4775687541191,43.4864581364152,38978100
2022-01-04,46.8814811706543,47.2369819100614,45.78832097389096,45.841647101893926,43855100
2022-01-05,46.47264862060547,47.2280833064777,46.21491080436928,47.03255759894603,35072600
2022-01-06,47.66357421875,47.69912157556485,46.80148724775516,47.23697542421913,29720800
2022-01-07,48.6767463684082,49.05001903910523,47.81465940469485,47.867985524925494,35149300
2022-01-10,49.19221496582031,49.8232288087322,48.4190049268477,49.325528561297396,34733500
2022-01-11,49.8232307434082,49.885442852965106,49.08556802965395,49.37885659496994,25073700
2022-01-12,50.12541198730469,50.400921826297164,49.55661015356176,50.134297979724444,34159400
2022-01-13,49.76990509033203,50.8186283616742,49.55660400535323,50.30315271732044,34037300
2022-01-14,51.60072708129883,52.32061102840362,50.116515669915536,50.525339070778216,56739600
2022-01-18,50.38314437866211,51.64516883964249,50.223169399237754,51.29855751432505,41689600
2022-01-19,49.38773727416992,51.26299652132963,49.29886381016358,50.75641031782174,34970200
2022-01-20,48.88115310668945,50.10762662483374,48.80116562962993,49.52105292316568,26972800
2022-01-21,47.69912338256836,48.881160341817356,47.21920183948124,48.43678615689174,38357600
2022-01-24,47.388057708740234,47.539146678311944,45.48613694441636,46.86369609135421,48451400
2022-01-25,47.62802505493164,47.75244928368449,45.81497757517477,46.81037479550354,40858700
2022-01-26,48.1168212890625,48.81004371780694,47.48581095570256,47.91240963418414,39687100
2022-01-27,47.779109954833984,49.334419572235305,47.30807441274747,48.52565870679886,34209200
2022-01-28,48.1612663269043,48.18793107974556,46.89924544239768,47.64579410614845,35519700
2022-01-31,47.814659118652344,48.03684619949209,47.13032250282922,47.832434491956214,34657500
2022-02-01,49.41440200805664,49.601041719697456,47.983520154180795,48.63230597856446,35870200
2022-02-02,49.70769500732422,49.81434385901,48.84560803124063,49.1211212375936,29037100
2022-02-03,49.25239562988281,50.25226549053226,48.859591802467165,49.850532368443474,25227400
2022-02-04,50.28797149658203,50.921815142276294,49.52021568662997,50.02907646196512,33622100
2022-02-07,51.18070602416992,51.68063746504272,49.91301543011205,50.35938473404992,37480100
2022-02-08,52.44839859008789,52.65372808228787,51.60029614454685,51.778844565533575,39099600
2022-02-09,52.725154876708984,53.01083102093164,52.08238184944388,52.40376836307643,25883100
2022-02-10,52.716224670410156,53.83214815371913,52.49303997374837,53.16259406373375,36092000
2022-02-11,52.055599212646484,53.77858532138177,51.69850234032267,52.24307353812881,38650500
2022-02-14,51.644935607910156,52.35912933624096,51.04680227679041,52.234143049913406,32680500
2022-02-15,52.11809539794922,52.95726869710006,51.85920031222779,52.778720244687754,18224600
2022-02-16,51.90382385253906,52.564451942888894,51.377107920059274,51.69849437452527,22057200
2022-02-17,50.127281188964844,51.359258187757966,49.779110222668,51.02001992140925,24946500
2022-02-18,49.663055419921875,50.63614075061266,49.43094144809036,50.127279958056995,22137900
2022-02-22,49.3505973815918,50.10049807345589,48.83281067357007,49.60949243836671,26887800
2022-02-23,48.16326141357422,50.01123055199774,47.99363885332853,49.859463177332046,21860700
2022-02-24,47.05626678466797,47.16339790506521,45.24400790038953,46.2081641452641,40917600
2022-02-25,48.30609130859375,48.60069330693057,47.39549743145908,47.46691475615097,27493500
2022-02-28,47.645469665527344,47.67225414577175,46.60989277498949,46.984844848656266,31094800
2022-03-01,44.89583969116211,47.0651954709303,44.64587048566963,46.81522626543782,54135500
2022-03-02,46.618812561035156,47.154454379267605,45.52967033769786,45.81534642815885,34894300
2022-03-03,45.74393081665039,46.92234558519271,45.476106492004426,46.73486787683498,24159700
2022-03-04,43.55671691894531,44.69049534460094,43.012145830466174,44.67264016401651,35871600
2022-03-07,40.896366119384766,43.36925303218924,40.860655749651606,43.36925303218924,56332500
2022-03-08,41.47663497924805,43.030001658180375,41.378433187320525,41.67303856310309,60018100
2022-03-09,43.88703155517578,44.41374749078509,43.16391202833083,43.55671921080211,34560200
2022-03-10,43.75312423706055,44.25305915845721,42.71754743279663,43.083570180712464,26178800
2022-03-11,43.27104949951172,44.63693873503477,43.23533913119693,44.342333304730026,23707100
2022-03-14,44.51195526123047,44.97617982658257,44.0120203280371,44.33340682755226,28166600
2022-03-15,44.73513412475586,45.19935862963816,44.03879907019624,44.779770375979076,25080600
2022-03-16,46.0653190612793,46.61881954935576,45.288637286756696,45.57431342004152,34672800
2022-03-17,45.95819091796875,45.96712021265707,44.842267468895514,45.547531906036546,29930300
2022-03-18,45.90462112426758,46.01175221745861,44.67264420232089,45.395760350957474,60963400
2022-03-21,45.654659271240234,46.243866711840425,45.181508822046645,46.11888383133858,23411500
2022-03-22,47.6633186340332,48.386438206809586,46.69023331509959,46.788435116955036,28625600
2022-03-23,45.63679504394531,47.359780767779554,45.61893986376501,47.10088576345624,27988700
2022-03-24,45.82427215576172,46.261712145322214,45.44932018775393,46.16351035833143,19677800
2022-03-25,46.92235565185547,46.949136727854544,45.895704601863535,45.94927015939017,19130900
2022-03-28,46.25278854370117,46.52060944521125,45.33326546096228,46.449188721860544,24115400
2022-03-29,46.0653190612793,47.58297564781,45.99390173072216,47.36872025061045,20915000
2022-03-30,44.73513412475586,46.13673352743634,44.44945803029408,46.002821368239026,30913800
2022-03-31,43.26211929321289,45.02081573208966,43.23533822030511,44.413753105640666,31238500
2022-04-01,43.48529815673828,44.16378142742007,42.69969060877613,43.967377837665715,29989900
2022-04-04,43.26211929321289,43.440667725496965,42.503292712915695,43.253193404086325,23778300
2022-04-05,42.958580017089844,43.65491843337008,42.64612287265654,42.771105730429866,21757300
2022-04-06,42.75325393676758,42.922876461920566,42.31581389990801,42.57470552343546,26001200
2022-04-07,42.619346618652344,43.119278106213876,41.58376987302479,42.994295234323495,29486500
2022-04-08,43.5031623840332,43.64600045932103,42.78897200759409,42.85146345268699,23659800
2022-04-11,44.0388069152832,44.8065594274621,43.67278073567688,43.69063592045243,27041000
2022-04-12,43.22640609741211,44.5476623665496,42.85145747912316,44.3512587633347,25791900
2022-04-13,43.33354187011719,43.40495920274937,42.36045644861502,42.44080307628138,20645300
2022-04-14,41.37843704223633,42.690764010204546,40.20002224037714,40.96777806094282,65583200
2022-04-18,42.1104850769043,42.47651123261655,41.199894551492356,41.26238599136321,26120900
2022-04-19,42.69969177246094,43.0210748296435,42.25332244214725,42.30688458224714,19753300
2022-04-20,43.431732177734375,44.07450162327439,43.137126819152726,43.2799648521091,25893000
2022-04-21,42.65505599975586,44.181641836661385,42.494362753765806,43.878110528183285,19027600
2022-04-22,41.36952209472656,42.78004783128447,41.298101345772366,42.574718286334274,21676800
2022-04-25,40.914215087890625,41.03919795743894,39.75365208659281,40.85172024758869,30045500
2022-04-26,39.79829406738281,41.065981424530094,39.78043888418705,40.316080757947994,21527400
2022-04-27,39.79829406738281,40.34286182997764,39.405486848132014,39.646526712982826,19520900
2022-04-28,40.325008392333984,40.449994680114614,39.55725591485033,40.20895480482988,17431000
2022-04-29,38.9501953125,40.53034341805419,38.843064203103296,40.20895690092068,27149400
2022-05-02,38.985897064208984,39.3162128323919,38.03959622976022,39.16444548380259,25009300
2022-05-03,39.42333984375,39.851854000086355,38.97697050520866,39.19122928614073,21545300
2022-05-04,41.048126220703125,41.182038391840045,39.44119719469998,39.55725418265012,29468000
2022-05-05,40.177433013916016,40.44672150739147,39.001554078874285,40.39286312386729,29978600
2022-05-06,39.98893737792969,40.28515337754008,39.0643906351683,40.04279576626224,27035300
2022-05-09,39.459346771240234,39.97996765058927,38.80408504057918,39.468324882482065,27132700
2022-05-10,38.669437408447266,40.132554262856274,37.87055343117328,39.84531638811674,25276100
2022-05-11,38.211647033691406,39.95302695619732,38.13983928207385,38.696362197654864,25291600
2022-05-12,37.52946472167969,38.06803494000008,36.730580656561926,37.906463189674774,30171700
2022-05-13,38.27449035644531,38.76818033759565,37.951346827213456,38.10394390452683,21253200
2022-05-16,37.88850784301758,38.30141187755556,37.430723530663855,38.0590576925214,16837400
2022-05-17,39.234928131103516,39.33366677516481,38.561713838843765,38.58864473895273,23340500
2022-05-18,37.79875183105469,38.87589574884116,37.60127447595244,38.85794295072767,27351300
2022-05-19,37.70000076293945,37.97826390602477,37.31402429072062,37.43071572803317,25211900
2022-05-20,37.40379333496094,38.40912938268276,36.569010564127474,38.15779365867941,35410400
2022-05-23,39.33367156982422,39.78248115270596,38.35526654217621,38.35526654217621,27979100
2022-05-24,38.857940673828125,39.28879753086723,38.27448675383893,39.216986342621084,23996000
2022-05-25,39.60295486450195,39.90814550418556,38.62454988058791,38.67840826081862,22343900
2022-05-26,40.931434631347656,41.07505356806957,40.16845967203976,40.24027085247349,23502500
2022-05-27,41.19174575805664,41.33536469733721,40.79679453107147,41.02119933770646,19482600
2022-05-31,41.08403396606445,41.5328435963372,40.39286672454694,40.69805741009824,40727400
2022-06-01,40.53647994995117,41.35331322483422,39.8542909148112,41.254574572242,20417900
2022-06-02,40.68907928466797,40.77883983347676,39.95302840302499,40.50057665353678,14633300
2022-06-03,40.231292724609375,40.689080439303034,40.04279351227459,40.24027083423229,12572400
2022-06-06,40.500579833984375,41.191747071353795,40.35696089012487,40.698057165845846,11867200
2022-06-07,40.81474304199219,40.87757610732247,40.06074283388357,40.17743085569967,13281600
2022-06-08,40.06074523925781,40.4556964484973,39.70169619511612,40.28515003581,12364400
2022-06-09,38.301414489746094,40.06075094776467,38.27448700604931,40.01587066688805,20142400
2022-06-10,35.976585388183594,37.19734483457171,35.9227269941967,36.82932103602649,27619300
2022-06-13,34.99817657470703,35.61753263355027,34.80069924109944,34.989198464554455,27553800
2022-06-14,33.59788513183594,35.276431987242525,33.2208833074567,34.800694932429636,36817600
2022-06-15,34.262123107910156,34.70195802108998,33.5081262695656,34.109529488001044,31358100
2022-06-16,33.79536819458008,33.86717595840651,32.79901021841227,33.53505777439921,37991500
2022-06-17,34.54038619995117,34.98022111196281,33.66071980007338,33.95693577790386,59114300
2022-06-21,34.99817657470703,35.850912135330894,34.890459797750665,35.779104374839065,24884700
2022-06-22,34.648101806640625,35.069983951405085,34.387794825542485,34.459602585248476,18631700
2022-06-23,34.019771575927734,34.4326756167946,33.3465571259356,34.163390521626894,23143800
2022-06-24,36.58695602416992,36.89214668028367,34.56731288274975,34.71990992287933,39407700
2022-06-27,36.120201110839844,36.79341556668383,35.815010420558075,36.65877130585671,16996800
2022-06-28,36.06633758544922,37.3050529665567,35.97657704044453,36.7754575330803,18136600
2022-06-29,35.64446258544922,36.38051015825489,35.50084363036875,36.14713064030387,15778700
2022-06-30,35.15974426269531,35.644459477888134,34.36086368069919,35.06998370765028,20425700
2022-07-01,35.832950592041016,35.97657292625673,34.52242760962686,34.75581047858248,15333900
2022-07-05,35.994529724121094,36.012482519604,34.567315012613896,35.007149941580906,19144500
2022-07-06,35.455963134765625,35.931700278568684,34.935342285652425,35.5547018078144,17014100
2022-07-07,36.012481689453125,36.34460326201237,35.66241074597036,36.09326755519111,21060400
2022-07-08,36.06633758544922,36.533099952593275,35.77909973245985,36.17405092428391,14437500
2022-07-11,35.71625900268555,35.91373284415404,35.22256926279744,35.60854226281774,13111600
2022-07-12,35.545719146728516,36.32665032042785,35.01612367883673,35.07896017339776,15127300
2022-07-13,35.06998062133789,35.321312892662185,34.4775521073982,35.07895873053969,14116800
2022-07-14,34.77376937866211,34.78274406405462,33.597886991804266,34.19031552792944,24355300
2022-07-15,36.91907501220703,37.52945628191651,35.2135973308167,35.36619436031665,40328300
2022-07-18,36.97292709350586,38.40911961465745,36.820333500012296,37.63716669096202,17991300
2022-07-19,38.50785827636719,38.660451869937084,37.47559500827762,37.59228644251307,25724200
2022-07-20,38.346290588378906,38.624550329105766,38.02314715153263,38.18471886995577,19111200
2022-07-21,38.84895706176758,38.92974292503133,37.95133788067945,38.13086240172616,17809000
2022-07-22,38.75022888183594,39.07337242226719,38.31937196930972,38.75022888183594,15965400
2022-07-25,39.04643630981445,39.41446005530895,38.78612591262074,39.07336379085325,20297900
2022-07-26,38.50785827636719,39.20800003349007,38.42707242561109,38.69635745341644,15446700
2022-07-27,39.234928131103516,39.46831100327474,38.31935628273286,38.57966663086809,19498400
2022-07-28,38.88486099243164,39.34264867278415,38.33731276745663,39.09131298437963,14527300
2022-07-29,39.37855529785156,39.80941212431843,38.87589071237972,38.87589071237972,17512700
2022-08-01,39.08234786987305,39.63887091593088,38.74125155332,38.99258387912428,13668300
2022-08-02,38.489906311035156,39.08233475458478,38.47195351891002,39.03745448634442,17764000
2022-08-03,39.396514892578125,40.00689635811384,38.82203902481422,38.947705192869286,17359500
2022-08-04,38.65540313720703,39.40555295207696,38.53790854654822,39.3151746193932,15062800
2022-08-05,39.550148010253906,40.038199128945784,38.43847831615217,38.48367091610281,16021000
2022-08-08,39.03498458862305,39.93878143580525,38.98075898432739,39.739948473868886,12879700
2022-08-09,39.224788665771484,39.57726892155254,38.85423205742324,39.062104940378426,10489500
2022-08-10,40.06532287597656,40.39972680237895,39.80322091714488,39.80322091714488,14037600
2022-08-11,40.89680480957031,41.222172206097916,40.57143741304271,40.67085561172738,14038800
2022-08-12,41.52043151855469,41.53850787166179,40.84258379174149,41.14083844644097,10706000
2022-08-15,41.34870529174805,41.41197079451961,40.58951581077799,41.04141422926704,11070300
2022-08-16,41.62888717651367,41.86387285759237,40.987188746133654,41.19506507072187,12234100
2022-08-17,41.70119094848633,41.85483822363326,41.16795060717363,41.32159788232057,13151700
2022-08-18,41.70119094848633,41.75542000695791,41.357747140256514,41.70119094848633,7885900
2022-08-19,40.9871940612793,41.59273986610818,40.70701918762731,41.48428518752393,13142900
2022-08-22,40.13762283325195,40.43587748478687,39.87552088754765,40.30934301437971,12391400
2022-08-23,40.101463317871094,40.63470357133298,40.020121467420594,40.18280516832159,10475100
2022-08-24,40.34550094604492,40.39973001181498,39.78514772393659,40.06532605884687,11706700
2022-08-25,41.02334213256836,41.14083669891785,40.15569790655289,40.48106535323661,11783200
2022-08-26,39.73994827270508,41.32159274726764,39.71283202298315,41.195061740936445,13405200
2022-08-29,39.694759368896484,40.05627951868969,39.38747172359742,39.58630470304319,12504900
2022-08-30,39.89358901977539,40.16472736220922,39.36034878564739,40.002043667206706,14365000
2022-08-31,39.50495910644531,40.30030129216204,39.41458080139831,40.02012303017818,22609100
2022-09-01,39.49592590332031,39.53207860739698,38.682507300153276,39.459773199243635,13173000
2022-09-02,39.20671081542969,40.49010076926717,39.01691084458071,40.03820231548582,13025900
2022-09-06,38.75481033325195,39.65860719351065,38.284835552192064,39.504959934456735,14708700
2022-09-07,39.62245178222656,39.685717282301596,38.18541473477282,38.447516633775784,19475800
2022-09-08,40.87874221801758,40.90585502761615,39.17056625906135,39.42362834254752,18500300
2022-09-09,40.969112396240234,41.40293446554692,40.89680699416679,41.131792655482826,12875500
2022-09-12,41.149871826171875,41.70118848777625,40.9058462490169,41.28544274049516,12127900
2022-09-13,39.06210708618164,40.24607893882272,38.89942335185186,40.08339520449294,21124900
2022-09-14,39.116329193115234,39.41458382855762,38.18541947833132,39.08921638906105,15067800
2022-09-15,39.89358901977539,40.390676555522596,39.179588741454474,39.224781338286014,13173200
2022-09-16,39.712833404541016,39.82129151177916,39.161520207448696,39.49592408548765,21238800
2022-09-19,40.056278228759766,40.318380156533806,39.233823189791764,39.25189954147048,11324100
2022-09-20,39.23382568359375,40.02916796945344,38.944610933774186,39.667647808323096,19503900
2022-09-21,38.203495025634766,39.59534306629444,38.17638222215164,39.45977215345572,19207100
2022-09-22,37.5256462097168,38.42040317442305,37.45334080569009,38.4023302711278,15499000
2022-09-23,36.52243423461914,37.03759821498485,35.88073923419332,36.892990842385906,23316200
2022-09-26,36.160911560058594,36.639926249687036,35.5553693068965,36.2784061195197,21420000
2022-09-27,36.178993225097656,36.685120792126696,35.61864004397721,36.341676962795844,17541400
2022-09-28,36.88395309448242,37.109902321714145,36.06149804526742,36.06149804526742,16033500
2022-09-29,36.60376739501953,36.775487531746165,35.943996198908685,36.29647637033809,14811300
2022-09-30,36.3507080078125,37.18219939995693,36.31455530875114,36.73030100482335,21182200
2022-10-03,37.579872131347656,37.77870508043026,36.730300943382524,37.317770235157944,16827600
2022-10-04,39.351322174072266,39.39651133449154,38.10408134977085,38.10408134977085,18601300
2022-10-05,39.14344024658203,39.3513130947187,38.46559265355376,38.70961820076928,15873400
2022-10-06,38.17637634277344,38.98979135140068,38.149260095754826,38.74576581449921,15634800
2022-10-07,37.769676208496094,38.06792741582341,37.40815604136594,37.98658555060472,17186700
2022-10-10,37.46238327026367,38.0588891034837,37.19124488202033,37.90524183326175,10973700
2022-10-11,36.359745025634766,37.34488368029446,36.20610122379512,37.254505378943044,19135900
2022-10-12,36.612815856933594,37.254514363037444,36.11572818420348,36.36879369489549,16469900
2022-10-13,38.302913665771484,38.565012147047256,35.92592684854617,35.92592684854617,23808700
2022-10-14,39.01691818237305,40.60760296955713,38.98076891953286,39.586311306580825,33954200
2022-10-17,39.73091506958008,40.84258495961598,39.66764955575208,40.363573655572,24507000
2022-10-18,40.37260437011719,40.94199736134972,39.604378412706,40.77027719789738,24810400
2022-10-19,39.423622131347656,40.23704076827364,39.13440738215437,39.9297496662918,17876800
2022-10-20,39.45074462890625,40.155705260686666,39.31517368538895,39.47785743852479,17572700
2022-10-21,40.517215728759766,40.56240488315441,39.378429730830504,39.4416952365253,18632800
2022-10-24,40.85161590576172,41.149867055902185,40.51721205629781,40.62566670655696,16154300
2022-10-25,41.0052604675293,41.21313332093122,40.10146365393246,40.47202020959871,16362200
2022-10-26,41.30351638793945,41.76445126057847,41.0956435279092,41.2673636867921,15010800
2022-10-27,41.25832748413086,42.01751697424608,41.16794573071752,41.5927313524818,14655500
2022-10-28,41.890987396240234,42.01752186574952,41.095648559881035,41.49331797806064,14990400
2022-10-31,41.56562042236328,42.04463167003811,41.55658052275912,41.70118788702199,14000000
2022-11-01,42.43326187133789,42.532680074302846,41.809639851907264,42.098858009492275,22409100
2022-11-02,42.37000274658203,42.975545059116776,42.01752248134995,42.37000274658203,29246700
2022-11-03,41.42399978637695,42.02434745850197,41.30574848840655,42.02434745850197,17140100
2022-11-04,42.51553726196289,42.670170621541686,41.751458175421945,42.142594104836746,27082500
2022-11-07,42.81571578979492,43.497929238924755,42.57921665419341,42.870294114895444,17713300
2022-11-08,42.915767669677734,43.179557661925784,42.49734431847383,42.97944063747327,14842700
2022-11-09,41.815128326416016,42.752033481705716,41.796935555352995,42.5701092409918,18318700
2022-11-10,43.61617660522461,43.76171532244042,42.68836598175502,42.77023172705871,23091900
2022-11-11,43.25232696533203,43.989118654124425,43.05221340300259,43.752616076030584,18076600
2022-11-14,42.6337890625,43.27052227246062,42.6337890625,42.93396462844936,13929900
2022-11-15,42.488250732421875,43.2159443491249,42.06073268443709,43.097696521978506,19076000
2022-11-16,42.03343963623047,42.61559449978794,41.86970814711534,42.45186301067281,14713300
2022-11-17,41.83332824707031,41.99705627478713,41.360326528341524,41.587731000619776,11350900
2022-11-18,42.29722595214844,42.54282316438959,41.81512964844343,42.49734297025228,10515300
2022-11-21,42.606502532958984,42.83390700773568,42.18807913214992,42.18807913214992,11656800
2022-11-22,42.85210418701172,43.11589423764856,42.6701798945064,42.87029696325398,11684900
2022-11-23,43.05221939086914,43.20685277735419,42.74294914798192,42.861196983558564,10878500
2022-11-25,43.15226364135742,43.33418788041035,42.7702258622709,43.079496027686,4913300
2022-11-28,42.73384475708008,43.43425089470404,42.67926643872303,42.861190696663236,12492600
2022-11-29,43.27052307128906,43.34329416858999,42.78842669637957,42.91577264673929,13344900
2022-11-30,43.61617660522461,43.61617660522461,41.96976704741336,43.043116388098774,26417000
2022-12-01,42.6337890625,43.82538973442749,42.260845870509996,43.597985264435614,15980300
2022-12-02,41.787845611572266,42.315425665883616,40.8236528459807,42.197174365793664,29820400
2022-12-05,39.71392059326172,41.73327360526531,39.677535041533304,41.56954209240463,32574600
2022-12-06,39.477413177490234,39.886738403982996,38.80429449118211,39.732105046404214,25961400
2022-12-07,38.613277435302734,39.422836745835134,38.60417931388291,39.19543228917248,24114900
2022-12-08,38.731529235839844,39.013508545078764,38.30400774129479,38.84977705652605,17161400
2022-12-09,38.65876388549805,39.04080176892389,38.49503237262491,38.50413049551631,16023700
2022-12-12,38.9862174987793,39.04989046397767,38.304004183154134,38.74971493954275,18428900
2022-12-13,38.76791763305664,40.09596253116899,38.30401398646587,39.91403823979167,31496000
2022-12-14,38.3676872253418,39.322785424083236,38.15847550332547,38.74063046370435,22044400
2022-12-15,37.630889892578125,37.94016010374155,37.30342690782664,37.67637009158988,16766600
2022-12-16,37.467159271240234,37.70366186346642,37.15788905288689,37.32162054906906,29836200
2022-12-19,38.040218353271484,38.122084098877764,37.394390510109034,37.60360220001024,17454200
2022-12-20,37.27613830566406,38.713336144499934,37.26704365411552,37.55812108250211,25415400
2022-12-21,37.40348815917969,37.876489897262175,37.22156387992996,37.62179798826276,20170800
2022-12-22,37.00325012207031,37.05782843590756,36.40290254952589,37.03053754403077,17382700
2022-12-23,37.27613830566406,37.29433107867781,36.79404196550814,37.01234830183976,10167500
2022-12-27,37.330711364746094,37.42167174708169,36.93957547485394,37.303420474112485,10297400
2022-12-28,37.40348815917969,37.63999076317944,37.16698902509695,37.23975665484663,11889400
2022-12-29,37.59450912475586,37.65818209957344,37.34891187763797,37.43077762667726,11597100
2022-12-30,37.5581169128418,37.68546283988354,37.285232287764295,37.39438544381204,10021500
2023-01-03,38.0129280090332,38.33129284532334,37.703657823815725,37.84919653039357,15944300
2023-01-04,38.79520034790039,39.16814350508434,38.41315906961245,38.44044649309141,18943600
2023-01-05,38.585994720458984,38.77701714168539,38.140283834071234,38.73153693469525,12380700
2023-01-06,38.931640625,39.11356487654864,38.294907479538004,38.74062172233635,15247000
2023-01-09,38.55870819091797,39.231827067814166,38.34949645794255,39.2227289442532,21225600
2023-01-10,38.53141403198242,39.00441574695445,38.22214381334367,38.81339335462107,18348800
2023-01-11,38.87706756591797,38.95893330938296,38.2221416181981,38.54960459205803,18272100
2023-01-12,38.95893096923828,39.6138534077023,38.9316400764448,39.1590445201973,20940400
2023-01-13,40.22329330444336,40.35063921934206,36.803129021857956,37.63997905820304,41649700
2023-01-17,40.13233947753906,40.35974394517911,39.277299928382526,39.87764758415558,25473900
2023-01-18,39.4592170715332,40.578046433911055,39.386445989468214,39.986793536839656,20278000
2023-01-19,39.068092346191406,39.29549683776421,38.676956343092805,39.031706794759636,18565300
2023-01-20,39.95041275024414,39.96860552292548,38.895256224142514,39.18633711712737,23237200
2023-01-23,40.96009063720703,41.09653470254741,39.90493407098053,39.968607042828246,19692000
2023-01-24,40.43251037597656,41.11472370019467,40.35973928916676,40.85093371538373,13697200
2023-01-25,41.24207305908203,41.314840682021845,40.05047243793201,40.06866521114613,17285300
2023-01-26,41.66958999633789,41.751455731887326,41.078337076267914,41.41489466911946,16724600
2023-01-27,41.95158004760742,42.17898454142347,41.669600696022535,41.669600696022535,18161800
2023-01-30,42.10620880126953,42.43367176450665,41.66959267359223,41.76055306563963,19427400
2023-01-31,42.6337890625,42.6428871844531,41.8970008004731,42.133499922501244,22840400
2023-02-01,43.05221939086914,43.479737469333,42.269947395923985,42.44277355786324,21874600
2023-02-02,43.23529815673828,43.54654118263178,42.502962652298045,43.317686119241,19058000
2023-02-03,43.555694580078125,43.97678703193528,42.97897887911234,43.02474919047926,17346900
2023-02-06,43.647239685058594,43.72047149235585,43.16206804905406,43.26276134758137,15948900
2023-02-07,44.05917739868164,44.31549394999433,43.34514723251598,43.42753519430236,21764800
2023-02-08,44.169029235839844,44.49858110078364,43.58316080574033,43.665548771976276,18070500
2023-02-09,43.546539306640625,44.516885990753224,43.47330750537701,44.370418896175,17362100
2023-02-10,43.49161148071289,43.67469621624037,43.00643989980832,43.400070858974594,18929000
2023-02-13,44.05917739868164,44.07748622263985,43.143757153077914,43.33599456656243,16451700
2023-02-14,44.39788055419922,44.70912356786946,43.71131539098995,43.876091309524256,16844400
2023-02-15,43.9127082824707,44.178177487545845,43.66554440846203,43.86693447865169,12854000
2023-02-16,43.22614669799805,43.76624480236708,43.198681715029295,43.574003889790745,12631700
2023-02-17,43.473304748535156,43.54653654515481,43.04305615772335,43.107135289284585,13463800
2023-02-21,42.32903289794922,43.08882987165882,42.08186901723375,43.08882987165882,13652700
2023-02-22,42.11848449707031,42.31987807110973,41.82555029413179,42.06356151655131,13402900
2023-02-23,42.33818817138672,42.51211676835775,41.91709567847712,42.21918255659009,14783600
2023-02-24,42.6768913269043,42.805049603925895,41.83470636816168,41.96286464518329,16040300
2023-02-27,42.8233642578125,43.41838890161743,42.76844126992699,42.969831378926564,15468200
2023-02-28,42.8141975402832,43.0522052244678,42.6036513410294,42.72265343709646,18627200
2023-03-01,42.73181915283203,42.95151806552738,42.338188151197336,42.567043222284894,13382200
2023-03-02,41.92624282836914,42.67688708376401,41.54176803553066,42.53041999715161,19115000
2023-03-03,42.8874397277832,43.00644534475071,42.026945901525146,42.12764269341678,14947200
2023-03-06,42.6860466003418,43.18952703194257,42.576193657698994,42.914901659437696,14236000
2023-03-07,40.6904296875,42.35649421713802,40.388339337155784,42.28325892297541,24056800
2023-03-08,40.13202667236328,40.791130415356456,39.912324260681764,40.51650152774172,14852000
2023-03-09,37.65122604370117,39.84823197565862,37.37660073871277,39.76584403495708,33599800
2023-03-10,37.861785888671875,38.77720623030494,36.369649754035564,37.14775913965455,55435400
2023-03-13,35.16128921508789,37.12028785498531,34.97820447942299,36.43372271528009,78806900
2023-03-14,36.772430419921875,38.081481680053514,36.04009490531531,37.98994105024689,52855100
2023-03-15,35.5640754699707,35.68308108076131,34.85920494741769,35.06059502869663,47324600
2023-03-16,35.97601318359375,36.6717344915678,34.92328204818043,35.36268332540307,40388800
2023-03-17,34.56626510620117,35.48168530330667,34.35571887991302,35.48168530330667,47403800
2023-03-20,34.3099479675293,35.19790666062533,34.28248647955341,34.89581632468718,34283700
2023-03-21,35.22536849975586,35.664769772004576,35.115519054706404,35.335217944805315,34664700
2023-03-22,34.053627014160156,35.435909771657506,34.04447085798942,35.435909771657506,22994400
2023-03-23,33.51354217529297,34.45642409157203,33.421998037951646,34.31911312363772,30239900
2023-03-24,33.165672302246094,33.394527344485205,32.26856095571487,32.95512608243221,35694800
2023-03-27,34.30078887939453,34.502178906925465,33.833922718920114,33.88884917663775,27454600
2023-03-28,34.03532791137695,34.410650104377126,33.75154635391774,34.2001038489918,15270000
2023-03-29,34.758506774902344,34.7951209296425,34.145173413328976,34.41979878016065,20789100
2023-03-30,34.218414306640625,35.24368414021798,34.02617337555297,35.06059936835199,22340400
2023-03-31,34.218414306640625,34.74020363662518,34.15433516029527,34.53881003836744,30287900
2023-04-03,34.52964782714844,34.93243142028235,34.23671366995094,34.34656310588735,21541000
2023-04-04,33.696617126464844,34.602881123392194,33.31213884591176,34.5113405048109,21942700
2023-04-05,33.76985549926758,33.87970496136738,33.20229587102524,33.412842128404634,15486900
2023-04-06,34.69443130493164,34.87751257413018,33.92547810132311,33.97124841862274,23484900
2023-04-10,35.3626823425293,35.43591414067219,34.42895334486424,34.51134130030677,27005800
2023-04-11,36.04009246826172,36.195715718871064,35.43591527305974,35.49084174246026,25116100
2023-04-12,35.87532043457031,36.479497695156894,35.60069504194938,36.08586668531474,20252900
2023-04-13,36.30556869506836,36.323877519981764,35.73800909095807,35.99432565564312,22397800
2023-04-14,36.28725814819336,37.08367278785148,35.811239199187604,36.387954934412996,40963100
2023-04-17,37.806854248046875,37.806854248046875,36.21402502667448,36.461188904208335,31445100
2023-04-18,38.328643798828125,38.50257587629044,37.660387454393955,37.724466590706065,27892300
2023-04-19,38.66735076904297,38.822970526796304,38.25541098079748,38.42018689609567,23310500
2023-04-20,38.14556121826172,38.49342190085703,37.94417113217073,38.32864597184089,19265500
2023-04-21,37.751930236816406,37.89839732778544,36.80904506490551,37.724465256474716,23975300
2023-04-24,37.94416427612305,38.0814751974586,37.56884217052492,37.65123012014649,17327800
2023-04-25,37.12028503417969,37.58715124925013,36.97381795518812,37.25759944850643,20728000
2023-04-26,36.12247848510742,37.02874597523286,35.921088425563475,36.836508580738325,26915600
2023-04-27,36.30556869506836,36.41541815249748,35.99432565564312,36.1865630791569,21695800
2023-04-28,36.38795471191406,36.54357447726476,35.66477188080514,35.930244589751624,20193000
2023-05-01,36.97381591796875,37.69699860841516,36.79073120630441,37.06536001982613,26564300
2023-05-02,35.55491256713867,36.62595227973227,35.07889375308036,36.62595227973227,36239500
2023-05-03,35.38098907470703,36.31471452515511,35.3443714317736,35.72884620642274,25202700
2023-05-04,33.87718200683594,35.1318929729214,33.58195631121205,34.7628590937076,53247000
2023-05-05,35.00273513793945,35.31641293758795,34.43996347093554,34.55989651244191,27039700
2023-05-08,35.408660888671875,35.777691188758084,35.19646767426465,35.45478923626174,22735400
2023-05-09,35.55628204345703,35.676215071417644,34.84589406215302,35.002731184579126,18999100
2023-05-10,35.316410064697266,36.19286297942124,34.96583171430228,36.165186667381704,17941600
2023-05-11,35.36254119873047,35.50092627538023,34.51376461393219,34.836666645483156,18536200
2023-05-12,34.587562561035156,35.547044107522154,34.30156118966503,35.482463720336504,17658600
2023-05-15,35.76847839355469,36.07292840074143,34.55989559079891,34.6890564132035,24405800
2023-05-16,35.41789627075195,35.768478157369785,35.35331585997609,35.68544569789105,21821200
2023-05-17,37.327640533447266,37.46602914353562,35.879188097161595,35.971448343676684,29241600
2023-05-18,37.09699249267578,37.19847699676217,36.50654103548405,37.19847699676217,27213900
2023-05-19,36.93093490600586,37.3276452173792,36.55267664625092,37.20771216091302,19774900
2023-05-22,37.80738067626953,38.03802599775924,36.995508159202615,37.08776839941949,27519400
2023-05-23,38.019569396972656,38.85911812588673,37.8073761489359,37.83505245800264,26116600
2023-05-24,37.70589828491211,38.093384276802695,37.53060909772858,37.72435033398961,21193700
2023-05-25,37.73356628417969,38.093372329927085,37.382984500393874,37.475241197479264,17691800
2023-05-26,38.03802490234375,38.30557431221535,37.60441058423241,37.73357491681637,17399400
2023-05-30,37.80738067626953,38.21331517511884,37.2169292163548,38.04725378146509,14752600
2023-05-31,36.72795486450195,37.3368582498355,36.25743653257245,37.17079337025657,27221100
2023-06-01,36.9586067199707,37.39221752108162,36.608024854064844,37.09699179801402,17079400
2023-06-02,38.0472526550293,38.3332505928135,37.25383220949595,37.47524974072448,16906100
2023-06-05,37.31840896606445,37.97344075098738,37.30918118353435,37.97344075098738,18443900
2023-06-06,38.065704345703125,38.397834189507876,37.14312301040925,37.27228735361993,18825100
2023-06-07,38.81298828125,38.87756867950557,37.81660248004423,38.24098895982877,17781800
2023-06-08,39.08976745605469,39.11744728734746,38.34247887914669,38.471639693952106,17157300
2023-06-09,38.86834716796875,39.182024918571756,38.77608693581022,39.05286411291781,11098900
2023-06-12,38.591575622558594,39.44957295270384,38.204089665019524,38.84989724800584,19433400
2023-06-13,39.34809112548828,39.98467091139363,38.31479760716176,38.45318620031724,18864000
2023-06-14,38.82222366333008,39.66177252437022,38.739191203694524,39.44035145888594,14826100
2023-06-15,39.08054733276367,39.13589996247776,38.3978355715514,38.58235254912514,14188200
2023-06-16,38.91447830200195,39.43112508086294,38.803769534877546,39.28351221824098,36422100
2023-06-20,38.64692687988281,38.87757218570152,38.13950791095528,38.859120138911855,16679600
2023-06-21,38.425514221191406,38.711512184213746,38.31480192643903,38.61002767370833,11686500
2023-06-22,37.88119125366211,38.407062338221074,37.752026909225556,38.33325414140019,11504400
2023-06-23,37.46603012084961,37.585966684763534,37.18002862824522,37.39222192171223,18952000
2023-06-26,37.447574615478516,38.02880181226068,37.32763806263209,37.6228637932015,13618500
2023-06-27,37.742801666259766,37.88119027202853,37.21693059532795,37.47525223876998,11749600
2023-06-28,37.475250244140625,37.77047596932333,37.253832709937726,37.75202392157838,13959600
2023-06-29,39.163578033447266,39.218930660669216,38.16718851103051,38.26867302009538,23956300
2023-06-30,39.375762939453125,39.873957594674664,39.32040680463927,39.624860267063895,20062200
2023-07-03,40.04002380371094,40.224537220456135,39.43112037809542,39.56028117756419,9249100
2023-07-05,40.11383056640625,40.242991372636304,39.458798752314955,39.883185264033145,15722200
2023-07-06,39.56951141357422,39.95699738983842,38.96983567989709,39.8739649320224,14978600
2023-07-07,39.45880126953125,40.06770476586563,39.2927363596793,39.2927363596793,13506500
2023-07-10,39.043636322021484,39.661767559569036,39.00673222916563,39.40344242894606,16675800
2023-07-11,39.431121826171875,39.6064109862643,38.81299059539802,39.07131220382222,15401100
2023-07-12,39.91086959838867,40.45519276220266,39.68022424964323,39.95700148363274,13998300
2023-07-13,40.32602310180664,40.37215145758354,39.947764953447376,40.104605586330365,18034800
2023-07-14,40.18763732910156,41.80215438853053,39.94776425228324,41.28550766254082,30897600
2023-07-17,41.27629089355469,41.63609705474188,40.178416841413885,40.1876446257035,25173900
2023-07-18,42.0697021484375,42.161962381892074,41.147120930100115,41.30396156728886,24183200
2023-07-19,42.6786003112793,42.964601720416326,42.0143443097442,42.37415037711063,18932700
2023-07-20,43.48126220703125,43.582746723755896,42.63248549209044,42.780098374771185,18927200
2023-07-21,42.40184020996094,43.55506695752973,42.39261594450263,43.52739064178608,16215400
2023-07-24,42.82621383666992,43.20447547389379,42.40182736675667,42.411055148788684,12053200
2023-07-25,41.95899963378906,43.029193865597684,41.91287126987901,42.79854852667885,13537400
2023-07-26,42.84467315673828,43.20448281036437,42.54022316596946,42.88157725239761,19520900
2023-07-27,42.2265510559082,43.518162902928374,42.05126185706533,42.95539120579007,19509600
2023-07-28,42.567893981933594,42.65092642676234,42.04202300447417,42.484861537104855,12616400
2023-07-31,42.58635330200195,43.06609600747703,42.30957961175014,42.752418220026726,11696600
2023-08-01,42.17119216918945,42.58635447569337,41.82983805911668,42.44796586706923,12699200
2023-08-02,41.60841369628906,41.672994103371146,41.11022248727988,41.60841369628906,13911700
2023-08-03,41.98033142089844,42.20348069046331,41.38525842597352,41.571218515206695,12145400
2023-08-04,41.701393127441406,42.49172268844891,41.57122211776567,41.9338423724035,10840800
2023-08-07,41.89665222167969,42.26856887689707,41.766477668114995,42.008226863555514,10860300
2023-08-08,41.35737228393555,41.42245779356686,40.334596949534095,40.892473759772294,14520000
2023-08-09,40.65072250366211,41.1435137365744,40.51125154681452,41.115620963962385,11973800
2023-08-10,40.60422897338867,41.27368387726679,40.55773983770685,40.911063653297376,11982200
2023-08-11,40.66001510620117,40.77158973309889,40.33458763321055,40.45545866781082,7316000
2023-08-14,40.6693229675293,40.82738675745661,40.23231723578698,40.47406289887997,10677000
2023-08-15,39.730224609375,40.223015874756264,39.53496809443835,40.10214482087777,13835900
2023-08-16,39.25603103637695,39.73022595252466,39.181645572804065,39.66514044534545,10076700
2023-08-17,39.48847961425781,39.74882163852156,39.29321954916594,39.48847961425781,12686000
2023-08-18,39.5163688659668,39.78601082242436,39.09795954506605,39.14444868141196,10797300
2023-08-21,39.507076263427734,39.86039657120934,39.16304881815931,39.65584364220265,12600400
2023-08-22,38.58657455444336,39.58145703631243,38.52148904978979,39.47917880131568,13634500
2023-08-23,38.6888542175293,38.71674699286927,38.326233950533194,38.6423650763313,11927400
2023-08-24,38.521488189697266,39.21883590703879,38.48429546018451,38.54008455445364,10363300
2023-08-25,38.33552932739258,38.86551332594087,37.907823564861324,38.71674594997808,12534700
2023-08-28,38.93989944458008,39.11655959811309,38.39131907141598,38.502893718547675,10314500
2023-08-29,39.05147933959961,39.39550328350847,38.726051763860774,38.930604719941805,14404800
2023-08-30,38.62376403808594,39.17234435040537,38.558678538903436,39.107258851222866,12536300
2023-08-31,38.391319274902344,38.78183231538014,38.223955529870686,38.7539395401729,21534900
2023-09-01,38.726043701171875,39.04217480045509,38.595869151083875,38.63306187968045,12890300
2023-09-05,38.62376403808594,39.311811757127714,38.40991117693005,38.72604226448521,14337200
2023-09-06,38.1402702331543,38.49359405726603,37.74975368084263,38.31693037176327,18775400
2023-09-07,37.59169006347656,38.14027039259045,37.470815469768404,37.87062843235448,13801000
2023-09-08,38.12167739868164,38.233252046718164,37.49871510467577,37.61028975271229,13921200
2023-09-11,38.42851257324219,38.791132843861206,38.31693437697929,38.47500171490465,15053800
2023-09-12,39.553558349609375,39.953371273800265,38.372715939428545,38.502886929277956,18393900
2023-09-13,39.28392028808594,39.86969334705038,39.163045694069254,39.71162602458336,15274200
2023-09-14,40.02775573730469,40.34388682440395,39.70232824186148,39.804606468113256,20764500
2023-09-15,39.93478012084961,40.26950759378057,39.61864901273637,39.67443456029558,47371800
2023-09-18,40.38108444213867,40.539148231384644,39.76741855720036,39.971975034477836,15849700
2023-09-19,40.185821533203125,40.66931632734175,39.88828682094759,40.49265265345071,15318100
2023-09-20,39.86039733886719,40.65072693568103,39.813908197147356,40.353192172401094,16788100
2023-09-21,39.34900665283203,40.13933264182722,39.321113879329154,39.7488196252114,14990500
2023-09-22,38.33552932739258,39.41409368984626,38.26114741285819,39.35830814066898,16780300
2023-09-25,38.642364501953125,38.69815005180388,37.907824022503014,38.01010225975481,10624000
2023-09-26,37.79624938964844,38.40991526648825,37.526607408958235,38.168166060733554,15219400
2023-09-27,37.991512298583984,38.30764347297488,37.61959201804363,37.777659378686415,11815500
2023-09-28,38.03799819946289,38.30764020248943,37.86133803208052,37.97291268795915,12454600
2023-09-29,37.991512298583984,38.48430365543948,37.731170230342535,38.30764347297488,13124500
2023-10-02,36.829261779785156,37.89852626094232,36.67119443663498,37.84274070786106,15102000
2023-10-03,35.95524597167969,36.69908636128556,35.76928942117206,36.615404494799584,19252900
2023-10-04,36.234188079833984,36.36435908462442,35.69490414925205,35.806478789516156,14343500
2023-10-05,36.541015625,36.652590254264865,35.89015711831684,36.038924472967835,11820600
2023-10-06,36.903648376464844,37.089608519723086,36.03893672517452,36.15981135032659,13976800
2023-10-09,36.91294479370117,37.00592308296438,36.35506441743877,36.36436437450171,12096600
2023-10-10,37.02452087402344,37.54520853584655,36.93154258118462,37.11749916686225,14429700
2023-10-11,36.903648376464844,37.38714333017839,36.49453889881248,37.20118318692014,14835900
2023-10-12,36.95013427734375,37.20117634564697,36.55961769362772,36.903641589908126,14878100
2023-10-13,38.08448028564453,38.71674246327033,37.628881789554406,37.96360924204968,28077900
2023-10-16,38.726043701171875,39.20953498535202,38.493594467784035,38.558679969381124,18419000
2023-10-17,39.03287124633789,39.39549144948921,38.52148368940928,38.52148368940928,16982300
2023-10-18,38.614471435546875,38.99568809487329,38.447107678096806,38.77253878286943,16053200
2023-10-19,38.28904724121094,39.25603713655885,38.270450872427936,38.567985679166576,16120300
2023-10-20,37.44292449951172,38.20535773303324,37.13608979614883,38.16816500288732,17498900
2023-10-23,36.7083854675293,37.545204193881695,36.652596370141104,37.4336259991053,13785800
2023-10-24,36.522422790527344,37.033813946755345,36.4852336084421,36.83855389306199,15097800
2023-10-25,36.28997802734375,36.45734178148276,35.871572188890504,36.327170760906704,13849000
2023-10-26,36.86644744873047,37.173278572564996,36.24348169917349,36.280674425363614,15480300
2023-10-27,36.038936614990234,36.64330619200806,35.908765579175856,36.61541341201776,13582800
2023-10-30,36.661895751953125,36.81066312909619,35.97384441585768,36.35506104146766,14141900
2023-10-31,36.978023529052734,37.015216256699915,36.485232301855675,36.85714893764627,11919200
2023-11-01,36.829261779785156,37.17328569573187,36.522427050261186,37.15468932907336,19850300
2023-11-02,38.00186538696289,38.03001040264952,36.95120998319796,37.279542257103145,19998500
2023-11-03,39.04313659667969,39.26827880129981,38.52719003512959,38.62099719958818,16147500
2023-11-06,38.78047561645508,39.20261503469761,38.60224056364784,39.20261503469761,15148600
2023-11-07,38.49905014038086,38.64914375662251,38.21762505724203,38.63038160727804,13796900
2023-11-08,38.44276428222656,38.63976148559513,37.92681769213616,38.52719216631511,19418700
2023-11-09,37.898681640625,38.81800563211994,37.776729439947864,38.74295702292951,14006500
2023-11-10,38.358333587646484,38.41462003241949,37.86114918361684,38.11443281732455,14706600
2023-11-13,38.24576950073242,38.517815319857455,38.020627269401345,38.21762806375892,12159700
2023-11-14,39.47465896606445,39.75608403872937,38.89304309357447,38.93056739086684,20183800
2023-11-15,40.1876106262207,40.365845705644155,39.46528386458672,39.46528386458672,17268100
2023-11-16,39.89680099487305,40.30017830725811,39.39023721664615,40.16884682480986,16931200
2023-11-17,40.300174713134766,40.328319727231104,39.812369551463796,40.178226106602665,13893800
2023-11-20,40.14070129394531,40.290794912656025,39.87803477731595,40.20636702847411,10369100
2023-11-21,39.96246337890625,40.084415564583665,39.54032752893263,39.9999876788861,16078400
2023-11-22,40.13132095336914,40.178228119708564,39.77485082308724,40.01875162688614,11862200
2023-11-24,40.262657165527344,40.44089583014332,40.084422079426155,40.15008782580632,5287200
2023-11-27,40.35646057128906,40.3658398568409,39.887417566385906,39.99998688557871,15715000
2023-11-28,40.68479537963867,40.75984398942924,40.14070727271576,40.30956306622986,15332900
2023-11-29,41.06940841674805,41.4071199861645,40.92869764850085,40.98498052439393,16746000
2023-11-30,41.829254150390625,41.979347764620776,40.78797813606907,41.097548228332904,23247500
2023-12-01,42.232635498046875,42.43901557953526,41.632260983005445,41.75420959614459,18116100
2023-12-04,42.32644271850586,42.523443514003546,41.76359250469233,41.9418275707466,13424000
2023-12-05,41.735443115234375,42.18572391619103,41.660394525818084,42.166961768836956,14531700
2023-12-06,41.74483108520508,42.44839565405685,41.67916534506007,42.0262561970429,18923800
2023-12-07,42.589107513427734,42.62662823523887,41.885542985641024,42.0168744582656,18787800
2023-12-08,43.24576187133789,43.470904079130435,42.32643804833682,42.55158025612936,20238400
2023-12-11,43.15196228027344,43.358342375434205,42.74858495528537,43.05815509802652,21116900
2023-12-12,43.592857360839844,43.864899579894285,42.9737207468818,43.095669349780174,19787100
2023-12-13,44.8029899597168,44.82175211088654,43.480288719622216,43.621003064138115,26549100
2023-12-14,47.382720947265625,47.420245245049244,45.440883268388355,45.440883268388355,41115400
2023-12-15,47.19511032104492,47.62662904389656,46.82925375669929,46.9981095314698,44099200
2023-12-18,46.58535385131836,47.35458413844552,46.46340166086717,47.28891840016742,20531700
2023-12-19,46.98872756958008,47.2044869187186,46.257021639587336,46.594729591381935,20556400
2023-12-20,46.285160064697266,47.43900533254992,46.23825648376287,46.744823746287594,20481500
2023-12-21,46.38835525512695,46.74482895124605,46.08816800950484,46.54782816376372,11127700
2023-12-22,46.13508224487305,46.77298118369273,46.05065433889647,46.585363217243106,10450400
2023-12-26,46.566593170166016,46.59473460788349,45.994360079814335,46.11631227411415,8856600
2023-12-27,46.27577590942383,46.5009145056188,46.10692017302086,46.35082091531766,12536700
2023-12-28,46.41649627685547,46.57597276258316,46.05064329817586,46.09754688391429,9872600
2023-12-29,46.17259216308594,46.51030368173647,46.16320929950456,46.294540761532225,11733600
